{"type":"FeatureCollection","properties":{"licence":"ODbL 1.0 — © OpenStreetMap contributors","system":"padma","batch":"s4","fetched":"2026-10-05","snapshot":"2026-10-05T13:25:01Z"},"features":[{"type":"Feature","properties":{"osm_id":27282683,"group":"gangaUpper","version":46,"timestamp":"2022-10-10T07:06:44Z","tags":{"name":"Bhagirathi River","name:bn":"ভাগীরথী","name:en":"Bhagirathi River","waterway":"river"},"nodes":[1188283230,4771361654,4771361653,4771361652,4771361662,4771361651,4771361657,4771361656,4771361655,2381164290,2381411987]},"geometry":{"type":"LineString","coordinates":[[79.0818205,30.9257397],[79.0818728,30.9262298],[79.081698,30.926371],[79.0814469,30.9264635],[79.0807265,30.926412],[79.0802726,30.9265093],[79.0797201,30.9271862],[79.0785861,30.9280295],[79.0780295,30.9284098],[79.0763192,30.9295596],[79.074933,30.930521]]}},{"type":"Feature","properties":{"osm_id":229531420,"group":"gangaUpper","version":18,"timestamp":"2022-10-10T07:06:44Z","tags":{"name":"Bhagirathi River","name:bn":"ভাগীরথী","name:en":"Bhagirathi River","waterway":"river"},"nodes":[2381411987,2381411988,2381411989,2381411991,2381411992,2381411993,2381411995,2381411996,2381164288,2381411999,2381412003,2381412006,2381412008,2381412011,2381412010,2381412013,2381164289,2381412018,2381412022,2381412025,299478616,2381412031,2381412032,2381412034,299478793,2381412036,2381412039,2381412042,299478618,2381164285,2381164287,2381412055,2381412056,299488315,2381412062,2381412065,2381164283,2381412067,2381164284,2381412073,299488316,2381412076,2381412080,2381412082,2381164281,2381412088,2381412089,2381412092,2381164282,299478621,2381164280,299488317,2381164279,2381164278,2381412112,299478623,2381412118,2381412120,2381412123,1441341539,2381412127,2381412140,299478798,2381412166,2381412177,2381412179,2381412185,2381412183,299478799,2381164277,299478626,2381412233,2381164276,299478800,2381164273,2381164275,2381164274,2381412290,299478628,2381412297,299478801,2381412322,2381412333,2381412348,2381412361,299478630,2381412415,2381412456,2381412437,2381412435,2381412462,2381412464,2381412458,299478631,299488318,2381164360,2381412374,299478633,2381412419,299488319,2381412516,2381164362,299478635,299478636,299478804,2381412485,299478638,2381412518,4429401219,4429401213,4429401212,4429401215,4429401214,2381412511,4429401209,4429401199,4429401197,4429401193,4429401196,299488320,4429400984,2381412448,4429400987,4429401194,4429401190,4429400980,4429400977,4429400974,4429400982,2381412460,4429400983,2381412450,4429400986,4429400975,2381412410,4429400979,2381412446,4429400988,4429400978,4771300804,299478640,2381412429,3612285504,4771277938,4771277934,4771277936,4771088702,3612285506,4771277932,4771316092,4771316091,3612285507,4771088706,4771277933,4771277935,1468837008,4429401201,4429401206,4771307627,4771307628,4429401205,4429401202,4429401200,4429401204,4429401207,4429401208,4429401210,4429401211,4429401216,4429401217,4429401218,4429401220,4429401221,299478806,4429401222,4429401223,4429401224,3512669324,4429401226,3512669328,4429401225,3512669326,299478807,3512668119,3614709461,3512668139,3512668128,299478808,3512668178,1441341537,299478809,299478810,3614709467,3512663770,3512663785,3512663783,3512663786,3512663775,2381412545,299488321,3512669907,3512669912,299488322,3512669951,3614709487,299488324,3512669623,3512669629,3512669637,3512669644,3512669653,3512669660,3512669658,299488325,1441341547,299478816,3512669681,3512669685,3614709645,3512670394,299488326,299488327,3614709672,299488328,3512668831,3512668836,2381412580,299488329,3512668861,1468837225,299488330,2120532501]},"geometry":{"type":"LineString","coordinates":[[79.074933,30.930521],[79.0736822,30.9308089],[79.0730111,30.9317858],[79.0719332,30.9324749],[79.071618,30.9326755],[79.0716993,30.9333123],[79.0714756,30.9338007],[79.0698384,30.934734],[79.0678012,30.9360173],[79.0666251,30.9361819],[79.0658827,30.9370803],[79.0655805,30.9372049],[79.0650997,30.937403],[79.0646015,30.9380833],[79.0638591,30.9380049],[79.0632388,30.9383712],[79.0623895,30.9387319],[79.0624457,30.9393568],[79.0623033,30.9401243],[79.0610627,30.9408482],[79.0603856,30.9421344],[79.0601477,30.9422293],[79.0596086,30.9424443],[79.0589781,30.9432467],[79.0577675,30.9436604],[79.0572596,30.9436653],[79.0567105,30.9440054],[79.0558258,30.9453311],[79.0545646,30.946188],[79.0536633,30.9476127],[79.050659,30.9491586],[79.049694,30.9499882],[79.0490839,30.9503196],[79.0475443,30.9514187],[79.0468365,30.9516451],[79.0464338,30.9521856],[79.046152,30.9525637],[79.0457587,30.9531277],[79.0458168,30.9536599],[79.0460434,30.9545317],[79.0462056,30.9552512],[79.0454943,30.955395],[79.0451282,30.9560578],[79.0450062,30.9573658],[79.0439435,30.9590854],[79.0429976,30.9598982],[79.042464,30.9603568],[79.0414776,30.9611329],[79.0408862,30.9619648],[79.0389069,30.9627073],[79.0375284,30.964647],[79.0350366,30.9657836],[79.0333754,30.9677384],[79.0336088,30.9692445],[79.0333324,30.9705674],[79.0333048,30.9722539],[79.032346,30.9730697],[79.0316443,30.9731744],[79.0307393,30.9740462],[79.0300882,30.9744267],[79.0293462,30.9750315],[79.0284005,30.9754848],[79.0265882,30.977016],[79.025421,30.9774203],[79.0242618,30.9780306],[79.0224729,30.9784941],[79.0205095,30.979042],[79.0193604,30.9789809],[79.0177544,30.9799298],[79.016582,30.9811918],[79.0162173,30.9826772],[79.0156953,30.9834869],[79.0138985,30.9846093],[79.0104506,30.9846668],[79.006382,30.9868987],[79.0049751,30.9872338],[79.0040111,30.9870551],[79.003183,30.9873329],[79.002513,30.9875576],[79.0011121,30.9881863],[78.998631,30.9892998],[78.9962874,30.9905407],[78.9943451,30.9908022],[78.9937553,30.9914386],[78.9921487,30.9923626],[78.9891232,30.9931931],[78.9871555,30.993962],[78.9853559,30.9943065],[78.9849085,30.9940885],[78.9844,30.9940798],[78.9839017,30.9943675],[78.9833526,30.9944546],[78.9828137,30.9943239],[78.9824553,30.9939648],[78.9808835,30.9926044],[78.9798249,30.9925401],[78.9785835,30.9927287],[78.9769927,30.9928531],[78.9755328,30.9938096],[78.9739333,30.9951291],[78.9734685,30.9956837],[78.972715,30.9960088],[78.9695736,30.9948881],[78.9645017,30.9954633],[78.9628773,30.9952181],[78.9620887,30.9953518],[78.9609158,30.9951253],[78.9589839,30.9960484],[78.958471,30.9960113],[78.9581331,30.9956435],[78.9577039,30.9955837],[78.957264,30.9956895],[78.9570065,30.9956895],[78.9565832,30.9954444],[78.9560248,30.9952434],[78.9557405,30.994825],[78.9553114,30.9947054],[78.9542921,30.9943605],[78.9538308,30.9944571],[78.9529027,30.9942002],[78.9521034,30.9941582],[78.951609,30.9942777],[78.9511164,30.9941996],[78.9508589,30.9943651],[78.9506175,30.9943329],[78.9501186,30.9940616],[78.9491208,30.9936247],[78.9484556,30.9939512],[78.9479353,30.9942501],[78.9468931,30.9939785],[78.9460577,30.9941168],[78.9453163,30.9941448],[78.9447435,30.9941674],[78.9443143,30.9939696],[78.9437499,30.9938505],[78.9432329,30.994053],[78.9429678,30.9941569],[78.9422946,30.9942203],[78.9418708,30.9940501],[78.9418086,30.9940245],[78.94103,30.9937037],[78.9405038,30.9938158],[78.9401449,30.9941054],[78.9401289,30.9942477],[78.9400456,30.9943566],[78.9399304,30.9943792],[78.939755,30.9942865],[78.9391762,30.9944056],[78.9391318,30.9945352],[78.9389146,30.9945246],[78.9388195,30.9945926],[78.9387102,30.9946167],[78.9383176,30.9948287],[78.9379907,30.9948377],[78.9375879,30.994693],[78.9373971,30.9947112],[78.9371421,30.9948341],[78.9364963,30.9950487],[78.9364017,30.9951331],[78.9363438,30.9951068],[78.9363489,30.9950422],[78.9362408,30.9949227],[78.9360555,30.9949018],[78.9355141,30.9949993],[78.9352918,30.9951136],[78.935289,30.9952528],[78.9352981,30.9953644],[78.935084,30.9955684],[78.9343472,30.9957674],[78.9337543,30.9958422],[78.9333475,30.9960093],[78.932671,30.9962787],[78.9324107,30.9963079],[78.9320459,30.9963154],[78.9311822,30.996639],[78.9306619,30.9968781],[78.9304687,30.9970437],[78.9296935,30.9973179],[78.9279904,30.9977472],[78.9273771,30.9975134],[78.9267083,30.9976139],[78.9236481,30.9974006],[78.922288,30.9980625],[78.9197698,30.9984085],[78.9194528,30.9985783],[78.9191381,30.9987469],[78.9180501,30.9986416],[78.915953,30.9991907],[78.9141104,30.9998074],[78.9122591,30.9992959],[78.9103814,30.999484],[78.9080991,31.0002561],[78.9068111,31.0003714],[78.9060366,31.0004408],[78.9042447,31.0008214],[78.9033093,31.0006648],[78.9016861,31.0008302],[78.9011421,31.0005444],[78.9004752,31.0006046],[78.8988871,31.0008829],[78.8965356,31.0014695],[78.8957722,31.0015222],[78.8944912,31.0017854],[78.8938331,31.0024096],[78.8934709,31.0029838],[78.8931926,31.0034249],[78.8924907,31.0038987],[78.8911833,31.0044778],[78.8897268,31.0050795],[78.8884808,31.0055232],[78.887191,31.005997],[78.8865856,31.0065009],[78.8861469,31.0064783],[78.8854343,31.0067403],[78.8844484,31.0077614],[78.8833798,31.0090843],[78.8823476,31.0099452],[78.8811912,31.0107484],[78.8808025,31.0113345],[78.8805052,31.011831],[78.8792518,31.0127153],[78.8760034,31.0143196],[78.8748948,31.0158477],[78.8744534,31.0164404],[78.873547,31.0172094],[78.8726608,31.0178862],[78.8718414,31.0189285],[78.8704829,31.0199021],[78.8685018,31.0226911],[78.8666139,31.0249316],[78.8659477,31.0271252],[78.8651925,31.0289036]]}},{"type":"Feature","properties":{"osm_id":297379872,"group":"gangaUpper","version":9,"timestamp":"2022-10-10T07:06:44Z","tags":{"name":"Bhagirathi River","name:bn":"ভাগীরথী","name:en":"Bhagirathi","waterway":"river"},"nodes":[2120532501,3512670741,3512670742,299488331,2358504265,2358504266,299478823,2358504268,2358504269,3612473860,2358504271,2358504272,2358653856,1468837349,299478824,299478825,299478826,1468837373,299488332,9830887370,9830887366,299478828,2363196942,1468837379,2363200023,299478829,2363196623,299478830,2363196656,2363196666,2363196675,299478832,1468837354,299478833,2358655810,2358655811,2358655815,2358655817,2358655814,2358655812,2358655808,1468837334,2358655800,2358655804,2358655805,2358655801,2358655798,299478834,2358673179,2358673205,2358673213,2358673206,2358673183,2358673185,2358673219,2358673228,2358673233,2358673220,2358673221,2358699956,299488334,2358673250,2358673285,2358673287,2358673258,2358673214,2358673212,2358673226,2358673257,1468837345,2358673284,2358673268,2358673244,2358673231,299488335,2362976231,2362976230,2362976227,299488336,2361533933,299488337,2363208273,2359427324,2359427222,299478839,2359427244,2359427482,1468837287,2359427220,299488338,2360727978]},"geometry":{"type":"LineString","coordinates":[[78.8651925,31.0289036],[78.8635356,31.0296988],[78.8628687,31.0310672],[78.8605334,31.0327557],[78.8583296,31.0339005],[78.8563307,31.0346798],[78.8545975,31.0348231],[78.8534603,31.0357025],[78.8527688,31.0366441],[78.8518981,31.0374378],[78.8515808,31.0377271],[78.8477195,31.0406863],[78.8450946,31.0421686],[78.8443472,31.0425907],[78.8436472,31.0423408],[78.8411511,31.0429178],[78.8377179,31.0446827],[78.8359768,31.0449079],[78.833598,31.0440944],[78.8271723,31.0456855],[78.8260536,31.0459625],[78.824376,31.0463779],[78.8235054,31.0470024],[78.8216504,31.0471472],[78.8199198,31.0465876],[78.8196221,31.0464914],[78.8179431,31.0458024],[78.8164802,31.0457238],[78.8154862,31.0460773],[78.8135909,31.0458144],[78.8107118,31.0449954],[78.8073017,31.0444236],[78.8053437,31.0435577],[78.8030654,31.042422],[78.8021442,31.0418614],[78.8010521,31.0421242],[78.7997178,31.0426266],[78.7986417,31.0428018],[78.7976733,31.0426036],[78.796947,31.0421426],[78.7964251,31.0413774],[78.7958303,31.040666],[78.7955696,31.0405891],[78.7948379,31.0407643],[78.7940955,31.0407874],[78.7923577,31.0406445],[78.7909642,31.0403033],[78.7900452,31.0401477],[78.7894168,31.0403262],[78.7889402,31.0409336],[78.7886651,31.0410069],[78.7876873,31.0409493],[78.7866385,31.04063],[78.7859105,31.0407545],[78.7848517,31.0411692],[78.7842833,31.0414415],[78.7835622,31.0414834],[78.7830244,31.0412582],[78.7824255,31.0413001],[78.7821376,31.0414922],[78.782064,31.0415413],[78.7815332,31.0420175],[78.7804698,31.0425725],[78.7800115,31.042583],[78.7792109,31.0421484],[78.7783247,31.0410174],[78.7778725,31.0410069],[78.7770414,31.0413944],[78.7756113,31.0421379],[78.7746065,31.0425124],[78.773894,31.0425568],[78.7729773,31.0423578],[78.7715962,31.0417452],[78.7702822,31.0414572],[78.7677645,31.0412484],[78.7659592,31.0408669],[78.7637313,31.039358],[78.7622248,31.0380672],[78.7597223,31.0370881],[78.7571365,31.0355483],[78.7564049,31.035741],[78.7551623,31.035829],[78.7544649,31.0357012],[78.7535399,31.0353089],[78.7530555,31.0349839],[78.7522706,31.0346548],[78.751128,31.0347495],[78.7495471,31.0353002],[78.7483214,31.0357299],[78.7471288,31.035913],[78.7468333,31.0359161]]}},{"type":"Feature","properties":{"osm_id":297429226,"group":"gangaUpper","version":14,"timestamp":"2023-03-09T21:12:12Z","tags":{"name":"Bhagirathi River","name:bn":"ভাগীরথী","name:en":"Bhagirathi River","waterway":"river"},"nodes":[2360727978,2359427441,2360757279,2360757288,2359427470,2359427253,2359427444,2359427258,299488339,2365262086,2359427465,2360768534,2360768538,2360768794,299488340,2360768695,2363243772,2360768536,1468837310,299488341,2359444596,2360052879,299488342,299488344,2360107125,299478852,299478854,2360052603,2360052572,2360052532,2360052518,2360052476,3512668821,2360052445,2360052416,2360052380,2360052371,2360720073,299478856,2360052368,2360719996,2360719995,2360052365,2360719994,2360719993,2360052362,2360052357,2360052356,299478858,2360052355,2360052350,2360052353,2360052351,2358653623,2358653621,2360052349,2358653619,2360052348,2358653617,2358653615,2358653613,2360052347,2358653612,2360052346,2360052345,2360052344,2360052343,2358653608,2358653606,299488345,2360052342,2358653571,2358653561,299488346,3301523723,2358653538,3301523717,2358653508,299488347,2358653448,2360758614,2358653435,2363005714,2358653429,2363005713,2358653424,2366237647,2366237644,299488348,2363005712,2358653415,2358653411,2358653400,2358653391,2358653389,3512669001,2358653387,2358653386,3512668995,299488349,3301474994,2358653380,3301523540,3301474993,3301523535,3301523531,2358653376,3301474992,2358653375,3301523524,2358653374,3301523523,3301474991,3301523522,3301474990,3301523521,299488350,3301523520,3301474989,3301523519,299488351,2358653373,2363405722,299488352,3301539397,3301523518,3301539390,299488353,2418429003,3301523517,3301523516,3301523515,3301523514,3301523513,299488354,3301523512,299488355,3301523511,1468836948,3512668899,3512668897,299488357,3512667778,3301523510,3512668711,2363400120,299488358,3301523509,2363400142,3301523508,2363400124,3301523507,299488359,2363400127,2363400071,3512661740,9831086823,2363400130,3301474988,3301474987,3301474986,299488360,3301474985,9831361335,3301474984,3301474983,9831086721,3301523506,299488361,3301523505,3301474982,299488362,3301523496,3301474981,3301474980,3301474979,3301474978,299488363,3301474977,3301474976,3301474975,3301474974,3301474973,3301474972,3301523330,3301474971,3301474970,3301523320,299488364,3301474969,3301474968,3301474967,3301523296,299488365,3512668015,9831086699,3301474966,3301474965,3301523280,3301523275,299488366,3301523266,3301474964,3301523155,3301474963,3301523145,3301523138,299488367,3301523129,3301474962,3301523118,3301523113,299488368,3301523104,9831360417,299488370,3301523094,3301474961,3301474860,3301523073,299488371,3301523062,3301474859,10724428238,3301522955,299488372,3512668008,3301474858,3301474857,3301522934,3301474856,3301474855,3301522914,299488373,3301474854,3301522889,299488374,3301522876,3301474853,3301522864,299488376,3301522653,3301474852,299488377,3301474851,3301474850,3301474849,299488378,3301474848,3301474847,3301474846,3301474845,3301522593,3301474844,3301474843,299488379,3301474842,3301474841,3301474840,3301522348,299488380,7018243400,3301474839,3301474838,3301522328,3301474837,3301474836,3301522316,3301474835,3301522311,3301474834,3301474833,299488381,3301474832,3301522293,3301474831,3301522284,3301474830,3301522277,3301474829,299488382,3301522263,3301474828,3301522254,3301474827,3301474826,3301522246,3301522243,3301474825,3301522236,3301474824,299488383,3301474823,8859468061,299488384,3301474822,3301522194,3301474821,3301474820,3301522179,3301474819,3301474818,299488385,3301474817,3301474816,3301474815,3301522041,3301474814,299488386,3301474813,3301474812,3301522018,3301474811,3301474810,3301474809,9831119429,3301521997,299488388,3301474808,3301521982,3301474807,299488389,3301474806,3301474805,3301521858,3301521854,3301474804,3301521846,299488390,3301474803,3301521830,3301474802,3301521818,3301474801,3301521807,3301474800,3301474799,3301521792,299488391,3301521780,3301474798,3301521768,299488392]},"geometry":{"type":"LineString","coordinates":[[78.7468333,31.0359161],[78.7461686,31.0360172],[78.7450814,31.0361783],[78.7445824,31.0363655],[78.7440781,31.036533],[78.7431549,31.0372592],[78.7414174,31.0375897],[78.7392582,31.0383839],[78.7380179,31.0383545],[78.7362745,31.0384121],[78.7354811,31.0384383],[78.7342665,31.0382564],[78.7336487,31.0385652],[78.732928,31.0397561],[78.7322113,31.0396701],[78.7306457,31.0394915],[78.7297155,31.038547],[78.7287237,31.0382711],[78.7267096,31.0373871],[78.7220181,31.0355637],[78.7191952,31.0342018],[78.7176221,31.0327476],[78.7155859,31.0300062],[78.7143284,31.026861],[78.7131557,31.0220251],[78.7124016,31.0214373],[78.712099,31.0185707],[78.7106939,31.01802],[78.7114041,31.0165538],[78.7122211,31.0161537],[78.7123741,31.0159809],[78.7128337,31.0157825],[78.7129485,31.0157176],[78.713038,31.0152708],[78.7134468,31.0145181],[78.7134833,31.0137486],[78.7137899,31.0129603],[78.7139152,31.0127372],[78.7141299,31.0123547],[78.7140527,31.0105767],[78.7136736,31.009442],[78.713449,31.0092835],[78.7133452,31.0090666],[78.7133566,31.0088986],[78.7135635,31.0087514],[78.7139505,31.0081054],[78.7143374,31.0072983],[78.7143812,31.0068854],[78.7141755,31.0062294],[78.7139998,31.0059768],[78.7137926,31.0058791],[78.7135758,31.0059764],[78.7133951,31.0059278],[78.7133117,31.0057672],[78.7131355,31.0051829],[78.7128067,31.0050562],[78.7126844,31.0049334],[78.712657,31.0047731],[78.7128009,31.0045252],[78.7122981,31.0038511],[78.7121095,31.0035775],[78.7120634,31.0032954],[78.712184,31.0030443],[78.712466,31.0030565],[78.7125125,31.0029326],[78.7122596,31.0026671],[78.7120015,31.0023176],[78.7118249,31.0017174],[78.7114911,31.0009397],[78.7110857,30.9995181],[78.7105769,30.9990126],[78.7101584,30.9984024],[78.709899,30.997442],[78.7087999,30.9967735],[78.7056438,30.9958404],[78.7049934,30.9955641],[78.7045912,30.9949161],[78.7044115,30.9941898],[78.7045883,30.9933486],[78.7037753,30.9925049],[78.702507,30.9920882],[78.7020523,30.9917248],[78.7018212,30.9915658],[78.7017898,30.9913702],[78.7020009,30.9911623],[78.7020209,30.990573],[78.7017898,30.9897855],[78.7016015,30.9893796],[78.7016129,30.9890641],[78.7018098,30.988663],[78.7019382,30.9880199],[78.7013733,30.9869462],[78.7005917,30.9854226],[78.7004433,30.9829965],[78.6994192,30.9809152],[78.6992623,30.9798954],[78.6988686,30.9794331],[78.6984065,30.9787434],[78.698241,30.978105],[78.6976049,30.9771463],[78.6975421,30.9767794],[78.6976848,30.9761899],[78.6977561,30.9758402],[78.697816,30.9751896],[78.69799,30.9748129],[78.6983751,30.9743653],[78.6989421,30.9735356],[78.6989228,30.9730763],[78.6987802,30.9723401],[78.6989941,30.9718484],[78.6994506,30.9715084],[78.6996988,30.9710975],[78.6998186,30.9705227],[78.6998699,30.9698329],[78.6998043,30.9691309],[78.6996902,30.9684265],[78.6995248,30.9676559],[78.6991026,30.9665332],[78.6989599,30.9657406],[78.6987659,30.96475],[78.6984345,30.9642029],[78.6975353,30.9628039],[78.6969122,30.9617243],[78.6967003,30.9611129],[78.6963342,30.9608485],[78.6957783,30.960516],[78.694861,30.9595071],[78.6943385,30.9589075],[78.6942704,30.9581246],[78.6940411,30.9576538],[78.6933602,30.9569102],[78.6926986,30.9561886],[78.692817,30.9549074],[78.6918768,30.9536883],[78.6907909,30.9522997],[78.6901807,30.9503607],[78.6891594,30.9481187],[78.6889475,30.9467855],[78.6884143,30.9457168],[78.6879583,30.9448629],[78.6873224,30.9445214],[78.6862947,30.9429789],[78.686147,30.9417008],[78.6856716,30.9405493],[78.6849009,30.9392822],[78.6837575,30.9384062],[78.6829739,30.9373374],[78.6825114,30.9360813],[78.6829867,30.934737],[78.6824922,30.933602],[78.6824022,30.9319271],[78.682171,30.9309078],[78.6823958,30.9298003],[78.6822095,30.9286598],[78.6817728,30.9277617],[78.6807386,30.9267754],[78.6805363,30.9261255],[78.6804881,30.9259709],[78.6794476,30.9241746],[78.6795054,30.9234253],[78.6789308,30.9226847],[78.6789594,30.9219595],[78.6787455,30.9206605],[78.6791242,30.9199447],[78.6794257,30.9193749],[78.6789889,30.9182743],[78.6791152,30.9176047],[78.6791437,30.9174536],[78.6796303,30.9155987],[78.6799068,30.914332],[78.6799676,30.9133167],[78.6805206,30.9125387],[78.6804117,30.9117832],[78.679708,30.9107772],[78.6792819,30.9087811],[78.6793649,30.9072297],[78.6793041,30.9063614],[78.6782796,30.904942],[78.6783585,30.9044838],[78.6791238,30.9035698],[78.6792012,30.9032529],[78.6786642,30.9021041],[78.678281,30.9014213],[78.6784967,30.9006108],[78.6784691,30.9000557],[78.6786405,30.8992965],[78.6783916,30.8984471],[78.6781256,30.8977956],[78.6780543,30.8970901],[78.6781041,30.8961838],[78.6774922,30.8954561],[78.6762587,30.8946263],[78.6759104,30.8942589],[78.6755979,30.893603],[78.6752145,30.8925235],[78.6747583,30.8920228],[78.6744394,30.8916727],[78.6742753,30.8911113],[78.6743351,30.8903154],[78.6745859,30.8895827],[78.674479,30.8890604],[78.6738599,30.8883677],[78.6733032,30.887207],[78.6727817,30.8863153],[78.6712852,30.8852276],[78.6700075,30.8844282],[78.6682282,30.883441],[78.6668698,30.8825962],[78.6663608,30.8818712],[78.6651015,30.880556],[78.6646743,30.8796221],[78.6647139,30.8788304],[78.6643508,30.8780616],[78.6632328,30.8771902],[78.6628005,30.8766929],[78.6623601,30.8761862],[78.6618024,30.8752023],[78.6606178,30.8733808],[78.6603725,30.8721151],[78.6596214,30.8709133],[78.6588554,30.8703751],[78.6580851,30.8700664],[78.6570163,30.86991],[78.6568064,30.8697119],[78.6566678,30.8695811],[78.6560335,30.8688611],[78.655438,30.868128],[78.6547789,30.8673117],[78.6535999,30.8661937],[78.653672,30.8652843],[78.6535999,30.8647224],[78.6524991,30.8637911],[78.65217,30.8629637],[78.6521761,30.8619873],[78.6524677,30.8602274],[78.6520807,30.8598903],[78.650801,30.8594912],[78.6503839,30.8589564],[78.6490376,30.8584835],[78.6480376,30.8576322],[78.6470684,30.856729],[78.6456101,30.8553741],[78.6447577,30.8550898],[78.6418614,30.8534551],[78.6409129,30.8525924],[78.6399852,30.8516474],[78.6387822,30.8503109],[78.6384308,30.849223],[78.6387586,30.8485761],[78.6386171,30.8480293],[78.6380431,30.8476513],[78.6368716,30.8473408],[78.6357337,30.8473726],[78.6346688,30.8472482],[78.6334866,30.8468014],[78.6332206,30.8465139],[78.6323655,30.8455851],[78.6314303,30.8443308],[78.6301805,30.8431758],[78.629121,30.8427408],[78.6286264,30.8424367],[78.6283164,30.8421354],[78.6282217,30.8420433],[78.6278433,30.8408496],[78.6275866,30.8403324],[78.6271686,30.8398147],[78.6259504,30.8389565],[78.6254879,30.8385793],[78.6253843,30.8383355],[78.625293,30.8380669],[78.6253293,30.8377751],[78.625573,30.837154],[78.6255232,30.836892],[78.6250934,30.8363169],[78.6244812,30.8356654],[78.624087,30.8351422],[78.6238642,30.8346512],[78.6238354,30.8342848],[78.6238398,30.8336578],[78.6238765,30.8330739],[78.623486,30.8323042],[78.6232431,30.831542],[78.6231518,30.8309599],[78.622756,30.8301303],[78.6222344,30.8296481],[78.6215002,30.829228],[78.621051,30.8290218],[78.6206248,30.8287534],[78.6202186,30.8282963],[78.6197236,30.827739],[78.6195346,30.8274118],[78.619372,30.8269733],[78.6193459,30.8253255],[78.6193233,30.8238346],[78.6193174,30.8234458],[78.6191498,30.8220275],[78.6192162,30.8213772],[78.6194077,30.82059],[78.6192279,30.8198091],[78.6191147,30.8193658],[78.6191729,30.8189988],[78.6198648,30.8177699],[78.6201744,30.8165272],[78.6206668,30.8154065],[78.6211857,30.8142923],[78.6216732,30.8136576],[78.6217127,30.813359],[78.6216732,30.8129013],[78.6211337,30.8121426],[78.6207847,30.8114764],[78.6201085,30.8105378],[78.6200037,30.8101167],[78.6200221,30.8097679],[78.6203051,30.8091872],[78.6207769,30.8083701],[78.6209089,30.8081301],[78.6213677,30.8072961],[78.6215939,30.8065498],[78.6217119,30.8056917],[78.6217492,30.8051239],[78.6218213,30.8045878],[78.6215844,30.8041202],[78.6204466,30.8030148],[78.6193066,30.8017924],[78.6188143,30.8012014],[78.6182947,30.8008178],[78.6178913,30.8005497],[78.6173408,30.7999775],[78.6171527,30.7995977],[78.6165328,30.798884],[78.6164356,30.7985444],[78.6163974,30.7979293],[78.6162894,30.7972787],[78.6164682,30.7967271],[78.6164843,30.7961594],[78.6164053,30.7958761],[78.6160043,30.7944713],[78.6159565,30.7936976],[78.6159864,30.7929813],[78.6162651,30.7920028],[78.6166883,30.7908105],[78.6168821,30.7899384],[78.6175143,30.7884966]]}},{"type":"Feature","properties":{"osm_id":323348496,"group":"gangaUpper","version":4,"timestamp":"2022-10-10T07:06:44Z","tags":{"name":"Bhagirathi River","name:bn":"ভাগীরথী","name:en":"Bhagirathi River","waterway":"river"},"nodes":[299488392,3301521655,3301474797,3301521646,3301474796,3301521642,299488393]},"geometry":{"type":"LineString","coordinates":[[78.6175143,30.7884966],[78.6178685,30.7873823],[78.6184102,30.7865012],[78.6188509,30.7860013],[78.6189134,30.7856906],[78.61879,30.7853248],[78.618471,30.7849979]]}},{"type":"Feature","properties":{"osm_id":323348500,"group":"gangaUpper","version":5,"timestamp":"2022-10-10T07:06:44Z","tags":{"name":"Bhagirathi River","name:bn":"ভাগীরথী","name:en":"Bhagirathi River","waterway":"river"},"nodes":[299488393,3301474795,4642819638,3301474794,3301474793,3301521628,299488394,3301521620,958515873,3301474792,958516094,958516377,3301474791,958516603,958515743,3301474790,3301474789,3301474788,958515998,3301474787,958515471,3301474786,958515844,958516074,3301474785,958516330,3301474784,958516565,958515696,958515970,958516190,3301474781,958516586,958515724,3301474783,3301474782,958515990,3301474780,958516210,958516488,3301474776,3301474775,3301474777,958515565,3301474779,958515887,3301474778,958516112,958515667,958515959,958516177]},"geometry":{"type":"LineString","coordinates":[[78.618471,30.7849979],[78.618127,30.7848538],[78.6179577,30.7847951],[78.6176973,30.7847049],[78.6167812,30.7844476],[78.6162772,30.784167],[78.6159756,30.7839478],[78.6153598,30.7831417],[78.6151022,30.7826047],[78.6146644,30.7814032],[78.6143441,30.7803611],[78.6136434,30.7791256],[78.6133394,30.7787431],[78.6113634,30.778232],[78.6096489,30.7779126],[78.608763,30.7776637],[78.6079787,30.7773824],[78.6073239,30.7768394],[78.606788,30.7758752],[78.6048492,30.7746281],[78.6030652,30.7738287],[78.601849,30.7731495],[78.6009133,30.7724093],[78.5996869,30.7709999],[78.598491,30.7698586],[78.5972796,30.7690612],[78.5956965,30.7681379],[78.594202,30.7671848],[78.5933116,30.7662234],[78.5926733,30.7648854],[78.5922114,30.763831],[78.5914856,30.7633158],[78.5901089,30.7630943],[78.5895699,30.7634373],[78.58895,30.7636429],[78.5883104,30.7635644],[78.5876023,30.7632652],[78.5872672,30.7625568],[78.5866897,30.7617488],[78.5852335,30.7612728],[78.5845945,30.7610388],[78.5839548,30.7609472],[78.5834904,30.7611173],[78.5826911,30.7617572],[78.5822035,30.7618109],[78.5816637,30.7616948],[78.5814573,30.76115],[78.5816073,30.7600737],[78.581688,30.7584148],[78.5816059,30.7574576],[78.5815138,30.7569297]]}},{"type":"Feature","properties":{"osm_id":962189608,"group":"gangaUpper","version":2,"timestamp":"2022-10-10T07:06:44Z","tags":{"name":"Bhagirathi River","name:bn":"ভাগীরথী","name:en":"Bhagirathi","waterway":"river"},"nodes":[958516177,958516463,958516021,3301474736,958516255,3301474742,3301474739,958515992,958516215,958516496,958515570,8899020781,3301474697,958515904,3301474716,958516561,3301474727,958515691,958515962,958516181,3301474678,3301474680,958516467,3301474713,958515508,958515866,3301474693,958516091,3301519549,958516130,958516409,958515440,958515811,3301474612,958516036,3301474600,958516280,958516537,958515642,8899020876,958516385,3301474576,958515406,958515754,3301519488,958516011,958516232,3301474466,958516505,3301474421,958515611,958515912,958516577,958515713,958515978,958516201,958516481,8900379571]},"geometry":{"type":"LineString","coordinates":[[78.5815138,30.7569297],[78.5808596,30.756396],[78.5798807,30.7560493],[78.5788988,30.7559349],[78.5777628,30.7562167],[78.577452,30.7562752],[78.5769495,30.7561508],[78.5763356,30.7554025],[78.5752156,30.7544915],[78.5745618,30.7539036],[78.5739252,30.7535683],[78.5737994,30.7535688],[78.5728985,30.7535726],[78.5728029,30.7540088],[78.5721277,30.7546724],[78.5706909,30.7548186],[78.5699898,30.7548486],[78.5690455,30.7546092],[78.5678581,30.7539255],[78.5663755,30.7535297],[78.5656639,30.7534561],[78.5640475,30.7535233],[78.5633446,30.7534724],[78.5624285,30.7541877],[78.561034,30.7544845],[78.5601807,30.7545473],[78.5594589,30.7542526],[78.5584115,30.7530762],[78.5570421,30.7512122],[78.5559231,30.7505169],[78.554417,30.7493054],[78.5529786,30.7485359],[78.5518125,30.7482097],[78.5512437,30.7478642],[78.5507842,30.7473797],[78.5503176,30.7466426],[78.5500452,30.7457893],[78.550188,30.7447887],[78.549954,30.7438684],[78.5493333,30.7438192],[78.5483106,30.7437382],[78.5471758,30.7435095],[78.5461288,30.7431319],[78.5457037,30.7428103],[78.5455298,30.7423717],[78.5450824,30.7420001],[78.5444819,30.741433],[78.5440141,30.7407299],[78.5435898,30.7401391],[78.543152,30.739853],[78.5421596,30.7395978],[78.5388109,30.7396312],[78.5363176,30.739043],[78.5338674,30.7381993],[78.5320566,30.7381332],[78.530655,30.7385212],[78.5290778,30.7390794],[78.5288143,30.7392954]]}},{"type":"Feature","properties":{"osm_id":962189609,"group":"gangaUpper","version":3,"timestamp":"2022-10-19T14:50:03Z","tags":{"name":"Bhagirathi River","name:bn":"ভাগীরথী","name:en":"Bhagirathi River","waterway":"river"},"nodes":[8900379571,3301474436]},"geometry":{"type":"LineString","coordinates":[[78.5288143,30.7392954],[78.5284715,30.7395766]]}},{"type":"Feature","properties":{"osm_id":82303835,"group":"gangaUpper","version":30,"timestamp":"2022-10-23T21:47:06Z","tags":{"name":"Bhagirathi River","name:bn":"ভাগীরথী","name:en":"Bhagirathi River","waterway":"river"},"nodes":[3301474436,958515535,3301474478,958515881,3301474507,3301474496,958516105,958515661,3301474383,958515949,958516169,8899020665,958516450,958515482,958515850,958516079,958516350,2360087466,958516401,958515422,958515781,958516028,958516261,958516518,958515633,958515929,958516601,958515732,958515995,958516225,958516501,958515575,3301474511,958515907,958516120,958515694,958515965,958516187,958516471,958515518,958515871,958516093,958516360,958515941,958516160,958516443,958515464,2360087507,958515841,958516072,958516329,7018198477,7018215696,7018198467,958516564,7018198481,7018198466,958515408,4034740206,7018215694,7018198484,958515757,958516015,7018198472,7018215690,958516236,958516514,2360032134,958515616,958515925,958516134,958515718,958515982,10125026321,4429370798,958516206,958516485,4429354914,4429354906,958515559,10125026253,958515884,4429370791,958516109,4429370588,4429370585,958516390,3301474453,958516172,4429370555,4429370551,958516460,4429370549,4429370548,4429370547,958515857,958516087,958516355,958516582,10125026215,958516144,10125026223,4429370540,958516431,958515452,958515825,4429370518,958516061,958516293,958516544,958515663,958516077,958516332,958516567,958515699,958515975,958516194,7688030293,4429363224,4429363222,4429363221,4429363220,958515526,958516283,2361287943,2361287942,4429363219,958516540,958515656,4429363226,4429363228,958515945,4429363231,958516165,4429363235,958516446,958515477,4429354827,958515847,2357268146,958516515,958515617,958515926,958516137,958516423,958515443,958515815,958516054,958515562,958515886,958516110,958516392,958515411,958515759,958516017,958516251,958516307,958516558,958515690,958515960,958516179,958516465,958515505,958515864,958516522,958515636,958515932,958516149,958516434,958515457,958515828,958516063,958515606,958515910,958516126,2414348790,958516405,958515434,958515804,2414348493,958516032,958516265,2414348405,958515877,958516101,958516380,958516607,958515749,958516002,958516227,958516503,958516542,958515659,958515948,958516167,958516448,958515480,2414348257,2414348261,2414348265,958515848,2414348259,958516078,958515620,958515927,958516139,2414347953,958516427,958515445,958515818,2414347863,958516058,958516288,958515902,958516113,9831077598,958516398,958515418,958515777,958516020,2414347311,958516252,958516516,958516090,958516358,2414346943,958516588,958515726,958515991,958516213,958516490,958515567,958515638,958515937,2414346674,958516152,2414346632,958516437,2414346629,958515460,9831077576,2414346621,958515837,3301473317,958516064,958516309,3301473294,958515911,958516128,3301473270,3301473264,3301473265,3301473157,3301473152,958516407,958515438,3301473134,958515805,958516033,3301473111,3301473106,958516268,958516524,3301473071,958516103,958516382,3301473036,958515402,3301473021,958515752,3301473006,958516009,958516231,3301472983,958516504,958515609,958516348,958516576,958515701,958515977,3301472922,958516199,958516480,958515531,3301472896,3301472889,958515878,958516224,958516499,958515573,3301472869,958515906,958516118,3301472755,958516399,3301472745,958515420,958515779,3195061907,3195061908,3195061909,958516469]},"geometry":{"type":"LineString","coordinates":[[78.5284715,30.7395766],[78.5283281,30.7401757],[78.528335,30.7408316],[78.52815,30.7411926],[78.5276382,30.7414464],[78.52724,30.741196],[78.5269018,30.7407757],[78.5247835,30.7391301],[78.5240358,30.7385339],[78.52324,30.738153],[78.5223094,30.7373751],[78.5215441,30.7367045],[78.5205451,30.7365538],[78.5176044,30.7356891],[78.514531,30.734896],[78.5122392,30.7344903],[78.5106612,30.7347333],[78.5084855,30.7353713],[78.5072714,30.7357742],[78.5056511,30.7363681],[78.503317,30.7379156],[78.5018702,30.7381178],[78.4996402,30.7374802],[78.4979051,30.7369492],[78.4966515,30.7377238],[78.4949434,30.7391739],[78.492995,30.7411127],[78.4923837,30.7425084],[78.4906673,30.7429071],[78.489322,30.7428273],[78.488787,30.7425421],[78.4885513,30.7419495],[78.4878155,30.7414763],[78.4863861,30.7414254],[78.4856108,30.7419103],[78.4847299,30.7429071],[78.4832519,30.7453211],[78.4820852,30.7470136],[78.4816677,30.7482097],[78.4816677,30.7500436],[78.4812378,30.7526138],[78.480508,30.7539107],[78.4794874,30.7541499],[78.4776318,30.7534323],[78.4756371,30.751718],[78.4744774,30.7509207],[78.4728537,30.7509207],[78.47219,30.7512415],[78.470627,30.7519971],[78.468122,30.7529539],[78.4661345,30.7535583],[78.4646421,30.7545532],[78.4637934,30.7554212],[78.4633439,30.7562782],[78.463096,30.7568397],[78.4634716,30.7571527],[78.4632403,30.7575298],[78.4626165,30.7578078],[78.4619743,30.7580489],[78.4614669,30.7582236],[78.4605769,30.7584061],[78.459732,30.7587311],[78.4589697,30.7587855],[78.4581393,30.7585085],[78.457531,30.7581761],[78.4569511,30.7577078],[78.4566638,30.7569404],[78.456615,30.7568858],[78.4557034,30.7552929],[78.4549885,30.7538105],[78.4543317,30.75177],[78.453955,30.7506306],[78.4533099,30.749742],[78.4531968,30.7494267],[78.4530389,30.7489866],[78.4528647,30.7478522],[78.4527928,30.7468689],[78.4531933,30.7460805],[78.4534895,30.7457684],[78.4540137,30.7453708],[78.4553896,30.7443552],[78.4555287,30.7442525],[78.456729,30.7434619],[78.4569597,30.74272],[78.4570591,30.7423595],[78.4570808,30.7416372],[78.4568568,30.7409631],[78.456604,30.739346],[78.4562447,30.7384635],[78.4559663,30.7381363],[78.4553841,30.7374145],[78.454708,30.7364674],[78.4540711,30.7359598],[78.4533429,30.7349933],[78.4524449,30.7338743],[78.4512729,30.7330159],[78.4503289,30.7324981],[78.4491154,30.731548],[78.4479874,30.7307225],[78.446929,30.7294707],[78.4466212,30.7291067],[78.446215,30.728471],[78.4451422,30.7277563],[78.4444841,30.7276881],[78.4431713,30.7271803],[78.4408665,30.7264259],[78.4397555,30.7262741],[78.4391749,30.7263993],[78.4367163,30.7272367],[78.4360668,30.7284729],[78.4354398,30.7300632],[78.4346752,30.7312642],[78.4316717,30.7321079],[78.4303845,30.7323025],[78.4285981,30.7322212],[78.4272992,30.731982],[78.4263611,30.7314518],[78.4244298,30.729972],[78.423997,30.7296404],[78.4236215,30.7289764],[78.4232353,30.7286882],[78.4228571,30.7285061],[78.4223931,30.7284066],[78.4210305,30.7279251],[78.4201326,30.7278674],[78.4190216,30.7282575],[78.4185763,30.7283447],[78.4182069,30.7285925],[78.416689,30.7302245],[78.4161033,30.7311391],[78.4157519,30.7313051],[78.414944,30.7323795],[78.4141292,30.7331356],[78.4133477,30.7342216],[78.4130805,30.7347172],[78.4122119,30.7356229],[78.4109509,30.7362623],[78.4101873,30.736318],[78.4097173,30.7359959],[78.4094288,30.7358648],[78.4083572,30.7343894],[78.408346,30.7331567],[78.4078263,30.7313949],[78.4076413,30.7302076],[78.4070775,30.7294999],[78.4058209,30.7288318],[78.4044756,30.7286723],[78.4023881,30.7296692],[78.4013675,30.7321813],[78.4001614,30.7336567],[78.3983058,30.7351719],[78.3968651,30.7365989],[78.3957125,30.7371175],[78.3947558,30.736772],[78.3937863,30.735202],[78.3928702,30.7335691],[78.3911618,30.7327795],[78.3899093,30.733258],[78.3890743,30.7348928],[78.3879042,30.73594],[78.3863373,30.7366472],[78.3842738,30.7374407],[78.381647,30.7379381],[78.3790055,30.7376192],[78.3776625,30.7374447],[78.3745544,30.7384415],[78.3719566,30.7380029],[78.3691268,30.7370858],[78.3667609,30.7375643],[78.364627,30.7387605],[78.3632817,30.7403952],[78.3616932,30.7415433],[78.3606411,30.7408646],[78.359817,30.7394038],[78.3592179,30.7383233],[78.3582258,30.737866],[78.357483,30.7385212],[78.3552227,30.7392373],[78.3531842,30.7380106],[78.3522365,30.7364713],[78.3520767,30.7362117],[78.3511611,30.7347291],[78.350784,30.7335729],[78.3510626,30.7328432],[78.3515614,30.7324604],[78.3533119,30.7314965],[78.3560709,30.730361],[78.3578136,30.7300489],[78.3584028,30.7296536],[78.3591087,30.7286272],[78.3596936,30.7263352],[78.3603128,30.7253625],[78.3613132,30.723653],[78.3623762,30.7222485],[78.3623197,30.7210988],[78.3613415,30.7196997],[78.3602442,30.7190702],[78.3594436,30.7189212],[78.3582504,30.7192085],[78.3576104,30.7193234],[78.3571706,30.7193356],[78.3566945,30.7190192],[78.3559784,30.718472],[78.354593,30.7169289],[78.3535624,30.7157204],[78.3527231,30.7149659],[78.3515231,30.71411],[78.349918,30.7127692],[78.3488224,30.7111911],[78.3486491,30.7100014],[78.349052,30.7095433],[78.3503048,30.7083072],[78.3505287,30.7073864],[78.350565,30.7058344],[78.3508332,30.7034603],[78.3507227,30.7023471],[78.3508172,30.7007533],[78.3511519,30.6997628],[78.3521946,30.6988801],[78.3538909,30.6979731],[78.3547748,30.6976829],[78.3549014,30.6971389],[78.3551314,30.69563],[78.355694,30.6932315],[78.3566965,30.6913322],[78.3569099,30.6904377],[78.3567087,30.6897314],[78.356043,30.6886386],[78.354963,30.6877336],[78.3536107,30.6862987],[78.3529087,30.6842867],[78.3521785,30.6826285],[78.3514243,30.6809061],[78.351039,30.6798166],[78.3510206,30.6792722],[78.3506356,30.6784723],[78.3500759,30.6781006],[78.3491107,30.6778374],[78.348296,30.6779867],[78.3472794,30.6778669],[78.3470579,30.677764],[78.3462514,30.6773896],[78.3448612,30.6759154],[78.34448,30.6755963],[78.3442393,30.6747765],[78.3445325,30.6737397],[78.3445094,30.6725678],[78.3444449,30.6711991],[78.3449529,30.668982],[78.3449495,30.6682939],[78.3445974,30.667806],[78.3439127,30.6678733],[78.3434823,30.6674358],[78.3432867,30.6670235],[78.3436135,30.6663573],[78.3431145,30.6648828],[78.3424944,30.6641798],[78.3407896,30.6631681],[78.3386642,30.6609522],[78.3381907,30.6604188],[78.3378679,30.6595522],[78.3380141,30.6582514],[78.3392331,30.6548921],[78.3391394,30.6540409],[78.3377083,30.6528111],[78.3348029,30.651098],[78.3343075,30.6505656],[78.3345004,30.6494717],[78.3347419,30.6488558],[78.3346195,30.6476617],[78.3342195,30.6469725],[78.3332643,30.6464203],[78.3306854,30.6456681],[78.3296907,30.6450454],[78.3290292,30.6437655],[78.3296928,30.64202],[78.3295013,30.640304],[78.3290863,30.638446],[78.3288228,30.6369867],[78.3283832,30.6350497],[78.3284876,30.6340544],[78.329055,30.6330344],[78.3308888,30.6314715],[78.3319558,30.6305135],[78.3322277,30.6302863],[78.3322139,30.629712],[78.3318166,30.6291962],[78.3308888,30.6279188],[78.3300074,30.6260427],[78.3295552,30.6253443],[78.3287975,30.6242212],[78.3282463,30.6232342],[78.3281582,30.622083],[78.3282009,30.6209721],[78.328178,30.619674],[78.3278585,30.6187499],[78.3269921,30.6181385],[78.3242551,30.6174997],[78.3231643,30.6174395],[78.3219948,30.6171902],[78.3208468,30.6166824],[78.3200293,30.6164137]]}},{"type":"Feature","properties":{"osm_id":313510334,"group":"gangaUpper","version":12,"timestamp":"2022-10-10T07:06:44Z","tags":{"name":"Bhagirathi River","name:bn":"ভাগীরথী","name:en":"Bhagirathi River","waterway":"river"},"nodes":[958516469,958515514,958515868,3195068492,958516092,958516359,958516593,3195068423,958515730,958515993,958515463,958515840,958516070,958516328,958516563,7688030286,958515692,958515964,958516186,958515806,9831164729,958516035,958516279,958516534,958515640,958515939,958516154,958516441,958516483,958515555,958515882,958516108,3301472577,958516388,958515407,958515755,958516013,958515484,958515854,958516080,958516353,958516580,958515715,958515981,958516204,958515821,958516060,958516292,958516543,9831359567,958515662,958515953,958516171,8038353970,958516451,958516027,958516257,958516517,958515632,10028008518,958515928,958516141,958516429,958515450,958515524,958515876,958516095,958516379,958516605,958515746,958516000,958516226,958515846,958516076,9831164536,958516331,958516566,958515698,958515972,958516193,958516473,958516041,958516281,958516539,958515644,958515943,958516163,958516445,958515474,958516234,958516506,9831164505,958515614,958515924,958516133,958516411,958515442,958515814,958515861,958516088,958516357,958516584,958515722,958515985,958516209,958516486,958516062,958516297,958516555,958515664,958515957,958516173,958516461,958515488,958516262,958516520,958515634,958515931,958516147,958516432,958515454,958515827,958516502,958515602,9831386081,958515909,958516123,958516403,958515431,958515802,958516030,958516425,958515444,958515817,958516056,958516286,958516541,958515657,958515946,958515415,958515776,958516018,568247326,568247327,568247328,568247329,568247330,568247335,568247336,9622850623,568247338,568247340,9831164369,568247343,568247344,568247345,568247346,568247347,568247348,568247349,568247350,568247351,568247296]},"geometry":{"type":"LineString","coordinates":[[78.3200293,30.6164137],[78.3177215,30.6147688],[78.3170478,30.613466],[78.3163059,30.6126816],[78.3160366,30.6120902],[78.3156096,30.6113261],[78.316992,30.6100869],[78.3164807,30.6093699],[78.3158735,30.6089581],[78.3151134,30.6084812],[78.3148746,30.6072867],[78.3155382,30.6061953],[78.3169256,30.6058817],[78.3182843,30.6062594],[78.3199819,30.6063103],[78.3208091,30.6061469],[78.3211569,30.605915],[78.3222598,30.605119],[78.3226852,30.6039901],[78.3227496,30.6021506],[78.3222444,30.6005116],[78.3221735,30.6002621],[78.3219079,30.5983796],[78.3223306,30.596546],[78.3231208,30.5949723],[78.3241889,30.5937809],[78.324776,30.592989],[78.3255551,30.5917954],[78.3259259,30.590606],[78.3260945,30.5894362],[78.3264169,30.5876134],[78.3267615,30.5860894],[78.326985,30.5844675],[78.3279149,30.5830356],[78.329878,30.5829765],[78.3309584,30.5833109],[78.3320809,30.5834859],[78.3330459,30.5818369],[78.3329763,30.580964],[78.3306344,30.5806151],[78.3293119,30.5795016],[78.3294685,30.5776507],[78.3304558,30.5779831],[78.3337317,30.576266],[78.335311,30.573493],[78.3334954,30.572445],[78.3312135,30.5717381],[78.3286116,30.5709076],[78.3288477,30.5689422],[78.3288635,30.5682893],[78.3291724,30.5667453],[78.3306105,30.5651875],[78.3319094,30.5637895],[78.3339297,30.5626298],[78.3339969,30.5625912],[78.3379864,30.5624713],[78.3403059,30.5617124],[78.3410017,30.5599548],[78.3402131,30.5579575],[78.3395834,30.5566148],[78.3392389,30.5558802],[78.3392389,30.5540426],[78.3391925,30.5520052],[78.3397492,30.5509665],[78.3413728,30.5503673],[78.3441562,30.5502874],[78.3457335,30.5496082],[78.3458726,30.5480502],[78.3451768,30.546572],[78.3433212,30.5454933],[78.342579,30.5449739],[78.3434604,30.544095],[78.3449448,30.5430162],[78.3453159,30.5416578],[78.3460269,30.5407393],[78.3467076,30.5398599],[78.3481457,30.5385814],[78.348424,30.5377024],[78.3489807,30.5357046],[78.3502796,30.5328277],[78.3517641,30.5331474],[78.3535269,30.5336269],[78.3560783,30.5335869],[78.3577483,30.5333072],[78.3582586,30.5326279],[78.3576556,30.5310696],[78.3561711,30.5312294],[78.3552433,30.5305901],[78.3554289,30.5295512],[78.3568205,30.5276731],[78.3592792,30.5251557],[78.3590945,30.5245438],[78.3609492,30.5239169],[78.3614131,30.5219988],[78.3620626,30.5207999],[78.3634542,30.5201605],[78.3673973,30.5204003],[78.3693457,30.5194811],[78.3701807,30.5184821],[78.3712013,30.5170034],[78.3724538,30.5169235],[78.3729641,30.5176029],[78.3737527,30.5178826],[78.3756547,30.5179626],[78.3772319,30.5174031],[78.3789483,30.5162042],[78.3800617,30.5152051],[78.3807575,30.5138862],[78.3819173,30.5126073],[78.3827987,30.5116881],[78.3844223,30.5114883],[78.3859068,30.5106091],[78.3870665,30.5100495],[78.3883654,30.5098097],[78.389386,30.5089704],[78.3895251,30.5082111],[78.390221,30.5072518],[78.3934682,30.5063326],[78.394628,30.5051735],[78.3940713,30.5031351],[78.3931435,30.5015363],[78.3924477,30.4998176],[78.3931435,30.4984985],[78.3945643,30.4973252],[78.3981946,30.4970061],[78.3978427,30.4964049],[78.3978316,30.4960569],[78.3976897,30.4955806],[78.3978024,30.4945055],[78.3981933,30.4937318],[78.3991278,30.4930623],[78.4009833,30.4930623],[78.4036275,30.4928225],[78.4046945,30.4925027],[78.4055295,30.4908638],[78.4052538,30.4888403],[78.4049265,30.4868662],[78.4040914,30.4851473],[78.4043698,30.483908],[78.4051584,30.4827486],[78.4066429,30.4819491],[78.4080809,30.4808697],[78.4080239,30.4793684],[78.4070798,30.4770569],[78.4056381,30.4748561],[78.4050198,30.4729144],[78.4062052,30.4704623],[78.4102392,30.4688902],[78.4132596,30.4680319],[78.4140745,30.4682537],[78.4197827,30.4698074],[78.4252759,30.4674401],[78.4255707,30.4672178],[78.4280225,30.4653686],[78.4283658,30.4635931],[78.4263058,30.4587102],[78.4275075,30.4532351],[78.4290524,30.4510154],[78.4311124,30.4510154],[78.4338589,30.4511633],[78.4354039,30.4502754],[78.4376355,30.4502754],[78.4393882,30.4494471]]}},{"type":"Feature","properties":{"osm_id":27282446,"group":"gangaUpper","version":19,"timestamp":"2025-08-06T12:42:29Z","tags":{"name":"Bhagirathi River","name:bn":"ভাগীরথী","name:en":"Bhagirathi River","waterway":"river"},"nodes":[568247296,12442239845,568247297,12442239844,568247298,568247299,12442239843,568247300,568247301,568247302,568247309,568247312,12442239842,568247313,568247318,568247321,9831164329,299526601,299526578,299526574,299526570,299526495,299526491,299526486,299526483,299526479,299526476,299526468,12442239840,12442239841,12442239838,299526456,12442239839,299526451,299526438,299526431,2357250799,3301408639,299526423,299526417,299526411,299526405,3301408583,299526402,299526398,299526393,3301408552,299526389,299526385,299526382,299526377,3301408521,299526374,3301408510,299526370,299526365,3301408483,299526361,299526358,299526350,299526344,299526339,299526333,299526327,299479357,3301408396,3074082358,299479358,3301408364,3074082357,299479359,299479360,3074082356,299479361,3074082355,3301408294,299479362,3301408276,3074082354,3301408058,3074082353,299479363,3301408038,299479364,3074082352,299479365,3301408016,3074082351,3074082350,299479366,3301407992,299479367,3074082349,3301407755,299479368,299479369,299479371,3301407722,3074082348,3301407707,299479372,3301407684,299479373,3301407672,3301407664,3301407652,299479374]},"geometry":{"type":"LineString","coordinates":[[78.4393882,30.4494471],[78.4397542,30.448424],[78.4398671,30.4474637],[78.4392071,30.4460931],[78.4368309,30.443912],[78.4355756,30.442728],[78.433907,30.4422916],[78.4325822,30.4410537],[78.4317561,30.4395275],[78.4321423,30.43888],[78.4383221,30.4316277],[78.4400602,30.429722],[78.4414601,30.4288415],[78.4433861,30.4281678],[78.4488364,30.4265766],[78.4546137,30.4240123],[78.46065,30.4197362],[78.4666299,30.4125583],[78.4695283,30.407811],[78.4708786,30.4048969],[78.4718656,30.4021209],[78.474741,30.3955691],[78.4757709,30.3929039],[78.4768653,30.3901275],[78.4776514,30.3882381],[78.4783458,30.3861849],[78.4788394,30.3850373],[78.4794614,30.3832103],[78.4795475,30.3816128],[78.4793114,30.3804281],[78.4789038,30.3798635],[78.478193,30.379218],[78.4777021,30.3786602],[78.4774489,30.3780454],[78.4767075,30.3732018],[78.4763938,30.3709671],[78.4763266,30.3704662],[78.4763736,30.3701602],[78.476584,30.3696794],[78.4770842,30.3692036],[78.4776528,30.3686875],[78.4783118,30.3682117],[78.4795078,30.3674503],[78.4808335,30.3665083],[78.4816116,30.3658391],[78.4817456,30.3651763],[78.4817766,30.3645775],[78.4818252,30.3637709],[78.4820437,30.3629953],[78.4822766,30.3623948],[78.4829042,30.3616274],[78.4833964,30.3611691],[78.483565,30.3607668],[78.4832164,30.3603231],[78.482664,30.3593241],[78.4821458,30.3582068],[78.4821034,30.3575277],[78.4822737,30.3570342],[78.4830698,30.356802],[78.485481,30.3565069],[78.4864435,30.3561733],[78.4867387,30.3553905],[78.486097,30.3538634],[78.4847111,30.3524004],[78.4837353,30.3506532],[78.4828792,30.3491846],[78.4819658,30.3479003],[78.4816535,30.3468815],[78.4820318,30.3459323],[78.482172,30.3452468],[78.4823976,30.3443432],[78.483175,30.3434939],[78.4845034,30.3421844],[78.4851377,30.3412509],[78.4865596,30.3394068],[78.4869142,30.3389121],[78.4873388,30.3379498],[78.4878099,30.3369132],[78.4879213,30.3356868],[78.4874306,30.3350187],[78.4871876,30.3342803],[78.4870377,30.3330066],[78.4871159,30.332351],[78.4874928,30.3314963],[78.4882918,30.3304865],[78.489094,30.3298239],[78.489319,30.3295649],[78.4892967,30.3290172],[78.4890222,30.327168],[78.4888853,30.3256446],[78.4888671,30.3243824],[78.4886483,30.3227434],[78.4890061,30.3215901],[78.4894562,30.3208368],[78.4889512,30.3197773],[78.4885313,30.31909],[78.4880336,30.3181017],[78.4882054,30.3172631],[78.4884089,30.3161465],[78.488738,30.3153264],[78.4895532,30.3143199],[78.4912477,30.3130135],[78.4917169,30.3124051],[78.4915463,30.3119407],[78.4919579,30.3107981],[78.4930231,30.3086314],[78.4943425,30.3053631]]}},{"type":"Feature","properties":{"osm_id":27286263,"group":"gangaUpper","version":14,"timestamp":"2024-05-25T23:13:06Z","tags":{"name":"Bhagirathi River","name:bn":"ভাগীরথী","name:en":"Bhagirathi River","waterway":"river"},"nodes":[299479374,3301407631,3301407626,299479375,3301407613,299479376,3301407600,3301407592,299479377,2360769930,299479378,3301407570,3301407549,299479379,299479380,2358261427,299479382,2358261441,299479383,2358261440,2358261436,2358261413,2358261415,299479384,299479385,2358261428,2358261409,299479386,2358261411,299479387,299479388,2358261442,2358261422,3301407405,299479389,299479390,299479391,299479392,3301407420,299479393,3301407400,299479394,299479395,299479396,299479398,3301407356,299479399,299479400,299479401,299479402,299479403,299479404,299479405,299479406,299479407,299479408,3301407176,9907084733,299479409,299479410,3301407254,3301407275,299479411,3301407282,299479412,299479414,299479415,3301407205,3301407180,299479416,3301407051,299479417,3301407040,299479418,3301407014,3301406993,3301406966,299479419,3301406919,3301406900,299479420,3301406865,3301406860,299479421,3301406890,299479422,3301406917,299479423,3301406959,299479424,3301407007,299479425,299479426,3301407028,299479427,3301407004,3301406985,299479428,3301406962,3301406954,299479429,299479430,299479432,3301406893,299479433,3301406833,299479434,3301406819,299479435,3301406805,9907084665,299479436,299479437,3301406783,3301406777,299479438,299479439,3301406762,3301406756,3301406742,299479440,11933986118,3301406745,299479441,3301406730,11933986117,3301406713,3301406710,3301406698,299479442,3301406671,299479443,3301406654,11933986226,3301406645,3301406644,11933986227,3301406638,3301406633,299479444,299479446,3301406615,299479447,3301406604,299479448,3301406593,3301406586,299479449,3301406572,299479450,3301406556,299479451,299479453,299479454,3301406531,3301406524,299479455,3301406494,3301406480,299479456,3301406360,11457597135,3301406349,299479457,3301406339,299479458,3301406321,3301406311,299479459,3301406294,3301406288,299479460,3301406268,299479461,3301406158,3301406149,299479462,3301406109,299479463,3301406117,3301406124,299479465,3301406091,3301406082,3301406076,11594934034,299479466,3301406056,11594933663,299479467,3301406024,299479468,3301405974,3301405962,299479469,3301405939,299479470,299479471,3301405892,3301405879,299479472,299479473,3301405814,299479474,3301405785,299479475,3301405767,299479476,3301405755,299479477,3301405740,299479479,3301405726,299475509,3301405709,3301405700,3301405692,299475892,3301405675,299475512,3301405657,299479480,3301405639,3301405632,299475514,3301405609,8630924372,299475128]},"geometry":{"type":"LineString","coordinates":[[78.4943425,30.3053631],[78.4943063,30.3049876],[78.493814,30.3045835],[78.4933851,30.3039591],[78.4932491,30.3030438],[78.4933909,30.3020881],[78.492894,30.3015736],[78.4919337,30.3010441],[78.491119,30.3001284],[78.4908075,30.2991795],[78.4905255,30.2981997],[78.4906102,30.2976091],[78.4910702,30.2971771],[78.4917043,30.2969857],[78.4940739,30.2973086],[78.4961114,30.2971611],[78.4969232,30.2966865],[78.4967117,30.2955521],[78.4967981,30.2944316],[78.4966248,30.2940601],[78.496226,30.2936422],[78.4955725,30.2932792],[78.4947076,30.2928128],[78.4933166,30.29186],[78.4917448,30.2909109],[78.4904772,30.2903421],[78.4886104,30.289594],[78.4863664,30.2893355],[78.4844803,30.288718],[78.4830743,30.2877064],[78.4825003,30.2869421],[78.4823216,30.2857215],[78.4826033,30.2843911],[78.4828291,30.2836438],[78.4832949,30.2831182],[78.4849069,30.2826049],[78.4865439,30.2828653],[78.4879296,30.2839287],[78.4890486,30.2843382],[78.4898623,30.2840601],[78.491173,30.2832448],[78.4936617,30.2823084],[78.4952493,30.2822377],[78.4960553,30.2818375],[78.4964487,30.281145],[78.4964114,30.2801392],[78.4948066,30.2789555],[78.4924439,30.2772657],[78.4905497,30.2731895],[78.4898191,30.2700153],[78.4910867,30.2665939],[78.492975,30.2640734],[78.4935413,30.2627542],[78.4943483,30.2602184],[78.4948633,30.2594771],[78.4960649,30.2594771],[78.4968816,30.2598282],[78.4971093,30.2600173],[78.4980475,30.2607963],[78.5007292,30.2630929],[78.5020763,30.2646873],[78.5034137,30.2659952],[78.5044763,30.2664457],[78.5055579,30.266272],[78.5061163,30.2654313],[78.5068796,30.2642217],[78.5075566,30.2632501],[78.5078347,30.261833],[78.5081442,30.2602101],[78.5084421,30.2592142],[78.5084537,30.2574701],[78.5087191,30.255879],[78.5088295,30.2548447],[78.5091523,30.2538902],[78.509791,30.2533076],[78.50978,30.2525151],[78.5099347,30.2512453],[78.5105183,30.2501978],[78.5117031,30.2494981],[78.5137037,30.2483619],[78.5156494,30.2478105],[78.5192201,30.2476979],[78.5214318,30.2475764],[78.5230928,30.24752],[78.5238155,30.2480287],[78.52424,30.24874],[78.5243704,30.2493925],[78.5239821,30.2505063],[78.5238155,30.2510465],[78.5228896,30.2521911],[78.5228855,30.2530854],[78.5236159,30.2536074],[78.5247234,30.2538565],[78.5256834,30.2538347],[78.5261751,30.2534657],[78.5262539,30.2529368],[78.525613,30.2522415],[78.5253398,30.2515508],[78.5255974,30.2511141],[78.5262226,30.250817],[78.5274245,30.2503025],[78.5280325,30.2497716],[78.5285067,30.2489491],[78.52913,30.248076],[78.5294211,30.2469807],[78.5302085,30.2463274],[78.531162,30.2456865],[78.533405,30.2445855],[78.5344844,30.2436239],[78.5348039,30.2428098],[78.5353788,30.2416948],[78.5357254,30.2410225],[78.5359833,30.2402412],[78.536031,30.2391233],[78.5361901,30.2378493],[78.5370414,30.237335],[78.5374898,30.2367185],[78.5379449,30.2364302],[78.5391169,30.2359968],[78.5408297,30.2354024],[78.5425768,30.2350903],[78.543828,30.2353292],[78.5441362,30.2354216],[78.5460184,30.2351573],[78.5468787,30.2349505],[78.5472252,30.2349298],[78.5481315,30.2345777],[78.5490236,30.2345618],[78.5508085,30.2339316],[78.5540709,30.2334554],[78.5554599,30.232629],[78.5562399,30.231638],[78.5566204,30.2306622],[78.5567524,30.2299075],[78.5568756,30.2292025],[78.5568824,30.2291637],[78.5574423,30.2280718],[78.5575736,30.2278157],[78.5577968,30.2271311],[78.5583782,30.2266288],[78.559408,30.2259617],[78.5598366,30.2257333],[78.560711,30.2254692],[78.561345,30.2252403],[78.562161,30.2247683],[78.5625642,30.2242544],[78.5629003,30.2233292],[78.5628963,30.2224666],[78.5628663,30.2206185],[78.5630675,30.2187402],[78.5630055,30.2176864],[78.5624571,30.2159505],[78.5610596,30.2142996],[78.559408,30.2130567],[78.5586597,30.2123216],[78.5584242,30.2116648],[78.5584553,30.2104334],[78.5597087,30.2068177],[78.5604365,30.2049676],[78.5609862,30.2033218],[78.5613678,30.2019055],[78.5620926,30.201082],[78.5623204,30.2008232],[78.5632166,30.1997059],[78.5643328,30.1987694],[78.5652445,30.1983697],[78.5689921,30.1973427],[78.5713378,30.1965824],[78.5728577,30.1959006],[78.5737929,30.195333],[78.5747466,30.1945579],[78.5757229,30.1936408],[78.5767628,30.1930572],[78.5771278,30.1928302],[78.5773796,30.1924031],[78.5774522,30.1918655],[78.577659,30.1916392],[78.5786702,30.1914936],[78.5798357,30.1915446],[78.5808264,30.1916011],[78.582117,30.1916997],[78.5827494,30.1916163],[78.5830223,30.1911233],[78.5833125,30.1904244],[78.583976,30.1902094],[78.5843042,30.1898431],[78.5845053,30.1896186],[78.5848779,30.1886861],[78.5849729,30.1883816],[78.5851377,30.1878531],[78.5853132,30.1861234],[78.5860382,30.1833546],[78.5866298,30.1815265],[78.5869097,30.180281],[78.5869961,30.1790574],[78.5875213,30.1778166],[78.5885029,30.1766942],[78.5902978,30.1752618],[78.5910665,30.1745098],[78.5917507,30.173542],[78.5927115,30.1729702],[78.5959718,30.1718087],[78.5971038,30.1708494],[78.5979986,30.1699854],[78.5988256,30.1689312],[78.5998769,30.1678668],[78.6002009,30.1669957],[78.6001148,30.1658723],[78.5999801,30.1651903],[78.5995697,30.1644889],[78.5994279,30.1636931],[78.5997554,30.1626349],[78.6003616,30.1615448],[78.6011427,30.1604442],[78.6016466,30.1595136],[78.6018825,30.158715],[78.6018022,30.1575996],[78.6018163,30.1564255],[78.6017119,30.1552819],[78.6015874,30.1543014],[78.6008635,30.1530423],[78.6002473,30.1519551],[78.5991518,30.1514189],[78.5985545,30.1506333],[78.5978651,30.149088],[78.5978313,30.1476708],[78.597588,30.1455126],[78.5974993,30.1450933]]}},{"type":"Feature","properties":{"osm_id":27282950,"group":"gangaUpper","version":33,"timestamp":"2025-12-02T07:19:16Z","tags":{"name":"Ganga","name:bn":"গঙ্গা নদী","name:en":"Ganges","waterway":"river"},"nodes":[299475128,8630924365,8630924366,8630924367,8630924368,3154392971,299482119,299484846,8630924364,8630924363,299482121,8630924350,8630924349,8630924351,8630924352,299482122,8630924353,8630924354,8630924355,3154392970,299485623,299484848,8630924356,299482125,8630924357,8630924358,299482906,8630924359,8630924360,8630924361,8630924362,299482127,8630924336,8630924337,8630924338,8630924339,8630924340,299482128,8630924341,8630924342,8630924343,299482909,8630924344,299485279,8630924331,8630924345,299482131,8630924332,8630924346,3301312649,8630924333,8630924347,8630924334,8630924348,299482912,8630924335,6422668915,11504693778,299482913,8630924329,8631009881,8630924330,8631009882,3159251017,8631009883,299482134,3154392969,2367674971,8630924324,299482914,8630924325,8631009880,8630924326,8630924327,8630924328,299482136,8631009879,8630924321,8630924322,8630924323,299484850,8630899312,8630899313,8630899314,299482138,8630899315,8630899316,8630924317,8630924318,8630924319,8630924320,299482919,8631009871,299482140,8631009872,3154392967,8631009873,8631009874,299482141,8631009875,299482922,8631009876,8631009877,8631009878,3154392966,8631009868,299482143,8631009870,8631009869,8631009867,299482144,299484851,8631009866,299485282,3154392965,299485624,8631009865,8631009864,8631009863,299484854,8631009858,8631009859,8631009860,8631009861,8631009862,299485288,8631009857,299484856,8631009852,3154392964,8631009853,299485290,8631009854,3154392963,8631009855,8631009856,299485292,8631009848,8631009849,8631009850,8631009851,299485625,299484860,299486407,8631009847,8631009846,299485299,8631009845,8631009844,8631009843,8631009842,299485301,8631009841,299484864,8631009840,8631009839,8631009838,299484865,8631009837,8631009834,8631009836,8631009835,8631009833,299485628,8631009832,8631009831,2358050188,8631009828,8631009829,8631009830,299486918,8631009822,8631009823,299484868,8631009824,8631009825,8631009826,2358050185,299485308,8630978410,8630978411,8630978412,2358050186,299487301,8630978413,8630978414,299484871,8630978415,8630978416,299484872,8631031117,8631031118,299484873,8631031119,8631031120,299484874,8630978398,8630978399,299484875,3159250716,8630978400,299485631,8630978401,8630978402,299486920,8630978404,8630978403,8630978405,8630978406,8630978407,299485317,8630978408,299485318,8630978409,8631053619,3159250694,8631053620,8631053621,8631053622,8631053623,299484880,299485319,299485320,8631053618,8631053617,8631050015,8631050016,8631050014,8631050013,299484883,8631050012,8631050011,8631050010,299485321,8631050009,8631050008,8631050007,3301310218,299486921,8631050003,8631050004,8631050005,8631050006,8631049998,299484886,8631049999,8631050000,3301310281,8631050001,8631050002,299485634,8631049991,8631049992,8631049993,3301310129,8631049994,8631049995,8631049996,299484888,8631049997,3301310153,299486415,3301310320,8631049990,8631049989,299484890,8631049988,8631049980,299484891,3301310930,8631049987,8631049986,8631049981,299484893,8631049982,8631049983,8631049985,8631049984,299484894,8631067200,299485636,3301311271,8631067199,8631067198,299486416,8631067197,299485331,8631067194,8631067195,8631067196,299485332,299485333,8631067189,8631067190,8631067191,8631067192,8631067193,8631067137,299485639,8631067138,8631067139,8631067140,8631067141,8631067142,299484901,8631067143,8631067144,3301312012,8631067145,8631067146,299484902,8631067147,3301311963,3301311534,8631067148,8631067149,8631067150,8631067151,299485335,3301311261,8631067152,8631067153,299485338,8631067154,8631067155,299485640,3301310881,8631067156,299486922,8631067157,8631067158,3301310631,8631067159,8631067160,8631067161,299485344,8631067162,8631067163,8631067164,299484908,299484909,8631067165,8631067166,299486418,8631067167,3301310700,8631067168,8631067169,8631067170,8631067171,299487303,8631067172,299485347,8631067173,8631067174,3301310217,8631067175,3301310111,8631067177,8631067178,299484914,8631067176,8631067179,8631067180,299485348,8631067182,8631067183,2358431474,8631067181,299485644,8631067185,8631067186,8631067187,299485645,8631067188,8631067184,3301309585,299484918,299484919,8631098143,8631098144,8631098145,299485352,299485646,299484922,299485354,299484924,8631098142,8631098141,8631098140,8631098138,8631098139,8631098137,299485355,8631098136,299485356,8631098135,8631098134,3301311079,299485357,8631098133,8631098132,8631098131,299484928,299485358,8631098130,8631098129,8631098128,8631098127,3301312053,8631098125,8631098126,299486421,8631098120,8631098121,299485649,8631098122,8631098123,11543697446,299484933,8631075516,3301311841,8631098117,8631098118,8631098119,299484934,299486422,8631075515,8631075514,8631075503,299487304,8631075513,8631075504,8631075505,8631075506,299487174,8631075507,8631075508,3301310090,8631075509,8631075512,299484938,8631075510,8631075511,3301309860,3301309823,299484939,8631075497,8631075498,299485654,8631075499,8631075500,3301309611,8631075501,8631075502,3301309769,8631075496,299485655,8631075487,8631075486,3301309925,299487306,8631075485,8631075488,8631075484,299485657,8631075489,299485369,8631075490,8631075491,3301310690,8631075492,299485370,3301310696,299485658,13347320357,13347320355,13347320356,8631075493,299485659,8631075494,8631126953,8631075495,299485660,8631126956,1207134721,8631126957,8631126958,8631126959,299484949,8631126955,8631126954,8631126960,2358203542,8631126961,8631126962,299485374,299485661,12059095789,299485377,8631126963,8631126952,8631126964,2358203543,299484954,8631126965,299484955,8631126951,8631126966,8631126967,299484957,8631126950,299484959,299485380,8631126949,8631126948,1207134550,8631126947,8631126946,299486429,8631126945,8631126944,2358203544,2358203545,299486430,8631126943,8631126942,299485384,8631126941,299484964,8631126940,8631126939,299486431,11647236240,2358203546,8631126937,8631126938,299485667,8631126936,8631126935,8631126934,299485391,8631126933,8631126932,299485668,8631126926,8631126931,8631126930,8631126929,8631126927,8631126928,8631126919,299485393,8631126925,299484972,8631126920,2358202111,8631126921,8631126924,299485394,8631126922,8631126923,8631126918,2358046690,8631122811,2358202114,8631122812,299484977,8631122813,8631122814,299484981,8631122815,8631122816,299484983,8631126917,299485395,8631157254,8631157253,8631157252,299485396,8631157251,299484991,8631157250,8631157249,8631157248,1207134772,8631157247,8631157246,1207133949,8631157245,8631157244,299486930,8631157243,299484997,8631157242,8631157241,8631157240,8631157239,299485399,8631157238,8631157237,8631157236,299485400,4045316530,8631157235,8631157234,1207134584,8631157233,2358202149,8631157232,8631157231,8631157230,299485401,8631157223,299485001,8631157229,8631157228,8631157227,2358202153,8631157226,8631157225,8631157217,8631157224,299485002,8631157218,8631157219,299485004,8631157220,8631157221,299486434,11594958304,8631157222,299485006,8631133610,8631133611,8631133612,4045316579,1207134623,8631133613,2358202150,8631133614,8631133615,8631133616,299486435,1207133986,8631133601,8631133602,299485008,8631133603,8631133604,2358202140,8631133605,299485009,8631133606,2358202138,8631133607,8631133608,2358202137,8631133609,299485011,8631133591,8631133592,3820740490,8631133593,8631133594,8631133595,299485672,8631133596,299485013,1207134729,8631133597,8631133598,8631133599,299485015,13347320358,8631133600,1207133898,8631133585,8631133586,11541922300,8631133587,299485673,8631133588,8631133589,8631133590,299485406,8631201680,8631201681,8631201682,1207134691,8631201683,8631201684,299485018,8631201685,299485019,1185846831,13347320360,8631201686,8631201687,2358202126,8631201689,8631201688,8631201690,8631201691,299485407,13347320359,3820695484,8631201695,8631201694,299485021,8631201693,8631201696,8631201692,8631201697,299485024,1207134449,8631201698,8631201699,299485025,582043687,3820695486,299485026,3820695485,3820695487,1207133895,3820695488,3820695489,8631201700,3820695490,8631201679,3820695491,8631201701,8631201702,299485030,8631201703,8631201704,8631201705,8631201706,299485032,8631201707,10813314112,8631201708,8631201709,8631201710,2358206292,8631201711,8631201712,8631201713,299485034,8631201714,8631201715,299485035,8631201716,8631205417,8631205418,2358206291,8631205419,8631205420,10813310850,8631205421,299485409,8631205422,8631205423,8631205424,299485037,8631205426,8631205427,299485039,8631205428,8631231410,8631205425,8631231411,8631231416,8631231412,8631231413,299487293,8631231414,8631231415,2358206290,8631231409,299485041,299485412,8631231408,8631231407,8631231406,8631231405,1185803242,8631231401,8631231402,8631231403,8631231404,299485043,8631231396,299485044,8631231397,8631231398,8631231399,8631231400,299485045,8631553349,2358206288,8631553350,8631553351,2358206287,8631553352,8631553353,4048510443,299485046,8631553348,8631553347,4048510452,299485047,8631553346,8631553345,8631553340,8631553341,299485048,8631553342,8631553343,8631553344,299485049,4048510440,8631553332,1186232902,8631553328,8631553329,299485050,8631553330,8631553331,299485051,8631553326,299485052,8631553327,8631553324,299485053,8631553325,299485676,8631553320,8631553321,299485414,8631553322,8631553323,8631545914,2358206286,8631545915,8631545916,8631553317,299487181,8631545912,8631545913,299485057,299485058,8631545911,8631545910,2358206285,8631545909,299485060,8631545908,8631545907,8631545906,8631545904,8631545905,299485061,3154392961,1207246258,4065373202,2363367671,8631617080,8631617081,299485418,8631617082,299485419,8631617083,8631617084,8631617085,299485678,8631617087,299485070,2414812968,8631852291,8631617086,299485071,8631852292,299485421,299485422,1207252570,8634302775,299485074,299485075,2360258630,2414754895,299485424,2357315152,299485078,299485425,299485080,299537477,2414803545,299485082,299485679,299485084,2359541594,299485085,299485086,12650291617,2359541506,2359541505,299487182,299485091,1207252552,1207252567,1207252568,299537461,1207252576,2357470023,299485437,299485438,299485683,299485100,1207252566,1207252548,299485101,1207252555,299485102,1207252572,299485103,299485685,299485105,1207252556,299485106,1207252551,299485107,1207252569,299485110,299485112,299486442,1207244308,1207244040,1207263717,1207244254,1207244271,299486940]},"geometry":{"type":"LineString","coordinates":[[78.5974993,30.1450933],[78.5973126,30.1446076],[78.5971543,30.1441716],[78.5969907,30.1436334],[78.5968995,30.1431997],[78.5968459,30.1428054],[78.5966688,30.1406575],[78.5962976,30.1368732],[78.5961539,30.1357886],[78.5960814,30.1353618],[78.5959607,30.13487],[78.5958159,30.1343782],[78.5957247,30.1340488],[78.5956979,30.1336638],[78.5957515,30.1316409],[78.5958441,30.1311666],[78.5960251,30.1307919],[78.596229,30.1305182],[78.5964972,30.1302491],[78.5967654,30.1300635],[78.5976872,30.1296191],[78.5995103,30.1288453],[78.6000538,30.1285788],[78.6005766,30.1282384],[78.600837,30.1279756],[78.6010408,30.1277065],[78.6011543,30.1274635],[78.6012018,30.1272611],[78.6011803,30.1270477],[78.6010569,30.1268064],[78.6008102,30.1264538],[78.6003917,30.1259759],[78.5999733,30.1255537],[78.5995603,30.1252057],[78.5990184,30.1248391],[78.5984874,30.1245259],[78.5980582,30.1243195],[78.5976237,30.1241524],[78.5968995,30.1239483],[78.5948396,30.1235075],[78.5941046,30.1233729],[78.593359,30.1232987],[78.5919321,30.1231873],[78.5908323,30.1230968],[78.5903066,30.1230296],[78.5897326,30.1229182],[78.588869,30.1227303],[78.5883808,30.1225957],[78.5879758,30.1224264],[78.5875547,30.1222315],[78.5873026,30.12209],[78.5870102,30.1218881],[78.5868359,30.1216817],[78.5867313,30.121445],[78.5866615,30.1211828],[78.5865971,30.1207768],[78.5865569,30.1204451],[78.5864899,30.1198981],[78.5864577,30.1196354],[78.5864148,30.1191783],[78.5864201,30.1187886],[78.5864469,30.1184985],[78.5865194,30.1181459],[78.5866106,30.1177932],[78.58675,30.1173431],[78.5869083,30.1168606],[78.5870665,30.1164499],[78.5873616,30.1158188],[78.5884345,30.1139024],[78.5887027,30.1133223],[78.5888958,30.1128583],[78.5889629,30.1126448],[78.5890031,30.1124128],[78.5890406,30.1119441],[78.5890406,30.1115357],[78.5890299,30.1109974],[78.5890004,30.1105543],[78.5889548,30.1101204],[78.5888421,30.1093872],[78.5887349,30.1088071],[78.5885793,30.1083291],[78.5883164,30.1077026],[78.5873803,30.1057257],[78.5871872,30.1053382],[78.5870454,30.1051523],[78.5868278,30.1049646],[78.5865542,30.104823],[78.5862753,30.1047302],[78.5859623,30.1046728],[78.5857603,30.1046583],[78.5855055,30.1046583],[78.5851783,30.1047279],[78.5840732,30.1052105],[78.5833061,30.1055168],[78.5826302,30.1057025],[78.582142,30.1057628],[78.5815787,30.1057071],[78.5810262,30.1055586],[78.5804361,30.1052709],[78.5799265,30.1049367],[78.5795993,30.1046629],[78.5792935,30.1042685],[78.5791647,30.1039622],[78.5791218,30.1035863],[78.5791647,30.1031918],[78.5793525,30.1021569],[78.5795295,30.1014166],[78.579669,30.1010616],[78.5798541,30.1007158],[78.5801786,30.1002587],[78.5809779,30.099298],[78.5842989,30.0956475],[78.586455,30.0932876],[78.5877746,30.0919231],[78.5897434,30.0899922],[78.5914332,30.0883027],[78.5917711,30.0878618],[78.5919589,30.0874533],[78.5921574,30.0869102],[78.59227,30.08633],[78.5922915,30.0858612],[78.5922486,30.0853692],[78.5921627,30.0849143],[78.5919803,30.0844919],[78.5917067,30.0840834],[78.5913312,30.0837028],[78.5891318,30.0819807],[78.58778,30.080848],[78.585661,30.0788473],[78.5849208,30.0781093],[78.5844165,30.0775058],[78.5836548,30.076452],[78.5830808,30.075635],[78.5827535,30.0750733],[78.5825282,30.0745302],[78.5824209,30.0740474],[78.5823995,30.0735321],[78.5824048,30.0730121],[78.5824585,30.0725665],[78.582598,30.072093],[78.5828072,30.0717169],[78.58307,30.0714987],[78.583467,30.0713688],[78.5839605,30.0713084],[78.5844058,30.0713595],[78.584851,30.0714895],[78.5856396,30.0718701],[78.5861385,30.0720558],[78.5867554,30.0721672],[78.587544,30.0722415],[78.588354,30.0722415],[78.5892498,30.0721301],[78.5904086,30.071833],[78.5925543,30.0711274],[78.5934073,30.0708442],[78.5943568,30.0705935],[78.5954672,30.070366],[78.5992089,30.0697602],[78.599968,30.0696093],[78.6003327,30.0695025],[78.6007163,30.0693539],[78.6011776,30.0691288],[78.6015719,30.0688781],[78.601934,30.0685601],[78.6022183,30.0682328],[78.6024114,30.0679078],[78.6025048,30.067667],[78.6025402,30.0674575],[78.6025321,30.0672439],[78.6024785,30.066977],[78.6023337,30.0666102],[78.6021298,30.0662667],[78.6018187,30.0658813],[78.6014003,30.0654821],[78.6009443,30.0651199],[78.6005688,30.0649017],[78.6001772,30.0647253],[78.5997695,30.0646232],[78.5993457,30.0645674],[78.5989594,30.0645721],[78.5985249,30.0646185],[78.5979724,30.0647485],[78.5974628,30.0649296],[78.5948878,30.0659835],[78.5939598,30.0663131],[78.5930961,30.0664895],[78.5924095,30.0665081],[78.5919321,30.0664059],[78.5914546,30.0661645],[78.5910469,30.0658581],[78.5906339,30.0654217],[78.5902101,30.0648414],[78.5899365,30.0643307],[78.5897005,30.0637503],[78.589561,30.0631421],[78.5894591,30.0625664],[78.5894322,30.0619211],[78.589443,30.06109],[78.589502,30.0603796],[78.5896951,30.0586757],[78.5898775,30.0573524],[78.5900009,30.0562404],[78.5900009,30.0556763],[78.589974,30.0551609],[78.5899257,30.0546509],[78.5897541,30.0538097],[78.5896602,30.0534685],[78.5895529,30.0532224],[78.5893679,30.0530436],[78.5890782,30.0528672],[78.5885954,30.0526814],[78.5879677,30.0525282],[78.5872972,30.0524353],[78.5867125,30.0524168],[78.5862082,30.0524585],[78.5856637,30.0525514],[78.5851568,30.0527139],[78.5846364,30.0529461],[78.5842127,30.0531968],[78.5838854,30.0534708],[78.5835421,30.0538422],[78.5830754,30.054418],[78.582032,30.0556809],[78.581737,30.0561011],[78.5815063,30.0564679],[78.5812837,30.0569253],[78.5805032,30.0589496],[78.5803583,30.0592862],[78.5801464,30.0597412],[78.5798487,30.0603564],[78.5796341,30.0607557],[78.5794088,30.0611457],[78.5791969,30.0614498],[78.5789126,30.0617841],[78.5785586,30.0621137],[78.5782313,30.062332],[78.5778505,30.06252],[78.5773462,30.0627312],[78.5765442,30.0630284],[78.5761499,30.0631468],[78.5757744,30.0632234],[78.5753211,30.063286],[78.5747203,30.0633441],[78.5742268,30.0633766],[78.5737735,30.0633696],[78.5732853,30.0633278],[78.5728267,30.0632303],[78.572419,30.0630934],[78.5713676,30.0626453],[78.570933,30.0624782],[78.5703403,30.0622995],[78.5695115,30.0620789],[78.5686719,30.061877],[78.5678431,30.0617168],[78.5672128,30.0616309],[78.5667139,30.0615937],[78.5663331,30.061603],[78.5660085,30.0616262],[78.5657188,30.0617005],[78.5654935,30.0618352],[78.5653111,30.0620348],[78.5650617,30.0624155],[78.5646701,30.0631653],[78.5643214,30.0639964],[78.5641122,30.0647207],[78.5640264,30.0651896],[78.5639566,30.0661134],[78.563911,30.0665707],[78.563852,30.0670768],[78.5637581,30.0675202],[78.5636374,30.0679426],[78.5634899,30.068328],[78.5633974,30.0685241],[78.5632847,30.0687063],[78.5631868,30.0688108],[78.5630527,30.0689013],[78.5628033,30.0690081],[78.562409,30.0691311],[78.5617411,30.0692425],[78.5554379,30.0698971],[78.5536355,30.0700503],[78.5509747,30.0702128],[78.5503793,30.0702778],[78.5497972,30.0703962],[78.5492903,30.0705378],[78.5488531,30.0707142],[78.5459107,30.0722879],[78.5452294,30.0725758],[78.5446662,30.0727615],[78.5442799,30.072845],[78.5437649,30.0728914],[78.5410559,30.0729379],[78.5408011,30.0729611],[78.5405342,30.073011],[78.5401694,30.0731201],[78.5390291,30.0735345],[78.5384622,30.0737503],[78.5338059,30.0754702],[78.533358,30.0756118],[78.5330549,30.0756675],[78.5327733,30.0756977],[78.5324031,30.0756977],[78.5318962,30.0756629],[78.5311076,30.0755398],[78.529332,30.0751406],[78.5280043,30.0748598],[78.5269743,30.0746462],[78.5264701,30.0745255],[78.5258478,30.0743259],[78.5253569,30.0741333],[78.5250539,30.0739824],[78.5248795,30.0738617],[78.5246998,30.0737085],[78.5233694,30.0723367],[78.5227606,30.0716287],[78.5226211,30.0713966],[78.5225353,30.0711552],[78.5225245,30.0709208],[78.5225674,30.0707351],[78.5228276,30.0700758],[78.5231602,30.0693145],[78.5233319,30.0689083],[78.5234767,30.0684672],[78.5235491,30.068191],[78.5235813,30.0678312],[78.5235599,30.0674343],[78.5234488,30.0669784],[78.5233104,30.0665499],[78.5231254,30.0662011],[78.5229698,30.0660067],[78.522723,30.0658349],[78.5224119,30.065691],[78.5220873,30.0656283],[78.5217977,30.0656097],[78.5215402,30.0656445],[78.5211647,30.0657513],[78.5203332,30.0660693],[78.5199174,30.0662063],[78.5196143,30.0662806],[78.5192817,30.0663154],[78.5165244,30.0664454],[78.5155562,30.0665266],[78.5151297,30.0665359],[78.5147434,30.0665034],[78.5143089,30.0664106],[78.5139415,30.0662736],[78.513751,30.0661343],[78.5136491,30.0659742],[78.5135579,30.0657119],[78.5134828,30.0653822],[78.5134211,30.0649505],[78.5133648,30.0644328],[78.5133541,30.063806],[78.5133862,30.0634509],[78.513464,30.0630725],[78.5135901,30.0626686],[78.513971,30.0616518],[78.5141399,30.0611109],[78.5142285,30.0606907],[78.5142982,30.0601661],[78.5143197,30.0595857],[78.5142955,30.0590796],[78.5142499,30.0586478],[78.5141319,30.0581325],[78.5140139,30.0577053],[78.5138476,30.0573106],[78.5136491,30.0569763],[78.5134184,30.0566583],[78.5130858,30.056259],[78.5126084,30.0557645],[78.5122812,30.0554906],[78.5118574,30.0552886],[78.5114175,30.0551818],[78.5109562,30.0551516],[78.5103151,30.0551934],[78.5098001,30.055277],[78.5091725,30.0554418],[78.5082686,30.0557413],[78.5072493,30.0561499],[78.5062784,30.0566235],[78.5055327,30.0570646],[78.5046798,30.0576171],[78.5040468,30.0581278],[78.502357,30.0596971],[78.5008174,30.061155],[78.4998357,30.0620511],[78.4989935,30.0629053],[78.4987038,30.0632652],[78.4985268,30.0635112],[78.4984088,30.0637387],[78.498323,30.0640103],[78.49828,30.0643237],[78.4982505,30.0648506],[78.4982693,30.0658163],[78.4983337,30.0665359],[78.4984517,30.0672091],[78.4986448,30.0677059],[78.4989399,30.0682722],[78.4995568,30.0694189],[78.5001361,30.0705842],[78.5003775,30.0711413],[78.5006136,30.0717541],[78.5007686,30.0722947],[78.500855,30.07278],[78.5008818,30.0731607],[78.5008174,30.0736714],[78.5006726,30.0742191],[78.500458,30.0746462],[78.5001737,30.0750733],[78.4998035,30.0753751],[78.4994227,30.0755468],[78.4989452,30.0756907],[78.4984463,30.0757279],[78.4980065,30.0756977],[78.4976095,30.0756118],[78.497014,30.0754447],[78.4961665,30.0751476],[78.4952974,30.0747576],[78.494848,30.0745621],[78.4943265,30.0743352],[78.493613,30.0739499],[78.4930873,30.0736064],[78.4927225,30.0732443],[78.4924489,30.0728404],[78.4922773,30.0724644],[78.4921271,30.0719908],[78.4917194,30.0702128],[78.4914511,30.0691961],[78.4910971,30.0680308],[78.4908825,30.0675016],[78.4907108,30.0670838],[78.4903943,30.0664709],[78.4894609,30.0648274],[78.489182,30.0643167],[78.4889084,30.0637503],[78.4886616,30.0631189],[78.4884095,30.0623111],[78.4882647,30.0616889],[78.4881359,30.0609971],[78.4879589,30.0600454],[78.4878194,30.0594464],[78.4875888,30.0590053],[78.4872293,30.0585782],[78.4868377,30.0582207],[78.4863979,30.0579235],[78.4853411,30.0573478],[78.4833562,30.0562799],[78.4824496,30.055862],[78.4815323,30.0555231],[78.4809905,30.0553838],[78.4803951,30.0553652],[78.4798372,30.0555045],[78.4793168,30.0557645],[78.4789896,30.0560663],[78.4787375,30.0564749],[78.4786195,30.0567953],[78.4785068,30.0572456],[78.4784853,30.0578214],[78.4785926,30.0584157],[78.4787536,30.059075],[78.4789681,30.0598132],[78.4791237,30.0605421],[78.4791827,30.0611179],[78.4792203,30.0617307],[78.4791988,30.0621857],[78.4791237,30.0627011],[78.4786034,30.0647578],[78.4784371,30.0652546],[78.4781849,30.065691],[78.477847,30.0659835],[78.4774983,30.0661645],[78.4770745,30.0662667],[78.4765059,30.0662388],[78.4756315,30.0660763],[78.4745425,30.0657931],[78.4731746,30.0650178],[78.4727722,30.0647624],[78.4722358,30.0646696],[78.4712005,30.0646185],[78.4698862,30.0644514],[78.468765,30.0642935],[78.4680274,30.0642471],[78.4673193,30.0642448],[78.466689,30.0642866],[78.4661874,30.0643539],[78.4657985,30.0644421],[78.4654632,30.064528],[78.4649992,30.0646812],[78.4645244,30.0648576],[78.463811,30.0651501],[78.4633121,30.0654054],[78.4623894,30.0659324],[78.4613031,30.0665684],[78.4607935,30.0668145],[78.4603482,30.066977],[78.4599245,30.0670884],[78.4593719,30.0671905],[78.4574461,30.0674412],[78.4529404,30.0682555],[78.452822,30.0682769],[78.4517383,30.068639],[78.4510571,30.0689268],[78.4504884,30.0692425],[78.4499895,30.0696139],[78.4493458,30.0702174],[78.4484607,30.0711552],[78.4473503,30.0723947],[78.4467816,30.0730121],[78.4461486,30.0735878],[78.4449148,30.0744977],[78.4435308,30.0752961],[78.4423721,30.0758718],[78.4408057,30.0765449],[78.4375551,30.0780118],[78.4366912,30.0784853],[78.4357738,30.0791305],[78.4348082,30.0799336],[78.4341699,30.0805277],[78.4337676,30.0810569],[78.4335637,30.0814701],[78.4334671,30.0818368],[78.4334564,30.0821199],[78.4335574,30.0824777],[78.433966,30.0832525],[78.4342128,30.0837771],[78.4343255,30.0841623],[78.4344006,30.0845708],[78.4345293,30.0856663],[78.4346205,30.0864228],[78.4346849,30.0872676],[78.4346849,30.0877039],[78.434642,30.0882377],[78.4344381,30.0900711],[78.4340527,30.0952534],[78.4340411,30.0954087],[78.4339499,30.096272],[78.43373,30.0979382],[78.4336495,30.0986947],[78.4336495,30.0991263],[78.4337246,30.0995022],[78.4338641,30.0998967],[78.4345829,30.1012797],[78.4347975,30.1017438],[78.4349155,30.1021337],[78.4352481,30.1039343],[78.4353527,30.1044355],[78.43546,30.1048671],[78.4356987,30.105489],[78.4359133,30.1059624],[78.4361815,30.1064589],[78.4365141,30.1070158],[78.4382683,30.1095496],[78.4384829,30.109944],[78.4385902,30.1103617],[78.4386009,30.1109046],[78.4385204,30.1113107],[78.4383863,30.1116564],[78.4382173,30.1119627],[78.4380001,30.1122365],[78.4376514,30.1125613],[78.4373403,30.1127283],[78.4369808,30.1128351],[78.4363103,30.1129279],[78.4356692,30.1129905],[78.4348619,30.1130346],[78.4339982,30.1130532],[78.4284621,30.1130578],[78.4272444,30.1131135],[78.4263486,30.1132295],[78.4257853,30.1133641],[78.4253293,30.1135729],[78.4249431,30.1138281],[78.424648,30.1140973],[78.4244603,30.1143572],[78.4236172,30.1155315],[78.4220892,30.1178234],[78.4217673,30.1183802],[78.4215206,30.118951],[78.4213811,30.1193779],[78.4213543,30.1198094],[78.4214508,30.1205564],[78.4215957,30.1211921],[78.4216064,30.1214845],[78.4214991,30.1218046],[78.4212577,30.1221573],[78.4207374,30.122844],[78.4201473,30.1236374],[78.4197289,30.1242963],[78.4194767,30.1247742],[78.4192729,30.1252474],[78.4190851,30.1258599],[78.4188062,30.1269317],[78.4186131,30.1281937],[78.4185219,30.1289964],[78.4184816,30.1292399],[78.4184146,30.1294371],[78.4183073,30.1296645],[78.4180391,30.1300681],[78.4176475,30.1305367],[78.4171539,30.1309125],[78.4165317,30.1312512],[78.4156787,30.1316409],[78.4142043,30.1322912],[78.413313,30.1327173],[78.4128249,30.1329771],[78.4123743,30.1332555],[78.4119129,30.1335942],[78.4115696,30.1339236],[78.4110224,30.1344989],[78.4106952,30.1348051],[78.4103841,30.1350556],[78.4099442,30.1352783],[78.409338,30.1354453],[78.4072298,30.1358721],[78.4066853,30.1359974],[78.4062132,30.1361482],[78.4057653,30.1363152],[78.4052449,30.1365634],[78.4042364,30.1371201],[78.4037429,30.1373521],[78.4032923,30.137533],[78.4030214,30.1376211],[78.4027398,30.1376768],[78.4022665,30.1377386],[78.4014738,30.1377928],[78.4007978,30.1377974],[78.4002614,30.1377418],[78.399623,30.1376211],[78.3989417,30.1374263],[78.3983087,30.1371897],[78.3967381,30.1365166],[78.3965224,30.1364242],[78.3957607,30.1361922],[78.3953449,30.1360832],[78.3949614,30.136002],[78.3945617,30.1359417],[78.3940467,30.1358837],[78.3932501,30.1358188],[78.3924454,30.1357561],[78.3920109,30.1356587],[78.3915174,30.1354453],[78.3912545,30.135218],[78.3910882,30.1349721],[78.3909488,30.1346288],[78.3907759,30.1342561],[78.3905196,30.1326964],[78.3904874,30.1323392],[78.3904901,30.132084],[78.390525,30.1318729],[78.3906162,30.1317036],[78.3907744,30.1315505],[78.3913645,30.1311723],[78.3917695,30.1309149],[78.3920126,30.1307233],[78.3921611,30.1305669],[78.3922738,30.1303767],[78.3923435,30.1301586],[78.3923703,30.1299173],[78.3923542,30.1295902],[78.3922148,30.1287969],[78.3921611,30.128319],[78.3921504,30.127855],[78.3921611,30.1272704],[78.392204,30.1265095],[78.3922684,30.1256743],[78.3922255,30.1250433],[78.3921504,30.1244494],[78.3920431,30.1239854],[78.39185,30.1234657],[78.3914959,30.1228393],[78.3911043,30.1222176],[78.3907396,30.1217721],[78.3904284,30.1214705],[78.3900502,30.1209973],[78.3893985,30.120691],[78.3887547,30.120814],[78.3884784,30.120981],[78.3879876,30.1212408],[78.3873385,30.1216144],[78.3872818,30.1216274],[78.3868933,30.1217165],[78.3864051,30.1217721],[78.3853751,30.1217861],[78.3839858,30.121735],[78.3828914,30.1216376],[78.3820492,30.1215401],[78.3814859,30.1214473],[78.3811909,30.1213638],[78.3808958,30.1212432],[78.3806813,30.1210808],[78.3777282,30.11819],[78.3774251,30.1179672],[78.3771113,30.1177816],[78.3767787,30.1176517],[78.3765292,30.1175752],[78.3761162,30.11748],[78.3753437,30.1176053],[78.3735868,30.1170554],[78.3731523,30.1170067],[78.3727473,30.1170114],[78.3720687,30.1170763],[78.3716208,30.1171552],[78.3712453,30.1172434],[78.3708081,30.1173779],[78.3703172,30.1175636],[78.3699576,30.117721],[78.3680695,30.1185473],[78.3673775,30.1188512],[78.366707,30.119176],[78.3658647,30.1196099],[78.3651003,30.1200762],[78.3642232,30.1206492],[78.3634829,30.1211272],[78.3629733,30.1215123],[78.3625013,30.1219253],[78.3609287,30.1233795],[78.3604923,30.1236931],[78.3601034,30.1239529],[78.3594737,30.1243135],[78.3588357,30.1246605],[78.3569204,30.1255626],[78.3564609,30.1257346],[78.3557442,30.1259886],[78.3523745,30.1271736],[78.3516812,30.1274885],[78.3509248,30.1278643],[78.3495037,30.1285263],[78.3481407,30.1293211],[78.3471577,30.1301383],[78.3461015,30.1313227],[78.345437,30.1320678],[78.3449891,30.1325016],[78.3445439,30.1328913],[78.3440584,30.1332323],[78.3433637,30.1336545],[78.3427709,30.1339421],[78.3423888,30.1340969],[78.3417946,30.1342947],[78.3410543,30.1345035],[78.340255,30.1346752],[78.3397857,30.1347267],[78.3394933,30.1347587],[78.3388871,30.1347772],[78.3381092,30.1347262],[78.3369971,30.1345672],[78.3361888,30.1344107],[78.3353358,30.1341741],[78.3339465,30.1337287],[78.3328038,30.1332833],[78.3321816,30.1329864],[78.3316719,30.132657],[78.3312455,30.1323392],[78.3310121,30.1321351],[78.3308539,30.131924],[78.3307385,30.1317129],[78.3306259,30.1314182],[78.3305615,30.1310192],[78.3305669,30.130546],[78.3306139,30.1299031],[78.3306795,30.1290056],[78.3306581,30.1284721],[78.3306098,30.1280591],[78.3305186,30.1276509],[78.3303255,30.1270546],[78.3299822,30.1262264],[78.3297193,30.125665],[78.3294403,30.125201],[78.3291024,30.1247835],[78.3287569,30.1244803],[78.3285686,30.1243427],[78.3282816,30.1241826],[78.3279625,30.1240643],[78.3276379,30.12399],[78.3272302,30.1239274],[78.3267796,30.1238949],[78.326447,30.1239158],[78.3260742,30.1240132],[78.3257711,30.1241965],[78.3254921,30.1244703],[78.3251542,30.1248507],[78.3246499,30.1254748],[78.3241779,30.1259643],[78.3238828,30.12618],[78.3236039,30.126303],[78.323274,30.1263726],[78.322877,30.1264004],[78.3224666,30.126361],[78.3219382,30.1262612],[78.3208727,30.1260099],[78.3204657,30.1259017],[78.3197388,30.1256952],[78.3189985,30.1254678],[78.317526,30.1249319],[78.3163941,30.1244772],[78.3154929,30.1240643],[78.314537,30.1235261],[78.3133632,30.1227744],[78.312462,30.1221573],[78.3115607,30.1214149],[78.3107883,30.1206446],[78.3102936,30.1199776],[78.3099353,30.1193825],[78.3095652,30.1186401],[78.3091038,30.117545],[78.3088652,30.1168225],[78.308782,30.1161297],[78.3087577,30.115496],[78.3088356,30.1149372],[78.309018,30.1141483],[78.3092648,30.1134708],[78.3098961,30.1125403],[78.3100212,30.1115589],[78.3101714,30.1109789],[78.3102894,30.1103895],[78.3103323,30.1097259],[78.3102679,30.109118],[78.3100963,30.1085055],[78.3098173,30.1077583],[78.30937,30.1067756],[78.3090877,30.1061201],[78.3087552,30.1055261],[78.3083689,30.1049646],[78.3078486,30.1043891],[78.3073229,30.103939],[78.3065343,30.1033867],[78.3056116,30.1028112],[78.3048552,30.1023611],[78.3040345,30.1020501],[78.3033746,30.101883],[78.3024681,30.1017206],[78.3012503,30.1016324],[78.2999575,30.1016278],[78.2988632,30.1017392],[78.2967603,30.1020594],[78.295902,30.102078],[78.2947916,30.1019573],[78.2938253,30.1017544],[78.2932037,30.1015675],[78.2925546,30.1012612],[78.2915837,30.1007042],[78.2909077,30.100203],[78.2904357,30.0996368],[78.2901138,30.0991077],[78.2898778,30.0986297],[78.2897133,30.0980094],[78.2896739,30.097423],[78.2897061,30.0967686],[78.2897705,30.096091],[78.2899636,30.0950931],[78.2902211,30.0942484],[78.2906234,30.0933294],[78.2915716,30.0914373],[78.2920611,30.0902522],[78.2924688,30.0890732],[78.2926588,30.0879169],[78.2926726,30.0865296],[78.2925224,30.0850071],[78.2922649,30.083531],[78.2916641,30.0813772],[78.2909346,30.0794833],[78.2899529,30.0770741],[78.2893842,30.0758253],[78.2890012,30.0751609],[78.2884828,30.0743629],[78.285259,30.0694932],[78.2838213,30.0671627],[78.2811928,30.0628821],[78.2804954,30.0617493],[78.2798517,30.0608486],[78.2790792,30.0599479],[78.2762682,30.0568742],[78.2756996,30.0561499],[78.275485,30.0555277],[78.2753241,30.054887],[78.2752168,30.0542833],[78.2751632,30.0535404],[78.2750237,30.0510795],[78.2749057,30.0501973],[78.2746804,30.0495008],[78.2742834,30.0487764],[78.2736182,30.0480799],[78.272084,30.0467518],[78.2717299,30.0461389],[78.2715368,30.0454888],[78.2725962,30.0437874],[78.2730732,30.042647],[78.2732061,30.042072],[78.27314,30.0415733],[78.2726476,30.0405684],[78.2714196,30.0393144],[78.2708685,30.0387516],[78.2703703,30.0382428],[78.2676675,30.0363945],[78.2658959,30.0355097],[78.2620232,30.0350593],[78.2581962,30.0345106],[78.2515482,30.0320602],[78.2505856,30.0312458],[78.2503101,30.0304659],[78.2502692,30.0287314],[78.2471132,30.0258219],[78.2439452,30.0234356],[78.2444334,30.0210355],[78.2449657,30.0183776],[78.2447081,30.0181513],[78.2430097,30.0166596],[78.2408985,30.0157309],[78.2385834,30.015231],[78.2351537,30.0119859],[78.2321329,30.0042168],[78.2320193,30.0001649],[78.2316787,29.998906],[78.2311549,29.997206],[78.231109,29.9953633],[78.2315398,29.9934178],[78.231982,29.9923966],[78.2317364,29.9909783],[78.2307845,29.9890182],[78.2296266,29.9878548],[78.2267432,29.9862601],[78.22584,29.9853875],[78.225077,29.984128],[78.2242883,29.983552],[78.2227521,29.9830296],[78.2212544,29.983231],[78.2197722,29.9839231],[78.217572,29.9863704],[78.2161245,29.9870925],[78.2148276,29.9874436],[78.2133685,29.9874937],[78.2088293,29.9866412],[78.2068723,29.9858789],[78.2053437,29.9847155],[78.2015919,29.9813453],[78.1995665,29.9800677],[78.1977051,29.9793949],[78.1963244,29.979308],[78.1955629,29.9795917],[78.1952283,29.9798536],[78.1951473,29.9803158],[78.1945304,29.9805119],[78.1928814,29.9803521]]}},{"type":"Feature","properties":{"osm_id":82295325,"group":"gangaUpper","version":8,"timestamp":"2021-04-16T06:57:29Z","tags":{"name":"Ganga","name:bn":"গঙ্গা নদী","name:en":"Ganges","waterway":"river"},"nodes":[299486940,8634332210,1207243924,8634332211,1207244220,1207244256,1187111291,299486444]},"geometry":{"type":"LineString","coordinates":[[78.1928814,29.9803521],[78.1920147,29.9799646],[78.1912549,29.9794293],[78.1901601,29.9781375],[78.1883453,29.9755845],[78.1868464,29.9735129],[78.1858715,29.9709014],[78.1852505,29.9691395]]}},{"type":"Feature","properties":{"osm_id":27283151,"group":"gangaUpper","version":24,"timestamp":"2023-08-15T17:30:03Z","tags":{"name":"Ganga","name:bn":"গঙ্গা নদী","name:en":"Ganges","waterway":"river"},"nodes":[299486444,299486876,299486875,1187111343,299485120,8634722955,8634722956,299486391,299486393,299485697,8634722957,2357698991,8634722958,8634722959,299486395,1207384673,299486397,299486398,4753639138,4753639137,299485701,4753639136,4753639151,299485703,4753639150,299485704,299485705,299486399,299486400,4753639149,299486402,567475027,567475024,4753639148,567475022,567475021,567475019,2357697693,567475016,8634420477,1213090948,567475014,1213090973,567475012,1213090808,567475010,8634420476,567475008,1213090898,567475007,1213090887,1213090854,567475005,8634391101,567475003,8634391102,8634391103,567475001,567475000,567474999,1213652696,1213652700,8634391104,1213652529,1213652533,1213652540,1213652573,1213652599,1213652649,1213652530,1213652713,1213652602,8634391105,8634391106,8634391107,8634391108,567474996,567474995,8634391110,8634391109,8634391111,1213652647,8634391112,8634391113,1213652731,8634391114,567474994,8634391115,1213652639,1213652704,1213652728,1213652721,567474991,567474990,1213652522,2357525799,1213652650,1213652646,567474987,1213652637,567474986,1213652611,1213652538,1213652690,1213652694,1213652653,1213652657,1213652576,1213652570,1213652588,567474985,1213652583,567474984,1213652526,567474983,1213652605,567474982,8634443116,8634443115,1213652726,567474981,1213652595,1213652656,8634443114,567474980,1213652641,1213652519,567474979,8634443107,567474978,8634443108,8634443109,8634443110,8634443111,8634443112,8634443113,567474977,567474976,567474975,8634443105,8634443104,8634443106,567474974,567474973,8634443103,567474972,567474971,5635186727,567474970,567474969,567474968,567474967,567474966,567474965,567474964,567474963,567474962,8634443084,567474961,10302809339,10302809338,567474949,8634443080,567474948,567474947,8634443081,567474946,567474945]},"geometry":{"type":"LineString","coordinates":[[78.1852505,29.9691395],[78.1830887,29.9651477],[78.180378,29.9605165],[78.1795978,29.9590837],[78.1789919,29.9577209],[78.1786666,29.957191],[78.1785364,29.9569882],[78.1772289,29.9548849],[78.1759854,29.951873],[78.17464,29.9471747],[78.1743711,29.9468702],[78.174009,29.9466187],[78.1702405,29.9446344],[78.1696987,29.9444531],[78.16905,29.9443391],[78.1662275,29.9444671],[78.1643489,29.9444574],[78.1616345,29.9422457],[78.1603528,29.9407571],[78.1597949,29.9394184],[78.1595156,29.9380657],[78.1601811,29.9366757],[78.1609757,29.9355914],[78.1625689,29.9326519],[78.1630356,29.930645],[78.1627004,29.9227898],[78.1620781,29.9188675],[78.1621917,29.9172718],[78.1627862,29.9155607],[78.1629525,29.9141212],[78.162724,29.9125086],[78.1618334,29.9086046],[78.1618485,29.9068636],[78.1623624,29.9046911],[78.1638505,29.9022599],[78.1655263,29.9002566],[78.1669662,29.8984075],[78.1682992,29.897021],[78.169466,29.8960246],[78.169806,29.8955734],[78.1700067,29.8949922],[78.1700427,29.8931389],[78.1699585,29.8920139],[78.1700132,29.8908311],[78.1703484,29.8899405],[78.1722737,29.8871774],[78.1725526,29.8865136],[78.1727227,29.8855844],[78.1727126,29.8828668],[78.1726169,29.8800577],[78.1725542,29.8784843],[78.1724667,29.8775739],[78.1721449,29.8762715],[78.1714797,29.874383],[78.1703853,29.8718804],[78.1694734,29.8702336],[78.1688511,29.8694708],[78.1682074,29.8691079],[78.1674135,29.8688753],[78.1665981,29.8684939],[78.1657183,29.8677682],[78.1651175,29.8670332],[78.1647742,29.8661214],[78.1644201,29.8645676],[78.164463,29.8631441],[78.164624,29.8619531],[78.165096,29.8606133],[78.1656968,29.8594595],[78.1662118,29.8586686],[78.1670701,29.8578684],[78.1681645,29.8570682],[78.1692374,29.8565192],[78.1709432,29.8559051],[78.1713617,29.8555888],[78.1715548,29.85517],[78.1715977,29.8547513],[78.171469,29.8542767],[78.1705141,29.85276],[78.1702351,29.851876],[78.1702137,29.8514573],[78.1702781,29.8509641],[78.170689,29.8496086],[78.1709862,29.8486656],[78.1711149,29.8478188],[78.1711149,29.8469441],[78.1708252,29.8452784],[78.1707716,29.84472],[78.1708574,29.8442454],[78.1711364,29.8436033],[78.1714582,29.8429705],[78.1715977,29.8423656],[78.1717372,29.8412674],[78.1719072,29.8390882],[78.1721636,29.8377946],[78.1722033,29.8367038],[78.1722892,29.8348784],[78.1723042,29.8342942],[78.1723288,29.833774],[78.1724157,29.8328247],[78.1727344,29.8313104],[78.1730863,29.8305705],[78.1737332,29.8299665],[78.1740884,29.8293336],[78.1743984,29.8284885],[78.1744757,29.8274879],[78.1737161,29.8246742],[78.1722844,29.8221878],[78.1718767,29.8212663],[78.1716084,29.8198979],[78.1713547,29.8181986],[78.17158,29.8169046],[78.1720698,29.8152996],[78.1728423,29.8138195],[78.1738937,29.8125255],[78.174937,29.8115678],[78.178381,29.8097685],[78.1792688,29.8092487],[78.1798375,29.8085785],[78.1801379,29.8074148],[78.1805348,29.8052922],[78.1810713,29.8042495],[78.1818437,29.8035048],[78.1830883,29.8026483],[78.1845689,29.8014938],[78.1858992,29.7997249],[78.1868005,29.7977325],[78.1871652,29.7947904],[78.1869292,29.7915689],[78.1861138,29.787919],[78.1852126,29.7851814],[78.184011,29.7825556],[78.1835174,29.7812519],[78.1837106,29.7801158],[78.1844616,29.7785514],[78.1865001,29.7754784],[78.1898689,29.7714553],[78.1922722,29.7697977],[78.1977224,29.7672273],[78.2003402,29.7648245],[78.2024431,29.7625892],[78.2034301,29.7606147],[78.203473,29.7583794],[78.2026147,29.7558087],[78.1993103,29.7505926],[78.1976366,29.7478913],[78.1968212,29.7460096],[78.1959843,29.742209],[78.1955337,29.7401037],[78.1943965,29.7362283],[78.1928944,29.7330235],[78.1885814,29.726241],[78.1862426,29.7209674],[78.181114,29.7145942],[78.1783674,29.709376],[78.1751704,29.7034677],[78.1739473,29.7021258],[78.1713724,29.6988081],[78.1701278,29.6968509],[78.1693125,29.6950988],[78.1565664,29.6832807],[78.1469534,29.6695593],[78.1456876,29.6576633],[78.1453013,29.6566937],[78.1451726,29.6553697],[78.1449151,29.6530761],[78.144325,29.6513326],[78.1437349,29.6502603],[78.1427264,29.6487032]]}},{"type":"Feature","properties":{"osm_id":1016304776,"group":"gangaUpper","version":4,"timestamp":"2023-01-03T17:22:55Z","tags":{"name":"Ganga","name:bn":"গঙ্গা নদী","name:en":"Ganges","waterway":"river"},"nodes":[567474945,8634786167,8634786168,8634786169,8634786170,8634786172,8634786173,8634786171,8634786174,8634786175,8634786176,567475693,567475695,8634786158,8634786159,2876607949,8634786160,567475696,567475697,8634786161,8634786162,8634786157,8634786163,567475698,567475699,8634786164,8634786165,8634786166,9374053695,567475700,9374053696,9374053697,567475701,567475702,8634786150,9374053698,8634786151,9374069234,9374053699,8634786152,8634786153,8634786154,8634786155,567475704,567475705,8634786156,567475706,567475708,9374069300,567475710,9374069299,9397920553,9374069298,9397920552,9397920551,9397920550,9397920549,9374069297,9397920548,9397920547,9374069296,9374069295,9374069294,9374069293,9374069292,9374069291,9374069265,9374069290,9374069289,9397894289,9397894290,9374069288,9397894291,9397894292,9397894293,9397894296,10302809372,10302809373,10302809337,10302809374,2480890324,2480890323,8634786125,8634786126,2480890317,8634786129,8634786130,2480890316,2480890315,8634786131,8634786132,9360805791,9360805792,9360805793,9360805794,567475729]},"geometry":{"type":"LineString","coordinates":[[78.1427264,29.6487032],[78.1412673,29.6469036],[78.1397652,29.6454303],[78.1376624,29.6441249],[78.135302,29.6431552],[78.1321049,29.6424838],[78.128736,29.6417937],[78.1267833,29.6412529],[78.1231355,29.6399474],[78.1187153,29.6388284],[78.1136513,29.638213],[78.1090593,29.6375229],[78.105065,29.6367981],[78.0991673,29.6356951],[78.0974722,29.6351916],[78.0957126,29.6343523],[78.0940604,29.6327856],[78.0924296,29.6310323],[78.0901336,29.6274512],[78.0886316,29.6239072],[78.0874944,29.6223963],[78.0862498,29.6212211],[78.0849409,29.6202885],[78.0817222,29.6182366],[78.0733537,29.6123044],[78.0670023,29.6076779],[78.0646848,29.6053272],[78.0635261,29.6032377],[78.0633544,29.6014093],[78.0637836,29.5988346],[78.0667018,29.5945059],[78.0674743,29.592752],[78.0679464,29.591334],[78.0682897,29.5872475],[78.0673027,29.5817055],[78.0670452,29.5809031],[78.0664229,29.5797834],[78.0642012,29.5773918],[78.0633974,29.5766856],[78.0622601,29.5758458],[78.0612945,29.5746701],[78.059535,29.570807],[78.0592346,29.5650961],[78.0579471,29.560878],[78.0563163,29.5587502],[78.0554151,29.5557638],[78.0547714,29.5521052],[78.0536556,29.5489879],[78.0540848,29.5475319],[78.0555439,29.5460946],[78.0567455,29.5448252],[78.0570352,29.5443585],[78.0571317,29.5438545],[78.0571532,29.5438544],[78.0571532,29.5430797],[78.0570996,29.5414649],[78.0569494,29.5402328],[78.0566811,29.53859],[78.0564773,29.5375539],[78.0563271,29.5367698],[78.0562734,29.5359017],[78.0564022,29.5323171],[78.0572605,29.5281724],[78.0594062,29.5235419],[78.0593633,29.5186872],[78.0575609,29.5035989],[78.057044,29.4998713],[78.0566597,29.4970997],[78.0566597,29.4913472],[78.0566597,29.4897783],[78.0567777,29.4876023],[78.0569923,29.4857438],[78.057121,29.4842775],[78.057121,29.4830167],[78.0569601,29.4799347],[78.0539131,29.4741532],[78.0515097,29.4708375],[78.0509947,29.4542472],[78.0568312,29.448866],[78.0565524,29.4396723],[78.0578157,29.4336208],[78.0563649,29.4243974],[78.0553293,29.4213014],[78.0548572,29.4182549],[78.054324,29.4116381],[78.0544495,29.407507],[78.0546641,29.4028898],[78.0544539,29.3958934],[78.0535574,29.3898476],[78.0530119,29.3880459],[78.0520975,29.3862091],[78.0511665,29.3846805],[78.0493426,29.3828014],[78.0482912,29.3819975],[78.0474436,29.3816048],[78.0465317,29.3812496]]}},{"type":"Feature","properties":{"osm_id":44733081,"group":"gangaUpper","version":15,"timestamp":"2023-10-23T14:45:31Z","tags":{"name":"Ganga","name:bn":"গঙ্গা নদী","name:en":"Ganges","waterway":"river"},"nodes":[567475729,9360805795,8634786119,8634786120,8634786121,8634773014,8634786122,567475730,2876607223,8634772996,8634773009,8634773013,8634773010,3721057802,8634773011,8634773012,8634773007,567475735,8634773006,8634773005,567475736,567475737,567475738,8634772997,567475739,8634880085,8634880084,8634880083,8634880082,8634880081,8634880080,8634880079,8634880078,8634880077,8634880076,8634880075,8634880074,8634880073,8634880072,567475740,8634880071,8634880070,10302809356,10302809355,10302809354,8634880059,8634880060,567475747,567475748,8634880065,10302809353,10302809632,10302809631,10302809630,10302809629,10302809628,8634880050,8634880049,8634880048,567475754,8634880025,8634880024,8634880026,567475755,8634880027,8634880023,8634880028,8634880022,8634880029,8634880030,8634880021,8634880031,8634880032,567475756,8634880033,567475758,567475760,10302809625,10302809626,10302809627,8634880018,8634880019,8634880020,567475766,567475767,8634850414,567475768,8634850415,8634850416,567475769,567475770,567475771,567475772,8634850406,8634850413,8634850412,8634850411,8634850410,8634850409,8634850408,10302809594,10302809593,10302809592,5551046623,8634936401,8634936398,8634936400,8634936399,10302809605,10302809606,10302809607,10302809608,10302809609,10302809610,10302809611,8634936373,8634936375,8634936376,11283680460,8634936379,8634936380,8634936381,10302809551,10302809550,10302809549,10302809548,10302809547,11283718620,8634936362,10302809543,10302809544,10302809545,10302809546,567475813,8634936351,8634936352,8634936353,8634936354,567475814,8634936355,8634936356,8634936357,567475815,8634936332,8634936333,8634936334,10302809542,10302809541,10302809540,567475820,567475822,8635035657,567475823,8635035658,8635035659,8635035660,8635035661,8635035662,8635035663,567475824,8635035656,8635035655,8635035654,8635035653,8635035652,8635035651,8635035650,8635035649,8635035648,8635035647,8635035646,8635035645,8635035644,567475825,8635035643,8635035642,8635035641,8635035640,8635035639,567475826,567475827,8635035633,567475828,8635035632,2216033464,567475829,567475830,8635035630,8635035631,567475831,8635035629,567475832,567475833,567475834,8635035623,8635035627,8635035628,1482455502,8635035624,567475835,567475837,567475838,8635035626,567475839,8635104860,8635035625,8635104859,567475840,8635119624,567475841,8635119623,567475842,8635119625,8635119622,8635119626,8635119627,567475843,8635109952,2214324276,8635119629,8635119628,2214324234,567475844,567475845,567475852,8635119621,2216033426,8635119620,2216033407,2216033405,8635119617,8635119618,8635119619,2216033393,567475858]},"geometry":{"type":"LineString","coordinates":[[78.0465317,29.3812496],[78.0457914,29.3808756],[78.0431843,29.3806045],[78.0410385,29.379894],[78.0398154,29.3791461],[78.0392682,29.3785758],[78.0389571,29.3779307],[78.0388498,29.3771079],[78.0390537,29.3740974],[78.0389978,29.3735806],[78.0389413,29.3733428],[78.0387318,29.3723304],[78.038485,29.3716198],[78.0379486,29.3707877],[78.0363607,29.369086],[78.033657,29.364598],[78.0333995,29.3610074],[78.033657,29.358464],[78.0349444,29.355322],[78.0377769,29.3526288],[78.0520248,29.3509829],[78.0596423,29.3474666],[78.0678177,29.3426222],[78.0695557,29.3414251],[78.0711651,29.3400035],[78.0728602,29.3383387],[78.0738902,29.3377589],[78.0749631,29.3374596],[78.0765509,29.3373847],[78.0792117,29.3374034],[78.0821728,29.3373473],[78.084104,29.337048],[78.0860567,29.3365617],[78.0895328,29.3351026],[78.091464,29.3340177],[78.0926657,29.3330262],[78.0934167,29.331829],[78.0938458,29.3305195],[78.0940604,29.3291539],[78.0941033,29.3224378],[78.0944681,29.3190328],[78.1005191,29.3130457],[78.1045531,29.3066841],[78.1066131,29.2962052],[78.1040382,29.2878962],[78.0967425,29.2783137],[78.0951976,29.2746452],[78.0968284,29.2671581],[78.0982875,29.2569746],[78.1060123,29.2499355],[78.1096171,29.2431955],[78.1096171,29.2352566],[78.1063556,29.2318113],[78.0998324,29.2275419],[78.0920219,29.2237217],[78.0901336,29.2212498],[78.0895328,29.2168301],[78.091421,29.2131594],[78.0956697,29.208346],[78.0987167,29.2030829],[78.1002188,29.2004607],[78.1006801,29.1998894],[78.1010878,29.1996084],[78.1016886,29.1994211],[78.1036627,29.1994117],[78.1042743,29.1993649],[78.1050253,29.1990371],[78.1054437,29.1986437],[78.1060123,29.1977446],[78.1068277,29.1958715],[78.1074393,29.1937642],[78.1078899,29.1912353],[78.1080723,29.1887158],[78.1079006,29.1865615],[78.107214,29.1843696],[78.1059909,29.1812036],[78.1039524,29.1760515],[78.1015491,29.1701498],[78.0982875,29.1661776],[78.0921935,29.1598068],[78.0840611,29.1544662],[78.0820226,29.153979],[78.0798125,29.1533981],[78.0721307,29.1509994],[78.0645346,29.1484695],[78.0596208,29.146202],[78.0569171,29.144028],[78.0554151,29.1413667],[78.054986,29.1386304],[78.0561447,29.1360815],[78.0583822,29.1326122],[78.0649423,29.1245354],[78.0669164,29.1215362],[78.0673671,29.1201866],[78.0671954,29.1191368],[78.0666804,29.1181058],[78.0654573,29.1164374],[78.064599,29.1152377],[78.0644702,29.1134755],[78.0648994,29.1110946],[78.0632686,29.0970521],[78.0641269,29.0847516],[78.0699634,29.0727497],[78.0738687,29.0699553],[78.0726456,29.0603525],[78.0729674,29.0569201],[78.0745124,29.054219],[78.0781173,29.0519681],[78.0866145,29.0488167],[78.0939101,29.0460404],[78.0967425,29.0428139],[78.0976009,29.0355349],[78.0963992,29.0305819],[78.0938243,29.0267545],[78.0850696,29.0214258],[78.0761862,29.018386],[78.0726671,29.0172227],[78.0676889,29.016322],[78.0656648,29.016106],[78.0585479,29.0153463],[78.0537414,29.0126441],[78.0511664,29.0080654],[78.0489349,28.9974058],[78.0514239,28.9880966],[78.0570888,28.9820151],[78.0618095,28.9776602],[78.0695342,28.9772848],[78.06988,28.9770687],[78.076744,28.9727796],[78.0794047,28.9637685],[78.0796622,28.9588872],[78.0813789,28.9561836],[78.0898761,28.9525036],[78.0941462,28.9490299],[78.0951547,28.9435658],[78.0955195,28.9427959],[78.0961847,28.942026],[78.0971718,28.9414627],[78.0996394,28.9404487],[78.1009483,28.9396224],[78.1017422,28.9384582],[78.1021499,28.9367681],[78.1024074,28.9347963],[78.1027508,28.9295568],[78.103137,28.927998],[78.1038236,28.9264393],[78.1066131,28.9165227],[78.1091022,28.9094602],[78.1067847,28.9025476],[78.1097459,28.896461],[78.1082868,28.8901299],[78.1074929,28.8880821],[78.10642,28.8858463],[78.1039738,28.8814874],[78.1030726,28.8795146],[78.1029439,28.8780678],[78.1033516,28.8763016],[78.1042957,28.8742723],[78.105905,28.8716041],[78.1076431,28.8693116],[78.1095958,28.8673949],[78.1119776,28.8659292],[78.1142521,28.864952],[78.1177068,28.8638621],[78.1205821,28.8635426],[78.1234789,28.8636741],[78.1257319,28.8640124],[78.1276202,28.8645386],[78.1292081,28.8652715],[78.1343794,28.8686351],[78.1364178,28.869631],[78.1378341,28.8699881],[78.1386816,28.8701384],[78.1398082,28.8701572],[78.1407094,28.8698002],[78.1416321,28.8691613],[78.1425118,28.8682217],[78.1444216,28.8659386],[78.1452262,28.8645855],[78.1471252,28.8598969],[78.1501293,28.8524171],[78.151288,28.8480568],[78.1519746,28.8432453],[78.1517601,28.8374184],[78.1510305,28.8323056],[78.1496572,28.8255382],[78.1481123,28.818432],[78.1459236,28.8063616],[78.1452799,28.8043309],[78.1440997,28.8021309],[78.1409454,28.798013],[78.1392717,28.7951924],[78.1380701,28.7924469],[78.1371903,28.7898894],[78.1367183,28.7879524],[78.1366539,28.7863539],[78.1369328,28.7837963],[78.1376838,28.7801478],[78.1388855,28.7752202],[78.139894,28.7714209],[78.1408596,28.7684679],[78.1419968,28.7659663],[78.143095,28.763708],[78.1451726,28.7607747],[78.1459358,28.7598404],[78.1469106,28.7588184],[78.1482625,28.7578966],[78.1547856,28.755169],[78.1573391,28.7537769],[78.1622743,28.7508234],[78.1648707,28.7494877],[78.1684756,28.7478698],[78.1734752,28.7450667],[78.1749558,28.7440131],[78.1760072,28.7430348],[78.1769514,28.7416614],[78.1771016,28.74089],[78.1770418,28.7404307],[78.1762004,28.7365532],[78.1763077,28.7355467],[78.1769085,28.7344177],[78.1786951,28.7322456],[78.1824127,28.727763],[78.1890522,28.7193891],[78.1970787,28.7116675],[78.1982374,28.709955],[78.1990313,28.7083647],[78.1992352,28.7073107],[78.199321,28.7047135],[78.1991601,28.7032549],[78.1987524,28.7017681],[78.1986451,28.7006105],[78.1988382,28.6995189],[78.1993532,28.6985213],[78.2017194,28.6954986]]}},{"type":"Feature","properties":{"osm_id":82295315,"group":"gangaUpper","version":14,"timestamp":"2022-01-15T19:11:08Z","tags":{"name":"Ganga","name:bn":"গঙ্গা নদী","name:en":"Ganges","waterway":"river"},"nodes":[567475858,958407712,8635109953,2216033308,958407049,8635110011,958407399,8635110012,8635110013,2216033211,8635110014,2216033194,8635110015,8635110016,2216033197,958407180,8635085845,958407533,8642228993,958407097,958407422,8642228991,8642228992,958407366,8642228988,8642228989,2216033085,8642228990,958407790,958407292,2216033059,2216033047,8642228987,958407485,5187667249,8642228986,5187667250,9421176979,9421176980,9421176981,9421176982,9421176983,9421176984,9421176985,9421176986,9421176987,9421176988,9421176989,9421176990,9421176991,9421176992,9421176993,9421176994,9421176995,9421176996,9421176997,9421176998,9421176999,9421177000,9421177001,9421177002,9421177003,9421177004,9421177005,9421177006,9421177007,9421177008,9421177009,9421177010,9421177011,9421177012,9421177013,9421177014,9421177015,9421177016,9421177017,9421177018,9421177019,9421177020,9421177021,9421177022,9421177023,9421177024,9421177025,9421177026,9421177027,9421177028,9421177029,9421177030,9421177031,9421177032,9421177033,9421177034,9421177035,9421177036,9421177037,9421177038,9421177039,9421177040,9421177041,9421177042,9421177043,9421177044,9421177045,9421177046,9421177047,9421177048,9421177049,9421177050,9421177051,9421177052,9421177053,9421177054,9421177055,9421177056,9421176977,9421176978,9344486335,2216032806,9344486334,9344486333,958407315,2216032792,958407513,2216032784,958407060,2216032781,8642228982,9421177057,958407405,9421177058,2216032775,9421177169,9421177168,9421177167,9421177166,9421177165,9421177164,9421177163,9421177162,9421177161,9421177160,9421177159,9421177158,9421177157,9421177156,9421177155,9421177154,9421177153,9421177152,9421177151,9421177150,9421177149,9421177148,9421177147,9421177146,9421177145,9421177144,9421177143,9421177142,9421177141,9421177140,9421177139,9421177138,9421177137,9421177136,9421177135,9421177134,9421177133,9421177132,9421177131,9421177130,9421177129,9421177128,9421177127,9421177126,9421177125,9421177124,9421177123,9421177122,9421177121,9421177120,9421177119,9421177118,9421177117,9421177116,9421177115,9421177114,9421177113,9421177112,9421177111,9421177110,9421177109,9421177108,9421177107,9421177106,9421177105,9421177104,9421177103,9421177102,9421177101,9421177100,9421177099,9421177098,9421177097,9421177096,9421177095,9421177094,9421177093,9421177092,9421177091,9421177090,9421177089,9421177088,9421177087,9421177086,9421177085,9421177084,9421177083,9421177082,9421177081,9421177080,9421177079,9421177078,9421177077,9421177076,9421177075,9421177074,9421177073,9421177072,9421177071,9421177070,9421177069,9421177068,9421177067,9421177066,9421177065,9421177064,9421177063,9421177062,9421177061,9421177060,9421177059,2216097906,9421176516,9421176515,958407432,9421176514,9421161508,2216097881,9421176319,9421176320,9421176321,9421176322,9421176323,9421176324,9421176325,9421176326,9421176327,9421176328,9421176329,9421176330,9421176331,9421176332,9421176333,9421176334,9421176335,9421176336,9421176337,9421176338,9421176339,9421176340,9421176341,9421176342,9421176343,9421176344,9421176345,9421176346,9421176451,9421176422,9421176450,9421176421,9421176449,9421176420,9421176448,9421176447,9421176419,9421176446,9421176445,9421176444,9421176443,9421176418,9421176442,9421176417,9421176441,9421176440,9421176439,9421176438,9421176437,9421176416,9421176436,9421176435,9421176434,9421176433,9421176432,9421176431,9421176430,9421176429,9421176428,9421176427,9421176426,9421176425,9421176424,9421176423,958407488,958407714,8642255921,958407245]},"geometry":{"type":"LineString","coordinates":[[78.2017194,28.6954986],[78.2064558,28.6894706],[78.2083188,28.686485],[78.2089019,28.6853547],[78.2098329,28.6820735],[78.2103181,28.6790108],[78.2103181,28.6777495],[78.2097816,28.6765258],[78.2087087,28.6755092],[78.2074642,28.6745679],[78.2024646,28.6723464],[78.2010376,28.671951],[78.1995356,28.6716122],[78.1985056,28.671358],[78.197819,28.6709626],[78.1967783,28.6694471],[78.1946515,28.664824],[78.1940317,28.6629139],[78.19386,28.6612194],[78.193624,28.649997],[78.1929803,28.645986],[78.1925297,28.6437827],[78.1919074,28.6420125],[78.1909418,28.6404871],[78.1877231,28.6375493],[78.1866825,28.636504],[78.186264,28.6354211],[78.1860173,28.6336226],[78.1859207,28.6319087],[78.1862866,28.6276583],[78.187008,28.6248664],[78.1886148,28.6211821],[78.1887531,28.619958],[78.1884836,28.6177854],[78.1884714,28.6156369],[78.1887746,28.6141376],[78.1897117,28.612048],[78.192594,28.6013088],[78.1940102,28.5967308],[78.194375,28.5957511],[78.1951046,28.5946395],[78.1975937,28.5914555],[78.1998253,28.5891191],[78.2002759,28.5888177],[78.2022285,28.5868958],[78.203237,28.5850305],[78.2042241,28.5835985],[78.2047391,28.5825056],[78.2052326,28.5798676],[78.2056618,28.5788689],[78.2059622,28.5785674],[78.2064986,28.5783413],[78.2097816,28.5784544],[78.2102322,28.5783601],[78.2105112,28.5780586],[78.210876,28.5762497],[78.2111978,28.572217],[78.2113695,28.5713125],[78.2130432,28.5665635],[78.2145667,28.562964],[78.2152748,28.5595528],[78.215661,28.5583843],[78.2169056,28.5557457],[78.2174849,28.5541437],[78.2176137,28.5536913],[78.217957,28.5516934],[78.2178497,28.5510526],[78.2177639,28.5508453],[78.2175708,28.5505814],[78.216927,28.5500536],[78.2152962,28.5492054],[78.2151031,28.5490547],[78.2145881,28.548508],[78.2142234,28.5477729],[78.2142877,28.5464724],[78.2143307,28.546265],[78.2148242,28.5453791],[78.2157039,28.5441539],[78.2158112,28.5439089],[78.2160473,28.5432868],[78.2162618,28.5415338],[78.2162404,28.5391021],[78.2154679,28.530883],[78.2150173,28.5279987],[78.2145452,28.5266224],[78.214395,28.5263208],[78.2139444,28.5256421],[78.2129359,28.5247372],[78.2120347,28.5234174],[78.2117772,28.52206],[78.2117772,28.5218715],[78.2118201,28.5215887],[78.2120776,28.5207968],[78.2124853,28.5199484],[78.2134509,28.5186286],[78.2144165,28.5168563],[78.215189,28.5150274],[78.2155752,28.5134248],[78.2173991,28.5087864],[78.2181501,28.507127],[78.2187509,28.5061088],[78.2215619,28.5023752],[78.2236218,28.5000746],[78.2237077,28.4999992],[78.2243085,28.4995466],[78.2246947,28.499358],[78.228085,28.4979249],[78.2282138,28.497906],[78.2292437,28.497906],[78.22963,28.4979437],[78.2303166,28.4980757],[78.2333851,28.4992638],[78.2338142,28.499358],[78.2377839,28.5000558],[78.2388139,28.5002066],[78.242172,28.5004989],[78.2432234,28.5004989],[78.2437706,28.5003763],[78.2451868,28.49949],[78.2464099,28.4980946],[78.2475257,28.4962654],[78.2480836,28.4941532],[78.2492423,28.4911359],[78.2507443,28.4887973],[78.2516455,28.4863456],[78.2522034,28.4841955],[78.2528472,28.482649],[78.253963,28.4805743],[78.255701,28.4779149],[78.2578039,28.4763683],[78.2598424,28.4744066],[78.2604003,28.473407],[78.2604217,28.4717659],[78.2604861,28.470936],[78.2607651,28.469691],[78.2610225,28.4687479],[78.2617092,28.4665221],[78.26231,28.4656732],[78.2628679,28.465013],[78.2634043,28.4645414],[78.2647133,28.4637491],[78.2654214,28.4631832],[78.2661509,28.46224],[78.266344,28.461825],[78.2671165,28.4609195],[78.2683825,28.4600895],[78.2726526,28.4578634],[78.2732534,28.4573729],[78.2740474,28.4561656],[78.2743478,28.4553921],[78.2748198,28.4545431],[78.2751417,28.4541658],[78.2758283,28.4536565],[78.27703,28.453298],[78.2817936,28.4529962],[78.2849264,28.4523359],[78.2899475,28.4493361],[78.2911706,28.4481287],[78.2914281,28.4475816],[78.2915354,28.4468646],[78.2915139,28.4455817],[78.2908058,28.4435251],[78.2900977,28.4421101],[78.2899689,28.4412233],[78.2900977,28.439978],[78.2917285,28.4362232],[78.2941532,28.4314304],[78.296299,28.4289962],[78.2994318,28.4258448],[78.2997536,28.4253353],[78.3001828,28.4243729],[78.3002043,28.4242408],[78.3002472,28.4233728],[78.3000541,28.4221273],[78.2994747,28.4212215],[78.298552,28.4203911],[78.2968998,28.4191267],[78.293724,28.4176358],[78.2914066,28.416428],[78.2910204,28.4161449],[78.2903981,28.41539],[78.2902264,28.4144086],[78.2902694,28.4138047],[78.2903981,28.413314],[78.2912135,28.4115966],[78.2913422,28.4108039],[78.2913208,28.4097093],[78.2909345,28.4092374],[78.2891106,28.4076898],[78.2884455,28.4069914],[78.2880378,28.4063686],[78.2876301,28.4052173],[78.2874155,28.4037828],[78.2867288,28.4014801],[78.2860636,28.4005363],[78.285377,28.3997813],[78.2847762,28.3988187],[78.2846045,28.3983846],[78.2844972,28.397705],[78.2844972,28.3962705],[78.285377,28.3925235],[78.2853556,28.3918062],[78.2852268,28.3912777],[78.2851303,28.3910134],[78.2850122,28.390853],[78.2847869,28.3906264],[78.2842612,28.3902017],[78.2816219,28.3882762],[78.2794976,28.3859071],[78.2791328,28.3853974],[78.2788968,28.3849255],[78.2786178,28.3841704],[78.2778239,28.3813197],[78.2775235,28.3803569],[78.2772231,28.3800737],[78.2753992,28.3792997],[78.2747984,28.3788844],[78.2743692,28.3784124],[78.2732963,28.3744477],[78.273232,28.3731073],[78.2736826,28.3716724],[78.2740044,28.3711815],[78.2743048,28.3709172],[78.2746482,28.3707661],[78.2752704,28.3705773],[78.2753992,28.3705584],[78.2777274,28.3707],[78.2786286,28.3706245],[78.2790577,28.3704451],[78.2791221,28.3703696],[78.2791972,28.3701902],[78.2792187,28.369992],[78.2792187,28.3698221],[78.2791757,28.3695672],[78.2785964,28.3674242],[78.278296,28.3644599],[78.278811,28.3590407],[78.2787466,28.3580399],[78.2784891,28.3566615],[78.2783389,28.3563216],[78.2779097,28.3557929],[78.2773733,28.3554152],[78.2755065,28.3542256],[78.2738757,28.3531303],[78.2732105,28.3522995],[78.2730174,28.3512986],[78.273232,28.348636],[78.273983,28.3458221],[78.2742329,28.3446524],[78.274455,28.3436126],[78.2769012,28.3357183],[78.278017,28.3339429],[78.2814073,28.3299766],[78.2826733,28.3281445],[78.2833385,28.3264256],[78.2838535,28.3235357],[78.2844543,28.3222323],[78.2866215,28.3188512],[78.2901835,28.3142987],[78.2910418,28.313543],[78.2937026,28.3125796],[78.2992172,28.3111628],[78.3003545,28.3103505],[78.3011055,28.3095193],[78.3032727,28.3064777],[78.3064484,28.3014902],[78.306899,28.2998843],[78.3067918,28.2964268],[78.3073067,28.2941406],[78.3108902,28.289417],[78.3134222,28.2849577],[78.318572,28.2779094],[78.3215332,28.2746213],[78.324666,28.2726181],[78.325417,28.2721646],[78.3260393,28.2718244],[78.3265757,28.2716166],[78.3278847,28.2711441],[78.3308673,28.2702748],[78.3315539,28.2699441],[78.3328199,28.2691031],[78.3335709,28.2685928],[78.3347189,28.2679597],[78.3362961,28.2675156],[78.3376264,28.2673172],[78.3398366,28.2670904],[78.3412528,28.266788],[78.3422828,28.2663439],[78.3428728,28.2660604],[78.344214,28.2651343],[78.3451474,28.2640949],[78.3457696,28.2633389],[78.3460486,28.2626018],[78.3464241,28.2614111],[78.3477759,28.2572531],[78.3494925,28.2552307],[78.3509731,28.2542478],[78.352282,28.2537564],[78.352561,28.2536808],[78.3541143,28.2534873],[78.3546853,28.2534162],[78.357625,28.2532461],[78.3614445,28.2521876],[78.3628607,28.2516962],[78.3644914,28.2508267],[78.3668732,28.2485207],[78.3682144,28.2470841],[78.3694482,28.2454112],[78.3703387,28.2433319],[78.3706713,28.2418102],[78.3706283,28.2375947],[78.3721304,28.2347023],[78.3740401,28.2318477],[78.3796191,28.2223002],[78.3841671,28.2134315],[78.3909025,28.2015605],[78.3956363,28.1926479],[78.3961079,28.19176]]}},{"type":"Feature","properties":{"osm_id":82295304,"group":"gangaUpper","version":30,"timestamp":"2022-07-16T20:50:13Z","tags":{"name":"Ganga","name:bn":"গঙ্গা নদী","name:en":"Ganges","waterway":"river"},"nodes":[958407245,8642255926,8642255924,1206417156,958407173,8642319224,8642319223,8642319225,958407338,958407743,8642319228,8642319227,958407266,958407636,8642319226,958407359,958407787,8642319222,8642319221,8642319220,958407290,8642319219,958407674,8642319218,8642319217,958407582,2216188469,8642250716,2216188463,8642250715,2216188460,8642250714,2216188455,8642250713,8642250712,2216188450,958407144,8642250711,8642250710,958407492,8642250709,9437795306,958407715,9437795307,8642250708,8642250707,4517320511,8642250705,8642250706,958407246,4517320510,958407606,958407177,4517320507,4517320508,4517320509,958407530,4517320494,958407094,4517320476,958407421,4517320477,958406972,4517320478,958407316,4517320479,8642250704,958407519,4517320480,4517320481,4515853009,4515853010,4515853011,8642250699,958407088,4517320493,4515852924,8642250697,4515852923,8642250696,4515852922,958407415,8642250695,4515852961,4515852920,4515852940,4515852921,9405883574,4515852919,9405883573,9405883572,9405883571,958406953,9405883570,9405883569,9405883568,2216188412,9405883567,9405883566,9405883565,958407347,9405883564,8642250692,9405883563,2216188399,9405883562,9405883561,9405883560,9405883559,958407763,2216188384,4515852645,2216188356,2216188334,958407642,2216188302,8642400789,8642400788,3092880930,2216188301,8642400787,8642400786,2216188284,8642400784,8642400783,2216188281,8642400782,8642400781,958407205,4515852403,958407559,2216188332,2216188339,8642400780,8642400779,2216188349,8642400775,2216188374,8642400778,8642400777,8642400776,2216188370,2216188350,2216188327,4515852818,8642400774,2216188310,958407119,8642400773,2216188276,8642400769,2216188271,8642400770,4515852414,2216188252,8642400772,8642400771,2216188243,958407447,958407003,4515852839,4515852840,4515852838,958407226,958407589,8642400766,8642400765,8642400764,4515852835,8642400763,8642400762,8642400761,8642400760,4515852836,2216188265,2216188260,2216188245,8642400767,2216188236,4515852837,958407507,958407058,958407403,958406942,2216188217,958407341,958407545,9397555626,958407112,9397555627,8642400759,9397555628,9397555629,958407435,9397555630,9397555631,958406984,9855050247,9397555635,9892177605,9397555634,958407371,9397555633,958406883,9397555632,958407688,9397555625,9397555624,958407047,8642400747,8642400756,958407196,958407250,958407614,958407190,8642469750,8642469749,958407538,8642469748,2217040485,8642469747,958406980,8642469746,8642469744,958407141,8642469745,958407037,8642469743,8642469742,8642469741,8642469740,8642469739,8642469738,958407388,958406917,8642469737,8642469736,958407322,8642469735,8642469734,8642469733,8642469732,958407718,8642469731,958406967,958407353,8642469728,958407767,958407282,8642469729,958407668,8642469730,4790750911,958407218,958407380,958406898,958407313,958407713,958407244,8642469727,958407602,958407171,8642469726,958407527,958407600,8642469718,8642469719,958407166,8642469720,8642469721,8642469722,958407517,958407086,958407414,8642469723,958406950,958407345,958407761,958407117,958407375,8642469724,8642469725,958406892,958407311,958407694,958407241,8642461815,8642461814,8642461808,958407401,8642461809,8642461810,958406938,958407340,8642461807,2073409738,8642461811,958407745,8642461813,958407268,8642461812,958407640,958407203,8642461806,8642461805,958407557,958407792,9437803694,958407296,9437803693,958407685,9437803692,958407224,9437803691,958407587,9450512919,958407148,9450512918,9450512917,958407505,9307837751,9307837750,9450480611,9307837749,958407055,9307837748,9450480612,9450480613,9450480614,958407612,9450480616,9450480615,958407183,958407536,9307837747,9307837746,8642491026,9307837745,9307837744,958407095,9307837743,9307837742,958407424,8642491025,9307837741,9307837740,9307837739,958406974,2073409676,9307837760,8642487914,9307837738,8642487915,958407367,9307837737,958407789,958407140,8642491021,958407459,8642491020,8642491019,8642491018,8642491017,958407015,8642487916,8642491022,8642491023,8642491024,9307837736,958407385,9307837735,958406914,9307837734,9307837733,9307837732,9307837731,958407318,9307837730,958407717,958407247,958407417,958406966,8642487912,958407351,8642487913,958407764,958407278,958407661,958407217,958407566,8642487911,8642487910,8642487909,8642487908,8642487851,8642487907,8642487852,8642487906,8642487905,958406896,8642487899,8642487900,8642487901,958407312,8642487895,8642487896,8642487897,8642487898,958407697,958407242,8642487894,958407601,8642487893,8642487892,958407169,958407521,8642487891,8642487890,8642487889,8642487888,8642487887,8642487886,8642487885,8642487884,8642487883,8642487882,958407090,8642487881,8642487880,8642487879,8642487878,8642487877,8642487876,8642487875,8642487874,8642487873,8642487871,8642487872,958407165,8642487870,8642487869,8642487868,958407511,8642487867,958407084,958407404,958406948,8642487902,8642487903,8642487904,958407342,958407760,958407271,958407442,8642487850,958406996,8642487849,8642487848,958407374,958406885,958407309,8642487847,958407689,9413549814,9413549813,9413549812,9413549811,9413549810,9413549809,9413549808,9413549807,9413549806,9413549805,9413549804,9413549803,9413549802,9413549801,9413549800,9413549799,958407240,9413549798,958407592,958406934,9413550234,9413550233,958407334,958407741,958407257,9413550232,958407635,958407200,9413550241,9413550242,958407554,958407114,9413550243,9413550244,9413550245,9413550246,9413550247,9413550248,9413550249,9413550250,9413550251,9413550252,9413550253,958407294,958407684,9413550255,958407222,958407584,958407147,9413550254,8642520484,8642520483,958407502,958407053,958407400,9413550256,958407490,958407040,958407396,958406919,9445608282,958407325,9445608281,9413550257,9413550258,9413550259,9413550260,9445608288,958407732,9445608289,9445608287,9445608286,9445608285,958407254,9445608284,9445608283,958407624,958406969,958407354,958407785,958407285]},"geometry":{"type":"LineString","coordinates":[[78.3961079,28.19176],[78.3965949,28.1903619],[78.3967072,28.1900253],[78.3973123,28.1883025],[78.3984049,28.1844106],[78.3988988,28.1834775],[78.4003365,28.1817374],[78.4020209,28.1799122],[78.4031758,28.1788447],[78.4077882,28.1753356],[78.4111082,28.1729043],[78.4121382,28.1722517],[78.4131385,28.1719179],[78.4202949,28.1705572],[78.4221482,28.169925],[78.4232497,28.1693292],[78.4279528,28.1662905],[78.4296906,28.1649595],[78.4311497,28.163692],[78.4320402,28.1628502],[78.4326286,28.161921],[78.4329307,28.160826],[78.4333469,28.1581974],[78.4338105,28.1557087],[78.4342182,28.1545736],[78.4353713,28.1521596],[78.4363086,28.1507139],[78.4373081,28.1497303],[78.4394552,28.1487703],[78.4402478,28.1482829],[78.4405927,28.1479099],[78.4407091,28.147441],[78.440339,28.1463909],[78.4403121,28.1460219],[78.4404248,28.1457429],[78.4406608,28.1455537],[78.4422606,28.1451423],[78.4431285,28.1447543],[78.4440672,28.1442623],[78.4486484,28.1406012],[78.449614,28.1394375],[78.4544849,28.1319207],[78.4548604,28.1314713],[78.4549838,28.131107],[78.4550214,28.1307238],[78.4549463,28.1301372],[78.4540129,28.1277529],[78.4540129,28.1266837],[78.4543562,28.1254915],[78.4548712,28.1244318],[78.455987,28.1225204],[78.4592556,28.1175306],[78.4614048,28.1152893],[78.4642457,28.1138281],[78.4665606,28.113284],[78.4694093,28.1130406],[78.4718351,28.1125677],[78.47565,28.1105551],[78.4794901,28.1085108],[78.4824521,28.106972],[78.4859465,28.1041693],[78.4883376,28.1021088],[78.4891257,28.1014397],[78.490146,28.1003693],[78.4920142,28.0981693],[78.4933459,28.0967239],[78.4948897,28.0959378],[78.4968595,28.0951656],[78.4986433,28.094152],[78.5009896,28.092715],[78.5028062,28.0917094],[78.5046048,28.0905208],[78.5093342,28.0873331],[78.5101783,28.086222],[78.510963,28.0847038],[78.5116865,28.0819694],[78.512663,28.0781331],[78.5125494,28.0773762],[78.5107795,28.0728117],[78.5107577,28.0714502],[78.5110252,28.0702343],[78.5120528,28.0684121],[78.5132682,28.0668966],[78.5147542,28.0657136],[78.5154462,28.0652849],[78.5161341,28.0648992],[78.5195462,28.0639628],[78.5206228,28.0638671],[78.5214329,28.0638623],[78.5222644,28.0640896],[78.5239327,28.0649747],[78.5261428,28.0660682],[78.5281438,28.0671001],[78.5285729,28.0671522],[78.5293561,28.0670433],[78.531298,28.066622],[78.5335565,28.0659972],[78.5357934,28.0652966],[78.539114,28.064241],[78.5396182,28.0640754],[78.5401239,28.0637261],[78.540557,28.0632517],[78.5409379,28.0626884],[78.541249,28.0621677],[78.5414261,28.061718],[78.5414904,28.0612966],[78.5414904,28.0605771],[78.5413831,28.0597061],[78.541308,28.0583995],[78.5413396,28.0567116],[78.541854,28.0513886],[78.5423708,28.0503315],[78.5429294,28.0498618],[78.5450335,28.0480874],[78.5470908,28.0455702],[78.5485052,28.0447657],[78.5498536,28.0442394],[78.5506368,28.044069],[78.551486,28.0439607],[78.5521446,28.0440852],[78.552568,28.0440737],[78.5531205,28.0439553],[78.5544562,28.0434203],[78.5550463,28.043283],[78.5558134,28.0432167],[78.558045,28.043283],[78.5586083,28.0433588],[78.5592198,28.0435339],[78.5613986,28.0445385],[78.5649913,28.046257],[78.5675239,28.0472789],[78.5700019,28.0478398],[78.5716975,28.0482448],[78.5719764,28.0484862],[78.5721964,28.0488081],[78.5722768,28.049149],[78.572132,28.0501148],[78.5721803,28.0503657],[78.5723412,28.0504699],[78.572765,28.0504983],[78.5731029,28.0504604],[78.5735555,28.0502745],[78.5753791,28.0492016],[78.5784674,28.0474304],[78.578856,28.047061],[78.5793257,28.046351],[78.580023,28.0450632],[78.5803878,28.0435387],[78.5802269,28.0425728],[78.5791111,28.0399688],[78.5787356,28.0387851],[78.5784566,28.0378097],[78.5783118,28.0363703],[78.5783011,28.03584],[78.5784137,28.0354186],[78.5786658,28.0351155],[78.5790896,28.0349356],[78.5817848,28.0340973],[78.5860397,28.0327354],[78.5893357,28.0316163],[78.5913634,28.0313038],[78.5934663,28.0316069],[78.59514,28.0322509],[78.5966205,28.0326865],[78.5978651,28.0327622],[78.5993564,28.0326675],[78.6005902,28.0323361],[78.6014914,28.0317205],[78.6030364,28.0302905],[78.6038518,28.0297412],[78.6046672,28.0295139],[78.605268,28.0295234],[78.6058152,28.0296939],[78.6065984,28.0301484],[78.6076927,28.0307356],[78.6085081,28.0308871],[78.6092859,28.030764],[78.6097902,28.0305604],[78.610332,28.0301106],[78.6109972,28.0295045],[78.6120271,28.0285574],[78.6153567,28.0246458],[78.6199389,28.0205182],[78.6278877,28.0162254],[78.6309124,28.0140344],[78.6349013,28.0111893],[78.6399823,28.0067054],[78.6431086,28.0042818],[78.6441922,28.0031167],[78.6445784,28.0024725],[78.6469387,28.0023209],[78.6507583,28.0026052],[78.6528933,28.0022831],[78.6596632,28.0039408],[78.6651778,28.0023684],[78.669523,28.0013074],[78.6736965,28.0015063],[78.6808585,28.0026624],[78.6869144,28.0050491],[78.6905907,28.0064332],[78.6926007,28.0071899],[78.6969245,28.0087244],[78.7009692,28.0095011],[78.704145,28.0081087],[78.7076855,28.0068299],[78.7101746,28.0050775],[78.7125349,28.0040071],[78.7140799,28.0018189],[78.7149381,27.9988349],[78.7150422,27.9964296],[78.7155819,27.9957088],[78.7173497,27.9934243],[78.7210017,27.9875741],[78.7283758,27.9873976],[78.7382502,27.9878332],[78.740226,27.9878266],[78.7422323,27.9874192],[78.7488334,27.9845322],[78.7547421,27.981782],[78.7577735,27.9811306],[78.7607503,27.9810998],[78.769661,27.981713],[78.7727022,27.9817062],[78.7751484,27.9814788],[78.7784504,27.9806774],[78.7840318,27.9789206],[78.7882161,27.9779163],[78.7908554,27.9775562],[78.7937736,27.9775562],[78.7969279,27.9777078],[78.7999964,27.9773857],[78.8016701,27.9767793],[78.8029146,27.9758507],[78.8048243,27.9737851],[78.8093519,27.9688579],[78.8120985,27.9663562],[78.814373,27.964878],[78.8172698,27.9639872],[78.8195228,27.9637219],[78.8221621,27.9638735],[78.8256168,27.9647074],[78.831861,27.9667732],[78.8335562,27.9670954],[78.8347149,27.9668679],[78.8358521,27.9659772],[78.8371396,27.9632291],[78.8395858,27.9567851],[78.8405084,27.9538473],[78.8411951,27.9502838],[78.8418174,27.9457915],[78.8423109,27.9437253],[78.8434267,27.9413747],[78.8445425,27.9398014],[78.8458299,27.938626],[78.849821,27.9357635],[78.8554859,27.932882],[78.8592839,27.9313085],[78.8656139,27.929261],[78.8686824,27.9279528],[78.8717937,27.9260949],[78.8776302,27.9224547],[78.8809776,27.918511],[78.8826942,27.9150981],[78.8843679,27.9105853],[78.885827,27.905769],[78.8870287,27.9031521],[78.8885736,27.9014454],[78.8905477,27.8999283],[78.8951826,27.8981458],[78.8977146,27.895908],[78.8994741,27.8939357],[78.9005041,27.8905979],[78.9010191,27.8855151],[78.9007401,27.8818166],[78.9009332,27.8790664],[78.901577,27.8771697],[78.9026928,27.8758419],[78.9056539,27.8740969],[78.9082288,27.872807],[78.9115333,27.8714413],[78.9135932,27.8698859],[78.9170694,27.8658644],[78.9198589,27.8626396],[78.9223921,27.8605945],[78.9262104,27.8578969],[78.9288497,27.8561136],[78.9302659,27.8548425],[78.9312959,27.8533248],[78.9339566,27.8486387],[78.9349651,27.8473865],[78.936274,27.8462861],[78.938055,27.8451667],[78.9402437,27.8440852],[78.944664,27.8416376],[78.9472389,27.8408217],[78.9488646,27.8404296],[78.9504576,27.8401956],[78.9543199,27.8397212],[78.9580107,27.8393418],[78.9614224,27.8396264],[78.9638686,27.8402715],[78.9680957,27.8423017],[78.9736318,27.8447303],[78.9769792,27.8455651],[78.9807558,27.8457169],[78.9856052,27.8453754],[78.99333,27.8453754],[78.996849,27.8457928],[79.0015697,27.8467794],[79.0050888,27.8471209],[79.0093803,27.8473865],[79.0130281,27.8468932],[79.0175771,27.8457928],[79.0208387,27.8444267],[79.0253548,27.8417545],[79.028659,27.8385657],[79.029845,27.8371884],[79.0302399,27.8365454],[79.0305459,27.835887],[79.0318679,27.8314103],[79.0323829,27.8297025],[79.0322971,27.8283741],[79.0317099,27.826952],[79.0310448,27.825853],[79.030838,27.8248066],[79.0307951,27.8232884],[79.0309442,27.8226916],[79.0311673,27.8222775],[79.0314561,27.8217513],[79.0317821,27.821163],[79.0321518,27.8207413],[79.0326025,27.8203543],[79.0366745,27.8174434],[79.042983,27.8136477],[79.0444421,27.8119396],[79.0444421,27.8107249],[79.0441847,27.8085803],[79.0443349,27.8077262],[79.0453219,27.8061509],[79.0471458,27.8046324],[79.0498924,27.8028103],[79.0519523,27.8015956],[79.0545487,27.8009312],[79.0564585,27.7996785],[79.0580249,27.7987104],[79.0597629,27.7980651],[79.0631747,27.7972299],[79.0662646,27.7969072],[79.0685252,27.7966469],[79.0692901,27.7966604],[79.0725088,27.7970591],[79.0744614,27.7977804],[79.0763068,27.798122],[79.078989,27.7982739],[79.0812421,27.7990331],[79.0851044,27.8003238],[79.0883446,27.8013678],[79.0906834,27.8025066],[79.0923357,27.8035126],[79.0949535,27.8046135],[79.0972066,27.8052967],[79.0993953,27.8055435],[79.1010475,27.8054296],[79.1038155,27.8049741],[79.1069054,27.8042339],[79.1101455,27.8033228],[79.1135788,27.802184],[79.1153383,27.8017854],[79.1175699,27.8016905],[79.1199517,27.8019752],[79.1224837,27.8015386],[79.1255951,27.8004567],[79.1270542,27.7996405],[79.127934,27.7984447],[79.1284489,27.7969452],[79.1285348,27.7958253],[79.1288781,27.7936044],[79.1294145,27.7920668],[79.1306591,27.7901875],[79.136281,27.7859353],[79.1399717,27.782784],[79.1439628,27.7782277],[79.1476106,27.7765191],[79.1524601,27.7755698],[79.15555,27.7759495],[79.160614,27.777886],[79.1637039,27.7793668],[79.1667509,27.7811514],[79.1696691,27.7836952],[79.171772,27.7845305],[79.1746473,27.7846824],[79.1777801,27.7843027],[79.1813421,27.782822],[79.1841745,27.7811893],[79.1855478,27.7799743],[79.1863846,27.7786644],[79.1868567,27.7767089],[79.186964,27.7747535],[79.1867065,27.7707475],[79.1864919,27.7679754],[79.1862452,27.7666843],[79.1858482,27.765678],[79.1851079,27.7648331],[79.1837024,27.7641401],[79.1811919,27.7635894],[79.1796255,27.7633616],[79.1782093,27.7626211],[79.1772008,27.7616147],[79.1756558,27.759507],[79.1752267,27.7575133],[79.1754941,27.7558147],[79.1759348,27.7543042],[79.1761708,27.752956],[79.1762566,27.7515887],[79.1759777,27.7474679],[79.175806,27.7456638],[79.1756344,27.7449612],[79.1749906,27.7439547],[79.174025,27.7434229],[79.1716862,27.7428912],[79.1701197,27.7422835],[79.1690683,27.7413909],[79.1688537,27.7399665],[79.16924,27.7380104],[79.1709566,27.734136],[79.1728234,27.7308122],[79.1752052,27.7272985],[79.176085,27.7261208],[79.1769862,27.7252281],[79.1772866,27.7246583],[79.1774583,27.7236896],[79.1775656,27.7227968],[79.1780162,27.7218281],[79.1789388,27.7212013],[79.1805696,27.7206884],[79.1823077,27.7205745],[79.1842818,27.7209923],[79.1858697,27.7216382],[79.1877794,27.7230818],[79.18926,27.7244873],[79.1903758,27.7252471],[79.1913628,27.725646],[79.1932297,27.7257409],[79.1945171,27.725589],[79.1965341,27.7250572],[79.2011261,27.7232717],[79.2073059,27.7215622],[79.2108464,27.7203465],[79.2144298,27.7190738],[79.2162108,27.718295],[79.2174554,27.7171553],[79.2206096,27.7138501],[79.2229056,27.7123494],[79.2246018,27.7111035],[79.2259955,27.7096518],[79.2279177,27.7066315],[79.2290425,27.7053775],[79.2304802,27.7045226],[79.232916,27.7040214],[79.2369579,27.7040893],[79.2411024,27.7040238],[79.2441273,27.7036677],[79.2464447,27.7029268],[79.2473674,27.7020529],[79.2474961,27.7011789],[79.2476249,27.700229],[79.2472815,27.6992031],[79.2466593,27.6981582],[79.2461657,27.6972842],[79.2460584,27.6963153],[79.2461657,27.6956503],[79.2467451,27.6949283],[79.2478394,27.6940923],[79.2484617,27.6940353],[79.2494702,27.6940543],[79.2501998,27.6941873],[79.2509722,27.6947383],[79.2515731,27.6953083],[79.2520237,27.6964863],[79.2526245,27.6986331],[79.2533326,27.699982],[79.2542767,27.7011409],[79.2554354,27.7020339],[79.257195,27.7026228],[79.258182,27.7026608],[79.2591476,27.7025848],[79.2605209,27.7023568],[79.2618084,27.7016539],[79.2630529,27.700856],[79.2639971,27.700001],[79.2644477,27.6984621],[79.2649841,27.6967902],[79.2652201,27.6943013],[79.2654347,27.6926104],[79.2663574,27.6909574],[79.2681169,27.6882403],[79.26934,27.6864923],[79.270606,27.6854472],[79.2729234,27.6843642],[79.2762923,27.6836991],[79.2792964,27.6831481],[79.2810559,27.6834711],[79.2830086,27.6842121],[79.2844462,27.6854472],[79.2859268,27.6870053],[79.2870426,27.6883353],[79.288373,27.6894374],[79.2904758,27.6907294],[79.2923641,27.6919834],[79.2948746,27.6926674],[79.2975569,27.6925724],[79.3003283,27.6920925],[79.3015051,27.6913374],[79.3027925,27.6901024],[79.3041444,27.6883733],[79.3050456,27.6867393],[79.3060158,27.684498],[79.3065262,27.682692],[79.306848,27.681799],[79.3072343,27.6797088],[79.3074703,27.6771435],[79.307599,27.6756043],[79.3085217,27.6728488],[79.309019,27.671282],[79.309478,27.6702883],[79.3101818,27.6694301],[79.3111396,27.668687],[79.312942,27.6676608],[79.31571,27.6668436],[79.3175339,27.6666156],[79.3186171,27.66644],[79.3192444,27.666291],[79.3199533,27.6659161],[79.3206418,27.6653153],[79.3213659,27.6646197],[79.3219677,27.6640551],[79.3229061,27.6628852],[79.3236558,27.6619909],[79.3247727,27.6608797],[79.3258182,27.6598769],[79.3269539,27.6587095],[79.3278122,27.6577212],[79.3300008,27.6559727],[79.3330478,27.653901]]}},{"type":"Feature","properties":{"osm_id":82296646,"group":"gangaUpper","version":6,"timestamp":"2021-04-19T06:42:08Z","tags":{"name":"Ganga","name:bn":"গঙ্গা নদী","name:en":"Ganges","waterway":"river"},"nodes":[958407285,8642520470,8642520469,8642520468,8642520467,8642520466,8642520465,8642520464,958443340,8642520463,8642520462,8642520461,958443824,8642520460,8642520459,8642520458,8642520457,958442663,958443622,8642520456,8642520455,8642520454,958442450,8642520453,958443401,8642520452,8642520451,8642520450,8642520449,8642520448,958443894,8642520447,958442749,958443717,8642520446,8642520445,8642520444,8642520443,958442518,8642520442,8642520441,8642520440,8642520439,8642520438,8642520437,958443506,958442304,8642520436,8642520435,958443289,958442068,4079811881,8642520434,8642520433,8642520432,958442279,8642520431,958443260]},"geometry":{"type":"LineString","coordinates":[[79.3330478,27.653901],[79.3356013,27.6529316],[79.33779,27.6524185],[79.3398714,27.6521714],[79.3421459,27.6523234],[79.3454075,27.6530837],[79.3489265,27.6537869],[79.3511796,27.654015],[79.3543982,27.6537109],[79.3571877,27.6534258],[79.3592262,27.6530267],[79.3607926,27.6525325],[79.3618226,27.6519813],[79.3627023,27.6508789],[79.3634963,27.6500806],[79.3645048,27.6496054],[79.3658781,27.6493013],[79.3677449,27.6493013],[79.3715215,27.6495104],[79.373517,27.6495864],[79.3749332,27.6494344],[79.3764996,27.6489972],[79.3795681,27.6479138],[79.3809628,27.6471345],[79.3837523,27.6447395],[79.384911,27.643694],[79.3858337,27.6430477],[79.387443,27.6424395],[79.3897819,27.6417171],[79.3914556,27.6410518],[79.3925285,27.6403485],[79.3940735,27.6388848],[79.39601,27.6364627],[79.3971848,27.6349974],[79.3984294,27.6338758],[79.3993521,27.6334861],[79.4002533,27.633353],[79.4018304,27.6332675],[79.4053602,27.633239],[79.4083643,27.6334671],[79.410789,27.6340374],[79.4121408,27.6344936],[79.4131064,27.6351399],[79.4136858,27.6361094],[79.4139218,27.6375732],[79.4140935,27.6407477],[79.4142651,27.6420783],[79.4145655,27.6432758],[79.415338,27.6446064],[79.4166255,27.6462601],[79.4189004,27.6487337],[79.4216466,27.6519053],[79.4226766,27.6528746],[79.4232881,27.6533403],[79.4240069,27.6536729],[79.4245988,27.6537019],[79.4253051,27.6535588],[79.4287169,27.6520478]]}},{"type":"Feature","properties":{"osm_id":197026308,"group":"gangaUpper","version":4,"timestamp":"2021-04-19T06:42:08Z","tags":{"name":"Ganga","name:bn":"গঙ্গা নদী","name:en":"Ganges","waterway":"river"},"nodes":[958443260,8642520429,8642520428,8642520427,8642520421,8642520422,958442056,8642520423,8642520424,8642520425,958443077,8642520420,8642520419,8642520418,958443997,8642520417,8642517416,958442848,8642517415,8642517414,958443799,958442641,8642517411,958443144,8642517413,8642517412,958444061,8642517410,8642517409,958442926]},"geometry":{"type":"LineString","coordinates":[[79.4287169,27.6520478],[79.4295001,27.6516012],[79.4302511,27.6509549],[79.431045,27.6500901],[79.43156,27.6492918],[79.4319463,27.648427],[79.4321823,27.647258],[79.4321394,27.6457754],[79.4319248,27.6444638],[79.4313991,27.6426961],[79.4290388,27.6371264],[79.4285774,27.6360619],[79.428395,27.6354631],[79.4280732,27.6340469],[79.4277942,27.6327922],[79.4276655,27.6316706],[79.4275689,27.6304729],[79.4278264,27.6282487],[79.4278371,27.6265092],[79.4277942,27.6250643],[79.4276011,27.6236289],[79.4273543,27.6210528],[79.4272578,27.6188569],[79.4273007,27.6171077],[79.4275904,27.6159764],[79.4280517,27.6147025],[79.428792,27.6136663],[79.4295323,27.6132195],[79.4308305,27.6128202],[79.4340964,27.6123304]]}},{"type":"Feature","properties":{"osm_id":82296648,"group":"gangaUpper","version":32,"timestamp":"2025-06-19T04:45:52Z","tags":{"name":"Ganga","name:bn":"গঙ্গা নদী","name:en":"Ganges","waterway":"river"},"nodes":[958442926,9413661576,9413661575,9413661574,9413661573,9413661572,9413661571,9413661570,9413661569,9413661568,9413661567,9413661566,9413661565,9413661564,9413661563,9413661562,9413661561,9413661560,9413661559,9413661558,9413661557,9413661556,9413661555,9413661554,9413661553,9413661552,9413661551,9413661550,9413661549,9413661548,9413661547,4511380091,958443750,9413661687,958442592,9413661688,9413661689,958443550,9413661686,4511380093,9413661685,958443740,9413661684,9413661683,958442570,9413661682,4511380094,9309068398,9309068399,4511379877,9309068397,9309068396,9309068395,4511379876,9309068394,9309068393,4511379875,9309068392,9309068391,9309068390,958442109,9309068389,9309068388,4511379874,9309068387,9309068386,9309068385,9309068384,958442195,9309068383,4511379847,9309068382,4511379846,958442780,9413661537,9309068381,9309068380,958443283,9309068379,958442060,9309068378,9309068377,958443082,9309068376,958444002,9309068375,9309068374,9309068373,9309068372,958442865,9309068371,9309068370,9309068369,9309068368,958443805,4511379579,4511379578,4511379577,9309068367,9309068366,4511379576,9309068365,958442932,4511379570,9309068364,958443888,9309068363,958442743,9413661481,958443698,9413661480,958442511,9413661479,9413661478,958443498,9413661477,958442297,9413661476,9413661475,9413661474,958442506,9413661473,9413661472,4511379495,9413661471,9413661470,4511379494,9413661469,4511379498,4511379496,9413661468,4511379497,9413661467,9413661466,4511379499,9413661465,4511379500,9413661464,9413661463,958442034,8642834833,958443050,9413661462,958443991,9413661461,958442841,9413661460,958443341,958442142,9413661459,958444056,9413661458,958442913,958443867,9413661457,9413661456,9413661455,9413661454,9413661453,9413661452,958442736,958443694,4511379389,958444143,4511379390,4511379391,958443025,958443978,4511379175,9413661448,958442814,958443766,9413661447,9413661446,958442602,9413661445,958443577,958442374,958442899,958443847,9413661444,8642834832,958442695,958443657,9413661443,958442474,958443430,4511379109,4511956304,4511379108,958442234,958443223,958443403,958442224,958443209,958444131,958442994,958443959,4511346159,958442801,958443747,958442070,958443088,9413661442,9413661441,9413661440,9413661439,958444018,4511291717,9413661438,958442869,9413661437,9413661436,9413661435,9413661434,958443826,9413661433,958442669,958443630,9413661432,958442454,9413661431,958442942,9413661430,9413661429,9413661387,9413661386,9413661385,9413661384,9413661383,9413622174,9413661382,9413661381,9413622173,9413661380,9413661379,9413661378,9413661377,9413661376,9413661375,9413661374,9413661373,9413661372,9413661371,9413622206,9413661370,9413661369,9413661368,9413661367,9413661366,9413661365,9413661364,9413661363,9413661362,9413661361,8642834410,958442027,958443048,8642834831,9445571250,8642834830,9445571251,9445571252,9445571253,958443989,9445571254,9445571255,9445571256,9445571257,9445571258,9445571259,9445571260,9445571261,9445571262,9445571263,9445571264,9445571265,9445571266,9445571267,9445571268,9445571269,9445571270,9445571271,958442910,8642834415,8642834416,8642834817,8642834818,958443862,8642834819,8642834820,8642834821,8642834822,8642834823,8642834824,8642834825,958442713,8642834826,8642834827,958443691,8642834414,958442488,958443021,958442807,958443763,958442595,958443574,958442370,8642834413,958443339,958443831,958442675,958443651,9445496015,9445496016,9445551217,9445551218,9445551219,958442470,9445551220,8642834412,9445551221,958443423,9445551224,12925157001,958443693,958442975,12925157012,12925157004,12925157013,958442786,958443938,12925157005,9445551227,958442771,9445551228,9445551229,9445551230,8643132223,958442320,9445551231,958443306,958442096,958442643,958443386,958442189,958443174,958444085,566634405,8643131814,958442970,8643132217,3370436376,8643131815,9270501239,958443949,9270501238,9270501237,8643131791,9270501236,958444071,9270501234,958442940,958443719,958442839,958443792,958442632,8643131799,958443586,958442416,958443371,958443151,958443695,958442505,958443488,958443255,958442031,958443990,9445551260,958443362,9445551261,9445551262,9445551263,9445551264,9445551265,9445551266,9445551245,9445551246,9445551247,9445551248,9445551249,9445551250,9445551251,9445551252,9445551253,9445551254,9445551255,9445551267,958442903,9445551268,9445551269,9445551270,9445551271,9445551272,9445551273,958443855,9445551274,9445551275,1775006345,9445551276,9445551277,9422726099,958443661,9445551278,958442261,958443242,958443749,958442572,958443548,958442361,958443334,958442114,958443119,958444039,958442452,958443406,958442221,958443191,958444119,958442990,958443957,958442799,958443301,958442073,9248756948,9248756947,9248756946,9248756945,8643248236,958444017,9248756944,9248756943,958442873,958443829,9248756942,958443628,958443803,958442645,8643248222,958443615,8643248223,958442443,8643248225,8643248224,958443389,8643248233,8643248226,958443181,8643248221,8643248227,958444105,958442509,8643248228,958443494,958442283,8643248229,8643248230,8643248220,958443264,958442058,958443080,958443998,8643248231,8643248232,958442863,8643228912,958443367,8643228913,8643228914,8643228915,958442157,8643228916,958443145,8643248219,958444065,8643248218,8643248217,958442929,8643228911,958443885,958442741,9445551291,958443697,8643228910,9445551290,8643228909,9445551289,9445551288,9445551287,9445551286,9445551285,9445551284,8643228908,9445551283,8643228907,9445551282,8643228906,9445551281,958442022,958443041,9445551280,958443982,9445551279,958442831,958443774,958442609,958443582,958442412,958442804,958443753,958442598,11579462254,958443551,8643228905,8643228904,958442368,958443335,958442136,8643228903,958443124,958443648,958442455,8643228902,8643228901,958443421,958442229,958443214,958444138,958443018,958443970,958442327,8643228898,958443310,11579462533,958442100,958443090,958444019,8643228899,958442877,958443830,11579462541,958442672,958443176,958444097,958442962,8643228900,958443944,958442774,8643228883,958443727,958442564,958443542,8643290120,958443712,958442514,958443501,958442301,958443284,8643290121,8643290122,958442064,958443084,958444014,958442414,958443369,8643290123,8643290124,958443147,958444068,958442936,958443891,958442747,958443245,958442024,958443045,8643228873,958443983,10006775722,8643228874,3287833668,8643228875,958442834,958443777,958442628,958443584,958444048,8643228876,958442908,958443859,958442710,958443686,8643228878,8643228877,958443441,4019673567,958442265,8643228834,958443431,958442237,958443226,8643228864,8643228865,8643228866,958444146,958443027,8643228867,8643228868,958443980,8643228869,8643228870,8643228871,7054457274,958442817,8643228862,958443331,8643228861,8643228860,7054456992,8643228858,8847404208,958442112,7054457055,8643228857,8643228856,9445551292,9445551293,958443117,9445551294,9445551295,9445551296,958444026,9445551297,9445551298,9445551299,9445551300,9445551301,9445551302,9445551303,9445551304,9445551305,9445551306,958443850,958443659,958442974,8643290119,958443954,8643290118,8643290117,958442783,958443743,8643276816,958442571,8643276815,8643276813,958443547,8643276810,8643276811,958442356,8643276812,958442866,958443809,958442661,958443619,958442448,8643276809,958443396,958442197,958443187,958442185,958443159,958444082,958442959,958443897,958442773,958443724,958442054,958443057,958443994,958442845,958443797,958442638,958443609,958442420,958442922,9377188726,9377188725,9377188724,9377188723,958443881,958442737,958443696,958442507,958443491,958442277,958443258,958443770,958442604,958443579,958442408,958443363,958442149,958443141,958444059,958443427,958442232,958443220,958444141,958443023,958442103,958443092,9377204212,958444021,8646019811,9377204213,958442880,9377204214,9377204215,958443832,8646019812,8646019813,958442680,958443654,958442473,958442965]},"geometry":{"type":"LineString","coordinates":[[79.4340964,27.6123304],[79.4364953,27.6116984],[79.4382977,27.6108998],[79.4426536,27.6086181],[79.4450784,27.6076103],[79.4457221,27.6074202],[79.4514298,27.6065265],[79.4547128,27.605899],[79.4602275,27.6048342],[79.4622445,27.6042637],[79.4656133,27.6036743],[79.4667506,27.6032749],[79.4671368,27.6031038],[79.4677591,27.6026284],[79.4693899,27.6012213],[79.4703984,27.5994148],[79.4712567,27.5970377],[79.4720721,27.5890506],[79.4721579,27.587396],[79.472115,27.5850568],[79.4720936,27.5847905],[79.4715786,27.5819757],[79.470849,27.5799217],[79.4706559,27.5796554],[79.4685745,27.5777534],[79.464798,27.575452],[79.4627809,27.5744249],[79.4567942,27.5738353],[79.4559359,27.5733788],[79.4552064,27.5723517],[79.4544339,27.5694035],[79.4544283,27.5651113],[79.4562908,27.5624401],[79.4587791,27.560349],[79.4598091,27.5596927],[79.4615471,27.5589984],[79.4649589,27.5579711],[79.4671194,27.5576441],[79.4686818,27.5576573],[79.4719112,27.5579331],[79.4741535,27.5582565],[79.476546,27.5584848],[79.4775975,27.5583896],[79.4782197,27.5581899],[79.4791639,27.557448],[79.4795394,27.5569914],[79.4802904,27.554623],[79.4807732,27.5536623],[79.4812989,27.5530916],[79.482297,27.5525683],[79.4837129,27.552264],[79.4860625,27.5519787],[79.4871461,27.5519026],[79.4881263,27.5518901],[79.489367,27.5522355],[79.4917166,27.5532248],[79.4943237,27.5543852],[79.4957721,27.5547086],[79.4968021,27.5548703],[79.4984329,27.5548608],[79.4995594,27.5546801],[79.5011043,27.554233],[79.5027888,27.5534055],[79.5039904,27.5527777],[79.5068014,27.5509419],[79.5093119,27.5494389],[79.5104706,27.5488492],[79.5115757,27.5479265],[79.5132279,27.5466328],[79.5147943,27.5462523],[79.5167684,27.5460049],[79.5197296,27.5456815],[79.5226478,27.5454722],[79.5250082,27.5449015],[79.5271969,27.544559],[79.5283127,27.544559],[79.5316601,27.5449015],[79.5333552,27.5448444],[79.5345998,27.544578],[79.5371103,27.5437314],[79.5382261,27.5432082],[79.5392239,27.542352],[79.5397174,27.5417051],[79.5400286,27.5406111],[79.5404577,27.5388607],[79.5414019,27.5369961],[79.5425498,27.5349412],[79.5432901,27.5340184],[79.5439875,27.5329719],[79.5443952,27.5322869],[79.5445669,27.5317256],[79.5446205,27.5310976],[79.5444274,27.5302224],[79.5433545,27.5289951],[79.5431828,27.5276821],[79.5437622,27.5241808],[79.5439124,27.5214596],[79.5442986,27.5175014],[79.544642,27.5164548],[79.5451998,27.5157316],[79.5459723,27.5150275],[79.5491481,27.5138666],[79.5524545,27.5133255],[79.5556927,27.5130673],[79.5595979,27.5134479],[79.5621085,27.5133718],[79.5639968,27.5131244],[79.5672476,27.5123632],[79.5682347,27.5120587],[79.5693397,27.511326],[79.570241,27.5102412],[79.5709383,27.5089566],[79.5710885,27.5079479],[79.57111,27.5067965],[79.5708954,27.5045982],[79.570595,27.503304],[79.5687282,27.4990597],[79.568299,27.4973942],[79.5682883,27.495862],[79.568342,27.49472],[79.5687175,27.4934923],[79.5696187,27.4920647],[79.572022,27.4893046],[79.5736635,27.487877],[79.5761633,27.486516],[79.5812058,27.4839462],[79.5838237,27.4826327],[79.5855832,27.4820425],[79.5874285,27.4816809],[79.589231,27.4811669],[79.5909047,27.4799676],[79.5923424,27.4791109],[79.5942521,27.4786731],[79.5959472,27.4784827],[79.5988226,27.4784637],[79.6009254,27.4789206],[79.602406,27.4797582],[79.6038651,27.4813382],[79.6049595,27.4823471],[79.6060967,27.4829563],[79.607706,27.4830134],[79.610281,27.4824613],[79.6119547,27.4818903],[79.6131134,27.4809765],[79.6141219,27.4797011],[79.6154523,27.4763505],[79.616096,27.4738376],[79.6166539,27.4710771],[79.6166968,27.467098],[79.6164822,27.4652703],[79.615066,27.4602819],[79.614551,27.45794],[79.6141648,27.4562644],[79.6138,27.4551219],[79.6127057,27.4538462],[79.6116972,27.4530084],[79.6101093,27.4518278],[79.6096802,27.4512756],[79.6092939,27.450552],[79.6090364,27.4496761],[79.6087789,27.448286],[79.6086293,27.4465802],[79.6083498,27.4449155],[79.609015,27.4433731],[79.6103453,27.4421924],[79.6130919,27.4403642],[79.6153879,27.4386884],[79.6179199,27.4364602],[79.620409,27.434232],[79.6231341,27.43208],[79.6250653,27.4302898],[79.625473,27.4290899],[79.6255803,27.4270901],[79.6256017,27.4256617],[79.6261811,27.4232428],[79.6262669,27.4215857],[79.626058,27.4193809],[79.6255111,27.4155028],[79.624269,27.4110537],[79.6234131,27.4082903],[79.6233701,27.4066711],[79.6234131,27.4052424],[79.6238208,27.4030517],[79.6252635,27.4005884],[79.6281767,27.3985654],[79.6288107,27.3979801],[79.632667,27.3931306],[79.6344611,27.3920536],[79.6365282,27.3912247],[79.6377669,27.3907514],[79.6393726,27.3899699],[79.6412547,27.388903],[79.6444417,27.3872853],[79.6475903,27.3854047],[79.6516468,27.3817682],[79.6531355,27.3786277],[79.6538642,27.3732819],[79.6552312,27.3626391],[79.6559456,27.3578237],[79.6566756,27.3535443],[79.6575522,27.3508617],[79.6590757,27.348708],[79.660964,27.3466305],[79.6623802,27.3452582],[79.6632385,27.3441908],[79.6633029,27.3431997],[79.6630883,27.3415605],[79.6624446,27.3389683],[79.6610498,27.336071],[79.6584749,27.333307],[79.6563506,27.3313627],[79.6539259,27.3300474],[79.6525311,27.3296089],[79.6515655,27.3292849],[79.6510291,27.3289417],[79.6498918,27.3275311],[79.6491408,27.3258345],[79.6487331,27.3240616],[79.6482181,27.3209161],[79.6485185,27.3173701],[79.6487331,27.3116124],[79.6490121,27.309172],[79.6505141,27.305168],[79.6507072,27.3034139],[79.6507287,27.3022889],[79.6498918,27.2989902],[79.648776,27.2971597],[79.6474027,27.2936511],[79.645214,27.2860996],[79.6449136,27.2833917],[79.6448278,27.2820567],[79.6451282,27.2804929],[79.6453857,27.2801115],[79.6461797,27.2793677],[79.6475529,27.2784904],[79.6518659,27.2771745],[79.6560716,27.2762591],[79.6673584,27.2746952],[79.6698474,27.2740086],[79.6713924,27.2730931],[79.675684,27.2695074],[79.6795463,27.267562],[79.6826792,27.2651015],[79.6877003,27.262641],[79.6899962,27.2611151],[79.6919918,27.2589406],[79.6929359,27.257777],[79.693408,27.2564799],[79.6929359,27.253981],[79.6927642,27.2533706],[79.690361,27.2482582],[79.6893739,27.2455112],[79.6892452,27.2448244],[79.6889448,27.2424207],[79.6896743,27.2396353],[79.6922871,27.2357156],[79.6928179,27.2346271],[79.6942832,27.2322249],[79.6957254,27.2306873],[79.6973632,27.2293944],[79.6981275,27.2289294],[79.6998372,27.2282319],[79.701547,27.2275701],[79.7042825,27.2268547],[79.7077583,27.226056],[79.7105874,27.2253746],[79.7160916,27.22436],[79.7206236,27.2238215],[79.7255314,27.2233943],[79.7296039,27.2233943],[79.7329245,27.2234315],[79.7348459,27.2233386],[79.7378741,27.2230972],[79.7395657,27.2230601],[79.7414662,27.2230601],[79.7435964,27.2230044],[79.7452463,27.2226144],[79.7472095,27.2217415],[79.7481493,27.2211287],[79.7492144,27.2204601],[79.7504883,27.2195872],[79.7520546,27.2188072],[79.7536001,27.2181758],[79.7562106,27.2174514],[79.7590256,27.2162432],[79.7609567,27.2152509],[79.7619867,27.2143922],[79.7622871,27.2136289],[79.7622013,27.2125412],[79.7616434,27.2108619],[79.7615576,27.2093734],[79.7619438,27.2083239],[79.7624159,27.2076369],[79.76336,27.2070453],[79.7654414,27.2054422],[79.7664714,27.2041064],[79.7675013,27.2016826],[79.7684026,27.1987818],[79.7697115,27.1962053],[79.7714666,27.1945079],[79.7740459,27.1934187],[79.7802043,27.1916437],[79.7857189,27.1895251],[79.7878003,27.1883418],[79.7901177,27.1864903],[79.7930145,27.1829783],[79.7955465,27.180535],[79.7989154,27.1784162],[79.8023486,27.1768318],[79.8058462,27.1757056],[79.8128937,27.1740572],[79.8174977,27.173224],[79.8250723,27.1719259],[79.8307645,27.1718559],[79.831642,27.17178],[79.8326779,27.1716933],[79.8332995,27.1714114],[79.8338236,27.1710969],[79.8347255,27.1707608],[79.8362245,27.1706741],[79.8381258,27.1706849],[79.8396492,27.1707825],[79.8434249,27.1699123],[79.8474201,27.1695784],[79.8529258,27.1702391],[79.8583983,27.1706456],[79.8614226,27.1715675],[79.8642945,27.174494],[79.8658056,27.1754183],[79.8672459,27.1744323],[79.8711033,27.1728761],[79.8732164,27.1691975],[79.873518,27.1648177],[79.8765339,27.160373],[79.8757734,27.1591626],[79.8734511,27.1576564],[79.8770293,27.1519338],[79.881028,27.1497803],[79.8854327,27.150238],[79.8869188,27.1497986],[79.8896967,27.1497936],[79.8920395,27.150585],[79.8962978,27.1497529],[79.9023201,27.1487371],[79.9072545,27.1469078],[79.914163,27.1448568],[79.9205064,27.1440137],[79.9291242,27.1439644],[79.9345431,27.1436247],[79.9379825,27.142524],[79.9406745,27.140846],[79.9419866,27.1389358],[79.9429971,27.1371264],[79.9441194,27.1364709],[79.9483895,27.135096],[79.9519944,27.1337975],[79.9542689,27.1325371],[79.9555564,27.1313722],[79.9571228,27.1293289],[79.9578953,27.127572],[79.9587536,27.1242872],[79.9590969,27.1205058],[79.9593758,27.1187487],[79.9615884,27.1157274],[79.9684594,27.1052181],[79.9703403,27.1022151],[79.97312,27.0983764],[79.9749176,27.0960129],[79.9767092,27.0936572],[79.9789086,27.0917015],[79.9816716,27.0900988],[79.9880051,27.0855003],[79.9913778,27.0826744],[79.9931863,27.0785891],[79.9947204,27.0728473],[79.9981,27.064261],[79.9987179,27.0576595],[79.997809,27.0528583],[79.9969717,27.0485252],[79.9971642,27.0471921],[79.9975277,27.0455354],[79.9977201,27.0441452],[79.9973994,27.0434786],[79.996651,27.0425836],[79.9959454,27.0419741],[79.9947266,27.0414218],[79.9926312,27.0406791],[79.9909207,27.0398412],[79.9887397,27.0384318],[79.9877989,27.037213],[79.9870505,27.0357084],[79.9864305,27.0328325],[79.9863449,27.0303565],[79.986687,27.0284709],[79.9869864,27.0275948],[79.9875637,27.0266615],[79.9883976,27.0250234],[79.9887594,27.0231534],[79.9888015,27.0213228],[79.9889035,27.0205778],[79.9891381,27.0199327],[79.9896072,27.0192512],[79.9900764,27.0183971],[79.9901274,27.0178701],[79.9900254,27.0172613],[79.9897908,27.0167161],[79.9890667,27.0158802],[79.9888219,27.0148625],[79.9888831,27.0136812],[79.9889137,27.0129634],[79.9891686,27.0120002],[79.9896378,27.0109097],[79.9902294,27.0097194],[79.9906884,27.0089015],[79.9984132,26.9998175],[80.0028558,26.994381],[80.005126,26.9880445],[80.0058942,26.985119],[80.0065807,26.9826408],[80.0078576,26.9804151],[80.0086514,26.9782924],[80.0083982,26.9757663],[80.0082438,26.9713048],[80.0091428,26.968398],[80.0126318,26.9633739],[80.0164299,26.9606772],[80.0204596,26.9564619],[80.0236332,26.9498019],[80.0262748,26.9438986],[80.0276768,26.9412197],[80.0298215,26.9383828],[80.0328836,26.9354171],[80.0374388,26.9326304],[80.0402069,26.9306791],[80.0440264,26.9277329],[80.0478673,26.9245188],[80.0495195,26.9228161],[80.0507855,26.9210942],[80.0519013,26.9190279],[80.0524378,26.9174973],[80.0532317,26.916311],[80.0545406,26.9146081],[80.0582573,26.9103351],[80.0606005,26.9078916],[80.0632524,26.9053855],[80.0701833,26.900372],[80.0753857,26.8959777],[80.0808387,26.8920366],[80.0838518,26.8896363],[80.0861263,26.8882966],[80.0883794,26.8874163],[80.0907238,26.8869115],[80.0939584,26.886823],[80.0953102,26.886689],[80.0967049,26.8862871],[80.098207,26.8853494],[80.1025409,26.8817959],[80.1071977,26.8777512],[80.1091718,26.8757223],[80.1107597,26.8735404],[80.1118541,26.870899],[80.1140857,26.8650608],[80.1157808,26.8619024],[80.1182699,26.8594139],[80.1228189,26.8568487],[80.1274109,26.8548578],[80.1295137,26.8530583],[80.1304364,26.8518905],[80.1311016,26.8500335],[80.131402,26.8462429],[80.1307153,26.8429116],[80.1295566,26.8403461],[80.1250934,26.8348702],[80.1231193,26.8326874],[80.1222181,26.8299302],[80.122261,26.8275558],[80.1226902,26.8258708],[80.1238918,26.8228836],[80.1242351,26.821524],[80.123806,26.8200495],[80.1228833,26.8186324],[80.1208448,26.81666],[80.1167464,26.8141896],[80.1144933,26.8119681],[80.1141286,26.8107233],[80.1144075,26.8098232],[80.1150942,26.8089423],[80.1163816,26.8078698],[80.1173472,26.8064909],[80.1187849,26.8038479],[80.1208891,26.7980388],[80.1218887,26.7953984],[80.1228679,26.7931769],[80.1244795,26.7909735],[80.1257035,26.7893163],[80.1269071,26.7877867],[80.1276721,26.7869945],[80.1283453,26.7865847],[80.1289777,26.7864937],[80.1299365,26.7864846],[80.1317317,26.7866394],[80.1325579,26.7867213],[80.1333534,26.7867851],[80.1342102,26.786776],[80.1350874,26.7866667],[80.1360054,26.7862114],[80.1365868,26.7852098],[80.1369948,26.7842355],[80.1377535,26.7828906],[80.1388434,26.7824308],[80.1399605,26.7817771],[80.1407618,26.7808247],[80.141704,26.7798261],[80.1435946,26.7775701],[80.1457017,26.774906],[80.1457298,26.7717694],[80.142517,26.7692922],[80.1442981,26.7642343],[80.1452637,26.7623951],[80.146594,26.760824],[80.1488685,26.7589464],[80.1541413,26.7562267],[80.1557779,26.7553826],[80.1578378,26.7540797],[80.1588678,26.753045],[80.1591508,26.7509067],[80.159408,26.7473501],[80.1597385,26.7429079],[80.1600265,26.7405515],[80.1596535,26.7372628],[80.1561777,26.7294476],[80.1539542,26.7270638],[80.1537609,26.7258335],[80.1546192,26.7245303],[80.1558637,26.7234953],[80.1604127,26.7198921],[80.1625585,26.7173621],[80.1644821,26.7135738],[80.1660026,26.7099928],[80.1702833,26.7052098],[80.1742744,26.7007242],[80.1778149,26.6970436],[80.1795745,26.6959125],[80.1813355,26.6944415],[80.1827105,26.6932928],[80.1867223,26.6924914],[80.1914086,26.6956377],[80.1964055,26.6943144],[80.1994991,26.6928956],[80.2016315,26.6925167],[80.2047397,26.6904201],[80.2072549,26.6887234],[80.2103019,26.6868446],[80.2126622,26.6860202],[80.217576,26.6859818],[80.2224684,26.6866145],[80.2273178,26.687669],[80.2341522,26.6892457],[80.2377033,26.6895286],[80.2424669,26.6897587],[80.2480103,26.6910332],[80.2519948,26.6904276],[80.2558084,26.688972],[80.2562737,26.685808],[80.2559261,26.6826042],[80.2572942,26.6786771],[80.2577447,26.6764913],[80.2578735,26.6743438],[80.2577877,26.6716211],[80.2577447,26.6683614],[80.2580881,26.6650632],[80.2597618,26.6619951],[80.2623796,26.659483],[80.2659845,26.6573352],[80.2682376,26.654497],[80.2693963,26.6525601],[80.2705121,26.6496834],[80.2709412,26.6440257],[80.2707146,26.638844],[80.2705285,26.635836],[80.2701282,26.6329878],[80.2702314,26.6303179],[80.2706461,26.6261165],[80.2725814,26.6215441],[80.2763057,26.6149849],[80.2774429,26.6115317],[80.2779221,26.6090065],[80.2779415,26.6088823],[80.2783012,26.606582],[80.27843,26.6034931],[80.2783227,26.6011716],[80.2781939,26.5991954],[80.2780437,26.5946289],[80.2781081,26.5906954],[80.2785802,26.5888726],[80.2796745,26.5865316],[80.2811122,26.5850348],[80.2826142,26.5839986],[80.2846741,26.5830392],[80.2889871,26.5817727],[80.2937507,26.5807364],[80.2977418,26.5795083],[80.2993941,26.5783761],[80.2999091,26.576956],[80.3004455,26.5733865],[80.3015399,26.5635987],[80.3022305,26.5568821],[80.3025518,26.5545091],[80.3027415,26.5526584],[80.3031707,26.5493186],[80.3038358,26.5461898],[80.3051448,26.5429841],[80.3064108,26.5411796],[80.3082347,26.5395479],[80.3124833,26.5369755],[80.317676,26.5336928],[80.3190923,26.532061],[80.3199291,26.5295653],[80.319972,26.527223],[80.3191995,26.5245544],[80.3179765,26.5222505],[80.315423,26.5180457],[80.3150153,26.5159145],[80.3149724,26.5144552],[80.3153157,26.5126311],[80.3158307,26.510807],[80.31703,26.5082758],[80.3172456,26.5081075],[80.3182983,26.5073123],[80.3192425,26.505853],[80.3200793,26.5031358],[80.320884,26.5008218],[80.3214955,26.4997561],[80.3224397,26.4987479],[80.3232457,26.4979535],[80.3241334,26.4973087],[80.3254805,26.4963741],[80.3269947,26.4954021],[80.3284761,26.4946805],[80.3296389,26.4941054],[80.3306079,26.4936489],[80.3320053,26.4931377],[80.3331374,26.4928456],[80.3347286,26.4924074],[80.3364626,26.4917501],[80.3398898,26.4903899],[80.3425928,26.4892944],[80.3450612,26.4882719],[80.3490698,26.4866195],[80.3506304,26.4860261],[80.352038,26.4856336],[80.3542004,26.485031],[80.3572011,26.4844021],[80.3641319,26.4830961],[80.3667712,26.4825391],[80.3692388,26.4815596],[80.3706121,26.4807337],[80.3713631,26.4798118],[80.3717923,26.4784481],[80.3725648,26.4756727],[80.3735196,26.4730316],[80.3746998,26.4699776],[80.3750539,26.4690076],[80.3755045,26.4681528],[80.3776503,26.4652763],[80.3786534,26.463898],[80.3812981,26.4597103],[80.3823709,26.4581255],[80.3857554,26.4539069],[80.3866839,26.4529194],[80.39091,26.4493921],[80.3949188,26.4458029],[80.4025217,26.4399856],[80.4080511,26.4361485],[80.4117203,26.4329885],[80.4148245,26.4299593],[80.4193863,26.4266171],[80.4227039,26.4231509],[80.4332097,26.4154755],[80.4388773,26.412628],[80.4456508,26.4091614],[80.4520096,26.4059423],[80.4567096,26.4040851],[80.4615068,26.4022295],[80.4652553,26.4011065],[80.4695749,26.4001345],[80.475583,26.3979435],[80.4803896,26.3947144],[80.4846382,26.3926386],[80.4878568,26.3890634],[80.4905605,26.3865261],[80.4930711,26.3812975],[80.4948306,26.3778373],[80.4965257,26.3746654],[80.4975772,26.3717048],[80.4985428,26.3698208],[80.5003667,26.3672062],[80.5033922,26.3644954],[80.5053448,26.3629381],[80.5085635,26.3607848],[80.5151939,26.3550359],[80.521717,26.3493445],[80.5254507,26.3456911],[80.530858,26.3408068],[80.536437,26.3355185],[80.5390548,26.3318838],[80.5408573,26.3277298],[80.542531,26.323768],[80.5434751,26.3187674],[80.544548,26.3146514],[80.5460071,26.3104198],[80.5472517,26.3071499],[80.5484382,26.3033903],[80.5489296,26.3011076],[80.5499949,26.2971037],[80.5516373,26.293145],[80.5576163,26.2845191],[80.5660922,26.2766769],[80.5726594,26.2716899],[80.5751731,26.2690648],[80.5791378,26.2633235],[80.5812406,26.2604756],[80.5843305,26.2551259],[80.5851888,26.2528936],[80.5857038,26.2506227],[80.5859613,26.2482364],[80.5864334,26.243117],[80.5860471,26.2387289],[80.5853605,26.2351105],[80.5855965,26.2310492],[80.5863444,26.2289638],[80.5873996,26.2270349],[80.59084,26.2231041],[80.5948609,26.2193814]]}},{"type":"Feature","properties":{"osm_id":82300600,"group":"gangaUpper","version":7,"timestamp":"2021-04-20T05:25:53Z","tags":{"name":"Ganga","name:bn":"গঙ্গা নদী","name:en":"Ganges","waterway":"river"},"nodes":[958442965,958478597,958480163,958480758,958478723,958479374,958480055,958480688,8646019808,8646019809,958478672,8646019810,958479124,958479738,958480421,958481037,958479587,8646019807,958480284,8646019806,8646019805,958480900,958478824,958479289,958479980,958478955,958479495,958480208,958480836,958478777,958479216,958479877,8646019804,958480554,958479414,8646019803,958480134,958480733,958478706]},"geometry":{"type":"LineString","coordinates":[[80.5948609,26.2193814],[80.5998766,26.2157299],[80.603651,26.2129555],[80.6078047,26.2095765],[80.6108025,26.2071219],[80.6130421,26.2051018],[80.6149714,26.2040211],[80.618062,26.2028475],[80.6214094,26.2017116],[80.6230831,26.2009608],[80.6241345,26.1999211],[80.6250679,26.1982653],[80.6260872,26.1968598],[80.6272352,26.1960415],[80.6288445,26.1954639],[80.6313872,26.1939332],[80.6330287,26.1929898],[80.6346166,26.1925181],[80.6382,26.1917671],[80.6403458,26.1910836],[80.6416654,26.1901786],[80.6428242,26.1889656],[80.6439828,26.1872519],[80.646429,26.1832853],[80.647459,26.1805124],[80.6480169,26.1742347],[80.6487035,26.1691891],[80.6511837,26.1635622],[80.6534839,26.1584008],[80.6548994,26.1538744],[80.6565804,26.1498243],[80.6596768,26.1456152],[80.660634,26.1434959],[80.6615996,26.1405102],[80.662651,26.1350779],[80.6629175,26.133101],[80.6635952,26.1291445],[80.6646463,26.1235351],[80.6656791,26.1196924]]}},{"type":"Feature","properties":{"osm_id":166517651,"group":"gangaUpper","version":11,"timestamp":"2021-12-29T19:41:23Z","tags":{"name":"Ganga","name:bn":"গঙ্গা নদী","name:en":"Ganges","waterway":"river"},"nodes":[958478706,8646019802,8646019801,958479159,958479783,8646019800,8646019799,8646019798,958480481,9377206220,9377206221,958478494,958480020,958480660,958478644,958479098,958479702,9377206219,958480387,958481007,9377204216,958478905,958478988,958479537,958480242,958480866,8541853406,958478800,958479246,9377206218,8541853407,958479922,958480590,9377206217,958479452,8541838137,958480172,958478735,958480526,8541838141,8541838140,8541838139,8541853408,958480703,8541838138,958479136,8541838136,958481049,958478936,958480627,8541838135,958478617,958479080,958479663,958480348,958480975,958478883,8541838134,958479384,8646019797,958479504,8541853409,8541561747,958480216,958480842,958478780,958479219,958479883,958480559,958478557,8646019796,958480140,8646019795,958480738,958478713,958479790,958480485,958478500,958478966,958480674,958478655,958479105,958479711,958480397,958478916,958478583,8646019794,958479048,8541853411,958479621,958480314,958480939,958478857,8541561746,8541561745,958479342,958480030,958480990,958478890,958479392,958480108,8646019793,958480712,958478692,8646019791,958479142,8646019790,8646019789,8646019788,8646019787,958479764,958478829,958479314,958479990,958480634,958478622,958479085,958479673,8541551462,8541551463,8541551464,8541551465,958480367,8646019786,958479230,958479886,8646019785,958480566,958478562,958479028,958479592,8646019784,8541551461,8646019783,958480289,958480913,958480486,958478502,958478970,958479506,8646019782,958480219,958480844,958478782,8541551460,8541551459,958478868,8541551458,8541551457,8541551456,958479362,8646019781,8541551455,958480049,958480683,958478665,8646019779,8646019780,958479119]},"geometry":{"type":"LineString","coordinates":[[80.6656791,26.1196924],[80.6661916,26.1187026],[80.6672859,26.1172383],[80.6685948,26.1158703],[80.6712556,26.1138666],[80.6732511,26.1128261],[80.6753754,26.1124793],[80.6791949,26.1124793],[80.6824136,26.1125178],[80.6853103,26.1120554],[80.6868553,26.1112654],[80.6880569,26.1103406],[80.6908679,26.1080477],[80.6943869,26.1050803],[80.697627,26.1031149],[80.7007813,26.1016505],[80.704,26.0999933],[80.7056308,26.098972],[80.708785,26.0970258],[80.7128191,26.0948289],[80.7146215,26.0941352],[80.7174539,26.0927863],[80.7211875,26.0905508],[80.7232904,26.0882383],[80.7259082,26.0856944],[80.728054,26.0831119],[80.7305002,26.0799898],[80.7323885,26.0778697],[80.7358217,26.0763279],[80.7393407,26.0758268],[80.743246,26.0761351],[80.7497263,26.0770988],[80.754404,26.0767904],[80.7566356,26.0763664],[80.7597255,26.075634],[80.7665858,26.0718812],[80.7721434,26.0700833],[80.7775039,26.0683808],[80.7792497,26.0672064],[80.7806783,26.0649287],[80.7815763,26.0619503],[80.7825462,26.0583088],[80.7831719,26.0565624],[80.7839908,26.0549704],[80.7885258,26.0500626],[80.7915432,26.0478934],[80.8004016,26.0420966],[80.8057204,26.0397435],[80.8070953,26.0392809],[80.8093078,26.037742],[80.8120013,26.0349192],[80.8147288,26.0317643],[80.8166741,26.0287578],[80.8187436,26.0263784],[80.8204635,26.0242898],[80.8222055,26.0227527],[80.8248635,26.020613],[80.828537,26.0192485],[80.8311162,26.0189309],[80.8337116,26.0192452],[80.8362747,26.0199147],[80.8384478,26.0207017],[80.8402346,26.0214886],[80.8428506,26.0232681],[80.844459,26.0251078],[80.8483563,26.0301779],[80.8519609,26.0351499],[80.8543956,26.0389425],[80.8570544,26.0455699],[80.8620842,26.0521697],[80.8641171,26.0539106],[80.8669995,26.0554652],[80.8696317,26.0563588],[80.8721137,26.0569038],[80.8792827,26.0568138],[80.8843718,26.0560947],[80.8913047,26.0554055],[80.8960375,26.0547025],[80.9063832,26.0540326],[80.9113896,26.0546125],[80.9191981,26.0541912],[80.925391,26.0534758],[80.9280738,26.0534085],[80.9349799,26.0541749],[80.9436413,26.0545936],[80.9513124,26.0559735],[80.9547972,26.0572263],[80.9581325,26.0600447],[80.9597698,26.0612399],[80.9627943,26.0631181],[80.9670405,26.0659074],[80.9718206,26.0671498],[80.9777567,26.0685432],[80.9820198,26.0691038],[80.9860644,26.0694038],[80.988866,26.0693227],[80.9951222,26.068541],[81.0017654,26.067486],[81.0055752,26.0668405],[81.0082201,26.0665053],[81.0113455,26.065771],[81.014471,26.0647246],[81.0182691,26.0630785],[81.0219911,26.0615734],[81.0229897,26.0613707],[81.0250926,26.061361],[81.0259831,26.061255],[81.0268414,26.0610526],[81.0277963,26.0606478],[81.02844,26.0600984],[81.029038,26.0593602],[81.0311672,26.0556726],[81.032521,26.053375],[81.033816,26.0514049],[81.0350863,26.0491263],[81.0361925,26.0458503],[81.037843,26.0431308],[81.0383331,26.0397274],[81.0380327,26.0385475],[81.0372558,26.0370872],[81.0366691,26.0345111],[81.0372471,26.0318926],[81.0385761,26.0299683],[81.0407781,26.0285777],[81.0445297,26.0275499],[81.0462754,26.0268627],[81.0473656,26.0258397],[81.0480044,26.0244231],[81.0492398,26.0212698],[81.0518991,26.0178631],[81.0526755,26.0161315],[81.0528803,26.0146172],[81.0530756,26.00987],[81.0536742,26.0086584],[81.0552547,26.007346],[81.0598578,26.0041381],[81.0656416,26.0013738],[81.0700097,25.9999286],[81.0752654,25.9984362],[81.080426,25.997286],[81.0822773,25.9964506],[81.086175,25.9943725],[81.0892368,25.9930047],[81.0928964,25.9918287],[81.0957146,25.9905478],[81.0981688,25.9885573],[81.0999939,25.9877995],[81.1018136,25.9876325],[81.1072903,25.988734],[81.1094717,25.9883771],[81.1118068,25.9875022],[81.1142063,25.9859196],[81.1166343,25.9835568],[81.1180472,25.9804995],[81.1189699,25.9764873],[81.1196136,25.9729765],[81.1203003,25.971086],[81.1211371,25.969562],[81.1220598,25.9688482]]}},{"type":"Feature","properties":{"osm_id":160795745,"group":"gangaUpper","version":12,"timestamp":"2025-03-09T18:34:24Z","tags":{"name":"Ganga","name:bn":"গঙ্গা নদী","name:en":"Ganges","waterway":"river"},"nodes":[958479119,8646032590,958479725,8541551454,958480417,958479263,958479947,8541551453,958480603,8541551452,958478601,958479062,958479637,958480337,8541551451,8541551450,958480950,8541551449,958479850,8541551448,958480532,958478537,958479000,958479560,958480257,8541551447,958480884,8541551446,958478809,8541551445,8541551444,958480444,958481062,958478944,8541551443,8541551442,8646032588,958479471,8646032589,958480189,8541551441,958480782,958478744,958479198,958479327,958479999,958480652,958478634,958479094,8646032587,8541551440,8541551439,8541551438,958479691,958480372,8541551436,8541551437,8646032584,8646032583,8541551435,8646032582,958480997,12648131409,8541551434,8541551433,12648131408,8646032581,958479911,8541551432,958480578,958478573,8646032580,958479039,8646032579,8646032578,958479600,8541454948,8646032577,8541454946,8646032576,958480296,8646032575,958480921,958478840,958480504,958478514,958478974,958479525,8646032571,958479813,8541454945,8541454944,8541454943,8646032570,8541454942,8541454941,958478605,8541454940,8541454939,958479068,8541454938,8646032569,8541454937,958479646,8541454936,8541454935,8541454934,8541454933,958480966,958478877,958480539,958478548,8541454932,8541454931,958479005,958479573,8541454930,8541454929,8646138355,8541454928,958480267,8646138354,958480892,958478818,9443130990,958479274,9443130989,9443130988,9443130987,9443130986,9443130985,9443130984,9443130983,9443130982,958481072,8541454927,9443130981,9443130980,958478950,9443130979,9443130978,8541454926,9443130977,958479478,958480197,9443130976,9443130975,958480793,958478763,958479209,958479855,958478899,958479406,958480116,958480718,958478699,958479155,958479774,8646138353,958480463,958478730,958479184,958479819,958480512,958478521,958478983,958479533,958480234,958479133,958479742,958480425,958481045,958478934,8541478893,958479448,958480167,958480764,958479650,958480345,958478682]},"geometry":{"type":"LineString","coordinates":[[81.1220598,25.9688482],[81.1230683,25.9682695],[81.1263771,25.9672614],[81.1284304,25.9666781],[81.1325865,25.9661333],[81.1363009,25.9663092],[81.1424934,25.9662998],[81.1492743,25.9668889],[81.1556719,25.9663562],[81.1595978,25.965696],[81.1696695,25.9640567],[81.1734697,25.9631221],[81.1764868,25.9618376],[81.1801563,25.95967],[81.1825563,25.9576593],[81.1846993,25.9551841],[81.1854774,25.9543033],[81.1868942,25.9531873],[81.1903924,25.9502962],[81.1918445,25.9493414],[81.1985109,25.9457172],[81.2025006,25.9429794],[81.208274,25.9383925],[81.210897,25.9363142],[81.2143963,25.9325892],[81.2155896,25.92998],[81.2158603,25.9268885],[81.2155332,25.9223542],[81.2148667,25.9176314],[81.2142911,25.9143598],[81.2141931,25.911681],[81.2147165,25.9090248],[81.2160968,25.9037538],[81.217086,25.897438],[81.2171343,25.894796],[81.2163258,25.8899053],[81.215508,25.8861567],[81.2152304,25.8844689],[81.2157225,25.8828169],[81.2170386,25.8809848],[81.2218193,25.87667],[81.2241094,25.8729665],[81.2247769,25.8680563],[81.2260192,25.8645971],[81.2280047,25.8623217],[81.2299679,25.8604226],[81.2321885,25.8588574],[81.2347166,25.8576853],[81.239036,25.856757],[81.2429952,25.8564237],[81.2490409,25.8570782],[81.2511276,25.8569215],[81.25337,25.8562172],[81.2585475,25.8541195],[81.261905,25.8532567],[81.2646318,25.8528923],[81.2691557,25.8528908],[81.2700373,25.8528635],[81.2706354,25.852779],[81.271221,25.8526341],[81.2718129,25.8523155],[81.2731954,25.8526656],[81.2749104,25.8523616],[81.2769717,25.8517965],[81.2785125,25.8500089],[81.2788099,25.8483061],[81.2783062,25.8462736],[81.2774844,25.8442373],[81.2764964,25.8420966],[81.2767387,25.8412927],[81.2775011,25.8405017],[81.2785828,25.8400481],[81.2812262,25.8384023],[81.2816941,25.8365042],[81.2829065,25.8348626],[81.2847656,25.8335964],[81.2858552,25.8324701],[81.2868869,25.8324968],[81.2865567,25.8305838],[81.2866509,25.830015],[81.2869393,25.8294675],[81.2877238,25.8287209],[81.2891595,25.8278563],[81.2931061,25.8262357],[81.2982088,25.8249306],[81.3027765,25.8239028],[81.3100656,25.8218631],[81.3178602,25.8196974],[81.3223102,25.8182163],[81.3235811,25.817722],[81.3267958,25.8162435],[81.3326837,25.8122764],[81.3343525,25.8103869],[81.3349199,25.8101973],[81.3354927,25.810252],[81.3370588,25.8111179],[81.339178,25.8124927],[81.3401022,25.8128486],[81.3424942,25.8133241],[81.3454152,25.8135913],[81.3461781,25.8134037],[81.3468933,25.81295],[81.3474941,25.8121834],[81.3489222,25.8084717],[81.3500389,25.804121],[81.350132,25.8027017],[81.3501131,25.8014106],[81.3499969,25.800121],[81.3497319,25.796406],[81.349893,25.7943385],[81.3510775,25.7887244],[81.3516998,25.7865605],[81.3523221,25.7840294],[81.3529873,25.7823678],[81.3540816,25.7803004],[81.355927,25.7780203],[81.3574075,25.7756244],[81.3586736,25.774465],[81.359725,25.7738273],[81.3613343,25.7733442],[81.3640809,25.7730737],[81.3684604,25.7732118],[81.3703454,25.7732712],[81.3756895,25.7736921],[81.3780606,25.7737813],[81.3802433,25.7737354],[81.3813652,25.7735425],[81.3837519,25.7726516],[81.386465,25.7711177],[81.3893923,25.7697674],[81.3905143,25.7695837],[81.3914628,25.7695929],[81.3925338,25.7697123],[81.39336,25.7699236],[81.3941045,25.7700338],[81.3951959,25.7700063],[81.3958385,25.7697674],[81.3971032,25.7691061],[81.3995205,25.7672231],[81.4004181,25.7661576],[81.4008669,25.7650461],[81.4012035,25.7634846],[81.4016114,25.7624466],[81.4022846,25.7610228],[81.4026926,25.759599],[81.402866,25.7587355],[81.4029272,25.7579271],[81.40297,25.7549946],[81.4023403,25.7503896],[81.4014176,25.7461059],[81.3994058,25.7416965],[81.3962466,25.736279],[81.3941632,25.7339828],[81.3897962,25.7305486],[81.3853629,25.7264191],[81.3805956,25.7226779],[81.3754491,25.7182927],[81.3726414,25.7154196],[81.3692951,25.7121129],[81.3678499,25.7097521],[81.3675874,25.7072894],[81.3689244,25.7015115],[81.3712171,25.6979926],[81.3732407,25.6948082],[81.3784383,25.6908221],[81.3854895,25.6864059],[81.3889937,25.6847206],[81.3925522,25.6836749],[81.3993245,25.6828389],[81.404329,25.6823644],[81.4083184,25.68182],[81.4123573,25.6810301],[81.4154241,25.67926],[81.417001,25.6783903],[81.4196415,25.677343],[81.4213436,25.6758334],[81.4239198,25.6723788],[81.4256802,25.6708273],[81.4283652,25.6672646],[81.435589,25.6583557]]}},{"type":"Feature","properties":{"osm_id":82300638,"group":"gangaUpper","version":22,"timestamp":"2024-06-21T07:04:50Z","tags":{"name":"Ganga","name:bn":"গঙ্গা নদী","name:en":"Ganges","waterway":"river"},"nodes":[958478682,958479151,958479766,958480451,958481066,958478948,958478993,958479552,958480247,958480873,9403267596,958478806,9403267595,958479256,958479942,9403267594,8541460940,958478941,958479466,9403267593,958480184,958480778,958478740,8646399388,958478532,958480963,958478876,958479371,9403267567,958479491,9403267566,9403267565,958480205,9403267564,958480834,958478768,9403267563,958479214,8646399387,9403267562,958479874,9403267561,9403267560,958480552,9403267559,958478552,958480132,958480730,958478703,9443130974,9443130973,958479158,9443130972,9443130971,9443130970,9443130969,958479782,9443130968,9443130967,9443130966,9443130965,9443130964,9443130963,958478492,8646399386,9443130962,9443130961,958478954,958480658,9443130960,958478643,9443130959,958479698,9443130958,8646634555,9443130957,9443130956,958480374,9443130955,9443130954,9443130953,8541463232,9443130952,958481000,9443130951,9443130950,8541463231,9443130949,958478902,958479412,958478578,9443130944,958479043,9443130943,9443130942,9443130941,9443130938,8646634553,9443130939,8646634552,9443130940,958479612,9443130937,9443130936,958480301,9443130935,9443130934,9443130933,8541463230,9443130932,9443130931,9443130930,8646634547,9443130929,958480925,9443130928,9443130927,958478844,8541463229,958479332,958480017,958480169,958480767,8541463228,7323161658,958479193,8541463227,958479821,8541463226,8541463225,8541463224,8646634551,8541463221,958480515,8646634550,8541463223,8646634549,8541463222,958478523,8646634548,958478986,958480700,958478677,958479744,958480428,958481048,958479450,958478615,8541463220,958479077,958479660,8541463219,958480347,958480973,958478881,958479383,8541463218,958480061,8566585055,8566585056,958479586,8541463217,958480273,958480897,958478822,958479285,9442693366,958479976,9442693365,9442693364,9442693363,9442693362,9442693361,9442693360,9442693359,9442693358,9442693357,9442693356,9442693355,9442693354,9442693353,9442693352,9442693351,9442693350,9442693349,9442693348,9442693347,9442693346,9442693345,9442693344,9442693343,9442693342,9442693341,9442693340,9442693339,9442693338,9442693337,9442693336,9442693335,9442693334,9442693333,9442693332,9442693331,9442693330,9442693329,9442693328,9442693327,9442693326,9442693325,9442693324,9442693323,9442693322,9442693321,9442693320,9442693319,9442693318,9442693317,9442693216,9442693215,9442693214,9442693213,9442693212,9442693211,9442693210,9442693209,9442693208,9442693207,9442693206,9442693205,9442693204,9442693203,9442693202,9442693201,9442693200,9442693199,9442693198,9442693197,9442693196,9442693195,8646634544,8542109970,8646634543,4018424495,8646634542,958479535,958480239,8646634541,8646634540,8542109972,8646634539,9442693149,958480862,6593632061,9442693148,9442693145,9442693147,9442693146,8542109973,8542109974,958479311,8542109975,958479987,6593632058,6593632059,6593632060,8542109978,8542109977,8542109976,958480988,8423029693,8423029691,8423029692,958480562,6593600345,958478560,958479027]},"geometry":{"type":"LineString","coordinates":[[81.435589,25.6583557],[81.4401439,25.6577166],[81.4453625,25.6565368],[81.4508343,25.6552409],[81.4526796,25.654177],[81.4559626,25.6510435],[81.457572,25.6488384],[81.4594817,25.6453372],[81.4612412,25.6422421],[81.4632153,25.6394759],[81.4645886,25.6381024],[81.4666271,25.6366515],[81.4688587,25.6355875],[81.4723134,25.6342913],[81.4754033,25.6333047],[81.4772057,25.6328791],[81.4799603,25.6325633],[81.4836216,25.6317957],[81.4861536,25.6311573],[81.4878917,25.6303254],[81.4897263,25.6290187],[81.4920058,25.6262907],[81.4938204,25.6236959],[81.4948118,25.6227801],[81.4962619,25.6222156],[81.4984772,25.6218168],[81.5064623,25.6201098],[81.5105295,25.6189105],[81.5131259,25.6175755],[81.5157866,25.616047],[81.5187263,25.6137251],[81.520915,25.6118676],[81.5227818,25.6105905],[81.5252709,25.6092941],[81.5264511,25.6086749],[81.5283823,25.6082879],[81.5301633,25.6080751],[81.5324807,25.608404],[81.5344977,25.608733],[81.5359354,25.6087523],[81.5374803,25.6083653],[81.5385318,25.6075526],[81.5391755,25.6065851],[81.5401196,25.6047275],[81.5410208,25.602328],[81.5419864,25.60018],[81.5432259,25.5967983],[81.5444038,25.5932029],[81.5468387,25.5893167],[81.5473895,25.587992],[81.5479199,25.5854345],[81.5482667,25.5824721],[81.5485727,25.5807793],[81.5490215,25.5793808],[81.5499599,25.578056],[81.5510615,25.5773568],[81.5520407,25.5764919],[81.553938,25.5748358],[81.5553456,25.5731245],[81.5567328,25.572002],[81.558222,25.5712475],[81.560364,25.5706587],[81.562098,25.5705482],[81.564138,25.5706403],[81.5670756,25.5710267],[81.5694216,25.5714315],[81.5712372,25.5720388],[81.5735016,25.5730877],[81.5772144,25.5752038],[81.5800092,25.5770256],[81.5818656,25.5783504],[81.5836542,25.5798733],[81.5852993,25.5813783],[81.5870962,25.5831147],[81.5906899,25.5865771],[81.5929535,25.5885871],[81.5966522,25.59146],[81.598169,25.592628],[81.6001643,25.5937961],[81.6015294,25.5943854],[81.603583,25.5952378],[81.6061732,25.596048],[81.6087868,25.5967951],[81.6118672,25.5974686],[81.6148308,25.5976791],[81.6170127,25.5977211],[81.6202447,25.5976475],[81.6223683,25.5973739],[81.6255653,25.5968793],[81.6294274,25.5961217],[81.6313643,25.5952904],[81.6323327,25.594638],[81.6331144,25.5935436],[81.6338729,25.5919019],[81.6343512,25.5902393],[81.6343979,25.5890606],[81.6345146,25.5879767],[81.6346079,25.5874453],[81.634853,25.5864929],[81.6353197,25.5854195],[81.6356464,25.584767],[81.6363151,25.5837238],[81.6368715,25.5831779],[81.6381433,25.5822412],[81.6401152,25.5811152],[81.6415678,25.5803101],[81.6430788,25.5795786],[81.6452712,25.5786226],[81.646203,25.5782024],[81.6468719,25.5778145],[81.6474394,25.5774966],[81.6479709,25.5769094],[81.6482099,25.5765377],[81.6486996,25.5756218],[81.6492491,25.5745335],[81.6495358,25.5736391],[81.6498404,25.57254],[81.6504979,25.5696787],[81.6507918,25.5677121],[81.6506481,25.5652266],[81.6501332,25.5572901],[81.6498327,25.5534572],[81.6493821,25.5509404],[81.6458094,25.5448034],[81.6424941,25.5390728],[81.6411316,25.5365364],[81.6404786,25.5343454],[81.6403699,25.5306504],[81.6406833,25.5265274],[81.6410576,25.5255874],[81.6419464,25.5251465],[81.6431486,25.5250351],[81.6456094,25.5252368],[81.64685,25.5252287],[81.6481054,25.5248415],[81.649927,25.5236959],[81.6506481,25.5234763],[81.6514206,25.5234279],[81.6532445,25.5234377],[81.6542959,25.5234667],[81.6553563,25.5233078],[81.6624043,25.5212894],[81.6665244,25.5202437],[81.6718654,25.5196734],[81.6773373,25.5170697],[81.6815097,25.5156667],[81.6847335,25.5154212],[81.6904487,25.516198],[81.6940672,25.5164233],[81.6969769,25.516607],[81.7030832,25.5162026],[81.7064884,25.5162271],[81.7079853,25.5159446],[81.7092516,25.5151508],[81.709774,25.5132184],[81.7106612,25.5111677],[81.7116901,25.5085896],[81.7146789,25.5039915],[81.7168184,25.5005871],[81.7179517,25.4994901],[81.719879,25.4990354],[81.7265285,25.4984251],[81.7310323,25.4977375],[81.7342043,25.4968775],[81.7363715,25.4956573],[81.7388391,25.4931007],[81.7397404,25.4910476],[81.7410278,25.4880067],[81.7443323,25.4838228],[81.7463708,25.4818084],[81.7481947,25.480743],[81.7497611,25.4803362],[81.7511773,25.48022],[81.752851,25.48022],[81.7560053,25.4808592],[81.7613053,25.4830868],[81.765747,25.4853143],[81.7675495,25.4860697],[81.7692446,25.4864571],[81.7710256,25.4864959],[81.7726564,25.4862634],[81.775639,25.4856824],[81.7782354,25.4849657],[81.7805528,25.4842877],[81.7817974,25.4842296],[81.7830205,25.4844039],[81.7838359,25.4848301],[81.7848015,25.4855274],[81.7853164,25.4864765],[81.785531,25.4881616],[81.7859602,25.4902341],[81.7866254,25.4920354],[81.7896509,25.4985431],[81.7914104,25.5012352],[81.7929983,25.5032106],[81.7951226,25.5053216],[81.7964101,25.506135],[81.798191,25.5064836],[81.8023109,25.5063674],[81.8066025,25.506348],[81.808362,25.5064642],[81.8101859,25.5068903],[81.8123317,25.5075294],[81.8135333,25.5076456],[81.8145847,25.5076262],[81.8156147,25.5074519],[81.8173957,25.5066192],[81.8185544,25.5056508],[81.8193269,25.5050892],[81.8201422,25.504973],[81.8209576,25.5051473],[81.8223524,25.5057477],[81.8239188,25.5068322],[81.8249273,25.5072776],[81.8258929,25.5075294],[81.8276524,25.507878],[81.8304848,25.507878],[81.8350339,25.5070646],[81.8373728,25.5065611],[81.8386602,25.506135],[81.8397546,25.5056508],[81.8408489,25.5043726],[81.8416858,25.5023972],[81.842072,25.5011577],[81.8428445,25.4999957],[81.8436384,25.4992985],[81.8456125,25.4988433],[81.8472433,25.4989595],[81.8488204,25.4993081],[81.8499255,25.4997923],[81.8522107,25.5017387],[81.8536806,25.5026006],[81.8543565,25.5029492],[81.8559444,25.5038013],[81.8574142,25.5045373],[81.8597209,25.5050698],[81.8612659,25.5052732],[81.8631112,25.5053506],[81.865257,25.505554],[81.8671131,25.5059026],[81.8704493,25.5071333],[81.8733895,25.5084589],[81.875345,25.50919],[81.8764901,25.509495],[81.8779813,25.5097565],[81.8833673,25.510047],[81.8849444,25.5099114],[81.8863928,25.509466],[81.8875237,25.5087042],[81.8885279,25.5076068],[81.8906522,25.5042371],[81.8913817,25.5025715],[81.8919396,25.5004218],[81.8937206,25.4951344],[81.8941498,25.494011],[81.8949008,25.4929458],[81.8955016,25.4904859],[81.8957708,25.4874218],[81.8966275,25.4814507],[81.8966904,25.4773804],[81.8963212,25.4747613],[81.895008,25.4714642],[81.8927979,25.4641802],[81.8924975,25.4592399],[81.8919396,25.4549],[81.8911924,25.4524337],[81.888986,25.4497349],[81.8871876,25.446739],[81.8859,25.443435],[81.8853382,25.4406432],[81.8849391,25.4385272],[81.8854487,25.4353688],[81.8869721,25.4323458],[81.888324,25.4295553],[81.8898215,25.4268688],[81.8923259,25.4222299]]}},{"type":"Feature","properties":{"osm_id":82300618,"group":"gangaUpper","version":40,"timestamp":"2022-10-24T10:13:09Z","tags":{"name":"Ganga","name:bn":"গঙ্গা নদী","name:en":"Ganges","waterway":"river"},"nodes":[958479027,8646670586,958480911,6132102304,958479778,958478842,958479330,8646724806,958480013,958480655,958478638,9437829548,9437829549,958479220,9437829547,9437829539,958481020,9233229911,9233229910,958478918,9233229909,9233229908,9233229907,958479433,958480143,9233229906,958480742,958478715,9233229905,958479175,958479793,9233229904,958479945,9233229903,958480602,958478599,9233229902,958479060,4018268166,958479635,9233229900,9233229901,958480324,9233229899,958480948,958478866,9233229898,958480530,9233229897,958478534,9233229896,9233229895,9233229894,958478995,9233229893,9233229892,958479557,958480249,958480875,958478808,958479260,9233229891,9233229890,9233229889,9233229888,958481060,9233229887,9233229886,958478942,9233229847,958479468,9233229846,958480187,9233229845,958480779,9233229844,958478741,958479197,9233229843,958479848,9233229842,958478887,9233229841,958479389,958480080,9233229840,958480710,9233229839,9233229838,958478685,9233229837,958479140,9233229836,9233229835,958479761,2229158323,958480442,958480577,8646670584,8690897278,958478570,958479031,958479597,958480294,958480917,958478838,958479320,958478513,9403284545,958478973,9403284544,958479522,9403284543,958480224,9403284542,958480857,9403284541,958478788,9403284540,958479236,958479908,6276061590,958478921,9403284539,958479437,9403284538,958480157,4017637223,958480751,9403284537,9403284535,958478721,9403284536,9403284534,9403284533,958479177,9403284532,958479812,9403284531,9403284530,958480502,9403284529,958479359,9403284528,958480046,958480681,9403284527,9403284526,958478664,9403284525,958479117,9403284524,958479723,9403284523,9403284522,958480402,9403284521,958481031,958478543,958479007,9403284520,4668106044,958479570,9403284519,958480265,9403284518,9403284517,9403257616,958480890,9403257615,9403257614,9403257613,958478817,9403257612,8646694142,9403257611,10096754612,958479270,9403257610,9236084607,958479955,9236084606,8646694141,10125743455,9236084605,958478952,9403257609,8646694140,9403257608,9236084604,958479476,9403257607,958480195,9403257606,9236107118,958480790,9236107119,958478761,9236107120,958479207,9236107117,8646694139,8646694138,958479854,9236084616,958480537,958479398,8646694137,9236084603,958480113,9236084602,9236084601,958480717,9236084600,9403257601,9236084599,9403257602,8646694136,9403257603,958478697,9403257605,9403257604,958479153,958479773,9236084598,958480454,9236084597,9236084596,958481070,958479997,9236084595,958480642,9236084594,958478631,9236084593,958479089,9236084592,958479688,958480371,9236084591,958480995,958478898,9236084590,958479740,958480423,9236084589,9236084588,958481042,9236084580,9236084587,9236084579,958478926,9236084578,9236084577,958479444,9236084576,958480165,958480761,9403257596,9403257595,958478728,9403257594,9403257593,958480344,9403257592,8646724805,8646724804,958480968,9236156429,958478879,958479381,9236156428,9236156427,8646724803,9236156426,958480058,9236156425,958480691,9236156424,958478675,958479126,9236156423,9236156422,958480894,9236156421,9236156420,9236156419,958478819,9236156418,9236156417,958479275,9236143916,958479963,958480613,958478611,958479069,958479648,958478766,958479212,958479871,958480550,958478549,4656708472,958479009,958479575,958480269,9235859585,9235859586,9235859587,958480390,9235859588,9235859589,958481010,958478907,4655476903,958479416,958480136,9235859590,9235859591,9235859592,958480736,9235859593,9235859594,958478707,9235859595,958479161,9235859596,958480934,9235859597,9235859598,958478846,9235859601,958479334,9235859600,958480026,9235859599,958480662,958478646,958479100,10003402069,958479706,9236150015,958478798,9236150014,9236150013,9236150012,9236150011,9236150010,958479241,958479916,958480583,9236150009,9236150008,958478581,9236150007,958479045,958479615,9236150006,958480310,9236150005,958479181,958479817,958480510,958478519,958478981,8646876434,958479530,8646876433,8646876432,958480233,9403257600,9403257599,9403257598,9403257597,958480985,4668375610,958478885,958479386,958480077,958480707,958478683,4668375574,958479138,958479749,958478826,958479293,958479984,4763866129,958480629,9235792028,9235792029,9235792030,958478618,9235792031,9235792032,9235792033,958479081,9235792034,9235792035,958479667,9235792063,9235792062,958480350,9235792036,9235792061,9235792037,9235792060,9235792059,9235792058,958479880,9235792057,9235792056,9235792055,9235792054,9235792053,958480557,9235792052,9235792051,8646747150,958478555,9235792050,958479025,9235792049,9235792048,958479589,1471901198,9235792047,958480286,958480908]},"geometry":{"type":"LineString","coordinates":[[81.8923259,25.4222299],[81.8929589,25.4212027],[81.8941927,25.4193228],[81.8951154,25.4181019],[81.8963063,25.4165417],[81.8980765,25.414342],[81.9007171,25.41105],[81.9009481,25.4105955],[81.9045213,25.4059717],[81.9073766,25.4024384],[81.911635,25.3972821],[81.9151676,25.3913053],[81.9155645,25.3903457],[81.9159937,25.3893183],[81.9167661,25.3862361],[81.9168007,25.3859486],[81.9170192,25.3841286],[81.9172168,25.3827853],[81.9168305,25.3811181],[81.9159078,25.379509],[81.9154358,25.3766203],[81.9152641,25.3747398],[81.9155001,25.3713469],[81.9155645,25.3681672],[81.9160366,25.3645221],[81.9166589,25.3615555],[81.9174742,25.3580266],[81.9190407,25.3536831],[81.9202852,25.3507356],[81.9220662,25.3474584],[81.9237613,25.3442781],[81.9257784,25.341505],[81.9276881,25.3395269],[81.9298553,25.3375488],[81.9331598,25.3354543],[81.9388032,25.3327003],[81.9428587,25.3308966],[81.9466567,25.3292481],[81.9520447,25.3267928],[81.9550895,25.3255436],[81.9580936,25.3243993],[81.9594025,25.3240114],[81.9629645,25.3232549],[81.966784,25.3225373],[81.9717192,25.3217809],[81.9781136,25.3211796],[81.980989,25.3210438],[81.9844436,25.321199],[81.9872761,25.3214123],[81.9904947,25.3218196],[81.9937348,25.3227313],[81.9983268,25.3246902],[82.0020818,25.3258927],[82.0058799,25.3265522],[82.0085621,25.3272116],[82.0141196,25.3288408],[82.0186901,25.3301015],[82.023797,25.3316142],[82.0272731,25.3333597],[82.0316076,25.3358034],[82.0355129,25.3396433],[82.0374012,25.3429789],[82.0390319,25.3468185],[82.0403623,25.3491261],[82.0413279,25.3501733],[82.0428943,25.3508132],[82.0454693,25.351298],[82.0480013,25.3515501],[82.0515203,25.3510653],[82.05549,25.3499212],[82.0588588,25.3482341],[82.0607257,25.3468185],[82.0648026,25.343037],[82.0667338,25.3408068],[82.0705962,25.3350664],[82.072742,25.3313815],[82.0757246,25.3271728],[82.0782137,25.3236622],[82.0795226,25.3216839],[82.0803165,25.3192787],[82.0804453,25.3181925],[82.0804882,25.3155934],[82.0799947,25.3121794],[82.079308,25.306263],[82.0789218,25.3025773],[82.0787072,25.2990272],[82.0785999,25.2954964],[82.0786214,25.293828],[82.0788359,25.2912671],[82.0789861,25.2893076],[82.0794368,25.2873092],[82.0799088,25.2852721],[82.0803809,25.2838557],[82.0817113,25.2807513],[82.0829987,25.2784036],[82.0859072,25.2751217],[82.0866549,25.2742817],[82.0891465,25.2720286],[82.0930409,25.2703317],[82.093983,25.270241],[82.0977539,25.2698778],[82.1033034,25.2704923],[82.1096458,25.2734624],[82.119499,25.2791975],[82.1260678,25.2850347],[82.1334294,25.291998],[82.1388657,25.2964011],[82.1443891,25.3031786],[82.1496248,25.3079701],[82.1554613,25.312451],[82.1579289,25.3136924],[82.1596241,25.3145847],[82.1631646,25.3156904],[82.1664262,25.3161171],[82.1688938,25.3163305],[82.1728849,25.3163111],[82.1780133,25.3157873],[82.181983,25.3151472],[82.1856737,25.3139446],[82.1907806,25.3117915],[82.194879,25.3097741],[82.2021098,25.3055576],[82.2038744,25.3045925],[82.2086334,25.3019177],[82.2115731,25.2998614],[82.2131181,25.2986586],[82.2153132,25.2964011],[82.2181957,25.2924122],[82.2201347,25.2893076],[82.2208214,25.2878331],[82.2215509,25.2856795],[82.2220659,25.2832542],[82.2221088,25.2821677],[82.2221517,25.279723],[82.2219586,25.2759976],[82.2215423,25.2737696],[82.2211218,25.2718064],[82.219727,25.265791],[82.2187614,25.2633848],[82.2177315,25.2606098],[82.2157144,25.2565345],[82.2142982,25.2542251],[82.2101569,25.2467921],[82.2089982,25.2448124],[82.2033334,25.236253],[82.1990847,25.2306241],[82.1984195,25.229013],[82.1971535,25.2252472],[82.1963596,25.2210737],[82.1959948,25.218356],[82.1959305,25.213794],[82.1961236,25.2105713],[82.1965527,25.2065138],[82.1973896,25.2029803],[82.1986341,25.1979711],[82.1995783,25.1957771],[82.2005868,25.1934471],[82.2033334,25.1894473],[82.2089124,25.1835055],[82.2124529,25.1807092],[82.2152853,25.1793111],[82.2204536,25.1777391],[82.2228598,25.1770196],[82.2271728,25.17634],[82.2309279,25.1760293],[82.2325587,25.1760098],[82.2367859,25.1761846],[82.2429013,25.1767284],[82.2477937,25.1772721],[82.2518062,25.1778352],[82.2566771,25.178981],[82.2607326,25.180049],[82.265346,25.1812335],[82.2684574,25.182185],[82.272191,25.1838162],[82.2744655,25.1848453],[82.2762681,25.1859852],[82.2778559,25.1868842],[82.2796798,25.1881269],[82.281096,25.1894084],[82.2828126,25.1910977],[82.2834778,25.1923016],[82.2841429,25.1943403],[82.2842518,25.1961406],[82.2842932,25.1968256],[82.2841859,25.1983594],[82.283864,25.1997185],[82.2833705,25.2009611],[82.2829199,25.2016212],[82.2824693,25.2022813],[82.2815895,25.2027861],[82.278521,25.2035821],[82.2735858,25.2044752],[82.2703886,25.2048441],[82.2664833,25.2055042],[82.2618913,25.2065332],[82.2558403,25.2077757],[82.2523641,25.2085911],[82.2459697,25.210416],[82.2425365,25.2115032],[82.2394466,25.212901],[82.2371292,25.2147646],[82.234683,25.2170165],[82.2330951,25.2194625],[82.2325372,25.2213261],[82.2319364,25.2245096],[82.2329664,25.2279648],[82.2342968,25.230333],[82.2356271,25.2317305],[82.2374725,25.2326234],[82.23876,25.232701],[82.2410774,25.2323128],[82.2429657,25.2321964],[82.2439527,25.232274],[82.2449612,25.2324293],[82.2459483,25.2327592],[82.2470855,25.2333416],[82.247858,25.2338268],[82.2484803,25.2346032],[82.2488665,25.2352631],[82.2497034,25.2372623],[82.2506046,25.2401543],[82.2520208,25.2470638],[82.2538232,25.2527696],[82.2553253,25.2562628],[82.2589302,25.2625892],[82.2614193,25.2654223],[82.2635221,25.2674016],[82.2660541,25.2690316],[82.2694444,25.2704675],[82.2721481,25.2713213],[82.2784996,25.2727184],[82.2815465,25.2731453],[82.2879409,25.2729513],[82.2931337,25.2722527],[82.2990989,25.2708556],[82.3021459,25.2694973],[82.3050642,25.2670524],[82.3099565,25.261386],[82.3126602,25.2578153],[82.3153638,25.2538564],[82.3205566,25.2443078],[82.3221016,25.2395721],[82.323389,25.2345644],[82.3251485,25.2268002],[82.3253202,25.2225685],[82.3257064,25.2190743],[82.3262214,25.2163565],[82.3266721,25.2144734],[82.3272514,25.2133474],[82.3281312,25.2120079],[82.3292899,25.2108431],[82.3307276,25.2099306],[82.3323369,25.2093288],[82.3341608,25.208824],[82.3359203,25.2085328],[82.341156,25.2078728],[82.3437953,25.2075621],[82.3463058,25.2072903],[82.3494601,25.2071933],[82.3531937,25.2073486],[82.354846,25.2076786],[82.3566913,25.208164],[82.3580217,25.2086299],[82.3598242,25.2098142],[82.361176,25.2109013],[82.3625278,25.2129204],[82.3640488,25.2154325],[82.364459,25.2171718],[82.3645878,25.2189384],[82.3647594,25.2259266],[82.3649096,25.2284889],[82.3658323,25.2311094],[82.3664975,25.2329728],[82.3678493,25.2355543],[82.3697376,25.2387375],[82.371583,25.241086],[82.3782992,25.2492568],[82.3823333,25.2540892],[82.3849726,25.256845],[82.3866462,25.2579317],[82.3882341,25.258708],[82.3895001,25.2591737],[82.3924613,25.2593678],[82.395122,25.2592902],[82.3981476,25.2588632],[82.4002504,25.2582811],[82.4034476,25.2567286],[82.405529,25.2554865],[82.4093699,25.2530801],[82.4129748,25.250596],[82.4187577,25.247219],[82.4277551,25.2420061],[82.4374509,25.2366397],[82.4468836,25.2308872],[82.4540369,25.2251632],[82.4573624,25.2204448],[82.4593071,25.2154558],[82.4612272,25.2074469],[82.4620857,25.200062],[82.4659789,25.1891734],[82.4689872,25.1811664],[82.4703294,25.178046],[82.4725265,25.176362],[82.4788971,25.1746003],[82.4893379,25.1736394],[82.4920463,25.1735242],[82.4951362,25.1732523],[82.4994707,25.1725532],[82.503848,25.1712326],[82.5070238,25.1694848],[82.5095129,25.1677758],[82.5152635,25.164785],[82.5232887,25.1613668],[82.528696,25.1588808],[82.533245,25.1574436],[82.5413131,25.1551129],[82.5479865,25.1543942],[82.5514626,25.1542583],[82.5564837,25.1542194],[82.5604534,25.1543942],[82.5656032,25.1549575],[82.5691223,25.1554236],[82.5746335,25.1566618],[82.5819325,25.1595412],[82.5857091,25.1615222],[82.5884557,25.1635032],[82.5915241,25.1660668],[82.5930691,25.1691741],[82.5941205,25.1711938],[82.5950432,25.1742427],[82.5950217,25.1763788],[82.5946569,25.1785149],[82.5938415,25.1797771],[82.5908375,25.182554],[82.5870824,25.1861269],[82.5819754,25.1904569],[82.5730061,25.1990972],[82.5647449,25.2068438],[82.5628453,25.2093717],[82.5599599,25.2132116],[82.5584793,25.2161041],[82.5576424,25.219676],[82.5575781,25.2210543],[82.5580287,25.2225879],[82.558608,25.2231896],[82.5596809,25.2240631],[82.5606251,25.2243543],[82.5658822,25.2250531],[82.5713753,25.2258296],[82.5793576,25.227266],[82.5860309,25.2282172],[82.5919747,25.2288965],[82.598648,25.2293818],[82.6043129,25.22977],[82.6111793,25.2302747],[82.617166,25.2305659],[82.6216078,25.2306629],[82.6250624,25.2305465],[82.6275086,25.2303135],[82.6340066,25.2290517],[82.6400299,25.2274765],[82.6467118,25.2252553],[82.6557002,25.2216888],[82.6635618,25.2172537],[82.6683211,25.2123962],[82.6734268,25.2058561],[82.6788568,25.2000875],[82.6813674,25.1977576],[82.683819,25.1956464],[82.6878691,25.1920103],[82.6923322,25.1878939],[82.6972031,25.1829035],[82.7011943,25.1790586],[82.7036387,25.1770026],[82.7074967,25.1737248],[82.7123099,25.1696354],[82.7195653,25.1625882],[82.7268207,25.1563414],[82.7358458,25.1507351],[82.7471714,25.1433664],[82.7547704,25.1391849],[82.7561964,25.1384002],[82.7653984,25.1326328],[82.776547,25.1278265],[82.7876956,25.1247824],[82.8041531,25.119495],[82.8125337,25.1166815],[82.8198337,25.1139688],[82.8241467,25.1126281],[82.8270006,25.1116955],[82.8313994,25.1108989],[82.8359055,25.1103355],[82.8392529,25.1103743],[82.8426647,25.1107241],[82.8492951,25.1124921],[82.8531146,25.1134636],[82.856698,25.1148625],[82.861526,25.1177185],[82.8655815,25.1202831],[82.8684354,25.1226727],[82.8707313,25.1251206],[82.8736281,25.1285786],[82.8751302,25.1303659],[82.8776622,25.1334935],[82.8800869,25.1371067],[82.8821039,25.1408171],[82.8841209,25.1441969],[82.8857946,25.1481206],[82.8863954,25.1528599],[82.8853225,25.1565891],[82.8834772,25.160085],[82.883048,25.1623379],[82.8833913,25.1646297],[82.8841638,25.1664552],[82.8860521,25.1692518],[82.8883695,25.1708831],[82.8917598,25.1724755],[82.8936481,25.1739514],[82.8957939,25.1767478],[82.8988409,25.1839716],[82.901802,25.1895638],[82.9039907,25.19302],[82.906394,25.196282],[82.9092647,25.1992569],[82.914977,25.2026503],[82.9184103,25.2041258],[82.9233026,25.2051742],[82.9331517,25.207135]]}},{"type":"Feature","properties":{"osm_id":197594615,"group":"gangaUpper","version":40,"timestamp":"2025-01-08T10:34:20Z","tags":{"name":"Ganga","name:bn":"গঙ্গা নদী","name:en":"Ganges","wikidata":"Q5089","waterway":"river","intermittent":"no"},"nodes":[958480908,9235792041,9235792040,958479784,9235792039,9235792038,958480482,9237794222,9237794221,9237794220,958478495,9237794219,9237753316,9237794218,9237794217,958478962,8646747149,9237753315,958479499,9237753314,318413518,958480213,8646754657,8646754656,958480839,9238791455,9238791454,958478778,9238791453,8646754655,958478858,8646754654,8646754653,9238791452,958479353,9238791451,958480038,4406651901,958480677,958478657,6977179536,4406651950,958479112,958479713,4406652061,958480398,4406652064,958479253,958479924,958480593,958478585,958479049,958479623,6061797871,958480316,958480940,958479845,958480529,8646754651,958478530,958478989,6990100750,958479549,9346902064,9346902065,12409217065,958480869,958478939,958479462,9346828290,958480182,9346828289,9346828288,958480775,9346828287,9238867679,958478737,9346828286,9238867680,9346828285,958479196,9238867681,958480221,9238867682,8646790069,958480848,9238867683,958478785,9238867684,9238867685,9238867686,9238867687,958479233,9238867688,958479903,9238867689,958480574,958478564,958479029,9238867690,958480748,958478719,8646825402,958479176,958479811,9238831616,958480498,9238831615,958478511,9238831614,958478972,9238834715,9238834716,9238831613,9238902417,958479509,9238902418,958478663,9238902419,9238831612,9238902424,958479115,9238902423,9238831611,9238902422,9238831610,9238902421,9238831609,9238902420,958479720,958480401,9238831608,958481025,9238831607,958478920,9237644683,9237644682,958479434,9237644681,9237644680,9237644679,958480153,958479057,958479629,9399310022,958480323,9399310023,958480946,958478863,9399310024,958479357,958480043,9399310025,958480679,9399310026,958480787,9399310027,958478750,958479199,958479852,9399310028,958480535,9399310029,9399310030,9399310031,958479001,9399310032,958479564,958478694,9308011103,9308011104,958479144,9308011102,9308011101,958479770,9308011100,9308011099,958480447,9237753074,958481068,958478949,9237753073,958479474,958480192,958479088,9237753072,9237753071,958479685,9237753070,9237753069,958480369,9237753068,958480992,9237753067,958478897,958479394,958480110,9237753066,9237753065,9237753064,9237753063,9237753062,958480714,958479594,958480292,9237753061,958480915,958478837,9237753060,958479316,4605852249,958479995,9399312096,958480638,9399312095,9399312094,9399312093,958478624,9399312092,9399312091,958478722,9399312090,958479179,9399312089,9399312088,9237793167,9399312087,958479815,9237793166,11134778781,9237793165,958480507,2544016187,2073132091,9237793164,958478516,9237793163,9237793162,958478976,9237793161,958479526,9237793160,9237793159,9237793158,9237793157,9237793156,958480231,9237793155,9237793154,958479121,9237793149,9237793153,9237793152,9237793151,9237793150,9237793148,958479735,4822537200,9237793147,958480419,9237793146,958481034,9237793145,958478923,9237793144,958479441,958480159,9237793143,9237764908,958480755,958479641,9237793142,9237764907,958480339,958480960,9237764906,3259602757,958478871,9237764905,9237764904,9237764903,9237764902,9237764901,958480052,9237764900,958480686,9237764899,958478666,9237764898,958480259,9237764897,12484178178,958480887,958478811,4620877909,4620877874,958479267,9237764896,9237764895,958479951,958480607,958478604,958479064,958479156,9237764894,958479776,9237764893,9237764892,958480476,6089487229,9237764891,6089487228,6089487227,9237764890,958478490,958478953,958479487,9237764889,958480202,958480798,958479695,958480373,6089487226,6089487225,6089487224,3258868753,958478901,2161159112]},"geometry":{"type":"LineString","coordinates":[[82.9331517,25.207135],[82.9403186,25.2082222],[82.9437089,25.2084746],[82.9528928,25.2086687],[82.9581713,25.2084358],[82.9653811,25.2079892],[82.9737067,25.207601],[82.9785776,25.2074845],[82.9849076,25.2070379],[82.9887914,25.2063779],[82.9926109,25.2056789],[82.9951858,25.2054071],[82.9975462,25.2052906],[82.9994988,25.2054654],[83.0017948,25.2059119],[83.0050993,25.2065332],[83.007398,25.2075211],[83.0097127,25.20929],[83.0114078,25.2105519],[83.0135321,25.2123768],[83.0179695,25.2171167],[83.0208921,25.2203555],[83.0242055,25.2241158],[83.0262343,25.2270523],[83.0280161,25.2299059],[83.0291962,25.2338074],[83.0300975,25.2378446],[83.0303335,25.2411054],[83.0303335,25.2439585],[83.0301655,25.2462278],[83.0300978,25.2469222],[83.0298132,25.2478387],[83.0292656,25.249602],[83.0276942,25.2548655],[83.025999,25.260047],[83.0251407,25.2619294],[83.0204184,25.2699291],[83.0198689,25.2709555],[83.0155599,25.2779003],[83.0128133,25.283139],[83.0124709,25.2840302],[83.0113971,25.2868254],[83.0101011,25.2923703],[83.0095135,25.2979328],[83.0097664,25.3007161],[83.0102214,25.3027964],[83.0116393,25.3055108],[83.0126281,25.3074039],[83.0170167,25.3111153],[83.0239536,25.3163623],[83.0294975,25.3196128],[83.0373801,25.3234621],[83.0420915,25.3253457],[83.0479925,25.3269226],[83.054149,25.3285678],[83.0592809,25.3290477],[83.0741457,25.3285678],[83.0891017,25.3304217],[83.0937816,25.3303546],[83.0952505,25.330324],[83.1050224,25.3291789],[83.1209736,25.3276795],[83.1228102,25.3276081],[83.1245327,25.3276189],[83.1265497,25.3278905],[83.1387269,25.3277133],[83.1461588,25.3289427],[83.1677396,25.3505635],[83.1715894,25.3608963],[83.1735849,25.3632424],[83.1753444,25.3660151],[83.1768894,25.3691173],[83.1782412,25.3723163],[83.1803655,25.3775316],[83.1819749,25.3832312],[83.1833052,25.3874186],[83.1843567,25.3908498],[83.1850433,25.3929433],[83.1856012,25.3950562],[83.1859231,25.3968008],[83.1860805,25.3984455],[83.1861806,25.399592],[83.1858587,25.4017242],[83.1853652,25.4040889],[83.1849575,25.4066087],[83.1840563,25.4119581],[83.1835842,25.4150785],[83.1826186,25.418412],[83.1814599,25.4199043],[83.1806016,25.4205632],[83.1793785,25.4214935],[83.177619,25.4225012],[83.1748724,25.4238578],[83.1685853,25.426474],[83.1657743,25.4277918],[83.1612682,25.4299429],[83.1541872,25.4333922],[83.1488228,25.436047],[83.1435871,25.4387211],[83.1414413,25.4400968],[83.1382501,25.442319],[83.1324104,25.4472727],[83.1300687,25.45056],[83.1292251,25.453824],[83.1296008,25.4577019],[83.131442,25.4611772],[83.133502,25.4650131],[83.1353473,25.468539],[83.1384801,25.4724134],[83.1417417,25.4754354],[83.1463337,25.4788447],[83.1486297,25.4803265],[83.1506896,25.4814887],[83.1518483,25.482157],[83.1541335,25.4834161],[83.1559574,25.4843265],[83.1587684,25.4859051],[83.161,25.4873965],[83.1628239,25.4886652],[83.164401,25.4900405],[83.1657314,25.4913769],[83.1664503,25.4923938],[83.1668794,25.4932266],[83.1681776,25.496616],[83.1687891,25.4984366],[83.1699264,25.5015451],[83.1703126,25.5026199],[83.1712031,25.5047116],[83.1719434,25.5062706],[83.1726051,25.5075781],[83.1750011,25.5113832],[83.1762886,25.5144042],[83.1781768,25.5180448],[83.1797647,25.5210656],[83.1831979,25.5255579],[83.1853866,25.5283075],[83.1885624,25.5315217],[83.1907081,25.5333417],[83.1926822,25.5345034],[83.1944418,25.5352779],[83.1960725,25.5357039],[83.1984172,25.5359253],[83.2052564,25.5350068],[83.2207144,25.5319333],[83.2243109,25.5312312],[83.2289672,25.5301663],[83.2320142,25.5290045],[83.236134,25.5271844],[83.2426577,25.5241087],[83.2475924,25.522421],[83.2530984,25.5205954],[83.2649549,25.5154851],[83.2687282,25.5139394],[83.2739639,25.5114025],[83.2766247,25.5098727],[83.2806587,25.5072001],[83.2855725,25.5039078],[83.290143,25.5004411],[83.2970094,25.4947083],[83.3028674,25.4902535],[83.3061075,25.4870576],[83.3077597,25.4833773],[83.3099913,25.4789803],[83.3105278,25.4774112],[83.3118367,25.4747961],[83.3138108,25.4726265],[83.3159566,25.47005],[83.3189282,25.4669257],[83.3250976,25.4625915],[83.3266532,25.4619909],[83.3279192,25.4616228],[83.3297217,25.4615065],[83.3312237,25.4616615],[83.3335626,25.4619715],[83.3355689,25.4624074],[83.3367598,25.4628821],[83.3387017,25.4637054],[83.3412122,25.4651681],[83.3450317,25.4678028],[83.3498966,25.4712393],[83.355031,25.4756678],[83.3586788,25.4785735],[83.3633565,25.4818277],[83.3705234,25.4866315],[83.3763599,25.4901954],[83.3810377,25.4922873],[83.3862733,25.4942628],[83.3905978,25.4955206],[83.3942556,25.4957348],[83.3976459,25.4957348],[83.4011221,25.495115],[83.403697,25.4944178],[83.406701,25.4924422],[83.4088039,25.4901954],[83.4137392,25.4848107],[83.4198761,25.4781086],[83.4259271,25.4712898],[83.4267425,25.4695851],[83.4273004,25.4675703],[83.4276008,25.466253],[83.4289312,25.4627658],[83.4296178,25.4620297],[83.4316778,25.4603635],[83.4344244,25.4580774],[83.4379005,25.4554425],[83.4415912,25.45242],[83.4456682,25.44963],[83.4522771,25.4449798],[83.4575128,25.4412982],[83.461976,25.4379654],[83.4689648,25.4312591],[83.4707308,25.4297491],[83.473649,25.4269779],[83.4775436,25.4234411],[83.4791422,25.4221814],[83.4830904,25.4192066],[83.4887767,25.4151076],[83.4925854,25.4123651],[83.4944093,25.4110859],[83.5002565,25.40688],[83.5048377,25.4040986],[83.5083997,25.4017242],[83.5133457,25.3989136],[83.5163283,25.3971885],[83.5191178,25.3955796],[83.5205448,25.3948236],[83.5227227,25.393835],[83.5259199,25.3926913],[83.5295248,25.3917221],[83.5309833,25.3914816],[83.5322284,25.3912762],[83.5341167,25.3911018],[83.5358977,25.3909467],[83.5382151,25.3909661],[83.5408115,25.391315],[83.5434508,25.3924005],[83.546133,25.3938738],[83.5479784,25.3952307],[83.55021,25.39777],[83.5514116,25.4007938],[83.5520553,25.4030617],[83.5522055,25.405407],[83.551712,25.4088376],[83.5503816,25.4122682],[83.5502529,25.4151754],[83.5503173,25.4171329],[83.5503602,25.4194198],[83.5500598,25.4211059],[83.548944,25.424226],[83.5475063,25.4269197],[83.5466265,25.4279081],[83.5458112,25.4285088],[83.5446095,25.4291096],[83.5424852,25.4299235],[83.541348,25.4307374],[83.5396099,25.4322683],[83.5389661,25.4332372],[83.5377645,25.4348649],[83.5317993,25.4398256],[83.5288381,25.4429259],[83.5232162,25.44901],[83.5202979,25.4531951],[83.5189246,25.4583099],[83.517208,25.4628821],[83.5166072,25.4655169],[83.5164177,25.4693221],[83.5170364,25.474893],[83.5175513,25.4793096],[83.5178012,25.4809017],[83.5190105,25.4886072],[83.5207271,25.4970519],[83.5217142,25.5005767],[83.5224866,25.5025909],[83.5253191,25.5094466],[83.5264563,25.5116349],[83.5285592,25.5154886],[83.5314073,25.5201288],[83.5325503,25.5224404],[83.5336447,25.5239314],[83.5349965,25.5255966],[83.5359406,25.5266035],[83.536241,25.5269521],[83.5378718,25.5287915],[83.5403394,25.5310376],[83.5436868,25.534213],[83.5482144,25.5394018],[83.5508752,25.5424415],[83.5544801,25.5473977],[83.5571193,25.5510179],[83.5609817,25.5551413],[83.5633421,25.5571159],[83.5664407,25.5592942],[83.569951,25.5617618],[83.5740709,25.5643943],[83.5792129,25.5672329],[83.5849874,25.5711817],[83.586688,25.5728337],[83.5899066,25.5762015],[83.5925674,25.5788725],[83.5966014,25.5813886],[83.601408,25.5835562],[83.6050129,25.5852594],[83.6097765,25.5880849],[83.6149478,25.590775],[83.6180162,25.5925361],[83.6220717,25.5940843],[83.6247754,25.5949938],[83.628273,25.5960582],[83.6330795,25.5970645],[83.636899,25.5978385],[83.639152,25.5983997],[83.6408472,25.5991544],[83.6430144,25.6003929],[83.6454177,25.6011476],[83.6504602,25.6014766],[83.6537218,25.6015927],[83.6580991,25.600896],[83.6603307,25.6009735],[83.6633348,25.6014185],[83.6659527,25.6017475],[83.6680741,25.6020126],[83.6741495,25.6026763],[83.6824,25.6036825],[83.6986219,25.605337],[83.7010788,25.6054434],[83.7038469,25.6052693],[83.7064218,25.6043985],[83.7086749,25.6032375]]}},{"type":"Feature","properties":{"osm_id":206113622,"group":"gangaUpper","version":9,"timestamp":"2021-11-20T19:58:08Z","tags":{"name":"Ganga","name:bn":"গঙ্গা নদী","name:en":"Ganges","waterway":"river"},"nodes":[2161159112,958479410,958480129,958480728,6089487223,6089487222,958478701,6089487221,958480298,6089487220,958480924,958478841,958479329,958480010,958480653,958478636,958479095,958480859,958478790,958479238,958479914,958480580,958478576,958479041,958479608,958480625,958478613,8646856973,958479075,958479652,1471906620,1471906621,958498810,8646856971,958498859,958498776,958498827,958498870,958498923,958498973,958498805,958498850,958498894,958498821,2086232277,958498864,958498911,2086232322,958498959,958498798,1446956221,958498844,958498887,958498938,958498861,958498906,958498948,958498786,958498835,958498881,958498932,958498766,958498780,958498830,958498875,958498925,958498975,958498809,958498854,958498903,958498824,958498866,958498919,958498964,958498801,958498847,958498890,958498941,958498863,958498908,958498951,958498790,958498838,958498885,958498935,958498771,958498905,958498946,958498785,9270424627,958498833,958498879,958498927,9270424626,9270424625,958498980,9270424624,9270424623,9270424622,958498820,9270424621,6303719717,9270424620,958498829,9270424619,9270424618,9270424617,958498872,9270417515,9270417514,9270417516,9270417513,958498924,9270417512,958498974,9270417511,958498807,9270417510,9270417509,9270417501,958498852,9270417500,958498895,9270417499,958498944,9270417498,958498865,9270417497,958498917,958498961,958498799,958498845,958498889,9270417496,958498940,9270417493,9270417492,9270417491,958498778,9270417490,9270417489,9270417488,9270417487,958498907,958498949,958498788,958498836,958498882,958498933,9270417484,9270417483,9270417482,9270417481,9270417480,9270417479,9270417478,958498769,9270417477,958498945,958498783,9270417476,958498831,9270417475,958498876,958498926,958498979,958498818,9270417474,9270417473,9270417472,958498862,958498867,958498921,958498972,958498803,958498848,958498892,2544325788,958498943,958498782,958498910,958498952,958498792,958498839,6062541876,958498886,6062541875,958498937,958498774,6062541880,6062541877,6062541879,6062541878,958498826]},"geometry":{"type":"LineString","coordinates":[[83.7086749,25.6032375],[83.7120437,25.6013798],[83.7171292,25.5992512],[83.7213778,25.5976837],[83.7269139,25.5950906],[83.7310767,25.5917426],[83.7346816,25.5902525],[83.7401533,25.5886849],[83.7441015,25.5876011],[83.749423,25.5856851],[83.7518903,25.582867],[83.7620656,25.5726913],[83.7667109,25.5661065],[83.7740105,25.5575258],[83.7786558,25.5495432],[83.7817526,25.5405621],[83.7838495,25.5312826],[83.7891154,25.520398],[83.7949522,25.5141634],[83.7994271,25.5110749],[83.8027262,25.5092503],[83.807828,25.5077456],[83.8198614,25.5081289],[83.8341599,25.5114509],[83.8452023,25.5149005],[83.8541987,25.5182702],[83.8591228,25.5197668],[83.8642001,25.5203104],[83.8685819,25.5200419],[83.8747381,25.5190569],[83.8778506,25.5187951],[83.8814563,25.5187507],[83.8842794,25.5187829],[83.8896704,25.5191872],[83.8961892,25.5206336],[83.9012857,25.5224222],[83.9060991,25.526638],[83.9083642,25.5318757],[83.9114788,25.5386459],[83.9157258,25.5445217],[83.9184157,25.5497586],[83.9208223,25.5535903],[83.9243616,25.5572941],[83.932431,25.5594653],[83.9450775,25.5637156],[83.9468711,25.5643184],[83.9608865,25.5707037],[83.9661557,25.5750607],[83.9710795,25.5791319],[83.9815557,25.5864102],[83.9844097,25.5887399],[83.988351,25.5926667],[83.9978362,25.6003272],[84.0033574,25.6040296],[84.0096979,25.6070316],[84.0222547,25.6123936],[84.0301271,25.6161263],[84.0388913,25.619987],[84.0478102,25.6226677],[84.0541808,25.62688],[84.0621572,25.6334078],[84.0694812,25.6407978],[84.0759934,25.6462857],[84.0799574,25.651901],[84.0836382,25.6571331],[84.084346,25.6638963],[84.0829303,25.6705315],[84.0789664,25.6783147],[84.077126,25.6863524],[84.0795326,25.6910728],[84.0859033,25.7006405],[84.0922739,25.7084217],[84.0980783,25.7141616],[84.1052245,25.7202249],[84.1137187,25.7240512],[84.1210803,25.7260918],[84.1318396,25.7277498],[84.139223,25.7271531],[84.1496085,25.7265346],[84.1592216,25.7263026],[84.1640281,25.725452],[84.170637,25.7239829],[84.1775035,25.7225137],[84.181795,25.7222817],[84.1885757,25.7219724],[84.1966009,25.7197879],[84.2062354,25.7187053],[84.2100763,25.718048],[84.2150116,25.7175261],[84.2176509,25.7168688],[84.2208266,25.7156122],[84.2273927,25.7122676],[84.2333579,25.7097543],[84.2369199,25.7082269],[84.2385077,25.7078016],[84.2400312,25.7064095],[84.2415762,25.7047855],[84.242413,25.7018853],[84.2429709,25.6983277],[84.2431855,25.6970709],[84.2441296,25.6960848],[84.2468762,25.695176],[84.2497515,25.6947506],[84.2533564,25.6946152],[84.2592358,25.6958914],[84.2696643,25.7002998],[84.2763161,25.7025814],[84.2786121,25.703026],[84.2811012,25.7030067],[84.2824101,25.702678],[84.283998,25.7019433],[84.2879247,25.7008799],[84.2908001,25.7006672],[84.2976451,25.7009572],[84.3051123,25.70204],[84.3099189,25.7029487],[84.317193,25.7040121],[84.320755,25.7042635],[84.3260336,25.7049015],[84.3296814,25.7056942],[84.3347668,25.7081689],[84.3370414,25.7096576],[84.3402815,25.7128282],[84.3456459,25.718802],[84.3525338,25.7266698],[84.3556881,25.7314831],[84.3602371,25.7365861],[84.3630266,25.7403745],[84.3659019,25.7447813],[84.3683481,25.7493039],[84.370923,25.7544834],[84.3748712,25.7624842],[84.3803215,25.7684748],[84.3841409,25.7718757],[84.3894624,25.7748515],[84.3939685,25.7755471],[84.3989467,25.7757403],[84.4022083,25.7748901],[84.4068002,25.7734989],[84.4103193,25.7714892],[84.411993,25.7690931],[84.4137525,25.765808],[84.4147825,25.7617112],[84.4158124,25.7562228],[84.4162416,25.7522029],[84.4163703,25.7465981],[84.4164562,25.7394081],[84.4168853,25.7297821],[84.4183444,25.7204259],[84.4201469,25.7153996],[84.4237517,25.708517],[84.4264125,25.7061196],[84.4320773,25.7029488],[84.4370555,25.7006286],[84.4408321,25.6995458],[84.447441,25.6985404],[84.4516038,25.6987724],[84.45508,25.6999325],[84.4584703,25.7017887],[84.4649505,25.7048435],[84.4677829,25.7053075],[84.4701862,25.7052302],[84.472289,25.7046115],[84.4776535,25.7011699],[84.4877386,25.6941705],[84.4954633,25.6883696],[84.5019865,25.6831485],[84.5043897,25.6805959],[84.5081234,25.6752198],[84.5101404,25.6712745],[84.5130349,25.6676192],[84.5231218,25.6612391],[84.5305542,25.6585274],[84.5403949,25.6590828],[84.545633,25.6602312],[84.5515789,25.6638042],[84.5569586,25.668653],[84.5571622,25.6688106],[84.568001,25.6772018],[84.57423,25.6829432],[84.5845646,25.6907256],[84.5940498,25.6979971],[84.6011283,25.7050131],[84.6079015,25.7111463],[84.6120643,25.7166755],[84.6172571,25.7244081],[84.6220636,25.7302846],[84.6271276,25.7345372],[84.6319341,25.7388669],[84.635539,25.740877],[84.6376848,25.7415729],[84.6397018,25.7416115],[84.6428775,25.7402585],[84.647212,25.7380937]]}},{"type":"Feature","properties":{"osm_id":82308491,"group":"gangaUpper","version":11,"timestamp":"2021-04-20T10:24:59Z","tags":{"name":"Ganga","name:bn":"গঙ্গা নদী","name:en":"Ganges","waterway":"river"},"nodes":[958498826,6062541874,6062541873,958590867,6062541872,6062541870,6062541871,6062541869,958591750,958592342,958590954,6062541868,958591198,6062541867,6062541866,958591633,6062541865,8646935375,958591695,958591967,8646935377,8646935376,958590878,1446956265,958591148,6062500130,958591559,6062500129,6062500128,958591834,6062500127,958592458,6062500126,6062500125,958591040,958591929,6062500124,6062500123,958590835,958591109,6062546924,958592415,6062500953,958591012,6114770503,913473378]},"geometry":{"type":"LineString","coordinates":[[84.647212,25.7380937],[84.6501302,25.7367794],[84.6537351,25.7363155],[84.6576404,25.7366634],[84.6607732,25.7371659],[84.6636486,25.7367407],[84.6654939,25.735349],[84.6718025,25.7286995],[84.675107,25.72522],[84.6786689,25.7217791],[84.6854066,25.7148969],[84.6899128,25.7091356],[84.6926164,25.7042248],[84.6937751,25.6996231],[84.6933889,25.6932811],[84.6941864,25.6883212],[84.6960926,25.685121],[84.6986675,25.6832839],[84.7023645,25.6814425],[84.7096501,25.6796419],[84.7148895,25.6793969],[84.71843,25.6803252],[84.7217043,25.6819941],[84.7250119,25.6847771],[84.730854,25.690748],[84.7337079,25.695466],[84.7357249,25.7021367],[84.7379136,25.7094256],[84.7405529,25.7143942],[84.7437501,25.7194013],[84.7464752,25.7219337],[84.7492862,25.7233062],[84.7533202,25.7242148],[84.7596288,25.7248141],[84.7651648,25.725162],[84.7717523,25.7261866],[84.7793054,25.7262639],[84.7891759,25.7263026],[84.7958707,25.7267278],[84.8004627,25.7269018],[84.8053121,25.7278297],[84.8297846,25.7273271],[84.8317265,25.7266312],[84.8520238,25.7182881],[84.8648964,25.7131708],[84.8712675,25.710638]]}},{"type":"Feature","properties":{"osm_id":82308496,"group":"gangaUpper","version":17,"timestamp":"2021-04-20T10:24:59Z","tags":{"name":"Ganga","name:bn":"গঙ্গা নদী","name:en":"Ganges","waterway":"river"},"nodes":[913473378,7834857327,958591510,7834857326,958590886,7834857325,958591578,7834857324,7834857323,958591844,7834857322,6812070853,6954953756,6820524024,7833145302,958592467,7833145301,7833145300,7833145299,7833145298,958591665,4401097291,958592306,6820524038,6820524033,958590938,6820492671,8646935370,6820524095,958591190,958591625,7557228331,958591884,6811851339,7557228330,958591952,7557228329,4401097311,4401097312,7557228328,7557228327,958590848,7557228326,7557228325,958591552,7557228324,7557228323,958591824,7557228322,958592442,7557228321,8646935368,958591033,6860330828,1446956231]},"geometry":{"type":"LineString","coordinates":[[84.8712675,25.710638],[84.8751783,25.7064289],[84.8764658,25.7039541],[84.8766374,25.702446],[84.8764658,25.6980763],[84.8766374,25.6940932],[84.8780536,25.6903033],[84.8795557,25.6879055],[84.882431,25.6849663],[84.8870229,25.6813308],[84.8901128,25.679629],[84.8947477,25.6771537],[84.897623,25.6755872],[84.9002738,25.6743779],[84.9041033,25.6713906],[84.9062276,25.6701335],[84.9094677,25.6688184],[84.9125576,25.6677933],[84.915154,25.6671551],[84.9182653,25.6664975],[84.9199605,25.6661881],[84.9270026,25.6660221],[84.9443572,25.6689086],[84.9457399,25.6689791],[84.9536105,25.6693807],[84.9624171,25.66983],[84.9660945,25.6703269],[84.9754934,25.6717934],[84.9773812,25.6720868],[84.9793768,25.6722802],[84.9837541,25.6727443],[84.9865222,25.6725316],[84.9961138,25.672783],[85.0003838,25.6730538],[85.0049543,25.672899],[85.0110268,25.6724542],[85.0179791,25.6723189],[85.0285792,25.6708491],[85.0338149,25.6689924],[85.0360465,25.6678127],[85.0402307,25.6655692],[85.0434279,25.6630936],[85.0457239,25.6608693],[85.0480842,25.6570784],[85.0508737,25.6532873],[85.0549078,25.6511789],[85.0578046,25.6500183],[85.0613665,25.6491866],[85.0649071,25.6495347],[85.0672459,25.6500183],[85.0751209,25.6529971],[85.0771559,25.6538561],[85.0805497,25.6553956],[85.0857212,25.6580419],[85.0865471,25.6582824]]}},{"type":"Feature","properties":{"osm_id":131485555,"group":"gangaUpper","version":15,"timestamp":"2022-08-18T23:59:34Z","tags":{"name":"Ganga","name:bn":"গঙ্গা নদী","name:en":"Ganges","waterway":"river"},"nodes":[1446956231,8646935365,958591266,6790269820,8646935366,958590810,958591090,6811578477,958591522,958591788,958592399,958590997,6811578413,958591231,958591672,2077500651]},"geometry":{"type":"LineString","coordinates":[[85.0865471,25.6582824],[85.0873625,25.6584758],[85.0970614,25.6600957],[85.0992608,25.6604051],[85.1006192,25.6604346],[85.1041531,25.6598442],[85.1180778,25.655655],[85.1187846,25.6551796],[85.1321534,25.6461881],[85.1497927,25.6356426],[85.1528723,25.6311223],[85.1569821,25.628602],[85.1701181,25.6248688],[85.1772369,25.6230846],[85.1970286,25.6197267],[85.2047958,25.6177683]]}},{"type":"Feature","properties":{"osm_id":197526030,"group":"gangaUpper","version":42,"timestamp":"2022-08-18T23:59:34Z","tags":{"name":"Ganges","name:bn":"গঙ্গা নদী","waterway":"river"},"nodes":[2077500651,7232167278,7232167277,7232167276,7232167275,958591075,7232167274,7232167273,7231450060,7232167272,7231450061,958591487,7231450062,7232167271,958591752,7231450059,7231450058,7231450057,7231450056,6830846797,6830846798,7231450055,7231450054,6830846799,6830846800,7231450053,7231450052,7231450051,6830846801,7231450050,6830846802,7231450049,7231444113,7231444112,6830846803,7231444111,7231444110,7231444109,7231444108,7231445693,7231445694,7231445695,7231445696,7231445697,6836997818,7231445698,9181890233,7231445699,6830846795,7231445700,7231445701,7231445702,7231445703,6830846794,6830846793,7231443178,7231443177,6830846792,7231443176,7231443175,7231443174,7231443173,7231443172,6830846791,7231443171,7231443170,7231443169,7231443168,7231443167,7231443166,6830846790,7231443165,7231443164,7231443163,6830846789,7231443162,7231443161,7231443160,7231443159,7231443158,6830846788,7231443157,7231443156,7231443155,7231443154,7231443153,7231443152,6830846787,958591514,7232157171,7232157172,7232157173,6830830123,7232157170,7232157169,7232157168,7232157167,7232157166,6830830124,7232157165,7232157164,7232157163,7232157162,6830830125,7232157161,7232157160,958592361,7232157159,6830830170,7226633327,7226633326,7226633325,958591589,8647024251,7226633324,958591867,7226633323,7226633322,7226633321,7226633320,7226633319,958592491,7226633318,7226633317,7226633316,7226633315,7226633314,7226633313,7226633312,7226633311,7226633310,6830846953,7226633309,7226633308,7226633307,7226633306,7226633305,958591742,7226633304,958592333,8365538856,7231443910,7231443911,4120838723,7231443912,958590940,7231443909,7231443908,7231443907,7231443906,958591827,7231443905,7231443904,7231443903,7231443902,7231443901,7231443900,7231443899,7231443898,958592448,958591036,7231433211,7231433210,7231433209,7231433208,7231433207,7231433206,7231433205,7231433204,958591267,7232183195,4120838485,7232183194,7231448335,7231448334,7232183193,7231448333,7231448332,7231448331,7232183192,7231448330,7232183191,7231448329,7232183190,7231448328,958591707,7231448327,958590908,7231448326,7231448325,7231448324,7231448323,4120838456,7231448322,7232181627,7232181626,958591165,7231448321,7232181625,7231448320,958592404,7231448319,958591000,7231439912,7231448318,958591674,7231439911,7231439910,4115942538,7231439909,7231439908,958591956,7231439907,7231439906,7231439905,7231439904,7231439903,7231439902,7231439901,7231439900,7231439899,7231439898,958590852,4120838739,958591125,7231439897,7231443410,7231439896,7231443409,7231439895,7231439894,958591553,7231443408,7231443407,958591596,958591875,7231443406,958590803,7231443405,958591079,7231443404,7231443403,958591490,7231443402,7231443401,958591754,7231443400,7231443398,7231443399,7231443397,7231443396,7231443395,7231443394,7231443393,958592349,7833236734,7231443392,7833236735,7833236736,7833236737,7833236738,958590960,7833236739,7833236740,7232110356,7833236733,7232110355,7833236732,7232110354,7833236731,958591840,7232110353,3971141646,7232110352,958592462,7232110351,3971141647,7833149389,7833149388,7833149387,958591288,7833149386,7833149385,7833124984,7833124983,7833124982,7833124981,7833124980,7833124979,7833124978,7833124977,7833124976,958591719,958592008,7833124975,958590920,7833124974,7833124973,7833124972,7833124971,958591181,7833124970,958592419,7231449550,7231449549,8647162257,958591014,7231449548,7231449547,7231449546,7231449545,7231449544,7231449543,958591258,7231449542,7231449540,7231449541,958591698,8647162256,7231449539,8647162255,8647162254,7231449538,8647162253,7231449537,958591973,7231449536,958590881,7231449535,958591154,3971099779,7837419802,7837419801,3971099780,7837419800,3971099781,3971099782,7837419799,7837419798,8933993433,3971099783,7837419797,3971099784,2545473464,8647162250,8647162249,958590968,8647162248,7435080544,8647162247,8647162246,958591222,8647162245,8647162244,7435080543,8647162243,8647162242,8647162241,958591663,8647162240,8647162239,7435080542,958591933,7435080541,7435080540,958590840,7435080539,958591113,7435080538,7435080537,958591548,7435080536,7435060245,958591819,7435060244,7435080535,7435060243,7435080534,958591870,7435060242,7435060241,7435060240,958590793,7435060239,7435060238,958591072,7435060237,958591484,3351457118,7435060236,7435060235,958591746,7435060234,958592338,1677392431]},"geometry":{"type":"LineString","coordinates":[[85.2047958,25.6177683],[85.2135143,25.615515],[85.2155399,25.6150795],[85.2185654,25.6147313],[85.2204752,25.6145958],[85.2224707,25.6147893],[85.2247453,25.6145184],[85.2264619,25.6141508],[85.2300024,25.6124481],[85.232749,25.6111323],[85.2344656,25.609952],[85.2377486,25.6074365],[85.2418899,25.604147],[85.2434778,25.602328],[85.2450656,25.6013992],[85.247426,25.6011283],[85.2488422,25.6012444],[85.2527475,25.6028698],[85.2564811,25.6050758],[85.2583265,25.6065464],[85.2609872,25.6090232],[85.2630043,25.6102229],[85.26515,25.611113],[85.2720165,25.6142475],[85.2763938,25.6164533],[85.2789688,25.6174981],[85.2830457,25.6183108],[85.2912546,25.618761],[85.2951049,25.6184268],[85.3014993,25.6180786],[85.3127002,25.6183108],[85.3173351,25.6179625],[85.3274417,25.6171498],[85.3309178,25.6167242],[85.3340458,25.6160869],[85.338428,25.614886],[85.3420758,25.613609],[85.3531909,25.6096037],[85.3575039,25.6080944],[85.3614092,25.6066819],[85.3642201,25.6052499],[85.366838,25.6038761],[85.3704214,25.6017088],[85.3729319,25.59869],[85.3760004,25.5962517],[85.3830385,25.5919361],[85.3860918,25.5904027],[85.3865576,25.5901557],[85.3897637,25.5876567],[85.3927159,25.584911],[85.394969,25.5828788],[85.3984022,25.5795693],[85.4044962,25.5736079],[85.4094529,25.5689431],[85.4152611,25.5642562],[85.4190016,25.561936],[85.4221773,25.5602131],[85.4233575,25.5593227],[85.4244303,25.5581999],[85.4253745,25.5572707],[85.4269624,25.5563803],[85.4280996,25.5559544],[85.4300093,25.5553156],[85.432477,25.5545025],[85.4343009,25.5542121],[85.4368973,25.5542702],[85.4394936,25.5543283],[85.4416609,25.5548509],[85.4450297,25.5563028],[85.4483771,25.557774],[85.4503083,25.5588775],[85.4528188,25.5608519],[85.4569602,25.5645105],[85.4613375,25.569098],[85.4656505,25.5737821],[85.4706073,25.5788531],[85.4728603,25.5819498],[85.4746198,25.5839239],[85.4759931,25.5848336],[85.4789543,25.5857819],[85.4810786,25.586227],[85.4828167,25.5861883],[85.4862284,25.5856271],[85.4890823,25.5849497],[85.4937172,25.5831498],[85.497837,25.5812918],[85.5003476,25.5801886],[85.5084251,25.5782263],[85.5281847,25.5770594],[85.5447435,25.5740724],[85.5484128,25.5732208],[85.5511594,25.5723498],[85.5541868,25.5712647],[85.5560946,25.5701819],[85.5595708,25.5680527],[85.5618453,25.5661171],[85.5643129,25.5638523],[85.5677032,25.5597099],[85.5691194,25.5576192],[85.5709648,25.5547542],[85.5753421,25.5483657],[85.5800199,25.5419769],[85.5841398,25.5366719],[85.5878734,25.5318315],[85.5887317,25.5291982],[85.5898904,25.5241638],[85.5937099,25.5160308],[85.5951261,25.5129324],[85.5963707,25.5104924],[85.5978298,25.5084396],[85.6004047,25.5063093],[85.6047391,25.5035205],[85.6091594,25.5006542],[85.6142653,25.4983118],[85.6164121,25.4972068],[85.6234219,25.4938429],[85.6283426,25.4918224],[85.634222,25.4894207],[85.6392002,25.486709],[85.6417322,25.4848882],[85.6440925,25.4844233],[85.6500148,25.4835711],[85.6551647,25.4829125],[85.6636619,25.4806268],[85.6714725,25.4780699],[85.6779956,25.4764427],[85.6835746,25.4756679],[85.6878661,25.4756679],[85.6931018,25.4765977],[85.6968783,25.4783023],[85.7012557,25.4822539],[85.7034873,25.4849657],[85.7085084,25.4917449],[85.7139587,25.4987562],[85.7179069,25.5029783],[85.723443,25.5073551],[85.7292795,25.5096403],[85.7366609,25.5109184],[85.7416391,25.5119642],[85.7532249,25.5130601],[85.7627187,25.5138472],[85.7703709,25.5144816],[85.7750916,25.5149657],[85.7762933,25.5153143],[85.7786321,25.5159727],[85.7808423,25.5164762],[85.7840395,25.5179866],[85.7914638,25.5190517],[85.7947039,25.5194002],[85.7996392,25.5192066],[85.8068704,25.5185676],[85.8140588,25.5179479],[85.8173632,25.5174832],[85.8201527,25.5164956],[85.8227277,25.5151981],[85.8244014,25.5143461],[85.8267832,25.5137458],[85.832448,25.5133391],[85.8353233,25.5131067],[85.8371211,25.512572],[85.8556343,25.5058264],[85.860064,25.5046438],[85.8618021,25.5043726],[85.864613,25.5041596],[85.8664799,25.5041015],[85.8701491,25.5041983],[85.8763075,25.504392],[85.8781918,25.5046039],[85.8805561,25.504605],[85.8838597,25.5042114],[85.8870578,25.5031913],[85.8893967,25.5029782],[85.8903837,25.5029879],[85.8911455,25.5031816],[85.8918643,25.5036948],[85.8924222,25.5041402],[85.8932054,25.5045082],[85.8940208,25.5047406],[85.8957052,25.5048762],[85.8965313,25.5048665],[85.897851,25.5046341],[85.8995139,25.5039466],[85.9007907,25.503259],[85.9029579,25.5016806],[85.9041273,25.5004024],[85.9073138,25.4959866],[85.9090948,25.4918224],[85.9100604,25.4892463],[85.9119487,25.4829899],[85.9127855,25.479019],[85.9135795,25.4746217],[85.9138584,25.470728],[85.9140086,25.4663305],[85.9141224,25.4638408],[85.9143948,25.4599373],[85.9151459,25.4571474],[85.9169483,25.4537181],[85.9201669,25.4503856],[85.9221196,25.4485062],[85.9269047,25.4451154],[85.9320545,25.4416858],[85.9377193,25.4371903],[85.9438562,25.4326946],[85.9511947,25.4275787],[85.9563446,25.4242067],[85.9638118,25.4198268],[85.9692621,25.4168809],[85.9746694,25.4137025],[85.9800949,25.4100163],[85.9820079,25.4082368],[85.9831238,25.4068025],[85.9840894,25.4056396],[85.9849477,25.403837],[85.9863424,25.4008907],[85.9872651,25.3991462],[85.9879088,25.3982546],[85.9895396,25.3966069],[85.9906769,25.3949787],[85.9915137,25.3940482],[85.9919858,25.3932147],[85.9928441,25.3917221],[85.9929514,25.390055],[85.9929085,25.3867982],[85.9938311,25.3804008],[85.9951401,25.3778999],[85.9968138,25.3754765],[85.9983372,25.3733439],[86.0002041,25.3708622],[86.003294,25.3671978],[86.005826,25.3645803],[86.0079717,25.3624863],[86.013422,25.3581042],[86.0188293,25.3536056],[86.0255241,25.346198],[86.0304278,25.3392128],[86.0339355,25.3359586],[86.0383987,25.3328555],[86.0453509,25.3306834],[86.054449,25.3286663],[86.0643195,25.3278129],[86.070671,25.3278905],[86.0819148,25.3304506],[86.09097,25.3333598],[86.1027819,25.3387153],[86.1069559,25.3404772],[86.113243,25.3451121],[86.1181354,25.3468962],[86.1207961,25.3499213],[86.1224269,25.3534117],[86.1244868,25.3565142],[86.1270618,25.3580654],[86.1285209,25.3584532],[86.131525,25.3579879],[86.135044,25.3543425],[86.1419963,25.3471289],[86.1451292,25.3443751],[86.147232,25.3423971],[86.1507726,25.3392166],[86.1542916,25.33623],[86.1577678,25.3333985],[86.1607504,25.3312457],[86.1626601,25.3301209],[86.1644411,25.3293451],[86.1656427,25.3288408],[86.1679601,25.3280456],[86.1703205,25.3273862],[86.1731529,25.3268237],[86.1753201,25.326494],[86.1780667,25.3263],[86.1807489,25.3261643],[86.1828947,25.3261061],[86.1892891,25.3264552],[86.1992025,25.3273086],[86.2076139,25.3276189],[86.2154245,25.3277353],[86.2245225,25.3270759],[86.2364101,25.324826],[86.2402296,25.3243217],[86.2462806,25.3245933],[86.2526321,25.3253691],[86.2570953,25.3270759],[86.2613439,25.3297136],[86.2679529,25.3349888],[86.2716007,25.3391779],[86.2739181,25.3415438],[86.2752914,25.3427849],[86.2773084,25.3433667],[86.2792825,25.3434443],[86.2831449,25.3432504],[86.2893247,25.3414662],[86.2923717,25.3400312],[86.2958908,25.3371997],[86.2991952,25.3343295],[86.302886,25.3315367],[86.3092804,25.3257182],[86.3133144,25.3218391],[86.3157606,25.3188908],[86.3192367,25.3153994],[86.3224554,25.3135373],[86.3261461,25.3122183],[86.335287,25.3107441],[86.3437842,25.3099682],[86.3516807,25.3101233],[86.3579463,25.3105113],[86.3619804,25.3119079],[86.3666565,25.3146206],[86.3691043,25.3172615],[86.3709926,25.3195503],[86.3744258,25.3245157],[86.3762283,25.3282008],[86.3776445,25.3297912],[86.3791465,25.3309161],[86.3812065,25.3316143],[86.3854122,25.3327003],[86.3942527,25.3341355],[86.3997888,25.3346398],[86.4040374,25.334601],[86.4063978,25.3347173],[86.407578,25.3350082],[86.4085865,25.3354834],[86.4094984,25.336104],[86.4101535,25.3366004],[86.4111292,25.3381888],[86.4126634,25.3413111],[86.4144659,25.3477881],[86.4164614,25.3557774],[86.4189291,25.3659376],[86.4215898,25.3721419],[86.4228773,25.3772989],[86.4248584,25.3876407],[86.4262247,25.3985066],[86.4266109,25.4013366],[86.4278984,25.4041277],[86.4288854,25.4053295],[86.4317607,25.4083531],[86.4362669,25.4109503],[86.4396143,25.412307],[86.4420604,25.4128497],[86.4471459,25.4137606],[86.448253,25.4138847],[86.4541847,25.4145494],[86.4565229,25.4147878],[86.4589047,25.4151948],[86.4613294,25.4158925],[86.4634537,25.4170747],[86.4655137,25.4188577],[86.4733672,25.4256213],[86.4774012,25.4289739],[86.4808988,25.4313187],[86.4845252,25.433024],[86.4895248,25.434303],[86.4945888,25.43502],[86.499052,25.4349618],[86.5042448,25.4342255],[86.5072918,25.4332953],[86.510489,25.4317451],[86.5140939,25.4287801],[86.5167975,25.4257376],[86.5209603,25.420195],[86.5226126,25.417036],[86.5238786,25.4135668],[86.5245437,25.4102138],[86.5250158,25.4054845],[86.5248441,25.3998247],[86.5252304,25.3935443],[86.5268611,25.3838516],[86.5282774,25.3799356],[86.5302085,25.3773765],[86.5324831,25.3759031],[86.5343713,25.3749725],[86.5388246,25.3732378],[86.5400576,25.3729174],[86.5412378,25.372801],[86.5438342,25.3728398],[86.5457654,25.3732276],[86.5471816,25.3738092],[86.5491986,25.3748561],[86.5509152,25.3763683],[86.5524387,25.3776091],[86.5543699,25.3791407],[86.5559149,25.3802845],[86.5571379,25.3808855],[86.558125,25.3811181],[86.5589404,25.3810794],[86.559906,25.3808273],[86.5614295,25.3799549],[86.5644121,25.3781132],[86.5667295,25.3767755],[86.5696907,25.3749531],[86.5709138,25.3740031],[86.5734672,25.3717153],[86.5754843,25.3690397],[86.5766215,25.3667325],[86.5802908,25.3594615],[86.5813636,25.3559324]]}},{"type":"Feature","properties":{"osm_id":155336052,"group":"gangaUpper","version":22,"timestamp":"2024-03-31T21:00:15Z","tags":{"name":"Ganga","name:bn":"গঙ্গা নদী","name:en":"Ganges","waterway":"river"},"nodes":[1677392431,8647162251,958590951,7435060233,7435060232,958591196,7435060231,7435060230,958592452,7435060229,3971420128,958591037,958591272,7558078909,958591713,7558078908,7558078907,958592000,7558078906,7558078905,7558078902,958590912,7558078904,7558078903,7558078901,7558078900,3971420078,7558078899,958591166,7558078898,7558078897,7558078896,958591590,7558078895,7558078894,958591003,7558078893,958591245,7832890480,7832890479,7832890478,7832890481,7832890477,7832890476,7832890482,7832890475,7832890474,958591677,3975765315,958591962,958590871,3975765340,3975765339,958591143,3971023699,7557268117,7557268116,3971023698,958591556,958591830,3975765290,3971308522,958591216,958591638,7557268115,7557268114,7557268113,7557268112,7557268111,7557268110,3971023598,958591920,3971023696,958590829,3971023672,7557268109,7557268108,958591099,7557268107,7557268101,958591523,958591792,958592409,8647214458,958592485,3971308237,958591046,7557268099,7557268088,7557268087,7557268086,7557268085,7557223984,7557223983,7557223982,11776385369,2088322145,958591476,958591732,3970989957,7442491975,7442491976,958592301,7557268098,958590924,7442540988,958591185,7442540987,3971018043,3971018056,7442540986,3971018044,7442540985,7442491984,958591598,7442491983,958591017,2088322146,7442491982,958591262,7442491981,7442491980,7442491979,7442491978,7442491977,958591703,2546477558,958591976]},"geometry":{"type":"LineString","coordinates":[[86.5813636,25.3559324],[86.5816578,25.3530516],[86.5819644,25.3453835],[86.5821361,25.3415826],[86.5818786,25.3382082],[86.5820932,25.3319246],[86.5829944,25.3265328],[86.585226,25.3195891],[86.5885305,25.3121795],[86.5911483,25.3079119],[86.5969987,25.2996],[86.6034028,25.2892173],[86.6089191,25.2774913],[86.6131854,25.2730677],[86.61767,25.2695167],[86.620996,25.266509],[86.6238284,25.2638505],[86.6276908,25.2609203],[86.6302657,25.2591155],[86.6343641,25.256845],[86.6465091,25.2507512],[86.648376,25.2498391],[86.6511011,25.2489269],[86.6531181,25.2482671],[86.6564655,25.2475296],[86.65874,25.2471414],[86.6609931,25.2468697],[86.6652846,25.2461904],[86.6700482,25.2456858],[86.6731167,25.2456276],[86.676743,25.2456858],[86.6835451,25.246171],[86.6879868,25.2465397],[86.6916346,25.247122],[86.7009473,25.2484805],[86.7071271,25.2497809],[86.7122125,25.2509841],[86.7213106,25.2532936],[86.7264497,25.2546908],[86.7299795,25.2556709],[86.7320394,25.2562725],[86.7335629,25.2566509],[86.7353225,25.2571167],[86.736685,25.2575436],[86.7374897,25.2577959],[86.7381871,25.2580385],[86.7386806,25.2582616],[86.7405458,25.2591835],[86.7418159,25.2599299],[86.7569568,25.2722509],[86.7769609,25.28377],[86.7798703,25.2847804],[86.7917776,25.292664],[86.7967987,25.2962724],[86.8067121,25.3022863],[86.8146085,25.3061273],[86.8257236,25.3094638],[86.8408298,25.3119079],[86.8444347,25.3121795],[86.8622875,25.3120631],[86.8787026,25.3127226],[86.8840885,25.3127808],[86.8982935,25.3127614],[86.9187641,25.3117139],[86.9227981,25.3112484],[86.9263172,25.3095026],[86.9286346,25.307136],[86.9318103,25.3047306],[86.9352006,25.303877],[86.9403505,25.3036442],[86.9451141,25.3048082],[86.9524526,25.3069032],[86.9612503,25.3102397],[86.9693613,25.3138089],[86.9819354,25.3163305],[86.9903469,25.3158262],[86.9962692,25.313964],[87.0030927,25.311326],[87.009058,25.3082223],[87.013607,25.3053125],[87.0183706,25.300618],[87.023735,25.2944876],[87.028799,25.2872316],[87.0304075,25.2846573],[87.0334768,25.2769872],[87.0368671,25.2720199],[87.0407724,25.2681778],[87.0475959,25.2635594],[87.0554494,25.2582035],[87.0610714,25.2547491],[87.0696329,25.2461128],[87.0803833,25.2420564],[87.087121,25.2391063],[87.0936656,25.2394945],[87.1026134,25.2380969],[87.1110677,25.2398826],[87.1265441,25.2458119],[87.1308087,25.2544386],[87.1341133,25.2665867],[87.1252298,25.2715154],[87.1205521,25.2780738],[87.118535,25.2819155],[87.1178913,25.2850199],[87.1178484,25.2872316],[87.1214532,25.2908403],[87.1280193,25.2966216],[87.138555,25.3082417],[87.142868,25.3117527],[87.1488332,25.312839],[87.1550559,25.314158],[87.1588325,25.3140029],[87.1653986,25.3116751],[87.1699047,25.3095026],[87.1792173,25.3058945],[87.1823501,25.298678],[87.1865129,25.2922371],[87.1911048,25.2829632],[87.195096,25.2743095],[87.1977567,25.2702735],[87.2004175,25.2662762],[87.2019624,25.265073],[87.2049236,25.2635983],[87.2071767,25.2627638],[87.2102666,25.2626474],[87.2128844,25.2629967],[87.2163605,25.2638311],[87.2243643,25.2677509],[87.226468,25.2694343]]}},{"type":"Feature","properties":{"osm_id":166334629,"group":"gangaUpper","version":25,"timestamp":"2024-03-31T21:00:15Z","tags":{"name":"Ganga","name:bn":"গঙ্গা নদী","name:en":"Ganges","waterway":"river"},"nodes":[958591976,958590890,958591162,3893333030,958591583,3893333085,958591226,5935590739,958591668,1775071519,8647154896,11776377344,958591940,958590845,3893333193,958591118,1677393305,3261381717,3882011769,958591550,3893333207,9896622722,958591630,3882011779,5935590693,958591911,8647154904,958590808,958591089,11776377345,3883320878,958591775,11776376842,3883380305,3883380296,958592384,958590972,11390513339,11776385487,11776385486,11776385485,3883320416,958591797,9879699349,3883320877,958591008,958591252,9879701942,9879701940,958591681,9998405531,9879701928,9998530804,958591965,9879701939,3881984605,958590874,958591757,8647312713,8647312712,3883320445,958592354,8647312709,3883294809,958590964,9879686391,9879686392,10034546825,958591220,11401556915,958591659,958591925,958590831,958591103,958592303,2876863096,2876863094,9879677057,2876863092,9879674775,9879677056,958591880]},"geometry":{"type":"LineString","coordinates":[[87.226468,25.2694343],[87.2349187,25.2800341],[87.245005,25.2987664],[87.2562985,25.3202977],[87.2555916,25.3302015],[87.2549254,25.3396963],[87.253612,25.3584097],[87.2577093,25.3803586],[87.2595752,25.3903524],[87.2586201,25.4055708],[87.2594464,25.4180557],[87.2631168,25.4246718],[87.273081,25.43195],[87.2891682,25.4406967],[87.2966174,25.4432145],[87.3092715,25.4462727],[87.3209273,25.4487916],[87.3317251,25.4548139],[87.3389837,25.4561434],[87.3502584,25.4568329],[87.3558895,25.4574148],[87.4083151,25.4473372],[87.4163447,25.4418027],[87.4234475,25.4371451],[87.4396208,25.4229043],[87.4428722,25.4193339],[87.4472817,25.4155959],[87.4663989,25.4015364],[87.4961778,25.3985174],[87.5106096,25.3976537],[87.5266775,25.3929306],[87.5598649,25.3841954],[87.5711417,25.3822232],[87.5768107,25.3808037],[87.581481,25.3803576],[87.598574,25.374963],[87.6053626,25.3721451],[87.609207,25.3663412],[87.6115036,25.3595003],[87.6112461,25.3435606],[87.6099586,25.3360749],[87.6171431,25.327629],[87.6271298,25.3081003],[87.6309191,25.3022637],[87.6331653,25.2988038],[87.6343257,25.2953088],[87.649016,25.2668445],[87.6592254,25.254788],[87.6640492,25.2530205],[87.6752072,25.2489321],[87.6803126,25.2480989],[87.6857368,25.2483417],[87.6871569,25.2489965],[87.6992501,25.2545721],[87.7211325,25.2630449],[87.7245082,25.2643519],[87.7399903,25.2679034],[87.7522596,25.2701296],[87.7549052,25.2716124],[87.7633436,25.2741835],[87.7707409,25.2765215],[87.7737235,25.2752409],[87.7823495,25.2724855],[87.7965984,25.2695097],[87.814593,25.2618791],[87.8257799,25.2524203],[87.8298568,25.241086],[87.8299891,25.2287017],[87.8300322,25.2246725],[87.8214606,25.2082317],[87.817097,25.1998611],[87.7999561,25.1800466],[87.7819717,25.1619237],[87.7790852,25.1476144],[87.7908895,25.1153689],[87.8011681,25.0875613],[87.8292406,25.0684067],[87.8378314,25.0642555],[87.8413112,25.062574],[87.8455751,25.0630487],[87.8602838,25.0646865],[87.8726403,25.0606803]]}}]}