{"type":"FeatureCollection","properties":{"licence":"ODbL 1.0 — © OpenStreetMap contributors","system":"southeast","fetched":"2026-09-29","snapshot":"2026-09-29T14:10:51Z"},"features":[{"type":"Feature","properties":{"osm_id":685928768,"group":"feni","version":2,"timestamp":"2024-08-24T11:59:03Z","tags":{"name":"ফেনী নদী","name:en":"Feni River","waterway":"river"},"nodes":[6428736486,6428760685,6428760785,6428760686,6428736487,6428760786,6428760687,6428760688,6428760689,6428761085,6428760690,6428760691,6428760692,6428760787,6428760693,6428760694,6428760695,6428760696,6428760788,6428760697,6428760698,6428761685,6428761686,6428761687,6428760789,6428760699,6428760700,6428761688,6428760790,6428760701,6428760791,6428760792,6428736488,6428736489,6428760793,6428760794,6428760702,6428760795,6428760703,6428760796,6428760704,6428760705,6428760706,6428761689,6428761690,6428760707,6428760708,6428760709,6428760797,6428760798,6428760710,6428760711,6428760712,6428760713,6428760714,6428760799,6428760800,6428760715,6428760716,6428760717,6428736490,6428760801,6428736491,6428761691,6428736492,6428761692,6428736493,6428760802,6428763585,6428739186,6428763685,6428739187,6428763686,6428763586,6428763687,6428763587,6428763588,6428763589,6428763590,6428763591,6428763592,6428763593,6428763594,6428763595,6428739188,6428739189,6428763596,6428763597,6428763598,6428763599,6428763985,6428739190,6428739191,6428763600,6428763688,6428763601,6428739192,6428763689,6428763602,6428763603,6428763986,6428763690,6428763604,6428763605,6428763606,6428739193,6428739194,6428739195,6428763607,6428763608,6428739196,6428763609,6428763610,6428763987,6428763611,6428763691,6428763612,6428763692,6428763693,6428739197,6428739198,6428739199,6428763694,6428763613,6428739200,6428739201,6428763695,6428763696,6428763614,6428763615,6428763988,6428763989,6428763616,6428763617,6428763697,6428739202,6428763698,6428763699,6428739203,6428763618,6428739204,6428763700,6428763619,6428739205,6428739206,6428739207,6428739208,6428739209,6428763701,6428739210,6428763702,6428763620,6428763621,6428739211,6428739212,6428739213,6428763703,6428763622,6428763623,6428763704,6428763624,6428763990,6428763625,6428763705,6428739214,6428763706,6428763626,6428763627,6428739215,6428739216,6428739217,6428739218,6428763628,6428739219,6428763707,6428739220,6428763708,6428739221,6428763629,6428763630,6428763631,6428739222,6428763709,6428739223,6428763991,6428739224,6428763632,6428763633,6428763634,6428763635,6428739225,6428739226,6428763636,6428763637,6428739227,6428739228,6428763638,6428763710,6428739229,6428763639,6428763640,6428739230,6428763641,6428763642,6428763643,6428763644,6428739231,6428763711,6428739232,6428763645,6428763646,6428763647,6428763648,6428763649,6428739233,6428763650,6428763712,6428739234,6428763651,6428763652,6428763653,6428763654,6428763713,6428763714,6428739235,6428763655,6428739236,6428739237,6428763656,6428763657,6428763715,6428763716,6428739238,6428739239,6428739240,6428763658,6428763659,6428763660,6428763661,6428739241,6428763662,6428763663,6428763664,6428763665,6428763666,6428763667,6428763668,6428739242,6428763717,6428763669,6428763670,6428767785,6428763671,6428739243,6428763718,6428767885,6428763672,6428763673,6428763674,6428739244,6428763675,6428763992,6428763676,6428739245,6428763677,6428763678,6428763679,6428763680,6428763719,6428763681,6428763720,6428739246,6428739247,6428763721,6428763722,6428763993,6428739248,6428763723,6428763994,6428763724,6428739249,6428739250,6428763725,6428739251,6428763995,6428739252,6428739253,6428739254,6428763726,6428739255,6428763996,6428739256,6428763727,6428739257,6428763682,6428739258,6428739259,6428763728,6428739260,6428763683,6428739261,6428763684,6428769185,6428763729,6428769285,6428769286,6428763730,6428763731,6428769287,6428769485,6428769288,6428763732,6428769289,6428769290,6428769291,6428739262,6428739263,6428769292,6428769293,6428763997,6428763733,6428769294,6428769295,6428769296,6428769297,6428763734,6428763735,6428769298,6428763998,6428739264,6428769299,6428763736,6428763737,6428769300,6428769301,6428739265,6428769302,6428763738,6428769303,6428769304,6428769305,6428769306,6428769307,6428739266,6428739267,6428769308,6428769309,6428769310,6428739268,6428739269,6428767886,6428769486,6428739270,6428769311,6428769312,6428763739,6428763740,6428739271,6428769313,6428763741,6428739272,6428769314,6428769315,6428763742,6428769316,6428769317,6428739273,6428739274,6428739275,6428763999,6428769318,6428769319,6428769320,6428764000,6428739276,6428739277,6428769487,6428764001,6428769321,6428739278,6428769322,6428769323,6428769324,6428769325,6428739279,6428769326,6428769327,6428769328,6428739280,6428739281,6428739282,6428769329,6428769330,6428739283,6428763743,6428763744,6428764002,6428764003,6428764004,6428763745,6428769331,6428764005,6428739284,6428769332,6428772985,6428769488,6428769333,6428772986,6428763746,6428772987,6428772988,6428769334,6428772989,6428772990,6428769335,6428769336,6428772991,6428763747,6428764006,6428769337,6428772992,6428773185,6428769338,6428763748,6428769489,6428772993,6428772994,6428764007,6428769339,6428769340,6428769490,6428772995,6428769341,6428764008,6428772996,6428772997,6428764009,6428773186,6428763749,6428763750,6428772998,6428763751,6428769342,6428772999,6428764010,6428764011,6428764012,6428769343,6428773000,6428764013,6428773001,6428763752,6428763753,6428773002,6428769344,6428773003,6428769345,6428769491,6428769346,6428769347,6428769348,6428773004,6428769349,6428769350,6428769351,6428764014,6428769352,6428773005,6428773006,6428773007,6428763754,6428769353,6428764015,6428773008,6428773009,6428769354,6428763755,6428763756,6428773010,6428763757,6428769355,6428763758,6428769356,6428769357,6428769358,6428769359,6428773011,6428773012,6428769360,6428769361,6428773013,6428763759,6428769362,6428769363,6428769186,6428773014,6428769364,6428764016,6428769365,6428773015,6428763760,6428763761,6428769492,6428769493,6428773187,6428769494,6428773016,6428763762,6428763763,6428763764,6428763765,6428773017,6428764017,6428764018,6428764019,6428773018,6428764020,6428773019,6428773020,6428773021,6428773022,6428773023,6428764021,6428769366,6428769367,6428773024,6428769368,6428769369,6428769370,6428773025,6428763766,6428773026,6428773027,6428769371,6428763767,6428769372,6428769373,6428773028,6428769495,6428763768,6428769374,6428773029,6428769375,6428763769,6428773030,6428769376,6428769377,6428773031,6428773032,6428769378,6428769379,6428769380,6428769381,6428769382,6428773033,6428764022,6428763770,6428769383,6428773034,6428769384,6428776085,6428773035,6428763771,6428776086,6428776087,6428773036,6428773037,6428776088,6428776089,6428776090,6428776091,6428776092,6428776093,6428764023,6428776094,6428763772,6428773038,6428776095,6428773039,6428776096,6428776097,6428773040,6428776098,6428776099,6428773041,6428776100,6428773042,6428776101,6428776102,6428776103,6428773043,6428773044,6428776104,6428773045,6428776105,6428773046,6428773047,6428776106,6428776107,6428773048,6428764024,6428773049,6428773188,6428763773,6428764025,6428773050,6428764026,6428763774,6428763775,6428773051,6428773052,6428763776,6428773053,6428763777,6428773054,6428763778,6428773055,6428763779,6428773189,6428764027,6428764028,6428764029,6428763780,6428773056,6428773057,6428773058,6428763781,6428773059,6428769496,6428763782,6428773060,6428764030,6428773061,6428773062,6428773063,6428773064,6428773065,6428773066,6428763783,6428763784,6428769497,6428773073,6428773072,6428773071,6428773070,6428773069,6428773068,6428764031,6428773067,6428777185,5070187202]},"geometry":{"type":"LineString","coordinates":[[91.7837924,23.3252278],[91.7835671,23.3251834],[91.7833391,23.3251342],[91.7831781,23.3250972],[91.7830199,23.3250726],[91.7829126,23.3249618],[91.7827168,23.3248485],[91.7825478,23.3248485],[91.7824942,23.3247623],[91.7824244,23.3246145],[91.7824244,23.3244938],[91.7824513,23.3243485],[91.7824137,23.3241958],[91.7823547,23.3240012],[91.7821428,23.3237869],[91.7819121,23.323681],[91.781719,23.3234569],[91.7816171,23.3233091],[91.7815366,23.3232771],[91.7814776,23.3231736],[91.7814991,23.3230332],[91.7815018,23.3228633],[91.7816225,23.3227992],[91.7816922,23.3226613],[91.7817056,23.3225406],[91.7815903,23.3224889],[91.7814964,23.3224027],[91.781373,23.3222943],[91.7812791,23.3221761],[91.7812175,23.3220726],[91.7812175,23.3219027],[91.7813382,23.321713],[91.7814387,23.3213633],[91.7814039,23.3212746],[91.7813663,23.3211773],[91.7813784,23.3210812],[91.7813744,23.3210295],[91.7813234,23.3209322],[91.7812765,23.32083],[91.7812107,23.3207487],[91.781133,23.3206995],[91.7810659,23.3207056],[91.7809948,23.3206921],[91.7809519,23.3206379],[91.780901,23.3205849],[91.7807615,23.3204692],[91.7806381,23.3203583],[91.7805415,23.320213],[91.7802921,23.3200628],[91.7800158,23.3199297],[91.7798308,23.3198756],[91.7796805,23.3198312],[91.7795759,23.3197179],[91.7792165,23.3194174],[91.7789537,23.3191686],[91.7789483,23.3189174],[91.778951,23.3187943],[91.7789376,23.3187007],[91.7788598,23.3186588],[91.7786935,23.3186612],[91.7784387,23.3185947],[91.7781946,23.3185085],[91.7780605,23.3184667],[91.7779666,23.3184223],[91.7778781,23.3183263],[91.7777815,23.3182376],[91.7776528,23.3181465],[91.7774758,23.3180381],[91.7773283,23.3179839],[91.7770949,23.3179888],[91.7769152,23.3180258],[91.7767543,23.3180282],[91.7766657,23.3179543],[91.7766336,23.317809],[91.7766175,23.3176612],[91.7766094,23.3175898],[91.7765772,23.3175331],[91.7765236,23.3175036],[91.7764324,23.3175011],[91.7763197,23.3174814],[91.7762554,23.3174026],[91.7761722,23.3173558],[91.7760971,23.3173484],[91.7759576,23.317378],[91.7758343,23.317378],[91.7756331,23.3173607],[91.7754292,23.3173435],[91.7752629,23.3173016],[91.7751235,23.3172351],[91.7750403,23.3171489],[91.7750028,23.317043],[91.7749545,23.3169789],[91.774866,23.3169026],[91.7748177,23.3168164],[91.7747882,23.3167375],[91.7747185,23.3166612],[91.7746702,23.3165676],[91.7746621,23.3164666],[91.7747131,23.3163779],[91.7746863,23.3162474],[91.7745508,23.3161476],[91.7744851,23.3160922],[91.7743845,23.3160552],[91.7742209,23.3160355],[91.7741083,23.3159826],[91.7738856,23.3158607],[91.7737757,23.3158286],[91.7736496,23.3158397],[91.7735423,23.3158754],[91.7734243,23.3159616],[91.7733036,23.3160183],[91.7731588,23.3160109],[91.7730273,23.3159309],[91.77268,23.3158373],[91.7725016,23.3158188],[91.7723903,23.3157892],[91.7721623,23.3156328],[91.7719571,23.315554],[91.7718834,23.3155478],[91.7718096,23.315517],[91.7718016,23.3154555],[91.7718324,23.3153742],[91.7718579,23.31532],[91.7718311,23.3152559],[91.7717479,23.3152449],[91.7716567,23.3152572],[91.7713831,23.3151599],[91.7712571,23.3150897],[91.771127,23.3149936],[91.7710023,23.3149813],[91.7708829,23.3149727],[91.7708775,23.3148815],[91.7707823,23.3147436],[91.7707086,23.3146094],[91.7707045,23.3144628],[91.7707568,23.3143495],[91.7709057,23.3142362],[91.7710036,23.3141303],[91.7710143,23.3140108],[91.770848,23.3138532],[91.7704511,23.3137152],[91.7702231,23.3136105],[91.7701279,23.3135095],[91.7700031,23.3132854],[91.7697684,23.3130711],[91.7696021,23.312959],[91.7694372,23.3128789],[91.7691945,23.3129097],[91.7691059,23.3129147],[91.7689437,23.3129097],[91.7687868,23.3128716],[91.7686647,23.3127669],[91.768426,23.3124922],[91.7683643,23.3124417],[91.7682852,23.3124146],[91.7682181,23.3124011],[91.7681202,23.3123986],[91.7680264,23.3123789],[91.7679499,23.3123062],[91.7678936,23.3122213],[91.7677917,23.3121437],[91.7676321,23.3121006],[91.7674966,23.312071],[91.7674121,23.3120796],[91.7673089,23.3120907],[91.7671788,23.3120772],[91.7670232,23.3120193],[91.7667657,23.3119146],[91.7665619,23.3117976],[91.7664237,23.3117496],[91.7662883,23.3117298],[91.7661877,23.3116991],[91.7661059,23.3116239],[91.7660885,23.3115155],[91.7660952,23.3114293],[91.7660509,23.3113604],[91.7659222,23.3112668],[91.7659181,23.3111929],[91.7659208,23.3110648],[91.7658953,23.3110093],[91.7658497,23.3109527],[91.7656808,23.3108529],[91.7654863,23.3107224],[91.765328,23.3105623],[91.7651913,23.3104908],[91.7650276,23.3103874],[91.7648989,23.3102815],[91.7648157,23.3101558],[91.7648506,23.3100253],[91.764923,23.3098553],[91.7649525,23.3096977],[91.7649418,23.3095622],[91.7649096,23.3094538],[91.7648479,23.3093651],[91.7647245,23.3093848],[91.7646039,23.3094563],[91.7644134,23.3094415],[91.7643034,23.3093824],[91.7643115,23.3092395],[91.7643329,23.3091089],[91.7643517,23.3088158],[91.7643732,23.3086532],[91.7644429,23.3084906],[91.7644778,23.3082813],[91.7644295,23.3080399],[91.7644805,23.3079191],[91.7644644,23.3078206],[91.7643866,23.3076999],[91.7642927,23.3076556],[91.7641613,23.3076506],[91.7641613,23.3074068],[91.7641667,23.3072787],[91.7642069,23.307158],[91.7642552,23.306988],[91.7643651,23.3068107],[91.7644161,23.3065323],[91.7644376,23.3063623],[91.7645019,23.3061899],[91.7645663,23.3060248],[91.7646468,23.3059165],[91.7648479,23.3057292],[91.7649311,23.3054928],[91.7649981,23.3053992],[91.7651457,23.3052735],[91.7652154,23.3051257],[91.7651376,23.3050247],[91.7649928,23.3049139],[91.7647326,23.3047661],[91.7644295,23.3046306],[91.7643088,23.3045247],[91.7641908,23.3044064],[91.7641613,23.3042931],[91.7642605,23.3041157],[91.7643356,23.3040123],[91.7643517,23.3038053],[91.7641962,23.3034629],[91.7640406,23.3033053],[91.7639548,23.3032264],[91.7638501,23.3032191],[91.7636597,23.3033225],[91.7634076,23.3033964],[91.7631796,23.3033964],[91.7629436,23.303357],[91.7627719,23.3032314],[91.7626297,23.3030318],[91.76256,23.3029136],[91.7625788,23.3027683],[91.762678,23.3026254],[91.76256,23.302347],[91.7626244,23.3022386],[91.7627102,23.3021647],[91.7627558,23.302076],[91.7627397,23.30198],[91.7626512,23.301879],[91.7625144,23.3017484],[91.7624688,23.3016843],[91.7625493,23.3015021],[91.7626458,23.3013789],[91.7627156,23.3012459],[91.7627692,23.3010266],[91.7626592,23.3009453],[91.7625976,23.3008345],[91.762619,23.300699],[91.7626432,23.3005635],[91.7625198,23.300492],[91.7623079,23.3005487],[91.762163,23.3004797],[91.7620665,23.3003689],[91.7619753,23.3002186],[91.7620155,23.299886],[91.7621362,23.2996939],[91.7622516,23.2996471],[91.7624527,23.2995978],[91.7626056,23.2995264],[91.7626968,23.299349],[91.7627102,23.2991815],[91.7627129,23.2989893],[91.7626673,23.2988883],[91.7625788,23.2988046],[91.7625385,23.298637],[91.762611,23.2984917],[91.7626673,23.2983808],[91.7626351,23.2982651],[91.7625171,23.2981099],[91.7623991,23.2979793],[91.7623562,23.2978931],[91.7623481,23.2977379],[91.7623991,23.2976295],[91.7625198,23.2975161],[91.7625385,23.2974201],[91.7624849,23.2973338],[91.7624822,23.2972156],[91.7625225,23.2971565],[91.7625788,23.2971318],[91.7626646,23.2970974],[91.7627022,23.2970062],[91.7627424,23.2969348],[91.7627719,23.2968362],[91.7627665,23.2967869],[91.7627129,23.2966736],[91.7627129,23.2966293],[91.7628041,23.2965307],[91.7630321,23.2964839],[91.7632252,23.2964765],[91.7635766,23.2963755],[91.7635229,23.2962253],[91.7634425,23.2961563],[91.7633137,23.2960947],[91.7632923,23.2960331],[91.7633164,23.2958779],[91.7634156,23.2954911],[91.7633378,23.2953901],[91.763252,23.2953014],[91.7631528,23.2952374],[91.7631125,23.2951142],[91.7631528,23.2950107],[91.7632359,23.2948925],[91.7633218,23.2948531],[91.7634505,23.2947816],[91.7635015,23.2946634],[91.7634371,23.2945205],[91.7632011,23.2942347],[91.7630455,23.2940918],[91.7629838,23.2939736],[91.7629784,23.2938356],[91.7630053,23.2937026],[91.7630804,23.2935671],[91.7630669,23.2934045],[91.7629945,23.2932616],[91.7629221,23.2930941],[91.7628872,23.2929807],[91.7628711,23.2928132],[91.7628416,23.2926408],[91.7627746,23.2924511],[91.7627263,23.2923427],[91.7626539,23.2922762],[91.7625251,23.2922762],[91.7624688,23.2923402],[91.7624474,23.2924437],[91.7623615,23.2925028],[91.7622542,23.2924141],[91.762104,23.2922614],[91.7619914,23.2920421],[91.7618439,23.2919165],[91.7615703,23.2917884],[91.7614549,23.2916775],[91.7613852,23.2915987],[91.7612323,23.2915987],[91.7610794,23.291643],[91.7609346,23.2917169],[91.7607629,23.2916947],[91.760661,23.2915617],[91.7606047,23.291404],[91.7607066,23.2912439],[91.7609426,23.2909507],[91.7612511,23.2905516],[91.7614228,23.2904284],[91.7615864,23.290288],[91.7617205,23.290155],[91.7618626,23.2899406],[91.7618895,23.2897091],[91.7617902,23.2893543],[91.7616507,23.2891621],[91.7615193,23.2890143],[91.7614013,23.2888665],[91.7613047,23.2887482],[91.7611465,23.28863],[91.7610097,23.2884403],[91.7609936,23.2881545],[91.7608836,23.2881274],[91.7607871,23.2880485],[91.7607012,23.2879278],[91.7607549,23.2878194],[91.7608702,23.2877972],[91.7609641,23.2877849],[91.7610097,23.2877061],[91.7609936,23.2874499],[91.7608756,23.2871271],[91.7607549,23.2870384],[91.760661,23.286967],[91.760551,23.2868586],[91.7605108,23.2867576],[91.760551,23.2866984],[91.7606154,23.2866492],[91.7607897,23.2866023],[91.7608836,23.2865063],[91.7610124,23.2864792],[91.7611733,23.2865703],[91.7612833,23.2866615],[91.7614228,23.2867058],[91.761573,23.2867723],[91.7617419,23.2867896],[91.7617527,23.286691],[91.7617097,23.2865481],[91.7616641,23.2863708],[91.7615917,23.2861047],[91.7614067,23.2859248],[91.7612484,23.2857277],[91.7612886,23.2856563],[91.7614415,23.2855947],[91.7615944,23.2855405],[91.7617768,23.2854493],[91.7618358,23.2852941],[91.7619136,23.2851315],[91.7619753,23.284959],[91.7619351,23.2848235],[91.7616829,23.2847324],[91.7614576,23.2846437],[91.7613021,23.2845772],[91.761125,23.284555],[91.7607871,23.2845451],[91.7605457,23.284523],[91.7604277,23.284449],[91.7603955,23.284247],[91.7604223,23.2841115],[91.7603525,23.2840401],[91.7601889,23.2840228],[91.760028,23.2840524],[91.7598402,23.2840672],[91.7597142,23.2840647],[91.75969,23.2839464],[91.7597464,23.2838405],[91.7598268,23.2836705],[91.7598537,23.283535],[91.7598966,23.2833798],[91.7599449,23.2833231],[91.7600897,23.2832295],[91.7602077,23.2830718],[91.7602855,23.2825027],[91.7603204,23.282345],[91.7603311,23.2821602],[91.7603874,23.2820838],[91.7605698,23.2819163],[91.76072,23.2818276],[91.7608193,23.2817093],[91.7609158,23.2816305],[91.7610633,23.2815369],[91.7610419,23.2814358],[91.7609882,23.2813792],[91.7610043,23.28132],[91.7610365,23.2812264],[91.7612538,23.2811279],[91.7614335,23.281086],[91.7617366,23.2810589],[91.7620397,23.2810835],[91.7621577,23.2811624],[91.7622408,23.2812708],[91.762332,23.2814432],[91.7624527,23.2815073],[91.7625573,23.281559],[91.7626566,23.2815418],[91.7626619,23.281426],[91.7626458,23.2813126],[91.7626432,23.2812141],[91.7626432,23.2811279],[91.76267,23.2810737],[91.7627317,23.2810096],[91.7627639,23.2808421],[91.7627504,23.2806117],[91.7627048,23.2803382],[91.7626284,23.2801633],[91.7625332,23.2800265],[91.7623951,23.2798923],[91.7623039,23.279758],[91.7622931,23.2795449],[91.7623334,23.279328],[91.7621791,23.2789658],[91.7620946,23.2786887],[91.7620477,23.2785297],[91.761986,23.2784509],[91.7619136,23.278393],[91.7618653,23.2782797],[91.7618076,23.2782193],[91.7617178,23.2781811],[91.7616266,23.278191],[91.7615287,23.2782094],[91.7614201,23.2782057],[91.7613557,23.2781466],[91.7613825,23.2780678],[91.761463,23.2780111],[91.7615461,23.2779433],[91.7616427,23.2778473],[91.7617285,23.2777401],[91.7617822,23.2776095],[91.7618009,23.277474],[91.7617661,23.2774062],[91.7617151,23.2773422],[91.761632,23.2773015],[91.7615274,23.2772707],[91.7614107,23.277251],[91.7612645,23.2772091],[91.7611881,23.2771524],[91.7611733,23.2770403],[91.7612149,23.2770108],[91.7614496,23.2770243],[91.7617768,23.2769898],[91.7618948,23.2769763],[91.7620584,23.2769566],[91.7621952,23.2769787],[91.7624366,23.277065],[91.7626418,23.2771204],[91.7627719,23.2771549],[91.7629181,23.2771869],[91.7630656,23.2772165],[91.7632252,23.2772572],[91.7633499,23.2772522],[91.7634197,23.2771869],[91.763417,23.2771044],[91.7633942,23.2769418],[91.7633808,23.2768063],[91.7634183,23.2766683],[91.7635444,23.2764958],[91.7637053,23.276481],[91.7639628,23.2764712],[91.764172,23.276417],[91.7641962,23.2762888],[91.7641371,23.2762051],[91.7639923,23.2761336],[91.7637536,23.2759636],[91.7636865,23.2756384],[91.7637134,23.2754733],[91.7637321,23.2753378],[91.7637643,23.2752786],[91.7638609,23.2751776],[91.7638421,23.2750421],[91.7636919,23.274983],[91.7635927,23.2749805],[91.7634988,23.2748031],[91.7635068,23.2746627],[91.7635497,23.2744853],[91.7636195,23.2743374],[91.7640379,23.2743128],[91.7641076,23.2744138],[91.7641559,23.2745395],[91.7642686,23.2746479],[91.7644,23.2746799],[91.7645824,23.2746134],[91.764695,23.2745271],[91.7647701,23.2744237],[91.7647487,23.2743054],[91.7646709,23.2742315],[91.764628,23.2740812],[91.7646843,23.2739925],[91.7648292,23.273852],[91.7649794,23.2737609],[91.7651188,23.2736623],[91.765379,23.2736278],[91.7657223,23.2736919],[91.7658618,23.2736919],[91.7660254,23.2736623],[91.7660549,23.2735982],[91.7659959,23.2735169],[91.7659128,23.2734258],[91.7658564,23.273305],[91.7657813,23.273204],[91.7656767,23.2730857],[91.7657304,23.2729108],[91.7658725,23.2726422],[91.7661488,23.2723342],[91.7662668,23.2722529],[91.7664251,23.2721741],[91.7665082,23.2720927],[91.7665243,23.2719671],[91.7665404,23.271802],[91.766586,23.2716443],[91.7666745,23.2715507],[91.7667925,23.2715334],[91.766924,23.2715802],[91.7671332,23.2716739],[91.7672834,23.2717379],[91.7674389,23.2717749],[91.7674577,23.2719351],[91.767396,23.2720607],[91.7673156,23.2721396],[91.7672431,23.2722455],[91.7672619,23.2723539],[91.7673424,23.2724648],[91.7674363,23.272519],[91.7675409,23.2725067],[91.7676052,23.2724377],[91.7676777,23.2723441],[91.7677769,23.2723293],[91.7678815,23.2723638],[91.7679459,23.2724032],[91.7679298,23.2725042],[91.7678922,23.2725683],[91.7677903,23.2726447],[91.7676589,23.2727112],[91.7675918,23.2728147],[91.7676374,23.2728911],[91.7677394,23.2728861],[91.7678413,23.2728122],[91.7680773,23.2727728],[91.7682624,23.2727186],[91.768536,23.2726644],[91.7686701,23.2726841],[91.7688739,23.272795],[91.7689651,23.2728935],[91.7690322,23.273002],[91.7691207,23.2730857],[91.7692119,23.2731178],[91.7692977,23.2730463],[91.7693058,23.272928],[91.7693058,23.2728319],[91.7692655,23.2727063],[91.7692924,23.2726077],[91.7694399,23.2725782],[91.7696249,23.2725584],[91.7698047,23.2725215],[91.7699361,23.2725067],[91.7699575,23.2724081],[91.7699227,23.2723145],[91.7698637,23.2722357],[91.7697939,23.272078],[91.7698234,23.2719622],[91.769869,23.2718833],[91.7700031,23.2718266],[91.7701265,23.2718143],[91.7703545,23.2717995],[91.7705423,23.2717921],[91.7706951,23.2717429],[91.7707998,23.2716],[91.7708185,23.2715211],[91.7707595,23.2714349],[91.7706683,23.2713757],[91.7705986,23.2713683],[91.7704806,23.2713683],[91.7703357,23.2713708],[91.7702284,23.2713536],[91.770156,23.2712648],[91.7701748,23.2711663],[91.7702472,23.2710727],[91.7703947,23.2710209],[91.7706791,23.2708928],[91.7709795,23.2707967],[91.7712986,23.2706858],[91.7715025,23.270533],[91.771701,23.2703581],[91.7718753,23.2702201],[91.7720523,23.2701413],[91.7723018,23.2701265],[91.7725164,23.2701881],[91.7727175,23.2701856],[91.7728677,23.2701289],[91.7729482,23.2699565],[91.7730555,23.2698333],[91.7731655,23.2698308],[91.7732969,23.2698579],[91.7734632,23.2699737],[91.7736939,23.2700304],[91.7739185,23.2700649]]}},{"type":"Feature","properties":{"osm_id":685982859,"group":"feni","version":5,"timestamp":"2024-08-24T11:59:03Z","tags":{"name":"ফেনী নদী","name:en":"Feni River","waterway":"river","boundary":"administrative"},"nodes":[5070187202,5070187203,5070187204,5070187205,5070187206,5070187207,5070187208,5070187209,5070187210,5070187211,5070187212,5070187213,5070187214,5070187215,5070187216,5070187217,5070187218,5070187219,5070187220,5070187221,5070187222,5070187223,5070187224,5070187225,5070187226,5070187227,5070187228,5070187229,5070187230,5070187231,5070187232,5070187233,5070187234,5070187235,5070187236,5070187237,5070187238,5070187239,5070187240,5070187241,5070187242,5070187243,5070187244,5070187245,5070187246,5070187247,5070187248,5070187249,5070187250,5070187251,5070187252,5070187253,5070187254,5070187255,5070187256,5070187257,5070187258,5070187259,5070187260,5070187261,5070187262,5070187263,5070187264,5070187265,5070187266,5070187267,5070187268,5070187269,5070187270,5070187271,5070187272,5070187273,5070187274,5070187275,5070187276,5070187277,5070187278,5070187279,5070187280,5070187281,5070187282,5070187283,5070187284,5070187285,5070187286,5070187287,5070187288,5070187289,5070187290,5070187291,5070187292,5070187293,5070187294,5070187295,5070187296,5070187297,5070187298,5070187299,5070187300,5070187301,5070187302,5070187303,5070187304,5070187305,5070187306,5070187307,5070187308,5070187309,5070187310,5070187311,5070187312,5070187313,5070187314,5070187315,5070187316,5070187317,5070187318,5070187319,5070187320,5070187321,5070187322,5070187323,5070187324,5070187325,5070187326,5070187327,5070187328,5070187329,5070187330,5070187331,5070187332,5070187333,5070187334,5070187335,5070187336,5070187337,5070187338,5070187339,5070187340,5070187341,5070187342,5070187343,5070187344,5070187345,5070187346,5070187347,5070187348,5070187349,5070187350,5070187351,5070187352,5070187353,5070187354,5070187355,5070187356,5070187357,5070187358,5070187359,5070187360,5070187361,5070187362,5070187363,5070187364,5070187365,5070187366,5070187367,5070187368,5070187369,5070187370,5070187371,5070187372,5070187373,5070187374,5070187375,5070187376,5070187377,5070187378,5070187379,5070187380,5070187381,5070187382,5070187383,5070187384,5070187385,5070187386,5070187387,5070187388,5070187389,5070187390,5070187391,5070187392,5070187393,5070187394,5070187395,5070187396,5070187397,5070187398,5070187399,5070187400,5070187401,5070187402,5070187403,5070187404,5070187405,5070187406,5070187407,5070187408,5070187409,5070187410,5070187411,5070187412,5070187413,5070187414,5070187415,5070187416,5070187417,5070187418,5070187419,5070187420,5070187521,5070187522,5070187523,5070187524,5070187525,5070187526,5070187527,5070187528,5070187529,5070187530,5070187531,5070187532,5070187533,5070187534,5070187535,5070187536,5070187537,5070187538,5070187539,5070187540,5070187541,5070187542,5070187543,5070187544,5070187545,5070187546,5070187547,5070187548,5070187549,5070187550,5070187551,5070187552,5070187553,5070187554,5070187555,5070187556,5070187557,5070187558,5070187559,5070187560,5070187561,5070187562,5070187563,5070187564,5070187565,5070187566,5070187567,5070187568,5070187569,5070187570,5070187571,5070187572,5070187573,5070187574,5070187575,5070187576,5070187577,5070187578,5070187579,5070187580,5070187581,5070187582,5070187583,5070187584,5070187585,5070187586,5070187587,5070187588,5070187589,5070187590,5070187591,5070187592,5070187593,5070187594,5070187595,5070187596,5070187597,5070187598,5070187599,5070187600,5070187601,5070187602,5070187603,5070187604,5070187605,5070187606,5070187607,5070187608,5070187609,5070187610,5070187611,5070187612,5070187613,5070187614,5070187615,5070187616,5070187617,5070187618,5070187619,5070187620,5070187721,5070187722,5070187723,5070187724,5070187725,5070187726,5070187727,5070187728,5070187729,5070187730,5070187731,5070187732,5070187733,5070187734,5070187735,5070187736,5070187737,5070187738,5070187739,5070187740,5070187741,5070187742,5070187743,5070187744,5070187745,5070187746,5070187747,5070187748,5070187749,5070187750,5070187751,5070187752,5070187753,5070187754,5070187755,5070187756,5070187757,5070187758,5070187759,5070187760,5070187761,5070187762,5070187763,5070187764,5070187765,5070187766,5070187767,5070187768,5070187769,5070187770,5070187771,5070187772,5070187773,5070187774,5070187775,5070187776,5070187777,5070187778,5070187779,5070187780,5070187781,5070187782,5070187783,5070187784,5070187785,5070187786,5070187787,5070187788,5070187789,5070187790,5070187791,5070187792,5070187793,5070187794,5070187795,5070187796,5070187797,5070187798,5070187799,5070187800,5070187801,5070187802,5070187803,5070187804,5070187805,5070187806,5070187807,5070187808,5070187809,5070187810,5070187811,5070187812,5070187813,5070187814,5070187815,5070187816,5070187817,5070187818,5070187819,5070187820,5070188021,5070188022,5070188023,5070188024,5070188025,5070188026,5070188027,5070188028,5070188029,5070188030,5070188031,5070188032,5070188033,5070188034,5070188035,5070188036,5070188037,5070188038,5070188039,5070188040,5070188041,5070188042,5070188043,5070188044,5070188045,5070188046,5070188047,5070188048,5070188049,5070188050,5070188051,5070188052,5070188053,5070188054,5070188055,5070188056,5070188057,5070188058,5070188059,5070188060,5070188061,5070188062,5070188063,5070188064,5070188065,5070188066,5070188067,5070188068,5070188069,5070188070,5070188071,5070188072,5070188073,5070188074,5070188075,5070188076,5070188077,5070188078,5070188079,5070188080,5070188081,5070188082,5070188083,5070188084,5070188085,5070188086,5070188087,5070188088,5070188089,5070188090,5070188091,5070188092,5070188093,5070188094,5070188095,5070188096,5070188097,5070188098,5070188099,5070188100,5070188101,5070188102,5070188103,5070188104,5070188105,5070188106,5070188107,5070188108,5070188109,5070188110,5070188111,5070188112,5070188113,5070188114,5070188115,5070188116,5070188117,5070188118,5070188119,5070188120,5070188221,5070188222,5070188223,5070188224,5070188225,5070188226,5070188227,5070188228,5070188229,5070188230,5070188231,5070188232,5070188233,5070188234,5070188235]},"geometry":{"type":"LineString","coordinates":[[91.7739185,23.2700649],[91.7739753,23.270015],[91.7740888,23.2698881],[91.7740814,23.2697634],[91.7740345,23.2695842],[91.7741308,23.2694119],[91.774348,23.2693371],[91.7745775,23.269353],[91.7748564,23.2693666],[91.7750933,23.2694051],[91.7752019,23.2695638],[91.7753821,23.2698767],[91.7756956,23.2701397],[91.7759621,23.270176],[91.7761201,23.2700763],[91.7762534,23.2698835],[91.7764113,23.2697135],[91.7766409,23.2695684],[91.7768926,23.2694845],[91.7770086,23.2693348],[91.7770333,23.2691716],[91.7769839,23.2689312],[91.7768877,23.2687816],[91.7767001,23.2686365],[91.7765594,23.2684641],[91.7764631,23.2681921],[91.7762928,23.2679109],[91.7761571,23.2675935],[91.7761275,23.2672919],[91.776088,23.2670334],[91.776051,23.266877],[91.7760855,23.266462],[91.7762657,23.2663237],[91.7765125,23.2662874],[91.7766779,23.2662421],[91.7766729,23.2660856],[91.7765495,23.2658521],[91.7763373,23.2654666],[91.7761768,23.2651923],[91.7761176,23.2650267],[91.7761102,23.2648363],[91.7761917,23.2645075],[91.7762805,23.2643012],[91.7764903,23.263961],[91.7766655,23.2637547],[91.7767322,23.263596],[91.7767346,23.2634259],[91.7766112,23.2633148],[91.7763743,23.2632989],[91.7760954,23.2632899],[91.7759374,23.2632014],[91.7757523,23.2629724],[91.7756709,23.2627026],[91.7756807,23.2625461],[91.7757548,23.2623738],[91.7758659,23.2621471],[91.7758511,23.2620042],[91.7757474,23.261884],[91.7756289,23.2618432],[91.7754907,23.2618546],[91.7753698,23.2618546],[91.7752933,23.2617548],[91.7753253,23.2615961],[91.7753969,23.2615031],[91.7755055,23.2614192],[91.7757054,23.2612695],[91.776088,23.2611017],[91.7763323,23.2609453],[91.7766384,23.2607775],[91.7769444,23.2606709],[91.7771592,23.2606165],[91.7773492,23.260519],[91.7774603,23.2603376],[91.7775319,23.2600927],[91.7774998,23.2598002],[91.7773171,23.2595712],[91.7770925,23.2594691],[91.7768531,23.2594056],[91.7765693,23.2593512],[91.7763644,23.2592968],[91.776283,23.259163],[91.7762904,23.2589045],[91.7763151,23.2586211],[91.7763249,23.2584147],[91.7763225,23.2582537],[91.7765224,23.2580088],[91.7767223,23.2577889],[91.7768556,23.2575734],[91.7768408,23.2574465],[91.7767223,23.2573626],[91.7764113,23.2572424],[91.776204,23.257222],[91.7759276,23.2572469],[91.775624,23.2573716],[91.7753994,23.257392],[91.775197,23.2573172],[91.7750316,23.2571698],[91.7748589,23.2568864],[91.7748909,23.2566573],[91.7749897,23.2564873],[91.7751526,23.2563512],[91.7752488,23.2561585],[91.7752784,23.2559816],[91.7752464,23.2557503],[91.7752661,23.2556392],[91.7753772,23.2556052],[91.7756832,23.2556097],[91.7761003,23.2554691],[91.7764138,23.2552786],[91.7768901,23.2551743],[91.7771369,23.2552446],[91.7772554,23.2553421],[91.7772875,23.2555122],[91.777285,23.2556279],[91.7772702,23.2557911],[91.7773714,23.2559997],[91.7775121,23.2561948],[91.7778527,23.2565077],[91.7780502,23.2565417],[91.7782131,23.2564805],[91.7782797,23.2563444],[91.7783266,23.2560406],[91.7782624,23.2556913],[91.7781736,23.2553331],[91.7781612,23.2551403],[91.7782106,23.2549544],[91.7783241,23.254782],[91.7785142,23.2545598],[91.778798,23.2544192],[91.7789831,23.2544147],[91.7793138,23.2543126],[91.7794545,23.2542242],[91.7796001,23.2540972],[91.7797236,23.2539181],[91.7797408,23.2537525],[91.7796051,23.253587],[91.779415,23.2533874],[91.779183,23.2532332],[91.7788646,23.2528455],[91.7786771,23.2525711],[91.7783982,23.2520813],[91.778371,23.2518953],[91.7784648,23.2516618],[91.7786228,23.2515506],[91.7788745,23.2514667],[91.7792768,23.2514622],[91.7793953,23.2514078],[91.7795138,23.2513171],[91.7795409,23.2511923],[91.7795458,23.2510608],[91.7795039,23.2508953],[91.7794422,23.2507796],[91.7793805,23.2506345],[91.7793484,23.2504644],[91.7793681,23.2503261],[91.7793681,23.2502263],[91.7793212,23.2499043],[91.7792225,23.2497569],[91.7791213,23.2495392],[91.7790917,23.2493328],[91.7791164,23.2491832],[91.779225,23.2490335],[91.7794298,23.2488362],[91.779457,23.2487704],[91.7793879,23.2486366],[91.7794101,23.2485414],[91.7794126,23.2484031],[91.7793484,23.2482353],[91.779378,23.2480833],[91.7794595,23.2479609],[91.7795162,23.2479042],[91.7796643,23.2477862],[91.779768,23.2476865],[91.7798346,23.2475345],[91.7799531,23.2473962],[91.7800666,23.2472715],[91.78019,23.2471717],[91.7802616,23.2471354],[91.7803134,23.2470152],[91.7803184,23.2468837],[91.7802962,23.2468111],[91.7801555,23.2468111],[91.7800444,23.2468247],[91.7799778,23.2467476],[91.7798889,23.2467068],[91.7797236,23.2467476],[91.7795335,23.2468497],[91.7793657,23.2469358],[91.7791584,23.2469336],[91.7789165,23.2468678],[91.7787067,23.2467408],[91.7785833,23.2465934],[91.7784673,23.2464528],[91.7783685,23.2462374],[91.7782822,23.2459652],[91.778255,23.2457385],[91.778176,23.2455139],[91.7780205,23.2451624],[91.777833,23.244947],[91.7777145,23.2447406],[91.7776182,23.2445048],[91.7774677,23.244312],[91.7772505,23.2442463],[91.7770506,23.2442871],[91.7767618,23.2443506],[91.7764409,23.2443098],[91.7762657,23.2442326],[91.7761522,23.2441261],[91.7760954,23.2439446],[91.7760954,23.2437564],[91.7761102,23.2435886],[91.776125,23.2433731],[91.7761645,23.2432008],[91.7762558,23.2430216],[91.7764434,23.2428992],[91.7766384,23.2427903],[91.7768729,23.2426769],[91.7771394,23.2425159],[91.7771912,23.2423866],[91.7771912,23.2422324],[91.7770777,23.2420782],[91.7770185,23.2419852],[91.7769395,23.2418809],[91.7768556,23.2417698],[91.7768729,23.2416292],[91.7769543,23.241509],[91.777095,23.2414137],[91.7772604,23.2414092],[91.7774307,23.2415158],[91.7775862,23.2415702],[91.777791,23.2415974],[91.7779342,23.2415362],[91.77806,23.2413797],[91.7782057,23.2412323],[91.7784352,23.2411325],[91.7786104,23.2410962],[91.7788869,23.2410781],[91.7790522,23.240976],[91.7792003,23.2408286],[91.7792966,23.240654],[91.7793262,23.2404839],[91.7793287,23.240298],[91.7794052,23.2401052],[91.7795458,23.239985],[91.7796915,23.2399192],[91.7799185,23.239917],[91.7801234,23.2400213],[91.7803134,23.2402299],[91.7804196,23.2404862],[91.7805035,23.2407855],[91.7805553,23.241001],[91.780696,23.2411507],[91.7810588,23.2412709],[91.7812118,23.2414274],[91.7813007,23.2416655],[91.7812538,23.2418741],[91.7811699,23.2419603],[91.7810095,23.2420011],[91.7808095,23.2420283],[91.7805775,23.2420737],[91.7803924,23.2421349],[91.7802419,23.2422483],[91.7801357,23.2424025],[91.780074,23.242618],[91.7801333,23.2427699],[91.7802739,23.2429581],[91.78039,23.2431101],[91.7803653,23.2431645],[91.7804492,23.2433142],[91.7805948,23.2434344],[91.7808317,23.2435047],[91.7809922,23.2435432],[91.7812118,23.2435795],[91.781429,23.2435659],[91.7817277,23.2435432],[91.7819844,23.2434752],[91.7821448,23.243414],[91.7823003,23.2433731],[91.7824385,23.2433958],[91.7825619,23.2434435],[91.782789,23.243448],[91.7830629,23.2433505],[91.7833344,23.2432325],[91.7834159,23.2430761],[91.783411,23.2429219],[91.783332,23.2427949],[91.7831839,23.2426633],[91.7830086,23.2425068],[91.7830037,23.242398],[91.7830111,23.2423209],[91.7830457,23.2422166],[91.7831666,23.2421576],[91.7834307,23.2420737],[91.7836578,23.2420057],[91.783833,23.2419422],[91.7839416,23.2417902],[91.7840527,23.2415838],[91.7844229,23.2409851],[91.784455,23.2408808],[91.7844031,23.2406381],[91.7843217,23.2405474],[91.7841909,23.2404068],[91.7841218,23.2402798],[91.7841588,23.2401347],[91.7843118,23.2399918],[91.7845685,23.2398784],[91.7849017,23.2397333],[91.7850399,23.2396561],[91.7851855,23.2394997],[91.7853312,23.2393114],[91.7854225,23.2391776],[91.7854546,23.2390506],[91.7854472,23.2389282],[91.7853805,23.2387989],[91.7852324,23.2386946],[91.7850621,23.2386787],[91.7849585,23.2387445],[91.7848597,23.2388987],[91.7847265,23.2390801],[91.7846796,23.2392184],[91.7845833,23.239316],[91.7844328,23.2393885],[91.7842871,23.2393749],[91.7842082,23.2393046],[91.7841588,23.2391935],[91.7841662,23.2389939],[91.7841711,23.238783],[91.7841958,23.2385789],[91.7842526,23.238343],[91.7843118,23.2381979],[91.7844056,23.2380142],[91.7845191,23.2377987],[91.7845438,23.2376763],[91.7845858,23.2374994],[91.7845858,23.2373202],[91.7846129,23.2371456],[91.7846722,23.2368802],[91.7846697,23.2366807],[91.7844229,23.2364153],[91.7842674,23.2362838],[91.7840773,23.2360388],[91.7840576,23.235812],[91.7841341,23.2354855],[91.7842279,23.2353176],[91.784376,23.2351702],[91.7848005,23.2350273],[91.7849437,23.2349049],[91.7850128,23.2347393],[91.7850128,23.2345942],[91.7849437,23.23439],[91.78484,23.2342857],[91.7846968,23.2342517],[91.7845191,23.2342834],[91.7843883,23.2343129],[91.7842328,23.2343084],[91.7840551,23.2342018],[91.7840625,23.2340703],[91.7841391,23.2339727],[91.7842896,23.233882],[91.7845315,23.2338004],[91.784724,23.2337573],[91.7849116,23.2337187],[91.7850424,23.2336666],[91.7851288,23.2335826],[91.7851263,23.2334851],[91.7850424,23.2333626],[91.7849338,23.2332629],[91.7847561,23.2331563],[91.7845167,23.2331086],[91.7843686,23.2330723],[91.7841958,23.233061],[91.7840329,23.2329612],[91.7839416,23.2328591],[91.7840206,23.2326596],[91.784181,23.232528],[91.7842945,23.2324055],[91.7847437,23.2318862],[91.7849091,23.231707],[91.7850843,23.2314122],[91.7854299,23.2311309],[91.7858692,23.2306819],[91.7860346,23.2305707],[91.7861407,23.2304573],[91.7861975,23.2303099],[91.7862641,23.2300718],[91.78639,23.2298744],[91.7865085,23.2297021],[91.7866664,23.229541],[91.7867651,23.2294617],[91.7869009,23.2294639],[91.7871206,23.2294276],[91.7873254,23.2293414],[91.7875796,23.2291918],[91.7879647,23.2290012],[91.7883225,23.2288583],[91.7884015,23.2287291],[91.7883941,23.2285272],[91.788283,23.2284433],[91.7880708,23.2283889],[91.7878511,23.2282845],[91.7877499,23.2281689],[91.7876808,23.2279919],[91.7876981,23.2278332],[91.7877401,23.227722],[91.7878116,23.2276835],[91.7879844,23.2276721],[91.7881843,23.2276495],[91.788478,23.2276018],[91.788868,23.2275451],[91.7891815,23.2274408],[91.789374,23.2273183],[91.7895344,23.2271732],[91.7897022,23.2270031],[91.7898133,23.2268352],[91.7899836,23.2266923],[91.7902131,23.2265608],[91.7903686,23.2265608],[91.7904945,23.2266492],[91.7905414,23.2267989],[91.790613,23.2269917],[91.7907561,23.2270983],[91.7909832,23.2271119],[91.7911535,23.2269532],[91.7911732,23.2267354],[91.7910301,23.2266288],[91.7908104,23.226495],[91.790608,23.2264043],[91.7904353,23.2262546],[91.7903785,23.2260868],[91.7903588,23.2259303],[91.7903489,23.2257692],[91.7902896,23.2256354],[91.790186,23.2255152],[91.7900009,23.2254403],[91.7898947,23.2253746],[91.7898503,23.2252838],[91.7898577,23.2251659],[91.7899293,23.2250366],[91.7900552,23.2249209],[91.7902329,23.2248438],[91.7904896,23.224803],[91.7907166,23.2248211],[91.7909338,23.2248756],[91.7911708,23.2248461],[91.7913287,23.2248166],[91.7914028,23.2246828],[91.7914052,23.2245671],[91.7913337,23.2244605],[91.79123,23.2243403],[91.7911214,23.2241861],[91.7910622,23.2240432],[91.7910474,23.2238232],[91.79104,23.2236145],[91.7911362,23.2235034],[91.7913608,23.2233083],[91.7914941,23.223204],[91.7914768,23.2230996],[91.7913732,23.2229862],[91.7912201,23.2229182],[91.790956,23.2229204],[91.7906327,23.2228819],[91.7903958,23.2227594],[91.7903069,23.2225916],[91.7902896,23.222426],[91.7903637,23.2222785],[91.7904772,23.2220631],[91.790534,23.221893],[91.7905019,23.2217637],[91.7903538,23.2216072],[91.7902353,23.2214166],[91.7901786,23.2212465],[91.7902008,23.2210764],[91.7903242,23.2209335],[91.7905216,23.2208088],[91.7908055,23.2205547],[91.7910869,23.2203234],[91.7913337,23.2200943],[91.7915188,23.2197268],[91.7916323,23.2194864],[91.7917508,23.2191688],[91.7918544,23.2187107],[91.7918717,23.2183772],[91.7917779,23.2181005],[91.7916471,23.2179531],[91.7913337,23.217817],[91.7908129,23.2176378],[91.7898207,23.2173293],[91.7888779,23.2170775],[91.7883744,23.2168666],[91.7880436,23.2166443],[91.7878585,23.2164243],[91.7877598,23.2162088],[91.7877549,23.2160092],[91.7878042,23.2158368],[91.787903,23.2157188],[91.788167,23.2154512],[91.7882016,23.215247],[91.7882954,23.2149703],[91.7883694,23.2148818],[91.7887051,23.2146641],[91.788947,23.2145461],[91.7892308,23.2143964],[91.7898207,23.2141288],[91.7901959,23.2140063],[91.7904871,23.2138656],[91.7906648,23.2136728],[91.7908228,23.213387],[91.7909264,23.2130921],[91.7909857,23.2128562],[91.7911609,23.2125409],[91.7914324,23.2122302],[91.7915311,23.2119897],[91.7915805,23.2117334],[91.7915311,23.2114839],[91.7914719,23.2111618],[91.7914719,23.2109712],[91.7915286,23.2107898],[91.7916891,23.2105516],[91.7918051,23.2103406],[91.791847,23.210141],[91.7918791,23.2099323],[91.7918643,23.2096805],[91.7918544,23.2094423],[91.7918816,23.2092813],[91.7919458,23.2090726],[91.792005,23.2088684],[91.7919803,23.2085917],[91.7918569,23.2083444],[91.7915706,23.2080586],[91.7912646,23.2078454],[91.7912078,23.2077524],[91.7907364,23.2076049],[91.7903119,23.2075822],[91.7900107,23.2075777]]}},{"type":"Feature","properties":{"osm_id":780168133,"group":"feni","version":6,"timestamp":"2026-01-02T11:58:46Z","tags":{"name":"ফেনী নদী","name:en":"Feni River","waterway":"river","boundary":"administrative"},"nodes":[5070188235,6428773190,6428764032,6428777186,6428773075,6428773076,6428777187,6428777188,6428773191,6428773077,6428773078,6428777189,6428773079,6428773080,6428777190,6428777191,6428773081,6428764033,6428777192,6428773082,6428773083,6428773084,6428777193,6428778685,6428778686,6428764034,6428769498,6428778687,6428773192,6428778688,6428778689,6428778690,6428778691,6428764035,6428777195,6428778692,6428773193,6428769499,6428778693,6428778694,6428778695,6428764036,6428764037,6428778696,6428778697,6428769500,6428773194,6428773195,6428778698,6428778699,6428769501,6428777197,6428777198,6428778700,6428769502,6428778701,6428778702,6428778703,6428778704,6428778705,6428769503,6428778706,6428778707,6428778708,6428778709,6428778710,6428769504,6428778711,6428778712,6428769505,6428764038,6428769506,6428778713,6428778714,6428764039,6428777199,6428777200,6428778715,6428764040,6428777201,6428778716,6428778717,6428764041,6428778718,6428778719,6428778720,6428778721,6428778722,6428769507,6428778723,6428778724,6428769508,6428778725,6428764042,6428778726,6428778727,6428764043,6428764044,6428778728,6428778729,6428764045,6428764046,6428778730,6428778731,6428778732,6428769509,6428778733,6428778734,6428778735,6428778736,6428778737,6428777202,6428769510,6428764047,6428778738,6428773196,6428778739,6428777203,6428769511,6428778740,6428778741,6428778742,6428777204,6428764048,6428773197,6428764049,6428777205,6428769512,6428778743,6428769513,6428778744,6428778745,6428769514,6428778746,6428778747,6428767887,6428777206,6428778748,6428778749,6428769515,6428769516,6428778750,6428769517,6428769518,6428778751,6428764050,6428773198,6428769519,6428769520,6428778752,6428769521,6428769522,6428778753,6428769523,6428777207,6428769524,6428769525,6428769526,6428777208,6428778754,6428769527,6428764051,6428778755,6428773199,6428767786,6428764052,6428769528,6428777209,6428764053,6428778756,6428764054,6428777210,6428764055,6428778757,6428777211,6428777212,6428778758,6428767787,6428778759,6428773200,6428778760,6428778761,6428769529,6428777213,6428764056,6428777214,6428769530,6428777215,6428764057,6428778762,6428769531,6428773201,6428778763,6428777216,6428767788,6428778764,6428778765,6428769532,6428778766,6428778767,6428778768,6428764058,6428778769,6428764059,6428777217,6428764060,6428778770,6428778771,6428778772,6428778773,6428777218,6428777219,6428777220,6428777221,6428777222,6428778774,6428777223,6428777224,6428778775,6428778776,6428764061,6428777225,6428778777,6428764062,6428778778,6428778779,6428767789,6428778780,6428777226,6428764063,6428778781,6428778782,6428778783,6428769533,6428777227,6428778784,6428777228,6428767790,6428764064,6428783585,6428783586,6428777229,6428783587,6428783588,6428764065,6428783589,6428769534,6428777230,6428769535,6428777231,6428777232,6428777233,6428777234,6428769536,6428773202,6428777235,6428777236,6428773203,6428764066,6428764067,6428764068,6428777237,6428767791,6428777238,6428764069,6428764070,6428777239,6428769537,6428777240,6428769538,6428777241,6428769539,6428783590,6428777242,6428777243,6428783591,6428767888,6428777244,6428783592,6428783593,6428777245,6428783594,6428783595,6428783596,6428777246,6428783597,6428764071,6428777247,6428777248,6428783598]},"geometry":{"type":"LineString","coordinates":[[91.7900107,23.2075777],[91.7897737,23.2075726],[91.7895779,23.20758],[91.7893875,23.207612],[91.7892024,23.207686],[91.7890629,23.2078265],[91.7889583,23.2079621],[91.7888054,23.2080385],[91.7885908,23.2080705],[91.7883843,23.2079916],[91.7882529,23.2078413],[91.7881644,23.2076317],[91.7881563,23.2074],[91.7882368,23.207225],[91.7885184,23.2069735],[91.7886043,23.2067344],[91.7886847,23.2061933],[91.7887223,23.2059147],[91.7888229,23.205699],[91.7888939,23.2055671],[91.7889664,23.2053255],[91.7889208,23.2049311],[91.7889516,23.20448],[91.7890535,23.2041804],[91.7891984,23.2038341],[91.7893687,23.2034384],[91.7895149,23.2031512],[91.789716,23.2028541],[91.7899024,23.2025534],[91.7901841,23.2021688],[91.7904013,23.2018348],[91.7905971,23.2015685],[91.7908613,23.2012714],[91.7911188,23.2009855],[91.791324,23.2007722],[91.7915668,23.2004012],[91.791839,23.2000092],[91.7920214,23.1998391],[91.7923634,23.199648],[91.7925699,23.199579],[91.7928851,23.1994952],[91.7932311,23.1993818],[91.7934041,23.1992696],[91.7937018,23.1989491],[91.7939177,23.1986631],[91.7942436,23.1982527],[91.7945212,23.1980505],[91.7947948,23.1979383],[91.7952669,23.1977325],[91.7956491,23.1975463],[91.7958274,23.1973873],[91.7959079,23.1972357],[91.7959321,23.1970212],[91.7958811,23.1967673],[91.7957778,23.1964986],[91.7957416,23.1962397],[91.7957671,23.1960831],[91.7958315,23.1959512],[91.795979,23.1958021],[91.796384,23.195717],[91.7966321,23.1957047],[91.7968346,23.1956455],[91.7970411,23.1955814],[91.7972839,23.1955346],[91.79741,23.1955334],[91.7976259,23.1955321],[91.7979196,23.1955765],[91.7980845,23.1955839],[91.7982092,23.1955407],[91.7983447,23.1954064],[91.7983809,23.1953213],[91.7983943,23.1951919],[91.7983474,23.195007],[91.7981623,23.1947037],[91.7980979,23.194504],[91.7980926,23.1942933],[91.7981757,23.1940603],[91.7983206,23.1938113],[91.7985754,23.1935623],[91.798743,23.1933576],[91.7987484,23.1931838],[91.7987417,23.1930359],[91.7986827,23.1928386],[91.7984949,23.1926205],[91.7981891,23.1924984],[91.7980054,23.1924491],[91.7977318,23.1923591],[91.7976272,23.1922334],[91.7975575,23.1921089],[91.7975347,23.1919252],[91.7975655,23.1917908],[91.7976353,23.1916639],[91.7977358,23.1915776],[91.7979464,23.1914789],[91.7982481,23.1914074],[91.7985217,23.1913273],[91.7986491,23.1912127],[91.7986692,23.1910882],[91.7986907,23.1909168],[91.7986397,23.1907529],[91.7984171,23.1905951],[91.7977573,23.1903424],[91.7976621,23.1902832],[91.7976151,23.1902018],[91.7975856,23.1900576],[91.7976071,23.1898406],[91.7976286,23.1896286],[91.7975695,23.1894622],[91.7974529,23.1892206],[91.7972933,23.1890233],[91.7970452,23.1888668],[91.7964953,23.1886979],[91.7961815,23.1885314],[91.7959978,23.1883958],[91.7959146,23.1882257],[91.7958046,23.1879533],[91.7957108,23.1877881],[91.7955324,23.1876007],[91.7952172,23.187422],[91.7950469,23.187385],[91.7948873,23.1873184],[91.7947827,23.187237],[91.7947358,23.1870977],[91.7947318,23.1868894],[91.7947975,23.186665],[91.794937,23.1864345],[91.7951113,23.1863075],[91.7953259,23.1862619],[91.7956062,23.1862742],[91.7957818,23.1863137],[91.7959937,23.186379],[91.7962861,23.1865035],[91.7965168,23.1866206],[91.7967273,23.1866576],[91.7968722,23.1866391],[91.7969795,23.1866083],[91.7970881,23.1865356],[91.7971592,23.1864185],[91.7971726,23.1862681],[91.7971498,23.1860906],[91.7969687,23.1857787],[91.7967622,23.1855037],[91.7967381,23.1853262],[91.7967756,23.1851487],[91.7969164,23.1849539],[91.7972691,23.1845076],[91.7973912,23.1842537],[91.797536,23.184107],[91.7977265,23.1840564],[91.7979115,23.1840651],[91.7981905,23.1841538],[91.7986169,23.1844509],[91.7989214,23.1846322],[91.7991279,23.1847061],[91.799321,23.1847061],[91.799545,23.1846371],[91.7997529,23.1844201],[91.7998052,23.1841859],[91.799891,23.1840306],[91.8000264,23.1839122],[91.8002397,23.1838148],[91.8004851,23.1837902],[91.8008257,23.1838099],[91.8010417,23.1838481],[91.8012375,23.1838222],[91.8013783,23.1837704],[91.8014681,23.1836336],[91.8015258,23.1834561],[91.8015392,23.1832342],[91.8014708,23.1829987],[91.8014695,23.1827903],[91.8015888,23.1826252],[91.8017592,23.1824858],[91.801963,23.1823848],[91.8024257,23.1821024],[91.8026952,23.1819434],[91.803052,23.1817856],[91.8033926,23.1816599],[91.8038701,23.1815489],[91.8042469,23.1814478],[91.8043944,23.181343],[91.8045098,23.1812271],[91.8047364,23.1809769],[91.8049858,23.1806933],[91.8051964,23.1805417],[91.8054405,23.1804393],[91.805757,23.1803062],[91.8059072,23.180157],[91.8059635,23.1800461],[91.805989,23.1798217],[91.8059729,23.1795961],[91.8059219,23.1793335],[91.8056832,23.1788749],[91.8056135,23.1786024],[91.8055008,23.1784471],[91.8052809,23.178346],[91.8047954,23.1782942],[91.8045071,23.1782671],[91.8043461,23.1782486],[91.8041356,23.178161],[91.8040471,23.1780698],[91.8039881,23.1779527],[91.8039948,23.1777912],[91.80409,23.1776112],[91.8042469,23.1774201],[91.804318,23.1772943],[91.8043488,23.1771402],[91.8043005,23.1768641],[91.804208,23.1766311],[91.8040135,23.1765016],[91.8037641,23.1763265],[91.8036179,23.1761293],[91.8035831,23.1760011],[91.8036206,23.175863],[91.8037748,23.1757397],[91.8039197,23.1756879],[91.8041986,23.1755942],[91.8043998,23.1755375],[91.8047217,23.1753649],[91.8049175,23.1751356],[91.8050355,23.1749087],[91.805191,23.1744908],[91.805356,23.1741431],[91.8054284,23.1738509],[91.8055397,23.1736315],[91.8057194,23.1734662],[91.8060252,23.1732936],[91.8062197,23.1731432],[91.8063524,23.172978],[91.8064074,23.1728399],[91.806394,23.1727462],[91.806339,23.1726501],[91.8062049,23.1725379],[91.8059783,23.1723862],[91.8058254,23.1722198],[91.8057382,23.1719855],[91.8056698,23.1717266],[91.8056859,23.1715984],[91.8058777,23.1713814],[91.8060856,23.1711792],[91.8062331,23.171009],[91.806331,23.1708253],[91.8063457,23.1706194],[91.8063028,23.1704555],[91.8060882,23.170305],[91.8058307,23.1700807],[91.8055773,23.1697921],[91.8051709,23.1694186],[91.8048853,23.1691128],[91.8046841,23.1688896],[91.8046586,23.1687972],[91.804672,23.1686221],[91.8047605,23.1683767],[91.804841,23.1681277],[91.8049242,23.167944],[91.8050449,23.1677319],[91.8052313,23.167547],[91.8054606,23.1673386],[91.8055961,23.1671142],[91.8057275,23.1668923],[91.8058656,23.1668343],[91.8060145,23.1668084],[91.8061781,23.1667899],[91.8064061,23.1667739],[91.8065536,23.166748],[91.8067601,23.1666876],[91.8070619,23.1665643],[91.807377,23.16642],[91.8079162,23.1661759],[91.8081723,23.1660871],[91.8084861,23.1660119],[91.8086497,23.1659527],[91.809044,23.1657653],[91.8092962,23.1657148],[91.8096851,23.1656001],[91.8098594,23.1654854],[91.8099667,23.165335],[91.8099868,23.1651858],[91.8099479,23.1647678],[91.8098353,23.1644029],[91.8096207,23.1640465],[91.8094008,23.1638073],[91.8092197,23.1636421],[91.8089274,23.1634855],[91.8085854,23.1633758],[91.8079336,23.1631995],[91.8072429,23.1629677],[91.8068835,23.1628493],[91.806787,23.1627482],[91.8067253,23.1626298]]}},{"type":"Feature","properties":{"osm_id":780168132,"group":"feni","version":7,"timestamp":"2026-01-06T09:25:43Z","tags":{"name":"ফেনী নদী","name:en":"Feni River","waterway":"river","boundary":"administrative"},"nodes":[6428783598,6428769540,6428764072,6428783599,6428764073,6428764074,6428764075,6428783600,6428777250,6428764076,6428764077,6428764078,6428764079,6428764080,6428764081,6428764082,6428764083,6428773204,6428767889,6428767890,6428767891,6428784685,6428767792]},"geometry":{"type":"LineString","coordinates":[[91.8067253,23.1626298],[91.806909,23.1624005],[91.8070954,23.1623512],[91.8072939,23.1623204],[91.8074588,23.1622723],[91.8075956,23.1621539],[91.8076828,23.1619887],[91.8076184,23.1617717],[91.8075474,23.1614646],[91.8074723,23.1611132],[91.8074052,23.1609184],[91.8070069,23.1601786],[91.806626,23.1594561],[91.8062049,23.1584598],[91.806103,23.15808],[91.8060869,23.1577199],[91.8061271,23.1574807],[91.8062586,23.1572908],[91.8064919,23.1571577],[91.8070552,23.1568815],[91.8073609,23.1567187],[91.8080583,23.1561416],[91.8088603,23.1554807]]}},{"type":"Feature","properties":{"osm_id":685928769,"group":"feni","version":7,"timestamp":"2026-01-02T11:58:46Z","tags":{"name":"ফেনী নদী","name:en":"Feni River","waterway":"river","boundary":"administrative"},"nodes":[6428767792,6428773205,6428784985,6428784986,6428769541,6428773206,6428773207,6428769542,6428769543,6428784987,6428784988,6428769544,6428773208,6428784989,6428784990,6428769545,6428767793,6428769546,6428769547,6428777251,6428784991,6428784992,6428777252,6428773209,6428777253,6428773210,6428777254,6428777255,6428783601,6428783602,6428784993,6428777256,6428784994,6428777257,6428784995,6428783603,6428784996,6428783604,6428783605,6428783606,6428783607,6428773211,6428783608,6428783609,6428783610,6428783611,6428783612,6428783613,6428777258,6428783614,6428769548,6428784997,6428783615,6428783616,6428784998,6428784999,6428783617,6428769549,6428777259,6428785000,6428783618,6428777260,6428777261,6428777262,6428773212,6428777263,6428769550,6428777264,6428777265,6428769551,6428777266,6428777267,6428769552,6428785001,6428777268,6428777269,6428777270,6428769553,6428785002,6428785003,6428777271,6428777272,6428777273,6428777274,6428773213,6428769554,6428769555,6428777275,6428777276,6428777277,6428777278,6428785004,6428785005,6428785006,6428777279,6428783619,6428783620,6428777280,6428785007,6428783621,6428785008,6428785009,6428777281,6428783622,6428777282,6428777283,6428783623,6428777284,6428783624,6428783625,6428783626,6428786485,6428783627,6428786486,6428783628,6428783629,6428783630,6428785010,6428783631,6428783632,6428783633,6428785011,6428783634,6428783635,6428783636,6428769556,6428769557,6428785012,6428783637,6428785013,6428769558,6428783638,6428783639,6428783640,6428786487,6428786488,6428783641,6428783642,6428784686,6428769559,6428785014,6428783643,6428783644,6428785015,6428783645,6428783646,6428785016,6428769560,6428783647,6428783648,6428786489,6428786490,6428786491,6428783649,6428786492,6428783650,6428783651,6428773214,6428783652,6428783653,6428785017,6428786493,6428769561,6428785018,6428769562,6428783654,6428783655,6428785019,6428773215,6428785020,6428783656,6428783657,6428786494,6428783658,6428786495,6428773216,6428786496,6428786497,6428786498,6428785021,6428783659,6428783660,6428783661,6428785022,6428785023,6428769563,6428785024,6428783662,6428783663,6428783664,6428783665,6428786499,6428785025,6428786500,6428785026,6428786501,6428786502,6428786503,6428785027,6428786504,6428783666,6428783667,6428783668,6428783669,6428785028,6428786505,6428783670,6428783671,6428786506,6428783672,6428785029,6428783673,6428783674,6428786507,6428783675,6428786508,6428783676,6428786509,6428783677,6428783678,6428783679,6428783680,6428785030,6428783681,6428785031,6428783682,6428785032,6428786510,6428783683,6428786511,6428786512,6428783684,6428789485,6428789486,6428789487,6428786513,6428786514,6428785033,6428786515,6428785034,6428789488,6428785035,6428789489,6428789490,6428789491,6428786516,6428789492,6428786517,6428786518,6428785036,6428785037,6428786519,6428785038,6428786520,6428786521,6428785039,6428786522,6428769564,6428785040,6428786523,6428786524,6428786525,6428786526,6428786527,6428786528,6428785041,6428785042,6428785043,6428769565,6428786529,6428785044,6428786530,6428785045,6428785046,6428785047,6428786531,6428786532,6428785048,6428769566,6428786533,6428786534,6428786535,6428785049,6428786536,6428785050,6428785051,6428785052,6428785053,6428773217,6428786537,6428769567,6428786538,6428786539,6428786540,6428773218,6428786541,6428785054,6428786542]},"geometry":{"type":"LineString","coordinates":[[91.8088603,23.1554807],[91.8090722,23.1550245],[91.809276,23.1547285],[91.8096569,23.1542846],[91.8101934,23.1537692],[91.8106279,23.1532908],[91.8107486,23.1529036],[91.8107995,23.152435],[91.8107513,23.1518974],[91.8106869,23.1516902],[91.8105715,23.1514954],[91.8104321,23.1512315],[91.8103301,23.1507629],[91.8102738,23.1503831],[91.8102872,23.1501414],[91.8103328,23.1499343],[91.8104562,23.1497098],[91.8106064,23.1495076],[91.8108746,23.149298],[91.8113869,23.1490045],[91.811749,23.1487924],[91.8124759,23.148092],[91.8130338,23.1476135],[91.813243,23.1473546],[91.8134683,23.146955],[91.8137902,23.1465283],[91.8139914,23.1461584],[91.8140101,23.1458254],[91.8139565,23.1454974],[91.8139029,23.1453692],[91.8137714,23.145199],[91.8136802,23.1449696],[91.8135408,23.1445405],[91.8135086,23.1442865],[91.8133664,23.1441138],[91.8132162,23.1440398],[91.8130821,23.1440102],[91.8129131,23.1440152],[91.8127602,23.1440744],[91.8126073,23.1442199],[91.8124276,23.1444887],[91.8121353,23.144797],[91.8119583,23.1449055],[91.8116739,23.1449721],[91.811344,23.1449228],[91.8111536,23.1447353],[91.8109202,23.1442791],[91.810829,23.1439708],[91.8104991,23.1433591],[91.8103033,23.1427721],[91.8100753,23.1423134],[91.8096462,23.1415241],[91.8093297,23.1410629],[91.8086967,23.1402613],[91.8085653,23.1400961],[91.808458,23.1398864],[91.8084446,23.1397385],[91.8084767,23.1395263],[91.808584,23.13926],[91.8086484,23.1390257],[91.8086591,23.1388234],[91.8086028,23.138562],[91.8084338,23.1383227],[91.8083239,23.1381575],[91.8082783,23.1379971],[91.8083292,23.137822],[91.8084902,23.1375335],[91.8086833,23.1373682],[91.8089005,23.1371881],[91.8091285,23.1370747],[91.8093646,23.1368502],[91.8094048,23.1367343],[91.8094048,23.1365493],[91.8093967,23.1362213],[91.8092465,23.1359796],[91.8090937,23.1358464],[91.8089542,23.1357675],[91.808686,23.1356614],[91.8084902,23.13558],[91.8083614,23.1354887],[91.8082997,23.1353555],[91.8083212,23.1351188],[91.8084607,23.1348474],[91.8086484,23.1344923],[91.8087932,23.1342555],[91.8090212,23.1340828],[91.8094799,23.1338608],[91.8100351,23.1338214],[91.8103248,23.133851],[91.8105796,23.1339274],[91.8107593,23.134073],[91.8108907,23.1342703],[91.8109202,23.134475],[91.8108478,23.1347611],[91.8107808,23.1351163],[91.8106896,23.1354961],[91.8107271,23.135945],[91.8108076,23.1362361],[91.8109149,23.1364063],[91.81099,23.1364507],[91.8110543,23.1364679],[91.8111938,23.136426],[91.8112984,23.136278],[91.8112984,23.1361276],[91.8113279,23.1358858],[91.8113306,23.1356195],[91.8113226,23.135104],[91.8113172,23.1347389],[91.811336,23.1345564],[91.8113869,23.1343615],[91.8114728,23.1342851],[91.8116391,23.1342407],[91.8118885,23.1342851],[91.8121353,23.1343023],[91.8123499,23.1342949],[91.8126905,23.1341938],[91.813117,23.13411],[91.8133101,23.1341248],[91.8135488,23.1341889],[91.8137526,23.1342037],[91.8139243,23.1342037],[91.8141147,23.1341618],[91.8142784,23.1340434],[91.8144527,23.133846],[91.8146458,23.1335994],[91.8147263,23.1332689],[91.8147477,23.1327756],[91.8148175,23.1322107],[91.8147933,23.1318703],[91.8146861,23.1316681],[91.8145949,23.131525],[91.8144259,23.1314461],[91.814222,23.131382],[91.8138707,23.1313055],[91.8132833,23.131234],[91.8127254,23.1311254],[91.8125162,23.1310638],[91.8123981,23.1309774],[91.8123713,23.1308516],[91.8124089,23.1307184],[91.8125162,23.1306124],[91.8127173,23.130415],[91.8130043,23.1300648],[91.8135381,23.1297466],[91.8138036,23.129458],[91.8138948,23.1293199],[91.8138975,23.1291965],[91.8138868,23.1291077],[91.8138224,23.1290017],[91.8136856,23.1289721],[91.8135488,23.1289647],[91.8133825,23.1289598],[91.8130928,23.12894],[91.8128622,23.1288858],[91.8126503,23.1287649],[91.8124652,23.1285725],[91.8123552,23.1283752],[91.8123552,23.1280742],[91.8125457,23.1275821],[91.8127576,23.1271418],[91.813003,23.1266386],[91.813062,23.126466],[91.8130606,23.1263229],[91.8129788,23.1261786],[91.8128179,23.1260651],[91.8122399,23.125795],[91.8118027,23.1255792],[91.8116887,23.1254941],[91.8116149,23.1253856],[91.8115412,23.1252228],[91.8115157,23.1250353],[91.8116109,23.1248565],[91.8117289,23.124722],[91.811914,23.1245518],[91.8120722,23.1244063],[91.8121433,23.1243126],[91.8121473,23.1241868],[91.8120374,23.1240042],[91.8119837,23.1238241],[91.8119489,23.1236465],[91.8119837,23.1235195],[91.8121769,23.1233271],[91.812374,23.1230866],[91.8124089,23.1229879],[91.812429,23.122872],[91.8124022,23.1227832],[91.8122385,23.1226919],[91.8120119,23.1225562],[91.8115103,23.1221665],[91.8113145,23.1220037],[91.8111214,23.1218236],[91.8110678,23.1217151],[91.8110946,23.1215424],[91.8112099,23.1213895],[91.811918,23.120568],[91.8125966,23.1198872],[91.8130124,23.1194333],[91.8133637,23.119236],[91.8137607,23.1191299],[91.8141738,23.1190362],[91.8143722,23.1191126],[91.8146861,23.1192212],[91.8149516,23.1193174],[91.815193,23.1193149],[91.8153888,23.1192656],[91.8155283,23.1191496],[91.81559,23.11894],[91.8156517,23.1186686],[91.8158555,23.117857],[91.8160138,23.117524],[91.8163812,23.1169443],[91.8166843,23.1165471],[91.8167701,23.1161179],[91.8168077,23.1156122],[91.8167058,23.1150794],[91.8165073,23.1145638],[91.8164322,23.1141296],[91.8164912,23.1138138],[91.8167567,23.1134315],[91.8174219,23.1128962],[91.8178591,23.1125212],[91.8180013,23.1122967],[91.8180335,23.1121092],[91.8180281,23.1119069],[91.8179262,23.1115023],[91.8177304,23.1112458],[91.8175721,23.1111052],[91.8173361,23.1109695],[91.8169928,23.1108659],[91.8167701,23.1107795],[91.8165556,23.1106463],[91.8162954,23.1103478],[91.8163222,23.1101554],[91.8166012,23.109921],[91.8172878,23.1093289],[91.8176579,23.1088405],[91.8177786,23.1083866],[91.8177465,23.1076958],[91.8177626,23.1072616],[91.8178484,23.1066695],[91.8178484,23.105399],[91.8178672,23.1046243],[91.8177223,23.104084],[91.8175077,23.1037164],[91.8174326,23.1033735],[91.8174621,23.103112],[91.817556,23.1026605],[91.8175989,23.1022386],[91.8174353,23.1016293],[91.8172798,23.1013949],[91.8170464,23.1012123],[91.8165153,23.1010495],[91.8158904,23.1008817],[91.8144581,23.1002995],[91.8138412,23.0998135],[91.8132833,23.0993965],[91.8131599,23.099209],[91.8130714,23.0988957],[91.8131304,23.0985404],[91.8133154,23.0982443],[91.8136346,23.0981086],[91.8138841,23.0980815],[91.814104,23.0981062],[91.8144473,23.0981901],[91.8147987,23.0983899],[91.8151367,23.0985749],[91.8153539,23.0987254],[91.8155953,23.0988019],[91.8158421,23.0988192],[91.8160835,23.0987723],[91.8164188,23.0986564],[91.8166548,23.0985626],[91.8169552,23.0985133],[91.8173119,23.0984861],[91.8180495,23.0983208],[91.8187711,23.0981111],[91.8197286,23.0977756],[91.8202463,23.0975905],[91.8206593,23.0974573],[91.820772,23.0974721],[91.8208981,23.0975461],[91.820941,23.097667],[91.8208739,23.0980026],[91.8207183,23.0984886],[91.8205976,23.0990511],[91.820552,23.0994014],[91.8206245,23.0997074],[91.8207532,23.0998603],[91.8209544,23.0998949],[91.8211663,23.0998307],[91.8215525,23.0994705],[91.8218636,23.0992954],[91.8222499,23.0992707],[91.8225986,23.099283],[91.8231833,23.0993422],[91.8236875,23.0993718],[91.8248248,23.0991646],[91.8253317,23.0989351]]}},{"type":"Feature","properties":{"osm_id":686117776,"group":"feni","version":6,"timestamp":"2024-08-24T11:59:03Z","tags":{"name":"ফেনী নদী","name:en":"Feni River","waterway":"river","boundary":"administrative"},"nodes":[6428786542,6428785055,6428786543,6428786544,6428786545,6428785056,6428785057,6428786546,6428786547,6428785058,6428785059,6428785060,6428786548,6428786549,6428786550,6428785061,6428773219,6428785062,6428785063,6428769568,6428786551,6428786552,6428785064,6428786553,6428785065,6428767892,6428769569,6428769570,6428786554,6428786555,6428786556,6428786557,6428785066,6428786558,6428786559,6428769571,6428773220,6428786560,6428786561,6428786562,6428769572,6428786563,6428786564,6428786565,6428786566,6428785067,6428786567,6428786568,6428786569,6428786570,6428786571,6428786572,6428769573,6428786573,6428786574,6428785068,6428785069,6428785070,6428785071]},"geometry":{"type":"LineString","coordinates":[[91.8253317,23.0989351],[91.8264368,23.0985034],[91.8272012,23.0983406],[91.8278611,23.098232],[91.828647,23.0980322],[91.8297064,23.0976818],[91.8306801,23.0972427],[91.8314955,23.0967344],[91.8319702,23.0962656],[91.8322679,23.0958684],[91.832512,23.0953528],[91.8327293,23.0946743],[91.8330163,23.0942203],[91.8332657,23.0940106],[91.8335313,23.0938971],[91.8338156,23.0938354],[91.8342528,23.0938477],[91.8346202,23.0939144],[91.8350387,23.0939686],[91.8352693,23.0939415],[91.8354946,23.0937515],[91.8357119,23.0934283],[91.8357548,23.093184],[91.8357226,23.092772],[91.8356287,23.092318],[91.8352962,23.0919578],[91.8350387,23.0917604],[91.8348294,23.0916691],[91.8344754,23.091642],[91.8340006,23.0917505],[91.8332711,23.0920713],[91.832681,23.0921823],[91.8321902,23.0921428],[91.8317932,23.0920491],[91.8313801,23.0917283],[91.8310449,23.0913138],[91.8307069,23.0910794],[91.8304333,23.0910819],[91.8302214,23.0911337],[91.8300605,23.0912151],[91.829803,23.0914002],[91.8296152,23.0915236],[91.8293712,23.0915606],[91.8291432,23.0914273],[91.828993,23.091035],[91.8288401,23.0904453],[91.8285048,23.0897076],[91.8281722,23.0892289],[91.8277645,23.0888588],[91.8274373,23.0887601],[91.8270913,23.0886787],[91.8266138,23.0885973],[91.8261874,23.0883802],[91.8251762,23.0877707],[91.8240818,23.0871218],[91.823304,23.0867418],[91.8224752,23.0864383],[91.8222445,23.0862878],[91.8221346,23.0861126]]}},{"type":"Feature","properties":{"osm_id":780168130,"group":"feni","version":5,"timestamp":"2024-08-24T11:59:03Z","tags":{"name":"ফেনী নদী","name:en":"Feni River","waterway":"river","boundary":"administrative"},"nodes":[6428785071,6428785072,6428769574,6428767794,6428769575,6428773221,6428769576]},"geometry":{"type":"LineString","coordinates":[[91.8221346,23.0861126],[91.8221265,23.0859276],[91.8223438,23.0855969],[91.8231457,23.0849554],[91.8239236,23.0845113],[91.8243501,23.08423],[91.8244493,23.0840227]]}},{"type":"Feature","properties":{"osm_id":167237595,"group":"feni","version":22,"timestamp":"2025-10-07T13:38:15Z","tags":{"name":"ফেনী নদী","name:en":"Feni River","waterway":"river","boundary":"administrative"},"nodes":[6428769576,6428767795,6428767796,6428786575,6428786576,6428786577,6428785073,6428785074,6428786578,6428785075,6428785076,6428786579,6428769577,6428786580,6428785077,6428785078,6428785079,6428769578,6428767893,6428785080,6428785081,6428773222,6428786581,6428786582,6428786583,6428773223,6428785082,6428786584,6428785083,6428785084,6428792885,6428792985,6428769579,6428792886,6428792986,6428773224,6428769580,6428792987,6428792887,6428792988,6428792989,6428792888,6428792990,6428792889,6428792991,6428792890,6428769581,6428767797,6428792992,6428792993,6428769582,6428792891,6428792892,6428792994,6428792893,6428792894,6428792995,6428792996,6428792895,6428769583,6428792896,6428792997,6428792998,6428792999,6428769584,6428792897,6428793000,6428793001,6428793002,6428793003,6428793004,6428792898,6428793005,6428793006,6428793485,6428793486,6428793007,6428793008,6428792899,6428793009,6428793010,6428793011,6428792900,6428773225,6428773226,6428792901,6428793012,6428793013,6428793014,6428793015,6428793487,6428773227,6428793016,6428792902,6428792903,6428793488,6428792904,6428773228,6428773229,6428767798,6428773230,6428767799,6428793489,6428773231,6428793017,6428793018,6428793019,6428773232,6428767894,6428769187,6428793020,6428792905,6428793021,6428792906,6428792907,6428773233,6428793022,6428793490,6428793023,6428793491,6428773234,6428793492,6428793024,6428792908,6428793025,6428793026,6428773235,6428793493,6428793027,6428793028,6428793029,6428792909,6428793030,6428792910,6428793494,6428793031,6428793032,6428793033,6428793034,6428793035,6428793036,6428792911,6428793037,6428795085,6428761693,6428761694,6428795185,6428761695,6428795086,6428761696,6428761697,6428795087,6428795088,6428795186,6428761086,6428761087,6428761088,6428761698,6428761089,6428795187,6428761699,6428761700,6428795089,6428795188,6428761701,6428795189,6428761702,6428761703,6428761704,6428761705,6428761706,6428795190,6428795191,6428761090,6428761091,6428795192,6428761092,6428761707,6428761093,6428761708,6428796285,6428761094,6428761709,6428761095,6428795090,6428761096,6428761710,6428761097,6428761098,6428795193,6428795091,6428761099,6428761100,6428761711,6428761101,6428795092,6428761712,6428795194,6428796385,6428795195,6428761713,6428761714,6428761715,6428795196,6428761102,6428761716,6428761717,6428795197,6428761103,6428761718,6428761719,6428761720,6428761721,6428795198,6428761722,6428761104,6428761105,6428796585,6428796885,6428796586,6428794886,6428796587,6428796588,6428796589,6428794887,6428790386,6428790387,6428790388,6428796886,6428796887,6428796888,6428790389,6428796590,6428796591,6428790390,6428796592,6428794888,6428796593,6428790391,6428790392,6428796594,6428796595,6428796596,6428790393,6428796597,6428790394,6428796598,6428790395,6428797285,6428797286,6428790396,6428790397,6428794889,6428790398,6428796599,6428790399,6428797287,6428796600,6428794890,6428796601,6428796602,6428796889,6428790400,6428790401,6428796603,6428794891,6428796604,6428790402,6428796605,6428796606,6428796890,6428790403,6428790404,6428796891,6428794892,6428794893,6428790405,6428790406,6428790407,6428796607,6428790408,6428794894,6428790409,6428794895,6428790410,6428794896,6428790411,6428796608,6428796609,6428790412,6428796610,6428796611,6428794897,6428790413,6428790414,6428796892,6428796612,6428797288,6428790415,6428790416,6428796613,6428796893,6428796614,6428797289,6428790417,6428796615,6428790418,6428790419,9411526084,6428790420,6428790421,6428790422,6428796616,6428796617,6428790423,6428796618,6428796894,6428790424,6428796619,6428790425,6428790426,6428797290,6428796620,6428797291,6428796895,6428794898,6428796896,6428796621,6428796622,6428796897,6428796623,6428796624,6428796898,6428796625,6428796626,6428796627,6428796628,6428796629,6428796899,6428797885,6428796900,6428796630,6428796631,6428796632,6428797985,6428796633,6428790427,6428796634,6428790428,6428796901,6428796635,6428796902,6428790429,6428790430,6428790431,6428790432,6428796903,6428790433,6428796636,6428796904,6428796637,6428790434,6428794899,6428790435,6428796905,6428794900,6428796638,6428796639,6428796640,6428790436,6428790437,6428796641,6428790438,6428796642,6428796643,6428796644,13200795349]},"geometry":{"type":"LineString","coordinates":[[91.8244493,23.0840227],[91.8244439,23.0838229],[91.8242535,23.0835095],[91.8237787,23.0831443],[91.8232772,23.0829889],[91.8227515,23.0827693],[91.8221667,23.0824682],[91.8218663,23.0822264],[91.8210617,23.0812073],[91.8203562,23.0804942],[91.819624,23.0800106],[91.8195355,23.0799958],[91.8193826,23.0800377],[91.8193021,23.080208],[91.8192807,23.0804572],[91.8192056,23.0808594],[91.8190017,23.081654],[91.8186718,23.0824929],[91.8184519,23.0830012],[91.8182132,23.0832282],[91.8176955,23.0832208],[91.8171832,23.0831863],[91.8167272,23.0830925],[91.8163544,23.0828606],[91.8161988,23.082715],[91.8160218,23.0823177],[91.8159708,23.0816564],[91.8159333,23.0811802],[91.815834,23.0808495],[91.8154988,23.0804844],[91.8153727,23.0802376],[91.8154478,23.079939],[91.8156195,23.0795615],[91.8157858,23.079374],[91.8159842,23.0792925],[91.816282,23.0792432],[91.8166172,23.0792383],[91.8169284,23.0792136],[91.8170974,23.0791716],[91.8172744,23.0790631],[91.8173629,23.0788385],[91.8174112,23.0785177],[91.817497,23.0780292],[91.8177599,23.0774073],[91.8178672,23.0765634],[91.8178806,23.0760921],[91.8177062,23.0757664],[91.8171349,23.0755468],[91.8168157,23.0754431],[91.8164214,23.0752679],[91.816164,23.0751692],[91.8159816,23.0750557],[91.8158931,23.0748435],[91.8159869,23.0746584],[91.8161747,23.0744191],[91.8165126,23.0740539],[91.8170893,23.0736689],[91.8178698,23.073358],[91.8182883,23.0731754],[91.818535,23.073052],[91.8187067,23.0728719],[91.8187577,23.0726745],[91.8185967,23.0724055],[91.8183687,23.0722747],[91.8181246,23.072255],[91.8178269,23.0721834],[91.8175292,23.0721044],[91.8171564,23.0719342],[91.8167084,23.0718503],[91.8164483,23.0719268],[91.8159842,23.0720575],[91.8146995,23.0723734],[91.8143052,23.0726251],[91.8139592,23.0729953],[91.8136775,23.0733383],[91.8134442,23.0737059],[91.8132886,23.0739256],[91.8130901,23.0740243],[91.8129078,23.0739971],[91.8127415,23.0738046],[91.8124759,23.0733284],[91.8123981,23.0727707],[91.8123874,23.0724474],[91.8125349,23.0722056],[91.8128648,23.0718947],[91.8132779,23.0715936],[91.8135971,23.0711248],[91.8137526,23.0708681],[91.81375,23.0707299],[91.8136427,23.0705745],[91.813463,23.0705202],[91.813235,23.0705276],[91.8129346,23.0705794],[91.8126368,23.0706386],[91.8123123,23.0706238],[91.8119448,23.0704387],[91.8117249,23.0701426],[91.8116149,23.0698712],[91.8115452,23.0695158],[91.811564,23.0691481],[91.8117651,23.0688101],[91.8118992,23.0685929],[91.8122372,23.0680993],[91.8123981,23.0676132],[91.8124223,23.0672332],[91.8123445,23.0666434],[91.8121836,23.0664287],[91.8120494,23.0663522],[91.8118161,23.066325],[91.8114728,23.0663472],[91.8107861,23.0666113],[91.8104321,23.0667692],[91.8101209,23.0668852],[91.8097723,23.0668877],[91.8092948,23.0668359],[91.8086645,23.0667297],[91.8081951,23.0667273],[91.8075567,23.0668679],[91.8071651,23.0670037],[91.8066663,23.0671887],[91.8063283,23.0672727],[91.8060252,23.0672949],[91.8057972,23.0671962],[91.8057436,23.0670061],[91.8056926,23.0667273],[91.8056953,23.0664336],[91.805875,23.0662411],[91.8063444,23.0657772],[91.8065898,23.0653749],[91.8067387,23.0650442],[91.806803,23.0647765],[91.8067883,23.0644088],[91.8067534,23.0639683],[91.806673,23.0637499],[91.8065134,23.0635574],[91.8063283,23.0634611],[91.8060963,23.063376],[91.8057798,23.0633415],[91.8054257,23.0633415],[91.8047525,23.0634118],[91.8045165,23.0634291],[91.8041316,23.0634945],[91.8036649,23.0636166],[91.8033819,23.0637499],[91.803115,23.0639868],[91.8028079,23.0642052],[91.8024833,23.0643323],[91.8016827,23.0645532],[91.8008539,23.0647654],[91.8004462,23.0649283],[91.7996925,23.0651701],[91.7991319,23.0652096],[91.7986786,23.0650985],[91.7982361,23.064911],[91.7975816,23.0644791],[91.7968333,23.0638449],[91.7956048,23.0627591],[91.795181,23.0624284],[91.7948914,23.0623395],[91.79454,23.0623222],[91.7942637,23.0623519],[91.7939097,23.0625468],[91.7936683,23.0629417],[91.7934349,23.0635438],[91.7933464,23.0639683],[91.7933947,23.0646395],[91.7935824,23.0651676],[91.7939687,23.0658636],[91.794312,23.066251],[91.7947894,23.0663991],[91.7953473,23.0665225],[91.7957202,23.066636],[91.795865,23.0668186],[91.7958811,23.0670777],[91.7957094,23.0674849],[91.7952239,23.0680919],[91.7948645,23.0684522],[91.794422,23.0688323],[91.7940572,23.0690149],[91.7937112,23.069121],[91.7933249,23.0691309],[91.7928314,23.0690494],[91.7921421,23.0689828],[91.7911872,23.0688125],[91.7908493,23.0687706],[91.790337,23.0687607],[91.7898783,23.0688298],[91.7895967,23.0691432],[91.7895162,23.0697305],[91.7896047,23.0704363],[91.7897227,23.0709964],[91.7897469,23.0714283],[91.7897254,23.0715517],[91.7896047,23.0717392],[91.7894518,23.0718305],[91.7892694,23.071833],[91.7890388,23.0717318],[91.788682,23.0714233],[91.7882851,23.0709767],[91.7880893,23.0704486],[91.7880571,23.0700192],[91.7881295,23.0695948],[91.7884192,23.0692148],[91.7887571,23.0687582],[91.7890522,23.0682943],[91.7892051,23.0681067],[91.7892641,23.0679365],[91.7892534,23.0677489],[91.7891461,23.0675787],[91.7890307,23.0675244],[91.7888108,23.0675071],[91.7884621,23.0675663],[91.787636,23.0678674],[91.7866811,23.0681265],[91.7862171,23.0683091],[91.7859194,23.068509],[91.7857584,23.0687582],[91.7856833,23.069042],[91.7856967,23.0693061],[91.7857853,23.0699946],[91.7857504,23.070498],[91.7856377,23.07111],[91.7853749,23.0714011],[91.7850691,23.0715739],[91.7844254,23.0716578],[91.7837816,23.0716578],[91.782918,23.0716627],[91.7813569,23.0715492],[91.7795223,23.0712753],[91.7788786,23.0711519],[91.777862,23.0709372],[91.7770037,23.070725],[91.775904,23.0702191],[91.7751154,23.0699008],[91.774748,23.0697132],[91.7743242,23.0694443],[91.7739969,23.0691037],[91.7736697,23.0685756],[91.7734471,23.0681586],[91.7733157,23.0677045],[91.7733854,23.0670432],[91.7736965,23.0663324],[91.7741793,23.0655526],[91.7754507,23.0644964],[91.7767864,23.0633069],[91.7781544,23.0620533],[91.7790502,23.0608094],[91.7795384,23.0595311],[91.7797208,23.0588006],[91.7797476,23.0582675],[91.7795384,23.0576555],[91.7790824,23.0574827],[91.7783153,23.0574087],[91.7773926,23.0571372],[91.7772102,23.0569151],[91.7772156,23.0565252],[91.77728,23.0561352],[91.7775589,23.055691],[91.7793292,23.0534649],[91.7804074,23.0521519],[91.7808151,23.0515892],[91.7811048,23.0509919],[91.781534,23.0493482],[91.7818826,23.0485584],[91.7824137,23.0477587],[91.7825103,23.0473144],[91.782462,23.0468011],[91.782065,23.0460606],[91.781947,23.0457447],[91.7818934,23.0452313],[91.7820328,23.0446834],[91.7824942,23.0436369],[91.7831325,23.042235],[91.7837495,23.0407787],[91.7838728,23.0399987],[91.7839158,23.0391151],[91.7837441,23.0379896],[91.7835081,23.0370812],[91.7830574,23.0362074],[91.782352,23.0350671],[91.7821509,23.0347042],[91.7818692,23.0343661],[91.7817003,23.0341957],[91.7814615,23.0341686],[91.7812979,23.0341908],[91.7811289,23.0343759],[91.78096,23.0347289],[91.7807695,23.0352966],[91.7805201,23.036005],[91.7802948,23.0364938],[91.7799863,23.0368097],[91.7798227,23.0369233],[91.7795518,23.0369479],[91.7793024,23.0369282],[91.779069,23.036869],[91.7789268,23.0367529],[91.7789161,23.0365308],[91.7791253,23.036005],[91.7796725,23.0349338],[91.7802894,23.0333787],[91.7806649,23.0321593],[91.7807561,23.0314978],[91.7805791,23.0303031],[91.7801124,23.0290096],[91.7796028,23.0285011],[91.7785567,23.0279235],[91.7765129,23.0272175],[91.7750806,23.0269608],[91.774846,23.0269935],[91.7744422,23.0270497],[91.7739916,23.0274446],[91.7735732,23.0283283],[91.7731923,23.0295946],[91.7729294,23.0306536],[91.7727658,23.0313719],[91.7728124,23.0323113],[91.7729911,23.0334034],[91.7732888,23.0344599],[91.7734712,23.0351189],[91.7738467,23.0363309],[91.774013,23.0373083],[91.7741472,23.0382142],[91.7741498,23.0388214],[91.7740425,23.0392509],[91.7737046,23.0397272],[91.7730582,23.0403937],[91.7725003,23.0408231],[91.7716929,23.041339],[91.7709714,23.0416376],[91.7704752,23.0417339],[91.770097,23.0417438],[91.7696974,23.0416771],[91.769067,23.0414649],[91.7686218,23.0412082],[91.7681685,23.0408676],[91.7678788,23.0403838],[91.7677045,23.0400086],[91.7676964,23.0397519],[91.7679942,23.0392484],[91.7683375,23.0386511],[91.7697376,23.0375354],[91.7703277,23.0369282],[91.7710143,23.0359063],[91.7713737,23.0352645],[91.7716849,23.0345487],[91.7718029,23.0338625],[91.7716527,23.0334182],[91.7713791,23.0332652],[91.7707837,23.0331615],[91.7702633,23.0331319],[91.7697376,23.0333837],[91.7690778,23.0339464],[91.7685467,23.034297],[91.7683053,23.0343759],[91.7680424,23.0344006],[91.7679137,23.0343068],[91.7674416,23.0339514],[91.7664277,23.0328752],[91.7652047,23.0317397],[91.7644751,23.0312608],[91.7638582,23.0309449],[91.7626727,23.0307277],[91.7617929,23.0305796],[91.7613208,23.0302241],[91.7610472,23.0299032],[91.7610043,23.0294984],[91.7610633,23.029059],[91.7612404,23.028195],[91.7613637,23.0274496],[91.761353,23.0266349],[91.7612189,23.0261314],[91.7605698,23.0253908],[91.7600816,23.0249662],[91.7595506,23.0246996],[91.7587298,23.0246453],[91.7575979,23.0245515],[91.7574853,23.0245417]]}},{"type":"Feature","properties":{"osm_id":1436190517,"group":"feni","version":1,"timestamp":"2025-10-07T13:38:15Z","tags":{"name":"ফেনী নদী","name:en":"Feni River","waterway":"river","boundary":"administrative"},"nodes":[13200795349,6428794901,6428790439,6428796906,6428790440,6428794902,6428796907,6428790441,6428790442,6428794903,6428790443,6428790444,6428790445,6830121385]},"geometry":{"type":"LineString","coordinates":[[91.7574853,23.0245417],[91.75704,23.0245219],[91.7562514,23.024196],[91.7552108,23.0236135],[91.7539447,23.0228729],[91.7534459,23.0223792],[91.7526627,23.0213029],[91.7522389,23.0203253],[91.751622,23.0187701],[91.7509621,23.017832],[91.7502648,23.0171161],[91.748988,23.0159854],[91.7485213,23.0152744],[91.7478995,23.0144941]]}},{"type":"Feature","properties":{"osm_id":729019670,"group":"feni","version":6,"timestamp":"2024-08-24T11:59:03Z","tags":{"name":"ফেনী নদী","name:en":"Feni River","waterway":"river","boundary":"administrative"},"nodes":[6830121385,6428790446,6428796645,6428797986,6428790447,6428796908,2431975294,2431975291,2431975289,1786434633,2431975285,1786434626,2431975284,2431975283,2431975282,2431975281,11309944351,2431975279,1786434619,2431975277,1786434615,2431975275,1751909957]},"geometry":{"type":"LineString","coordinates":[[91.7478995,23.0144941],[91.746735,23.0130328],[91.7457801,23.0116602],[91.7453349,23.0108603],[91.7448306,23.0098728],[91.744598,23.0089682],[91.7442971,23.0072543],[91.7433986,23.0062894],[91.7420757,23.005738],[91.7390703,23.0044923],[91.7347752,23.0022229],[91.7307558,23.0000963],[91.727924,22.9992247],[91.7251785,22.9983287],[91.7243798,22.9977773],[91.7236061,22.9970076],[91.7233158,22.9965245],[91.7231158,22.9960037],[91.7228228,22.9945807],[91.7223142,22.9920309],[91.7217384,22.9891773],[91.7209979,22.9878287],[91.7206076,22.9875011]]}},{"type":"Feature","properties":{"osm_id":685982846,"group":"feni","version":8,"timestamp":"2024-08-24T11:59:03Z","tags":{"name":"ফেনী নদী","name:en":"Feni River","waterway":"river","boundary":"administrative"},"nodes":[1751909957,1786434586,7020083968,2431975271,2431975273,6152586588,1786434588,6152586589,7020083977,11309944124,6152586590,1786434587,7020083978,6152586591,6152586592,6152586593,7020083976,11309944160,6152586594,7020083975,6152586595,11309944114,6152586596,7020083974,6152586597,6152586598,6152586599,1786434585,6152586600,6152586601,7020083973,1786434592,7020083972,6152586602,7020083971,6152586603,1786434590,6152586604,6152586605,6152586606,6152586607,6152586608,7020083970,6152586609,1786434575,6152586610,1786434562,6152586611,6152586612,6152586613,1786434546,6152586614,6152586615,6152586616,6152586617,1786434564,6152586619,6152586618,6152586620,7020083969,6152586625,6152586626,6152586627,6152586628,6152586629,6152586630,6152586631,11309944599,1786434540,11309944600,6152586632,6152586633,1786434570,11309944630,11309944631,6152586634,11309944632,6152586635,6152586636,1786434566,11309944658,6152586637,11309944659,6152586638,1786434577,6152586639,11309944702,6152586640,6152586641,1786434568,11309944701,6152586642,11309944703,6152586643,6152586644,11309944720,6152586645,1786434542,6152586646,11309944738,6152586647,6152586648,6152586649,11309944739,1786434544,11309944740,6152586650,6152586651,6152586652,1786434579,1786434584,1786434583,6152586653,6152586654,11309944806,6152586655,6152586656,1786434560,6152586657,6152586658,1786434539,6152586659,1786434537,6152586660,6152586661,6152586662,1786434535,6152586663,6152586664,6152586665,1786434530,6152586666,11309944901,6152586667,1786434524,6152586668,1786434522,6152586669,6152586670,6152586671,1786434528,6152586672,6152586673,6152586674,6152586675,6152586676,6152586677,6152586678,6152586679,1786434510,1786434222,6152586680,6152586681,6152586682,1786434182,6152586683,6152586684,1786434172,6152586685,6152586686,1786434170,6152586687,6152586688,6152586689]},"geometry":{"type":"LineString","coordinates":[[91.7206076,22.9875011],[91.7194296,22.9868922],[91.7180139,22.9864616],[91.7170946,22.9863057],[91.7160003,22.9863879],[91.7148439,22.9867929],[91.7134595,22.9875925],[91.7115497,22.988424],[91.710788,22.9885434],[91.7104437,22.988476],[91.7100565,22.9883835],[91.7094684,22.9878789],[91.7092216,22.9872566],[91.7092645,22.9863776],[91.7095113,22.9858739],[91.7104554,22.9850047],[91.7109918,22.9845759],[91.7111727,22.9842611],[91.7113244,22.9839972],[91.7114961,22.9835626],[91.7114532,22.9830293],[91.7113157,22.9827626],[91.7109489,22.9824959],[91.7102408,22.9821996],[91.7094254,22.9820416],[91.7085457,22.9819033],[91.7078253,22.9823946],[91.7063355,22.9834639],[91.7052518,22.9848029],[91.7039645,22.9872468],[91.7035353,22.9879579],[91.7032027,22.9884024],[91.7026555,22.9887184],[91.7018509,22.9890345],[91.7007244,22.9891629],[91.6996622,22.9891333],[91.6970658,22.9889752],[91.6948342,22.9883629],[91.6927957,22.987711],[91.6915297,22.9867529],[91.6907143,22.9852516],[91.6904461,22.9835429],[91.6904461,22.9828219],[91.6903066,22.9822786],[91.6892123,22.9811131],[91.6876888,22.9801056],[91.6852319,22.9794339],[91.6834831,22.979345],[91.6825175,22.9791574],[91.6815183,22.9785449],[91.6801572,22.9777844],[91.6792881,22.9772214],[91.6786551,22.9771226],[91.6781723,22.9772609],[91.6779685,22.9777745],[91.6777754,22.979829],[91.6774535,22.9812514],[91.6768956,22.9819823],[91.6761446,22.9824367],[91.6756081,22.9825552],[91.6751361,22.9823379],[91.6748571,22.9818045],[91.6745782,22.9805995],[91.6740632,22.9791179],[91.673398,22.9779918],[91.6722178,22.9770633],[91.6706729,22.9767275],[91.6700596,22.9767247],[91.6693117,22.9769191],[91.668512,22.9772199],[91.6679692,22.977656],[91.667304,22.9792166],[91.6665315,22.9803427],[91.6658048,22.9809662],[91.6653619,22.9812779],[91.6648456,22.9814883],[91.664395,22.9816644],[91.6639077,22.9816603],[91.6633223,22.9814713],[91.662004,22.9801254],[91.6615933,22.9798375],[91.6612009,22.979775],[91.6607994,22.9798809],[91.6604284,22.9800714],[91.6588282,22.9808958],[91.657271,22.9816466],[91.6567423,22.9816747],[91.6563177,22.9815675],[91.6560817,22.9811327],[91.6559958,22.9806192],[91.6562291,22.9803087],[91.6568601,22.9799644],[91.6574118,22.9797231],[91.6578412,22.9794142],[91.6580558,22.9785845],[91.6580219,22.9783656],[91.6577861,22.9780848],[91.6564894,22.9771621],[91.6552019,22.9764312],[91.6546516,22.976276],[91.6540278,22.9762109],[91.6524339,22.9761941],[91.6515476,22.976496],[91.6509947,22.97687],[91.6507906,22.9773117],[91.6506542,22.9781018],[91.6504383,22.9788413],[91.6506958,22.9811526],[91.6505456,22.9818638],[91.6493654,22.9832861],[91.648314,22.9840368],[91.6466832,22.984985],[91.6458034,22.9851825],[91.6452455,22.9849059],[91.6451095,22.9844424],[91.6451171,22.9839577],[91.6454601,22.9823774],[91.6459322,22.9788413],[91.6459322,22.9774387],[91.6454601,22.9765695],[91.6447072,22.9760347],[91.6432929,22.9757595],[91.6421127,22.9757397],[91.6410613,22.9750878],[91.640718,22.974021],[91.6407823,22.9717491],[91.6403961,22.9703266],[91.6390872,22.9684498],[91.6377997,22.9665136],[91.6372633,22.9654468],[91.6372298,22.9644864],[91.6370369,22.9632515],[91.636552,22.9623984],[91.6357398,22.9612385],[91.6348386,22.9606457],[91.6323709,22.9596183],[91.6317272,22.9594998],[91.6307616,22.9591244],[91.6298389,22.9593417],[91.6279292,22.9607643],[91.627099,22.9618953],[91.6262126,22.9622461],[91.6255259,22.9623054],[91.6247105,22.9620288],[91.6243887,22.9615743],[91.6245174,22.9606457],[91.6252899,22.9597171],[91.6270923,22.9562397],[91.6271353,22.9552123],[91.6262984,22.9535328],[91.624496,22.9512408],[91.6237235,22.9499959],[91.6235089,22.9493439],[91.6237235,22.9481978],[91.624453,22.9471506],[91.6253328,22.9462219],[91.6255045,22.9449968],[91.625483,22.9439692],[91.6245389,22.9432974],[91.6230798,22.9420327],[91.6221356,22.9408669],[91.6210627,22.9396615],[91.6199684,22.9381794],[91.6189599,22.9376459]]}},{"type":"Feature","properties":{"osm_id":1077202876,"group":"feni","version":3,"timestamp":"2024-08-24T11:59:03Z","tags":{"name":"ফেনী নদী","name:en":"Feni River","waterway":"river","boundary":"administrative"},"nodes":[6152586689,1786434166,6152586690,6152586692,6152586691,6152586693,6152586694,6152586695,1786434175,1786434179,6152586696,6152586697,6152586698,6152586699,6152586700,1786434186,6152586701,6152586702,10140089124,6152586703,6152586704,6152586705,6152586706,6152586707,1786434190,6152586708,6152586709,6152586710,6152586711,6152586712,6152586713,10140089123,1786434513,10140089122,6152586714,6152586715,6152586716,6152586717,6152586718,10140089121,6152586719,1786434225,6152586720,6152586721,1786434517,6152586722,6152586723,10140089120,6152586724,10140089119,6152586725,6152586726,6152586727,6152586728,10140089118,1786434515,10140089117,6152586729,10140089116,1786434526,6152586730,6152586731,10140089115,1786434531,3967080235,6152586732,10140089113,3967080237,10140089114,6152586733,1786434533,6152586734,3967080246,6152586735,10140089112,3967080249,6152586736,10140089109,10140089110,3967080248,6152586737,10140089111,6152586738,3967080253,6152586739,10140089108,3967080255,6152586740,3967080254,6152586741,3967080251,6152586742,3967080252,4943216653,3967080357,6152586743,3967080358,4943216656,4943216657]},"geometry":{"type":"LineString","coordinates":[[91.6189599,22.9376459],[91.6178527,22.9376106],[91.6169214,22.9382387],[91.6162348,22.9388908],[91.615591,22.9399579],[91.6155267,22.941519],[91.6158914,22.943495],[91.6159129,22.9443249],[91.6155267,22.9448782],[91.613338,22.9464788],[91.6126942,22.9470518],[91.6124797,22.9484547],[91.6127818,22.949164],[91.6133165,22.9496798],[91.6146254,22.9495217],[91.6158914,22.9492056],[91.6166447,22.9493712],[91.6168241,22.9499518],[91.6165155,22.9508449],[91.6159074,22.951514],[91.615119,22.9521102],[91.6138744,22.9524658],[91.6127372,22.9520706],[91.6096043,22.950648],[91.6083169,22.9501145],[91.6071367,22.9501935],[91.6067719,22.9507073],[91.6067934,22.9516755],[91.6073298,22.9528017],[91.60851,22.9544219],[91.6093898,22.9557655],[91.6095943,22.9561313],[91.6095742,22.9566349],[91.6090352,22.956983],[91.6084027,22.9572276],[91.6073942,22.9569708],[91.6061067,22.9562595],[91.6042185,22.9547578],[91.6031241,22.9536316],[91.602298,22.9534071],[91.6014719,22.953355],[91.6008496,22.9537501],[91.6000771,22.9549949],[91.6002488,22.9562397],[91.6014042,22.9582722],[91.60271,22.9599992],[91.6039473,22.9614462],[91.6046179,22.9620014],[91.6052699,22.9623844],[91.6063787,22.962298],[91.6076372,22.9618669],[91.6094756,22.9603691],[91.6114353,22.9587206],[91.6123094,22.9580049],[91.6129802,22.9578474],[91.6135204,22.9579982],[91.6137315,22.958377],[91.6138038,22.9587857],[91.6136755,22.9595887],[91.6133594,22.9603691],[91.6122588,22.9619835],[91.6111962,22.9628622],[91.6095674,22.963674],[91.6079305,22.9642978],[91.6063749,22.9648694],[91.6057919,22.965313],[91.6055178,22.9656832],[91.6053253,22.9662036],[91.6052868,22.9666832],[91.6053627,22.9671704],[91.6058572,22.9691079],[91.6061067,22.9700105],[91.6064115,22.9711175],[91.6063213,22.9716503],[91.6061463,22.9719805],[91.6056937,22.9720551],[91.6035897,22.9718232],[91.6022729,22.9715842],[91.6015981,22.9715737],[91.6011928,22.9718113],[91.6009598,22.972022],[91.6007898,22.9727678],[91.6007423,22.9732505],[91.6002917,22.9741988],[91.5997982,22.9753051],[91.5993779,22.9757895],[91.5989412,22.9759282],[91.5984678,22.975957],[91.5971803,22.9753446],[91.595195,22.9741138],[91.5936398,22.9732505],[91.5924811,22.9733493],[91.5920134,22.9738687],[91.5918159,22.9753347],[91.5911286,22.9766505],[91.5904641,22.9770633],[91.589992,22.976767],[91.589005,22.975068],[91.5870416,22.9736357]]}},{"type":"Feature","properties":{"osm_id":685982857,"group":"feni","version":5,"timestamp":"2024-10-06T02:59:51Z","tags":{"name":"ফেনী নদী","name:en":"Feni River","waterway":"river"},"nodes":[4943216657,4943216658,3967080239,3967080233,3967080229,3967080224,4943216659,3967080223,3967080227,3967080231,4943216662,4943216661,3967080230,3967080226,3967080218,3967080216,3967080215,3967080213,3967080209,3967080206,3967080205,3967080208,3967080212,3967080211,5776478967,3967080207,3967080203,3967080202,3967080199,12228836825,3967080189,3967080185,3967080182,3967080178,3967080169,3967080166,3967080163,4943216639,3967080162,4943216670,3967080164,4943216638,3967080165,4943216634,4943216633,3967080170,3967080174]},"geometry":{"type":"LineString","coordinates":[[91.5870416,22.9736357],[91.5841448,22.9708502],[91.5780911,22.9664451],[91.5724718,22.9605173],[91.5693498,22.9554395],[91.5650475,22.9519126],[91.5637225,22.9513148],[91.5608217,22.951735],[91.5566817,22.9543174],[91.5521327,22.9578221],[91.5513039,22.9577907],[91.5495229,22.9566843],[91.5475232,22.9558679],[91.5428817,22.9516557],[91.539191,22.9461823],[91.5363658,22.944264],[91.5322425,22.9426037],[91.5304897,22.9404823],[91.5303061,22.9383761],[91.532376,22.9362238],[91.5355991,22.9358253],[91.5387554,22.9368238],[91.541265,22.9394095],[91.5418913,22.9390218],[91.5425062,22.9380609],[91.5425924,22.9370694],[91.5417172,22.9354409],[91.5379684,22.9334104],[91.5340788,22.9294131],[91.5319005,22.9262186],[91.5285781,22.9213463],[91.5269845,22.9183891],[91.5274331,22.9166496],[91.5258277,22.9139967],[91.518521,22.9086255],[91.5132564,22.9047329],[91.5056192,22.900166],[91.5033781,22.8993239],[91.5002838,22.8991656],[91.4985609,22.8996105],[91.4966009,22.9012099],[91.496222,22.9023975],[91.4964121,22.9032976],[91.4969945,22.9045916],[91.4985609,22.9064495],[91.4998116,22.9086907],[91.5003405,22.9104928]]}},{"type":"Feature","properties":{"osm_id":804767907,"group":"feni","version":3,"timestamp":"2024-08-24T11:59:03Z","tags":{"name":"ফেনী নদী","name:en":"Feni River","waterway":"river"},"nodes":[3967080174,10143249956,3967080186,7527573813,3967080190,7527573815,10143229303,3967080188,7527573816,7527573817,3967080184,10143229302,7527573814,3967080181,3967080179,3967080172,7527568983,3967080168,3967080167]},"geometry":{"type":"LineString","coordinates":[[91.5003405,22.9104928],[91.4945186,22.9152382],[91.4882038,22.9193233],[91.4838409,22.9208282],[91.4802242,22.9213672],[91.4780903,22.9213421],[91.4772133,22.9210961],[91.4767371,22.9206183],[91.4767617,22.9201347],[91.477586,22.9194645],[91.4779106,22.9183665],[91.4775721,22.9176309],[91.4771032,22.9168952],[91.4745284,22.9154133],[91.4738028,22.914322],[91.4732362,22.9107123],[91.4737773,22.9097997],[91.477769,22.9069719],[91.4784854,22.9040481]]}},{"type":"Feature","properties":{"osm_id":804767908,"group":"feni","version":4,"timestamp":"2022-11-19T15:23:45Z","tags":{"name":"ফেনী নদী","name:en":"Feni River","waterway":"river"},"nodes":[3967080167,10142370838,3967080161,3967080159,7527573806,3967080158,7527573818,3967080157,3967079856,7527573820,3967079855,7527573819,3967079854,7527573805,3967079853,7527573804,7527573803,10142370727,10140083112,3967079852,7527573802,7527573801,7527573800,10142324563,7527573799,10142324564,7527573798,10142324565,7527573797,7527573796,7527573795,7527573794,7527573793,7527573792,7527573791,7527573790,7527573789,7527573788,7527573787,7527573786,8348986094,10142370976,7527573785,8348986095,7527573784,8348986096,7527573782]},"geometry":{"type":"LineString","coordinates":[[91.4784854,22.9040481],[91.4787413,22.9028328],[91.4798937,22.8973597],[91.480838,22.8906177],[91.4799785,22.8873646],[91.4780995,22.8843104],[91.4753437,22.8817898],[91.4727813,22.8802847],[91.4666732,22.8784813],[91.4642006,22.8758925],[91.463527,22.8732332],[91.4644263,22.8707877],[91.4694589,22.868606],[91.4712238,22.8651827],[91.4709698,22.8600788],[91.4672327,22.8525283],[91.4636393,22.8498548],[91.4632503,22.8496024],[91.4605926,22.8478783],[91.4572139,22.8448582],[91.4538515,22.8366472],[91.4527917,22.8352057],[91.4507317,22.8341378],[91.4500303,22.8334306],[91.4494228,22.8325359],[91.4490769,22.8316254],[91.4491224,22.8306571],[91.4492865,22.8298992],[91.4498734,22.8292134],[91.4531779,22.8269391],[91.4530921,22.8250998],[91.4519119,22.8236363],[91.4504742,22.8230034],[91.4487576,22.8235967],[91.4446378,22.8263853],[91.4425993,22.827038],[91.4404535,22.8267611],[91.4385223,22.8247042],[91.4357328,22.8143405],[91.4329051,22.8108483],[91.4286444,22.8075521],[91.4275201,22.8067996],[91.426656,22.8061809],[91.4259419,22.8053961],[91.424725,22.8041144],[91.4250255,22.8027297],[91.4266872,22.7996388]]}},{"type":"Feature","properties":{"osm_id":819658962,"group":"muhuri","version":2,"timestamp":"2022-11-24T08:46:11Z","tags":{"name":"Muhuri River","waterway":"river"},"nodes":[1786435153,1786435177,1786435179,1786435182,1786435186,1786435185,1786435166,1786435159,1786435184,1786435183,1786435146,1786435148,1786435147,1786435143,1786435141,10213828693,2461653446,2461653451,10213828692,10213828690,10213828691,10213828689,10213828688,1786435138,1786435112,1786435110]},"geometry":{"type":"LineString","coordinates":[[91.7148975,23.2528499],[91.7120421,23.2568475],[91.7039242,23.2573718],[91.703155,23.2588956],[91.699213,23.2599776],[91.6960883,23.2595801],[91.693743,23.2567048],[91.6904949,23.2549053],[91.687923,23.2591453],[91.6767102,23.2589505],[91.6649811,23.2458735],[91.6606322,23.2473266],[91.6503528,23.2459946],[91.6387555,23.2389713],[91.6246699,23.2390279],[91.6160445,23.2335109],[91.6126016,23.2334529],[91.6120101,23.2347385],[91.6113297,23.2352891],[91.6106494,23.2356334],[91.6100609,23.2355744],[91.6097582,23.2352152],[91.608282,23.2332158],[91.6042273,23.2294045],[91.5918393,23.2195947],[91.5837115,23.2140794]]}},{"type":"Feature","properties":{"osm_id":163209243,"group":"muhuri","version":7,"timestamp":"2020-06-26T02:11:00Z","tags":{"name":"Muhuri River","waterway":"river"},"nodes":[1786435110,7654162617,7654162618,7654162619,7654162620,7654162621,7654162622,7654162623,7654162624,7654162625,7654162626,7654162627,7654162628,7654162629,7654162630,7654162631,7654162632,7654162633,1786435111,7654162634,7654162635,7654162636,7654162637,7654162638,7654162639,7654162640,7654162641,7654162642,7654162643,7654162644,7654162645,7654162646,1786435117,7654162647,7654162648,7654162649,7654162650,7654162651,7654162652,7654162653,7654162654,7654162655,7654162656,1786435144,7654162657,7654162658,7654162659,7654162660,7654162661,7654162662,7654162663,7654162664,7654162665,7654162666,7654162667,7654162668,7654162669,7654162670,1786435191,7654162671,7654162672,7654162673,7654162674,7654162675,7654162676,7654162677,7654162678,7654162679,6426377790,7654162680,7654162681,1786435193,7654162682,7654162683,7654162684,7654162685,7654162686,7654162687,7654162688,7654162689,7654162690,7654162691,1786435181,7654162692,7654162693,7654162694,1786435164,7654162695,7654162696,7654162697,7654162698,1786435189,7654162699,7654162700,7654162701,7654162702,7654162703,7654162704,1786435160,7654162705,7654162706,2671616380,6152588081,7654162707,1786435188,7654162708,6152588082,2671616432,7654162709,1749586636,7654162710,1749586559]},"geometry":{"type":"LineString","coordinates":[[91.5837115,23.2140794],[91.5831899,23.2143516],[91.5826964,23.2147658],[91.5822887,23.2147658],[91.5818167,23.2143516],[91.5818167,23.2140558],[91.5820741,23.2134642],[91.581881,23.2130304],[91.5811729,23.212912],[91.5801644,23.212912],[91.5787697,23.2134839],[91.5777612,23.2136614],[91.5765166,23.213622],[91.574285,23.2136023],[91.5729117,23.2135037],[91.571753,23.2138981],[91.5694141,23.2149433],[91.5685344,23.2155743],[91.5681052,23.2165603],[91.5678262,23.2175069],[91.5676975,23.2183351],[91.5676975,23.2196366],[91.567719,23.2213916],[91.5677619,23.2222396],[91.5675258,23.2228509],[91.5666246,23.2233241],[91.564908,23.2236199],[91.5638137,23.2236396],[91.5630626,23.2240537],[91.5626335,23.2245861],[91.5623116,23.2257693],[91.561861,23.2281749],[91.5616679,23.2290425],[91.5609383,23.2298707],[91.5587497,23.232296],[91.5583205,23.2330847],[91.5582776,23.2346029],[91.558063,23.2359043],[91.5568828,23.2379154],[91.5567112,23.2386647],[91.5569472,23.2405377],[91.5566468,23.2413658],[91.5561104,23.2418982],[91.5551019,23.241977],[91.5543723,23.2419573],[91.5539646,23.2423319],[91.5535784,23.243298],[91.5531707,23.2456442],[91.5528703,23.2478129],[91.5522909,23.2501985],[91.551454,23.2540429],[91.5506387,23.2551272],[91.5493512,23.2560735],[91.5486002,23.2570789],[91.5477633,23.2591488],[91.5465188,23.2605288],[91.5456176,23.2615342],[91.5448451,23.2636435],[91.5445018,23.2660288],[91.5447807,23.2672312],[91.544888,23.2681972],[91.5445661,23.2687491],[91.5434718,23.2692419],[91.5423131,23.2696953],[91.5418625,23.2702669],[91.541605,23.2715482],[91.5414977,23.2734997],[91.5411114,23.2738151],[91.5406658,23.2738865],[91.5404033,23.2738151],[91.5400171,23.2734997],[91.5391159,23.2723958],[91.5380001,23.2715285],[91.5367555,23.2714891],[91.5355539,23.2718439],[91.5337729,23.2716468],[91.5323138,23.2709766],[91.5315842,23.2699713],[91.5309191,23.2680789],[91.5299535,23.266837],[91.5255761,23.2636041],[91.524117,23.2621453],[91.5228081,23.2597008],[91.521585,23.2583209],[91.5205121,23.2577886],[91.5179157,23.2575717],[91.5144396,23.2571183],[91.5122509,23.2567437],[91.5093756,23.2573352],[91.506865,23.2583011],[91.5045905,23.2601542],[91.5032172,23.2625396],[91.5025306,23.262993],[91.50105,23.262855],[91.4991188,23.2622044],[91.4965868,23.2611793],[91.4945912,23.2595825],[91.4922738,23.2562903],[91.4901709,23.2545949],[91.489377,23.2545949],[91.4887762,23.2547132],[91.4881076,23.255442],[91.4874673,23.258794],[91.4870167,23.2604697],[91.4865017,23.262027],[91.4860296,23.2625396],[91.4851928,23.2626776],[91.483798,23.2626973],[91.4822745,23.2624213],[91.4801931,23.2620467],[91.4774465,23.261889],[91.4748716,23.2613568]]}},{"type":"Feature","properties":{"osm_id":167237578,"group":"muhuri","version":30,"timestamp":"2024-09-15T08:32:36Z","tags":{"name":"Muhuri River","waterway":"river"},"nodes":[1749586559,7654162711,7654162712,7654162713,7654162714,1749586505,12151370236,1749586581,12151370238,12151370237,12151370239,1749586631,1749586617,12151370240,1749586462,7654162780,7654162779,7654162778,7654162777,1749586453,7654162776,7654162775,1749586594,7654162774,1749586599,7654162773,7654162772,1749586604,7654162771,7654162770,1749586491,7654162769,1749586595,7654162768,7654162767,1749586516,7654162766,7654162765,1749586565,7654162764,1749586590,7654162763,1749586554,7654162762,7654162761,10139535704,1749586465,10139535703,7654162760,7654162759,1749586561,7654162758,7654162757,10084563443,10084563444,7654162756,7654162755,7654162754,1749586498,7654162753,7654162752,7654162751,1749586593,1749586627,7654162750,7654162749,7654162748,1749586602,4603784521,4603784520,1749586637,4603784519,1749586461,1749586464,1749586463,1749586458,4603784518,1749586573,4603784517,4603784515,4603784516,1749586598,1749586444,4603784513,4603784514,4603784512,12135290280,1749586574,12135290281,1749586548,12135290282,1749586486,4603784511,1749586572,4603784510,1749586639,4603784506,1749586447,4603784507,4603784508,1749586586,4603784509,1749586618,1749586497,7654188699,1749586587,7654188700,7654188701,1749586445,7654188702,1749586576,7654188703,7654188704,1749586569,1749586466,7654188705,7654188706,7654188707,1749586610,7654188708,7654188709,1749586571,1749586607,7654188710,7654188711,1749586624,12133460717,12133460716,12133460718,7654188712,12133460715,7654188713,1749586530,12133460714,1749586608,12133460713,7654188725,12133460712,1749586494,12133460711,1749586468,7654188724,1749586551,7654188723,12153140602,7654188722,12153140601,12153140603,1749586470,12153140605,7654188721,12153140604,7654188720,12153140606,7654188719,1749586584,9215990635,9215990636,1749586531,7654188718,7654188717,12153140613,1749586575,12153140612,7654188716,12153140611,1749586633,12153140610,7654188715,12153140609,7654188714,12153140608,1749586487,1749586635,9215990634,12153140607,1749586499,9215990633,1749586489,9215990632,9215990631,9215990630,1749586450,9215990629,9215990628,9215990627,1749586521,9215990625,9215990626,9215990622,9215990624,9215990623,1749586478,9215990621,9215990620,1749586508,9215982197,9215982216,9215990617,1749586525,9215990618,9215982199,9215990619,9215982198,9215982214,9215982215,1749586563,9215982212,9215982213,9215982211,9215982202,9215982209,9215982208,9215982207,9215982210,9215982203,9215982204,9215982205,9215982206,9215990664,9215982200,10140023299,10140023300,9215982201,10140023302,10140023301,10140023303,1749586616,10140023304,10140023305,9215990642,10140023306,9215990650,10140023307,9215990641,10140023308,9215990651,10140023310,10140023309,10140023311,9215990643,10140023312,9215990647,10140023313,1749586528,10140023314,9215990649,9215990648,9215990644,9215990645,9215990646,1749586495,9215990654,1749586625,9215990656,9215990657,1749586550,9215990655,9215990652,9215990653,12132798425,1749586526,12132798424,9215990658,12132798423,9215990659,12132798422,1749586467,12132798421,9215990661,12132798420,9215990660,12132798419,9215990662,1749586613,9215990663,1749586476,1749586570,12137675070,12137675072,12137675071,1749586603,12175973892,1749586614,12175973893,12175973894,1749586475,12175973895,12175973896,12175973897,12175973898,12175973899,12175973900,12175986903,12175986901,12175986902,1749586601,6393049716,1749586533,6393049715,6393049714,1749586452,6393049711,6393049712,12175986905,12175986904,6393049713,1749586568,6393049710,1749586615,12175986906,6393049708,1749586488,6393049709,1749586600,1749586524,12175986907,12175986908,1749586474,12175986913,12175986912,12175986910,12175986911,12175986909,1749586513,12131103362,1749586511,1749586546,12133412561,12133412562,1749586504,1749586500,12133412563,12133412564,1749586583,12133412565,1749586622,12133412566,12133412567,1749586555,1749586562,12133412568,1749586509,12133412569,12133412570,1749586493,6390080928,1749586456,6390080927,6390080926,6390080925,1749586543,6390080924,1749586454,6390080923,6390080922,6390080921,6390080920,6390059204,1749586558,1749586506,6390059203,6390059202,6390059201,6390059200,6390059199,6390059198,6390059197,6390059196,6390059195,6390059194,6390059193,6390059192,1749586566,6390056487,6390056486,1749586541,6390056485,6390056084,1749586448,6383201643,6390056083,1749586441,6390038464,6390038463,6390038462,6390038461,6390038460,6390038459,6390038458,1749586589,6390038096,6390038095,6390038094,1749586592,1749586518,6390038093,6390038092,1749586529,6390038091,6390038090,6390038089,6390038088,1749586510,6390038087,6390038086,1749586552,6390038085,6390036484,6390036483,6390036482,1749586605,6390036481,6390036480,1749586455,6390036479,1749586492,6390036478,6390036477,6390036476,1749586620,6390036475,6390036474,1749586460,6390036473,1749586527,6390036472,6390036471,1749586483,6390036470,6390036469,1749586579,1749586443,6390036468,6390036467,6390036466,6390036465,1749586567,6390036464,1749586628,1749586596,6390036463,6390036462,1749586534,1749586588,6390036461,6390036460,1749586459,6390036459,6390036458,12177944322,6390036457,6390036456,1749586632,6390036455,1749586496,6390036454,6390036453,6390036452,1749586481,1749586611,6390036451,6390036450,1749586582,6390036449,6390036448,6390036447,1749586560,1749586451,6390036446,6383201670,1749586634,6383201669,6383201668,6383201667,1749586446,6383201666,1749586517,6383201665,6383201664,6383201663,1749586621,6383201662,6383201661,6383201660,1749586514,6383201658,6383201659,1749586591,6383201657,6383201656,1749586477,6383201655,1749586515,6383201654,1749586472,6383201653,1749586532,6383201652,6383201651,1749586512,6383201650,6383201649,12141412966,1749586557,6383201648,1749586473,6383201647,1749586471,6383201646,5738688092,5738688091,1749586469,1749586519,5738688097,5738688095,1749586449,5738688096,5738688098,1749586485,5738688099,5738688093,1749586612,1749586556,5738688102,5738688101,1749586553,5738688100,5738688106,5738688105,5738688104,5738688103,6383201644,1749586609,1749586501,5738688108,1749586503,5738688107,6383201645,5738688109,1749586549,5738688110,5738688111,5738688112,1749586490,5738688114,1749586577,1749586626,5738688113,1749586578,1749586629,1749586630,5738688127,1749586480,5738688115,5738688116,5738688126,1749586523,5738688124,5738688125,5738688123,1749586484,5738688122,1749586545,1749586479,1749586580,5738688121,1749586522,5738688118,1749586640,5738688119,5738688120,1749586507,1749586597,241894762,5738688117,241895039,3967080196,10143250005,3967080183,3967080175,4943216671,3967080174]},"geometry":{"type":"LineString","coordinates":[[91.4748716,23.2613568],[91.4704299,23.2604696],[91.468606,23.2598092],[91.4657199,23.2588433],[91.4649153,23.2586067],[91.4618153,23.2580668],[91.4592335,23.2576591],[91.4552998,23.2573992],[91.4545638,23.2570738],[91.4537848,23.256699],[91.4527173,23.255437],[91.4518698,23.2542243],[91.4496436,23.2514642],[91.4480419,23.2503459],[91.4468587,23.2499373],[91.4453781,23.2496711],[91.4448631,23.2493754],[91.443994,23.2488381],[91.443699,23.2483551],[91.4434737,23.2476996],[91.4435917,23.2471327],[91.443758,23.2465462],[91.4441979,23.2460237],[91.4458394,23.2442148],[91.4468479,23.2429283],[91.4471537,23.2423911],[91.4471215,23.2419179],[91.4463651,23.2415038],[91.4458555,23.2409567],[91.4454317,23.2403899],[91.4450776,23.2392857],[91.4449811,23.2380534],[91.4452279,23.237107],[91.445421,23.2351846],[91.4456463,23.2345734],[91.4462578,23.2335678],[91.4468801,23.2320002],[91.4470088,23.2312115],[91.4469874,23.2300481],[91.4467406,23.2289538],[91.4453888,23.2257495],[91.4442515,23.2242115],[91.4432001,23.2229297],[91.4421057,23.2221015],[91.4396596,23.2205831],[91.4393856,23.2204512],[91.4387584,23.2201493],[91.4381058,23.2199489],[91.4371371,23.2199577],[91.4353466,23.2201099],[91.4346725,23.2200392],[91.4334154,23.219893],[91.4325785,23.2196563],[91.4318977,23.2193822],[91.4315434,23.2192961],[91.4313093,23.2193714],[91.4310937,23.2196609],[91.4304542,23.2206226],[91.4299347,23.2213167],[91.4294243,23.2216283],[91.4287591,23.2215297],[91.4283085,23.2212339],[91.4278579,23.2208789],[91.4273429,23.2201296],[91.4269995,23.2196366],[91.4265489,23.2194],[91.4256048,23.2189267],[91.4246905,23.218769],[91.4231852,23.2186122],[91.421165,23.2177652],[91.4203646,23.2176883],[91.4198668,23.2181054],[91.4193689,23.218838],[91.4182188,23.2198574],[91.4176395,23.2198575],[91.4127041,23.2175207],[91.411407,23.217075],[91.4103085,23.2163089],[91.4098197,23.2156862],[91.4094544,23.2145558],[91.4092071,23.2134746],[91.4091744,23.2122751],[91.4084342,23.210234],[91.4076059,23.2095798],[91.4069343,23.2094992],[91.4064274,23.2091998],[91.4062194,23.2089429],[91.4061013,23.2086378],[91.406078,23.2083659],[91.4061896,23.2080114],[91.4067123,23.2072966],[91.4073475,23.2065266],[91.407856,23.2057632],[91.4083053,23.2044951],[91.4084985,23.2031096],[91.4083483,23.2012902],[91.4087667,23.2003435],[91.4095285,23.1997913],[91.4110627,23.2001611],[91.4121079,23.2003297],[91.4129724,23.2000575],[91.4132353,23.1990073],[91.4131977,23.1985685],[91.4121079,23.1961879],[91.412065,23.1948468],[91.4123225,23.1940775],[91.4127087,23.192973],[91.4135241,23.1921446],[91.4142108,23.1914543],[91.4145756,23.1905076],[91.4145756,23.1897383],[91.4142322,23.1889888],[91.4136958,23.1881407],[91.4134598,23.1867797],[91.4133525,23.1839393],[91.4135456,23.1832292],[91.4141035,23.1829334],[91.4153051,23.1828347],[91.4160132,23.1826375],[91.4173007,23.1815526],[91.4177727,23.1808031],[91.4177727,23.180231],[91.4163136,23.1766804],[91.4159918,23.1758125],[91.4159059,23.1752009],[91.4160561,23.1745105],[91.4161244,23.174371],[91.4162798,23.1742089],[91.4166826,23.1742656],[91.4170583,23.1743774],[91.4174794,23.1745355],[91.4177428,23.1747286],[91.4183862,23.1751287],[91.4187196,23.1751659],[91.4191101,23.1751631],[91.4193833,23.1750373],[91.4194742,23.1747014],[91.4193259,23.1741603],[91.4188885,23.173682],[91.4181807,23.1731328],[91.4175153,23.1723209],[91.4166569,23.1700326],[91.4168884,23.1689319],[91.417349,23.1686467],[91.4178506,23.1685308],[91.4184057,23.1684568],[91.4187129,23.168463],[91.4190254,23.168521],[91.4195752,23.1687898],[91.4202753,23.1692361],[91.4207983,23.1694802],[91.4212999,23.1695862],[91.4218282,23.1695295],[91.4220589,23.1694358],[91.4222789,23.1692238],[91.4223816,23.168774],[91.4225126,23.1678251],[91.4225007,23.167308],[91.4223218,23.1667382],[91.4220428,23.1661858],[91.4215922,23.1652389],[91.4215949,23.1650095],[91.4216742,23.1647774],[91.4219141,23.1646125],[91.4221716,23.1645089],[91.4224291,23.1644917],[91.4227321,23.1646224],[91.4232096,23.1649503],[91.4237594,23.1651994],[91.4240706,23.1652832],[91.4243603,23.1652389],[91.424607,23.1651155],[91.4248546,23.1649174],[91.4266731,23.1637238],[91.4274563,23.1630925],[91.4278042,23.1629874],[91.4282181,23.1629347],[91.4294905,23.1630807],[91.4300978,23.1627532],[91.4306005,23.1621828],[91.4310602,23.1617702],[91.431293,23.1613594],[91.4313614,23.1607422],[91.4311889,23.1604521],[91.4308982,23.1602285],[91.4297218,23.15974],[91.4291966,23.1591429],[91.4292214,23.1584462],[91.4294633,23.1580429],[91.4297212,23.1571425],[91.4299543,23.1564204],[91.4302303,23.1560732],[91.4307179,23.1559311],[91.4316406,23.1559755],[91.4322629,23.1561777],[91.4328422,23.1563848],[91.4336844,23.1570704],[91.4344006,23.1577091],[91.4347801,23.1579199],[91.4351382,23.1579532],[91.4355874,23.1578805],[91.4359509,23.1576894],[91.4362178,23.1573897],[91.4363988,23.1570309],[91.4364498,23.1562442],[91.4363465,23.1558114],[91.4361789,23.1555167],[91.4354949,23.1553552],[91.4344877,23.1553731],[91.4339741,23.1552726],[91.4337434,23.1550087],[91.433842,23.1545651],[91.434241,23.1542596],[91.4350818,23.1538656],[91.4364592,23.1537676],[91.437064,23.1535907],[91.4370613,23.1532072],[91.436427,23.1527195],[91.4360454,23.1523178],[91.4359619,23.1520874],[91.4359214,23.151778],[91.4362932,23.1508716],[91.4365882,23.1501945],[91.4367489,23.15],[91.4369266,23.1498292],[91.4372219,23.1495697],[91.4375298,23.1493604],[91.4377453,23.1492823],[91.4390807,23.1494336],[91.4400256,23.1495981],[91.4403658,23.1496004],[91.440652,23.1495277],[91.4409465,23.1494241],[91.4412327,23.1493114],[91.4415272,23.1491293],[91.4416636,23.148878],[91.4416951,23.1485147],[91.441639,23.1481872],[91.4415115,23.1477632],[91.4414764,23.1474241],[91.4415084,23.1471391],[91.4415763,23.1469572],[91.4417029,23.1467753],[91.4419433,23.1466054],[91.4422425,23.1464626],[91.442503,23.1463536],[91.4427972,23.1463141],[91.4437829,23.146414],[91.4447888,23.1465743],[91.4453065,23.1465176],[91.4455331,23.1463314],[91.4456525,23.146007],[91.4444026,23.1452721],[91.4434316,23.144103],[91.4425518,23.1432299],[91.442348,23.1428526],[91.4422943,23.1425739],[91.4425572,23.1424259],[91.44282,23.1424161],[91.4438769,23.1426627],[91.4447994,23.14316],[91.4456954,23.1437504],[91.4463678,23.1440102],[91.4469706,23.1441492],[91.4474393,23.1441607],[91.4477368,23.1440914],[91.4480402,23.143882],[91.4483154,23.1436552],[91.4485498,23.1433307],[91.4487231,23.1430627],[91.4488609,23.1426377],[91.4489256,23.1421965],[91.4489923,23.1414144],[91.4490851,23.1406545],[91.4494526,23.1393517],[91.4497852,23.1385467],[91.4501607,23.1381757],[91.4514158,23.1374926],[91.4514755,23.1371671],[91.4513438,23.1369692],[91.4511126,23.1368764],[91.4498321,23.1369079],[91.4484787,23.1363742],[91.4476716,23.1358218],[91.4475775,23.1351903],[91.4480281,23.134401],[91.4489891,23.1335762],[91.4493585,23.1331184],[91.4496159,23.1323883],[91.4492512,23.1319147],[91.4485431,23.131382],[91.4483178,23.130859],[91.4485538,23.1302177],[91.4491117,23.1299711],[91.4495945,23.1300204],[91.4501202,23.1301289],[91.4503132,23.1299396],[91.4503005,23.129529],[91.4503522,23.1289333],[91.4506699,23.1287362],[91.4512849,23.128687],[91.4517537,23.1286319],[91.4526659,23.1283247],[91.4533386,23.127889],[91.4536661,23.1276475],[91.4539719,23.1275784],[91.4542684,23.1276071],[91.4546247,23.1277852],[91.4556812,23.1283019],[91.4561726,23.1283839],[91.4565575,23.1283184],[91.4570338,23.1279549],[91.4586022,23.1263392],[91.4591371,23.1254707],[91.4591538,23.124853],[91.4578135,23.1233693],[91.4576036,23.1229953],[91.4575875,23.1226895],[91.4577439,23.1224024],[91.458022,23.1223096],[91.4585477,23.1223984],[91.458891,23.1224773],[91.4593255,23.1224477],[91.4599907,23.122354],[91.4610827,23.1218705],[91.4613169,23.1216345],[91.4634087,23.1195261],[91.4639237,23.1170001],[91.4622041,23.1168231],[91.4617814,23.1164674],[91.4614897,23.1158713],[91.4618637,23.1147898],[91.461954,23.1142836],[91.4630105,23.1139858],[91.4634087,23.1133689],[91.4622859,23.1127225],[91.4617806,23.1122149],[91.4620095,23.1117764],[91.4626094,23.1113631],[91.463929,23.1105676],[91.4657217,23.1098742],[91.4663785,23.1091444],[91.4665535,23.1084907],[91.4664635,23.1076581],[91.4661704,23.1068933],[91.4658119,23.1050008],[91.4660837,23.1033798],[91.4657001,23.1026133],[91.4656461,23.1021166],[91.4663741,23.1014833],[91.4671304,23.1012428],[91.4681164,23.1012314],[91.4685087,23.1014299],[91.4685983,23.1017417],[91.4681959,23.1019917],[91.4677631,23.1022138],[91.4677136,23.1024164],[91.4681386,23.102978],[91.4687692,23.1033199],[91.4692239,23.1034902],[91.4699978,23.1034256],[91.4705852,23.1028416],[91.4707919,23.1024176],[91.4707208,23.1019539],[91.4704549,23.1013866],[91.47027,23.1008147],[91.470111,23.1002282],[91.4700494,23.099795],[91.4701966,23.0993106],[91.4705338,23.099075],[91.4710481,23.0989708],[91.471624,23.0989056],[91.4721929,23.0989116],[91.4725389,23.0989317],[91.4731086,23.098991],[91.4732897,23.0989453],[91.4734402,23.0987541],[91.4733819,23.0982113],[91.4733129,23.0974219],[91.4731204,23.0961941],[91.4726419,23.0949527],[91.472301,23.0942678],[91.4720138,23.0937309],[91.4713764,23.0930862],[91.4710571,23.0926166],[91.4709871,23.092226],[91.471023,23.0918537],[91.4713096,23.091592],[91.4716643,23.0915409],[91.4721446,23.0915308],[91.4725322,23.0913457],[91.47318,23.0909559],[91.4735645,23.0902167],[91.4737316,23.0878785],[91.4735387,23.0870857],[91.4727964,23.0861772],[91.472404,23.08561],[91.4723499,23.0850685],[91.4723947,23.0841504],[91.4724433,23.0831906],[91.4723476,23.0822474],[91.472415,23.0813356],[91.4725165,23.0810075],[91.4726871,23.0807748],[91.4735736,23.0807315],[91.4739544,23.0805753],[91.4742141,23.0801512],[91.4741757,23.0796173],[91.4733436,23.0781688],[91.4733961,23.0776507],[91.4736908,23.077356],[91.4740517,23.077292],[91.4762242,23.078361],[91.4767043,23.0784962],[91.4770329,23.0783477],[91.4776834,23.0770435],[91.4778649,23.077117],[91.4790211,23.0783656],[91.479352,23.0783666],[91.479718,23.0781543],[91.4801457,23.0771498],[91.4804658,23.0745784],[91.4808166,23.0741503],[91.48124,23.0740899],[91.4823987,23.0740603],[91.483021,23.0737149],[91.4835384,23.0730579],[91.4836695,23.0722232],[91.4834931,23.0715433],[91.4829995,23.0709166],[91.4823344,23.070349],[91.481476,23.0700825],[91.4803173,23.0696284],[91.479718,23.0691106],[91.4793762,23.0685532],[91.4793363,23.0678728],[91.4794884,23.0671412],[91.4801457,23.06645],[91.4806821,23.0659169],[91.4808323,23.0652852],[91.4798882,23.0639032],[91.4795543,23.0630497],[91.4795234,23.0622645],[91.4795448,23.0614156],[91.4791157,23.0597572],[91.4784657,23.0581323],[91.4784642,23.0568387],[91.4790212,23.0561797],[91.4795111,23.0555574],[91.4794732,23.0550905],[91.4791274,23.054466],[91.4790668,23.0543566],[91.4790271,23.0539365],[91.4793517,23.053459],[91.4812735,23.0527744],[91.4819481,23.0522941],[91.4819823,23.0519048],[91.4810724,23.0502914],[91.4810363,23.0493782],[91.4817979,23.0484834],[91.4825704,23.0471012],[91.4825888,23.0461358],[91.4826287,23.0447559],[91.4829352,23.0442974],[91.4845801,23.0437748],[91.4853969,23.0432261],[91.485907,23.0425725],[91.4855745,23.0417305],[91.484051,23.0408025],[91.4833972,23.0401578],[91.4834716,23.0393807],[91.4847805,23.038275],[91.4855828,23.0373058],[91.4857285,23.0363716],[91.4857753,23.0340733],[91.4861109,23.0330026],[91.4866581,23.0316795],[91.4868619,23.030396],[91.4865482,23.0291961],[91.4865174,23.028149],[91.4868246,23.0271995],[91.487025,23.0264425],[91.4869866,23.0259762],[91.4865233,23.0252742],[91.485918,23.0246211],[91.4854242,23.0240568],[91.4858954,23.023526],[91.4874086,23.0231891],[91.4896085,23.0230892],[91.4910516,23.0229446],[91.4914503,23.0224745],[91.4914109,23.0220425],[91.4909174,23.0214303],[91.490102,23.0208971],[91.4886,23.0202256],[91.4873125,23.0191591],[91.4860723,23.0176176],[91.4849093,23.0153871],[91.4848288,23.0146662],[91.4853062,23.0141033],[91.4875056,23.0124838],[91.4882379,23.0120869],[91.4889274,23.011927],[91.4919882,23.0121499],[91.4925052,23.0121876],[91.4930632,23.0121481],[91.4935781,23.0117136],[91.4935244,23.0102108],[91.4925267,23.00725],[91.492121,23.0054851],[91.4919734,23.0047574],[91.4920592,23.0035328],[91.4923766,23.0022727],[91.492355,22.9999617],[91.4912438,22.9986936],[91.4904928,22.9980023],[91.490102,22.9968014],[91.4905786,22.9961456],[91.4912867,22.995711],[91.4928271,22.9945693],[91.4939475,22.993795],[91.4945912,22.9929456],[91.4956381,22.991962],[91.4980843,22.9912706],[91.500535,22.9915234],[91.501522,22.9910098],[91.5018823,22.9903817],[91.502037,22.9893308],[91.5015864,22.9881653],[91.5012646,22.9870591],[91.5011787,22.9862887],[91.5012646,22.9857949],[91.5013935,22.9855382],[91.5018393,22.9853841],[91.5027621,22.9855223],[91.5041613,22.986348],[91.5055215,22.9868616],[91.50635,22.9870394],[91.5067685,22.9868517],[91.5069937,22.9863875],[91.5070107,22.9851272],[91.5069508,22.9842145],[91.5072083,22.9825749],[91.5077233,22.9798488],[91.5095856,22.9746769],[91.5092683,22.9734481],[91.5080406,22.9726421],[91.5050366,22.9714567],[91.5039253,22.9704847],[91.503277,22.9693428],[91.5014745,22.9643048],[91.4993932,22.96144],[91.4987969,22.9605865],[91.4983761,22.9593615],[91.4984751,22.9587095],[91.4989042,22.9582748],[91.4998269,22.9572869],[91.5015819,22.9553348],[91.5021443,22.9541453],[91.5024233,22.9529005],[91.5021872,22.9516952],[91.5022041,22.9504939],[91.5019512,22.9481978],[91.5026119,22.9459887],[91.5052941,22.9429062],[91.5060022,22.9403175],[91.5050626,22.9391082],[91.5037406,22.937883],[91.5023374,22.9371321],[91.5011012,22.9361243],[91.5003848,22.9355512],[91.5003204,22.934741],[91.5015175,22.9337371],[91.5040924,22.9331047],[91.5049667,22.9331598],[91.5069508,22.9328241],[91.5085113,22.9321067],[91.5083004,22.9277723],[91.5069118,22.9225755],[91.5048064,22.9173787],[91.502304,22.9117685],[91.5013139,22.91084],[91.5003405,22.9104928]]}},{"type":"Feature","properties":{"osm_id":257758517,"group":"sangu","version":17,"timestamp":"2024-02-19T13:19:23Z","tags":{"name":"সাঙ্গু নদী","name:bn":"সাঙ্গু নদী","name:en":"Sangu River","waterway":"river"},"nodes":[11641045147,11641045146,11641045145,11641045144,11641045143,11641045142,11641045141,10703761924,10703761923,10703761922,10703761921,10703761920,10703761918,10703761917,10703761916,10703761915,11641045148,10703761914,10703761913,10703761912,10703761911,10703761910,10703761909,10029912548,10029912547,10029912546,10029912545,10029912544,10029912543,10029912542,10029912541,10029912540,10029912539,10029912538,10029912537,10029912536,10029912535,10029912534,10029912533,10029912532,10029912531,10029912530,10029912529,10029912528,10029912527,10029912526,10029912525,10029912524,10029912505,10029912523,10029912522,10029912521,10029912520,10029912519,10029912518,10029912517,10029912516,10029912515,10029912514,10029912513,10029912509,10029912512,10029912508,10029912507,10029912511,10029912506,10029912510,10029912504,10029912503,10029912502,10029912501,10029912490,10029912500,10029912499,10029912498,10029912497,10029912496,10029912495,10029912494,10029912493,10029912492,10029912489,10029912491,10029912488,10029912487,10703757880,10029912486,10029912485,10029912484,10029912483,10029912482,10029912481,10029912478,10029912479,10029912480,10029912477,10029912476,10029912475,10029912474,10029912473,10029912472,10029912471,10029912470,10029912469,10029912468,10029912467,10029912466,10029912465,10029912464,10029912463,10029912462,10029912461,10029912460,10029912459,10029912458,10029912457,10029912456,10029912455,10029912454,10029912453,10029912452,10029912451,10029912450,10029912449,10029912448,10029912447,10029912446,10029912445,10029912444,10029912443,10029912442,10029912440,10029912441,10029912439,10029912438,10029912437,10029912436,10029912435,10029912434,10029912433,10029912432,10029912431,10029912430,10029912429,10029912428,10029912427,10029912426,10029912425,10029912424,10029912423,10029912422,10029912421,10029912420,10029912419,10029912418,10029912417,10029912416,10029912415,10029912414,10029912413,10029912412,10029912411,10029912410,10029912409,10029912408,10029912407,10029912406,10029912405,10029912404,10029912403,10029912402,10029912401,10029912400,10029912399,10029912398,10029912397,10029912396,10029912395,10029912394,10029912393,10029912392,10029912391,10029912390,10029912389,10029912388,10029912387,10029912386,10029912385,10029912384,10029912383,10029912382,10029912381,10029912380,10029912379,10029912378,10029912377,10029912376,10029912375,10029912374,10029912373,10029912372,10029912371,10029912370,10029912369,10029912368,10029912367,10029912366,10029912365,10029912364,10029912363,10029912362,10029912361,10029912360,10029912359,10029912358,10029912357,10029912356,10029912355,10029912354,10029912353,10029912352,10029912351,10029912350,10029912349,10029912348,10029912347,10029912346,10029912345,10029912344,10029912343,10029912342,10029912341,10029912340,10029912339,10029912338,10029912337,10029912336,10029912335,10029912334,10029912333,10029912332,10029912331,10029912330,10029912329,10029912328,10029912327,10029912326,10029912325,10029912324,10029912323,10029912322,10029912321,10029912320,10029912319,10029912318,10029912317,10029912316,10029912315,10029912314,10029912313,10029912312,10029912311,10029912310,10029912309,10029912308,10029912307,10029912306,10029912305,10029912304,10029912303,10029912302,10029912301,10029912300,10029912299,10029912288,10029912298,10029912297,10029912289,10029912296,10029912295,10029912290,10029912294,10029912293,10029912292,10029912291,10029912287,10029912286,10029912285,10029912284,10029912283,10029912282,10029912281,10029912280,10029912279,10029912278,10029912277,10029912276,10029912275,10029912274,10029912273,10029912272,10029912271,10029912270,10029912269,10029912268,10029912267,10029912266,10029912265,10029912264,10029912258,10029912257,10029912256,10029912255,10029912254,10029912253,10029912252,10029912251,10029912250,10029912249,10029912248,10029912247,10029912246,10029912245,10029912244,10029912233,10029912232,10029912231,10029912230,10029912229,10029912228,10029912227,10029912226,10029912225,10029912224,10029912223,10029912222,10029912221,10029912220,10029912219,10029912218,10029912217,10029912216,10029912215,10029912214,10029912213,10029912212,10029912211,10029912210,10029912209,10029912208,10029912207,10029912206,10029912205,10029912204,10029912203,10029912202,10029912201,10029912200,10029912199,10029912198,10029912197,10029912196,10029912195,10029912194,10029912193,10029912192,10029912191,10029912190,10029912189,10029912188,10029912187,10029912186,10029912185,10029912184,10029912183,10029912182,10029912181,10029912180,10029912179,10029912178,10029912177,10029912176,10029912175,10029912174,10029912173,10029912172,10029912171,10029912170,10029912169,10029912168,10029912167,10029912166,10029912165,10029912164,10029912163,10029912162,10029912161,10029912160,10029912159,10029912158,10029912157,10029912156,10029912155,10029912154,10029912153,10029912152,10029912151,10029912150,10029912149,10029912148,10029912147,10029912146,10029912145,10029912144,10029912143,10029912142,10029912141,10029912140,10029912139,10029912138,10029912137,10029912136,10029912135,10029912134,10029912133,10029912132,10029912131,10029912130,10029912129,10029912128,10029912127,10029912126,10029912125,10029912124,10029912123,10029912122,10029912121,10029912120,10029912119,10029912118,10029912117,10029912116,10029912115,10029912114,10029912113,10029912112,10029912111,10029912110,10029912109,10029912108,10029912107,10029912106,10029912105,10029912104,10029912103,10029912102,10029912101,10029912100,10029912099,10029912098,10029912097,10029912096,10029912095,10029912094,10029912093,10029912092,10029912091,10029912090,10029912089,10029912088,10029912087,10029912086,10029912085,10029912084,10029912083,10029912082,10029912081,10029912080,10029912079,10029912078,10029912077,10029912076,10029912075,10029912074,10029912073,10029912072,10029912071,10029912070,10029912069,10029912068,10029912067,10029912066,10029912065,10029912064,10029912063,10029912062,10029912061,10029912060,10029912059,10029912058,10029912057,10029912056,10029912055,10029912054,10029912053,10029912052,10029912051,10029912050,10029912049,10029912048,10029912047,10029912046,10029912045,10029912044,10029912043,10029912042,10029912041,10029912040,10029912039,10029912038,10029912037,10029912036,10029912035,10029912034,10029912033,10029912032,10029912031,10029912030,10029912029,10029912028,10029912027,10029912026,10029912025,10029912024,10029912023,10029912022,10029912021,10029912020,10029912019,10029912018,10029912017,10029912016,10029912015,10029912014,10029912013,10029912012,10029912011,10029912010,10029912009,10029912008,10029912007,10029912006,10029912005,10029912004,10029912003,10029912002,10029912001,10029912000,10029911999,10029911998,10029911997,10029911996,10029911995,10029911994,10029911993,10029911992,10029911991,10029911990,10029911989,10029911988,10029911987,10029911986,10029911985,10029911984,10029911983,10029911982,10029911981,10029911980,10029911979,10029911978,10029911977,10029911976,10029911975,10029911974,10029911973,10029911972,10029911971,10029911970,10029911969,10029911968,10029911967,10029911966,10029911965,10029911964,10029911963,10029911962,10029911961,10029911960,10029911959,10029911958,10029911957,10029911956,10029911955,10029911954,10029911953,10029911952,10029911951,10029911950,10029911949,10029911948,10029911947,10029911946,10029911945,10029911944,10029911943,10029911942,10029911941,10029911940,10029911939,10029911938,10029911937,10029911936,10029911935,10029911934,10029911933,10029911932,10029911930,10029911929,10029911928,10029911915,10029911914,10029911913,10029911912,10029911911,10029911910,10029911907,10029911906,10029911905,10029911904,10029911903,10029911902,10029911901,10029911900,10029911899,10029911898,10029911897,10029911896,10029911895,10029911894,10029911893,10029911892,10029911891,10029911890,10029911889,10029911888,10029911887,10029911886,10029911885,10029911884,10029911883,10029911882,10029911881,10029911880,10029911879,10029911878,10029911877,10029911876,10029911875,10029911874,10029911873,10029911872,10029911871,10029911870,10029911869,10029911868,10029911867,10029911866,10029911865,10029911864,10029911863,10029911862,10029911861,10029911860,10029911859,10029911858,10029911857,10029911856,10029911855,10029911854,10029911853,10029911852,10029911851,10029911850,10029911849,10029911848,10029911847,10029911846,10029911845,10029911844,10029911843,10029911842,10029911841,10029911840,10029911839,10029911838,10029911837,10029911836,10029911835,10029911834,10029911833,10029911832,10029911831,10029911830,10029911829,10029911828,10029911827,10029911826,10029911825,10029911824,10029911823,10029911822,10029911821,10029911820,10029902515,10029911819,10029911818,10029911817,10031970884,10031971528,10031971527,10031971526,10031971525,10031971524,10031971523,10031971522,10031971521,10031971520,10031971519,10031971518,10031971517,10031971516,10031971515,10031971514,10031971513,10031971512,10031971511,10031971510,10031971509,10031971508,10031971507,10031971506,10031971505,10031971504,10031971503,10031971502,10031971501,10031971500,10031971499,10031971498,10031971497,10031971496,10031971495,10031971494,10031971493,10031971492,10031971491,10031971490,10031971489,10031971488,10031971487,10031971486,10031971485,10031971484,10031971483,10031971482,10031971481,10031971480,10031971479,10031971478,10031971477,10031971476,10031971475,10031971474,10031971473,10031971472,10031971471,10031971470,10031971469,10031971468,10031971467,10031971466,10031971465,10031971464,10031971463,10031971462,10031971461,10031971460,10031971459,10031971458,10031971457,10031971456,10031971455,10031971454,10031971453,10031971452,10031971451,10031971450,10031971449,10031971448,10031971447,10031971446,10031971445,10031971444,10031971443,10031971442,10031971441,10031971440,10031971439,10031971438,10031971437,10031971436,10031971435,10031971434,10031971433,10031971432,10031971431,10031971430,10031971429,10031971428,10031971427,10031971426,10031971425,10031971424,10031971423,10031971422,10031971421,10031971420,10031971419,10031971418,10031971417,10031971416,10031971415,10031971414,10031971413,10031971412,10031971411,10031971410,10031971409,10031971408,10031971407,10031971406,10031971405,10031971404,10031971403,10031971402,10031971401,10031971400,10031971399,10031971398,10031971397,10031971396,10031971395,10031971394,10031971393,10031971392,10031971391,10031971390,10031971389,10031971388,10031971387,10031971386,10031971385,10031971384,10031971383,10031971382,10031971381,10031971380,10031971379,10031971378,10031971377,10031971376,10031971375,10031971374,10031971373,10031971372,10031971371,10031971370,10031971369,10031971368,10031971367,10031971366,10031971365,10031971364,10031971363,10031971362,10031971361,10031971360,10031971359,10031971358,10031971357,10031971356,10031971355,10031971354,10031971353,10031971352,10031971351,10031971350,10031971349,10031971348,10031971347,10031971346,10031971345,10031971344,10031971343,10031971342,10031971341,10031971340,10031971339,10031971338,10031971337,10031971336,10031971335,10031971334,10031971333,10031971332,10031971331,10031971330,10031971329,10031971328,10031971327,10031971326,10031971325,10031971324,10031971323,10031971322,10031971321,10031971320,10031971319,10031971318,10031971317,10031971316,10031971315,10031971314,10031971313,10031971312,10031971311,10031971310,10031971309,10031971308,10031971307,10031971306,10031971305,10031971304,10031971303,10031971302,10031971301,10031971300,10031971299,10031971298,10031971297,10031971296,10031971295,10031971294,10031971293,10031971292,10031971291,10031971290,10031971289,10031971288,10031971287,10031971286,10031971285,10031971284,10031971283,10031971282,10031971281,10031971280,10031971279,10031971278,10031971277,10031971276,10031971275,10031971274,10031971273,10031971272,10031971271,10031971270,10031971269,10031971268,10031971267,10031971266,10031971265,10031971264,10031971263,10031971262,10031971261,10031971260,10031971259,10031971258,10031971257,10031971256,10031971255,10031971254,10031971253,10031971252,10031971251,10031971250,10031971249,10031971248,10031971247,10031971246,10031971245,10031971244,10031971243,10031971242,10031971241,10031971240,10031971239,10031971238,10031971237,10031971236,10031971235,10031971234,10031971233,10031971232,10031971231,10031971230,10031971229,10031971228,10031971227,10031971226,10031971225,10031971224,10031971223,10031971222,10031971221,10031971220,10031971219,10031971218,10031971217,10031971216,10031971215,10031971214,10031971213,10031971212,10031971211,10031971210,10031971209,10031971208,10031971207,10031971206,10031971205,10031971204,10031971203,10031971202,10031971201,10031971200,10031971199,10031971198,10031971197,10031971196,10031971195,10031971194,10031971193,10031971192,10031971191,10031971190,10031971189,10031971188,10031971187,10031971186,10031971185,10031971184,10031971183,10031971182,10031971181,10031971180,10031971179,10031971178,10031971177,10031971176,10031971175,10031971174,10031971173,10031971172,10031971171,10031971170,10031971169,10031971168,10031971167,10031971166,10031971165,10031971164,10031971163,10031971162,10031971161,10031971160,10031971159,10031971158,10031971157,10031971156,10031971155,10031971154,10031971153,10031971152,10031971151,10031971150,10031971149,10031971148,10031971147,10031971146,10031971145,10031971144,10031971143,10031971142,10031971141,10031971140,10031971139,10031971138,10031971137,10031971136,10031971135,10031971134,10031971133,10031971132,10031971131,10031971130,10031971129,10031971128,10031971127,10031971126,10031971125,10031971124,10031971123,10031971122,10031971121,10031971120,10031971119,10031971118,10031971117,10031971116,10031971115,10031971114,10031971113,10031971112,10031971111,10031971110,10031971109,10031971108,10031971107,10031971106,10031971105,10031971104,10031971103,10031971102,10031971101,10031971100,10031971099,10031971098,10031971097,10031971096,10031971095,10031971094,10031971093,10031971092,10031971091,10031971090,10031971089,10031971088,10031971087,10031971086,10031971085,10031971084,10031971083,10031971082,10031971081,10031971080,10031971079,10031971078,10031971077,10031971076,10031971075,10031971074,10031971073,10031971072,10031971071,10031971070,10031971069,10031971068,10031971067,10031971066,10031971065,10031971064,10031971063,10031971062,10031971061,10031971060,10031971059,10031971058,10031971057,10031971056,10031971055,10031971054,10031971053,10031971052,10031971051,10031971050,10031971049,10031971048,10031971047,10031971046,10031971045,10031971044,10031971043,10031971042,10031971041,10031971040,10031971039,10031971038,10031971037,10031971036,10031971035,10031971034,10031971033,10031971032,10031971031,10031971030,10031971029,10031971028,10031971027,10031971026,10031971025,10031971024,10031971023,10031971022,10031971021,10031971020,10031971019,10031971018,10031971017,10031971016,10031971015,10031971014,10031971013,10031971012,10031971011,10031971010,10031971009,10031971008,10031971007,10031971006,10031971005,10031971004,10031971003,10031971002,10031971001,10031971000,10031970999,10031970998,10031970997,10031970996,10031970995,10031970994,10031970993,10031970992,10031970991,10031970990,10031970989,10031970988,10031970987,10031970986,10031970985,10031970984,10031970983,10031970982,10031970981,10031970980,10031970979,10031970978,10031970977,10031970976,10031970975,10031970974,10031970973,10031970972,10031970971,10031970970,10031970969,10031970968,10031970967,10031970966,10031970965,10031970964,10031970963,10031970962,10031970961,10031970960,10031970959,10031970958,10031970957,10031970956,10031970955,10031970954,10031970953,10031970952,10031970951,10031970950,10031970949,10031970948,10031970947,10031970946,10031970945,10031970944,10031970943,10031970942,10031970941,10031970940,10031970939,10031970938,10031970937,10031970936,10031970935,10031970934,10031970933,10031970932,10031970931,10031970930,10031970929,10031970928,10031970927,10031970926,10031970925,10031970924,10031970923,10031970922,10031970921,10031970920,10031970919,10031970918,10031970917,10031970916,10031970915,10031970914,10031970913,10031970912,10031970911,10031970910,10031970909,10031970908,10031970907,10031970885,10031970906,10031970905,10031970904,10031970903,10031970902,10031970901,10031970900,10031970899,10031970898,10031970897,10031970896,10031970895,10031970894,10031970893,10031970892,10031970891,10031970890,10031970889,10031970888,10031970887,10031970886,4841780753,10034519495,10034540834,10034519494,10034540833,10034540832,10034519493,10034540831,10034519492,10034519491,10034540830,10034519490,10034519489,10034519488,10034519487,10034519486,10034519485,10034519484,10034540829,10034540828,10034519483,10034540827,10034519482,10034540826,10034519481,10034519480,10034540825,10034540824,10034519479,10034519478,10034540823,10034540822,10034519477,10034540821,10034540820,10034540819,10034519476,10034540818,10034519475,10034540817,10034519474,10034322616,10034519473,10034519472,10034322615,10034519471,10034519470,10034322613,10034322614,10034322612,10034519469,10034322611,10034322610,10034322609,10034519468,10034519467,10034322607,10034322608,10034322606,10034519466,10034322605,10034519465,10034322604,10034519464,10034519463,10034322603,10034519462]},"geometry":{"type":"LineString","coordinates":[[92.6074474,21.2725049],[92.6076244,21.2725599],[92.6078014,21.2727049],[92.6078765,21.2728898],[92.6080053,21.2729098],[92.6081072,21.2728098],[92.6083164,21.2726699],[92.6084823,21.272692],[92.6089168,21.272932],[92.6092655,21.272892],[92.6095659,21.272877],[92.6097966,21.2727121],[92.6099039,21.2725821],[92.6100648,21.2725421],[92.6104296,21.2726121],[92.6106871,21.273002],[92.6109097,21.273082],[92.6111645,21.273062],[92.6115239,21.272952],[92.6118244,21.2731369],[92.6121301,21.2732569],[92.612688,21.273262],[92.6131762,21.2731469],[92.6136357,21.2731513],[92.6139253,21.2732163],[92.614097,21.2732976],[92.6141654,21.2733788],[92.614156,21.27348],[92.6141064,21.2735575],[92.6140219,21.2736312],[92.613759,21.2737725],[92.6136491,21.2737924],[92.6134238,21.2737937],[92.61324,21.2738712],[92.6131918,21.2739362],[92.613173,21.2740686],[92.613181,21.2741186],[92.6132561,21.2742298],[92.6133312,21.2742673],[92.6134452,21.2742661],[92.6135257,21.2742473],[92.6136906,21.2741661],[92.6139602,21.2741199],[92.6142526,21.2741249],[92.6143049,21.2741124],[92.6143612,21.2740549],[92.6144135,21.2740486],[92.6144698,21.2741361],[92.6144966,21.2742486],[92.6144966,21.2743673],[92.6144256,21.274571],[92.6144417,21.2746785],[92.6145168,21.2747922],[92.6146355,21.2749022],[92.6147541,21.2749691],[92.6148366,21.2749753],[92.6149298,21.2749647],[92.6150089,21.2749122],[92.6150505,21.2748391],[92.6150505,21.2747322],[92.6150358,21.2746329],[92.6149955,21.2745579],[92.6148587,21.2744411],[92.6147971,21.2743861],[92.6147575,21.2743379],[92.6147575,21.2742823],[92.6147699,21.2742373],[92.614895,21.2739737],[92.6150344,21.2738537],[92.615304,21.2738737],[92.6154877,21.2739837],[92.615819,21.2742786],[92.6160577,21.2746385],[92.6161569,21.2750634],[92.6161663,21.2754446],[92.616228,21.2755633],[92.6163058,21.2755995],[92.6164399,21.2755145],[92.6165391,21.2750284],[92.6167162,21.2746685],[92.6168798,21.2744223],[92.6170152,21.2743536],[92.6171695,21.2743023],[92.6172861,21.2743086],[92.6173572,21.2743511],[92.617445,21.2744607],[92.6175785,21.2746273],[92.6177837,21.2748197],[92.6181123,21.2749634],[92.6182491,21.2750597],[92.6182893,21.2751259],[92.6182826,21.2752309],[92.6182786,21.2753671],[92.6182464,21.2755208],[92.6182038,21.2758257],[92.618168,21.2760752],[92.6180712,21.2761901],[92.61798,21.2762273],[92.6178658,21.2762273],[92.6178041,21.276316],[92.6178353,21.2764212],[92.6178829,21.2764637],[92.6179916,21.2764749],[92.6181223,21.2765799],[92.6182269,21.2766212],[92.6182558,21.2767074],[92.618361,21.2768592],[92.6184274,21.277146],[92.618414,21.2771823],[92.6183577,21.2772248],[92.6182021,21.2772148],[92.6181237,21.2772922],[92.6180807,21.2772935],[92.6180244,21.2772416],[92.6179406,21.2772335],[92.6179178,21.2772491],[92.6179077,21.2773285],[92.6179466,21.2774266],[92.617887,21.2774884],[92.6178776,21.2775653],[92.6179111,21.2776172],[92.6179305,21.277719],[92.6180003,21.2778434],[92.6180687,21.2779146],[92.618178,21.2779496],[92.6182779,21.2780239],[92.6184744,21.2780895],[92.6185589,21.2781801],[92.6187821,21.2782526],[92.6189102,21.2783395],[92.61899,21.2784601],[92.6190296,21.2785638],[92.6190376,21.2786619],[92.6190189,21.2788087],[92.6189934,21.2789125],[92.6189464,21.2789299],[92.6188807,21.2790137],[92.6188713,21.2790649],[92.6188901,21.2791674],[92.6188244,21.2792536],[92.6188056,21.2793823],[92.6187681,21.2794204],[92.618701,21.2794436],[92.6185481,21.2794304],[92.6185226,21.2794192],[92.618465,21.2793411],[92.6183932,21.2792899],[92.6183114,21.2791818],[92.618131,21.2791386],[92.6179741,21.2791486],[92.6179131,21.2791143],[92.6178963,21.2790799],[92.617889,21.2788306],[92.6178883,21.2787306],[92.6179071,21.2785519],[92.6178809,21.2785063],[92.6176905,21.2784469],[92.6176422,21.2784145],[92.61761,21.2783776],[92.6175946,21.278307],[92.6175671,21.2782614],[92.6175403,21.2782545],[92.6175128,21.2782845],[92.6174866,21.2782882],[92.6174377,21.2782607],[92.6173163,21.278157],[92.6172466,21.2781414],[92.6172164,21.2781464],[92.6172077,21.278157],[92.6172298,21.2782058],[92.6173036,21.2782764],[92.617323,21.2783132],[92.6173136,21.2784532],[92.6172982,21.2784757],[92.617254,21.2784744],[92.6172171,21.2784532],[92.6171259,21.2783726],[92.6170877,21.2783607],[92.6170816,21.2784282],[92.6171225,21.2785607],[92.6171299,21.2787244],[92.6171071,21.2787575],[92.6170675,21.27878],[92.6170528,21.2788687],[92.6169851,21.2789524],[92.6169717,21.279083],[92.6169475,21.279153],[92.6168818,21.2792411],[92.6168764,21.2792786],[92.6168939,21.2793405],[92.6168925,21.2794467],[92.6169133,21.2794967],[92.6169489,21.2795367],[92.6170836,21.279641],[92.6171185,21.2796835],[92.617148,21.2797416],[92.6171433,21.279781],[92.6171098,21.2798222],[92.6171084,21.2798616],[92.6171259,21.2798978],[92.6171936,21.279969],[92.6172097,21.2799984],[92.6172379,21.2802446],[92.6172808,21.2803708],[92.6172821,21.280552],[92.6173237,21.2806282],[92.6173706,21.2808119],[92.6173653,21.2808644],[92.6173304,21.2809044],[92.6173224,21.2809294],[92.6173291,21.2810056],[92.6173452,21.2810656],[92.6173297,21.2811825],[92.6173552,21.2812275],[92.6173961,21.2812443],[92.617437,21.2812412],[92.6175584,21.2811793],[92.6176107,21.2811637],[92.6177642,21.2811337],[92.6178635,21.2811319],[92.6179466,21.2811494],[92.6180352,21.2812093],[92.6181377,21.2812599],[92.6183429,21.2812674],[92.6184281,21.2812574],[92.6184516,21.2812462],[92.6184864,21.2812081],[92.6185374,21.2811893],[92.6186769,21.2811581],[92.6187627,21.2811556],[92.6188686,21.2812031],[92.6189625,21.2812643],[92.6191194,21.2813381],[92.6192509,21.2813693],[92.619334,21.2814455],[92.6194601,21.2816805],[92.6194614,21.2817329],[92.6194949,21.2819141],[92.6194534,21.2820541],[92.6194359,21.2822391],[92.619448,21.282329],[92.619448,21.2824459],[92.6194782,21.2825752],[92.619513,21.2826646],[92.619558,21.2827164],[92.6196586,21.2827508],[92.6197819,21.2827602],[92.619849,21.282737],[92.6198926,21.2826852],[92.6199704,21.2826196],[92.6200823,21.282559],[92.6201588,21.2824971],[92.620254,21.2823384],[92.6203157,21.282289],[92.6203278,21.2822522],[92.6203217,21.2821328],[92.6203439,21.2819854],[92.6203184,21.281821],[92.6202587,21.2817304],[92.6202191,21.2816211],[92.6201937,21.281593],[92.6200569,21.2815849],[92.6200012,21.2815405],[92.6200314,21.2814855],[92.6201005,21.2814455],[92.6201119,21.2814224],[92.6201092,21.2813849],[92.6200522,21.2812275],[92.6200267,21.2810781],[92.6200267,21.2810406],[92.6200891,21.2809038],[92.6201514,21.2808469],[92.6202822,21.2807607],[92.6204015,21.2807045],[92.6204672,21.2806532],[92.6205625,21.2806083],[92.6206684,21.2805833],[92.6207542,21.280567],[92.6208562,21.2805695],[92.6209621,21.280582],[92.6210466,21.2806095],[92.6211096,21.280652],[92.6211499,21.2807495],[92.6211686,21.2808544],[92.62117,21.2809332],[92.6211673,21.2810094],[92.6211472,21.2810844],[92.6211499,21.2811344],[92.6211391,21.2812118],[92.6211257,21.2812343],[92.6210681,21.2812968],[92.6210479,21.2813456],[92.6210412,21.2813955],[92.6210412,21.2814243],[92.6210506,21.281448],[92.6211257,21.2815255],[92.6211277,21.2815486],[92.6211103,21.2816148],[92.6211009,21.2816392],[92.6210593,21.2816767],[92.6210091,21.2817017],[92.6209547,21.2817211],[92.6209172,21.2817392],[92.6208957,21.2817554],[92.620887,21.2817679],[92.6208823,21.2817979],[92.6208884,21.2818373],[92.620887,21.2818841],[92.6208763,21.2819391],[92.6208696,21.2820416],[92.6208803,21.2820666],[92.6210949,21.282244],[92.6212089,21.282364],[92.6213564,21.2824902],[92.6213939,21.2825277],[92.6214328,21.2825977],[92.6214261,21.2826477],[92.6214114,21.2826689],[92.6213658,21.2828114],[92.6213242,21.2829976],[92.6212826,21.2830676],[92.6212639,21.2830888],[92.6212008,21.2831138],[92.6211432,21.2831188],[92.621178,21.2831801],[92.6212518,21.2832051],[92.6212089,21.2833375],[92.6212196,21.28342],[92.6212303,21.2835337],[92.6212531,21.2836087],[92.6212732,21.2838448],[92.6213336,21.2839661],[92.621351,21.284261],[92.6213698,21.2843084],[92.6214248,21.2843972],[92.6214476,21.2844771],[92.6214328,21.2845809],[92.621398,21.2846571],[92.6213349,21.2847433],[92.6213108,21.2848458],[92.6213095,21.2849008],[92.621339,21.284947],[92.621351,21.2849982],[92.6213524,21.2850745],[92.6213363,21.2851245],[92.6212625,21.2852419],[92.6211847,21.2853231],[92.6210345,21.2853944],[92.6209956,21.2854381],[92.6209581,21.2855168],[92.62095,21.2855693],[92.6209487,21.2856505],[92.6209621,21.2857043],[92.6210681,21.2858242],[92.6210962,21.285898],[92.6211378,21.2859342],[92.6212598,21.2860029],[92.6213028,21.2860429],[92.6213604,21.2861042],[92.6213872,21.2861766],[92.6213913,21.2861904],[92.6213618,21.2862953],[92.6212572,21.2866152],[92.6211941,21.2867127],[92.6211002,21.2867777],[92.6209125,21.2868377],[92.6207985,21.2868427],[92.6207449,21.2868239],[92.6206845,21.2867615],[92.6206563,21.286714],[92.6206402,21.286664],[92.6206362,21.2866015],[92.6206161,21.286554],[92.620364,21.2862978],[92.620317,21.2861741],[92.6200998,21.2860129],[92.6199549,21.2858505],[92.6199187,21.2857505],[92.6199026,21.285728],[92.6198812,21.2857118],[92.6197672,21.2857018],[92.6197068,21.2857168],[92.6196022,21.2857705],[92.6194721,21.285808],[92.6194225,21.2858405],[92.6192884,21.2859929],[92.6191597,21.2860492],[92.6190457,21.2862041],[92.6189277,21.2862903],[92.6188298,21.2863903],[92.6187935,21.2864765],[92.6187533,21.2866602],[92.6187211,21.2867065],[92.6186313,21.2867752],[92.6183631,21.2868914],[92.6181579,21.2868939],[92.6180613,21.2868364],[92.6180264,21.2867964],[92.6179889,21.2867227],[92.6179647,21.2866315],[92.6179312,21.2865553],[92.6178762,21.2864928],[92.6178199,21.2863391],[92.6177368,21.2862329],[92.6177314,21.2861566],[92.6177649,21.2860279],[92.6178145,21.2859017],[92.6179232,21.285718],[92.6179406,21.285668],[92.6179339,21.2855906],[92.6179218,21.2855681],[92.6178534,21.2855168],[92.61784,21.2854943],[92.6178172,21.2854444],[92.6178011,21.2853506],[92.6177274,21.2853119],[92.6176724,21.2853044],[92.6175249,21.2853131],[92.6173331,21.2853794],[92.6171614,21.2854031],[92.6170139,21.2854469],[92.6168315,21.2855143],[92.6167242,21.2855693],[92.6166679,21.2855831],[92.6165941,21.2856256],[92.616566,21.2856743],[92.6165378,21.2858042],[92.6165056,21.2858505],[92.6164131,21.2859242],[92.6163447,21.2860117],[92.6163085,21.2860854],[92.6163018,21.2861354],[92.616279,21.2861829],[92.616279,21.2862366],[92.6162548,21.2863416],[92.6162535,21.286449],[92.6162736,21.2865015],[92.6163487,21.286619],[92.6163621,21.2866765],[92.6163541,21.2868089],[92.616283,21.2869226],[92.6162629,21.2869714],[92.6162012,21.2870576],[92.6161784,21.2871576],[92.6160577,21.2872675],[92.6158686,21.28734],[92.6158002,21.2873863],[92.6157801,21.2874362],[92.6157774,21.2875899],[92.6157372,21.2876612],[92.6157023,21.2877886],[92.6156983,21.2878923],[92.6157868,21.2880623],[92.6157841,21.2881685],[92.6157922,21.2881935],[92.6158565,21.2882972],[92.6158793,21.2883734],[92.6159933,21.2885909],[92.6160081,21.2886408],[92.616114,21.2887608],[92.6161998,21.2888283],[92.616275,21.2888658],[92.616405,21.288902],[92.6165378,21.2889045],[92.6166384,21.2888645],[92.6166813,21.2888358],[92.6167309,21.2887821],[92.6167631,21.2886883],[92.6168007,21.2886496],[92.6168275,21.2886421],[92.6170059,21.2886121],[92.6171695,21.2886046],[92.6172271,21.2886046],[92.6173626,21.2886346],[92.6174229,21.2886234],[92.617604,21.2885621],[92.6176898,21.2885634],[92.6178226,21.2885909],[92.6179057,21.2885884],[92.6179768,21.2885496],[92.6181927,21.2883085],[92.6182155,21.2882635],[92.6182263,21.288186],[92.6183,21.2881098],[92.6184019,21.2880735],[92.6184851,21.2880723],[92.6185374,21.2880873],[92.6186554,21.2881523],[92.618752,21.2882522],[92.6188458,21.2883872],[92.6188821,21.2884609],[92.6189089,21.2885621],[92.6189169,21.2886371],[92.6188432,21.2887696],[92.6187962,21.2887995],[92.6187158,21.2888233],[92.6184945,21.2889857],[92.6184529,21.289057],[92.6184274,21.2891307],[92.6184261,21.2891832],[92.618469,21.2892506],[92.618473,21.2893281],[92.618579,21.2894668],[92.618697,21.2895356],[92.6187386,21.2895768],[92.6187775,21.289648],[92.6187801,21.2897255],[92.6187144,21.2898455],[92.618693,21.2898642],[92.6186232,21.2899079],[92.6185374,21.2899292],[92.6184274,21.2899779],[92.6183912,21.2900116],[92.6183349,21.2901041],[92.6182933,21.2902328],[92.618296,21.2902853],[92.6183443,21.290454],[92.6183805,21.2906752],[92.6182048,21.2908589],[92.6181512,21.2908789],[92.6180586,21.2908801],[92.617954,21.2908326],[92.6177998,21.2907964],[92.617604,21.2907751],[92.6172982,21.2907751],[92.6171815,21.2908414],[92.6170394,21.2908326],[92.6169629,21.2908464],[92.6167765,21.2909226],[92.6166384,21.2909588],[92.616511,21.2909788],[92.6162937,21.2910413],[92.6161811,21.2910588],[92.6159638,21.2911188],[92.6157492,21.2911912],[92.6156232,21.2912712],[92.6154166,21.2913699],[92.6152463,21.2913974],[92.6150773,21.2914062],[92.6149647,21.2914224],[92.6148775,21.2914674],[92.6148587,21.2914899],[92.6148024,21.2916123],[92.6147944,21.2916623],[92.6147984,21.2919297],[92.6148064,21.2919835],[92.6148574,21.2921347],[92.6149204,21.2922309],[92.6150009,21.2922996],[92.6150492,21.2923296],[92.6151511,21.2923596],[92.6152584,21.2923758],[92.6154274,21.2923808],[92.6155306,21.2923471],[92.6157036,21.2922021],[92.6158243,21.2920272],[92.6159236,21.2919047],[92.6160537,21.291806],[92.6161087,21.2916886],[92.6161623,21.2916073],[92.6162468,21.2915386],[92.6163447,21.2914974],[92.6164815,21.2914861],[92.6166049,21.2915361],[92.616684,21.2916098],[92.6167551,21.2917635],[92.6167631,21.2918698],[92.6168302,21.2920647],[92.6168235,21.2921722],[92.6167873,21.2922709],[92.6167886,21.2922984],[92.6168154,21.2923458],[92.6168168,21.2923971],[92.6167859,21.2924458],[92.6167725,21.292497],[92.6168261,21.2926807],[92.6168248,21.2927295],[92.6168436,21.2928319],[92.6168436,21.2929881],[92.6167859,21.2931543],[92.6167846,21.2932318],[92.6167376,21.2933905],[92.6167363,21.2934942],[92.6167685,21.2935692],[92.6168127,21.2936054],[92.6169495,21.2936191],[92.6170032,21.2936054],[92.6171467,21.2935154],[92.6171976,21.2935017],[92.6172808,21.2934992],[92.6176053,21.2936029],[92.6176912,21.2936616],[92.6177944,21.2936979],[92.6179272,21.2937253],[92.6179768,21.2937541],[92.6180345,21.2938141],[92.6181149,21.293874],[92.6181659,21.2938928],[92.6182276,21.2939515],[92.6182611,21.2940215],[92.6182839,21.2940977],[92.6183416,21.2941889],[92.6183724,21.2942602],[92.6185213,21.2944076],[92.6185796,21.2944957],[92.6186427,21.29457],[92.6186923,21.2945869],[92.6187674,21.2945513],[92.6188197,21.2945563],[92.6189565,21.2946338],[92.6190282,21.2947],[92.6190712,21.2947537],[92.6191342,21.2948712],[92.6191315,21.2949212],[92.6190738,21.2950136],[92.6190819,21.2950636],[92.6191328,21.2951148],[92.6191825,21.2951298],[92.6192267,21.2951648],[92.6193219,21.2952923],[92.619338,21.295341],[92.6193347,21.2955291],[92.6192944,21.295734],[92.619275,21.2957852],[92.6192341,21.2958402],[92.6191704,21.2959552],[92.6190812,21.2960964],[92.6189605,21.2962332],[92.6187057,21.2963],[92.6183107,21.2962994],[92.6182906,21.2963325],[92.6182135,21.2963712],[92.6181753,21.2964306],[92.6180895,21.2965031],[92.6180251,21.2965293],[92.6179681,21.2965531],[92.6179808,21.2965887],[92.6179621,21.2966105],[92.6179668,21.2966624],[92.6179205,21.2967117],[92.6178809,21.2967299],[92.6178595,21.2967648],[92.6178434,21.2968486],[92.6178628,21.2968985],[92.6178628,21.2969379],[92.6178065,21.2970354],[92.6177991,21.2971291],[92.61783,21.2971897],[92.6178487,21.2972665],[92.617844,21.2973621],[92.6178206,21.2974708],[92.6178212,21.2975352],[92.617832,21.2975852],[92.6179232,21.2977726],[92.6179379,21.2978463],[92.6179701,21.2978888],[92.6180774,21.2979038],[92.6181538,21.2979425],[92.6184636,21.2982312],[92.6185133,21.2982511],[92.6186259,21.2982536],[92.6187292,21.2982137],[92.618764,21.2981724],[92.6187909,21.2981087],[92.61876,21.2980337],[92.6186916,21.297975],[92.6186407,21.2979513],[92.618528,21.2979238],[92.6184784,21.2978913],[92.6184489,21.2978426],[92.6184382,21.2977888],[92.6184462,21.2976901],[92.618469,21.2976439],[92.6185039,21.2976051],[92.6185817,21.2975689],[92.618642,21.2975564],[92.6188928,21.2975364],[92.619161,21.2974377],[92.619267,21.2974277],[92.6193528,21.2974402],[92.6194265,21.2974702],[92.6195124,21.2975439],[92.6197498,21.2977039],[92.6199,21.2978238],[92.6200435,21.2979113],[92.6201454,21.2979588],[92.6203036,21.2979962],[92.62049,21.29802],[92.6206,21.2980225],[92.6208763,21.2979875],[92.6210131,21.2980012],[92.621123,21.298035],[92.6212893,21.2981512],[92.6213618,21.2982199],[92.62141,21.2982461],[92.6215482,21.2984148],[92.6215656,21.2984648],[92.6215804,21.2987385],[92.6215509,21.2988122],[92.6215334,21.2989409],[92.621571,21.2990758],[92.6215737,21.299182],[92.6215374,21.2992295],[92.6214905,21.2993295],[92.6214235,21.2994157],[92.6213121,21.2994782],[92.6212987,21.2995019],[92.6212223,21.2995456],[92.6211834,21.2995856],[92.621107,21.2997668],[92.6210922,21.2998767],[92.6210909,21.2999817],[92.6211083,21.3000567],[92.6211297,21.3000754],[92.6211566,21.3000729],[92.6212344,21.2999992],[92.6212907,21.2999967],[92.6213162,21.2999992],[92.6213618,21.3000317],[92.6214355,21.3001104],[92.6214315,21.3002716],[92.6214449,21.3003228],[92.6214556,21.3003466],[92.6214999,21.3004165],[92.6215549,21.300489],[92.6215737,21.300534],[92.6216032,21.300579],[92.6215951,21.3007277],[92.621575,21.3008376],[92.6215455,21.3008851],[92.621465,21.3009576],[92.6213953,21.3010475],[92.6212934,21.3010925],[92.6212558,21.3011325],[92.6211968,21.3012324],[92.621178,21.3012824],[92.6211727,21.3014474],[92.6211539,21.3016073],[92.62117,21.3016573],[92.6212075,21.3016923],[92.6213121,21.3017222],[92.6213577,21.3017597],[92.6214328,21.3018347],[92.6215562,21.3020021],[92.6215696,21.3020546],[92.6215696,21.302257],[92.6215482,21.3023595],[92.6215401,21.3025194],[92.6215884,21.3027218],[92.6216421,21.3028693],[92.6216581,21.3030767],[92.6216447,21.3031317],[92.6214436,21.3033241],[92.6214302,21.303374],[92.6214302,21.303429],[92.6214489,21.3035815],[92.6214409,21.3036314],[92.621406,21.3036764],[92.6211673,21.3038264],[92.621009,21.3038888],[92.6205987,21.3040787],[92.6205316,21.3040937],[92.6205021,21.3041362],[92.6204485,21.3042937],[92.6204324,21.3043986],[92.6204458,21.304551],[92.6204833,21.304651],[92.6205343,21.304741],[92.6205692,21.3047809],[92.6206174,21.3048109],[92.620773,21.3048734],[92.6209339,21.3049009],[92.6211512,21.3048984],[92.6212424,21.3048384],[92.6213282,21.304706],[92.6213819,21.304716],[92.6216018,21.304716],[92.621921,21.3047634],[92.6222536,21.3047659],[92.6223609,21.3047759],[92.6224655,21.3048209],[92.6225594,21.3048784],[92.6225969,21.3049184],[92.6227525,21.3051958],[92.6227874,21.3052207],[92.6228973,21.3052357],[92.6229429,21.3052582],[92.6230529,21.3052882],[92.6230448,21.3052982],[92.6231495,21.3053182],[92.6232031,21.3053032],[92.6232299,21.3052607],[92.6232782,21.3051008],[92.6233157,21.3048459],[92.6233533,21.3046935],[92.6234043,21.304601],[92.6234579,21.304586],[92.6235652,21.3046235],[92.6237047,21.304721],[92.6238576,21.3048759],[92.6240265,21.3050983],[92.6241124,21.3052407],[92.6241741,21.3053982],[92.6242062,21.3055506],[92.6242062,21.3056581],[92.6241875,21.305758],[92.6240239,21.3062678],[92.6238576,21.3065002],[92.6237744,21.3065801],[92.6237261,21.3066076],[92.6235089,21.3066676],[92.623415,21.3067301],[92.623364,21.306825],[92.6233748,21.306925],[92.6234002,21.3069793],[92.6233922,21.3070181],[92.6232809,21.3071099],[92.623179,21.3071649],[92.6230878,21.3072373],[92.6230341,21.3072598],[92.6229107,21.3073748],[92.6227283,21.3075072],[92.622562,21.3076547],[92.6224199,21.3077396],[92.6222268,21.3078333],[92.6221181,21.307957],[92.6220685,21.3079883],[92.6220135,21.3080057],[92.621929,21.3080057],[92.6217936,21.3079408],[92.6216595,21.3078621],[92.6215522,21.3077696],[92.6214784,21.3077346],[92.6214127,21.3077209],[92.6213256,21.3077196],[92.6212504,21.3077571],[92.6212116,21.3078296],[92.6211874,21.3079345],[92.6211579,21.307982],[92.6211123,21.3080157],[92.6210949,21.3080632],[92.6210962,21.3081432],[92.6211365,21.3082406],[92.6210935,21.3083656],[92.6210895,21.308468],[92.6211338,21.3085617],[92.62117,21.3086317],[92.6212893,21.3087354],[92.6216193,21.3089266],[92.621685,21.3089428],[92.6217654,21.3089516],[92.6219009,21.3089303],[92.6219787,21.3089016],[92.6221476,21.3088116],[92.6222254,21.3087904],[92.6224574,21.3087804],[92.6225822,21.3087279],[92.6227552,21.3086255],[92.6228678,21.3084743],[92.6229563,21.3084056],[92.6229966,21.3083481],[92.6230475,21.3083293],[92.6231267,21.3083456],[92.6232098,21.3083306],[92.6232862,21.3082919],[92.6234633,21.3081557],[92.6235116,21.3080895],[92.6235344,21.308017],[92.6235303,21.3079583],[92.6234901,21.3078883],[92.6234753,21.3078383],[92.6234619,21.3077346],[92.623478,21.3075085],[92.6235008,21.3074385],[92.6235223,21.307421],[92.6235706,21.3073985],[92.6236819,21.307396],[92.6237972,21.307456],[92.6238629,21.3075172],[92.6239179,21.3075322],[92.6239729,21.3075285],[92.6240855,21.307451],[92.6243068,21.307346],[92.6244369,21.3073048],[92.6245657,21.3072486],[92.6247561,21.3071386],[92.624913,21.3070924],[92.6249948,21.3070912],[92.625035,21.3071236],[92.6250659,21.3071674],[92.6250847,21.3072673],[92.6252,21.3074585],[92.6253194,21.3077321],[92.6254186,21.308027],[92.6254253,21.3081482],[92.6253743,21.3083256],[92.625263,21.3084618],[92.6252215,21.3085617],[92.6251718,21.308628],[92.6250444,21.3087392],[92.6249935,21.3087654],[92.6248969,21.3087916],[92.6247413,21.3088591],[92.6246542,21.3089666],[92.624504,21.309054],[92.6241915,21.3091577],[92.6239032,21.3092114],[92.6238213,21.3092402],[92.6237744,21.3092739],[92.623757,21.3092952],[92.6237516,21.3093464],[92.6237637,21.3096262],[92.6237181,21.3097812],[92.6235639,21.3099211],[92.6235303,21.3099661],[92.623482,21.3099998],[92.6234096,21.310116],[92.6233225,21.3101822],[92.6232702,21.310206],[92.6231521,21.3102847],[92.6228249,21.3103971],[92.6227646,21.3104046],[92.6226506,21.3103884],[92.6225875,21.3103896],[92.6223072,21.3104596],[92.6222375,21.3105046],[92.622212,21.3105508],[92.6222134,21.3105758],[92.6222523,21.3106158],[92.6222509,21.310667],[92.6221932,21.3107332],[92.6220967,21.3107882],[92.6220444,21.3108044],[92.6219237,21.3107944],[92.6218392,21.3108132],[92.6217628,21.3108482],[92.6216474,21.3109306],[92.6215911,21.3109581],[92.6215039,21.3109631],[92.6214167,21.3109406],[92.6213886,21.3109444],[92.6212867,21.3109906],[92.6211861,21.3111518],[92.6210962,21.3113604],[92.6210694,21.3114654],[92.6210774,21.3115441],[92.6211566,21.3117153],[92.6211566,21.3118264],[92.6212089,21.3120713],[92.6212263,21.3121251],[92.6212531,21.3121738],[92.6212746,21.3121913],[92.6214717,21.3122637],[92.6216675,21.3123637],[92.6217051,21.3124024],[92.6217172,21.3124561],[92.6217145,21.3124824],[92.6216193,21.3125117],[92.6215522,21.3126304],[92.6215026,21.3126941],[92.6213939,21.3128222],[92.6212417,21.3129715],[92.6212008,21.3129859],[92.6211586,21.3129809],[92.6209782,21.3128622],[92.620836,21.3127847],[92.6206698,21.3127204],[92.6206242,21.3127116],[92.6204498,21.3127191],[92.6203157,21.3127073],[92.6202165,21.3127391],[92.6200797,21.3128341],[92.6200026,21.3128666],[92.6199308,21.3128716],[92.6196921,21.3127885],[92.6195922,21.3127704],[92.6194259,21.3128703],[92.6193132,21.3128859],[92.6191094,21.3129515],[92.6190396,21.3129584],[92.6189484,21.3129977],[92.6188177,21.3130065],[92.6186541,21.312964],[92.6185461,21.312919],[92.6184482,21.3128484],[92.6183657,21.3127691],[92.6182712,21.3127073],[92.6182128,21.3126323],[92.6181538,21.3125773],[92.6180761,21.3125423],[92.6179942,21.3125336],[92.6178588,21.3125836],[92.6178186,21.3126198],[92.6176536,21.3128722],[92.6176295,21.3129896],[92.6175852,21.3130596],[92.6175329,21.3131233],[92.6174659,21.3131733],[92.6173814,21.3131945],[92.6172781,21.3131783],[92.6171654,21.3131783],[92.617026,21.3132083],[92.6168248,21.3132258],[92.6167685,21.313247],[92.6167256,21.313282],[92.616637,21.3134194],[92.6166277,21.3135244],[92.6166411,21.3136056],[92.6166102,21.3137093],[92.6166129,21.3137917],[92.616621,21.313843],[92.6166424,21.3138892],[92.6166894,21.3139517],[92.6169938,21.3141953],[92.6172137,21.3142428],[92.6172902,21.314269],[92.6173653,21.3143052],[92.6174766,21.3143839],[92.6175705,21.3144239],[92.6177032,21.3144414],[92.6178454,21.3144377],[92.6179527,21.3144027],[92.6180385,21.3143564],[92.6180264,21.3142552],[92.6180358,21.3141815],[92.6180667,21.3141091],[92.6180881,21.3140928],[92.6181149,21.3140891],[92.6182477,21.3141003],[92.6184167,21.3141628],[92.618469,21.3141715],[92.6189612,21.3142503],[92.6190738,21.3142503],[92.6193944,21.3142003],[92.6195016,21.3142015],[92.6196264,21.3142515],[92.6196639,21.3142927],[92.619676,21.3143427],[92.6196706,21.3143939],[92.6196371,21.3144364],[92.6195352,21.3144926],[92.6194949,21.3145401],[92.6194762,21.3146151],[92.6194614,21.3146363],[92.6193447,21.3147125],[92.6192924,21.3147775],[92.6192844,21.3148574],[92.6193313,21.3149549],[92.6193434,21.3150311],[92.6193273,21.3150823],[92.6192763,21.3151498],[92.6192723,21.3152023],[92.6192884,21.3152522],[92.619338,21.315316],[92.6193488,21.3153697],[92.6192911,21.3154621],[92.6192442,21.3154984],[92.6190738,21.3156783],[92.6189665,21.3159669],[92.6189049,21.3160606],[92.6185696,21.3162205],[92.618477,21.316278],[92.6181149,21.3163954],[92.6179755,21.3164092],[92.617832,21.3164079],[92.6176067,21.3164266],[92.617494,21.3164092],[92.6173626,21.3163592],[92.6173089,21.3163667],[92.6172875,21.3163842],[92.6171654,21.3165591],[92.6170635,21.3167315],[92.6169978,21.3168164],[92.6169294,21.3168652],[92.6168087,21.3168964],[92.6166612,21.3169801],[92.6165687,21.3170513],[92.6164962,21.3171313],[92.6164332,21.3172475],[92.6164345,21.3173499],[92.6164989,21.3174449],[92.6165593,21.3177897],[92.6166062,21.3178859],[92.6166022,21.318152],[92.6166102,21.3182107],[92.6166612,21.3183356],[92.6167658,21.3185218],[92.6168181,21.318578],[92.6168583,21.3186492],[92.6168811,21.3187542],[92.6169214,21.3188229],[92.6169723,21.3190128],[92.6170166,21.3191127],[92.6170488,21.319159],[92.6171923,21.3193176],[92.6173197,21.3195238],[92.6173371,21.319545],[92.6174162,21.3195912],[92.6174551,21.31963],[92.6174833,21.3196749],[92.6175155,21.3198286],[92.6175114,21.3200272],[92.617545,21.3202334],[92.6175249,21.3203833],[92.6175088,21.320407],[92.6174873,21.3204857],[92.6175202,21.3205713],[92.6175456,21.3206163],[92.617612,21.3206875],[92.6177408,21.3208655],[92.6177864,21.3209343],[92.6178293,21.3210304],[92.6179151,21.3211354],[92.618017,21.3212978],[92.6181123,21.321349],[92.6182303,21.3214302],[92.6182504,21.3214527],[92.6182846,21.3215236],[92.6182578,21.3215998],[92.6182628,21.3216395],[92.6182745,21.3216638],[92.6183248,21.3217051],[92.6183677,21.3217582],[92.6183651,21.3218119],[92.6183865,21.3219518],[92.6183919,21.3220761],[92.6183268,21.3222679],[92.6181994,21.3224996],[92.6181324,21.3225883],[92.6180868,21.3226233],[92.6180372,21.3226883],[92.6179795,21.3227033],[92.6179647,21.3227258],[92.6179587,21.3227826],[92.6176596,21.3231824],[92.617612,21.3232042],[92.6175262,21.3231893],[92.6175021,21.3232011],[92.617488,21.3232242],[92.6174719,21.3232898],[92.6174551,21.3234947],[92.6174176,21.323659],[92.6174135,21.3237758],[92.6174431,21.3239332],[92.6174082,21.3240207],[92.6173123,21.3241443],[92.6172875,21.3241912],[92.6172553,21.3242168],[92.6171882,21.3243036],[92.61715,21.3243224],[92.6170065,21.3244335],[92.6169616,21.3244873],[92.6168181,21.3246035],[92.6167645,21.3246234],[92.6166263,21.3247059],[92.6165405,21.3247771],[92.6163997,21.3248646],[92.6162743,21.3250157],[92.616116,21.3251325],[92.6160785,21.3251712],[92.6160114,21.3251981],[92.6159276,21.3252031],[92.6157828,21.325125],[92.6156808,21.3251225],[92.6156017,21.3251631],[92.6155199,21.3252325],[92.6154817,21.32525],[92.615426,21.3252693],[92.6153529,21.3252737],[92.6149439,21.3254192],[92.6148809,21.3254948],[92.6148071,21.3256828],[92.6148058,21.3257565],[92.6148346,21.3258584],[92.6148286,21.3259133],[92.6147756,21.3259845],[92.6146489,21.3260695],[92.6145624,21.326077],[92.6144055,21.3260501],[92.614329,21.326087],[92.6142278,21.3260926],[92.6140487,21.3261544],[92.613873,21.3261269],[92.6137845,21.3261376],[92.6136859,21.3261282],[92.6136484,21.3261151],[92.6135894,21.3260732],[92.6135156,21.3260039],[92.6133171,21.3259171],[92.6132038,21.3258827],[92.6130717,21.3258046],[92.612945,21.3257047],[92.612882,21.3256416],[92.6128136,21.3255966],[92.6127009,21.3255629],[92.6124032,21.3255604],[92.6123415,21.3255716],[92.6122677,21.3256104],[92.6122034,21.3256966],[92.6121551,21.3257266],[92.6119982,21.3257928],[92.6118976,21.3258527],[92.6116186,21.3259827],[92.6114765,21.3259902],[92.6111922,21.3259839],[92.6108891,21.3258965],[92.6106597,21.3258852],[92.6105149,21.3259052],[92.6102883,21.3259964],[92.6101488,21.3260339],[92.6101005,21.3260614],[92.6100455,21.3261201],[92.6099691,21.3261551],[92.6098517,21.326195],[92.6098256,21.3262706],[92.6097746,21.3263556],[92.6097136,21.3263918],[92.6096164,21.3265067],[92.6095218,21.3265767],[92.6094139,21.3267116],[92.6093408,21.3267578],[92.609271,21.3267716],[92.6092033,21.3267566],[92.6090236,21.3265985],[92.6089753,21.3265436],[92.6088412,21.3262587],[92.6086776,21.3260214],[92.6086374,21.3259802],[92.6085891,21.3259527],[92.6085609,21.3259502],[92.6085006,21.3260183],[92.6084637,21.3260389],[92.6083906,21.3260445],[92.6083356,21.3260245],[92.6082652,21.3259814],[92.6081076,21.3258015],[92.6080352,21.3257565],[92.6079306,21.3256404],[92.6078233,21.3255554],[92.6077643,21.3254879],[92.6077308,21.3254217],[92.6076932,21.3253818],[92.6076329,21.3252843],[92.6076074,21.3252069],[92.6076087,21.3251556],[92.60759,21.3251044],[92.6074947,21.3249657],[92.6074505,21.324927],[92.6073137,21.3248471],[92.6072024,21.3247634],[92.607028,21.3246759],[92.6068081,21.3245085],[92.6068027,21.3244835],[92.6068483,21.3244054],[92.606847,21.3243805],[92.6068282,21.3243611],[92.6067612,21.3243586],[92.606676,21.3244067],[92.606617,21.3244173],[92.6065372,21.3243911],[92.6064091,21.3243174],[92.6063219,21.3243117],[92.6061912,21.3243705],[92.6061315,21.3243748],[92.6060202,21.3244098],[92.6059049,21.3244129],[92.6057788,21.3244529],[92.60575,21.324486],[92.6057366,21.3245241],[92.605703,21.3245472],[92.6056923,21.3245735],[92.6056413,21.3250045],[92.6056527,21.325095],[92.6056366,21.3252618],[92.6057433,21.325448],[92.6057734,21.3254754],[92.6057962,21.3254873],[92.6058371,21.3254886],[92.6059116,21.3254655],[92.6060316,21.3254829],[92.6061087,21.3255367],[92.6061268,21.3255716],[92.6061322,21.3256085],[92.6061087,21.3257109],[92.6060846,21.3257434],[92.6060832,21.3257815],[92.6060691,21.3258003],[92.605931,21.3258965],[92.605817,21.3259214],[92.6057292,21.3259702],[92.6057164,21.3259939],[92.605707,21.3260582],[92.6057567,21.3261438],[92.6057969,21.3261769],[92.6058747,21.3262912],[92.6059142,21.3263075],[92.6060779,21.32633],[92.6061496,21.3263587],[92.6062428,21.3264555],[92.606326,21.3264924],[92.6064681,21.3265779],[92.6065962,21.3265817],[92.606737,21.3265423],[92.6068886,21.3265305],[92.6069959,21.3264911],[92.6070368,21.3264961],[92.6072138,21.3265811],[92.6073251,21.3266748],[92.6074398,21.3267972],[92.60748,21.3268128],[92.6075665,21.3268222],[92.6075947,21.3268509],[92.6076242,21.326934],[92.607657,21.3269746],[92.6077522,21.3270339],[92.6080479,21.3271401],[92.608172,21.3271651],[92.6082652,21.327157],[92.6083182,21.3271145],[92.6083564,21.3270989],[92.6083839,21.3270976],[92.6084355,21.3271164],[92.6084583,21.327235],[92.6085012,21.3272869],[92.6086112,21.3273381],[92.6087044,21.3273593],[92.6088633,21.3274193],[92.6089579,21.3275168],[92.6092905,21.3276942],[92.609375,21.3277041],[92.6093978,21.3277166],[92.6094756,21.3277941],[92.6096284,21.3279115],[92.6097156,21.328014],[92.6097438,21.3280639],[92.6100549,21.3283375],[92.6101984,21.3285287],[92.6102762,21.328771],[92.6102829,21.3289596],[92.6102655,21.3291021],[92.6102735,21.3292057],[92.6102413,21.3295505],[92.6102467,21.3296217],[92.610236,21.329698],[92.610236,21.3298304],[92.6102091,21.3300078],[92.6102078,21.3301352],[92.6101957,21.3302114],[92.6102051,21.3303188],[92.6101676,21.3305224],[92.6101018,21.3307036],[92.6100241,21.3308223],[92.6099744,21.330886],[92.6098672,21.3309272],[92.6097827,21.3309284],[92.6097022,21.3309022],[92.6096767,21.3308635],[92.6096097,21.330816],[92.609556,21.330801],[92.6095332,21.3308173],[92.6095252,21.3308423],[92.6095037,21.3310209],[92.6095091,21.3310734],[92.6095466,21.3311108],[92.6096298,21.3311183],[92.6096418,21.3311408],[92.6096405,21.331192],[92.6096123,21.3312907],[92.6096204,21.3313769],[92.6095949,21.3314519],[92.6095976,21.3315318],[92.6096499,21.331628],[92.6097139,21.3316752],[92.6100509,21.3317355],[92.6103432,21.3316967],[92.6106597,21.3316905],[92.6109655,21.3315581],[92.6113182,21.331312],[92.6118466,21.3309847],[92.6120451,21.3309697],[92.6121497,21.3310521],[92.6122369,21.3312358],[92.6122302,21.3313245],[92.6121859,21.3314069],[92.6117621,21.331673],[92.6114845,21.3320528],[92.6113759,21.3323376],[92.6113236,21.332836],[92.6114698,21.3330346],[92.6118278,21.333212],[92.6120974,21.3334894],[92.6122168,21.3336667],[92.6123428,21.3338054],[92.6125909,21.3339466],[92.6128149,21.334119],[92.6130898,21.3345362],[92.6133929,21.3349834],[92.6141238,21.3356517],[92.6143371,21.3358678],[92.6144484,21.3360839],[92.6143196,21.3361826],[92.6139857,21.336405],[92.6138864,21.3364037],[92.6136839,21.3364524],[92.6135337,21.3365449],[92.6133889,21.3365799],[92.6131649,21.3365536],[92.613004,21.3364912],[92.6128726,21.3364862],[92.6128357,21.3368116],[92.6128095,21.3371557],[92.6129732,21.3373943],[92.613008,21.3375317],[92.6130335,21.3377241],[92.6130134,21.3378865],[92.612839,21.3383599],[92.6127318,21.3386485],[92.612548,21.3388921],[92.6115194,21.3398402],[92.6112606,21.3400051],[92.6108448,21.3401937],[92.6104707,21.3403486],[92.6101059,21.340491],[92.6099342,21.3404898],[92.6097022,21.3405385],[92.6095721,21.340461],[92.6094072,21.3404785],[92.6092516,21.3405485],[92.6089753,21.3407846],[92.6086642,21.3410993],[92.6083624,21.3413654],[92.6080661,21.3416152],[92.6079574,21.3420674],[92.6079091,21.3424946],[92.6079413,21.3428694],[92.607948,21.3432316],[92.6080526,21.3435264],[92.6081264,21.3438212],[92.608168,21.3441123]]}},{"type":"Feature","properties":{"osm_id":1096046934,"group":"sangu","version":2,"timestamp":"2023-12-16T06:08:20Z","tags":{"name":"সাঙ্গু নদী","name:bn":"সাঙ্গু নদী","name:en":"Sangu River","waterway":"river"},"nodes":[10034519462,10034322602,10034322601,10034519461,10034322599,10034322600,10034322598,10034322597,10034519460,10034322595,10034322596,10034519459,10034519458,10034322594,10034519457,10034519456,10034322593,10034519455,10034519454,10034322592,10034322591,10034519453,10034519450,10034519452,10034519451,4841780722,10037409061,10037409060,10037409059,10037409058,10037409057,10037409056,10037409055,10037409054,10037409053,10037409052,10037409051,10037409050,10037409049,10037409048,10037409047,10037409046,10037409045,10037409044,10037409043,10037409042,10037409041,10037409040,10037409039,10037409038,10037409037,10037409036,10037409035,10037409034,10037409033,10037409032,10037409031,10037409029,10037409027,11422249734,10037409026,10037409025,10037409022,10037409021,10037409020,10037409019,10037409018,10037409017,10037409016,10037409015,10037409014,10037409013,10037409012,10037409011,10037409010,10037409009,10037409008,10037409007,10037409006,10037409005,10037409004,10037409003,10037409002,10037409001,10037409000,10037408999,10037408998,10037408997,10037408996,10037408995,10037408994,10037408993,10037408992,10037408991,10037408990,10037408989,10037408988,10037408987,10037408986,10037408985,10037408984,10037408983,10037408982,10037408981,10037408980,10037408979,10037408978,10037408977,10037408976,10037408975,10037408974,10037408973,10037408972,10037408971,10037408970,10037408969,10037408968,10037408967,10037408966,10037408965,10037408964,10037408963,10037408962,10037408961,10037408960,10037408959,10037408958,10037408957,10037408956,10037408955,10037408954,10037408953,10037408952,10037408951,10037408950,10037408949,10037408948,10037408947,10037408946,10037408945,10037408944,10037408943,10037408942,10037408941,10037408940,10037408939,10037408938,10037408937,10037408936,10037408935,10037408934,10037408933,10037408932,10037408931,10037408930,10037408929,10037408928,10037408927,10037408926,10037408925,10037408924,10037408923,10037408922,10037408921,10037408920,10037408919,10037408918,10037408917,10037408916,10037408915,10037408914,10037408913,10037408912,10037408911,10037408910,10037408909,10037408908,10037408907,10037408906,10037408905,10037408904,10037408903,10037408902,10037408901,10037408900,10037408899,10037408898,10037408897,10037408896,10037408895,10037408894,10037408893,10037408892,10037408891,10037408890,10037408889,10037408888,10037408887,10037408886,10037408885,10037408884,10037408883,10037408882,10037408881,10037408880,10037408879,10037408878,10037408877,10037408876,10037408875,10037408874,10037408873,10037408872,10037408871,10037408870,10037408869,10037408868,10037408867,10037408866,10037408865,10037408864,10037408863,10037408862,10037408861,10037408860,10037408859,10037408858,10037408857,10037408856,10037408855,10037408854,10037408853,10037408852,10037408851,10037408850,10037408849,10037408848,10037408847,10037408846,10037408845,10037408844,10037408843,10037408842,10037408841,10037408840,10037408839,10037408838,10037408837,10037408836,10037408835,10037408834,10037408833,10037408832,10037408831,10037408830,10037408829,10037408828,10037408827,9504121352,10037408826,10037408825,10037408824,10037408823,10037408822,10037408821,10037408820,10037408819,10037408818,10037408817,10037408816,10037408815,10037408814,10037408813,10037408812,10037408811,10037408810,10037408809,10037408808,10037408807,10037408806,10037408805,10037408804,10037408803,10037408802,10037408801,10037408800,10037408799,10037408798,10037408797,10037408796,10037408795,10037408794,10037408793,10037408792,10037408791,10037408790,10037408789,10037408788,10037408787,10037408786,10037408785,10037408784,10037408783,10037408782,10037408781,10037408780,10037408779,10037408778,10037408777,10037408776,10037408775,10037408774,10037408773,10037408772,10037408771,10037408770,10037408769,10037408768,10037408767,10037408766,10037408765,10037408764,10037408763,10037408762,10037408761,10037408760,10037408759,10037408758,10037408757,10037408756,10037408755,10037408754,10037408753,10037408752,10037408751,10037408750,10037408749,10037408748,10037408747,10037408746,10037408745,10037408744,10037408743,10037408742,10037408741,10037408740,10037408739,10037408738,10037408737,10037408736,10037408735,10037408734,10037408733,10037408732,10037408731,10037408730,10037408729,10037408728,10037408727,10037408726,10037408725,10037408724,10037408723,10037408722,10037408721,10037408720,10037408719,10037408718,10037408717,10037408716,10037408715,10037408714,10037408713,10037408712,10037408711,10037408710,10037408709,10037408708,10037408707,10037408706,10037408705,10037408704,10037408703,10037408702,10037408701,10037408700,10037408699,10037408698,10037408697,10037408696,10037408695,10037408694,10037408693,10037408692,10037408691,10037408690,10037408689,10037408688,10037408687,10037408686,10037408685,10037408684,10037408683,10037408682,10037408681,10037408680,10037408679,10037408678,10037408677,10037408676,10037408675,10037408674,10037408673,10037408672,10037408671,10037408670,10037408669,10037408668,10037408667,10037408666,10037408665,10037408664,10037408663,10037408662,10037408661,10037408660,10037408659,10037408658,10037408657,10037408656,10037408655,10037408654,10037408653,10037408652,10037408651,10037408650,10037408649,10037408648,10037408647,10037408646,10037408645,10037408644,10037408643,10037408642,10037408641,10037408640,10037408639,10037408638,10037408637,10037408636,10037408635,10037408634,10037408633,10037408632,10037408631,10037408630,10037408629,10037408628,10037408627,10037408626,10037408625,10037408624,10037408623,10037408622,10037408621,10037408620,10037408619,10037408618,10037408617,10037408616,10037408615,10037408614,10037408613,10037408612,10037408611,10037408610,10037408609,10037408608,10037408607,10037408606,10037408605,10037408604,10037408603,10037408602,10037408601,10037408600,10037408599,10037408598,10037408597,10037408596,10037408595,10037408594,10037408593,10037408592,10037408591,10037408590,10037408589,10037408588,10037408587,10037408586,10037408585,10037408584,10037408583,10037408582,10037408581,10037408580,10037408579,10037408578,10037408577,10037408576,10037408575,10037408574,10037408573,10037408572,10037408571,10037408570,10037408569,10037408568,10037408567,10037408566,10037408565,10037408564,10037408563,10037408562,10037408561,10037408560,10037408559,10037408558,10037408557,10037408556,10037408555,10037408554,10037408553,10037408552,10037408551,10037408550,10037408549,10037408548,10037408547,10037408546,10037408545,10037408544,10037408543,10037408542,10037408541,10037408540,10037408539,10037408538,10037408537,10037408536,10037408535,10037408534,10037408533,10037408532,10037408531,10037408530,10037408529,10037408528,10037408527,10037408526,10037408525,10037408524,10037408523,10037408522,10037408521,10037408520,10037408519,10037408518,10037408517,10037408516,10037408515,10037408514,10037408513,10037408512,10037408511,10037408510,10037408509,10037408508,10037408507,10037408506,10037408505,10037408504,10037408503,10037408502,10037408501,10037408500,10037408499,10037408498,10037408497,10037408496,10037408495,10037408494,10037408493,10037408492,10037408491,10037408490,10037408489,10037408488,10037408487,10037408486,10037408485,10037408484,10037408483,10037408482,10037408481,10037408480,10037408479,10037408478,10037408477,10037408476,10037408475,10037408474,10037408473,10037408472,10037408471,10037408470,10037408469,10037408468,10037408467,10037408466,10037408465,10037408464,10037408463,10037408462,10037408461,10037408460,10037408459,10037408458,10037408457,10037408456,10037408455,10037408454,10037408453,10037408452,10037408451,10037408450,10037408449,10037408448,10037408447,10037408446,10037408445,10037408444,10037408443,10037408442,10037408441,10037408440,10037408439,10037408438,10037408437,10037408436,10037408435,10037408434,10037408433,10037408432,10037408431,10037408430,10037408429,10037408428,10037408427,10037408426,10037408425,10037408424,10037408423,10037408422,10037408421,10037408420,10037408419,10037408418,10037408417,10037408416,10037408415,10037408414,10037408413,10037408412,10037408411,10037408410,10037408409,10037408408,10037408407,10037408406,10037408405,10037408404,10037408403,10037408402,10037408401,10037408400,10037408399,10037408398,10037408397,10037408396,10037408395,10037408394,10037408393,10037408392,10037408391,10037408390,10037408389,10037408388,10037408387,10037408386,10037408385,10037408384,10037408383,10037408382,10037408381,10037408380,10037408379,10037408378,10037408377,10037408376,10037408375,10037408374,10037408373,10037408372,10037408371,10037408370,10037408369,10037408368,10037408367,10037408366,10037408365,10037408364,10037408363,10037408362,10037408361,10037408360,10037408359,10037408358,10037408357,10037408356,10037408355,10037408354,10037408353,10037408352,10037408351,10037408350,10037408349,10037408348,10037408347,10037408346,10037408345,10037408344,10037408343,10037408342,10037408341,10037408340,10037408339,10037408338,10037408337,10037395798,10037395799,10037395800,10037408336,10037408335,10037408334,10037408333,10037408332,10037408331,10037408330,10037408329,10037408328,10037408327,10037408326,10037408325,10037408324,10037408323,10037408322,10037408321,10037408320,10037408319,10037408318,10037408317,10037408316,10037408315,10037408314,10037408313,10037408312,10037408311,10037408310,10037408309,10037408308,10037408307,10037408306,10037408305,10037408304,10037408303,10037408302,10037408301,10037408300,10037408299,10037408298,10037408297,10037408296,10037408295,10037408294,10037408293,10037408292,10037408291,10037408290,10037408289,10037408288,10037408287,10037408286,10037408285,10037408284,10037408283,10037408282,10037408281,10037408280,10037408279,10037408278,10037408277,10037408276,10037395801,10037408275,10037408274,10037408273,10037408272,10037408271,10037408270,10037408269,10037408268,10037408267,10037408266,10037408265,10037408264,10037408263,10037408262,10037408261,10037408260,10037408259,10037395802,10037408258,10037408257,10037408256,10037408255,10037395803,10037408254,10037408253,10037408252,10037408251,10037408250,10037408249,10037408248,10037408247,10037408246,10037408245,10037408244,10037408243,10037408242,10037408241,10037408240,10037408239,10037408238,10037408237,10037408236,10037408235,10037408234,10037408233,10037408232,10037408231,10037408230,10037408229,10037408228,10037408227,10037408226,10037408225,10037408224,10037408223,10037408222,10037408221,10037408220,10037408219,10037408218,10037408217,10037395816,10037395815,10037395814,10037395813,10037395812,10037395811,10037395810,10037395809,10037395808,10037395807,10037395806,10037395805,10037395804,4841780577,4841780576,4841780575,4841780574,4841780573,4841780572,4841780571,4841780570,4841780569,4841780568,4841780567,4841780566,4841780565,4841780564,4841780563,4841780562,4841780561,4841780560,4841780559,4841780558,4841780557,4841780556,4841780542,4841780541,11422249807,11422249808,11422249809,4841780540,4841780539,11422249811,11422249810,11422249812,4841780538,11422249813,4841780537,11422249794,11422249795,4841780536,11422249796,10039914740,11422249797,4841780535,11422249798,4841780534,11422249802,11422249799,11422249801,11422249800,4841780533,11422249814,11422249815,4841780532,11422249816,4841780531,11422249821,11422249817,11422249818,4841780530,11422249820,11422249819,4841780529,11422249804,11422249803,11422249806,4841780528,11422249805,4841780527,4841780526,4841780525,4841780524,4841780523,4841780522,4841780521,4841780520,4841780519,4841780518,4841780517,4841780516,4841780515,4841780514,4841780513,4841780512,4841780511,4841780510,4841780509,4841780508,4841780507,4841780506,4841780505,4841780504,4841780503,4841780502,4841780501,4841780500,4841780499,4841780498,4841780497,4841780496,4841780495,4841780494,4841780493,4841780492,4841780491,4841780490,4841780489,4841780488,4841780487,4841780486,4841780485,4841780484,4841780483,4841780482,4841780481,4841780480,4841780479,4841780478,4841780477,4841780476,4841780475,4841780474,4841780473,4841780472,4841780471,4841780470,4841780469,4841780468,4841780467,4841780466,4841780465,4841780464,4841780463,4841780462,4841780461,4841780460,4841780459,4841780458,4841780457,4841780456,4841780455,4841780454,4841780453,4841780452,4841780451,4841780450,4841780449,4841780448,4841780447,4841780446,4841780445,4841780444,4841780443,4841780442,4841780441,4841780440,4841780439,4841780438,4841780437,4841780436,4841780435,4841780434,4841780433,4841780432,4841780431,4841780430,4841780429,4841780428,4841780427,4841780426,4841780425,4841780424,4841780423,4841780422,4841780421]},"geometry":{"type":"LineString","coordinates":[[92.608168,21.3441123],[92.6084308,21.3445007],[92.6085944,21.3446856],[92.6087902,21.3448467],[92.6090598,21.3450204],[92.6093549,21.3451715],[92.6096874,21.3453426],[92.6099067,21.3454363],[92.6099832,21.3455044],[92.6099858,21.3456206],[92.6099449,21.3457224],[92.6098859,21.3458173],[92.6096714,21.3461358],[92.6095346,21.3462357],[92.6093951,21.3462757],[92.6086642,21.3463407],[92.6084603,21.3463082],[92.6082954,21.3462295],[92.6077831,21.3460271],[92.6072386,21.3456699],[92.6070535,21.3455375],[92.6068738,21.3453451],[92.606678,21.3449004],[92.6064956,21.344442],[92.606442,21.344349],[92.6063881,21.3442339],[92.6063079,21.3441547],[92.6062328,21.3441123],[92.6061141,21.3441185],[92.6060477,21.344136],[92.6059324,21.3442234],[92.6058841,21.3442734],[92.6058626,21.3443209],[92.6057835,21.3444083],[92.6057057,21.344522],[92.6056132,21.3447331],[92.6055475,21.3449154],[92.605534,21.3449904],[92.60553,21.3452739],[92.6055019,21.3453589],[92.6054858,21.3454875],[92.6054455,21.3456399],[92.6053785,21.3457923],[92.6053369,21.3459872],[92.6053154,21.3460421],[92.6052605,21.3461358],[92.6051988,21.3462982],[92.6051666,21.3463419],[92.6051156,21.3463669],[92.6050338,21.3463794],[92.6049802,21.3463619],[92.6048782,21.3463044],[92.6048005,21.346232],[92.6047495,21.3462045],[92.6046342,21.3460871],[92.6044068,21.3460157],[92.6042584,21.3460915],[92.6041603,21.3462626],[92.6040532,21.3464263],[92.6039612,21.3465313],[92.603913,21.3465862],[92.603825,21.3467359],[92.6037636,21.3468847],[92.6036981,21.3469666],[92.6036421,21.3471539],[92.6035961,21.3473512],[92.6036317,21.3475292],[92.6036773,21.3476316],[92.6037303,21.3476934],[92.6037738,21.347779],[92.6037718,21.3480338],[92.6037665,21.3480625],[92.6037403,21.3480944],[92.6036464,21.3481331],[92.603623,21.3482255],[92.6035774,21.3483186],[92.6035519,21.3484254],[92.603562,21.3486446],[92.6035794,21.3486965],[92.6036317,21.348762],[92.6036974,21.3487845],[92.6037497,21.3487783],[92.6038121,21.3487533],[92.6038744,21.348689],[92.6039103,21.3486715],[92.6039774,21.3486777],[92.6041292,21.3488182],[92.6042198,21.3488888],[92.6042858,21.3489613],[92.6042975,21.3489912],[92.6042908,21.3490568],[92.6042741,21.3491008],[92.6042278,21.3491586],[92.6041748,21.3492523],[92.6041259,21.3492785],[92.604022,21.3493928],[92.6037665,21.3495977],[92.60368,21.3496339],[92.6035968,21.349647],[92.6034104,21.3496333],[92.6033387,21.349652],[92.6032354,21.3496982],[92.6031429,21.3497607],[92.6029484,21.3499255],[92.6025715,21.3501416],[92.6022819,21.3502628],[92.6021478,21.3503053],[92.6019761,21.3503477],[92.6018111,21.3503665],[92.6015604,21.3503452],[92.6014531,21.3503128],[92.6012988,21.3502378],[92.6012519,21.3501716],[92.6012519,21.3501216],[92.601268,21.3500704],[92.6012653,21.349958],[92.6012211,21.3498893],[92.601044,21.3496695],[92.6009126,21.3495683],[92.6008818,21.3495383],[92.600863,21.3494896],[92.6008415,21.3494721],[92.6006739,21.3494409],[92.6005921,21.3494109],[92.6004995,21.349351],[92.6004124,21.349251],[92.6003614,21.3492273],[92.6002581,21.3492685],[92.6002018,21.3492748],[92.6001482,21.349256],[92.6000758,21.3492048],[92.6000181,21.3492023],[92.5999644,21.3492186],[92.5998451,21.3493023],[92.5996466,21.3494984],[92.5994723,21.3495945],[92.5992765,21.349657],[92.5992335,21.3496932],[92.5992201,21.3497432],[92.5992751,21.3499193],[92.5992778,21.3499955],[92.5992107,21.3501179],[92.5991276,21.3502303],[92.5991115,21.350314],[92.5991115,21.3504177],[92.5991437,21.3506775],[92.5991397,21.3509847],[92.599149,21.351036],[92.5992389,21.3513432],[92.5993609,21.3515156],[92.5993797,21.3515643],[92.5994159,21.3516942],[92.5994468,21.3519515],[92.5995098,21.3521576],[92.5996479,21.3524187],[92.5997432,21.3525373],[92.5998518,21.3527821],[92.5999081,21.3529333],[92.5999805,21.3530382],[92.6000006,21.3530882],[92.6000114,21.3531631],[92.60001,21.3532942],[92.5999604,21.3534167],[92.5998773,21.3535253],[92.5997834,21.353624],[92.599711,21.3536814],[92.5994374,21.3537801],[92.5990713,21.3538526],[92.5989009,21.35395],[92.5988312,21.3540337],[92.5987266,21.3540961],[92.5985509,21.3542735],[92.5984329,21.3544758],[92.5984101,21.3545258],[92.5984034,21.3545783],[92.5984007,21.3546432],[92.5984088,21.3546669],[92.5984852,21.3547769],[92.598504,21.3548268],[92.598504,21.3550416],[92.5984758,21.3550879],[92.598453,21.355239],[92.5984249,21.3553152],[92.598339,21.3554538],[92.5982384,21.355585],[92.5981969,21.3556761],[92.5981687,21.355851],[92.5981848,21.355926],[92.5982264,21.3559934],[92.598457,21.3561695],[92.5986743,21.3562819],[92.5987802,21.3563094],[92.598917,21.3563768],[92.599082,21.356443],[92.5991464,21.3564943],[92.5992362,21.3566704],[92.5992362,21.3567528],[92.5992832,21.3570351],[92.5992858,21.3571837],[92.5993234,21.3573311],[92.5993529,21.3575334],[92.5993502,21.3575884],[92.5992563,21.3577283],[92.5990954,21.3578757],[92.5986609,21.3582179],[92.598516,21.3583028],[92.5983524,21.3583453],[92.5983068,21.3583778],[92.5980011,21.3585102],[92.5978187,21.358645],[92.5977865,21.3586875],[92.5977489,21.3587874],[92.597757,21.3589848],[92.5977972,21.3592396],[92.5978374,21.359337],[92.597926,21.3594444],[92.5979689,21.3595393],[92.5980628,21.3596667],[92.5982532,21.3598691],[92.5982988,21.359894],[92.5984704,21.3600314],[92.5986931,21.3601763],[92.5988768,21.3603262],[92.5989251,21.3603487],[92.5990055,21.3604236],[92.5991826,21.3605485],[92.5992845,21.3606672],[92.5993006,21.3607683],[92.5992966,21.360822],[92.5992738,21.3608982],[92.5992456,21.3609469],[92.5991464,21.3610518],[92.5990123,21.3611055],[92.598791,21.3611468],[92.5985831,21.3612292],[92.5984664,21.3612592],[92.598386,21.3612879],[92.5982599,21.3613578],[92.5981553,21.3613991],[92.5979058,21.361439],[92.5978053,21.3615302],[92.5977288,21.3615689],[92.59758,21.3616663],[92.597537,21.3617088],[92.5975075,21.36181],[92.5975102,21.3618574],[92.5975518,21.3619211],[92.5976014,21.3619449],[92.5976537,21.3619511],[92.5977087,21.3619474],[92.5980265,21.3618587],[92.5981177,21.3618462],[92.5982773,21.3618062],[92.5984181,21.3618137],[92.5987682,21.3618662],[92.5990833,21.3619611],[92.5992376,21.3620223],[92.5993569,21.362086],[92.5994242,21.3621008],[92.5995688,21.3621359],[92.5996774,21.3622184],[92.5997713,21.3622646],[92.5998786,21.3622821],[92.60001,21.3622746],[92.6001133,21.3622921],[92.6002327,21.3623583],[92.6003024,21.3624432],[92.6004271,21.3625518],[92.600462,21.3626218],[92.6004727,21.3627529],[92.6004928,21.3627729],[92.600643,21.3628491],[92.6007517,21.3628741],[92.6010038,21.3628728],[92.6014169,21.3627479],[92.6014598,21.362718],[92.6015134,21.3626618],[92.6016053,21.362648],[92.6017649,21.362648],[92.601903,21.3626255],[92.6019768,21.3625837],[92.6020814,21.3625006],[92.6022383,21.3624113],[92.6023288,21.3623333],[92.6023932,21.3623227],[92.6025032,21.3623227],[92.6026366,21.3622946],[92.6027016,21.3622908],[92.602888,21.3623158],[92.6029652,21.3623401],[92.6030168,21.3624001],[92.6030396,21.3624469],[92.6030429,21.3625419],[92.6030631,21.3625918],[92.6030899,21.362623],[92.6031395,21.3626455],[92.6032978,21.3626443],[92.6035318,21.3626118],[92.603623,21.3625906],[92.6036552,21.3625618],[92.6037061,21.3625444],[92.6038805,21.3625281],[92.6040494,21.3625437],[92.604205,21.3625981],[92.6042332,21.3626249],[92.6042526,21.362811],[92.6042754,21.3628735],[92.6043592,21.3629759],[92.6043666,21.3630133],[92.6043539,21.3630377],[92.6042721,21.3630926],[92.604207,21.3631676],[92.6041802,21.3632288],[92.6041648,21.3633087],[92.6041212,21.3633618],[92.6041225,21.3634161],[92.604148,21.3635298],[92.6041936,21.3636247],[92.604254,21.3636778],[92.6044987,21.3637427],[92.604598,21.3637596],[92.6046717,21.3637996],[92.60472,21.3638633],[92.6047468,21.3639344],[92.6047602,21.3640356],[92.6046838,21.3641618],[92.604669,21.364276],[92.6046489,21.364341],[92.604606,21.3643897],[92.6045155,21.3644559],[92.6044323,21.3644671],[92.6043197,21.3644134],[92.6042003,21.3643797],[92.6040561,21.364321],[92.6040112,21.3642873],[92.6039455,21.3642005],[92.6038831,21.364163],[92.6038007,21.3641405],[92.6037289,21.3641405],[92.6036887,21.3641543],[92.6036317,21.3641955],[92.6035827,21.3642486],[92.6035472,21.3643041],[92.6035137,21.3643941],[92.603515,21.3644346],[92.603568,21.3644921],[92.6035868,21.3645539],[92.6035834,21.3646276],[92.6035271,21.3648855],[92.6034285,21.3649748],[92.6032897,21.3650485],[92.6032005,21.3652021],[92.6030711,21.3652958],[92.6029906,21.3653033],[92.6028518,21.3652621],[92.6028136,21.3652714],[92.6027861,21.365317],[92.602772,21.3654869],[92.6028364,21.3657192],[92.6028599,21.3657604],[92.6029263,21.3659409],[92.6029598,21.3659833],[92.6030061,21.3660089],[92.6031643,21.3660402],[92.603279,21.3661082],[92.6033045,21.3661101],[92.603348,21.3660845],[92.6033708,21.3660989],[92.6034097,21.3661526],[92.6034191,21.366245],[92.6033943,21.3663074],[92.6033024,21.3664748],[92.603232,21.3665222],[92.6032079,21.366571],[92.6032086,21.3665991],[92.6032468,21.3666827],[92.6032904,21.3667645],[92.6033729,21.3668788],[92.6033889,21.3669306],[92.6034191,21.3670749],[92.6034252,21.3671967],[92.6034527,21.367364],[92.6034379,21.3674352],[92.6034459,21.3675963],[92.6034278,21.3677275],[92.6034299,21.3678636],[92.6033943,21.3681515],[92.6034017,21.368282],[92.6033863,21.3685449],[92.6034064,21.3686735],[92.6034017,21.368992],[92.6034305,21.3691169],[92.6035009,21.3691949],[92.6035935,21.3692511],[92.6036686,21.3693286],[92.6036994,21.369456],[92.6036967,21.3695072],[92.6036847,21.3695309],[92.6036089,21.3696152],[92.6034855,21.3696464],[92.6034144,21.369642],[92.603289,21.3696539],[92.6031945,21.3696914],[92.6030932,21.3697738],[92.6029578,21.369865],[92.6029142,21.3699324],[92.6029129,21.369983],[92.6029269,21.3700198],[92.6029477,21.3700379],[92.603171,21.3701279],[92.6032622,21.3701816],[92.6033708,21.3703102],[92.6035278,21.3704195],[92.6036257,21.3705431],[92.6037443,21.370633],[92.6038127,21.3706374],[92.6038771,21.3706206],[92.6041219,21.3704001],[92.6041755,21.3703926],[92.6042265,21.3704126],[92.6043311,21.3705662],[92.604425,21.3708784],[92.6044451,21.3710058],[92.6044491,21.3711757],[92.6044035,21.3713543],[92.6043311,21.3714667],[92.6042412,21.3715316],[92.6041071,21.3715516],[92.6040213,21.3715279],[92.6039462,21.3714842],[92.6038872,21.3714192],[92.6038603,21.371373],[92.603855,21.3712743],[92.6039073,21.371132],[92.6038992,21.371082],[92.6038791,21.3710633],[92.6038255,21.3710421],[92.6037665,21.3710421],[92.6037182,21.3710658],[92.6036686,21.3711594],[92.6036645,21.3711857],[92.6036511,21.3712943],[92.6036726,21.3714754],[92.6036538,21.3715241],[92.6035519,21.3716034],[92.6034989,21.3716684],[92.6034647,21.3717408],[92.6033963,21.3717808],[92.6033628,21.3718545],[92.6033507,21.3719394],[92.603224,21.3721205],[92.6031476,21.3721991],[92.6030825,21.3722285],[92.6029504,21.3722229],[92.602762,21.3721561],[92.6025461,21.3721642],[92.6024562,21.3721148],[92.6022832,21.37197],[92.6021665,21.3718938],[92.6020606,21.3718526],[92.6017199,21.3717677],[92.6015791,21.3717589],[92.6014973,21.3717739],[92.6014329,21.3718301],[92.601382,21.3718938],[92.6012452,21.3719375],[92.6011486,21.3720087],[92.6010239,21.3721548],[92.6008616,21.372266],[92.6007798,21.3723434],[92.600753,21.3723883],[92.6007369,21.372532],[92.6007423,21.3726131],[92.6007074,21.3727942],[92.6006953,21.3729453],[92.6006672,21.3730478],[92.60058,21.3732151],[92.6005545,21.373315],[92.6005022,21.3734436],[92.600415,21.3736085],[92.6002447,21.3738533],[92.6001656,21.3739057],[92.6001495,21.3739282],[92.6001053,21.3741967],[92.6001227,21.3743516],[92.6001562,21.3744565],[92.6001602,21.3745364],[92.6001871,21.3746163],[92.600226,21.3746825],[92.6003104,21.3747899],[92.6004419,21.374926],[92.6006041,21.3750347],[92.6007128,21.3750884],[92.6009582,21.3751696],[92.6011728,21.375227],[92.6014732,21.3752782],[92.60161,21.3753107],[92.601728,21.3753532],[92.6018473,21.3753744],[92.6020619,21.3754019],[92.6024093,21.3754218],[92.60277,21.3754643],[92.6030248,21.3754668],[92.6031697,21.3754843],[92.6033078,21.3755168],[92.6033829,21.3755505],[92.6035063,21.3756529],[92.6035465,21.3757216],[92.6035626,21.3757715],[92.6035546,21.3758639],[92.6035157,21.3759364],[92.6034406,21.3760225],[92.6034138,21.3760687],[92.6033078,21.3761574],[92.6032971,21.3761824],[92.6032984,21.3762586],[92.6033105,21.3762823],[92.6033494,21.376321],[92.6035506,21.3764659],[92.6036417,21.3765833],[92.6036941,21.3767007],[92.6037168,21.3768817],[92.6036927,21.376928],[92.6036257,21.3769954],[92.6036203,21.3771265],[92.6035975,21.3772527],[92.6035774,21.3773026],[92.6034781,21.3774325],[92.6034567,21.3775386],[92.6034218,21.3776398],[92.6033628,21.3777584],[92.6033467,21.3778696],[92.6034097,21.3780394],[92.6034674,21.3781268],[92.6035801,21.378253],[92.6036431,21.3783729],[92.6037182,21.3784528],[92.6039274,21.3786326],[92.6039676,21.3787],[92.6040099,21.3788449],[92.6040387,21.3788911],[92.6042043,21.3790547],[92.6042566,21.3790741],[92.6043666,21.3790772],[92.6043921,21.3790878],[92.6044357,21.3791197],[92.604549,21.3792433],[92.6045678,21.3793207],[92.604553,21.3793981],[92.604547,21.3797303],[92.6045577,21.3798078],[92.604555,21.3798877],[92.6045309,21.3799938],[92.6044893,21.3800613],[92.604429,21.3801175],[92.6042895,21.3801424],[92.6040535,21.3801499],[92.6039636,21.3801412],[92.6038885,21.3801],[92.603521,21.3799938],[92.603391,21.3799376],[92.6033185,21.3798927],[92.6031522,21.3798502],[92.6029216,21.3798327],[92.6027526,21.3798664],[92.6026252,21.3799276],[92.6022845,21.3801549],[92.6020713,21.3802411],[92.6018447,21.380376],[92.6017012,21.3803997],[92.6016408,21.3804272],[92.6015255,21.3805108],[92.6014584,21.3805982],[92.6013793,21.3806694],[92.6012492,21.3807256],[92.6008013,21.3810266],[92.6007825,21.3810466],[92.6007611,21.3811003],[92.6007181,21.3813313],[92.6007195,21.3814137],[92.6007423,21.3815161],[92.600753,21.3816185],[92.6007798,21.3816922],[92.6007919,21.3818171],[92.6007248,21.3819857],[92.6007342,21.3821343],[92.600686,21.3823603],[92.6007034,21.3824352],[92.600702,21.3825064],[92.6006658,21.3825776],[92.6006551,21.3826563],[92.6006591,21.3827362],[92.6006819,21.3828099],[92.6006766,21.3829422],[92.6007074,21.3830709],[92.6007088,21.3832257],[92.6007235,21.3833543],[92.6008281,21.3835729],[92.6009555,21.383719],[92.6010212,21.3838589],[92.6010749,21.38392],[92.601158,21.3839912],[92.601205,21.3840187],[92.6013391,21.3840337],[92.6014464,21.3840299],[92.601563,21.3839787],[92.6016489,21.3839175],[92.6017199,21.3838351],[92.6018085,21.3836765],[92.6018661,21.3835342],[92.6019439,21.3833781],[92.6020271,21.3830584],[92.6020606,21.3829847],[92.6022497,21.3828324],[92.6023221,21.3827537],[92.602428,21.3826675],[92.6024817,21.382655],[92.6025367,21.3826613],[92.6028532,21.3827649],[92.6029859,21.3827811],[92.6030812,21.3827712],[92.6031335,21.3827799],[92.6031589,21.3827899],[92.6032126,21.3828498],[92.6032649,21.3828748],[92.6033735,21.3828836],[92.6034527,21.3829085],[92.6034781,21.3829884],[92.6034594,21.3834692],[92.6034714,21.3836241],[92.6034634,21.3837003],[92.6034339,21.3838276],[92.6033762,21.3839787],[92.6033588,21.3841086],[92.6033051,21.3842759],[92.6032796,21.3844283],[92.6032354,21.3845544],[92.6031978,21.384708],[92.6031375,21.3848791],[92.6030865,21.3849428],[92.6030584,21.3850177],[92.6030356,21.3851451],[92.6030463,21.3852974],[92.6030436,21.3853911],[92.6030637,21.385521],[92.6030503,21.3857595],[92.6031268,21.3858993],[92.6031831,21.3860779],[92.6032796,21.3862677],[92.6033896,21.3866099],[92.6033816,21.3867123],[92.6033413,21.3868646],[92.6033306,21.3869645],[92.6033387,21.3870145],[92.6034057,21.3870969],[92.603454,21.3871244],[92.6037624,21.3871943],[92.603808,21.3872268],[92.6038912,21.3872942],[92.6040012,21.3874216],[92.6042157,21.3875764],[92.6043418,21.3876888],[92.6044866,21.3878412],[92.6046556,21.387976],[92.6048487,21.3880784],[92.6049077,21.3880909],[92.6053476,21.3881134],[92.6054549,21.3880984],[92.6055515,21.3880534],[92.6057044,21.388011],[92.6059109,21.3879261],[92.6061791,21.3877463],[92.6063213,21.3876763],[92.6064581,21.3875714],[92.6065117,21.3875539],[92.6067933,21.3873941],[92.6069033,21.3873916],[92.6070642,21.3873666],[92.6072761,21.3873142],[92.6075497,21.3872967],[92.6077723,21.3873067],[92.607936,21.3873517],[92.6080272,21.3874091],[92.6081827,21.3875515],[92.6082846,21.3876763],[92.6083383,21.3877762],[92.6083651,21.3878786],[92.6083678,21.3879461],[92.608341,21.3880485],[92.608223,21.3881633],[92.6082042,21.3882108],[92.6081881,21.3883656],[92.6081854,21.3886803],[92.608054,21.3889001],[92.6080352,21.3890599],[92.6080191,21.3891099],[92.6079601,21.3891973],[92.6077723,21.3893147],[92.6076704,21.3894196],[92.6076168,21.3894495],[92.6074049,21.389512],[92.6071823,21.389527],[92.6068604,21.3895769],[92.6065224,21.3895694],[92.6064125,21.3895844],[92.6061872,21.3895919],[92.6055917,21.3895694],[92.6054254,21.3895969],[92.6053181,21.3895969],[92.6052108,21.3896119],[92.6049936,21.3896743],[92.6048407,21.3897318],[92.6046878,21.3898092],[92.6045939,21.3898766],[92.604374,21.3901164],[92.6043284,21.3902712],[92.6042613,21.3904235],[92.6041701,21.3905584],[92.6040789,21.3907482],[92.6040333,21.3909081],[92.6040092,21.3911128],[92.6040468,21.3913701],[92.604146,21.3916848],[92.6041996,21.3917797],[92.6042721,21.3918546],[92.6043579,21.3919869],[92.6045349,21.3921992],[92.6047039,21.3923391],[92.605117,21.3926038],[92.6053476,21.3927337],[92.6054442,21.3928211],[92.6055381,21.3929584],[92.6056507,21.3930883],[92.6057768,21.3932606],[92.6058492,21.393403],[92.6058546,21.3935104],[92.6057956,21.3936602],[92.6058224,21.3938625],[92.6058573,21.3939699],[92.6059216,21.3941097],[92.605931,21.3942084],[92.6059136,21.3942596],[92.6058988,21.3942808],[92.605872,21.3942908],[92.6057312,21.3943158],[92.6056842,21.394342],[92.6056668,21.394367],[92.6056373,21.3944706],[92.6056132,21.3945168],[92.6055783,21.3945293],[92.6055394,21.3945349],[92.6054375,21.3945387],[92.6052859,21.394558],[92.6052175,21.3946142],[92.6051773,21.3946916],[92.6051719,21.3948227],[92.6051465,21.3948964],[92.6050915,21.3949563],[92.605058,21.39503],[92.6050378,21.3951124],[92.6050284,21.3952186],[92.6050673,21.3952897],[92.6051036,21.395517],[92.6051156,21.395542],[92.6052001,21.3956132],[92.6052229,21.3956244],[92.6053369,21.3956369],[92.6054187,21.3956569],[92.6055327,21.3957368],[92.6056145,21.3957617],[92.6056682,21.3957617],[92.6058036,21.395738],[92.6058854,21.395743],[92.60599,21.3957867],[92.6060584,21.3958342],[92.6061013,21.3958766],[92.606108,21.395954],[92.6060638,21.3960215],[92.6060222,21.3961201],[92.6059766,21.3961513],[92.605872,21.3961863],[92.6058519,21.3962138],[92.6058358,21.3962899],[92.6058479,21.3963898],[92.6058613,21.3964136],[92.6059847,21.3965247],[92.6060329,21.3965509],[92.6062435,21.3967107],[92.6063065,21.3967944],[92.6064634,21.396908],[92.6065144,21.3969854],[92.6064929,21.397189],[92.6064473,21.3972876],[92.6063763,21.3975374],[92.6062797,21.397676],[92.606163,21.3977921],[92.6060732,21.3979582],[92.6060209,21.3980843],[92.6060007,21.3981867],[92.6060034,21.3982628],[92.6060235,21.3983015],[92.6060517,21.3984077],[92.6061469,21.39855],[92.6062529,21.3986686],[92.6063776,21.3987773],[92.6064433,21.3988647],[92.6064768,21.3989658],[92.6064782,21.3990183],[92.6064581,21.3990695],[92.6064178,21.3991094],[92.6062649,21.3992131],[92.6060557,21.3993154],[92.6059163,21.3993367],[92.6057848,21.3993691],[92.6056722,21.3994178],[92.6055971,21.3994578],[92.6055595,21.3994977],[92.6054549,21.3997287],[92.6053812,21.3999597],[92.6053718,21.4000696],[92.6053007,21.4002494],[92.6052886,21.4003556],[92.6052926,21.4003805],[92.6053101,21.4004005],[92.6053597,21.4004217],[92.6054321,21.4003968],[92.6054884,21.400388],[92.6055716,21.400383],[92.6055998,21.4003918],[92.6056212,21.4004068],[92.6056467,21.4004542],[92.6056534,21.4005091],[92.6056427,21.4005591],[92.6056105,21.400604],[92.6055568,21.400624],[92.6053624,21.4006065],[92.6052913,21.400629],[92.6052779,21.4006777],[92.6052631,21.401086],[92.605176,21.4013869],[92.6051331,21.4015043],[92.6050003,21.4016554],[92.6049587,21.4017316],[92.6048782,21.4019363],[92.6048541,21.4020537],[92.6048179,21.4021623],[92.6047334,21.4023109],[92.6046798,21.4024383],[92.6046449,21.4025919],[92.6043646,21.403391],[92.6043203,21.4036132],[92.6042935,21.4036719],[92.6041849,21.4038355],[92.6041031,21.4040153],[92.6040548,21.404069],[92.6039958,21.4041639],[92.6039556,21.4042076],[92.6038523,21.4042688],[92.6037745,21.4043836],[92.6036967,21.4045859],[92.6036458,21.4046795],[92.6036122,21.4047832],[92.6035827,21.4049368],[92.603517,21.4051403],[92.6033641,21.4055086],[92.6033226,21.4056572],[92.6031496,21.4060056],[92.603116,21.4061079],[92.6030959,21.4062091],[92.6030262,21.4063676],[92.6029082,21.4065524],[92.6028304,21.4067222],[92.6027955,21.4068221],[92.6027687,21.4069333],[92.602762,21.4072167],[92.6027955,21.407344],[92.6028237,21.4073965],[92.6029699,21.40756],[92.6030141,21.4075975],[92.6031241,21.4076599],[92.6031804,21.4077174],[92.6034084,21.407821],[92.6035734,21.4078659],[92.6036967,21.4079846],[92.6037866,21.4081281],[92.6037866,21.4082543],[92.6037718,21.4082767],[92.6037209,21.4082992],[92.6036042,21.4083004],[92.6030721,21.4085544],[92.6028823,21.4088931],[92.6026608,21.4095263],[92.6023919,21.4095631],[92.6017751,21.4095631],[92.6013954,21.4094526],[92.6011582,21.4085912],[92.6011424,21.4076266],[92.601522,21.406132],[92.6016722,21.4047551],[92.6015615,21.4043059],[92.6010079,21.4041145],[92.6005176,21.4044016],[92.5999561,21.4047109],[92.5996002,21.4045563],[92.5992839,21.4041586],[92.5985958,21.404247],[92.5971011,21.4044532],[92.5962865,21.4045121],[92.595899,21.4048434],[92.594689,21.4055724],[92.5930558,21.4068206],[92.5906526,21.4075198],[92.5899892,21.4077319],[92.5894357,21.4078422],[92.5892421,21.4077511],[92.5891825,21.4075351],[92.5887214,21.4067806],[92.5886453,21.4065634],[92.5884213,21.4063289],[92.5881973,21.4062064],[92.5879918,21.4061613],[92.5875655,21.4063125],[92.5872408,21.406481],[92.5869181,21.40713],[92.5866135,21.40742],[92.5861933,21.4074949],[92.5857819,21.4075209],[92.5855185,21.4075382],[92.5853451,21.4075791],[92.5852317,21.4076545],[92.585219,21.4078596],[92.5853311,21.4080991],[92.5855139,21.4083698],[92.5856783,21.4086578],[92.5856056,21.4088125],[92.5854312,21.408907],[92.5851379,21.4089582],[92.5839573,21.4098047],[92.5837813,21.4098899],[92.5837535,21.4099894],[92.583782,21.4101551],[92.5839792,21.4107161],[92.5841713,21.4109022],[92.5844656,21.4110026],[92.5846986,21.4110126],[92.5850185,21.4109607],[92.585355,21.410751],[92.5857888,21.4103365],[92.5867687,21.4099171],[92.5874591,21.4094835],[92.587752,21.4089896],[92.5883823,21.4086765],[92.5890218,21.4085786],[92.5898905,21.408509],[92.5908886,21.4088783],[92.5924121,21.4100769],[92.5938927,21.4121145],[92.5934635,21.4130534],[92.5929271,21.4135528],[92.591425,21.4136127],[92.5890432,21.4138724],[92.5878416,21.4136127],[92.5871335,21.4121345],[92.5861894,21.4118548],[92.5854383,21.4124541],[92.5851594,21.4136927],[92.5843011,21.4139523],[92.5830995,21.4128137],[92.5825845,21.4111356],[92.5811683,21.4100969],[92.5802885,21.4101168],[92.5795804,21.4107561],[92.5804173,21.4121345],[92.5815331,21.4132931],[92.5821553,21.4151909],[92.5822197,21.4164494],[92.5809537,21.4170087],[92.5793658,21.4171885],[92.5783144,21.4180674],[92.5779711,21.4195057],[92.5779496,21.4212036],[92.5770269,21.4218428],[92.5771986,21.4230813],[92.5782286,21.4238004],[92.5798808,21.4234208],[92.5820051,21.421703],[92.5825201,21.4196655],[92.5832068,21.4190662],[92.5841938,21.4193459],[92.5840651,21.4206643],[92.5829063,21.4231612],[92.5827776,21.4240001],[92.5838719,21.4243996],[92.585374,21.4242598],[92.5856529,21.4249989],[92.5854169,21.4261774],[92.584859,21.4266967],[92.5835072,21.4265569],[92.5819837,21.4259177],[92.5799237,21.4252785],[92.5784217,21.4261574],[92.5777136,21.4274158],[92.5771557,21.4275956],[92.5755249,21.427276],[92.5751172,21.4274558],[92.575203,21.428794],[92.5738941,21.4308514],[92.5740443,21.4325492],[92.5743447,21.4337276],[92.575482,21.4341271],[92.5758468,21.4346664],[92.5755893,21.4353455],[92.5750528,21.4358248],[92.5747953,21.4366438],[92.5742374,21.4377822],[92.5748597,21.4382616],[92.5761043,21.4380019],[92.5778852,21.4372629],[92.5786363,21.4376624],[92.5783788,21.438701],[92.5780784,21.4398794],[92.577778,21.4405385],[92.5787436,21.4411377],[92.5796019,21.4424559],[92.5802885,21.444513],[92.5817047,21.4451322],[92.5842153,21.4453518],[92.5852023,21.444553],[92.585095,21.4431349],[92.585846,21.4422761],[92.5876699,21.4417369],[92.5882708,21.4422561],[92.5883351,21.443814],[92.5885497,21.4445929],[92.5897513,21.4447327],[92.5908242,21.4451122],[92.5907384,21.445951],[92.5890218,21.4465302],[92.5856958,21.4488269],[92.5849877,21.4506244],[92.5858031,21.451603],[92.5873052,21.4522021],[92.5879918,21.4539596],[92.5868116,21.4582333],[92.5861894,21.4592717],[92.5853311,21.4592118],[92.5833784,21.4587725],[92.5828634,21.457774],[92.5819193,21.457075],[92.5813614,21.4572747],[92.5813185,21.4579737],[92.5816833,21.4595114],[92.5804602,21.4610491],[92.5797521,21.4614884],[92.5785934,21.4614684],[92.5774561,21.4605498],[92.5761686,21.461109],[92.5762759,21.462407],[92.5766622,21.4640845],[92.5764261,21.4648233],[92.5746237,21.4662412]]}},{"type":"Feature","properties":{"osm_id":1096046935,"group":"sangu","version":1,"timestamp":"2022-09-19T16:25:32Z","tags":{"name":"সাঙ্গু নদী","name:bn":"সাঙ্গু নদী","name:en":"Sangu River","waterway":"river"},"nodes":[4841780421,4841780320,9491446926,4841780319,4841780318,4841780317,9491446925,4841780316,4841780315,4841780314,9491446924,4841780313,4841780312,4841780311,4841780310,4841780309,4841780308,4841780307,4841780306,4841780305,4841780304,4841780303,4841780302,4841780301,4841780300,4841780299,4841780298,4841780297,4841780296,4841780295,4841780294,4841780293,9491444690,4841780292,4841780291,4841780290,4841780289,4841780288,4841780287,4841780286,4841780285,4841780284,4841780283,4841780282,4841780281,4841780280,4841780279,4841780278,4841780277,4841780276,4841780275,4841780274,4841780273,4841780272,4841780271,4841780270,4841780269,4841780268,4841780267,4841780266,4841780265,4841780264,4841780263,4841780262,4841780261,4841780260,4841780259,4841780258,4841780257,4841780256,4841780255,4841780254,4841780253,4841780252,4841780251,4841780250,4841780249,4841780248,4841780247,4841780246,4841780245,4841780244,4841780243,4841780242,4841780241,4841780240,4841780239,4841780238,4746329044,4746329045,4746329046,4746329047,4746329048,4746329049,4746329050,4746329051,4746329052,4746329053,4746329054,4746329055,4746329056,4746329057,4746329058,4746329059,4746329060,4746329061,4746329062,4746329063,4746329064,4746329065,4746329066,2632298035,2632298034,2632298032,2632298031,4746469332,4746469331,2632298030,4746469330,4746469329,2632298029,2632298028,4746469328,2632298026,4746469535,2632298025,2632298024,4746469327,4746469326,2632298023,4746469325,4746469324,4746469323,4746469322,4746469321,4746469320,4746469319,4746469318,4746469317,4746469316,2632298022,2632298021,2632298020,2632298019,2632298018,2632298016,2632298015,2632298014,2632298013]},"geometry":{"type":"LineString","coordinates":[[92.5746237,21.4662412],[92.5720488,21.4687972],[92.571287,21.4696459],[92.5700103,21.4704346],[92.5668775,21.4717326],[92.5660406,21.4736895],[92.5660191,21.4744682],[92.5651394,21.475247],[92.5633799,21.4776232],[92.5632726,21.478941],[92.5636374,21.4798396],[92.5635301,21.4807381],[92.5631224,21.4827548],[92.5638305,21.4842523],[92.565075,21.4848313],[92.5671564,21.4847714],[92.5692593,21.4858296],[92.5725423,21.4883654],[92.5733577,21.4906415],[92.5726067,21.4921789],[92.5706969,21.4931971],[92.5686585,21.4946146],[92.567607,21.4974098],[92.5668989,21.4994262],[92.5679933,21.5013229],[92.5692807,21.50292],[92.5725637,21.5063738],[92.5734918,21.5087195],[92.5735025,21.5097776],[92.572612,21.5105261],[92.5710563,21.5107458],[92.5696187,21.5109553],[92.5688033,21.5113471],[92.5680308,21.5121082],[92.5657509,21.5134108],[92.5637231,21.5142942],[92.5602578,21.5149229],[92.5576024,21.5155069],[92.5558697,21.5174332],[92.5544749,21.5198287],[92.5550328,21.5218448],[92.5556336,21.5244198],[92.5553547,21.5265756],[92.5540243,21.52945],[92.5516854,21.5325638],[92.5509559,21.5336616],[92.5514709,21.5347195],[92.5525223,21.5350788],[92.5540672,21.5356177],[92.5548183,21.5368951],[92.5553118,21.538432],[92.5544106,21.5395497],[92.5528656,21.5402482],[92.5510632,21.5409269],[92.5505911,21.542324],[92.5513636,21.542803],[92.5530373,21.5424038],[92.5552045,21.5422841],[92.5570069,21.5418649],[92.55823,21.5421843],[92.5590669,21.541805],[92.5609337,21.5404878],[92.5622855,21.5402083],[92.5628005,21.5408869],[92.5629936,21.5420845],[92.5639592,21.5444595],[92.5652681,21.5452778],[92.5660621,21.547114],[92.5672422,21.5482915],[92.5685082,21.549509],[92.5711905,21.549968],[92.5719629,21.5510657],[92.5712548,21.5527221],[92.5715552,21.5545382],[92.5714909,21.5564741],[92.5705253,21.558809],[92.5692163,21.5599066],[92.5680791,21.5599465],[92.5670706,21.560625],[92.567214,21.5618331],[92.5675006,21.5628387],[92.5679174,21.5641956],[92.5678653,21.5649225],[92.5673703,21.5651406],[92.5666669,21.564971],[92.5651688,21.5642077],[92.5646086,21.5644137],[92.5651297,21.5653708],[92.566152,21.5661201],[92.5663731,21.5664557],[92.5665693,21.5668836],[92.5666437,21.567043],[92.5666437,21.5672905],[92.5666234,21.5674688],[92.566637,21.567645],[92.5666685,21.5677415],[92.5667317,21.5678485],[92.5670249,21.5681526],[92.5670948,21.5683015],[92.5671377,21.5683624],[92.5672053,21.5683917],[92.5672482,21.5684043],[92.5673158,21.5684484],[92.5673519,21.5685449],[92.5673767,21.568721],[92.5674489,21.5690063],[92.5676,21.5694405],[92.5677557,21.5700341],[92.5680701,21.5707799],[92.5681761,21.5710652],[92.5682946,21.5712959],[92.5684995,21.5715472],[92.5697225,21.5726048],[92.5698298,21.5731436],[92.5700229,21.5741014],[92.5701635,21.5743234],[92.5703526,21.5745154],[92.5704934,21.5746264],[92.5707697,21.5747324],[92.5710366,21.5747761],[92.5713625,21.5748796],[92.5719907,21.575087],[92.572348,21.5753569],[92.5726018,21.5758921],[92.5725582,21.5763094],[92.5724258,21.5766015],[92.5722791,21.5769871],[92.5722166,21.5771679],[92.5720825,21.577219],[92.5717901,21.5771405],[92.5714871,21.5771031],[92.5712135,21.5771243],[92.5708353,21.5770394],[92.5705724,21.5769946],[92.5703605,21.5770033],[92.5700816,21.5769172],[92.5697745,21.5768399],[92.5696001,21.5767963],[92.5694446,21.5766778],[92.5692206,21.5764945],[92.5690462,21.5763984],[92.566697,21.5753385],[92.5641221,21.5747798],[92.5618905,21.5750392],[92.5592083,21.5766356],[92.5575775,21.5767952],[92.5543374,21.5765158],[92.5522989,21.5767553],[92.5510544,21.577314]]}},{"type":"Feature","properties":{"osm_id":1096046936,"group":"sangu","version":2,"timestamp":"2023-12-17T13:13:49Z","tags":{"name":"সাঙ্গু নদী","name:bn":"সাঙ্গু নদী","name:en":"Sangu River","waterway":"river"},"nodes":[2632298013,2632298012,2632298011,2632298010,11425583001,11425583000,2632298009,11425582999,2632298008,2632298007,2632298006,2632298005,2632298004,2632298003,2632298002,11425582013,11425581983,11425581981,11425581982,2632298001,2632298000,2632297999,9502072666,2632297998,9502072665,2632297997,2632297996,2632297995,2632297994,2632297993,2632297992,2632297991,2632297990,2632297989,2632297988,2632297987,2632297986,2632297985,2632297984,9502019303,2632297983,2632297982,2632297981,2632297980,2632297979,2632297978,2632297977,2632297976,2632297975,2632297974,2632297973,2632297972,2632297971,2632297970,2632297969,2632297968,2632297967,2632297966,2632297965,2632297964,2632297963,2632297962,2632297961,2632297960,2632297959,2632297958,2632297957,2632297956,2632297955,2632297954,2632297953,2632297952,2632297951,2632297950,9502069725,2632297949,9502069724,2632297948,9502069723,2632297947,9502069722,9502069721,2632297946,9502069719,2632297945,2632292142]},"geometry":{"type":"LineString","coordinates":[[92.5510544,21.577314],[92.5476855,21.5797085],[92.5463766,21.5810453],[92.5465483,21.5819033],[92.5468193,21.5824596],[92.5472396,21.583115],[92.547803,21.584188],[92.547727,21.5848666],[92.5473207,21.5855947],[92.5466985,21.5860137],[92.5450462,21.586313],[92.5430507,21.5874303],[92.5421065,21.5889866],[92.5418061,21.592578],[92.5423855,21.594613],[92.5427523,21.5950606],[92.542791,21.5951078],[92.5432996,21.5955866],[92.5435249,21.5960695],[92.54363,21.5969274],[92.5430936,21.5984038],[92.5412697,21.6010573],[92.5411624,21.6016957],[92.541377,21.6023341],[92.5421012,21.602773],[92.5426966,21.6047281],[92.5423855,21.6075411],[92.5423426,21.6100149],[92.541613,21.6120696],[92.5417632,21.6132466],[92.5425571,21.6137454],[92.5444025,21.6146431],[92.5450677,21.61584],[92.5451535,21.6174359],[92.5458402,21.6186527],[92.5481361,21.6200491],[92.5498742,21.6211861],[92.5506681,21.6226423],[92.5506681,21.6243777],[92.5505569,21.6247058],[92.5500459,21.6262129],[92.5490588,21.6270108],[92.5479001,21.6270108],[92.5459904,21.6261331],[92.5443381,21.6253153],[92.5427073,21.6257741],[92.5419134,21.6266517],[92.5411624,21.6283273],[92.541098,21.6297435],[92.5407118,21.6327156],[92.5402397,21.6338126],[92.5391668,21.63479],[92.5356478,21.6360266],[92.533223,21.6380212],[92.5307769,21.6400955],[92.5280517,21.6426086],[92.5262922,21.6451416],[92.5257129,21.6463582],[92.5256914,21.6482728],[92.5254124,21.6498285],[92.5246829,21.6513442],[92.5232667,21.6525209],[92.5216788,21.6535779],[92.5190395,21.6553529],[92.5181383,21.6567489],[92.5181383,21.6581848],[92.5183529,21.6610764],[92.5185889,21.6638684],[92.5189322,21.664686],[92.5201124,21.6659224],[92.520048,21.6678168],[92.5195545,21.6694919],[92.5184172,21.6720643],[92.5179183,21.6733954],[92.5178862,21.6741705],[92.5174999,21.6749158],[92.517288,21.6754044],[92.5172156,21.6758929],[92.5174195,21.6766806],[92.5178379,21.6774682],[92.5182832,21.6780564],[92.5188786,21.6785549],[92.5200266,21.6793425],[92.520724,21.6799158],[92.5207132,21.6804791],[92.5202143,21.6812218]]}},{"type":"Feature","properties":{"osm_id":257755668,"group":"sangu","version":10,"timestamp":"2026-02-20T23:11:40Z","tags":{"name":"Sangu Nodi","waterway":"river"},"nodes":[2632279429,2632279427,2632279425,11425655856,2632279421,11425655770,6330657204,2632279420,11425615730,2632279419,2632279418,7051254051,2632279417,2632279416,2632279415,2632279414,2632279413,2632279412,2632279411,2636531380,2632279410,2632279409,2632279408,2632279407,2632279406,2632279405,2632279404,2632279403,2632279402,2632279401,2632279400,2632279399,2632279398,2632279397,2632279396,2632279395,2632279394,2632279393,2632279392,2632279391,2632279390,2632279389,2632279388,2632279387,2632279386,2632279385,2632279384,2632279383,2632279382,2632279381,2632279380,2632279379,2632279378,2632279377,2632279376,2632279375,2632279374,2632279373,2632279372,2632279371,2632279370,2632279369,2632279368,2632279367,2632279366,2632279365,2632279364,2632279363,2632279362,2632279361,2632279360,2632279359,2632279358,2632279357,2632279356,2632279355,2632279354,2632279353,2632279352,2632279351,2632279350,2632279349,2632279348,2632279347,2632279346,2632279345,2632279344,2632279343,2632279342,2632279341,2632279340,2632279339,2636545885,2632279338,2632279337,2638131045,2632279336,2632279335,1748312270]},"geometry":{"type":"LineString","coordinates":[[92.4367226,21.8090647],[92.4371088,21.8112162],[92.4370015,21.8127004],[92.4371192,21.8132892],[92.4371946,21.8136666],[92.4372944,21.814235],[92.4374253,21.8146228],[92.4372812,21.815579],[92.4367617,21.8175852],[92.436744,21.8188659],[92.4373449,21.8219336],[92.4375757,21.8230271],[92.4373488,21.8239733],[92.4363756,21.8248273],[92.4357685,21.8248267],[92.4345339,21.8234675],[92.4333537,21.8216747],[92.4318517,21.8193041],[92.431208,21.8174117],[92.4307796,21.8169492],[92.4302853,21.8164157],[92.4295128,21.8162563],[92.4289335,21.8170133],[92.4283326,21.8177503],[92.4283326,21.8191049],[92.4284614,21.8201806],[92.4297918,21.8206587],[92.4311221,21.8217344],[92.4317444,21.8226906],[92.4316157,21.8235272],[92.4305857,21.8247224],[92.4286974,21.8275311],[92.4268306,21.8303994],[92.4256504,21.8322917],[92.4245346,21.8323913],[92.4225391,21.8310169],[92.4213804,21.8310567],[92.4210585,21.8321124],[92.4206722,21.8337856],[92.4186123,21.8353392],[92.417518,21.8369924],[92.4181617,21.8381875],[92.4191273,21.8400398],[92.4185909,21.8415735],[92.4172605,21.842888],[92.4159301,21.8428681],[92.4151147,21.8430075],[92.4138058,21.8433262],[92.41372,21.8440831],[92.4142779,21.845537],[92.4153078,21.8466523],[92.4172819,21.8478274],[92.4188054,21.8478473],[92.4197925,21.8469312],[92.4213374,21.8466922],[92.4224962,21.84721],[92.4230541,21.8482058],[92.4230111,21.8490622],[92.4225391,21.8504564],[92.4216378,21.8524479],[92.419256,21.8542404],[92.4164665,21.855495],[92.4156941,21.8565904],[92.4158228,21.8579645],[92.4150074,21.8601552],[92.4138916,21.860673],[92.4123038,21.8610115],[92.4098147,21.8610314],[92.4064029,21.8610912],[92.405566,21.8616488],[92.4047936,21.8630627],[92.4046648,21.8645364],[92.4045575,21.8663485],[92.4050511,21.8683001],[92.4049652,21.8694949],[92.4043644,21.8704706],[92.403549,21.8711278],[92.402047,21.8716256],[92.4003089,21.8714066],[92.3978413,21.8707096],[92.3967255,21.871088],[92.3958672,21.8719442],[92.3961247,21.87292],[92.3964251,21.8740152],[92.3974336,21.876345],[92.3993004,21.8768229],[92.401811,21.8775596],[92.403313,21.8796305],[92.4030555,21.8807057],[92.4015749,21.8820996],[92.4000729,21.8832345],[92.3985065,21.8844292],[92.3978924,21.8846577],[92.3937429,21.8862013],[92.3894513,21.8876349],[92.3890151,21.889092],[92.3889149,21.8894269],[92.3884214,21.8909202],[92.3866681,21.8922756]]}},{"type":"Feature","properties":{"osm_id":126408661,"group":"sangu","version":15,"timestamp":"2025-04-16T03:34:01Z","tags":{"name":"সাঙ্গু নদী","name:bn":"সাঙ্গু নদী","name:en":"Sangu River","waterway":"river"},"nodes":[1748312270,1748312222,1748312285,1748312245,1748312205,1748312186,1748312249,1748312209,1748312277,1748312232,1748312194,1748312264,1748312216,1748312268,1748312219,1748312282,1748312242,1748312202,1748312272,1748312226,1748312185,1748312274,1748312228,1748312188,1748312252,1748312212,1748312279,1748312235,1748312197,1748312229,1748312189,1748312254,1748312214,1748312280,1748312237,1748312199,1748312269,1748312240,1748312201,1748312271,1748312224,1748312184,1748312247,1748312207,1748312275,1748312210,1748312278,1748312234,1748312196,1748312266,1748312217,1748312281,1748312239,1748312221,1748312284,1748312244,1748312204,1748312273,1748312227,1748312187,1748312250,1748312276,1748312230,1748312192,1748312255,1751578289,1751578281,1748306064,1748306030,1751578290,1748306056,1751578285,1748306040,1751578287,1748306024,1748306049,1751578283,1748306033,1751578291,1751575433,1748306059,1751575437,1751575503,1748306043,1751575441,1748306036,1748306061,1751575494,1751575497,1748306044,1751575445,1751575500,1748306028,1751575463,1751575446,1748306054,1748306038,1751575456,1751575472,1748306063,1748306046,1748306065,1751575508,1751575513,1748306048,1751575454,1751575438,1748306032,1751575442,1748306058,1751575431,1751575459,1748306042,1751575465,1748306026,1751575440,1748306051,1751575510,1751575435,1751575451,1748306035,1748306027,1751575469,1748306053,1751575492,1751575505,1751575443,1748306037,1751575448,1748306062,1748306045,1751568599,1748306029,1751568585,1751568580,1748306055,1751568601,1751568590,1748306039,1751568576,1748306047,1748306031,1751568578,1751568587,1748306057,1751568574,1751568617,1751568604,1748306041,1751568607,1748306025,1751568571,1748306050,1748306034,1748306060,2531232194,1748306052,1401377909,1401377883,1401377833,1401377837,1401377877,1401377897,1401377904,1401377938,10876936591,10876936590,1401377948,10876936589,1401377943,1401377890,1401377839,1401377830,1401377821,1401377813,1401377824,1401377826,1401377871,1401377916,1401377951,1401377977,1401377980,1401377983,1401377985,1401377992,1401377994,1401377998,1401378002,1401378016,1401378024,1401378044,10925686181,10925686182,1401378065,10925686179,10925686178,10925686180,10925686176,10925686177,1401378075,10925686175,10925686174,1401378077,10925686173,10925686172,10925686171,10925686170,1401378072,10925686169,10925686168,1401378068,10925686167,10925686166,1401378047,10925686163,10925686165,10925686164,1401378042,10925686162,10925686161,1401378034,10925686160,10925686159,1401378029,10925686158,10925686157,10925686156,1401378037,10925686155,10925686154,10925686153,1401378059,10925686152,10925686151,1401378095,10925686150,8453652756,10925686149,1401378108,10925686147,10925686146,10925686148,1401378132,10925686145,10925686144,8453652754,10925686143,10925686142,1401378135,10925686141,8453652755,10925686140,1401378128,10925686139,1401378109,10925686138,1401378099,10925686137,10925686136,10925686135,10925686134,1401378102,10925686133,1401378105,10925686131,10925686130,10925686129,1401378112,10925686132,1401378114,10925686128,10925686127,1401378138,10925686126,10925686124,10925686125,1401378141,10925686123,10925686122,10925686121,1401378166,10925686120,1401378186,10925686119,10925686118,1401378192,10925686117,1401378189,10925686116,10925686115,1401378195,10925686114,10925686112,10925686113,1401378214,10925686111,10925686110,1401378216,10925686109,10925686108,10925686107,10925686106,1401378210,10925686105,10925686104,10925686102,10925686103,1401378182,10925686101,10925686100,1401378160,10925686099,1401378146,10925686098,1401378149,10925686097,1401378163,10925686096,10925686094,10925686095,1401378184,1401378207,10925686093,1401378223,10925686089,10925686090,10925686091,1401378225,10925686092,10925686088,10925686087,10925686086,10925686085,1401378228,1401378243,10925686084,8486231549,10925686083,1401378248,10925686082,8486231550,8486231551,1401378253,8486231552,1401378291,8486231553,1401378307,10925670479,10925670481,10925670480,1401378265,10927971437,1401378259,10927971436,1401378262,10927971435,1401378294,10927971434,1401378302,1401378323,1401378329,10927971433,1401378336,10927971432,1401378344,1401378361,10927971431,10927971430,1401378390,10927971429,1401378393,10927971428,9124174221,1401378419,9124174220,1401378410,9124174219,1401378392,1401378364,10927971426,1401378363,10927971425,10927971427,1401378367,10927971423,1401378417,10927971424,10927971422,1401378421,1401378438,1401378449,10927971419,1401378452,10927971418,1401378444,10927971420,1401378436,12758848513,10927971421,1401378422,1401378431,10927971415,1401378441,10927971416,1401378465,10927971417,1401378476,241910998,8486229822,8486209427,8486229821,8486229820,8486229819,8486229818,8486229817,8486209516,8486209515,8486209514,8486209513,8486209512,8486209511,8486209510,8486209509,8486209508,8486209507,8486209506,8486209505,8486209504,8486209503,8486209502,8486209501,8486209500,8486209499,8486209498,8486209497,8486209496,8486209495,8486209494,8486209493,8486209492,8486209491,8486209490,8486209489,8486209488,8486209487,8486209486,8486209485,8486209484,8486209483,8486209482,8486209481,8486209480,8486209479,8486209478,8486209477,8486209476,8486209475,8486209474,6327734128]},"geometry":{"type":"LineString","coordinates":[[92.3866681,21.8922756],[92.3859885,21.8929062],[92.3863544,21.8947496],[92.3880797,21.8961078],[92.3915302,21.8961563],[92.3931509,21.8975631],[92.3932554,21.8989698],[92.3917916,21.8994064],[92.3890207,21.8981937],[92.3865635,21.8977086],[92.3846292,21.8983877],[92.3858316,21.9001825],[92.3848906,21.903093],[92.384786,21.9062459],[92.3834267,21.9069249],[92.3824334,21.9066339],[92.3788783,21.9081376],[92.3780941,21.9107083],[92.3774145,21.9152191],[92.3768394,21.9195358],[92.3752187,21.9191963],[92.3719773,21.9179837],[92.3685791,21.9154131],[92.3636647,21.9144916],[92.354777,21.9181292],[92.3540974,21.9212333],[92.3518493,21.9258893],[92.3482942,21.9299631],[92.3461507,21.9331154],[92.347876,21.9339399],[92.3485034,21.9365586],[92.3483465,21.9400018],[92.3467781,21.9415536],[92.3472486,21.9431053],[92.3491307,21.9440752],[92.3522153,21.9457239],[92.3539405,21.9432508],[92.3557703,21.9384499],[92.3586981,21.937383],[92.3619394,21.9392258],[92.365024,21.9420385],[92.3670106,21.9446571],[92.3699384,21.9471787],[92.3711931,21.9496033],[92.3694156,21.953337],[92.3695724,21.955519],[92.3700429,21.9586708],[92.3700952,21.9619194],[92.370618,21.9653619],[92.3715591,21.9679316],[92.3740162,21.9690467],[92.3764734,21.9693861],[92.3789829,21.9707922],[92.382172,21.9716649],[92.3828516,21.9764646],[92.3810741,21.978113],[92.376578,21.9793735],[92.3727092,21.9808764],[92.3727092,21.9826702],[92.3737025,21.9841245],[92.3767871,21.9859182],[92.382172,21.9878574],[92.3844723,21.989748],[92.3871386,21.991784],[92.3929223,21.9920014],[92.3935679,21.9922877],[92.394428,21.9934426],[92.3947545,21.9946841],[92.395605,21.9977282],[92.396326,22.00043],[92.3968611,22.0009264],[92.3977521,22.0010977],[92.3993526,22.0007954],[92.400223,22.0006787],[92.4012932,22.0007918],[92.4031677,22.0014085],[92.4042299,22.0018127],[92.4053288,22.0027497],[92.406115,22.0037266],[92.4067802,22.0049732],[92.4069722,22.0058846],[92.4069392,22.0066986],[92.4065642,22.0077905],[92.406355,22.0081859],[92.4048243,22.0097242],[92.4035687,22.0108358],[92.402181,22.0138347],[92.4021402,22.0151651],[92.4023081,22.0158892],[92.4026568,22.0168254],[92.4030808,22.0175229],[92.403716,22.0182795],[92.4046738,22.018987],[92.4065318,22.0198254],[92.4099312,22.021105],[92.411036,22.0213979],[92.4160249,22.0216486],[92.4166008,22.0218186],[92.416986,22.0221735],[92.4173597,22.0228189],[92.4180719,22.0245636],[92.4195292,22.0273679],[92.4196749,22.028172],[92.4194367,22.028918],[92.4188863,22.0299811],[92.4183434,22.0306915],[92.4177847,22.0311398],[92.4154657,22.0324175],[92.4148777,22.0325088],[92.4136321,22.0324978],[92.4118348,22.0331323],[92.4094616,22.0340896],[92.4079492,22.0345131],[92.406977,22.0346129],[92.4054329,22.0345955],[92.4041517,22.0344183],[92.4028496,22.0345647],[92.4021541,22.0348098],[92.4016622,22.0351467],[92.401388,22.0356903],[92.4009804,22.0367292],[92.399963,22.0405484],[92.4000347,22.0414647],[92.4002023,22.042233],[92.4005738,22.0428319],[92.4011395,22.0431911],[92.4028663,22.0436506],[92.4038638,22.043843],[92.4042495,22.0440968],[92.4048972,22.0455934],[92.4066595,22.0480925],[92.407591,22.0497226],[92.4076862,22.0501355],[92.407496,22.0506466],[92.407054,22.0510183],[92.4061404,22.0511868],[92.4043694,22.0511316],[92.4035121,22.0511344],[92.4025959,22.0512977],[92.4021912,22.0513952],[92.3997087,22.0529012],[92.3957112,22.0554244],[92.3946772,22.0557677],[92.3938779,22.0558798],[92.3932485,22.0558242],[92.3907199,22.0552111],[92.390155,22.0550866],[92.389522,22.0550518],[92.3888,22.0551169],[92.3874972,22.0555181],[92.3845502,22.0566728],[92.3831539,22.0572603],[92.3821543,22.0581902],[92.3798069,22.0620693],[92.3787395,22.0638081],[92.3778352,22.0647193],[92.3769709,22.0650643],[92.3753422,22.0643934],[92.3739901,22.0634812],[92.3718485,22.0614262],[92.3700638,22.0616668],[92.3688416,22.0626191],[92.3650018,22.0641127],[92.36087,22.0642631],[92.3560134,22.0648646],[92.3544978,22.0652937],[92.3530339,22.0657082],[92.3514814,22.0657166],[92.3506112,22.0654849],[92.349859,22.0649648],[92.3491667,22.0637017],[92.348972,22.0617671],[92.3482906,22.0611456],[92.3462679,22.0600228],[92.344559,22.059682],[92.3434016,22.0601231],[92.342872,22.0605875],[92.3431255,22.0618405],[92.3443296,22.0645619],[92.3415411,22.0657171],[92.3412242,22.0689279],[92.3409918,22.0736264],[92.3375272,22.0759757],[92.33342,22.0772868],[92.3317915,22.0807363],[92.3328384,22.0843114],[92.3369486,22.0877786],[92.3384608,22.0922877],[92.3359404,22.0946949],[92.332819,22.1004971],[92.3335557,22.1060835],[92.3337676,22.1071738],[92.3337341,22.1078581],[92.3338078,22.1085623],[92.3337365,22.1092002],[92.3335471,22.1098779],[92.3333094,22.1104413],[92.3329859,22.1109948],[92.3322021,22.1119078],[92.3311877,22.1127911],[92.3304915,22.1130946],[92.3297899,22.1132689],[92.3282205,22.1131453],[92.327682,22.1131848],[92.3271543,22.1131746],[92.3263295,22.1129604],[92.3250126,22.1124425],[92.3242884,22.1120527],[92.3236163,22.1116934],[92.3230622,22.1111552],[92.3224904,22.1102576],[92.3224126,22.1098198],[92.3226512,22.1081146],[92.32315,22.1061554],[92.3232287,22.1056705],[92.3231035,22.1053778],[92.3229247,22.1050851],[92.3225242,22.1047184],[92.3204189,22.103529],[92.319204,22.1031746],[92.316195,22.1027639],[92.3143055,22.102244],[92.3135264,22.1022111],[92.3130733,22.1023144],[92.3127776,22.1025523],[92.3124228,22.1030237],[92.3121533,22.1036386],[92.3120648,22.1041726],[92.3122366,22.1047556],[92.312462,22.1053386],[92.3128699,22.1062361],[92.3133316,22.1075491],[92.3134499,22.1091824],[92.3135681,22.1107063],[92.3137725,22.1136944],[92.3141549,22.1147691],[92.3145104,22.1158387],[92.314673,22.1167155],[92.3145137,22.1175724],[92.314235,22.1185787],[92.3138705,22.1195851],[92.3134362,22.1205318],[92.3128303,22.1214586],[92.3125441,22.1218264],[92.3121505,22.1221942],[92.3115459,22.122403],[92.311139,22.1224364],[92.3107,22.1224102],[92.3100579,22.1222584],[92.3096869,22.1221166],[92.3093589,22.1218654],[92.3090764,22.1213712],[92.3088904,22.120877],[92.3087974,22.1198332],[92.3089619,22.1187894],[92.3091121,22.1173752],[92.3089296,22.1163585],[92.3081015,22.1162133],[92.3072197,22.116088],[92.3064861,22.1161852],[92.3052872,22.1165386],[92.3032648,22.1162018],[92.3007124,22.116283],[92.2980957,22.1164834],[92.2972622,22.1167125],[92.2964073,22.1171901],[92.29606,22.1177179],[92.2959554,22.1182368],[92.2963865,22.1192031],[92.2969035,22.1198712],[92.2980839,22.12084],[92.2992642,22.12161],[92.3013245,22.1233388],[92.301546,22.1238342],[92.3016495,22.1243296],[92.3012541,22.1249591],[92.3008372,22.1254247],[92.3000018,22.1263002],[92.2993757,22.1266737],[92.2988745,22.1271922],[92.2978934,22.129074],[92.297016,22.1306649],[92.2957684,22.132077],[92.2952616,22.1324958],[92.2946421,22.1328251],[92.2939503,22.1328875],[92.292368,22.1328058],[92.291526,22.1326992],[92.2910148,22.1327534],[92.2905089,22.1332796],[92.2893361,22.1346003],[92.2888902,22.1353418],[92.2888413,22.136431],[92.2888057,22.1373066],[92.2886307,22.1381822],[92.288371,22.1389771],[92.2879396,22.1397721],[92.2873934,22.140244],[92.2868559,22.1403994],[92.2864365,22.1403561],[92.2860054,22.1401501],[92.2854007,22.1397681],[92.2847384,22.1389642],[92.2844586,22.1383534],[92.2839321,22.1365252],[92.2829004,22.1313573],[92.2826833,22.1308782],[92.2824662,22.1304985],[92.2816125,22.1299956],[92.2796645,22.1293237],[92.2760045,22.1283874],[92.2736608,22.1277379],[92.2710917,22.127312],[92.2680933,22.1275303],[92.2654865,22.1276938],[92.2637836,22.1278355],[92.2625582,22.1282058],[92.2613988,22.1289897],[92.2606686,22.129704],[92.2600402,22.1307661],[92.2596104,22.1315451],[92.2566444,22.1371169],[92.2564941,22.1378768],[92.2565078,22.1408824],[92.2561617,22.1433369],[92.2554152,22.1457418],[92.2550627,22.1471846],[92.2548282,22.1489354],[92.2550403,22.1494192],[92.2553705,22.1499825],[92.2561381,22.1506122],[92.2561068,22.1513351],[92.2563126,22.1520456],[92.256134,22.1523834],[92.2549824,22.1537062],[92.2542094,22.1546737],[92.2535223,22.1556411],[92.2532998,22.1564229],[92.2531525,22.1572841],[92.2531952,22.1582586],[92.2532701,22.1590543],[92.2536671,22.1602417],[92.2538315,22.1614418],[92.2539353,22.1623482],[92.2539271,22.1630683],[92.2538817,22.1638187],[92.2533684,22.1665142],[92.252683,22.16669],[92.2520664,22.1663066],[92.2504199,22.1650887],[92.2482426,22.163726],[92.2466096,22.1631563],[92.2456204,22.1629046],[92.2404155,22.1631014],[92.2357256,22.1630001],[92.2336873,22.1631259],[92.2325073,22.1635696],[92.2312369,22.164847],[92.2305243,22.1665219],[92.2297717,22.1743994],[92.2300292,22.1762633],[92.2319768,22.1792389],[92.232272,22.1800287],[92.2308924,22.1835249],[92.2297274,22.1875376],[92.2279124,22.1919897],[92.227275,22.1937036],[92.2270239,22.1954175],[92.2271653,22.197375],[92.2269521,22.1985639],[92.2266101,22.1995542],[92.2257739,22.2001511],[92.2239506,22.2007481],[92.2219348,22.2011473],[92.2203268,22.2011894],[92.2192552,22.2005959],[92.2182613,22.1998307],[92.2174819,22.198847],[92.2151416,22.1947726],[92.2142345,22.193905],[92.2135849,22.193713],[92.2127111,22.1940607],[92.2121454,22.1948504],[92.2116656,22.1957594],[92.2108749,22.198461],[92.2104919,22.2010831],[92.2099373,22.2023082],[92.209211,22.2035333],[92.2080804,22.2060629],[92.2081952,22.2087733],[92.207293,22.2107721],[92.2063949,22.211057],[92.2054754,22.2110638],[92.2050586,22.2107676],[92.2045345,22.2101733],[92.2028673,22.2081171],[92.2017579,22.2078488],[92.2013382,22.2076756],[92.2005234,22.2073393],[92.1979585,22.2070681],[92.1948952,22.2074989],[92.1942125,22.2081696],[92.1933797,22.2096349],[92.192007,22.2129804],[92.1908489,22.2165246],[92.1903205,22.2173505],[92.1891177,22.2181246],[92.1871925,22.2193709],[92.1854424,22.219996],[92.1814581,22.2228545],[92.1805072,22.2235367],[92.1797293,22.22452],[92.1772081,22.225677],[92.1762264,22.2257019],[92.1750623,22.2262282],[92.1746358,22.2262978],[92.1741182,22.2262282],[92.1735227,22.2259675],[92.1722165,22.225831],[92.172018,22.225754],[92.1718946,22.225615],[92.1717685,22.2248378],[92.1713394,22.2240731],[92.1710604,22.2231146],[92.1710068,22.2222059],[92.1710551,22.2216993],[92.1712267,22.221307],[92.1717095,22.2208005],[92.1721977,22.2205423],[92.173292,22.2203883],[92.1743166,22.2200606],[92.1754485,22.2195689],[92.1758562,22.2192263],[92.1761084,22.2188737],[92.1762747,22.2183771],[92.1765,22.2174534],[92.1765643,22.2167581],[92.1765321,22.2160082],[92.1762854,22.2151441],[92.1756202,22.2136492],[92.1747082,22.2123083],[92.174558,22.2118614],[92.1745634,22.2115833],[92.1746975,22.21133],[92.1753734,22.2107042],[92.1760762,22.2103913],[92.1781951,22.2098401],[92.1806467,22.2096166],[92.1817142,22.2093633],[92.1821004,22.209105],[92.1821916,22.2087872],[92.182079,22.2077144],[92.1817249,22.207039],[92.1810597,22.2063884],[92.1804053,22.2061847],[92.1795255,22.2060755],[92.1781415,22.2063586],[92.1772134,22.2065026],[92.1755505,22.2064281]]}},{"type":"Feature","properties":{"osm_id":655522211,"group":"sangu","version":3,"timestamp":"2023-05-26T05:15:37Z","tags":{"name":"সাঙ্গু নদী","name:bn":"সাঙ্গু নদী","name:en":"Sangu River","waterway":"river"},"nodes":[6327734128,6327734129,6327734130,6327734131,6327734132,6327734133,6327734134,6327734135,6327734136,6327734137,6327734138,6327734139,6327734140,6327734141,6327734142,6327734143,6327734144,6327734145,6327734146,6327734147,6327734148,6327734149,6327734150,6327734151,6327734152,6327734153,6327734154,6327734155,6327734156,6327734157,6327734158,6327734159,6327734160,6327734161,6327734162,6327734163,6327734164,6327734165,6327734166,6327734167,6327734168,6327734169,6327734170,6327734171,6327734172,6327734173,6327734174,6327734175,6327734176,6327734177,6327734178,6327734179,6327734180,6327734181,6327734182,6327734183,6327734184,6327734185,6327734186,6327734187,6327734188,6327734189,6327734190,6327734191,6327734192,6327734193,6327734194,6327734195,6327734196,6327734197,6327734198,6327734199,6327734200,6327734201,6327734202,6327734203,6327734204,6327734205,6327734206,6327734207,6327734208,6327734209,6327734210,6327734211,6327734212,6327734213,6327734214,6327734215,6327734216,6327734217,6327734218,6327734219,6327734220,6327734221,6327734222,6327734223,6141715895,6141715896,6141715897,6141715898,6141715899,6141715900,6141715901,6141715894]},"geometry":{"type":"LineString","coordinates":[[92.1755505,22.2064281],[92.1698105,22.2064976],[92.1668386,22.2058718],[92.1618122,22.2056533],[92.1590978,22.2059066],[92.1577889,22.2065473],[92.1574831,22.2069595],[92.1576548,22.2077095],[92.1574295,22.208519],[92.1581107,22.2109426],[92.1587545,22.2126609],[92.1585184,22.2135251],[92.1582502,22.2137337],[92.1568394,22.2131923],[92.1556538,22.2130384],[92.1535939,22.2128596],[92.1491414,22.2123083],[92.1470171,22.2123779],[92.1459711,22.2122487],[92.1455902,22.2119855],[92.1454292,22.2115386],[92.1458799,22.2107588],[92.1465129,22.208966],[92.1484977,22.2059165],[92.1504825,22.2039249],[92.1511209,22.2028521],[92.1532988,22.1982132],[92.1541893,22.1957099],[92.1540177,22.1947265],[92.1535402,22.1939168],[92.1530306,22.1936735],[92.1516144,22.1937976],[92.1488571,22.1951437],[92.1470278,22.19645],[92.1450484,22.1994996],[92.144292,22.20168],[92.1440828,22.2039945],[92.1437234,22.2054596],[92.1430904,22.2062245],[92.1421194,22.2062394],[92.1381068,22.2069943],[92.13521,22.2065572],[92.1337831,22.205256],[92.1328819,22.2051269],[92.1314227,22.2044911],[92.1301567,22.2030012],[92.1284079,22.2000807],[92.1279251,22.1977761],[92.1281612,22.1947662],[92.1293735,22.192233],[92.1322811,22.1891634],[92.1362936,22.185895],[92.1366906,22.1846929],[92.1371519,22.1822589],[92.1367764,22.17751],[92.137742,22.1762284],[92.1389866,22.1733372],[92.1393621,22.1715289],[92.1391046,22.1703267],[92.138536,22.169969],[92.1366262,22.1702174],[92.1325922,22.1724927],[92.1289337,22.1762681],[92.1270883,22.1776093],[92.1256828,22.178116],[92.1232903,22.1779372],[92.1220887,22.177361],[92.1202969,22.1749268],[92.1188056,22.1720555],[92.1174645,22.1681607],[92.1164238,22.162219],[92.1168852,22.1564957],[92.1186769,22.1483474],[92.1216059,22.1384199],[92.1254253,22.1323974],[92.1256935,22.1313638],[92.1256077,22.1297339],[92.124964,22.1290481],[92.1240306,22.1287003],[92.1208656,22.1289686],[92.118237,22.1297041],[92.1162522,22.1310756],[92.11519,22.1328148],[92.1149003,22.1346335],[92.114042,22.1375056],[92.1141815,22.1395726],[92.1137094,22.1421167],[92.1117675,22.1458333],[92.1068215,22.1560684],[92.1049011,22.1584631],[92.102648,22.1601722],[92.1002877,22.16051],[92.0936894,22.1603113],[92.0911896,22.1594369],[92.0887756,22.1578272],[92.0860076,22.1567441],[92.0807987,22.1558324],[92.0783687,22.1564261],[92.0764589,22.1568733],[92.0752251,22.1574496],[92.0721567,22.1594667],[92.0700323,22.1599834],[92.0684445,22.1594866],[92.0679402,22.1593176]]}},{"type":"Feature","properties":{"osm_id":619753781,"group":"sangu","version":4,"timestamp":"2023-05-26T04:47:50Z","tags":{"name":"সাঙ্গু নদী","name:bn":"সাঙ্গু নদী","name:en":"Sangu River","waterway":"river"},"nodes":[6128198033,6128198041,6128198042,6128198043,6128198044,6128198045,6128198046,6128198047,6128198048,6128198049,6128198050,6128198051,6128198052,6128198053,6128198054,6128198055,6128198056,6128198057,6128198058,6128198059,6128198060,6128198061,6128198062,6128198063,6128198064,6128198065,6128198066,6128198067,6128198068,6128198069,6128198070,6128198071,6128198072,6128198076,6128198077,6128198030]},"geometry":{"type":"LineString","coordinates":[[92.0138112,22.1533929],[92.0134163,22.1536737],[92.0123434,22.1544686],[92.0107984,22.1554126],[92.0099401,22.1557604],[92.0086956,22.1560883],[92.0076013,22.1563466],[92.0068609,22.1561877],[92.0064318,22.1556709],[92.0061636,22.1552536],[92.0060885,22.154876],[92.0061529,22.1541904],[92.0062601,22.1530675],[92.0064747,22.151885],[92.0066678,22.1509609],[92.0070326,22.1493809],[92.0072901,22.1483573],[92.0076119,22.1473636],[92.0077407,22.1456843],[92.007848,22.1445215],[92.0077729,22.1429613],[92.0075154,22.142236],[92.0072043,22.1414707],[92.0066678,22.1408943],[92.0055306,22.1407452],[92.003814,22.1408447],[92.0024192,22.1409738],[92.0009493,22.1411726],[91.9997692,22.1413515],[91.9989002,22.1415701],[91.9972801,22.1421962],[91.9963574,22.1427229],[91.9955206,22.1431105],[91.9928491,22.1446111],[91.9909179,22.1458731],[91.9888941,22.1472824]]}},{"type":"Feature","properties":{"osm_id":653944251,"group":"sangu","version":3,"timestamp":"2023-05-26T04:57:13Z","tags":{"name":"সাঙ্গু নদী","name:bn":"সাঙ্গু নদী","name:en":"Sangu River","waterway":"river"},"nodes":[6128198030,6128198082,6128198084,6128198285,5856269425,5856269426,5856269427,5856269428,5856269429,5856269430,5856269431,5856269432,5856269433,5856269434,5856269435,5856269436,5856269437,5856269438,5856269439,5856269440,5856269441,5856269442,5856269443,5856269444,5856269445,5856269446,5856269447,5856269448,5856269449,5856269450,5856269451,5856269452,5856269453]},"geometry":{"type":"LineString","coordinates":[[91.9888941,22.1472824],[91.9857895,22.1494406],[91.9824743,22.1510901],[91.9810688,22.1517857],[91.9777691,22.1527845],[91.9766947,22.1530081],[91.9753944,22.1531592],[91.9745454,22.1532354],[91.9734056,22.1534784],[91.9727348,22.1538195],[91.9722272,22.1541727],[91.9716316,22.1548152],[91.9712398,22.1553892],[91.9706948,22.1564102],[91.970237,22.1574705],[91.9701649,22.158413],[91.9700837,22.159145],[91.9697056,22.1601061],[91.9694273,22.1606805],[91.9692301,22.1611759],[91.969131,22.1614783],[91.969032,22.1617757],[91.9689282,22.1620035],[91.9688015,22.1624001],[91.96869,22.162916],[91.9685687,22.1633175],[91.9684291,22.1639773],[91.968337,22.1647418],[91.9682846,22.1652332],[91.9682328,22.1656601],[91.9681802,22.1661864],[91.9681708,22.1666732],[91.9681564,22.1671202]]}},{"type":"Feature","properties":{"osm_id":1176124391,"group":"sangu","version":1,"timestamp":"2023-05-26T04:47:50Z","tags":{"name":"সাঙ্গু নদী","name:bn":"সাঙ্গু নদী","name:en":"Sangu River","waterway":"river"},"nodes":[5856269453,5963735304,5963735303,5963735302,5963735301,5963735300,5963735299]},"geometry":{"type":"LineString","coordinates":[[91.9681564,22.1671202],[91.9681406,22.1672665],[91.9681191,22.1679521],[91.9681191,22.168747],[91.9681513,22.1697604],[91.9680548,22.1706645],[91.9674701,22.1740028]]}},{"type":"Feature","properties":{"osm_id":631524402,"group":"sangu","version":4,"timestamp":"2023-05-26T04:47:50Z","tags":{"name":"সাঙ্গু নদী","name:bn":"সাঙ্গু নদী","name:en":"Sangu River","waterway":"river"},"nodes":[5963735299,5963735286,5963735285,5963735267,5963735284,5963735283,5963735282,5963735281,5963735280,5963735279,5963735278,5963735277,5963735275,5963735274,5963735273,5963735272,5963735271,5963735270,5963735269,5963735268,6142337268,6142337267,6142337266,6142337265,6142337264,6142337263,6142337262,6142337261,6142337260,6142337259,6142337258,6142337257,10927915720,6142337256,10927915721,6142337255,6142337254,6124639597]},"geometry":{"type":"LineString","coordinates":[[91.9674701,22.1740028],[91.9672823,22.1742512],[91.9661772,22.1752944],[91.9659132,22.1754859],[91.9651687,22.175672],[91.9645142,22.1756124],[91.9639671,22.1753441],[91.9634038,22.1750709],[91.9628244,22.1746735],[91.9623202,22.1742711],[91.9614565,22.1735558],[91.9608128,22.1726516],[91.9600028,22.1716183],[91.9592517,22.1709228],[91.9585758,22.1702472],[91.9579213,22.169507],[91.9573045,22.1690252],[91.9563389,22.1688364],[91.9556522,22.1686873],[91.9554484,22.1686575],[91.9543219,22.1686476],[91.9531202,22.168737],[91.951983,22.1690748],[91.9504595,22.1702969],[91.9490433,22.1714991],[91.9477772,22.1732179],[91.9472408,22.1743407],[91.9468331,22.175066],[91.9465971,22.1758806],[91.9441295,22.1789307],[91.9424182,22.1807985],[91.9409913,22.1818168],[91.9398219,22.1823011],[91.9386524,22.1826265],[91.9371906,22.1823433],[91.935761,22.1818714],[91.934275,22.1801229],[91.9334328,22.1787916]]}},{"type":"Feature","properties":{"osm_id":653526059,"group":"sangu","version":4,"timestamp":"2023-05-26T04:47:50Z","tags":{"name":"সাঙ্গু নদী","name:bn":"সাঙ্গু নদী","name:en":"Sangu River","waterway":"river"},"nodes":[6124639597,6124639598,6124639599,6327733989,6124639600,6327733988,6124639601,6124639602,6124639603,6124639604,6124639596,6124639605,6124639585,6124639576,6124639569,6124639546,6124639532,6124639606,6124639607]},"geometry":{"type":"LineString","coordinates":[[91.9334328,22.1787916],[91.9331217,22.1774106],[91.9327569,22.1756621],[91.9325906,22.171418],[91.9324887,22.1703863],[91.9319845,22.1693232],[91.9314479,22.1681906],[91.9293666,22.16827],[91.9277357,22.168588],[91.9249248,22.1707142],[91.9235728,22.1718411],[91.9219207,22.173218],[91.9216031,22.173622],[91.9210484,22.1743273],[91.9206838,22.174791],[91.9200501,22.1755969],[91.919189,22.1766921],[91.9187021,22.1773113],[91.9153571,22.1802954]]}},{"type":"Feature","properties":{"osm_id":659646473,"group":"sangu","version":6,"timestamp":"2023-05-26T04:47:50Z","tags":{"name":"সাঙ্গু নদী","name:bn":"সাঙ্গু নদী","name:en":"Sangu River","waterway":"river"},"nodes":[6176011547,6176011548,6176011549,6176011550,6176011551,6178220889,6176011552,6176011553,6176011554,6176011555,6176011556,6259460024,6176011557,6176011558,6176011559,6176011560,10927925538,10927925537,6176011561,6176011562,10027833535,6176011563,6176011564,10027833534,6176011565,10027833533,6176011566,6176011567,6176011568,6176011569,6176011570,10027833532,6176011571,6176011572,6176011573,6176011574,6176011575,6176011576,6176011577,6176011578,6176011579,6176011580,6176011581,6176011582,6176011583,6176011584,6176011785,6176011786,6176011787,6176011788,6176011789,6176011790,6176011791,6176011792,6176011793,6176011794,6176011795,6176011796,6176011797]},"geometry":{"type":"LineString","coordinates":[[91.9116211,22.1746884],[91.9105482,22.1730193],[91.9066107,22.1625866],[91.904894,22.1584333],[91.903553,22.1557703],[91.9026411,22.1543046],[91.9005918,22.154101],[91.8972444,22.1543394],[91.8937254,22.1557703],[91.8887901,22.156605],[91.8848848,22.156923],[91.8831535,22.1570799],[91.8809366,22.1572807],[91.8778467,22.1562075],[91.8752718,22.1540612],[91.8745422,22.1511199],[91.8746757,22.1491211],[91.8746901,22.1489051],[91.8747997,22.1472643],[91.8757009,22.1447601],[91.8766826,22.1434235],[91.8794614,22.1420025],[91.8824493,22.1414012],[91.8871593,22.1410136],[91.8906354,22.1402286],[91.8948626,22.1384994],[91.897459,22.1369292],[91.9003343,22.1352199],[91.9028663,22.133431],[91.9051623,22.1299923],[91.9062781,22.1273685],[91.9063747,22.1257684],[91.9062781,22.1241683],[91.9048619,22.1222898],[91.903038,22.1213854],[91.900978,22.1211866],[91.8981456,22.1218227],[91.8848848,22.1263548],[91.8732976,22.1301712],[91.8652725,22.1323577],[91.8617105,22.1329937],[91.8588781,22.1332322],[91.8566465,22.1352199],[91.8556594,22.1383205],[91.8554878,22.1413813],[91.8563461,22.1446011],[91.8577623,22.1508814],[91.8571186,22.1531868],[91.8533849,22.153783],[91.8499517,22.1538625],[91.8464756,22.1527098],[91.8446302,22.1509212],[91.8435573,22.1481785],[91.8432998,22.1444421],[91.844716,22.1386385],[91.8471622,22.1331527],[91.8508529,22.1278655],[91.8554878,22.1200336],[91.858127,22.1167338]]}},{"type":"Feature","properties":{"osm_id":279115903,"group":"matamuhuri","version":45,"timestamp":"2026-09-16T07:57:39Z","tags":{"name":"মাতামুহুরী নদী","name:en":"Matamuhuri River","waterway":"river"},"nodes":[6734908763,6734908764,6734908765,6734908766,6734908767,6734908768,6734908769,6734908770,6734908771,6734908772,6734908773,6734908774,6734908775,6734908776,6734908777,6734908778,6734908779,6734908780,6734908781,6734908782,6734908783,6734908784,6734908785,6734908786,6734908787,6734908788,6734908789,6734908790,2833673397,6734908791,2833673396,6734908792,6734908793,6734908794,2833673395,6734908795,6734908796,6734908797,6734908798,6734908799,6734908800,2833673394,6734908801,6734908802,2833673393,6734908803,6734908804,6734908805,6734908806,2833673392,6734908807,6734908808,6734908809,6734908810,6734908811,2833673391,6734908812,6734908813,6734908814,2833673390,6734908815,6734908816,2833673389,6734908817,6734908818,6734908819,6734908820,6734908821,6734908822,6734908823,2833673388,6734908824,6734908825,6734908826,6734908827,6734908828,6734908829,6734908830,6734908831,6734908832,6734908833,6734908834,6734908835,6734908836,2833673387,6734908837,6734908838,6734908839,6734908840,6734908841,6734908842,6734908843,2833673386,6734908844,6734908845,6734908846,6734908847,6734908848,6734908849,2833673385,6734908850,6734908851,6734908852,2833673384,6734908853,6734908854,6734908855,6734908856,2833673383,6734908857,6734908858,2833673382,6734908859,6734908860,6734908861,2833673381,6734908862,6734908863,6734908864,6734908865,6734908866,2833673380,6734908867,6734908868,6734908869,2833673379,6734908870,6734908871,6734908872,6734908873,2833673378,6734908874,6734908875,6734908876,6734908877,6734908878,6734908879,2833673377,6734908880,6734908881,6734908882,6734908883,6734908884,6734908885,6734908886,6734908887,6734908888,6734908889,6734908890,6734908891,6734908892,2833673376,6734908893,6734908894,6734908895,6734908896,6734908897,6734908898,2833673375,6734908899,6734908900,6734908901,6734908902,6734908903,6734908904,6734908905,2833673374,6734908906,6734908907,6734908908,6734908909,6734908910,6734908911,6734908912,6734908913,6734908914,6734908915,6734908916,2833673373,6734908917,6734908918,6734908919,6734908920,6734908921,2833673372,6734908922,6734908923,6734908924,6734908925,6734908926,6734908927,2833673371,6734908928,6734908929,6734908930,6734908931,6734908932,6734908933,6734908934,6734908935,6734774789,6734908630,6734774790,2833673370,6734774791,6734774792,6734774793,6734774794,6734774795,6734774796,6734774797,2833673369,6734774798,6734774799,6734774800,6734774801,2833673368,6734774802,6734774803,6734774804,6734774805,6734774806,2833673367,6734774807,6734774808,6734774809,6734774810,6734774811,6734774812,6734774813,6734774814,6734774815,6734774816,6734774817,2833673366,6734774818,6734774819,6734774820,6734774821,6734774822,6734774823,6734774824,6734774825,6734774826,6734774827,6734774828,6734774829,6734774830,6734774832,6734774833,6734774831,6734774834,2833673365,6734774835,6734774836,6734774837,6734774838,6734774839,6734774840,6734774841,6734774842,6734774843,6734774844,2833673364,6734774845,6734774846,6734774847,6734774848,2833673363,6734774849,6734774850,6734774851,6734774852,6734774853,6734774854,6734774855,6734774856,6734774857,6734774858,6734774859,2833673362,6734774860,6734774861,6734774862,6734774863,2833673361,6734774864,6734774865,6734774866,6734774867,6734774868,6734774869,6734774870,6734774871,2833673360,6734774872,6734774873,6734774874,6734774875,6734774876,6734774877,6734774878,2833673359,6734774879,6734774880,6734774881,6734774882,6734774883,6734774884,6734774885,2833673358,6734774886,6734774887,6734774888,6734774889,6734774890,6734774891,6734774892,6734774893,6734774894,2833673357,6734774895,6734774896,6734774897,6734774898,6734774899,6734774900,6734774901,2833673356,6734774902,6734774903,6734774904,6734774905,2833673355,6734774906,6734774907,6734774908,6734774909,6734774910,2833673354,6734816859,6734774911,6734774912,6734774913,6734774914,6734774915,6734774916,6734774917,6734774918,2833673353,6734774919,6734774920,6734774921,6734774922,6734774923,6734774924,6734774925,6734774926,6734774927,6734774928,2833673352,6734774929,6734774930,6734774931,2833673351,6734774932,6734774933,6734774934,6734774935,6734774936,6734774937,6734774938,6734774939,2833673350,6734774940,6734774941,6734774942,2833673349,6734774943,6734774944,6734774945,6734774946,6734774947,2833673348,6734774948,6734774949,6734774950,6734774951,6734774952,2833673347,6734774953,6734774954,2833673346,6734774955,6734774956,6734774957,6734774958,6734774959,6734774960,6734774961,2833673345,6734774962,6734774963,6734774964,6734774965,6734774966,6734774967,6734774968,6734774969,2833669309,6734774970,6734774971,6734774972,6734774973,6734774974,2833669308,6734774975,6734774976,6734774977,6734774978,6734774979,2833669307,6734774980,6734774981,6734774982,6734774983,6734774984,2833669306,6734774985,6734774986,6734774987,6734774988,6734774989,2833669305,6734774990,6734774991,6734774992,6734774993,6734774994,2833669304,6734774995,6734774996,6734774997,6734774998,6734774999,6734775000,6734775001,6734574878,6734574880,6734574881,6734574882,6734574883,6734574884,6734574885,6734574886,2833669302,6734574887,6734574888,6734574889,6734574890,2833669301,6734574891,6734574892,6734574893,2833669300,6734574894,6734574895,6734574896,2833669299,6734574897,6734574898,6734574899,6734574900,6734574901,6734574902,2833669298,6734574903,6734574905,6734574904,6734574906,6734574907,6734574908,6734574909,6734574910,6734574911,6734574759,2833669297,6734574912,6734574913,6734574914,2833669296,6734574915,6734574916,2833669295,6734574917,6734574918,2833669294,6734574919,6734574920,6734574921,6734574922,2833669293,6734574923,6734574924,6734372316,6734372315,6734372314,6734372313,2833669292,6734372312,6734372311,6734372310,6734372309,6734372308,11422320486,11422320483,2833669291,6734372307,11422320484,6734372306,2833669290,6734372305,6734372304,6734372303,6734372302,2833669289,6734372301,6734372300,6734372299,6734372298,2833669288,6734372297,6734372296,6734372295,6734372289,11422320470,6734372288,2833669287,6734372286,6734372285,6734372284,6734372283,6734372282,6734372280,6734372279,2833669286,6734372278,6734372276,9143562892,6734372275,2833669285,6734372274,6734372273,6734372272,6734372271,6734372270,6734372269,6734372268,2833669284,6734372267,6734372266,6734372265,6734372264,6734372263,6734372262,6734372261,6734372260,6734372259,6734372258,6734372257,6734372256,6734372255,6734372254,2833669283,6734372253,6734372252,6734372251,6734372250,6734372249,2833669282,6734372248,6734372247,2833669281,6734372246,6734372245,6734372244,6734372243,6734395961,6734372242,6734372241,6734372240,2833669280,6734372239,6734372238,6734372237,6734372236,2833669279,6734372235,6734372234,6734372233,6734372232,6734372231,2833669278,6734372230,6734372229,6734372228,6734372227,6734372226,2833669277,6734372225,6734372224,6734372223,6734372222,6734372221,6734372220,2833669276,6734372219,6734372218,6734372217,2833669275,6734372216,6734372215,6734372214,6734372213,6734372212,2833669274,6734372211,6734372210,6734372209,6734372208,2833669273,6734372207,2833669272,6734372206,6734372205,2833669271,6734372204,6734372203,6734372202,6734372201,2833669270,6734372200,6734372199,6734372198,2833669269,6734372197,6734372196,6734372195,6734372194,6734372193,2833669268,6734372192,6734372191,6734372190,6734372189,6734372188,2833669267,6734372187,6734372186,6734372185,6734372184,2833669266,6734372183,6734372182,6734372181,6734372180,6734372179,2833669265,6734465074,6734372178,6734372177,2833669264,6734372176,6734372175,6734372174,6734372173,2833669263,6734372172,6734372171,6734372170,6734396274,6734372169,2833669262,6734372168,6734372167,6734372166,6734372165,6734372164,6734372163,2833669261,6734372162,6734372161,6734372160,6734372159,6734372158,6734372157,2833669260,6734372156,6734372155,6734372154,6734372153,6734372152,6734372151,6734372150,2833669259,6734372149,6734372148,2833669258,6734372147,6734372146,6734372145,2833669257,6734372144,6734372143,2833669256,6731142671,6731142672,2833669255,6731142673,6731142674,6731142675,2833669254,6731142676,6731142677,6731142678,2833669253,6731142679,6731142680,2833669252,6731142681,6731142682,6731142683,2833669251,6731142684,6741731787,6731150685,6731150686,2833669250,6731150687,6731150688,6731150689,6731150690,2833669249,6731150691,6731150692,6731150693,6731150694,6731150695,2833669248,6731150696,2833669247,6731150697,6731150698,6731150699,2833669246,6731150700,6731150701,6731150702,2833669245,6731150703,6731150704,6731150705,2833669244,6731150706,6731150707,2833669243,6731150708,6731150709,2833669242,6731150710,6731150711,2833669241,6731150712,6731150713,2833669240,6731150714,2833669239,6731150715,6731150716,6731150717,2833669238,6731150718,6731150719,6731150720,6731150721,2833669237,6731150722,6731150723,6731150724,2833669236,6731150725,6731150726,6731150727,6731150728,2833669235,6731150729,6731150730,2833669234,6731150731,6731150732,6731150733,6731150734,2833669233,6731150735,6731150736,2833669232,6731150737,6731150738,6731150739,6731150740,2833669231,6731150741,6731150742,6731150743,2833669230,6731150744,6731150745,2833669229,6731150746,6731150748,6731150747,2833669228,2833669227,6731150749,6731150750,6731150751,6731150752,6731150753,6731150754,2833669226,6731150755,2833669225,6731150756,6731150757,2833669224,6731150758,6731150759,6731150760,2833669223,6731150761,6731150762,6731150763,2833669222,6731150764,6731150765,6731150766,6731150767,6731150768,2833669221,6731150769,6731150770,6731150771,2833669220,6731150772,6731150773,6731282296,6731150774,6731150775,2833669219,6731150776,6731150777,6731150778,6731150779,6731150780,6731150781,2833669218,6731150782,6731150783,6731150784,6731150785,2833669217,6731286124,6731331152,6731331151,2833669216,6731331150,6731331149,6731331148,2833669215,6730885351,6731331147,6731331146,6731331145,6731331144,6731331143,6731331142,2833669214,6731331141,6731331140,6731331139,6731331138,6731331137,2833669213,6728735889,2833669212,6728735888,6728735887,2833669211,6728735886,2833669210,6728735885,6728743402,6728735884,6728735883,6728735882,2833669209,6728735881,6728735880,6728735879,6728735878,6728735877,6728735876,2833669208,6728735871,6728735870,6728735869,6728735868,2833669207,6728735867,6728735866,6728735865,2833669206,6728735864,2833669205,2833669204,6728735863,6728735862,2833669203,6728735861,6728735860,6728735859,6728735858,2833669202,6728735857,6728735856,6728757949,6728735855,2833669201,6728735854,6728735853,2833669100,6728735852,6728735851,6728735850,6728735849,6728735848,2833669099,6728735847,2833669098,6728735846,6728735845,6728735844,6728735843,2833669097,6728735842,2833669096,6728735841,6728735840,6728735839,6728735838,2833669095,6728735837,6728735836,6728735835,6728735834,6728735833,2833669094,6728735832,6728735831,2833669093,6728735830,6728735829,2833669092,6728735828,6728735827,6728735826,9738809550,6728735825,9738809549,2833669091,6728735824,6728735823,2833669090,6728735822,6728735821,6728735820,2833669089,6728735819,6728735818,6728758716,6728758715,2833669088,6728758714,6728758713,6728758712,6728758711,6728758710,6728758709,6728758708,2833669087,6728758707,2833669086,6728758706,6728758705,6728758704,6728758703,2833669085,6728758702,6728758701,6728758700,6728758699,6728758698,2833669084,6728758697,6728758696,6728758695,2833669083,6728758694,6728758693,2833669082,6728758692,6728758691,6728758690,6728758689,2833669081,6728758688,6728758687,6728758686,6728758685,6728757506,6728758684,2833664070,6728758683,6728758682,2833664069,6728758681,6728758680,6728758679,6728758678,2833664068,6728758677,6728758676,2833664067,6728758675,6728758674,2833664066,6728758673,2833664065,6728758672,6728758671,2833664064,6728758670,6728758669,6728758668,6728758667,6728758666,6728758665,2833664063,6728758664,6728758663,6728758662,6728758661,2833664062,6728758660,6728758659,2833664061,6728758658,6728758657,6728758656,2833664060,6728758655,6728758654,2833664059,6728758653,6728758652,6728758651,6728758650,6728758649,2833664058,6728758648,6728758647,6728758646,6728758645,6728758644,2833664057,6728758643,6728758642,6728758641,6728758640,2833664056,6728758639,6728758638,6728758637,6728758636,2833664055,6726126090,6726126091,2833664054,6726126092,6726126093,2833664053,6726126094,6726126095,2833664052,6726126096,2833664051,6726126097,6726126098,6726126099,6726126100,2833664050,6726126101,6726126102,6726126103,6726126104,2833664049,6726126105,6726126106,2833664048,6726126107,2833664047,6726126108,6726126109,6726126110,12866920731,6728765174,2833664046,6726126111,6726126112,6726126113,6726126114,6726126115,2833664045,6723233839,6726126116,2833664044,6723233858,6723233857,6723233856,6723233855,2833664043,2833664042,6723233854,6723233853,6723233852,6723233851,6723233850,2833664041,6723233849,6723233848,2833664040,6723233847,6723233846,2833664039,6723233845,6723233844,2833664038,6723233843,6723233842,6723233841,2833664037,2833664036,2833664035,2833664034,2833664033,2833664032,9738812493,2833664031,6723336671,6723336670,6723336669,6723336668,2833664030,6723336667,6723336666,6723336665,2833664029,6723336664,6723336663,6723336662,2833664028,6723336661,6723336660,2833664027,6723336659,6723336658,2833664026,6723336657,6723336656,2833664025,6723336655,6723336654,2833664024,2833664023,6723336653,2833664022,6723336652,6723336651,6723336650,2833664021,6723336734,2833664020,6723336649,6723336648,2833664019,6723336647,6723336646,6723375205,2833664018,6723336645,2833664017,6723336644,6723336643,6723336642,6723336640,2833664016,6723336639,6723336638,6723336637,6723336636,2833664015,6723430927,6723430926,6723430925,2833664014,6723430924,6723430923,6723430922,2833664013,6723430921,6723430920,6723430919,6723430918,2833664012,6723430917,6723430916,6723430915,6723430914,6723430913,6723430912,6723430911,2833664011,6723430910,6723430909,6723430908,2833664010,6723430907,6723430906,6723430905,2833664009,6723430904,6723430903,2833664008,6723421934,6723421935,6723421936,6723421937,6723421938,6723421939,2833664007,6723421940,6723421941,6723421942,6723421943,6723421944,6723421945,2833664006,6723421946,6723421947,2833664005,6723421948,6723421949,6723421950,6723421951,2833664004,6723421952,6723421953,6723421954,6723421955,6723421956,6723421957,6723421958,6723421959,6723421960,6723421961,6723421962,2833664003,6723421963,6723421964,6723421965,6723421966,2833664002,6723421967,6723421968,6723421969,6723421970,2833664001,6723421971,6723421972,6723421973,2833663900,6723421974,6723421975,6723421976,6723421977,2833663899,6723421978,6723421979,6723421980,2833663898,6723421981,6723421982,2833663897,6723421983,6723421984,2833663896,6723421985,6723421986,6723421987,2833663895,6723421988,6723421989,6723421990,2833663894,6723421991,6723421992,2833663893,6723421993,6723421994,2833663892,2833663891,6723421995,6723421996,2833663890,6723421997,6723421998,6723421999,2833663889,6723422000,6723422001,6723422002,6723422003,6723422004,6723422005,6723422006,2833663888,6723422007,6723422008,6723422009,6723422010,6723592456,6723422011,6723422012,2833663887,6723422013,2833663886,6723422014,6723422015,2833663885,6723422016,6723422017,6723422018,6723592396,6723422019,6723422020,2833663884,6723422021,9847991025,6723422022,6723422023,6723422024,6723422025,6723422026,2833663883,6723422027,6723422028,6723422029,6723422030,2833663882,2833663881,6723583979,6723583978,6723583977,2833663880,6723583976,6723583975,6690260591,6723583974,6690260590,6723583973,6690260589,6723583969,6723583968,6690260585,6723583963,2833663876,6720284642,6720284643,6720284644,6720284645,6720284646,2833663875,2833663874,6636445763,2833663873,6743559617,6636445764,6743559618,6743559619,6636445765,2833663872]},"geometry":{"type":"LineString","coordinates":[[92.4957284,21.3751559],[92.495031,21.3753457],[92.4948808,21.3755755],[92.4947521,21.3758752],[92.4946126,21.3763947],[92.494516,21.3768343],[92.4946662,21.3775536],[92.4951812,21.3781231],[92.4960181,21.3788924],[92.4965438,21.3798814],[92.4963721,21.3805208],[92.4962112,21.3811702],[92.4963292,21.3815898],[92.496576,21.3819595],[92.4971661,21.3821393],[92.497209,21.3826688],[92.4969086,21.3832682],[92.4965438,21.3838676],[92.4963507,21.3848067],[92.4961576,21.3857158],[92.4959859,21.3868746],[92.4961576,21.3873641],[92.4964794,21.3877238],[92.4969837,21.3880584],[92.4971446,21.3882832],[92.4972144,21.3884181],[92.4972358,21.3886179],[92.4972841,21.3889525],[92.4972411,21.3896668],[92.4972358,21.3903311],[92.4973431,21.3910704],[92.497445,21.3916198],[92.4974236,21.3920693],[92.4973485,21.3926038],[92.4973431,21.3931233],[92.4971285,21.393403],[92.4969569,21.3938925],[92.4969622,21.394292],[92.4968227,21.3947965],[92.4966028,21.3953309],[92.4963507,21.3956056],[92.4961844,21.3958454],[92.4960717,21.3960801],[92.4960234,21.3963599],[92.4961522,21.3966895],[92.4963131,21.3970191],[92.4964848,21.3972889],[92.4967798,21.3975136],[92.4971446,21.3979332],[92.4972197,21.3982528],[92.4972385,21.3984813],[92.4972546,21.3985562],[92.4972506,21.3987111],[92.4971848,21.3987947],[92.4970856,21.3989109],[92.4970159,21.3989633],[92.4968295,21.3990682],[92.496686,21.3990719],[92.4965304,21.3990557],[92.4964084,21.3990033],[92.4962139,21.3988634],[92.4960288,21.3987972],[92.4958598,21.3987785],[92.4956989,21.3988409],[92.4955809,21.3988871],[92.4954039,21.3989483],[92.4952376,21.3990133],[92.495086,21.3990832],[92.4949881,21.3991356],[92.4948862,21.399223],[92.494791,21.3993891],[92.4947199,21.3995364],[92.4946475,21.3997275],[92.4945093,21.3998661],[92.494339,21.4000496],[92.4941526,21.4002095],[92.4940346,21.4002806],[92.4939099,21.4003331],[92.4938066,21.4004042],[92.4936886,21.4004592],[92.4935679,21.4004829],[92.493474,21.4005329],[92.4934231,21.4006103],[92.4933319,21.4007788],[92.4933144,21.4008737],[92.4933144,21.4010798],[92.4933426,21.4012096],[92.4932876,21.4015305],[92.49325,21.4017515],[92.4932447,21.4018939],[92.4933587,21.4021723],[92.4934713,21.4025244],[92.4935652,21.4027155],[92.493643,21.402909],[92.4937382,21.4030763],[92.493812,21.4032536],[92.4938804,21.4034459],[92.4939112,21.403562],[92.4939179,21.4036794],[92.4939139,21.4038042],[92.4938656,21.4039503],[92.4938053,21.4040128],[92.493694,21.4041002],[92.4936054,21.4041539],[92.4935102,21.4041863],[92.4934123,21.4041901],[92.4933278,21.4041651],[92.4932635,21.4041214],[92.4931535,21.4040165],[92.4930301,21.4037518],[92.4930462,21.4034721],[92.4930355,21.4032773],[92.4929335,21.4030126],[92.4927404,21.4029227],[92.4925258,21.4029027],[92.4922844,21.4029227],[92.4918928,21.4027379],[92.4915281,21.4026031],[92.4910989,21.4025082],[92.4902191,21.4024782],[92.4894306,21.4024183],[92.4888351,21.4023334],[92.488355,21.4022809],[92.4879715,21.402221],[92.4877837,21.4022859],[92.4876871,21.4023459],[92.4875611,21.4024233],[92.4874726,21.4025581],[92.4874216,21.402683],[92.4874457,21.4028703],[92.4875074,21.4032199],[92.4875664,21.403542],[92.4876791,21.4038767],[92.4877703,21.4042213],[92.487836,21.4046833],[92.4878333,21.4048431],[92.487828,21.4050678],[92.4878119,21.4052227],[92.4877596,21.4054224],[92.4876523,21.4055997],[92.4875906,21.405807],[92.4874887,21.4061191],[92.4874404,21.4062852],[92.4873197,21.4065174],[92.4872271,21.4066098],[92.4871051,21.4067035],[92.4869898,21.4068908],[92.4868825,21.4070431],[92.4868087,21.4072229],[92.4867242,21.4074476],[92.4867269,21.4075363],[92.4867484,21.4076412],[92.4868637,21.407751],[92.4869723,21.4078135],[92.4870568,21.4078534],[92.487089,21.4079283],[92.4871064,21.4079983],[92.4870461,21.4080994],[92.4870166,21.4082767],[92.4869388,21.408409],[92.4867725,21.4085714],[92.4866277,21.4086987],[92.4864399,21.408856],[92.4862683,21.4089384],[92.4860564,21.4089784],[92.4857506,21.4089934],[92.4855065,21.4090158],[92.4853778,21.4091082],[92.4852544,21.4092181],[92.4851015,21.4093929],[92.4850693,21.4094853],[92.4850586,21.4095902],[92.4849781,21.4096976],[92.4848574,21.4097949],[92.4847474,21.4098274],[92.4845919,21.4098249],[92.4844256,21.4098074],[92.4842807,21.4097375],[92.4840608,21.4096451],[92.4835485,21.4095827],[92.4829691,21.4095327],[92.4825091,21.4095577],[92.4822423,21.4096027],[92.4820277,21.4096439],[92.4818091,21.4096751],[92.4815409,21.4096564],[92.4812311,21.4096439],[92.4810232,21.4096176],[92.4807402,21.4095565],[92.4803741,21.4095315],[92.4802467,21.4095415],[92.4801488,21.409554],[92.4799932,21.4096027],[92.4797505,21.4097275],[92.4793267,21.409961],[92.4788372,21.4101807],[92.478577,21.4102781],[92.4782082,21.4104592],[92.4778139,21.4106103],[92.4775216,21.4107064],[92.477315,21.4107738],[92.4770894,21.4108449],[92.4769503,21.4108887],[92.4767866,21.4109761],[92.4764836,21.4111758],[92.4763709,21.4113182],[92.4762207,21.4114955],[92.4760732,21.4116228],[92.4758693,21.4117327],[92.4756789,21.4118101],[92.475467,21.4118201],[92.4753061,21.4118201],[92.4751022,21.4118176],[92.4749171,21.4117452],[92.474724,21.4116178],[92.4744558,21.4115055],[92.4741715,21.4114655],[92.4739972,21.4114855],[92.4738389,21.4115254],[92.4736699,21.4116028],[92.4735197,21.4117652],[92.473391,21.4119075],[92.4733132,21.4121098],[92.4731844,21.4123595],[92.4730691,21.4125343],[92.472994,21.4126941],[92.4729216,21.4128114],[92.4728787,21.4129513],[92.4727821,21.4132459],[92.4726614,21.4134232],[92.4725219,21.4135456],[92.4724012,21.4137179],[92.4723825,21.4138877],[92.4723825,21.4140899],[92.4724039,21.4142797],[92.4724629,21.4145469],[92.4725085,21.4146842],[92.4725407,21.4148166],[92.4726239,21.4149614],[92.4727285,21.4150837],[92.4727982,21.4153359],[92.4727902,21.4154733],[92.4727231,21.4156456],[92.4725809,21.4158129],[92.4724576,21.4160126],[92.4723288,21.41611],[92.4722376,21.41615],[92.4720901,21.4161425],[92.4720016,21.4161475],[92.4719238,21.4162374],[92.4718648,21.4163447],[92.4718487,21.4164546],[92.4718594,21.4167443],[92.4718863,21.416954],[92.4718755,21.4171263],[92.4719319,21.4173086],[92.4720606,21.4174359],[92.4722269,21.4176157],[92.4723127,21.4180027],[92.47231,21.4182524],[92.4722725,21.4184747],[92.4722108,21.4186569],[92.4720713,21.4187244],[92.4718997,21.4187593],[92.4717039,21.4188068],[92.4713632,21.4189441],[92.4711513,21.418999],[92.4709689,21.4190465],[92.4708187,21.4191463],[92.4707114,21.4193611],[92.4706739,21.4196009],[92.4706685,21.4201203],[92.4706122,21.4204948],[92.4705505,21.420717],[92.470403,21.4210416],[92.4702957,21.4214261],[92.4702769,21.4217532],[92.4702394,21.4220529],[92.4701509,21.4223974],[92.4700758,21.4225722],[92.4699041,21.4228669],[92.469778,21.4231265],[92.4695903,21.4232988],[92.4694937,21.4235061],[92.4694347,21.4237857],[92.4694696,21.423923],[92.4695876,21.4241153],[92.4696949,21.4242352],[92.4698344,21.42433],[92.4700624,21.4244649],[92.4702313,21.4245248],[92.4703413,21.4245498],[92.4705049,21.4245448],[92.4706444,21.4245023],[92.4708026,21.4244624],[92.4710279,21.4244349],[92.4712908,21.4244449],[92.4715268,21.4244699],[92.4716314,21.4245972],[92.4716958,21.424737],[92.4717521,21.4249867],[92.471846,21.4253113],[92.4718943,21.4254761],[92.4719265,21.4256159],[92.4719211,21.4257482],[92.4718836,21.4259305],[92.4718246,21.4261552],[92.4717092,21.4262576],[92.4715456,21.4264199],[92.4714088,21.4265797],[92.4712533,21.4266646],[92.4710548,21.4267245],[92.4708938,21.4267495],[92.470698,21.426757],[92.4704459,21.426712],[92.4702286,21.426707],[92.4700355,21.4267345],[92.4699148,21.4267769],[92.4697941,21.4268394],[92.4696252,21.4268943],[92.4695393,21.4269417],[92.4695045,21.4271215],[92.4695098,21.4272339],[92.4695635,21.4273787],[92.4696654,21.427481],[92.4698263,21.4275809],[92.4699631,21.4276658],[92.4700784,21.4277282],[92.4701562,21.4277532],[92.470344,21.4277582],[92.4706954,21.4277607],[92.4708643,21.4278581],[92.4710494,21.4280428],[92.4712023,21.4282426],[92.4714517,21.4285672],[92.4716824,21.4288967],[92.4722484,21.4293886],[92.4725353,21.4298705],[92.4726721,21.4302275],[92.4726587,21.4306245],[92.4726425,21.4307152],[92.4726078,21.4309091],[92.4725649,21.4311114],[92.4724629,21.431406],[92.4723556,21.4315783],[92.4722269,21.4316906],[92.4721277,21.4318229],[92.4720821,21.4320127],[92.4720284,21.4322024],[92.4719882,21.4323922],[92.4719399,21.4325695],[92.4719077,21.4327592],[92.4718112,21.4328965],[92.4716636,21.4329739],[92.4714973,21.4330663],[92.4713203,21.4331312],[92.4711889,21.4331437],[92.470867,21.4331587],[92.4706283,21.4332311],[92.4704593,21.4333335],[92.470352,21.4334084],[92.4702152,21.4335332],[92.4701857,21.4337304],[92.4702126,21.4339876],[92.4703252,21.4341324],[92.4704942,21.4343122],[92.4707436,21.4343871],[92.4710172,21.4344295],[92.4713471,21.4344245],[92.4716341,21.4343172],[92.4717656,21.4342597],[92.4718889,21.4341798],[92.4720365,21.4340775],[92.4722323,21.434035],[92.4727687,21.4339077],[92.473104,21.4338253],[92.4733668,21.4338053],[92.4735117,21.4338503],[92.473745,21.4339476],[92.4738282,21.4339926],[92.473906,21.4341149],[92.4739837,21.4343771],[92.4739972,21.4346193],[92.4740052,21.4347691],[92.4739167,21.4350462],[92.4738335,21.435201],[92.4738201,21.4352909],[92.473792,21.4354045],[92.4737745,21.4354756],[92.473737,21.4355206],[92.4736029,21.4355355],[92.4734473,21.435538],[92.4732515,21.435568],[92.4730369,21.4356079],[92.472817,21.4355755],[92.472656,21.4354706],[92.4724066,21.4352909],[92.4721545,21.4352934],[92.4719801,21.4353058],[92.4717468,21.4353708],[92.4716261,21.4353982],[92.4714383,21.4353283],[92.4711862,21.4352584],[92.4709716,21.4352235],[92.4704781,21.435161],[92.4702072,21.4351935],[92.4700784,21.4352434],[92.4699872,21.4353258],[92.4699229,21.4354407],[92.4698451,21.4355755],[92.4697646,21.43594],[92.4697566,21.4361048],[92.46977,21.4362671],[92.469829,21.4363869],[92.469837,21.4364993],[92.4697888,21.4366665],[92.4697083,21.4370485],[92.4696412,21.4374954],[92.4695635,21.4377651],[92.4694454,21.4381146],[92.4693167,21.4383967],[92.4691289,21.4385765],[92.4688822,21.4387987],[92.4687347,21.4389235],[92.4684611,21.4390758],[92.4682036,21.4392156],[92.46782,21.4393429],[92.467466,21.4394203],[92.4669188,21.4397274],[92.4666694,21.4399072],[92.466487,21.4401069],[92.4661436,21.4404564],[92.4659183,21.4406861],[92.4657091,21.4408758],[92.4654758,21.4412154],[92.4652853,21.4414026],[92.4650734,21.4416847],[92.4648857,21.4418595],[92.4646872,21.4419618],[92.4645343,21.4420143],[92.4642929,21.4420867],[92.463963,21.4422115],[92.4637216,21.4423189],[92.4633112,21.4425485],[92.4629625,21.4428556],[92.4622518,21.4433974],[92.4616402,21.4438967],[92.4606344,21.4448429],[92.4604118,21.4450376],[92.4601623,21.445125],[92.4600631,21.4451899],[92.4599665,21.4452772],[92.4598083,21.4455344],[92.4597278,21.4457016],[92.4596742,21.4458514],[92.45965,21.4459688],[92.4596312,21.4462234],[92.4596527,21.4464506],[92.4597117,21.4466129],[92.4598887,21.4469524],[92.4600309,21.4471446],[92.4601891,21.4473668],[92.460334,21.4474742],[92.4604574,21.4477188],[92.4605647,21.4479722],[92.4605405,21.4481657],[92.460452,21.4484603],[92.4604158,21.4485064],[92.4603554,21.4485551],[92.4602575,21.4486125],[92.4600081,21.448615],[92.4598405,21.4485901],[92.4596849,21.4485339],[92.4594448,21.448484],[92.459351,21.4485114],[92.4592906,21.4485426],[92.4591806,21.4485888],[92.459135,21.44862],[92.4588682,21.448615],[92.45862,21.4485626],[92.4583009,21.4484528],[92.4579629,21.4483404],[92.4576008,21.4481083],[92.4572897,21.4478961],[92.4570402,21.4477563],[92.4569897,21.4477468],[92.4568927,21.4477288],[92.4567103,21.4477712],[92.4564877,21.4478486],[92.4563026,21.447961],[92.4561631,21.4481232],[92.4559083,21.4485252],[92.4558386,21.4487498],[92.4558225,21.4490045],[92.4558654,21.4493964],[92.4560371,21.4497559],[92.456139,21.450043],[92.4562222,21.4502327],[92.4563348,21.4505747],[92.4564287,21.4512388],[92.4564904,21.4515034],[92.4565091,21.4518579],[92.4564555,21.4520726],[92.4563777,21.4522548],[92.4563321,21.4523747],[92.4561283,21.4527441],[92.456021,21.4531835],[92.4558708,21.4539224],[92.4558666,21.4546514],[92.455903,21.4550707],[92.4558793,21.4554955],[92.4559479,21.4557126],[92.455972,21.4558738],[92.455978,21.4561714],[92.4559399,21.4564377],[92.4559219,21.4567367],[92.4560267,21.4573908],[92.4559339,21.4576976],[92.4557793,21.4578584],[92.4555342,21.457977],[92.4551359,21.4580863],[92.4550232,21.4581362],[92.454732,21.4581709],[92.454438,21.4581084],[92.4541432,21.4579744],[92.4538979,21.4577885],[92.4536123,21.4576116],[92.4535156,21.4574217],[92.4533407,21.4571105],[92.4531482,21.4569006],[92.4529619,21.4568193],[92.4526608,21.4567254],[92.4522351,21.4566483],[92.4519534,21.456716],[92.4516597,21.4568045],[92.4512755,21.4569182],[92.450919,21.4569608],[92.4506376,21.4569304],[92.4504848,21.4569349],[92.4503562,21.456983],[92.450155,21.4572225],[92.4500723,21.4573141],[92.4500054,21.4574264],[92.449983,21.4575941],[92.4499918,21.457739],[92.4499297,21.4579265],[92.4498624,21.4581082],[92.4497707,21.4582943],[92.4497737,21.4585803],[92.4499186,21.4588923],[92.4500773,21.4590469],[92.450156,21.4592696],[92.4501223,21.4594568],[92.450033,21.4595608],[92.4498868,21.4596647],[92.4497607,21.4598162],[92.4495569,21.4601282],[92.4493718,21.4604028],[92.4492296,21.4606075],[92.4491438,21.4607772],[92.4490633,21.460932],[92.4490312,21.4610219],[92.4490472,21.4611816],[92.4491089,21.4613713],[92.4491465,21.4615785],[92.4491384,21.4618406],[92.4491304,21.4623124],[92.4491009,21.4626544],[92.4490338,21.4629689],[92.4490016,21.4631986],[92.4489292,21.4632685],[92.4488353,21.4633833],[92.4488032,21.4634607],[92.4487656,21.4635855],[92.4487656,21.4638301],[92.4488139,21.4641521],[92.4489098,21.4646472],[92.4489773,21.4650404],[92.4490978,21.4655498],[92.4491633,21.4658136],[92.4493037,21.4661387],[92.44948,21.4663926],[92.4497664,21.4666229],[92.4499349,21.4667389],[92.4500512,21.4668331],[92.4501619,21.4669563],[92.4502922,21.4670862],[92.4504071,21.4671878],[92.4505918,21.4673243],[92.4508962,21.4675242],[92.4510926,21.4676496],[92.4512559,21.467763],[92.4514125,21.4678813],[92.4514484,21.4679877],[92.4514608,21.468099],[92.4514582,21.4682517],[92.4513893,21.4684451],[92.4513083,21.4686327],[92.4511662,21.4687725],[92.4510401,21.4688574],[92.4508041,21.469087],[92.4506297,21.4693491],[92.4505278,21.4695263],[92.4504634,21.4696012],[92.4502623,21.4696736],[92.4500692,21.4696611],[92.4497124,21.4696911],[92.4494684,21.4697285],[92.4493262,21.4697959],[92.4491974,21.4698458],[92.4490016,21.4698907],[92.4488756,21.4699282],[92.4487415,21.4699956],[92.44861,21.470063],[92.4484545,21.4702427],[92.4482345,21.4704748],[92.4480977,21.4707619],[92.447977,21.4711063],[92.4479046,21.4714333],[92.4477517,21.4717778],[92.44769,21.47196],[92.4476713,21.4721372],[92.4477008,21.4723319],[92.447741,21.4727487],[92.4478268,21.4731132],[92.4479717,21.4736423],[92.448256,21.4742339],[92.4485108,21.4746232],[92.4489936,21.4751674],[92.4491572,21.475422],[92.4491787,21.4756416],[92.449117,21.4758862],[92.4490097,21.4761308],[92.4488622,21.4762906],[92.4486235,21.4762856],[92.448323,21.4762456],[92.4480012,21.4761333],[92.4476257,21.4758987],[92.4474808,21.4758014],[92.4472528,21.4757614],[92.4469632,21.4757814],[92.4467432,21.4758438],[92.4465179,21.4759761],[92.4463141,21.4761433],[92.446188,21.4763804],[92.4461049,21.4767723],[92.446129,21.4771142],[92.446137,21.4773389],[92.4460485,21.4774811],[92.4459654,21.477551],[92.445673,21.4777981],[92.4454075,21.4780902],[92.4451419,21.4782574],[92.4451259,21.4782649],[92.4446028,21.4784071],[92.4444017,21.4784246],[92.4441656,21.4784596],[92.4438169,21.4785369],[92.4432939,21.4785943],[92.4426716,21.4787441],[92.4424141,21.4787915],[92.4419743,21.4789388],[92.441462,21.4791185],[92.4408343,21.4793706],[92.4402281,21.4796202],[92.4398929,21.4797774],[92.4395442,21.4799272],[92.4393913,21.480027],[92.4393783,21.4800845],[92.4392223,21.4802416],[92.4390748,21.4804513],[92.438997,21.4806235],[92.4390614,21.4808906],[92.4391499,21.4812001],[92.4393242,21.481542],[92.439461,21.4818465],[92.4395925,21.4821835],[92.439681,21.4823956],[92.4396944,21.4826327],[92.4396971,21.4829247],[92.4396809,21.4829792],[92.4396407,21.4831144],[92.4395737,21.4832118],[92.4394583,21.483374],[92.4393189,21.4835712],[92.4390828,21.4838532],[92.43882,21.4840928],[92.4384928,21.4842999],[92.4382567,21.4844447],[92.4380341,21.4845096],[92.4378329,21.4845944],[92.4376747,21.4847367],[92.4375647,21.4848615],[92.437554,21.4850462],[92.4375728,21.4853083],[92.4375862,21.4855978],[92.4375674,21.4858798],[92.4375513,21.4862442],[92.4374601,21.4864838],[92.437377,21.4867034],[92.4372911,21.4869879],[92.4372241,21.48724],[92.4371382,21.4877092],[92.4371248,21.4881285],[92.4371329,21.4887724],[92.4372026,21.4893964],[92.4373689,21.4898955],[92.4376479,21.4903148],[92.4379804,21.4906941],[92.4383399,21.4911085],[92.4385491,21.4914529],[92.4385544,21.491982],[92.4385169,21.4924412],[92.4384203,21.4927407],[92.4381628,21.4933048],[92.4379268,21.4936716],[92.4377471,21.4939761],[92.4375111,21.4943255],[92.4371704,21.49463],[92.4369398,21.4948496],[92.4365616,21.4951815],[92.4360198,21.4955608],[92.4356523,21.4957405],[92.4354243,21.4958254],[92.4351373,21.4958903],[92.4348557,21.4958977],[92.4345633,21.495768],[92.4342736,21.4955434],[92.4341234,21.4953138],[92.4340054,21.4951441],[92.4338686,21.4948296],[92.4335038,21.4946724],[92.4331236,21.4945461],[92.4327368,21.4947199],[92.4325518,21.4947007],[92.4319321,21.4945709],[92.4314943,21.4945746],[92.4309738,21.4947156],[92.430532,21.4948947],[92.4302611,21.4948845],[92.430138,21.4950525],[92.4300277,21.4951565],[92.4298668,21.4955409],[92.4298051,21.4959327],[92.4297568,21.496352],[92.4297327,21.4968186],[92.4297327,21.4971356],[92.4297957,21.4973878],[92.4299419,21.4976646],[92.4302906,21.4979367],[92.4306178,21.4982436],[92.430945,21.4984433],[92.4313769,21.4986679],[92.4317229,21.4988551],[92.4320501,21.4990173],[92.4323264,21.4992219],[92.4326375,21.499474],[92.4328387,21.499731],[92.4331417,21.5001253],[92.4333322,21.5003324],[92.4334609,21.5005221],[92.4335468,21.5008191],[92.4335977,21.5010686],[92.433536,21.5013856],[92.4333322,21.5016127],[92.4331203,21.5017848],[92.4328923,21.5019346],[92.4326268,21.5020494],[92.4322459,21.5022141],[92.4318516,21.5023663],[92.4315753,21.5023938],[92.4312857,21.5023963],[92.4309772,21.5023938],[92.4307197,21.5023164],[92.4302476,21.5021467],[92.4295771,21.5019021],[92.4288824,21.501705],[92.4285552,21.5017075],[92.4281046,21.5018747],[92.4277022,21.5020693],[92.4273294,21.5022715],[92.4268842,21.5025011],[92.4263611,21.502828],[92.4259025,21.5030651],[92.4255913,21.5032822],[92.4253097,21.5035941],[92.4250442,21.503941],[92.4247947,21.5043428],[92.424497,21.5048493],[92.424328,21.5052761],[92.4241751,21.5057277],[92.42399,21.5063541],[92.4239123,21.5067983],[92.423872,21.5071826],[92.4238452,21.507492],[92.4238184,21.5078189],[92.423872,21.5081558],[92.4240142,21.5084153],[92.4242127,21.5086799],[92.4244702,21.5088645],[92.4248886,21.5091365],[92.425248,21.5093761],[92.4257308,21.5096331],[92.4263209,21.5097604],[92.4270075,21.5100448],[92.4274742,21.5103144],[92.4279597,21.5106537],[92.4283808,21.5111104],[92.4288502,21.5116743],[92.4292767,21.5122582],[92.4295208,21.5127948],[92.4297756,21.5130967],[92.4299928,21.5135109],[92.4301484,21.51398],[92.4301538,21.514272],[92.4300384,21.5147012],[92.429899,21.5149557],[92.4297595,21.5151603],[92.4293223,21.5153525],[92.4291211,21.5153724],[92.4287563,21.5152701],[92.4284103,21.5151603],[92.4282011,21.5147037],[92.4280885,21.5144941],[92.4278337,21.5141797],[92.4275386,21.5140524],[92.4272462,21.5139276],[92.4269217,21.5138353],[92.4267071,21.5137854],[92.4264952,21.5137155],[92.4260258,21.513743],[92.4256584,21.5137629],[92.4253607,21.5138503],[92.4251246,21.5140374],[92.4249369,21.5141372],[92.4240249,21.5144117],[92.4236977,21.5144766],[92.4232685,21.5145415],[92.422885,21.5145739],[92.422437,21.5146438],[92.4220696,21.5146488],[92.4215868,21.5146089],[92.4210879,21.514534],[92.4207526,21.5145365],[92.4203101,21.5145664],[92.4198648,21.514549],[92.4196154,21.5145066],[92.419323,21.5144816],[92.4191111,21.5144766],[92.4188885,21.514549],[92.4187195,21.5147012],[92.4185264,21.5149083],[92.4182367,21.5152477],[92.418006,21.5154772],[92.4178424,21.5156644],[92.4178342,21.5156866],[92.4177781,21.515839],[92.4177083,21.5161335],[92.4176654,21.516413],[92.4177834,21.5167324],[92.4179229,21.5170118],[92.4179551,21.5174261],[92.4179873,21.5179451],[92.4180785,21.5184391],[92.418116,21.5192426],[92.418116,21.5198015],[92.4180355,21.5202157],[92.4179336,21.5207048],[92.4177727,21.521129],[92.4175152,21.521638],[92.4173006,21.5220772],[92.4166998,21.5230378],[92.4165228,21.5233098],[92.4162975,21.5237489],[92.4163028,21.5241332],[92.4163672,21.5248767],[92.4166301,21.52579],[92.4169036,21.5268928],[92.4172041,21.5277312],[92.4174025,21.5281603],[92.4175313,21.5285745],[92.4175796,21.5289737],[92.4176225,21.5293031],[92.4176922,21.5295975],[92.4178746,21.5300216],[92.4180731,21.5304308],[92.4182233,21.5307452],[92.4182769,21.5311244],[92.4183628,21.5315935],[92.4184057,21.5321674],[92.4183467,21.5324817],[92.4182233,21.5329009],[92.4179873,21.5336744],[92.4176332,21.5347771],[92.4176547,21.5351713],[92.4176547,21.5355606],[92.4177995,21.5360795],[92.4179551,21.536344],[92.4183681,21.5366883],[92.4189958,21.5371623],[92.4196556,21.5375565],[92.4202196,21.53813],[92.4202993,21.5381653],[92.4205944,21.5385495],[92.4207177,21.5389237],[92.4207392,21.5392081],[92.4209055,21.5397894],[92.4210021,21.5400689],[92.4210477,21.5403009],[92.4210638,21.540735],[92.4211362,21.5411741],[92.4212622,21.5416905],[92.4212971,21.5420373],[92.4213722,21.5426511],[92.4214259,21.5430028],[92.4214259,21.5434245],[92.4213481,21.543644],[92.4212435,21.5439633],[92.4211523,21.544133],[92.4210584,21.5442028],[92.420825,21.5442652],[92.4204549,21.5442877],[92.419551,21.5442502],[92.4178719,21.5440382],[92.4170646,21.5438586],[92.4168071,21.5437887],[92.41582,21.5437338],[92.4145218,21.5438885],[92.4138084,21.5439983],[92.4130091,21.5440432],[92.4122151,21.5439583],[92.4117216,21.5440781],[92.4114909,21.5442577],[92.4112764,21.5444773],[92.4111104,21.5446687],[92.4110635,21.5449017],[92.4111112,21.5450138],[92.4113676,21.5452956],[92.4117109,21.545555],[92.412124,21.5458544],[92.4124083,21.5461538],[92.4128213,21.5464382],[92.4132505,21.5467475],[92.4133953,21.5469671],[92.41339,21.5474161],[92.4133256,21.547945],[92.413229,21.5484988],[92.4131754,21.548878],[92.4133041,21.5492672],[92.4134543,21.5494568],[92.4136689,21.5495766],[92.4139103,21.5496115],[92.4141678,21.5495267],[92.414436,21.549387],[92.4147203,21.5491724],[92.4150583,21.5488281],[92.4152997,21.5485288],[92.4155196,21.5481895],[92.4156591,21.5479999],[92.4157718,21.5478103],[92.4158415,21.5476307],[92.4159381,21.5474012],[92.4160453,21.5473064],[92.4163618,21.5471866],[92.4167481,21.547002],[92.4170485,21.5469271],[92.4174079,21.5468723],[92.41766,21.5469072],[92.418116,21.547007],[92.4184915,21.5472764],[92.4187651,21.5475758],[92.4190548,21.5481022],[92.4192023,21.5484539],[92.4192185,21.5491225],[92.4192881,21.5497737],[92.4193123,21.5504522],[92.4192587,21.5508514],[92.4191513,21.5511732],[92.4189904,21.55151],[92.4189636,21.5518941],[92.4187946,21.5527873],[92.4187892,21.5535157],[92.4186927,21.5538725],[92.4186256,21.5541119],[92.418462,21.5543539],[92.4180141,21.5546833],[92.4178264,21.5547855],[92.4174428,21.5549077],[92.4168715,21.5549377],[92.4166716,21.5549714],[92.4164544,21.5549826],[92.4161138,21.5549926],[92.41593,21.5549064],[92.4156698,21.5548241],[92.4154003,21.5547006],[92.4149698,21.5544998],[92.4148316,21.5544112],[92.4146707,21.5543339],[92.414554,21.554314],[92.4141758,21.5542516],[92.4138888,21.5542005],[92.4135589,21.5543065],[92.41339,21.5543988],[92.4132854,21.5545884],[92.4132263,21.5548353],[92.4132746,21.5551497],[92.4134114,21.5553792],[92.4135348,21.5555737],[92.4137118,21.5559529],[92.4138218,21.5562772],[92.4138888,21.5565841],[92.413913,21.5567986],[92.4138915,21.5572177],[92.413862,21.5573848],[92.4137896,21.5576093],[92.4136314,21.5577316],[92.4133444,21.5577914],[92.4131298,21.5577665],[92.4126658,21.5575969],[92.41236,21.5574472],[92.4119282,21.5571977],[92.4117055,21.5570181],[92.4114775,21.5568535],[92.4113032,21.5567163],[92.4111208,21.5566714],[92.4107641,21.5566539],[92.4103108,21.556614],[92.4099245,21.5566315],[92.4094391,21.5567986],[92.409233,21.5569133],[92.4090448,21.5570181],[92.4086934,21.5571878],[92.4081892,21.5575894],[92.4078539,21.5579561],[92.4076259,21.5583652],[92.4074596,21.5588142],[92.4073684,21.5592059],[92.4073818,21.55958],[92.4073764,21.5601039],[92.4074086,21.5606926],[92.4074891,21.5612414],[92.4076393,21.5617604],[92.4077251,21.5621994],[92.4076339,21.5624788],[92.4075052,21.5627881],[92.4073469,21.5629477],[92.4071082,21.5630425],[92.4067515,21.5630999],[92.4065235,21.56308],[92.4062258,21.563035],[92.4055284,21.5630001],[92.4051663,21.5629627],[92.4047693,21.5629153],[92.4045521,21.5629078],[92.4042195,21.5628904],[92.4037823,21.5629727],[92.4032351,21.5631772],[92.4028274,21.5633768],[92.402476,21.5635389],[92.4018779,21.5639181],[92.4012181,21.5643746],[92.400561,21.564841],[92.4003947,21.565088],[92.4002015,21.5653699],[92.3998421,21.5658313],[92.3994452,21.5662205],[92.3991179,21.5665672],[92.3989731,21.5668141],[92.3989624,21.5671035],[92.3990884,21.5673654],[92.3994827,21.5676872],[92.3999038,21.5679167],[92.4002927,21.5680738],[92.40062,21.5681387],[92.4009016,21.5682434],[92.4011618,21.5684131],[92.4013334,21.5685103],[92.4014809,21.5687523],[92.4016499,21.5690816],[92.4016821,21.5695281],[92.4015721,21.5698623],[92.4013468,21.5702514],[92.4009955,21.570885],[92.4008131,21.5711469],[92.400561,21.5714562],[92.4003678,21.5718628],[92.4002337,21.5720798],[92.4001613,21.5723567],[92.4000942,21.5727907],[92.3999414,21.5732696],[92.3998099,21.5737335],[92.3997161,21.5741675],[92.3996356,21.574634],[92.3995498,21.5749208],[92.3994156,21.5755743],[92.3991742,21.5758088],[92.3988846,21.5760632],[92.3985091,21.5762328],[92.3980263,21.5764273],[92.3974791,21.5763425],[92.3970607,21.5762029],[92.3968354,21.5760831],[92.3961326,21.5757838],[92.3951563,21.5750904],[92.3946306,21.5750455],[92.3942819,21.5751403],[92.3940673,21.5753448],[92.3940244,21.5756092],[92.3939386,21.5759684],[92.3939278,21.5763775],[92.3939976,21.5768164],[92.3939976,21.5773752],[92.3938206,21.5777493],[92.3935255,21.5781384],[92.3931983,21.5783928],[92.3928389,21.578722],[92.3925814,21.5789665],[92.3921308,21.5794503],[92.3916962,21.5796549],[92.3913154,21.5797297],[92.3910632,21.5796948],[92.390736,21.5793655],[92.390441,21.5790164],[92.3901298,21.578727],[92.3901129,21.5787215],[92.3899568,21.5786709],[92.3896363,21.5784477],[92.3891803,21.5784427],[92.3886707,21.5785474],[92.3881826,21.5786821],[92.3877588,21.5788019],[92.3871472,21.5790114],[92.3866591,21.5791411],[92.3854682,21.5795302],[92.3853609,21.579605],[92.3842504,21.5797846],[92.3836818,21.5798345],[92.3829898,21.5798544],[92.3823568,21.5798345],[92.3817613,21.5798345],[92.3813751,21.5798793],[92.3811015,21.5802235],[92.3810425,21.5805777],[92.3811176,21.5811863],[92.3812678,21.5815804],[92.3813322,21.5819495],[92.3813054,21.582583],[92.3812839,21.5828823],[92.3811015,21.5835707],[92.3808601,21.5846831],[92.3805275,21.586419],[92.3803022,21.5873767],[92.3801413,21.5881748],[92.3800823,21.5890627],[92.3800662,21.5896762],[92.3800125,21.590195],[92.3798623,21.5906339],[92.3796263,21.591013],[92.379106,21.5915467],[92.378709,21.5918809],[92.378312,21.5920106],[92.3769602,21.5936666],[92.3767885,21.5956817],[92.3767671,21.597617],[92.3756942,21.5995323],[92.3726901,21.6025449],[92.3711254,21.6041655],[92.3708072,21.604495],[92.3704853,21.6046596],[92.3701474,21.6047543],[92.3696646,21.6048192],[92.3692301,21.6048192],[92.368758,21.6047494],[92.3684737,21.604475],[92.3682001,21.6039464],[92.3680821,21.6036272],[92.3680231,21.6032581],[92.3679962,21.6029838],[92.3680767,21.6026246],[92.3682055,21.6022955],[92.3685005,21.6018067],[92.369053,21.6014426],[92.3698309,21.6010186],[92.3704156,21.6006695],[92.3707106,21.6005298],[92.3714778,21.5998266],[92.3718425,21.5993378],[92.3719391,21.5989288],[92.3720142,21.5983801],[92.3720035,21.5978016],[92.3720356,21.5973227],[92.3718211,21.5966943],[92.3711773,21.5957965],[92.3707267,21.5955471],[92.3700186,21.595557],[92.3693642,21.5957017],[92.3689028,21.5958862],[92.3678621,21.5964149],[92.3666498,21.5970733],[92.365255,21.5976918],[92.3638674,21.5983557],[92.3603412,21.6003353],[92.3583671,21.6014925],[92.3570153,21.6023902],[92.3559531,21.6029588],[92.3552665,21.6033878],[92.3546657,21.6036072],[92.3542953,21.603662],[92.3538825,21.6035474],[92.3533246,21.6032182],[92.3529276,21.6028491],[92.3527291,21.6026496],[92.3524877,21.60248],[92.3521766,21.6023354],[92.3515436,21.6021109],[92.3513183,21.6021658],[92.3509052,21.6022007],[92.3503205,21.6022705],[92.3499343,21.6023703],[92.3495051,21.6025947],[92.3490545,21.6035623],[92.3490062,21.6038516],[92.3490169,21.6042606],[92.3490867,21.6046396],[92.3492101,21.6048192],[92.3492637,21.6050636],[92.3492315,21.6054476],[92.349194,21.6057868],[92.349092,21.6061259],[92.3490491,21.606894],[92.348974,21.6075723],[92.3490438,21.6084002],[92.349194,21.6093677],[92.3492583,21.6100859],[92.3493334,21.6104301],[92.3494783,21.6107592],[92.3496821,21.6112829],[92.3498377,21.6116968],[92.3498484,21.6122005],[92.3498752,21.6126644],[92.3498001,21.6130983],[92.3497143,21.6133277],[92.3495856,21.613592],[92.349371,21.6137466],[92.348797,21.6139311],[92.3482713,21.6139162],[92.3480031,21.6139062],[92.3475149,21.6137915],[92.3469624,21.6136369],[92.3464527,21.6134873],[92.3456642,21.6129985],[92.3452028,21.6126644],[92.3445752,21.6122105],[92.3439529,21.6117667],[92.3435023,21.6116669],[92.3429927,21.6117916],[92.3423865,21.6117243],[92.3418608,21.6115472],[92.3415604,21.6113751],[92.341378,21.6111981],[92.3412734,21.6109437],[92.3412063,21.6107418],[92.3410642,21.6104276],[92.3408389,21.610061],[92.3406136,21.6098839],[92.3402729,21.6097717],[92.3400771,21.6097518],[92.3398652,21.6097867],[92.3396694,21.609869],[92.3394817,21.6099937],[92.3390954,21.6102256],[92.3387307,21.6104849],[92.3383605,21.6107817],[92.3382586,21.6109238],[92.3381996,21.6110535],[92.3381379,21.6112056],[92.3380226,21.6113577],[92.3379126,21.6114549],[92.3376712,21.6116295],[92.3374781,21.6117916],[92.3372233,21.6119587],[92.3368263,21.6121856],[92.3364052,21.6125995],[92.3359465,21.6131032],[92.3356274,21.6136169],[92.3353699,21.6140708],[92.3350748,21.6145695],[92.3347154,21.6151679],[92.3342111,21.6156766],[92.333664,21.6161454],[92.3330685,21.6165743],[92.3326716,21.6169533],[92.3324087,21.6171927],[92.3322049,21.6173423],[92.3322049,21.6176665],[92.3322049,21.6179558],[92.3322317,21.6181652],[92.3322531,21.618649],[92.3323551,21.6192025],[92.332575,21.6199705],[92.3329934,21.6211973],[92.3332241,21.6217309],[92.3335084,21.6222945],[92.333782,21.6227233],[92.3340234,21.6229677],[92.3342541,21.6230026],[92.3346778,21.6229826],[92.3351606,21.6229278],[92.3356488,21.6227931],[92.335976,21.6226934],[92.3364535,21.6225338],[92.337065,21.6222795],[92.3377248,21.6219404],[92.3383149,21.6218357],[92.3387924,21.6218406],[92.3391518,21.6218805],[92.3394039,21.6219553],[92.3394629,21.6221448],[92.339538,21.622479],[92.3395756,21.6227732],[92.3393985,21.6230924],[92.339243,21.6233517],[92.3390284,21.6235661],[92.3388621,21.6237157],[92.3384276,21.6239202],[92.3378536,21.6241845],[92.3372849,21.6245685],[92.3357507,21.6254162],[92.334415,21.6261742],[92.333664,21.626633],[92.3329612,21.6269472],[92.3324302,21.6270768],[92.3319098,21.6270768],[92.3307243,21.6267776],[92.329925,21.6265333],[92.3289111,21.6260047],[92.3277685,21.6254761],[92.3270711,21.625127],[92.3263737,21.6246483],[92.325848,21.6242294],[92.3249414,21.623611],[92.3241368,21.6229727],[92.323375,21.622459],[92.3226616,21.6221498],[92.3219105,21.6217708],[92.3213955,21.6216063],[92.320843,21.6215115],[92.3202851,21.621307],[92.3198989,21.6210427],[92.3194214,21.6208582],[92.3193843,21.62086],[92.3192176,21.6208682],[92.3190084,21.620933],[92.3188635,21.6211824],[92.3187509,21.6215414],[92.3186812,21.6217609],[92.3186543,21.6221498],[92.3186758,21.6225239],[92.3187241,21.6228729],[92.3188582,21.6233966],[92.3190406,21.6237806],[92.3193195,21.6242842],[92.3194271,21.6243975],[92.3194805,21.6244538],[92.3197594,21.6246183],[92.3200115,21.6248378],[92.3203066,21.6252666],[92.3203661,21.625399],[92.3204568,21.6256008],[92.3206553,21.6261593],[92.3208645,21.6266929],[92.3211005,21.627386],[92.3211327,21.6276902],[92.3212561,21.6280592],[92.3214707,21.6285629],[92.3217496,21.6289818],[92.3220125,21.6294655],[92.3221895,21.6299243],[92.3222753,21.6302284],[92.3221251,21.6309565],[92.32205,21.6311111],[92.3218515,21.6312856],[92.3215189,21.6314203],[92.3208374,21.6314262],[92.3201789,21.6313989],[92.3191488,21.631263],[92.3182269,21.6311836],[92.3178184,21.6311652],[92.3174505,21.6312588],[92.3171428,21.6314706],[92.3169557,21.6316996],[92.3166695,21.6322106],[92.3166459,21.6325858],[92.3171578,21.6345957],[92.3183561,21.6365428],[92.3185713,21.6371247],[92.3189601,21.6376685],[92.3193785,21.6384563],[92.3197969,21.6390048],[92.3201188,21.6397029],[92.3203548,21.6405705],[92.3203387,21.6409345],[92.3202207,21.6412511],[92.3185816,21.6419899],[92.3181678,21.6420609],[92.3176314,21.6421167],[92.3167784,21.6423544],[92.3148992,21.6426348],[92.3141589,21.6430138],[92.313762,21.6431484],[92.3131612,21.6433578]]}},{"type":"Feature","properties":{"osm_id":1223242401,"group":"naf","version":4,"timestamp":"2024-05-23T15:22:02Z","tags":{"name":"နတ်မြစ်","name:en":"Naf River","wikidata":"Q496952","waterway":"river","intermittent":"no"},"nodes":[5125876335,11928621680,11928621679,11928621678,11928621677,11928621676,11928621675,11928621674,11928621673,11928621672,11928621671,11928621670,11928621669,11928579468,11928579467,11928579466,11928553860,11928579465,11928553859,11928579464,11928579463,11928579462,11928579461,11928579460,11928579459,11928579458,11928579457,11928579456,11346648909,11928612860,11346648910,11346648911,11346648912,11346648913,11346648914,11346648915,11346648916,11928640172,11346648917,11346648918,11346648919,11928640174,11346648920,11346648921,11346648922,11346648923,11346648924,11346648925,11346648926,11346648927,11346648928,11346648929,11346648930,11346648931,11346648932,11346648933,11346648934,11346648935,11346648936,11346648937,11346648938,11346648939,11346648940,11928579454,11928579455]},"geometry":{"type":"LineString","coordinates":[[92.1804737,21.1591901],[92.184725,21.1601658],[92.1894243,21.1628672],[92.1942737,21.1627671],[92.1985438,21.1619267],[92.1997669,21.1610863],[92.2014406,21.1579245],[92.2040584,21.1493995],[92.2046163,21.1478386],[92.2078564,21.1452969],[92.2130277,21.1428953],[92.2169759,21.1415745],[92.2237136,21.137952],[92.2246578,21.136511],[92.2238424,21.1330885],[92.223027,21.1222603],[92.2255631,21.1179679],[92.2271898,21.1152145],[92.2281062,21.1100222],[92.2292282,21.1036642],[92.2339275,21.0964774],[92.2374894,21.0923734],[92.2466948,21.0876085],[92.2532179,21.0837044],[92.2586038,21.0787191],[92.263067,21.0686878],[92.2654273,21.06212],[92.2645261,21.0584355],[92.2596447,21.0533419],[92.2591828,21.0529085],[92.2563317,21.0502339],[92.2549069,21.0472701],[92.2543061,21.0442902],[92.2535679,21.0394648],[92.2533963,21.0314827],[92.2544262,21.0234147],[92.2585032,21.0157593],[92.2614464,21.0113622],[92.260915,21.0085839],[92.2623913,21.0031775],[92.2645028,20.9987223],[92.2686397,20.993215],[92.2699863,20.99053],[92.2737457,20.9792732],[92.2732994,20.9712972],[92.2709991,20.9644687],[92.26954,20.9568873],[92.2706901,20.9431896],[92.2750591,20.931055],[92.2804149,20.9259082],[92.2858293,20.9143229],[92.2937772,20.9083096],[92.3080396,20.8939091],[92.3148225,20.8770593],[92.3250701,20.8617362],[92.3321545,20.8465286],[92.3344518,20.8325415],[92.3378414,20.819824],[92.3437255,20.8032533],[92.3486224,20.7890682],[92.3492575,20.7761696],[92.3509398,20.768179],[92.3579832,20.7593486],[92.3610856,20.7472501],[92.3576739,20.7352701]]}}]}