{"type":"FeatureCollection","properties":{"source":"OpenStreetMap waterway=river ways, one selector per river (tools/extract-bangladesh.mjs)","osmSnapshot":"2026-07-15T15:22:01Z","fetched":"2026-09-26","licence":"ODbL 1.0 — © OpenStreetMap contributors (https://www.openstreetmap.org/copyright)"},"features":[{"type":"Feature","properties":{"river":"padma","osm_id":82854638},"geometry":{"type":"LineString","coordinates":[[88.03499,24.64678],[88.0366,24.64729],[88.03888,24.64828],[88.04117,24.64883],[88.04306,24.64903],[88.04551,24.64905],[88.04804,24.64885],[88.05081,24.64821],[88.05383,24.64713],[88.05634,24.64594],[88.05774,24.64438],[88.05909,24.64236],[88.06001,24.64068],[88.06139,24.63851],[88.06263,24.63686],[88.06503,24.63399],[88.06795,24.63149],[88.07108,24.62884],[88.07417,24.62603],[88.07722,24.62287],[88.08108,24.6187],[88.08409,24.61542],[88.08885,24.6107],[88.09327,24.60644],[88.09546,24.6034],[88.09585,24.6011],[88.09589,24.5986],[88.09658,24.5961],[88.09778,24.59419],[88.10125,24.59154],[88.10567,24.58846],[88.10954,24.58572],[88.11374,24.58346],[88.11812,24.58096],[88.12147,24.57956],[88.12511,24.5787],[88.12898,24.5785],[88.13331,24.5789],[88.1379,24.57968],[88.14108,24.58042],[88.14416,24.58128],[88.14575,24.58159],[88.1468,24.58162],[88.14769,24.58141],[88.14936,24.5805],[88.15189,24.57866],[88.15357,24.5771],[88.1549,24.57456],[88.15567,24.57183],[88.15636,24.56844],[88.1567,24.56504],[88.15709,24.55985],[88.1576,24.55489],[88.1579,24.54736],[88.15825,24.54041],[88.15859,24.53401],[88.15885,24.52682],[88.15962,24.52077],[88.15996,24.51672],[88.16078,24.51363],[88.16301,24.50984],[88.16584,24.50601],[88.16893,24.50257],[88.17266,24.49945],[88.17494,24.49629],[88.17713,24.49172],[88.17786,24.48715],[88.17846,24.48336],[88.17876,24.47949],[88.17884,24.47543],[88.17889,24.47156],[88.17872,24.4675],[88.1785,24.46324],[88.17837,24.45906],[88.17906,24.45446],[88.18022,24.45145],[88.18159,24.44969],[88.18354,24.44813],[88.18678,24.44647],[88.19208,24.44576],[88.19713,24.44613],[88.20262,24.44793],[88.20687,24.45028],[88.21043,24.45176],[88.21429,24.4534],[88.21942,24.45483],[88.22255,24.45668],[88.22605,24.4586],[88.23073,24.46227],[88.23446,24.46512],[88.23751,24.46844],[88.24051,24.47129],[88.24326,24.47379],[88.24562,24.47559],[88.24841,24.4786],[88.2524,24.48234],[88.25682,24.4857],[88.26356,24.48879],[88.26982,24.49246],[88.27485,24.49558],[88.27862,24.49777],[88.283,24.49906],[88.28789,24.49996],[88.29334,24.50027],[88.29768,24.49922],[88.30124,24.49574],[88.30343,24.49062],[88.30523,24.48563],[88.30738,24.48024],[88.30849,24.4766],[88.31059,24.4709],[88.3133,24.46578],[88.31604,24.46117],[88.31871,24.45664],[88.32278,24.44934],[88.32931,24.43902],[88.33364,24.43463],[88.33748,24.43144],[88.34057,24.42875],[88.34392,24.42631],[88.34688,24.42347],[88.35057,24.41816],[88.35212,24.41575],[88.35463,24.41253],[88.35746,24.41011],[88.36132,24.40683],[88.36475,24.40425],[88.37059,24.40046],[88.37578,24.39651],[88.38175,24.39311],[88.38613,24.38998],[88.38836,24.38627],[88.39243,24.38056],[88.39522,24.37728],[88.39831,24.37524],[88.40295,24.37173],[88.40557,24.36922],[88.40874,24.36575],[88.41235,24.36051],[88.41527,24.35675],[88.41835,24.35351],[88.42295,24.35108],[88.4323,24.34874],[88.44089,24.34792],[88.44917,24.34909],[88.45355,24.35034],[88.45642,24.35128],[88.45934,24.35249],[88.46415,24.35331],[88.46797,24.35445],[88.47311,24.35613],[88.47938,24.358],[88.48766,24.36133],[88.49629,24.36301],[88.49981,24.36321],[88.5047,24.36283],[88.51075,24.36231],[88.51586,24.3615],[88.51936,24.36082],[88.52354,24.35988],[88.52682,24.35898],[88.53081,24.35802],[88.53663,24.35687],[88.54689,24.35574],[88.55152,24.35574],[88.55483,24.35609],[88.55663,24.35648],[88.56242,24.3584],[88.56663,24.35926],[88.56847,24.35957],[88.57025,24.35951],[88.57216,24.35922],[88.57553,24.3583],[88.58167,24.35609],[88.58603,24.35472],[88.59435,24.35306],[88.60027,24.35198],[88.60551,24.35105],[88.61553,24.34913],[88.62132,24.34792],[88.62675,24.34659],[88.63748,24.3436],[88.63956,24.34309],[88.64111,24.34297],[88.64381,24.34303],[88.64776,24.34338],[88.65269,24.34399],[88.65681,24.34456],[88.65988,24.34471],[88.66287,24.34467],[88.66508,24.34444],[88.66746,24.34387],[88.67321,24.34199],[88.67606,24.341],[88.68016,24.33914],[88.68404,24.33717],[88.68846,24.33458],[88.6937,24.33091],[88.69675,24.32843],[88.69956,24.32586],[88.70477,24.32023],[88.70846,24.3156],[88.71149,24.31128],[88.72241,24.29352],[88.73301,24.27791],[88.73441,24.27564],[88.7358,24.27306],[88.73719,24.2694],[88.7382,24.26532],[88.7388,24.2607],[88.73949,24.25456],[88.74011,24.24691],[88.73908,24.22018],[88.73934,24.2173],[88.73988,24.21491],[88.7408,24.21274],[88.74544,24.20678]]}},{"type":"Feature","properties":{"river":"padma","osm_id":82854640},"geometry":{"type":"LineString","coordinates":[[89.77429,23.7918],[89.77518,23.79149],[89.776,23.79112],[89.77679,23.79063],[89.77844,23.78925],[89.78072,23.78739],[89.78291,23.78556],[89.78512,23.78423],[89.78798,23.78297],[89.79141,23.78165],[89.7957,23.78008],[89.80044,23.77841],[89.80512,23.77671],[89.80941,23.77494],[89.81435,23.77262],[89.82036,23.76885],[89.82413,23.76555],[89.82933,23.76072],[89.83349,23.75605],[89.83722,23.75106],[89.84113,23.74564],[89.84447,23.74116],[89.84864,23.73527],[89.85181,23.73087],[89.85529,23.7258],[89.85791,23.72144],[89.86012,23.71826],[89.8613,23.71656],[89.86331,23.7134],[89.86475,23.71051],[89.86477,23.70932],[89.86295,23.70393],[89.8625,23.70112],[89.86291,23.69503],[89.86329,23.69065],[89.86359,23.68796],[89.86424,23.68619],[89.86424,23.68442],[89.86381,23.68094],[89.86327,23.67906],[89.86055,23.67583],[89.85919,23.67393],[89.85898,23.67251],[89.85915,23.67137],[89.85971,23.66984],[89.86046,23.66787],[89.86325,23.66249],[89.86507,23.6571],[89.86718,23.65364],[89.87087,23.64995],[89.87258,23.64781],[89.87351,23.6457],[89.87402,23.64439],[89.87452,23.64299],[89.87501,23.64181],[89.87567,23.64053],[89.87688,23.63943],[89.87945,23.63646],[89.88091,23.63554],[89.88512,23.63434],[89.89162,23.6331],[89.89669,23.63284],[89.90072,23.63244],[89.90503,23.63206],[89.90775,23.63171],[89.90908,23.63118],[89.9102,23.63029],[89.91149,23.62943],[89.91353,23.62679],[89.91638,23.62392],[89.91973,23.61909],[89.92265,23.61468],[89.92528,23.61146],[89.92837,23.60733],[89.93249,23.6034],[89.9388,23.59876],[89.94245,23.59545],[89.94644,23.59266],[89.95135,23.58913],[89.95412,23.58746],[89.95854,23.58569],[89.96193,23.58431],[89.96584,23.58281],[89.9694,23.58134],[89.972,23.58053],[89.97337,23.58019],[89.97494,23.57994],[89.98051,23.57951],[89.98607,23.57926],[89.99791,23.57838],[90.00061,23.57824],[90.00782,23.57829],[90.00921,23.57816],[90.0108,23.57783],[90.01627,23.57585],[90.01868,23.57505],[90.02557,23.57289],[90.02793,23.57209],[90.03415,23.56954],[90.04391,23.56624],[90.04732,23.56513],[90.04832,23.56472],[90.04964,23.56397],[90.05201,23.5621],[90.07038,23.54282],[90.08042,23.52889],[90.08892,23.51843],[90.09519,23.50993],[90.10128,23.5045],[90.10626,23.50032],[90.11218,23.49592],[90.1163,23.49096],[90.12351,23.48285],[90.13244,23.47372],[90.13982,23.46655],[90.1484,23.46317],[90.16385,23.46049],[90.17921,23.4597],[90.19003,23.45868],[90.21235,23.45978],[90.22146,23.46039],[90.22595,23.46069],[90.23294,23.46041],[90.24067,23.45951],[90.24749,23.45836],[90.26354,23.45405],[90.27869,23.44821],[90.28491,23.44947],[90.28964,23.44964],[90.29655,23.45006],[90.30142,23.45065],[90.30549,23.45146],[90.31635,23.45209],[90.33199,23.44801],[90.34283,23.44525],[90.34742,23.43817],[90.34749,23.43735],[90.34801,23.43071],[90.3495,23.42824],[90.35218,23.42228],[90.3545,23.41875],[90.35706,23.41468],[90.36045,23.41082],[90.36461,23.4084],[90.36858,23.40062],[90.36349,23.39315],[90.37096,23.38677],[90.37474,23.38315],[90.37851,23.37795],[90.38358,23.37117],[90.38864,23.36337],[90.39353,23.3562],[90.39963,23.34785],[90.40701,23.34021],[90.41559,23.33359],[90.4164,23.3331],[90.42546,23.3276],[90.43362,23.32413],[90.4434,23.3224],[90.45473,23.32106],[90.47035,23.32058],[90.47078,23.32058],[90.48297,23.32058],[90.49473,23.32011],[90.50227,23.31927],[90.50615,23.31869],[90.51044,23.31723],[90.5167,23.31432],[90.52915,23.31018],[90.54091,23.30655],[90.55129,23.30289],[90.55919,23.29993],[90.56807,23.29713],[90.57549,23.29319],[90.61526,23.26492],[90.62159,23.25917],[90.62716,23.24947],[90.62914,23.23945],[90.62798,23.2318]]}},{"type":"Feature","properties":{"river":"padma","osm_id":206506485},"geometry":{"type":"LineString","coordinates":[[89.17646,23.93492],[89.2047,23.93023],[89.23238,23.92649],[89.24066,23.92563],[89.25416,23.92495],[89.27447,23.92293],[89.29593,23.91597],[89.30888,23.91309],[89.3253,23.91006],[89.33683,23.90684],[89.34903,23.90336],[89.35789,23.89997],[89.36023,23.89853]]}},{"type":"Feature","properties":{"river":"padma","osm_id":288288167},"geometry":{"type":"LineString","coordinates":[[88.91793,24.10993],[88.92454,24.11887],[88.93098,24.12815],[88.93536,24.13148],[88.94029,24.13528],[88.94377,24.13786],[88.94688,24.14002],[88.95046,24.14229],[88.95287,24.14389],[88.95581,24.14568],[88.95804,24.14709],[88.96029,24.14891],[88.96246,24.15089],[88.9646,24.15253],[88.96711,24.15431],[88.96917,24.15588],[88.97136,24.15807],[88.97256,24.15911],[88.97357,24.15954],[88.97503,24.15977],[88.97683,24.15972],[88.97915,24.1594],[88.98177,24.15913],[88.98351,24.15911],[88.98488,24.15925],[88.98617,24.15972],[88.98731,24.16042],[88.98917,24.16216],[88.99108,24.16396],[88.99241,24.1651],[88.99357,24.16557],[88.99539,24.16567],[88.99803,24.16557],[89.0002,24.16533],[89.00192,24.16463],[89.00366,24.16371],[89.00554,24.16275],[89.00724,24.16175],[89.00958,24.16028],[89.01205,24.15885],[89.01445,24.15721],[89.01722,24.15553],[89.01994,24.15353],[89.02166,24.15175],[89.02305,24.14971],[89.02451,24.14734],[89.02561,24.14466],[89.02617,24.14205],[89.0267,24.13955],[89.02732,24.13681],[89.02754,24.1345],[89.02735,24.13267],[89.02657,24.13123],[89.02567,24.13015],[89.02501,24.12931],[89.02462,24.12827],[89.02438,24.12641],[89.02436,24.12476],[89.02428,24.12218],[89.0243,24.11981],[89.02423,24.11677],[89.02411,24.11368],[89.02385,24.11109],[89.02359,24.10851],[89.0234,24.10665],[89.0234,24.10385],[89.02333,24.10108],[89.02331,24.0985],[89.02318,24.09625],[89.02311,24.09378]]}},{"type":"Feature","properties":{"river":"padma","osm_id":383266789},"geometry":{"type":"LineString","coordinates":[[89.36023,23.89853],[89.36156,23.8982],[89.36329,23.89779],[89.36482,23.89738],[89.3669,23.89678],[89.36829,23.89646],[89.36901,23.89621],[89.36969,23.89596],[89.37008,23.89572],[89.3704,23.89541],[89.37068,23.89505],[89.37091,23.89479],[89.37109,23.89465],[89.37129,23.89457],[89.3715,23.89452],[89.37171,23.89449],[89.37191,23.8945],[89.37211,23.89457],[89.37233,23.89467],[89.37252,23.89474],[89.37269,23.89475],[89.37285,23.89473],[89.37295,23.89464],[89.37306,23.89448],[89.37325,23.89431],[89.3735,23.89419],[89.37379,23.89407],[89.37422,23.89392],[89.37498,23.89369],[89.37646,23.89319],[89.37821,23.89271],[89.37992,23.89242],[89.38169,23.89229],[89.3835,23.89214],[89.38478,23.89194],[89.38596,23.89165],[89.38706,23.89123],[89.38832,23.89064],[89.38992,23.88962],[89.39185,23.88815],[89.39373,23.88656],[89.39629,23.88425],[89.39878,23.88193],[89.40082,23.87997],[89.40294,23.87819],[89.40528,23.87658],[89.4077,23.87512],[89.4106,23.87379],[89.41408,23.8724],[89.41897,23.8703],[89.42313,23.86904],[89.42657,23.86853],[89.43369,23.86834],[89.4391,23.86896],[89.44369,23.86908],[89.44849,23.86869],[89.453,23.86763],[89.45789,23.86622],[89.46249,23.86418],[89.46661,23.86147],[89.47081,23.85864],[89.47459,23.85562],[89.47862,23.85236],[89.48227,23.84997],[89.48557,23.84749],[89.48862,23.84502],[89.49205,23.84141],[89.49433,23.83902],[89.49716,23.83701],[89.49961,23.83603],[89.50265,23.83552],[89.50579,23.8354],[89.50978,23.83595],[89.5127,23.83607],[89.51531,23.83552],[89.51776,23.83446],[89.51995,23.8327],[89.52201,23.83077],[89.52441,23.82826],[89.52733,23.82543],[89.52969,23.8241],[89.53274,23.82265],[89.53737,23.82068],[89.54106,23.81943],[89.54518,23.81794],[89.54999,23.81625],[89.55493,23.81472],[89.55698,23.81409],[89.56625,23.81126],[89.57394,23.80894],[89.5823,23.80655],[89.59218,23.80408],[89.59908,23.80227],[89.60617,23.8005],[89.61342,23.79921],[89.62295,23.79791],[89.63179,23.79697],[89.63865,23.79555],[89.64431,23.79446],[89.65203,23.7935],[89.65861,23.79288],[89.66194,23.79143],[89.66597,23.78944],[89.67299,23.78527],[89.67856,23.78542],[89.68599,23.78593],[89.69135,23.78692],[89.69685,23.78786],[89.7023,23.7888],[89.70766,23.78947],[89.71154,23.79045],[89.71345,23.79118],[89.71519,23.79214],[89.71706,23.79316],[89.71889,23.79375],[89.72001,23.79405],[89.72117,23.79415],[89.72246,23.79406],[89.72368,23.79374],[89.72492,23.79328],[89.7261,23.79298],[89.72697,23.79296],[89.72778,23.79313],[89.72891,23.79347],[89.73004,23.79403],[89.73167,23.79497],[89.73412,23.79638],[89.73633,23.79758],[89.73802,23.79826],[89.74004,23.79891],[89.74251,23.79929],[89.74546,23.79984],[89.74731,23.80025],[89.74864,23.80049],[89.74943,23.8005],[89.75029,23.80029],[89.75257,23.79925],[89.755,23.79817],[89.75742,23.79718],[89.76045,23.79595],[89.76336,23.79497],[89.76573,23.79424],[89.76858,23.79338],[89.77165,23.79253],[89.77429,23.7918]]}},{"type":"Feature","properties":{"river":"padma","osm_id":684940531},"geometry":{"type":"LineString","coordinates":[[88.74544,24.20678],[88.74904,24.2004],[88.77523,24.17906],[88.79113,24.16285],[88.80001,24.14638]]}},{"type":"Feature","properties":{"river":"padma","osm_id":685058530},"geometry":{"type":"LineString","coordinates":[[88.80001,24.14638],[88.80601,24.13806],[88.81056,24.13367],[88.81466,24.13025],[88.81492,24.13006],[88.82343,24.12404],[88.83165,24.11816],[88.8394,24.11315],[88.8545,24.10508],[88.86309,24.10242],[88.87424,24.10101],[88.88536,24.101],[88.90463,24.10316],[88.91055,24.10457],[88.91347,24.10588],[88.91607,24.1077],[88.91793,24.10993]]}},{"type":"Feature","properties":{"river":"padma","osm_id":685060015},"geometry":{"type":"LineString","coordinates":[[89.02311,24.09378],[89.02931,24.07081],[89.02981,24.06339],[89.03072,24.04996],[89.03165,24.03621],[89.04334,24.00845],[89.05259,23.99285]]}},{"type":"Feature","properties":{"river":"padma","osm_id":1077285677},"geometry":{"type":"LineString","coordinates":[[89.05259,23.99285],[89.0555,23.98836],[89.06358,23.98031],[89.10813,23.95976],[89.11062,23.9587]]}},{"type":"Feature","properties":{"river":"padma","osm_id":1077285678},"geometry":{"type":"LineString","coordinates":[[89.11062,23.9587],[89.153,23.94148],[89.17646,23.93492]]}},{"type":"Feature","properties":{"river":"meghna","osm_id":45425548},"geometry":{"type":"LineString","coordinates":[[91.11834,24.24121],[91.1161,24.24332],[91.11533,24.24578],[91.11535,24.24791],[91.11572,24.25067],[91.1153,24.25365],[91.11159,24.25792],[91.11063,24.25903],[91.11,24.26033],[91.10579,24.26333],[91.10221,24.26515],[91.09978,24.26759],[91.09517,24.27237],[91.0912,24.27794],[91.08687,24.28205],[91.08358,24.28457],[91.07964,24.28759],[91.07251,24.29132],[91.06944,24.29179],[91.06537,24.29194],[91.06307,24.29202],[91.05779,24.29097],[91.05326,24.28868],[91.04891,24.28616],[91.04657,24.28406],[91.04441,24.28173],[91.04333,24.28056],[91.04174,24.27528],[91.04254,24.27074],[91.04509,24.26709],[91.04788,24.26339],[91.05088,24.2602],[91.05294,24.25603],[91.05382,24.25034],[91.05309,24.24494],[91.05163,24.23929],[91.04756,24.23183],[91.04484,24.22674],[91.04022,24.21449],[91.03742,24.21061],[91.03669,24.20938]]}},{"type":"Feature","properties":{"river":"meghna","osm_id":288284422},"geometry":{"type":"LineString","coordinates":[[90.6792,23.67826],[90.67133,23.67211],[90.66278,23.66721],[90.66098,23.66681],[90.65787,23.66492],[90.6539,23.66288],[90.6535,23.6626],[90.65141,23.66116],[90.64189,23.65661],[90.63688,23.65212],[90.63632,23.65162],[90.63271,23.64553],[90.63308,23.63557],[90.6334,23.62955],[90.63374,23.62305],[90.63181,23.62071],[90.6305,23.61915]]}},{"type":"Feature","properties":{"river":"meghna","osm_id":288284424},"geometry":{"type":"LineString","coordinates":[[90.6305,23.61915],[90.62693,23.61204],[90.62198,23.60818],[90.60944,23.60414],[90.60306,23.60208],[90.5976,23.60032],[90.59593,23.59913],[90.59477,23.59823],[90.59332,23.59687],[90.59265,23.59633],[90.58793,23.5924],[90.58263,23.58781],[90.58119,23.58447],[90.58107,23.57846],[90.58106,23.57773],[90.58126,23.57457],[90.58143,23.5719],[90.5813,23.56901],[90.58121,23.5678],[90.58076,23.56282],[90.58063,23.56146],[90.58048,23.55713],[90.58048,23.54395],[90.58051,23.54367],[90.58209,23.52975],[90.58225,23.52588],[90.58256,23.51874],[90.58261,23.51763],[90.58261,23.51679],[90.58263,23.51164],[90.58264,23.50987],[90.58267,23.50321],[90.58269,23.49943],[90.58344,23.48872],[90.58344,23.47938],[90.58284,23.4665],[90.58301,23.4404],[90.58312,23.43429],[90.58329,23.42481],[90.58329,23.41089],[90.58329,23.40728],[90.5887,23.39594],[90.59121,23.38893],[90.5952,23.38121],[90.59872,23.36998],[90.6036,23.35781],[90.60665,23.33548],[90.60666,23.33545],[90.61781,23.31246],[90.63807,23.27762],[90.64322,23.26153],[90.6439,23.25381],[90.64274,23.24781],[90.6406,23.2434],[90.63764,23.23866],[90.63422,23.23514],[90.62798,23.2318]]}},{"type":"Feature","properties":{"river":"meghna","osm_id":288284425},"geometry":{"type":"LineString","coordinates":[[90.97268,23.97369],[90.96908,23.96193],[90.9502,23.95314],[90.94316,23.94734],[90.94264,23.94122],[90.94831,23.92365],[90.94659,23.91611],[90.93904,23.91047],[90.92204,23.90278],[90.91428,23.89075],[90.9135,23.88371],[90.91409,23.87844],[90.91373,23.8715],[90.91157,23.86542],[90.9035,23.86008],[90.89675,23.85892],[90.89022,23.85845],[90.88307,23.86007],[90.87795,23.86207],[90.87329,23.86495],[90.86657,23.87165],[90.85866,23.87809],[90.84911,23.87665],[90.84428,23.87463],[90.83909,23.87277],[90.8352,23.87138],[90.82915,23.86766]]}},{"type":"Feature","properties":{"river":"meghna","osm_id":630320743},"geometry":{"type":"LineString","coordinates":[[90.62798,23.2318],[90.62794,23.23001],[90.62781,23.22378],[90.63043,23.21279],[90.63231,23.20349],[90.6333,23.19891],[90.63326,23.1913],[90.63309,23.18183],[90.63262,23.17319],[90.63279,23.16565],[90.633,23.1608],[90.63171,23.14178],[90.63155,23.13926],[90.63111,23.13231],[90.62965,23.11629],[90.62682,23.093],[90.6251,23.08305],[90.62459,23.07555],[90.62416,23.0652],[90.62347,23.05699],[90.62227,23.04759],[90.62201,23.03756],[90.62433,23.02777],[90.62674,23.01679],[90.62716,23.01141],[90.62845,23.00272],[90.63034,22.98858],[90.6312,22.97791],[90.63274,22.95903],[90.63515,22.93278],[90.63652,22.91444],[90.63618,22.89484],[90.63824,22.8755],[90.64004,22.867],[90.6427,22.85949],[90.65137,22.84881],[90.66836,22.83861],[90.6918,22.82967],[90.70639,22.82468],[90.71626,22.81796],[90.72887,22.80657],[90.74432,22.79201],[90.74922,22.78754],[90.75239,22.78406],[90.76299,22.77932],[90.76807,22.77725],[90.77697,22.76269],[90.77951,22.72964],[90.7869,22.71555],[90.79393,22.7032],[90.80029,22.69148],[90.80732,22.67881],[90.81453,22.66392],[90.8226,22.65172],[90.83204,22.63857],[90.84217,22.62605],[90.85127,22.61385],[90.86397,22.60403],[90.87925,22.59499],[90.89659,22.58596],[90.91564,22.57883],[90.92817,22.57487],[90.94362,22.5709],[90.96079,22.56741],[90.97306,22.56432],[90.9777,22.56266],[90.98216,22.56012],[90.98525,22.5583],[90.98894,22.556],[90.99186,22.5537],[90.99804,22.5476],[91.00392,22.53924],[91.00812,22.53206],[91.01242,22.52524],[91.01667,22.51917]]}},{"type":"Feature","properties":{"river":"meghna","osm_id":657487109},"geometry":{"type":"LineString","coordinates":[[90.57975,23.59886],[90.58054,23.59861],[90.58236,23.5983],[90.58333,23.59874],[90.58434,23.5994],[90.58461,23.59952],[90.5882,23.60013],[90.59477,23.59823]]}},{"type":"Feature","properties":{"river":"meghna","osm_id":658170746},"geometry":{"type":"LineString","coordinates":[[90.60804,23.61994],[90.60753,23.61965],[90.60738,23.61954],[90.60727,23.61942],[90.60714,23.61918],[90.60709,23.61902],[90.60707,23.61881],[90.60699,23.61855],[90.60688,23.61838],[90.60652,23.61809],[90.60574,23.61763],[90.60546,23.61751],[90.60512,23.61742],[90.60459,23.61734],[90.6036,23.6172],[90.60307,23.61707],[90.60278,23.61693],[90.60246,23.61676],[90.60181,23.61655],[90.60095,23.6162],[90.59942,23.61586],[90.59904,23.61569],[90.59867,23.61554],[90.5984,23.61543],[90.59801,23.61527],[90.59757,23.6151],[90.5974,23.61504],[90.59691,23.61485],[90.59646,23.61465],[90.59558,23.61447],[90.5953,23.61443],[90.59429,23.61462],[90.59363,23.61483],[90.59299,23.61504],[90.59235,23.61512],[90.59211,23.61512],[90.5915,23.61511],[90.59111,23.61491],[90.59069,23.61456],[90.59032,23.614],[90.58852,23.61026],[90.58721,23.60731]]}},{"type":"Feature","properties":{"river":"meghna","osm_id":658360774},"geometry":{"type":"LineString","coordinates":[[90.60831,23.62008],[90.60856,23.62018],[90.60892,23.62028],[90.60939,23.62045],[90.61059,23.62083],[90.61159,23.62126],[90.61258,23.62178],[90.61375,23.62248],[90.61462,23.62301],[90.6153,23.62354],[90.61576,23.6239],[90.6162,23.62429],[90.61656,23.62459],[90.61692,23.62498],[90.61729,23.6256],[90.61748,23.62605],[90.61751,23.62628],[90.61746,23.62649],[90.61739,23.6266],[90.61728,23.62667],[90.61718,23.62681],[90.61713,23.62696],[90.61706,23.6271],[90.61702,23.62724],[90.61695,23.62763],[90.61692,23.62803],[90.61695,23.62828],[90.61712,23.62889],[90.61736,23.62946],[90.61795,23.63026],[90.61826,23.63057],[90.61896,23.63102],[90.62034,23.6321],[90.62088,23.63264],[90.6213,23.633],[90.62216,23.63367],[90.62279,23.6339],[90.62403,23.63422],[90.62472,23.6344],[90.62526,23.63466],[90.62594,23.63517],[90.63308,23.63557]]}},{"type":"Feature","properties":{"river":"meghna","osm_id":658360775},"geometry":{"type":"LineString","coordinates":[[90.60804,23.61994],[90.60831,23.62008]]}},{"type":"Feature","properties":{"river":"meghna","osm_id":661126722},"geometry":{"type":"LineString","coordinates":[[90.5705,23.60385],[90.57157,23.6031],[90.57297,23.60227],[90.57473,23.60157],[90.5774,23.6002],[90.57963,23.59891],[90.57968,23.59889]]}},{"type":"Feature","properties":{"river":"meghna","osm_id":661126723},"geometry":{"type":"LineString","coordinates":[[90.57968,23.59889],[90.57975,23.59886]]}},{"type":"Feature","properties":{"river":"meghna","osm_id":684819155},"geometry":{"type":"LineString","coordinates":[[90.72113,23.74116],[90.71552,23.73093],[90.71433,23.72877],[90.70327,23.71754],[90.69988,23.71354],[90.69499,23.70921],[90.6877,23.70216],[90.68225,23.69375],[90.68075,23.69088],[90.67795,23.68554]]}},{"type":"Feature","properties":{"river":"meghna","osm_id":684920517},"geometry":{"type":"LineString","coordinates":[[90.74027,23.79388],[90.74017,23.79233],[90.73627,23.78128],[90.73414,23.77466],[90.73133,23.76729],[90.72754,23.75758],[90.72113,23.74116]]}},{"type":"Feature","properties":{"river":"meghna","osm_id":684921446},"geometry":{"type":"LineString","coordinates":[[90.67795,23.68554],[90.6792,23.67826]]}},{"type":"Feature","properties":{"river":"meghna","osm_id":685430035},"geometry":{"type":"LineString","coordinates":[[90.98616,24.15698],[90.98607,24.15485],[90.98783,24.15113],[90.99133,24.14562],[90.99613,24.13995],[90.99684,24.14069],[91.00478,24.13405],[91.03637,24.12074],[91.04904,24.10971],[91.05096,24.10804],[91.05542,24.09676],[91.05302,24.08266]]}},{"type":"Feature","properties":{"river":"meghna","osm_id":908091551},"geometry":{"type":"LineString","coordinates":[[91.01667,22.51917],[91.01907,22.51593],[91.02698,22.50517],[91.03284,22.49721],[91.0365,22.49223],[91.0379,22.49033],[91.04386,22.48223],[91.04468,22.48111],[91.04631,22.4789],[91.048,22.47661],[91.05011,22.47374],[91.05188,22.47133],[91.05495,22.46845],[91.05932,22.46434],[91.06748,22.45815],[91.0764,22.45094],[91.09056,22.4411],[91.10859,22.43078],[91.12281,22.4234],[91.13013,22.4196],[91.14301,22.41269],[91.16567,22.40055],[91.1839,22.39197],[91.18919,22.38944],[91.20155,22.38351]]}},{"type":"Feature","properties":{"river":"meghna","osm_id":1076997905},"geometry":{"type":"LineString","coordinates":[[90.98969,24.03934],[90.98619,24.036],[90.98375,24.03373],[90.97467,24.01978],[90.97265,24.01344],[90.97022,24.00587],[90.97131,23.98938],[90.97268,23.97369]]}},{"type":"Feature","properties":{"river":"meghna","osm_id":1076997922},"geometry":{"type":"LineString","coordinates":[[91.05302,24.08266],[91.03826,24.06871],[90.99988,24.04869],[90.98969,24.03934]]}},{"type":"Feature","properties":{"river":"meghna","osm_id":1076997923},"geometry":{"type":"LineString","coordinates":[[90.82915,23.86766],[90.82572,23.86555],[90.81585,23.86084],[90.80422,23.8585],[90.7887,23.85805],[90.78053,23.85966],[90.76768,23.86319],[90.75907,23.86516],[90.75238,23.86484],[90.74506,23.86228],[90.7406,23.85876],[90.73806,23.85523],[90.73474,23.84956],[90.73446,23.84681],[90.73446,23.84373],[90.7346,23.83766],[90.73502,23.83194],[90.73596,23.82306],[90.73905,23.8147],[90.74064,23.80125],[90.74027,23.79388]]}},{"type":"Feature","properties":{"river":"meghna","osm_id":1076997938},"geometry":{"type":"LineString","coordinates":[[91.02124,24.18813],[91.013,24.18192],[91.00414,24.17736],[90.99502,24.17068],[90.98685,24.15917],[90.98616,24.15698]]}},{"type":"Feature","properties":{"river":"meghna","osm_id":1076997939},"geometry":{"type":"LineString","coordinates":[[91.03669,24.20938],[91.02733,24.19507],[91.02124,24.18813]]}},{"type":"Feature","properties":{"river":"teesta","osm_id":27915772},"geometry":{"type":"LineString","coordinates":[[88.4441,27.30079],[88.44361,27.2997],[88.44338,27.29898],[88.44347,27.29812],[88.44381,27.29721],[88.4441,27.29639],[88.44441,27.29547],[88.44455,27.29458],[88.44424,27.29275],[88.44404,27.29209],[88.44391,27.29166],[88.44332,27.29049],[88.44277,27.2895],[88.44275,27.2888],[88.44294,27.28807],[88.44349,27.28712],[88.44384,27.28629],[88.4441,27.28583],[88.44431,27.2854],[88.44431,27.28502],[88.44401,27.28443],[88.44346,27.2839],[88.44222,27.28312],[88.44174,27.28277],[88.4411,27.28165],[88.44085,27.28091],[88.44052,27.28019],[88.43999,27.27941],[88.43908,27.27835],[88.43852,27.27786],[88.43815,27.27721],[88.43794,27.27651],[88.43785,27.27604],[88.43791,27.27508],[88.43836,27.27418],[88.43952,27.27268],[88.44052,27.27171],[88.44009,27.2699],[88.43905,27.26831],[88.43824,27.2658],[88.439,27.26439],[88.43978,27.26382],[88.44242,27.26065],[88.44284,27.26015],[88.44716,27.25735],[88.44869,27.25587],[88.45095,27.25667],[88.4518,27.25643],[88.45499,27.25609],[88.4565,27.25539],[88.45798,27.25399],[88.4582,27.25112],[88.45828,27.25094],[88.45918,27.2488],[88.46124,27.24697],[88.46174,27.24685],[88.46364,27.24636],[88.46656,27.24697],[88.46851,27.24823],[88.46941,27.24831],[88.47031,27.2482],[88.47084,27.24788],[88.47118,27.24735],[88.47157,27.24647],[88.47339,27.24418],[88.4736,27.24392],[88.47703,27.24163],[88.47868,27.24139],[88.48012,27.24117],[88.48372,27.24026],[88.48647,27.23873],[88.48887,27.23644],[88.49085,27.23308],[88.49185,27.23006],[88.49198,27.22918],[88.49208,27.22693],[88.49202,27.22561],[88.49124,27.22428],[88.49084,27.22308],[88.4897,27.22127],[88.48874,27.21868],[88.48874,27.21762],[88.48946,27.21663],[88.48933,27.21558],[88.48823,27.21254],[88.48836,27.21134],[88.48915,27.2102],[88.48918,27.20871],[88.48859,27.20764],[88.48771,27.20704],[88.48638,27.2066],[88.48546,27.2061],[88.48509,27.20535],[88.48502,27.20428],[88.48551,27.20247],[88.4863,27.20148],[88.48836,27.19904],[88.48893,27.19706],[88.48936,27.19529],[88.48983,27.19376],[88.49042,27.19263],[88.49246,27.19083],[88.49378,27.18985],[88.49519,27.18892],[88.49663,27.18819],[88.49683,27.18776],[88.49693,27.18634],[88.49658,27.18516],[88.49688,27.18461],[88.49725,27.1845],[88.49766,27.18431],[88.49814,27.18391],[88.49964,27.18215],[88.50106,27.18078],[88.50181,27.18044],[88.50221,27.18015],[88.50269,27.18006],[88.50323,27.18016],[88.50409,27.18034],[88.50594,27.18083],[88.50596,27.18084],[88.50609,27.18087],[88.50632,27.18091],[88.50663,27.18092],[88.50679,27.18091],[88.50696,27.18088],[88.50713,27.18082],[88.5073,27.18074],[88.50746,27.18063],[88.50761,27.18048],[88.50774,27.1803],[88.50805,27.1797],[88.5085,27.17872],[88.50863,27.17847],[88.50876,27.17826],[88.50891,27.17809],[88.50909,27.17792],[88.50931,27.17776],[88.50956,27.1776],[88.50984,27.17746],[88.51017,27.17733],[88.51034,27.17728],[88.51072,27.17719],[88.51092,27.17715],[88.51137,27.1771],[88.51162,27.17708],[88.51212,27.17708],[88.51239,27.1771],[88.51292,27.17716],[88.51319,27.17721],[88.51346,27.17728],[88.51372,27.17736],[88.51398,27.17745],[88.51449,27.17768],[88.51503,27.17795],[88.51636,27.17864],[88.51702,27.17896],[88.51735,27.1791],[88.51758,27.17916],[88.51799,27.17923],[88.51831,27.17926],[88.51847,27.17926],[88.51863,27.17924],[88.51879,27.17922],[88.51895,27.17918],[88.5191,27.17912],[88.51925,27.17904],[88.51938,27.17893],[88.51951,27.17881],[88.51961,27.17866],[88.51969,27.17851],[88.51975,27.17835],[88.51979,27.17819],[88.51981,27.17803],[88.51982,27.17787],[88.5198,27.17755],[88.51974,27.17726],[88.51964,27.17692],[88.5194,27.17626],[88.51931,27.17593],[88.51928,27.17571],[88.51928,27.1755],[88.51929,27.1754],[88.51941,27.17478],[88.51941,27.17462],[88.51939,27.17444],[88.5194,27.17429],[88.51942,27.17421],[88.51949,27.17405],[88.51959,27.17387],[88.51982,27.17358],[88.52015,27.17327],[88.52088,27.17271],[88.52104,27.17255],[88.52116,27.17241]]}},{"type":"Feature","properties":{"river":"teesta","osm_id":44851542},"geometry":{"type":"LineString","coordinates":[[88.89669,26.3121],[88.89852,26.30668],[88.90274,26.30221],[88.9063,26.30326],[88.90972,26.29993],[88.91175,26.29244],[88.91111,26.29078],[88.91271,26.28593],[88.91611,26.28183],[88.92098,26.2781],[88.92932,26.27745],[88.93122,26.27438],[88.93453,26.27088],[88.936,26.26309],[88.93935,26.25629],[88.9436,26.25124],[88.94736,26.24641],[88.94927,26.24104],[88.95441,26.23637],[88.96405,26.22441],[88.96874,26.21971],[88.97787,26.21322],[88.98595,26.21059],[88.98898,26.20695],[88.99233,26.20375],[88.99539,26.20101],[88.99881,26.20091],[89.00263,26.19809],[89.01425,26.19947],[89.02023,26.19281],[89.02502,26.18788],[89.02771,26.18687],[89.03152,26.18634],[89.03484,26.18559],[89.04219,26.18107],[89.04587,26.18013],[89.0488,26.17884],[89.04948,26.17832]]}},{"type":"Feature","properties":{"river":"teesta","osm_id":126757759},"geometry":{"type":"LineString","coordinates":[[88.6252,27.54542],[88.62432,27.54514],[88.62274,27.54478],[88.62184,27.54464],[88.62127,27.54486],[88.62081,27.54496],[88.61986,27.54463],[88.61934,27.54433],[88.61869,27.5441],[88.61805,27.54422],[88.6172,27.54406],[88.61682,27.54385],[88.61591,27.54331],[88.61575,27.54298],[88.61541,27.54264],[88.61477,27.54229],[88.61435,27.54245],[88.61393,27.54245],[88.6133,27.54203],[88.61288,27.54206],[88.61233,27.54179],[88.61184,27.54111],[88.6111,27.54041],[88.61073,27.54023],[88.61036,27.53985],[88.6099,27.53945],[88.60916,27.53921],[88.60852,27.53906],[88.60783,27.53925],[88.60719,27.5393],[88.60665,27.53917],[88.60584,27.53863],[88.60522,27.5382],[88.60437,27.53794],[88.60347,27.53782],[88.60278,27.53805],[88.60232,27.53809],[88.60174,27.53795],[88.60109,27.53756],[88.60097,27.53705],[88.6007,27.53651],[88.60043,27.53616],[88.59993,27.53591],[88.59948,27.53602],[88.59792,27.53634],[88.59609,27.53657],[88.59511,27.53656],[88.5943,27.53658],[88.5933,27.53639],[88.59266,27.53609],[88.59209,27.53565],[88.59135,27.53528],[88.59067,27.53499],[88.59009,27.53442],[88.58908,27.53345],[88.58761,27.53255],[88.58662,27.53216],[88.58552,27.5316],[88.58521,27.53102],[88.58489,27.52995],[88.58472,27.52913],[88.58448,27.52884],[88.584,27.5285],[88.58341,27.52842],[88.58338,27.5284],[88.58269,27.52852],[88.58101,27.5285],[88.58043,27.52837],[88.58002,27.52816],[88.57971,27.52787],[88.57916,27.52713],[88.57855,27.52689],[88.57799,27.52675],[88.57743,27.52673],[88.57703,27.52645],[88.57657,27.52616],[88.57603,27.52605],[88.57551,27.52614],[88.57497,27.5264],[88.57449,27.5266],[88.57376,27.52669],[88.57324,27.52663],[88.5723,27.52616],[88.57141,27.5259],[88.5704,27.52589],[88.56907,27.52603],[88.56804,27.52646],[88.56727,27.52684],[88.56665,27.52715],[88.56558,27.52769],[88.56522,27.52797],[88.56482,27.5281],[88.56444,27.52819],[88.56392,27.52824],[88.56338,27.52799],[88.56267,27.5277],[88.56219,27.52762],[88.56167,27.5277],[88.56111,27.52789],[88.56019,27.52872],[88.55948,27.52927],[88.55896,27.52954],[88.55856,27.52971],[88.55782,27.52979],[88.5572,27.52985],[88.55627,27.52966],[88.55536,27.52936],[88.55364,27.52915],[88.55293,27.52912],[88.55199,27.52887],[88.55106,27.52841],[88.55047,27.5282],[88.54882,27.52747],[88.54833,27.5273],[88.54782,27.52722],[88.5465,27.52721],[88.54378,27.52753],[88.54216,27.52767],[88.54157,27.52755],[88.54079,27.52721],[88.54048,27.52694],[88.54042,27.5266],[88.54049,27.52614],[88.54045,27.52595],[88.53908,27.52541],[88.53803,27.52496],[88.53729,27.52468],[88.53682,27.52445],[88.53646,27.52387],[88.53593,27.52324],[88.53566,27.52296],[88.53539,27.52279],[88.53429,27.52279],[88.53374,27.52273],[88.5334,27.52259],[88.53311,27.52224],[88.53275,27.52164],[88.53266,27.52077],[88.53235,27.51939],[88.53218,27.51927]]}},{"type":"Feature","properties":{"river":"teesta","osm_id":126757761},"geometry":{"type":"LineString","coordinates":[[88.51938,27.40212],[88.51913,27.40185],[88.51883,27.40163],[88.51862,27.40131],[88.51852,27.40096],[88.51851,27.40062],[88.51846,27.40025],[88.51822,27.39993],[88.51778,27.39957],[88.51736,27.39931],[88.51703,27.39903],[88.51672,27.39863],[88.51611,27.39824],[88.51577,27.39792],[88.51541,27.39757],[88.51503,27.39711],[88.51461,27.39667],[88.51416,27.3963],[88.51374,27.39593],[88.51335,27.39542],[88.51287,27.39482],[88.51247,27.39428],[88.51216,27.3937],[88.51201,27.39323],[88.51175,27.39275],[88.51147,27.39239],[88.51102,27.39201],[88.51055,27.39161],[88.51011,27.39109],[88.50946,27.39052],[88.50895,27.38997],[88.50853,27.38963],[88.5083,27.38955],[88.50754,27.3892],[88.50668,27.38877],[88.5062,27.3885],[88.5056,27.38797],[88.50486,27.38766],[88.50369,27.38719],[88.50197,27.38651],[88.50134,27.3863],[88.50085,27.386],[88.50041,27.38586],[88.50013,27.3857],[88.49976,27.38539],[88.49931,27.38494],[88.49887,27.38448],[88.49844,27.38401],[88.4981,27.38374],[88.49763,27.38356],[88.49705,27.38345],[88.49616,27.38344],[88.4954,27.38349],[88.49453,27.38361],[88.49387,27.38361],[88.49343,27.38347],[88.49299,27.38318],[88.4927,27.38284],[88.49253,27.38246],[88.49242,27.38214],[88.49223,27.38188],[88.49173,27.38136],[88.49134,27.38101],[88.4908,27.38041],[88.49022,27.38002],[88.48952,27.37988],[88.48901,27.37992],[88.48863,27.37992],[88.48802,27.37962],[88.48689,27.37911],[88.486,27.37855],[88.48487,27.3778],[88.48393,27.37706],[88.48311,27.37632],[88.4823,27.37542],[88.48194,27.37517],[88.48167,27.37482],[88.48118,27.37446],[88.48074,27.374],[88.48045,27.37338],[88.48034,27.37256],[88.48039,27.37185],[88.48036,27.37147],[88.48012,27.37102],[88.4797,27.37023],[88.47943,27.36985],[88.47904,27.36927],[88.47886,27.36877],[88.47881,27.36821],[88.47888,27.36762],[88.47893,27.3671],[88.47883,27.36618],[88.47876,27.36539],[88.47862,27.36414],[88.47837,27.36357],[88.47805,27.36288],[88.47763,27.36191],[88.47751,27.36155],[88.4771,27.36025],[88.47654,27.35853],[88.47631,27.35731],[88.47601,27.3552],[88.47599,27.35375],[88.47604,27.35281],[88.47611,27.35157],[88.47642,27.34993],[88.47693,27.34869],[88.47746,27.34782],[88.47825,27.3469],[88.47932,27.34591],[88.4796,27.34525],[88.47982,27.34463],[88.48,27.34341],[88.48007,27.34248],[88.4802,27.34114],[88.48036,27.34013],[88.48062,27.33916],[88.48086,27.33825],[88.48116,27.33764],[88.48134,27.33696],[88.48139,27.33595],[88.48146,27.33524],[88.48149,27.33434],[88.48159,27.33383],[88.48201,27.33313],[88.48225,27.33254],[88.48235,27.33203],[88.48235,27.3315],[88.48215,27.33127],[88.48177,27.3311],[88.48151,27.33073],[88.48097,27.33033],[88.48053,27.32983],[88.48029,27.32933],[88.47994,27.32871],[88.47954,27.32805],[88.47937,27.32779],[88.47908,27.32768],[88.47885,27.3275],[88.47853,27.3271],[88.47789,27.32643],[88.47693,27.32586],[88.4763,27.32557],[88.47542,27.32531],[88.47441,27.32513],[88.47352,27.32501],[88.47345,27.32498],[88.47298,27.32491],[88.47265,27.32477],[88.47225,27.32445],[88.47165,27.3243],[88.47087,27.32397],[88.46999,27.32362],[88.46925,27.3233],[88.46838,27.32285],[88.46787,27.32269],[88.46731,27.32253],[88.46664,27.32223],[88.46617,27.32202],[88.46576,27.32184],[88.46525,27.32161],[88.46446,27.3212],[88.46385,27.32081],[88.46344,27.32039],[88.463,27.31978],[88.46284,27.31953],[88.46266,27.31924],[88.46227,27.3189],[88.46197,27.31853],[88.46144,27.31814],[88.46094,27.31784],[88.46045,27.31775],[88.46009,27.3179],[88.4597,27.31813],[88.45939,27.31859],[88.4592,27.31889],[88.45889,27.31912],[88.4584,27.3192],[88.45791,27.31917],[88.45728,27.31898],[88.457,27.3188],[88.45685,27.31864],[88.4568,27.31858],[88.45657,27.31836],[88.45609,27.3181],[88.45585,27.3179],[88.4557,27.31769],[88.45541,27.31761],[88.45484,27.31752],[88.45421,27.31754],[88.45396,27.31758],[88.45343,27.31748],[88.45305,27.31722],[88.45259,27.31678],[88.4522,27.31631],[88.45182,27.31583],[88.45112,27.31503],[88.45048,27.31461],[88.44985,27.31442],[88.44906,27.31425],[88.44855,27.31392],[88.4484,27.31349],[88.44849,27.31302],[88.44865,27.31269],[88.449,27.31246],[88.44949,27.31226],[88.44984,27.31178],[88.44995,27.31087],[88.44988,27.31026],[88.45005,27.30967],[88.4501,27.30907],[88.45003,27.30865],[88.45015,27.30809],[88.45,27.30749],[88.4498,27.30675],[88.44965,27.30627],[88.44934,27.30596],[88.44874,27.30552],[88.44815,27.3052],[88.4478,27.30488],[88.44755,27.30438],[88.44733,27.30395],[88.44715,27.30343],[88.44697,27.30323],[88.44674,27.30298],[88.44611,27.30258],[88.44538,27.30218],[88.44464,27.30147],[88.4441,27.30079]]}},{"type":"Feature","properties":{"river":"teesta","osm_id":126757764},"geometry":{"type":"LineString","coordinates":[[88.53218,27.51927],[88.53196,27.5179],[88.53188,27.51679],[88.53137,27.51604],[88.53025,27.5142],[88.52938,27.51311],[88.52881,27.5122],[88.52832,27.51109],[88.52786,27.51],[88.52714,27.50919],[88.52636,27.50907],[88.52607,27.50873],[88.52603,27.50814],[88.52597,27.50771],[88.5264,27.50565],[88.5266,27.50487],[88.52665,27.50416],[88.52651,27.50327],[88.52619,27.50269],[88.52563,27.50218],[88.52519,27.50171],[88.52494,27.50098],[88.52489,27.49991],[88.5247,27.49914],[88.52388,27.4976],[88.52261,27.49613],[88.522,27.49568],[88.52163,27.49497],[88.52128,27.49432],[88.5211,27.49369],[88.52106,27.49325],[88.52111,27.49271],[88.52141,27.49185],[88.52229,27.48935],[88.52181,27.48839],[88.52144,27.48786],[88.52123,27.48765],[88.52118,27.48723],[88.52131,27.48631],[88.5219,27.4855],[88.5225,27.4852],[88.52307,27.48504],[88.52341,27.48485],[88.52384,27.48444],[88.52381,27.48403],[88.52385,27.48355],[88.52395,27.48319],[88.52389,27.48275],[88.52409,27.48214],[88.52392,27.481],[88.52396,27.47969],[88.52384,27.47917],[88.52403,27.47875],[88.52444,27.47741],[88.52458,27.47691],[88.52457,27.47645],[88.52368,27.4753],[88.52347,27.47451],[88.52326,27.47396],[88.523,27.4735],[88.52237,27.47309],[88.52087,27.47211],[88.52053,27.47153],[88.52035,27.47097],[88.52025,27.47029],[88.52007,27.46964],[88.51961,27.4687],[88.51904,27.46783],[88.51894,27.46695],[88.51877,27.46617],[88.51845,27.46565],[88.51809,27.46512],[88.51751,27.46442],[88.51578,27.46126],[88.51443,27.45855],[88.514,27.45769],[88.51374,27.45621],[88.51379,27.45518],[88.51474,27.45384],[88.51498,27.45241],[88.51426,27.45109],[88.51356,27.45012],[88.51356,27.44914],[88.51442,27.4474],[88.51331,27.44494],[88.51322,27.44474],[88.51291,27.4434],[88.51128,27.44218],[88.51095,27.44188],[88.51082,27.44162],[88.5108,27.44091],[88.51097,27.44007],[88.51148,27.43929],[88.51238,27.43778],[88.51292,27.43636],[88.51283,27.43439],[88.51236,27.43303],[88.5126,27.43206],[88.51307,27.4317],[88.51306,27.43063],[88.51217,27.42943],[88.51175,27.42727],[88.51247,27.42531],[88.51315,27.42429],[88.5141,27.42265],[88.51482,27.42106],[88.51457,27.42038],[88.51382,27.41842],[88.51356,27.41679],[88.51351,27.41551],[88.51386,27.41446],[88.515,27.41315],[88.51552,27.41227],[88.5156,27.41214],[88.51628,27.4104],[88.51682,27.40787],[88.5182,27.40636],[88.51912,27.40472],[88.51966,27.40312],[88.51938,27.40212]]}},{"type":"Feature","properties":{"river":"teesta","osm_id":126757765},"geometry":{"type":"LineString","coordinates":[[88.65197,27.59601],[88.65257,27.59567],[88.65333,27.59525],[88.65368,27.59472],[88.65451,27.59414],[88.65509,27.59387],[88.65575,27.59344],[88.65617,27.59313],[88.65642,27.59272],[88.65652,27.59257],[88.65679,27.59208],[88.65687,27.5916],[88.65659,27.59086],[88.65594,27.58968],[88.65611,27.58881],[88.65584,27.58814],[88.6551,27.58794],[88.65486,27.58722],[88.65481,27.58675],[88.65474,27.58592],[88.65507,27.58533],[88.65545,27.58494],[88.65556,27.5841],[88.65601,27.58346],[88.65636,27.58286],[88.65684,27.58207],[88.65684,27.58147],[88.65575,27.57986],[88.6556,27.57911],[88.65553,27.57866],[88.65442,27.57723],[88.65343,27.57583],[88.65289,27.575],[88.65289,27.57409],[88.65294,27.57364],[88.65321,27.57339],[88.65337,27.57212],[88.65352,27.57168],[88.65424,27.57097],[88.65464,27.57027],[88.65496,27.56918],[88.6545,27.56794],[88.65381,27.56556],[88.65334,27.56427],[88.65327,27.56317],[88.65354,27.5612],[88.65396,27.55943],[88.65417,27.55814],[88.65462,27.55753],[88.65533,27.55698],[88.65559,27.55639],[88.65542,27.55596],[88.65561,27.55422],[88.6555,27.55323],[88.65515,27.5527],[88.65465,27.55244]]}},{"type":"Feature","properties":{"river":"teesta","osm_id":129649032},"geometry":{"type":"LineString","coordinates":[[89.38385,25.84448],[89.38979,25.84517],[89.39747,25.84131],[89.40462,25.83823],[89.4067,25.83093],[89.40628,25.82326],[89.40919,25.81595],[89.41751,25.81108],[89.42459,25.80809],[89.42979,25.80303],[89.43191,25.79855],[89.43206,25.79657],[89.43321,25.79487],[89.43603,25.79161],[89.4411,25.78803],[89.44503,25.78466],[89.4485,25.78087],[89.45053,25.77622],[89.45088,25.77539],[89.45138,25.77431],[89.45201,25.77313],[89.45335,25.77061],[89.45355,25.77034],[89.45375,25.77007],[89.45623,25.76732],[89.45664,25.76704],[89.4574,25.76671],[89.45884,25.76643],[89.46006,25.76722],[89.46085,25.76739],[89.46156,25.76745],[89.4618,25.76745],[89.46278,25.76747],[89.46386,25.76744],[89.46553,25.76733],[89.46637,25.76718],[89.46786,25.76652],[89.46956,25.76625],[89.47018,25.76604],[89.47096,25.7656],[89.47137,25.76542],[89.47187,25.7651],[89.4722,25.76473],[89.47253,25.76436],[89.47273,25.76395],[89.47283,25.76369],[89.47296,25.76315],[89.47304,25.76195],[89.4733,25.76128],[89.4735,25.76081],[89.47389,25.76042],[89.47417,25.76014],[89.47561,25.75921],[89.47621,25.75882],[89.47679,25.75844],[89.47793,25.75785],[89.47856,25.75764],[89.47969,25.75745],[89.48068,25.75723],[89.48129,25.75699],[89.48194,25.75669],[89.48251,25.75637],[89.48309,25.75598],[89.48347,25.75567],[89.48373,25.75544],[89.48382,25.75532],[89.48392,25.75512],[89.48402,25.75483],[89.48409,25.75446],[89.48411,25.75418],[89.48409,25.75399],[89.48397,25.75355],[89.48398,25.75341],[89.48405,25.75257],[89.48405,25.75219],[89.48406,25.75191],[89.48407,25.75171],[89.48412,25.75152],[89.48419,25.75136],[89.48425,25.75122],[89.48431,25.75111],[89.48439,25.75094],[89.48444,25.75083],[89.48451,25.75071],[89.48461,25.75051],[89.48467,25.75044],[89.48472,25.75039],[89.48481,25.75033],[89.48493,25.75028],[89.48512,25.75023],[89.48537,25.75017],[89.48583,25.75011],[89.48711,25.74993],[89.48746,25.74965],[89.48783,25.74937],[89.488,25.74927],[89.48824,25.74916],[89.48849,25.7491],[89.48869,25.74905],[89.48884,25.74899],[89.48897,25.7489],[89.48907,25.74879],[89.48916,25.74863],[89.48923,25.74845],[89.48937,25.74796]]}},{"type":"Feature","properties":{"river":"teesta","osm_id":133298976},"geometry":{"type":"LineString","coordinates":[[88.52116,27.17241],[88.5213,27.17221],[88.52166,27.17164],[88.52187,27.17132],[88.5221,27.17104],[88.52222,27.17092],[88.52234,27.17081],[88.52247,27.17073],[88.5226,27.17067],[88.52272,27.17063],[88.52297,27.17057],[88.52354,27.17051],[88.52376,27.17047],[88.52399,27.1704],[88.52423,27.17029],[88.52453,27.17009],[88.52494,27.16979],[88.52539,27.16942],[88.52584,27.16903],[88.52643,27.16849],[88.52677,27.16815],[88.52751,27.16709],[88.52781,27.16667],[88.52797,27.16647],[88.52804,27.16641],[88.52816,27.16631],[88.52841,27.16616],[88.52861,27.16607],[88.52893,27.16596],[88.52916,27.1659],[88.52939,27.16586],[88.52952,27.16585],[88.53022,27.16583],[88.53062,27.1658],[88.531,27.16574],[88.53117,27.16569],[88.53133,27.16563],[88.53147,27.16556],[88.53157,27.16547],[88.53165,27.16536],[88.53171,27.16524],[88.53182,27.16494],[88.53184,27.16486],[88.53185,27.16469],[88.53185,27.16461],[88.53181,27.16446],[88.5317,27.16424],[88.53158,27.16407],[88.53131,27.16375],[88.5295,27.16165],[88.52942,27.16155],[88.52935,27.16143],[88.52913,27.16099],[88.52886,27.16035],[88.52871,27.15997],[88.52844,27.15916],[88.52832,27.15874],[88.52823,27.15833],[88.52816,27.15794],[88.52812,27.15758],[88.52812,27.15726],[88.52816,27.15698],[88.52825,27.15675],[88.52835,27.15657],[88.52848,27.15644],[88.52862,27.15635],[88.52877,27.15629],[88.52893,27.15626],[88.5291,27.15625],[88.52926,27.15627],[88.52941,27.1563],[88.52956,27.15634],[88.52969,27.15639],[88.52988,27.15648],[88.52995,27.15652],[88.53,27.15657],[88.53025,27.15685],[88.53048,27.15708],[88.53062,27.15718],[88.53077,27.15726],[88.53093,27.15732],[88.53111,27.15734],[88.53129,27.15731],[88.53149,27.15724],[88.53169,27.15711],[88.53213,27.15669],[88.53237,27.1565],[88.5326,27.15633],[88.53284,27.15618],[88.53371,27.15568],[88.53389,27.15556],[88.53404,27.15543],[88.53418,27.15529],[88.53428,27.15513],[88.53435,27.15495],[88.53438,27.15475],[88.53439,27.15454],[88.5344,27.15409],[88.53439,27.15363],[88.53436,27.15295],[88.53431,27.15252],[88.53424,27.15213],[88.53414,27.15178],[88.53396,27.15125],[88.53388,27.15106],[88.53379,27.15086],[88.53369,27.15066],[88.53356,27.15046],[88.53341,27.15027],[88.53323,27.15009],[88.53302,27.14993],[88.53278,27.14977],[88.5325,27.14964],[88.53219,27.14953],[88.53182,27.14944],[88.53143,27.14937],[88.53059,27.14924],[88.52802,27.14891],[88.52726,27.14881],[88.52662,27.14869],[88.52579,27.1485],[88.52512,27.14837],[88.52439,27.14824],[88.52365,27.14813],[88.52294,27.14806],[88.52261,27.14804],[88.52231,27.14804],[88.52204,27.14805],[88.52158,27.14811],[88.52134,27.14812],[88.5211,27.1481],[88.52085,27.14806],[88.52059,27.14799],[88.52034,27.1479],[88.52008,27.14779],[88.51983,27.14765],[88.51959,27.14748],[88.51936,27.14729],[88.51915,27.14708],[88.51895,27.14683],[88.51876,27.14656],[88.51861,27.14627],[88.51846,27.14595],[88.51834,27.14564],[88.51812,27.145],[88.51803,27.14469],[88.51788,27.1441],[88.51777,27.14356],[88.5177,27.14309],[88.51767,27.14271],[88.51766,27.14228],[88.51762,27.14196],[88.51757,27.1418],[88.5175,27.14164],[88.5174,27.1415],[88.51727,27.14136],[88.51709,27.14123],[88.51687,27.14113],[88.51661,27.14104],[88.51628,27.14099],[88.5159,27.14096],[88.51499,27.14097],[88.51456,27.14097],[88.51417,27.14095],[88.51382,27.14092],[88.5135,27.14087],[88.51321,27.14082],[88.51294,27.14075],[88.51271,27.14067],[88.51249,27.14059],[88.51231,27.1405],[88.51214,27.1404],[88.51199,27.1403],[88.51174,27.14008],[88.51153,27.13986],[88.51134,27.13965],[88.51117,27.13942],[88.51103,27.13917],[88.51093,27.13889],[88.51087,27.13857],[88.51086,27.13819],[88.51087,27.13758],[88.51087,27.13739],[88.51084,27.13721],[88.5108,27.13704],[88.51074,27.13688],[88.51064,27.13674],[88.51051,27.13661],[88.51034,27.13651],[88.51012,27.13643],[88.50986,27.13638],[88.50954,27.13635],[88.50916,27.13636],[88.50754,27.13644],[88.50723,27.13647],[88.50696,27.13652],[88.50668,27.1366],[88.50612,27.13678],[88.5059,27.13682],[88.50566,27.13684],[88.5054,27.13683],[88.50514,27.1368],[88.50488,27.13675],[88.50461,27.13667],[88.50435,27.13657],[88.5041,27.13643],[88.50385,27.13627],[88.50362,27.13608],[88.5034,27.13585],[88.5032,27.1356],[88.50303,27.13531],[88.50287,27.13499],[88.50228,27.13375],[88.50208,27.13333],[88.50175,27.13268],[88.50158,27.13238],[88.5014,27.13209],[88.50122,27.13182],[88.50103,27.13157],[88.50083,27.13135],[88.50063,27.13117],[88.4998,27.13051],[88.49914,27.12996],[88.49849,27.12938],[88.4982,27.12909],[88.49794,27.12881],[88.49773,27.12854],[88.49758,27.12828],[88.4975,27.12805],[88.49751,27.12785],[88.4976,27.12769],[88.4979,27.1274],[88.49856,27.12684],[88.49885,27.12656],[88.49898,27.12642],[88.49909,27.12628],[88.49918,27.12613],[88.49925,27.12598],[88.49929,27.12582],[88.49929,27.12566],[88.49926,27.12549],[88.4992,27.1253],[88.49909,27.1251],[88.49893,27.1249],[88.49874,27.1247],[88.4985,27.12451],[88.49821,27.12433],[88.49787,27.12417],[88.49749,27.12404],[88.49706,27.12393],[88.49658,27.12387],[88.49604,27.12384],[88.49546,27.12387],[88.49482,27.12394],[88.49419,27.12406],[88.49364,27.12419],[88.49316,27.12433],[88.49274,27.12448],[88.49238,27.12464],[88.49206,27.1248],[88.49179,27.12496],[88.49155,27.12512],[88.49078,27.12569],[88.4906,27.1258],[88.49041,27.12589],[88.49021,27.12596],[88.48999,27.12602],[88.48976,27.12606],[88.48953,27.12608],[88.48929,27.12609],[88.48904,27.12609],[88.48854,27.12605],[88.48804,27.12598],[88.48756,27.12589],[88.48711,27.12578],[88.4867,27.12566],[88.48636,27.12554],[88.48622,27.12547],[88.48608,27.12539],[88.48597,27.12531],[88.48587,27.12523],[88.48578,27.12513],[88.48572,27.12502],[88.48566,27.12491],[88.48563,27.12478],[88.48561,27.12463],[88.4856,27.12448],[88.48565,27.12308],[88.48566,27.12254],[88.48565,27.12204],[88.48562,27.12161],[88.48559,27.12144],[88.48556,27.12131],[88.48551,27.1212],[88.48545,27.12109],[88.48536,27.12099],[88.48527,27.1209],[88.48503,27.12074],[88.4849,27.12068],[88.48462,27.12057],[88.48433,27.12051],[88.48419,27.1205],[88.48404,27.1205],[88.48376,27.12053],[88.48336,27.12058],[88.48288,27.12068],[88.48234,27.12083],[88.48206,27.12092],[88.48179,27.12103],[88.48152,27.12116],[88.48126,27.1213],[88.48101,27.12147],[88.48078,27.12165],[88.48038,27.12209],[88.48015,27.12232],[88.47989,27.12255],[88.47961,27.12277],[88.47931,27.12298],[88.479,27.12316],[88.47868,27.12331],[88.47836,27.12343],[88.47803,27.12351],[88.4777,27.12353],[88.47737,27.1235],[88.47706,27.1234],[88.47675,27.12323],[88.47646,27.12299],[88.4759,27.12238],[88.47533,27.12171],[88.47478,27.12102],[88.47342,27.11921],[88.47311,27.11883],[88.47263,27.11826],[88.47239,27.11802],[88.47226,27.11791],[88.47198,27.11773],[88.47183,27.11765],[88.47167,27.11758],[88.4715,27.11752],[88.47131,27.11747],[88.4711,27.11743],[88.47012,27.11732],[88.46986,27.11728],[88.4696,27.11723],[88.46934,27.11716],[88.46909,27.11707],[88.46886,27.11695],[88.46864,27.1168],[88.46844,27.11662],[88.46827,27.1164],[88.46814,27.11614],[88.46803,27.11583],[88.46795,27.11551],[88.46784,27.11494],[88.46778,27.11445],[88.4677,27.11363],[88.46764,27.11324],[88.46753,27.11284],[88.46746,27.11263],[88.46742,27.11244],[88.46591,27.10885],[88.46603,27.10799],[88.46646,27.1064],[88.46653,27.10524],[88.46607,27.10422],[88.4659,27.10276],[88.46592,27.10156],[88.46506,27.10068],[88.46365,27.09978],[88.46153,27.09875],[88.46098,27.09785],[88.461,27.09674],[88.46127,27.09519],[88.461,27.09456],[88.46086,27.09421],[88.46073,27.09386],[88.46037,27.09291],[88.45967,27.09106],[88.45852,27.08949],[88.45727,27.08875],[88.45697,27.08868],[88.45658,27.0886],[88.45506,27.08837],[88.45374,27.08775],[88.45246,27.08571],[88.45198,27.08504],[88.45168,27.08463],[88.45018,27.08368],[88.44865,27.08325],[88.44499,27.0833],[88.44443,27.08334],[88.44379,27.08338],[88.44175,27.08351],[88.4394,27.08304],[88.43726,27.08224],[88.43435,27.08071],[88.43316,27.07952],[88.43243,27.07867],[88.43164,27.07799],[88.43108,27.07659],[88.42992,27.07285],[88.42903,27.07092],[88.42893,27.06928],[88.42859,27.0684],[88.42793,27.06704],[88.42722,27.06609],[88.42575,27.06411],[88.42553,27.06339],[88.42556,27.06295],[88.42561,27.06216],[88.4258,27.05997],[88.42612,27.05796],[88.42619,27.05616],[88.42625,27.05525],[88.4264,27.0545],[88.42666,27.05421],[88.42672,27.05386],[88.42679,27.05335],[88.42713,27.05125],[88.42757,27.04989],[88.42774,27.04921],[88.42808,27.04786],[88.42895,27.04475],[88.42947,27.04337],[88.42934,27.04253],[88.42881,27.0418],[88.42802,27.04098],[88.42745,27.03973],[88.42724,27.03845],[88.4278,27.03694],[88.4286,27.03632],[88.42978,27.03531],[88.43028,27.03436],[88.43031,27.03311],[88.42971,27.03188],[88.42922,27.03046],[88.42927,27.03005],[88.42945,27.02968],[88.43,27.02939],[88.4307,27.02871],[88.4309,27.02826],[88.43115,27.02766],[88.43272,27.0256],[88.43358,27.02461],[88.435,27.02312],[88.43709,27.02074],[88.43726,27.01956],[88.4372,27.01852],[88.43686,27.01771],[88.43622,27.01679],[88.43634,27.01616],[88.43687,27.01538],[88.43742,27.0146],[88.43858,27.01358],[88.44018,27.01283],[88.4439,27.01242],[88.44509,27.01268],[88.44625,27.01265],[88.4466,27.01235],[88.44699,27.01132],[88.44729,27.01053],[88.44734,27.00938],[88.44639,27.00815],[88.44488,27.00655],[88.44458,27.00488],[88.44482,27.00366],[88.44326,27.00194],[88.44282,27.00145],[88.4427,27.00137],[88.44073,26.99992],[88.43847,26.99878],[88.43641,26.99788],[88.43483,26.99649],[88.43447,26.9958],[88.43502,26.99407],[88.43544,26.99266],[88.43609,26.99189],[88.43752,26.99155],[88.43989,26.99095],[88.44205,26.99002],[88.44314,26.98872],[88.44325,26.98734],[88.44278,26.98676],[88.44192,26.98651],[88.44148,26.98484],[88.44116,26.9835],[88.44145,26.98174],[88.44148,26.97994],[88.44122,26.97857],[88.44053,26.97719],[88.43864,26.9749],[88.4352,26.97291],[88.43141,26.9723],[88.42883,26.97087],[88.42807,26.96947],[88.42857,26.96918],[88.43005,26.96847],[88.43314,26.96572],[88.4395,26.96097],[88.4407,26.957],[88.44195,26.95164],[88.4419,26.95001],[88.44241,26.94863],[88.44555,26.94683],[88.4455,26.94582],[88.44493,26.94359],[88.44392,26.94216],[88.44282,26.94112],[88.44237,26.94039],[88.44212,26.93926],[88.4423,26.93809],[88.44328,26.93709],[88.44408,26.93712],[88.44495,26.9373],[88.44533,26.93802],[88.44718,26.93803],[88.44936,26.93754],[88.45173,26.93644],[88.45368,26.93513],[88.45513,26.9332],[88.45563,26.9319],[88.45579,26.92809],[88.45612,26.92521],[88.45617,26.92478],[88.45862,26.9223],[88.4609,26.92146],[88.46182,26.92151],[88.46361,26.92017],[88.46426,26.91962],[88.46458,26.91858],[88.46456,26.91815],[88.46442,26.91744],[88.46398,26.91676],[88.46382,26.91635],[88.464,26.91589],[88.46475,26.91535],[88.46571,26.91496],[88.46666,26.91497],[88.46794,26.91511],[88.47189,26.91448],[88.47312,26.91421],[88.47372,26.91397],[88.47437,26.91343],[88.47491,26.91302],[88.47498,26.91262],[88.47471,26.91162],[88.47431,26.91124],[88.47376,26.91114],[88.47312,26.91123],[88.47216,26.91118],[88.47156,26.91092],[88.47113,26.91049],[88.47079,26.90977],[88.47073,26.90927],[88.47094,26.90883],[88.47163,26.90821],[88.47279,26.90693],[88.47313,26.90609],[88.47308,26.9034],[88.47385,26.90095],[88.47446,26.89835],[88.47496,26.8936],[88.47527,26.88818],[88.47558,26.88604],[88.47666,26.88097],[88.47717,26.8789],[88.4779,26.87484],[88.47863,26.86975],[88.47964,26.86634],[88.48256,26.85922],[88.48466,26.85647],[88.48942,26.8526],[88.49401,26.85176],[88.50041,26.84843],[88.50667,26.84345],[88.51388,26.83805],[88.51994,26.83311],[88.5226,26.8271],[88.52363,26.82348],[88.5238,26.82258],[88.52489,26.82158],[88.52826,26.8202],[88.53103,26.81915],[88.53277,26.81821],[88.53393,26.8171],[88.53487,26.81507],[88.53607,26.81304],[88.53985,26.80795],[88.54577,26.80239],[88.54959,26.79722],[88.55277,26.79297],[88.55337,26.78853],[88.55633,26.78573],[88.56131,26.78366],[88.56465,26.78263],[88.57504,26.77902],[88.58439,26.76837],[88.58628,26.75956],[88.5877,26.7566],[88.58935,26.75434],[88.59162,26.75158],[88.59492,26.74732],[88.60122,26.74124],[88.60903,26.73496],[88.61512,26.72821],[88.62199,26.721],[88.62731,26.71242],[88.62937,26.70628],[88.6329,26.70105],[88.63392,26.69954],[88.63709,26.69355],[88.64362,26.6822],[88.64774,26.67668],[88.64887,26.6752],[88.65709,26.66441],[88.6643,26.65521],[88.67151,26.64968],[88.67793,26.64694]]}},{"type":"Feature","properties":{"river":"teesta","osm_id":134410516},"geometry":{"type":"LineString","coordinates":[[88.65465,27.55244],[88.65428,27.55212],[88.6538,27.55147],[88.65356,27.55094],[88.65325,27.55062],[88.65234,27.55003],[88.65171,27.54963],[88.6511,27.5493],[88.6505,27.54902],[88.65005,27.54886],[88.64965,27.54882],[88.64919,27.54898],[88.64872,27.54932],[88.64831,27.5493],[88.64795,27.54957],[88.64745,27.54987],[88.64651,27.54996],[88.64582,27.54991],[88.64511,27.54991],[88.64365,27.5498],[88.64311,27.54982],[88.64249,27.54974],[88.64168,27.54929],[88.64084,27.54864],[88.63979,27.54814],[88.63932,27.54754],[88.63894,27.5471],[88.63859,27.54686],[88.63821,27.54674],[88.63779,27.54669],[88.6372,27.54684],[88.63678,27.54707],[88.63601,27.54721],[88.63522,27.54711],[88.63473,27.54677],[88.63433,27.54665],[88.63382,27.54665],[88.6327,27.54648],[88.63187,27.54621],[88.62987,27.54514],[88.62918,27.54497],[88.62809,27.54498],[88.62741,27.54488],[88.62655,27.54502],[88.62582,27.54536],[88.6252,27.54542]]}},{"type":"Feature","properties":{"river":"teesta","osm_id":232252699},"geometry":{"type":"LineString","coordinates":[[89.54,25.66096],[89.53861,25.65635],[89.53719,25.65004],[89.53716,25.64835],[89.53834,25.64677],[89.53879,25.64538],[89.53933,25.64441],[89.54044,25.64445],[89.54139,25.64501],[89.54209,25.6452],[89.5434,25.64522],[89.54463,25.6459],[89.54531,25.64554],[89.54445,25.64442],[89.54402,25.64296],[89.54357,25.64174],[89.54287,25.6409],[89.54489,25.63766],[89.54438,25.63493],[89.54835,25.63158],[89.54918,25.63009],[89.54956,25.62942],[89.55171,25.62713],[89.5542,25.62546],[89.563,25.61872],[89.56527,25.61701],[89.56748,25.6154],[89.56868,25.61328],[89.57338,25.60182],[89.57436,25.59925],[89.57383,25.59368],[89.57479,25.59132],[89.5749,25.58919],[89.57422,25.58716],[89.5739,25.57857],[89.57457,25.57696],[89.57558,25.57565],[89.57626,25.57513],[89.5768,25.57457],[89.57696,25.57381],[89.57682,25.5733],[89.57673,25.57293],[89.57661,25.57202],[89.57631,25.57115],[89.57564,25.57037],[89.57266,25.5697],[89.57075,25.56658],[89.56992,25.56334],[89.56924,25.56123],[89.56911,25.55925],[89.56829,25.55696],[89.56826,25.55562],[89.56885,25.55415],[89.56992,25.55368],[89.57054,25.55314],[89.57121,25.55251],[89.57228,25.5515],[89.5743,25.55044],[89.57716,25.5496],[89.57857,25.54718],[89.57896,25.5455],[89.58028,25.54391],[89.58152,25.54372],[89.58218,25.54342],[89.58369,25.54316],[89.58491,25.54271],[89.58617,25.5421],[89.58721,25.54169],[89.58801,25.54145],[89.58954,25.54101],[89.59101,25.54034],[89.59205,25.54027],[89.59311,25.54052],[89.59425,25.5407],[89.59612,25.54139],[89.59774,25.54217],[89.60031,25.54382],[89.60132,25.54395],[89.602,25.54404],[89.60431,25.54402],[89.6073,25.54358],[89.61563,25.54624],[89.61739,25.54674],[89.61893,25.54718],[89.61994,25.54746],[89.62185,25.54732],[89.6234,25.54715],[89.62492,25.54688],[89.62627,25.54604],[89.6273,25.54422],[89.62825,25.5426],[89.62848,25.54142],[89.62913,25.54052],[89.63033,25.53996],[89.63155,25.53942],[89.63192,25.53882],[89.63164,25.5381],[89.63091,25.53696],[89.63112,25.53607],[89.63187,25.53479],[89.63282,25.53375],[89.63382,25.53278],[89.63548,25.53113],[89.63782,25.53024],[89.63938,25.52986],[89.64101,25.52968],[89.64183,25.52937],[89.64243,25.52885],[89.64256,25.52811],[89.64241,25.52732],[89.64226,25.52643],[89.64286,25.52575],[89.64357,25.52571],[89.6449,25.52571],[89.64608,25.52565],[89.64676,25.52517],[89.64732,25.5244],[89.64792,25.52352],[89.64824,25.5226],[89.64856,25.52177],[89.64889,25.52089],[89.64926,25.51986],[89.6514,25.515],[89.65174,25.51326],[89.65219,25.51082],[89.65324,25.50931],[89.65518,25.50817],[89.65595,25.50741],[89.65554,25.50615],[89.65401,25.50395],[89.64957,25.49807],[89.65035,25.49524],[89.65872,25.49303],[89.66165,25.4922],[89.66283,25.49208],[89.66387,25.49192],[89.66475,25.49196],[89.66578,25.49226],[89.66822,25.49361],[89.66883,25.49353],[89.66917,25.49344],[89.66919,25.49344],[89.66943,25.49335],[89.66967,25.49319],[89.66996,25.49298],[89.67061,25.49227],[89.67101,25.49183],[89.67123,25.49145],[89.67134,25.49107],[89.67148,25.49015],[89.67118,25.48876],[89.667,25.4783],[89.66447,25.4716],[89.66294,25.46765],[89.66196,25.46579],[89.66133,25.46354],[89.66142,25.46195],[89.66211,25.46085],[89.66348,25.45986],[89.66569,25.45908],[89.6691,25.4562],[89.67135,25.45557],[89.67266,25.45582],[89.6739,25.45584],[89.6757,25.45685],[89.67629,25.45702],[89.67698,25.45732],[89.67759,25.45761],[89.67795,25.45772],[89.67824,25.45777],[89.67848,25.45773],[89.67878,25.45764],[89.67947,25.45729],[89.68073,25.4563],[89.68145,25.45545],[89.68233,25.45438],[89.6839,25.45211],[89.68464,25.45128],[89.68529,25.45076],[89.68663,25.44957],[89.68707,25.44905],[89.68723,25.44872],[89.68731,25.44834],[89.68735,25.44786],[89.68725,25.44686],[89.68711,25.44641],[89.68649,25.44451],[89.68384,25.44037],[89.6817,25.43742],[89.68028,25.43417],[89.67908,25.43118],[89.67805,25.42746],[89.67783,25.42343],[89.67766,25.41863],[89.67865,25.41049],[89.68019,25.40444],[89.68097,25.4013],[89.68155,25.39858]]}},{"type":"Feature","properties":{"river":"teesta","osm_id":630325518},"geometry":{"type":"LineString","coordinates":[[89.04948,26.17832],[89.05001,26.17748],[89.05179,26.17455],[89.05341,26.17405],[89.05644,26.17454],[89.05837,26.17397],[89.05981,26.17481],[89.06127,26.17643],[89.0641,26.17651],[89.06972,26.17312],[89.0729,26.17073],[89.07299,26.16907],[89.07346,26.16672],[89.07762,26.16222],[89.08281,26.1596],[89.08539,26.15567],[89.08547,26.15367],[89.08642,26.15205],[89.08815,26.14724],[89.08885,26.14494],[89.09082,26.14336],[89.09267,26.14146],[89.09337,26.13952],[89.09305,26.13681],[89.09465,26.13413],[89.09502,26.13361],[89.0976,26.13181],[89.10062,26.1301],[89.10437,26.12875],[89.10685,26.12778],[89.10841,26.12702],[89.11032,26.12477],[89.11024,26.11938],[89.11058,26.11259],[89.11054,26.11167],[89.11059,26.10879],[89.11131,26.10392],[89.11702,26.10242],[89.11972,26.10026],[89.12024,26.09587],[89.11963,26.09117],[89.12178,26.08747],[89.12169,26.08569],[89.12118,26.08188],[89.12165,26.08011],[89.12051,26.07782],[89.1203,26.07615],[89.1203,26.07368],[89.1209,26.06981],[89.12173,26.067],[89.12513,26.06488],[89.1289,26.06164],[89.1289,26.05671],[89.12702,26.05293],[89.12745,26.04583],[89.13062,26.03828],[89.12645,26.02856],[89.12848,26.01635],[89.12912,26.00995],[89.1283,26.0038],[89.1289,25.99713],[89.13212,25.99034],[89.13264,25.98224],[89.13161,25.97039],[89.12736,25.96495],[89.13019,25.96179],[89.13092,25.96009],[89.13152,25.95718],[89.13158,25.95657],[89.13217,25.95465],[89.1374,25.94747],[89.14264,25.94099],[89.15156,25.93489],[89.15817,25.92933],[89.1604,25.92601],[89.16993,25.91961],[89.17688,25.91482],[89.18306,25.91366],[89.18736,25.90818],[89.19431,25.9054],[89.21063,25.90502]]}},{"type":"Feature","properties":{"river":"teesta","osm_id":826826931},"geometry":{"type":"LineString","coordinates":[[89.48937,25.74796],[89.4894,25.74765],[89.48946,25.74735],[89.48951,25.74711],[89.48955,25.747],[89.4896,25.74689],[89.48971,25.74671],[89.48988,25.74652],[89.49,25.7464],[89.49029,25.74608],[89.49091,25.7454],[89.49113,25.74517],[89.49127,25.74498],[89.49133,25.74486],[89.49145,25.74457],[89.49155,25.74434],[89.49166,25.74418],[89.49185,25.74393],[89.49207,25.74372],[89.49229,25.74356],[89.49257,25.74333],[89.49292,25.74304],[89.49324,25.7428],[89.4936,25.74257],[89.49398,25.74235],[89.49423,25.74218],[89.49453,25.74196],[89.49468,25.74184],[89.49484,25.74177],[89.49514,25.74162],[89.49665,25.74115],[89.49967,25.74091],[89.50216,25.74115],[89.50505,25.74091],[89.50635,25.74218],[89.50669,25.74213],[89.50725,25.74207],[89.5088,25.74129],[89.51207,25.74152],[89.51334,25.74128],[89.51504,25.74096],[89.51552,25.73977],[89.51604,25.73863],[89.51743,25.73727],[89.51825,25.73704],[89.52218,25.72949],[89.52437,25.72368],[89.5253,25.72011],[89.52729,25.71407],[89.52712,25.71187],[89.52707,25.70975],[89.52705,25.70817],[89.52628,25.70554],[89.52881,25.70464],[89.53084,25.70086],[89.5323,25.69928],[89.53338,25.6981],[89.53401,25.69697],[89.53422,25.69615],[89.53395,25.69511],[89.5337,25.69394],[89.53584,25.69147],[89.53737,25.68909],[89.54067,25.68521],[89.54427,25.68338],[89.54643,25.68018],[89.54797,25.67933],[89.54961,25.67704],[89.54937,25.67353],[89.54731,25.66976],[89.54287,25.66239],[89.54,25.66096]]}},{"type":"Feature","properties":{"river":"teesta","osm_id":1214968883},"geometry":{"type":"LineString","coordinates":[[88.65025,27.59771],[88.65197,27.59601]]}},{"type":"Feature","properties":{"river":"teesta","osm_id":1305890093},"geometry":{"type":"LineString","coordinates":[[88.75541,26.45886],[88.76639,26.45586],[88.77863,26.45421],[88.78344,26.45277],[88.78873,26.45371],[88.79185,26.45348],[88.80651,26.44698],[88.80834,26.44224],[88.81103,26.43975],[88.8166,26.43879],[88.82041,26.43487],[88.82377,26.4307],[88.82715,26.42973],[88.83034,26.42681],[88.83432,26.42549],[88.83905,26.42104],[88.84599,26.41874],[88.84963,26.41482],[88.84914,26.41132],[88.84974,26.40147],[88.8528,26.3976],[88.85159,26.39395],[88.85593,26.3924],[88.86169,26.38791],[88.86178,26.38536],[88.8659,26.38218],[88.86532,26.37833],[88.86964,26.37771],[88.86888,26.37606],[88.86536,26.37485],[88.86599,26.37285],[88.86951,26.37103],[88.86792,26.36293],[88.87443,26.35706],[88.87622,26.34774],[88.87904,26.34133],[88.8801,26.33572],[88.88279,26.33109]]}},{"type":"Feature","properties":{"river":"teesta","osm_id":1410444321},"geometry":{"type":"LineString","coordinates":[[88.75541,26.45886],[88.75553,26.45593],[88.76229,26.44687],[88.77121,26.44297],[88.77228,26.43772],[88.77618,26.43393],[88.77811,26.4323],[88.77881,26.42982],[88.78253,26.42895],[88.78552,26.42626],[88.7871,26.4211],[88.78949,26.41934],[88.79451,26.41782],[88.79753,26.41592],[88.80066,26.41286],[88.80184,26.41219],[88.8028,26.40909],[88.8017,26.40815],[88.80528,26.40372],[88.80595,26.39972],[88.80784,26.39862],[88.80851,26.39687],[88.81339,26.3926],[88.81803,26.38683],[88.8209,26.38482],[88.82282,26.38001],[88.82485,26.37857],[88.82617,26.37791],[88.82883,26.37837],[88.83487,26.37591],[88.84056,26.37254],[88.84386,26.36795],[88.84622,26.36671],[88.84947,26.36144],[88.85376,26.36044],[88.85574,26.35468],[88.85737,26.35332],[88.85887,26.35334],[88.8607,26.35421],[88.86353,26.35379],[88.86519,26.35003],[88.86753,26.3465],[88.86784,26.34412],[88.87054,26.34011],[88.87342,26.33815],[88.8801,26.33572]]}},{"type":"Feature","properties":{"river":"teesta","osm_id":1410444322},"geometry":{"type":"LineString","coordinates":[[88.88279,26.33109],[88.88811,26.32535],[88.89279,26.32231],[88.89669,26.3121]]}},{"type":"Feature","properties":{"river":"teesta","osm_id":1410444323},"geometry":{"type":"LineString","coordinates":[[89.25325,25.86868],[89.25588,25.86813],[89.25749,25.86736],[89.25933,25.86577],[89.26836,25.86477],[89.28125,25.86278],[89.29227,25.86315],[89.29869,25.86469],[89.30251,25.86195],[89.3103,25.86646],[89.3124,25.87074],[89.31866,25.86902],[89.32124,25.87145],[89.32474,25.86916],[89.32701,25.8703],[89.33111,25.86956],[89.33202,25.87254],[89.3349,25.87355],[89.34191,25.87051],[89.34638,25.86891],[89.3496,25.8687],[89.35238,25.86772],[89.35573,25.86198],[89.36125,25.86139],[89.36815,25.86157],[89.37932,25.85657],[89.38385,25.84448]]}},{"type":"Feature","properties":{"river":"teesta","osm_id":1410446800},"geometry":{"type":"LineString","coordinates":[[89.52628,25.70554],[89.52585,25.70497],[89.5254,25.7047],[89.5237,25.70325],[89.52123,25.70253],[89.51765,25.70279],[89.51589,25.70277],[89.51458,25.70254],[89.5142,25.70216],[89.51428,25.70177],[89.51454,25.70047],[89.51499,25.69931],[89.51456,25.69806],[89.51388,25.69711],[89.51379,25.69535],[89.51426,25.69311],[89.51456,25.68953],[89.51506,25.68659],[89.51551,25.6846],[89.51624,25.6835],[89.51761,25.6827],[89.52053,25.68187],[89.52263,25.6815],[89.52463,25.68081],[89.52568,25.67839],[89.52664,25.67576],[89.52821,25.67321],[89.53021,25.67021],[89.54,25.66096]]}},{"type":"Feature","properties":{"river":"teesta","osm_id":1458456928},"geometry":{"type":"LineString","coordinates":[[88.67793,26.64694],[88.70224,26.64009],[88.71933,26.62987],[88.72301,26.62766],[88.73486,26.61784],[88.73983,26.61094],[88.74447,26.60188],[88.74893,26.5919],[88.75322,26.57747],[88.7578,26.57054],[88.76039,26.55687],[88.75875,26.55105],[88.75478,26.54707],[88.75453,26.54141],[88.75019,26.539],[88.75156,26.52735],[88.75614,26.52179],[88.75922,26.51261],[88.75757,26.50129],[88.75805,26.49254],[88.76096,26.4797],[88.76272,26.46992],[88.75541,26.45886]]}},{"type":"Feature","properties":{"river":"karatoya","osm_id":234291266},"geometry":{"type":"LineString","coordinates":[[89.53487,24.53046],[89.5357,24.52976],[89.5362,24.52893],[89.53646,24.52798],[89.5363,24.52696],[89.53583,24.52657],[89.53519,24.52617],[89.53328,24.52539],[89.52802,24.52394],[89.52371,24.52347],[89.52126,24.52288],[89.51787,24.52118],[89.51622,24.51915],[89.51678,24.51753],[89.51933,24.51634],[89.52216,24.51587],[89.52463,24.51505],[89.52592,24.5132],[89.52611,24.51164],[89.52401,24.50879],[89.52174,24.50627],[89.51802,24.5041],[89.51504,24.50254],[89.51422,24.50076],[89.51392,24.49809],[89.51369,24.4933],[89.51405,24.48904],[89.51508,24.48795],[89.51727,24.48764],[89.52045,24.48828],[89.52212,24.48893],[89.52229,24.49065],[89.52259,24.49326],[89.52364,24.49482],[89.52603,24.49557],[89.52847,24.49561],[89.53143,24.49463],[89.53251,24.4926],[89.53317,24.49028],[89.5336,24.4883],[89.53384,24.48608],[89.53315,24.48483],[89.53075,24.48428],[89.52839,24.48315],[89.52641,24.48137],[89.52624,24.47963],[89.52665,24.4786],[89.52858,24.47735],[89.53015,24.47715],[89.53339,24.4777],[89.53622,24.47674],[89.53916,24.47586],[89.54201,24.47233],[89.54449,24.46878],[89.54544,24.46666],[89.54656,24.46409],[89.54693,24.46241],[89.54721,24.46073],[89.54731,24.45942],[89.54728,24.45811],[89.54721,24.45657],[89.54673,24.454],[89.5465,24.45279],[89.54648,24.45163],[89.54668,24.45063],[89.54699,24.44969],[89.5474,24.44904],[89.54793,24.44848],[89.54866,24.44817],[89.54946,24.44797],[89.55009,24.44794],[89.55071,24.44802],[89.55197,24.44834],[89.5525,24.4486],[89.55327,24.44897],[89.55444,24.44975],[89.55658,24.45165],[89.55782,24.4531],[89.55903,24.4544],[89.55978,24.45491],[89.56007,24.45503],[89.5604,24.45508],[89.56068,24.45489],[89.56088,24.45466],[89.56098,24.45428],[89.56119,24.45264],[89.56126,24.45104],[89.56116,24.44934],[89.56095,24.44765],[89.5612,24.44679],[89.56116,24.44592],[89.56094,24.44527],[89.5606,24.44461],[89.56056,24.44387],[89.56061,24.44314],[89.56105,24.44188],[89.56141,24.44105],[89.56208,24.44023],[89.56256,24.44005],[89.56305,24.43998],[89.56371,24.44001],[89.56426,24.44038],[89.5646,24.44084],[89.56472,24.44129],[89.56479,24.44283],[89.56472,24.44431],[89.56486,24.4461],[89.56485,24.44674],[89.5649,24.4474],[89.56527,24.44807],[89.56573,24.44828],[89.56632,24.44842],[89.5671,24.44833],[89.56774,24.44803],[89.56851,24.44724],[89.56927,24.44623],[89.57048,24.44384],[89.57114,24.44185],[89.5716,24.43955],[89.57185,24.43764],[89.57216,24.43707],[89.57269,24.4365],[89.57339,24.43608],[89.57445,24.43582],[89.57537,24.4358],[89.57637,24.43602],[89.57737,24.43635],[89.57936,24.43692],[89.58164,24.43734],[89.58333,24.43711],[89.58545,24.43672],[89.58672,24.4361],[89.58793,24.43535],[89.58991,24.4334],[89.59212,24.43068],[89.59295,24.42819],[89.59315,24.42733],[89.59324,24.42684],[89.59325,24.4267],[89.59325,24.42636],[89.59316,24.4258],[89.59298,24.42534],[89.59273,24.42481],[89.59244,24.42435],[89.59205,24.42383],[89.59179,24.42353],[89.59166,24.42337],[89.59157,24.42319],[89.59149,24.42288],[89.59143,24.42263],[89.59132,24.42207],[89.59119,24.42155],[89.59104,24.42088],[89.59086,24.42012],[89.59069,24.41942],[89.59055,24.41892],[89.59047,24.41863],[89.59026,24.41822],[89.58994,24.41793],[89.58964,24.41778],[89.58942,24.41757],[89.58926,24.41742],[89.58911,24.4172],[89.58902,24.41697],[89.58901,24.41663],[89.5891,24.41632],[89.58925,24.41596],[89.58938,24.4156],[89.58958,24.41521],[89.58971,24.41496],[89.58988,24.41474],[89.58994,24.41451],[89.58994,24.41427],[89.58992,24.41386],[89.58984,24.41335],[89.58971,24.41292],[89.58957,24.41257],[89.58936,24.41215],[89.5891,24.41165],[89.58869,24.41114],[89.58826,24.4107],[89.58799,24.41037],[89.5874,24.40984],[89.58688,24.40933],[89.58648,24.40886],[89.5862,24.4084],[89.58592,24.40783],[89.58555,24.40716],[89.58523,24.40664],[89.58478,24.406],[89.58406,24.40526],[89.58344,24.40459],[89.58295,24.40401],[89.58193,24.40313],[89.58128,24.40256],[89.58072,24.402],[89.58034,24.40138],[89.58002,24.40076],[89.5798,24.40011],[89.57989,24.39941],[89.58029,24.39856],[89.58073,24.39807],[89.58138,24.39741],[89.58206,24.39665],[89.58314,24.39544],[89.58412,24.39427],[89.5849,24.39343],[89.58591,24.39279],[89.58737,24.3922],[89.58861,24.39167],[89.59008,24.39107],[89.59137,24.39058],[89.5925,24.39016],[89.59371,24.38981],[89.59532,24.3895],[89.59682,24.38946],[89.59836,24.38959],[89.59989,24.38994],[89.60143,24.39057],[89.60234,24.39117],[89.60298,24.39166],[89.60352,24.39194],[89.60407,24.39194],[89.60493,24.39168],[89.60564,24.3912],[89.60621,24.39069],[89.60688,24.39007],[89.60716,24.3896],[89.60737,24.38897],[89.60741,24.38835],[89.60741,24.38785],[89.60744,24.38748],[89.60757,24.38681],[89.60781,24.38616],[89.60807,24.3854],[89.60822,24.38499],[89.60848,24.38433],[89.60886,24.38332],[89.60909,24.38278],[89.60939,24.38222],[89.60971,24.38168],[89.61008,24.38105],[89.61044,24.38045],[89.61066,24.37972],[89.61074,24.37891],[89.61073,24.37823],[89.61064,24.37746],[89.61039,24.37667],[89.61014,24.37601],[89.60997,24.37567],[89.60973,24.37549],[89.60939,24.37531],[89.60928,24.37515],[89.6092,24.37489],[89.60908,24.37452],[89.60878,24.37416],[89.60846,24.37384],[89.60809,24.37324],[89.60797,24.37279],[89.60796,24.37229],[89.60784,24.37182],[89.60759,24.37156],[89.60724,24.3713],[89.60686,24.37122],[89.6063,24.37112],[89.60579,24.37102],[89.60514,24.37067],[89.60448,24.37022],[89.60401,24.36968],[89.60318,24.36899],[89.60223,24.36853],[89.60084,24.36807],[89.59958,24.36765],[89.59843,24.36736],[89.597,24.36706],[89.59512,24.36684],[89.59147,24.36645],[89.58585,24.36377],[89.58287,24.36215],[89.58078,24.3603],[89.58001,24.3575],[89.58192,24.35486],[89.58334,24.35257],[89.58506,24.34986],[89.58862,24.34839],[89.5916,24.34745],[89.59621,24.34593],[89.59782,24.34555],[89.59877,24.3446],[89.59926,24.34288],[89.59922,24.34028],[89.59858,24.33893],[89.59727,24.33787],[89.59454,24.33599],[89.59115,24.33519],[89.58848,24.33453],[89.58544,24.33469],[89.58283,24.3356],[89.57991,24.33642],[89.57915,24.33658],[89.57829,24.33674],[89.57761,24.33676],[89.57708,24.33657],[89.57656,24.33627],[89.57615,24.33589],[89.57589,24.33549],[89.57591,24.33513],[89.57615,24.33466],[89.57639,24.33416],[89.57679,24.33322],[89.57736,24.33179],[89.57802,24.33062],[89.57977,24.32802],[89.58028,24.32708],[89.58069,24.32609],[89.58097,24.32525],[89.58146,24.32447],[89.58209,24.32401],[89.58285,24.32364],[89.58388,24.32347],[89.5848,24.32339],[89.58585,24.32297],[89.58652,24.32247],[89.58726,24.32156],[89.58785,24.32065],[89.58841,24.31966],[89.58913,24.31872],[89.59013,24.31769],[89.59029,24.31694],[89.59013,24.31643],[89.58977,24.31593],[89.58889,24.31543],[89.58828,24.31398],[89.58787,24.31227],[89.58724,24.31072],[89.58584,24.30929],[89.58535,24.30868],[89.58491,24.30741],[89.58477,24.30619],[89.58535,24.30428],[89.58596,24.30364],[89.58721,24.30275],[89.58924,24.30186],[89.59089,24.30142],[89.59258,24.30105],[89.59325,24.30089],[89.59367,24.30068],[89.59383,24.30043],[89.59433,24.29747],[89.59495,24.29581],[89.59518,24.29427],[89.59522,24.29289],[89.59504,24.29179],[89.59468,24.29069],[89.59408,24.2895],[89.59278,24.2889],[89.58954,24.28797],[89.58806,24.28724],[89.58596,24.28672],[89.58439,24.28611],[89.5831,24.28502],[89.58209,24.28407],[89.58166,24.28342],[89.58155,24.28275],[89.58173,24.28194],[89.58261,24.28077],[89.58321,24.27971],[89.58383,24.27851],[89.58445,24.27741],[89.58487,24.27688],[89.58551,24.27636],[89.58657,24.2755],[89.58732,24.27453],[89.58744,24.27379],[89.58745,24.27339],[89.58634,24.27022],[89.58439,24.26677],[89.58325,24.26478],[89.58206,24.26265],[89.58001,24.25892],[89.57828,24.25475],[89.57701,24.25298],[89.57626,24.25106],[89.57592,24.24967],[89.57559,24.24566],[89.576,24.24239],[89.5765,24.23947],[89.57697,24.23615],[89.57768,24.23276],[89.57892,24.23026],[89.58109,24.2281],[89.58376,24.22743],[89.58699,24.22732],[89.58991,24.22734],[89.5923,24.22825],[89.5966,24.2274],[89.59892,24.22627],[89.60175,24.2247],[89.60284,24.22382]]}},{"type":"Feature","properties":{"river":"karatoya","osm_id":243696543},"geometry":{"type":"LineString","coordinates":[[89.29248,25.14883],[89.2922,25.14866],[89.29166,25.14854],[89.29134,25.14836],[89.29115,25.14831],[89.29104,25.14793],[89.29101,25.1475],[89.29106,25.14713],[89.29096,25.14678],[89.29054,25.14594],[89.29064,25.14566],[89.2905,25.14534],[89.29051,25.14489],[89.29017,25.14447],[89.29015,25.14399],[89.29018,25.14373],[89.29041,25.14336],[89.29043,25.14299],[89.2903,25.14276],[89.29004,25.14261],[89.28985,25.14197],[89.28992,25.1418],[89.29004,25.14168],[89.2903,25.1416],[89.29052,25.1415],[89.29065,25.14129],[89.29058,25.14115],[89.2902,25.14093],[89.28984,25.14041],[89.28993,25.13984],[89.29045,25.1393],[89.29062,25.13912],[89.29068,25.13878],[89.29082,25.13837],[89.29081,25.13819],[89.29066,25.13787],[89.2906,25.13762],[89.29067,25.13747],[89.29086,25.1374],[89.29103,25.1374],[89.2912,25.13742],[89.29147,25.13726],[89.29165,25.13698],[89.29157,25.13676],[89.2914,25.13658],[89.29118,25.13648],[89.2911,25.13633],[89.29108,25.13607],[89.29097,25.1359],[89.29088,25.13582],[89.2908,25.13573],[89.29086,25.13564],[89.29097,25.13559],[89.29109,25.13545],[89.29108,25.1353],[89.29094,25.13525],[89.2906,25.13524],[89.29051,25.13514],[89.29055,25.13486],[89.29065,25.13472],[89.29079,25.13467],[89.29106,25.13464],[89.29114,25.13454],[89.29114,25.13439],[89.29118,25.13429],[89.29176,25.13389],[89.29184,25.13373],[89.29168,25.13312],[89.29166,25.13295],[89.2918,25.13276],[89.29184,25.13258],[89.29215,25.13222],[89.29226,25.13205],[89.29252,25.13193],[89.2929,25.13163],[89.29326,25.13152],[89.29362,25.13151],[89.294,25.13157],[89.29439,25.13142],[89.29457,25.13126],[89.29507,25.13118],[89.29557,25.13117],[89.29609,25.13104],[89.29618,25.13092],[89.29618,25.13078],[89.29588,25.13025],[89.29591,25.13008],[89.296,25.12999],[89.29628,25.12996],[89.2966,25.12978],[89.29667,25.12967],[89.29637,25.12923],[89.29604,25.12913],[89.2958,25.12915],[89.29572,25.12907],[89.2957,25.12878],[89.29562,25.1286],[89.29528,25.1282],[89.29515,25.12796],[89.29521,25.12711],[89.29536,25.12679],[89.29564,25.12659],[89.29565,25.12642],[89.29553,25.12625],[89.29548,25.12611],[89.29562,25.12562],[89.29556,25.12539],[89.2956,25.12513],[89.29551,25.12471],[89.29559,25.1246],[89.29576,25.12452],[89.29632,25.12383],[89.29644,25.12376],[89.2968,25.12369],[89.29724,25.12347],[89.29739,25.12324],[89.29749,25.12313],[89.29822,25.12267],[89.29846,25.12241],[89.29852,25.1221],[89.29847,25.1216],[89.29841,25.1214],[89.29826,25.12129],[89.29786,25.12111],[89.29772,25.12095],[89.29764,25.12066],[89.29752,25.12044],[89.2972,25.12015],[89.29718,25.12001],[89.29727,25.11954],[89.29726,25.11918],[89.29701,25.11861],[89.29691,25.11849],[89.29675,25.11844],[89.29653,25.1185],[89.29638,25.11851],[89.29627,25.1184],[89.29623,25.11821],[89.29628,25.11794],[89.29628,25.11713],[89.29625,25.11694],[89.29613,25.11673],[89.29589,25.11617],[89.29546,25.11527],[89.29507,25.11465],[89.2949,25.11454],[89.29461,25.11407],[89.29442,25.11395],[89.29431,25.11384],[89.29415,25.1136],[89.29399,25.11351],[89.29352,25.11346],[89.29229,25.11306],[89.2922,25.11308],[89.29221,25.11329],[89.29211,25.11334],[89.29173,25.1133],[89.29135,25.11333],[89.29113,25.11326],[89.29094,25.11306],[89.29058,25.11304],[89.29044,25.11297],[89.29043,25.11284],[89.29033,25.11278],[89.29001,25.11279],[89.2898,25.11261],[89.28946,25.11259],[89.28925,25.11228],[89.28896,25.11152],[89.28855,25.11105],[89.28795,25.11116],[89.28773,25.11114],[89.2871,25.1098],[89.28645,25.10859],[89.2863,25.10798],[89.2865,25.10742],[89.28648,25.10719],[89.28443,25.10477],[89.28429,25.10422],[89.28419,25.1035],[89.28362,25.1024],[89.28388,25.10218],[89.28442,25.10194],[89.28502,25.10132],[89.28501,25.1009],[89.28481,25.10036],[89.28516,25.09968],[89.28584,25.0994],[89.28633,25.09969],[89.28697,25.10001],[89.28823,25.0992],[89.28854,25.09865],[89.28853,25.09794],[89.28877,25.09742],[89.2896,25.0971],[89.29008,25.09725],[89.29061,25.09827],[89.2914,25.09845],[89.29348,25.09875],[89.29397,25.09859],[89.29488,25.09744],[89.29508,25.09669],[89.29563,25.09582],[89.29603,25.09426],[89.29631,25.09343],[89.29591,25.09284],[89.29195,25.09291],[89.29064,25.0929],[89.28942,25.09132],[89.28921,25.09057],[89.28929,25.08986],[89.29001,25.08872],[89.29056,25.08699],[89.29145,25.08629],[89.29168,25.08578],[89.2919,25.08493],[89.29171,25.0818],[89.29126,25.08075],[89.29073,25.08055],[89.29022,25.08059],[89.28918,25.08084],[89.28851,25.08071],[89.2879,25.08038],[89.28777,25.07995],[89.28784,25.07915],[89.28738,25.07869],[89.28691,25.07816],[89.28709,25.07761],[89.28766,25.0775],[89.28842,25.07746],[89.28879,25.07701],[89.28876,25.07649],[89.2883,25.07632],[89.28695,25.07615],[89.2863,25.07593],[89.28609,25.07552],[89.2863,25.07525],[89.2877,25.07504],[89.28804,25.0749],[89.2881,25.07458],[89.28797,25.07433],[89.28712,25.07392],[89.28621,25.07281],[89.28563,25.07266],[89.2846,25.07285],[89.28373,25.07274],[89.28325,25.07219],[89.28269,25.07152],[89.28224,25.07096],[89.28238,25.06675],[89.28246,25.06603],[89.2826,25.06522],[89.28279,25.06443],[89.28302,25.06344],[89.28324,25.06236],[89.28334,25.06171],[89.28338,25.06131],[89.28339,25.06103],[89.28336,25.06033],[89.28331,25.05964],[89.28349,25.05889],[89.28458,25.05762],[89.28508,25.05744],[89.28591,25.05714],[89.28624,25.05663],[89.28687,25.05565],[89.28748,25.05467],[89.28805,25.05447],[89.28839,25.05464],[89.28881,25.05545],[89.28947,25.05586],[89.29004,25.05621],[89.29054,25.05698],[89.29139,25.05743],[89.29164,25.05782],[89.2916,25.05823],[89.29154,25.05908],[89.2915,25.05973],[89.29146,25.06083],[89.29105,25.06179],[89.29101,25.06313],[89.29094,25.06489],[89.29085,25.06658],[89.29078,25.06765],[89.29112,25.06803],[89.29162,25.06799],[89.29207,25.06761],[89.29225,25.06714],[89.2926,25.06685],[89.29342,25.06666],[89.29418,25.06649],[89.29476,25.06595],[89.29543,25.06532],[89.29637,25.06439],[89.29715,25.0636],[89.2972,25.06267],[89.29724,25.06122],[89.29722,25.06066],[89.29718,25.06029],[89.29711,25.05989],[89.29691,25.05913],[89.29671,25.05847],[89.29644,25.05772],[89.29624,25.0572],[89.29588,25.0569],[89.29361,25.05508],[89.29173,25.05362],[89.29059,25.05276],[89.28957,25.05204],[89.28896,25.05162],[89.28818,25.05056],[89.28773,25.04997],[89.28664,25.04949],[89.28554,25.04902],[89.28517,25.04853],[89.28375,25.04765],[89.28244,25.04685],[89.28091,25.04692],[89.2796,25.047],[89.27843,25.04709],[89.27762,25.04718],[89.27711,25.04726],[89.27627,25.04741],[89.27572,25.04737],[89.2756,25.04711],[89.27561,25.04669],[89.27584,25.04631],[89.27618,25.04578],[89.27666,25.04506],[89.27703,25.0445],[89.27721,25.04336],[89.27771,25.04034],[89.27789,25.03942],[89.27824,25.03791],[89.2784,25.03729],[89.27871,25.03626],[89.27891,25.03566],[89.27911,25.03504],[89.27869,25.03358],[89.27831,25.03326],[89.27797,25.03298],[89.27792,25.03271],[89.27804,25.03243],[89.2783,25.03226],[89.2787,25.03165],[89.27874,25.03126],[89.27851,25.03075],[89.27823,25.03008],[89.27823,25.02976],[89.27841,25.02948],[89.27876,25.02928],[89.27939,25.0289],[89.27955,25.02828],[89.27976,25.02742],[89.28024,25.02712],[89.28096,25.02699],[89.28145,25.0269],[89.28171,25.02677],[89.28178,25.02652],[89.28179,25.02616],[89.28171,25.0255],[89.28202,25.0252],[89.28275,25.02481],[89.28306,25.02443],[89.2832,25.02395],[89.28319,25.02312],[89.28377,25.02259],[89.28445,25.02226],[89.28497,25.02194],[89.28576,25.02084],[89.28608,25.01995],[89.28625,25.01924],[89.28656,25.01872],[89.28786,25.0179],[89.28846,25.01737],[89.28902,25.01651],[89.28947,25.01565],[89.28952,25.01474],[89.28974,25.01415],[89.29025,25.01373],[89.29098,25.01335],[89.29198,25.01308],[89.29309,25.01299],[89.29391,25.01278],[89.29456,25.01267],[89.29527,25.01278],[89.29575,25.01286],[89.2967,25.01241],[89.2973,25.01224],[89.29771,25.01221],[89.29863,25.01224],[89.29923,25.01247],[89.29985,25.01289],[89.30036,25.01325],[89.3008,25.01329],[89.30115,25.01319],[89.30144,25.01288],[89.3017,25.01223],[89.30155,25.01155],[89.30146,25.01114],[89.30158,25.01077],[89.30186,25.01054],[89.30236,25.0106],[89.30282,25.0109],[89.30335,25.01124],[89.30385,25.01156],[89.30416,25.01175],[89.30432,25.01229],[89.3042,25.01275],[89.30408,25.01322],[89.30442,25.01358],[89.30472,25.01364],[89.30498,25.01357],[89.30549,25.01343],[89.30599,25.01329],[89.30638,25.01317],[89.307,25.01317],[89.30733,25.01326],[89.30768,25.01353],[89.30826,25.01399],[89.30882,25.01442],[89.30924,25.01474],[89.3095,25.01474],[89.3097,25.01449],[89.30983,25.01411],[89.30984,25.01349],[89.30985,25.01285],[89.31012,25.01244],[89.3104,25.01225],[89.31096,25.01185],[89.31121,25.01149],[89.31147,25.01074],[89.31162,25.01029],[89.31195,25.01017],[89.31281,25.00987],[89.31373,25.00955],[89.31449,25.00931],[89.31533,25.00904],[89.31674,25.0086],[89.31704,25.00831],[89.31706,25.00783],[89.31707,25.00768],[89.31705,25.00658],[89.31719,25.00631],[89.31739,25.0062],[89.31804,25.00615],[89.31847,25.0059],[89.31877,25.00542],[89.31917,25.00479],[89.32007,25.00414],[89.32029,25.00414],[89.32084,25.00442],[89.32147,25.00474],[89.32234,25.00518],[89.32366,25.00585],[89.3243,25.00619],[89.32497,25.00652],[89.32571,25.0066],[89.32712,25.00678],[89.32769,25.00687],[89.32929,25.00716],[89.32998,25.0073],[89.33033,25.00725],[89.33093,25.00715],[89.33198,25.00697],[89.33273,25.00639],[89.334,25.0054],[89.33487,25.00513],[89.33543,25.00536],[89.33565,25.00573],[89.33613,25.00651],[89.33647,25.00709],[89.33767,25.00793],[89.33804,25.00817],[89.33909,25.00878],[89.34081,25.00971],[89.3416,25.01009],[89.34201,25.01026],[89.34254,25.01045],[89.34317,25.01065],[89.34386,25.01085],[89.34473,25.01057],[89.34568,25.01026],[89.34628,25.00971],[89.34673,25.00929],[89.34729,25.00876],[89.34841,25.00767],[89.349,25.00709],[89.34915,25.00658],[89.34904,25.00622],[89.34893,25.00589],[89.34872,25.00572],[89.34839,25.00564],[89.3479,25.00585],[89.34748,25.00603],[89.34708,25.00621],[89.34684,25.00633],[89.34649,25.00649],[89.34607,25.00654],[89.34556,25.00636],[89.34501,25.00615],[89.34443,25.00592],[89.34384,25.00568],[89.34376,25.00524],[89.34368,25.00467],[89.34364,25.00431],[89.34363,25.00391],[89.34365,25.00319],[89.3437,25.00241],[89.34377,25.00169],[89.34382,25.00136],[89.34388,25.00085],[89.34394,25.0003],[89.34372,24.99988],[89.3434,24.99929],[89.34305,24.99908],[89.34286,24.9986],[89.34274,24.99828],[89.34258,24.99782],[89.34274,24.99727],[89.34292,24.99665],[89.34319,24.99581],[89.34311,24.99562],[89.34299,24.99537],[89.34269,24.99481],[89.34232,24.99417],[89.34171,24.99313],[89.34139,24.99262],[89.34109,24.99248],[89.33998,24.99198],[89.33952,24.99178],[89.33939,24.99156],[89.33946,24.99131],[89.33982,24.99108],[89.34029,24.99114],[89.34096,24.99123],[89.34117,24.99126],[89.34155,24.99131],[89.34196,24.99114],[89.3423,24.99074],[89.34239,24.99055],[89.34544,24.98965],[89.34571,24.98947],[89.34592,24.98915],[89.34607,24.98892],[89.34605,24.98844],[89.34591,24.98801],[89.34567,24.98779],[89.34547,24.9876],[89.34541,24.98728],[89.3455,24.98674],[89.34574,24.9865],[89.34601,24.98623],[89.34644,24.98583],[89.34721,24.98511],[89.3481,24.98423],[89.34856,24.98373],[89.3487,24.98354],[89.34899,24.98309],[89.34923,24.98265],[89.34957,24.98194],[89.34984,24.98132],[89.35011,24.98066],[89.35038,24.98006],[89.35064,24.97955],[89.35084,24.97919],[89.35113,24.97875],[89.35166,24.97801],[89.35207,24.97747],[89.35242,24.97705],[89.35256,24.9765],[89.35249,24.97603],[89.35228,24.97569],[89.35182,24.97547],[89.35119,24.97519],[89.35088,24.97507],[89.35008,24.97477],[89.34942,24.97455],[89.34896,24.97459],[89.34863,24.97479],[89.34831,24.97499],[89.34812,24.97532],[89.34808,24.97566],[89.34805,24.97597],[89.34798,24.97688],[89.34735,24.97754],[89.34675,24.97815],[89.34618,24.97871],[89.34519,24.97964],[89.34394,24.97943],[89.3436,24.97905],[89.34326,24.97869],[89.34206,24.97824],[89.34109,24.97789],[89.34075,24.97777],[89.34056,24.9777],[89.3401,24.97754],[89.33969,24.97717],[89.33924,24.97676],[89.33916,24.97659],[89.33919,24.97655],[89.33972,24.97589],[89.34036,24.9751],[89.34049,24.97493],[89.34134,24.97387],[89.3415,24.97367],[89.34287,24.97278],[89.34315,24.9726],[89.34329,24.97237],[89.34352,24.97201],[89.34371,24.97171],[89.34402,24.9712],[89.34448,24.97048],[89.34499,24.96989],[89.34553,24.96965],[89.34609,24.96959],[89.34652,24.9696],[89.34718,24.96974],[89.34768,24.96982],[89.34823,24.96986],[89.34845,24.9698],[89.34865,24.96975],[89.34898,24.96948],[89.34923,24.96897],[89.34923,24.96846],[89.34887,24.96796],[89.34817,24.9673],[89.34742,24.96668],[89.34711,24.96636],[89.34643,24.96565],[89.34576,24.96502],[89.34505,24.96448],[89.34499,24.96419],[89.34505,24.96395],[89.34547,24.96353],[89.34567,24.9634],[89.34611,24.96308],[89.34643,24.96285],[89.34659,24.96276],[89.34684,24.9626],[89.34701,24.96253],[89.34887,24.96161],[89.34994,24.96127],[89.35055,24.96085],[89.35109,24.96029],[89.35133,24.95966],[89.35135,24.95896],[89.35124,24.95813],[89.351,24.95722],[89.35095,24.9567],[89.35101,24.95622],[89.35112,24.95566],[89.35133,24.95503],[89.35149,24.95471],[89.3518,24.95439],[89.35212,24.95424],[89.35284,24.95388],[89.35348,24.95379],[89.35431,24.95375],[89.35499,24.95374],[89.3557,24.95395],[89.35616,24.95424],[89.35649,24.9545],[89.35691,24.95498],[89.357,24.95536],[89.35717,24.95563],[89.35753,24.95589],[89.35804,24.9562],[89.35849,24.95632],[89.35886,24.95634],[89.35918,24.9562],[89.35945,24.95599],[89.35957,24.9553],[89.35958,24.95441],[89.35931,24.95365],[89.35901,24.95305],[89.35798,24.95133],[89.35734,24.95067],[89.35667,24.94996],[89.35628,24.94919],[89.35607,24.94838],[89.35658,24.9475],[89.35742,24.94684],[89.35818,24.94653],[89.35948,24.9464],[89.36143,24.94661],[89.3618,24.94651],[89.36197,24.94626],[89.36201,24.94602],[89.36174,24.94556],[89.36102,24.94519],[89.36029,24.94473],[89.36009,24.94436],[89.36006,24.94399],[89.36025,24.9436],[89.36054,24.94353],[89.36084,24.94384],[89.36111,24.94392],[89.36147,24.94383],[89.36188,24.94382],[89.36212,24.944],[89.36237,24.94418],[89.36276,24.94422],[89.36342,24.94401],[89.36372,24.94397],[89.36412,24.94407],[89.36492,24.94449],[89.36542,24.94459],[89.36571,24.94458],[89.36602,24.94442],[89.36624,24.94407],[89.36627,24.94371],[89.36621,24.94338],[89.36599,24.94304],[89.36556,24.94288],[89.36531,24.94269],[89.36516,24.94217],[89.36511,24.94161],[89.36492,24.94048],[89.36451,24.93959],[89.36416,24.9391],[89.36372,24.93846],[89.3636,24.93795],[89.36356,24.9375],[89.36379,24.93676],[89.36417,24.93628],[89.36497,24.93581],[89.36552,24.93554],[89.36609,24.93511],[89.36609,24.9347],[89.36574,24.93428],[89.36516,24.93401],[89.36448,24.93422],[89.36378,24.93492],[89.3629,24.9357],[89.36251,24.9363],[89.36211,24.93727],[89.36179,24.93771],[89.36164,24.93793],[89.36087,24.93865],[89.36023,24.93885],[89.35957,24.93863],[89.35925,24.93809],[89.35856,24.9374],[89.3576,24.93676],[89.35716,24.93621],[89.35698,24.93523],[89.35708,24.93449],[89.35751,24.93342],[89.35768,24.93223],[89.3575,24.93178],[89.35701,24.93146],[89.35603,24.93153],[89.35469,24.93163],[89.35373,24.93166],[89.3532,24.93177],[89.35288,24.93191],[89.35225,24.93266],[89.35193,24.9334],[89.35227,24.9341],[89.35319,24.93443],[89.35364,24.93507],[89.35364,24.93577],[89.35321,24.93673],[89.35285,24.93748],[89.35171,24.93817],[89.35056,24.93885],[89.34989,24.93924],[89.34897,24.93939],[89.34832,24.93918],[89.34798,24.93811],[89.34811,24.93642],[89.34822,24.93474],[89.34828,24.93373],[89.34888,24.93239],[89.34888,24.93235],[89.34976,24.93122],[89.35019,24.93069],[89.35105,24.93013],[89.35245,24.92918],[89.35317,24.92869],[89.3548,24.92851],[89.35542,24.92754],[89.35572,24.92705],[89.3557,24.92697],[89.35545,24.92608],[89.35494,24.92528],[89.35453,24.92461],[89.35414,24.92398],[89.35422,24.92301],[89.3547,24.92195],[89.35514,24.921],[89.35512,24.91966],[89.35454,24.91931],[89.35353,24.91926],[89.35287,24.91923],[89.35221,24.91861],[89.35261,24.91787],[89.35315,24.9176],[89.35426,24.91606],[89.35538,24.91456],[89.35602,24.91367],[89.35671,24.91271],[89.3571,24.91121],[89.3574,24.91007],[89.35797,24.90938],[89.35864,24.90856],[89.35911,24.90796],[89.35899,24.90752],[89.35862,24.90707],[89.35791,24.90658],[89.35727,24.90635],[89.35665,24.9065],[89.35628,24.90672],[89.35583,24.90659],[89.35599,24.90613],[89.35615,24.90565],[89.35704,24.905],[89.35817,24.90419],[89.35931,24.9039],[89.36047,24.90392],[89.3618,24.90351],[89.36308,24.90311],[89.3645,24.90297],[89.36551,24.90317],[89.36549,24.90383],[89.36604,24.9044],[89.36666,24.90427],[89.3677,24.90455],[89.36873,24.90436],[89.36975,24.90409],[89.37037,24.90333],[89.37034,24.90205],[89.37007,24.90081],[89.36864,24.90025],[89.36783,24.90032],[89.36673,24.90069],[89.36624,24.90056],[89.36607,24.90039],[89.36527,24.89938],[89.36516,24.89775],[89.36461,24.89715],[89.36311,24.89701],[89.3618,24.89729],[89.36025,24.89764],[89.35959,24.89779],[89.35909,24.89743],[89.35905,24.89708],[89.35905,24.89705],[89.35938,24.89609],[89.36009,24.89435],[89.36078,24.89259],[89.36125,24.89134],[89.36191,24.88952],[89.36224,24.88863],[89.36247,24.88809],[89.363,24.88693],[89.36349,24.88587],[89.36404,24.8854],[89.36474,24.88481],[89.36517,24.88445],[89.36541,24.88385],[89.36566,24.88323],[89.36538,24.88231],[89.36549,24.88171],[89.366,24.8811],[89.3666,24.8804],[89.36805,24.87988],[89.36939,24.87941],[89.37095,24.87887],[89.37182,24.87855],[89.37256,24.87827],[89.37313,24.87804],[89.37293,24.87764],[89.37414,24.87629],[89.37467,24.87572],[89.37485,24.87553],[89.37543,24.87498],[89.37559,24.87437],[89.37555,24.87387],[89.37533,24.87341],[89.37505,24.87317],[89.37482,24.87265],[89.37506,24.87223],[89.37551,24.87193],[89.37584,24.87161],[89.37647,24.87107],[89.37735,24.87066],[89.37822,24.87052],[89.3791,24.87052],[89.37957,24.8705],[89.37987,24.8705],[89.38057,24.87077],[89.38089,24.87125],[89.38133,24.87168],[89.3818,24.87211],[89.38257,24.87382],[89.38274,24.87506],[89.383,24.87544],[89.38346,24.87563],[89.38418,24.87548],[89.38489,24.87521],[89.38567,24.87461],[89.38573,24.87421],[89.38533,24.87377],[89.38468,24.87366],[89.38401,24.87304],[89.38344,24.87176],[89.38301,24.87082],[89.38276,24.87028],[89.38296,24.869],[89.38327,24.86719],[89.38405,24.86599],[89.38421,24.86508],[89.38385,24.86419],[89.38345,24.86298],[89.38341,24.86236],[89.38343,24.86203],[89.38348,24.86167],[89.38362,24.86088],[89.38365,24.86048],[89.38378,24.86008],[89.38412,24.85948],[89.38423,24.85886],[89.38448,24.85811],[89.38442,24.85772],[89.38339,24.85765],[89.38222,24.85732],[89.3802,24.85686],[89.378,24.85633],[89.37559,24.85602],[89.37441,24.85592],[89.37414,24.85568],[89.37396,24.8553],[89.37382,24.85453],[89.37387,24.85406],[89.3742,24.85312],[89.37464,24.85233],[89.37565,24.85079],[89.37623,24.84964],[89.37675,24.84892],[89.37728,24.84828],[89.37811,24.84736],[89.37872,24.84654],[89.3791,24.84604],[89.37949,24.84564],[89.37985,24.84532],[89.38006,24.84518],[89.38026,24.84497],[89.38083,24.8443],[89.38129,24.84388],[89.38167,24.84364]]}},{"type":"Feature","properties":{"river":"karatoya","osm_id":363489856},"geometry":{"type":"LineString","coordinates":[[88.64406,26.52486],[88.64416,26.52465],[88.6443,26.52414],[88.64455,26.52371],[88.64505,26.52347],[88.64524,26.5233],[88.64542,26.5231],[88.64548,26.52284],[88.6457,26.52264],[88.64599,26.52257],[88.64627,26.52245],[88.64648,26.5223],[88.64661,26.52207],[88.64668,26.52181],[88.6469,26.52165],[88.64806,26.52177],[88.64864,26.52188],[88.64894,26.52181],[88.64922,26.52169],[88.6493,26.52124],[88.64927,26.52077],[88.64905,26.51987],[88.64907,26.5197],[88.64919,26.51956],[88.64962,26.51939],[88.65001,26.5193],[88.6504,26.51925],[88.65101,26.51927],[88.65107,26.51918],[88.65112,26.51908],[88.65126,26.5189],[88.65174,26.5187],[88.65187,26.51846],[88.65197,26.51819],[88.65195,26.51789],[88.65189,26.51759],[88.65177,26.51729],[88.65183,26.51696],[88.65213,26.51672],[88.65246,26.51651],[88.65311,26.51592],[88.65384,26.5154],[88.65397,26.51518],[88.65417,26.51502],[88.65438,26.51506],[88.65457,26.51516],[88.65515,26.51581],[88.65547,26.51591],[88.65579,26.51582],[88.65601,26.51548],[88.656,26.51507],[88.65583,26.51476],[88.65561,26.51445],[88.65604,26.51408],[88.65629,26.51397],[88.65657,26.51393],[88.6567,26.51397],[88.65681,26.51404],[88.65695,26.51425],[88.65702,26.51449],[88.65711,26.51471],[88.65729,26.51475],[88.65756,26.51469],[88.65778,26.51456],[88.65815,26.51428],[88.65837,26.51418],[88.65862,26.51417],[88.6587,26.51426],[88.65869,26.51439],[88.65853,26.5146],[88.65831,26.51493],[88.65834,26.5152],[88.65856,26.51537],[88.65903,26.51537],[88.65929,26.51515],[88.65933,26.51461],[88.65928,26.51406],[88.65911,26.51298],[88.65904,26.51272],[88.65901,26.51244],[88.65909,26.51192],[88.65912,26.51163],[88.65899,26.51137],[88.65893,26.51105],[88.65902,26.5108],[88.65958,26.51021],[88.66002,26.50994],[88.66022,26.50985],[88.66041,26.50981],[88.66213,26.50996],[88.66228,26.50992],[88.66242,26.50986],[88.66258,26.50978],[88.66273,26.50968],[88.66276,26.50964],[88.66279,26.5096],[88.66279,26.50952],[88.66279,26.50948],[88.66277,26.50944],[88.66261,26.5093],[88.66246,26.50917],[88.66237,26.50908],[88.6623,26.50898],[88.66225,26.50886],[88.6622,26.50869],[88.6621,26.50821],[88.66205,26.50796],[88.66203,26.50773],[88.66203,26.50762],[88.66204,26.50749],[88.66208,26.50739],[88.66215,26.50725],[88.66228,26.50709],[88.66241,26.50693],[88.66259,26.50679],[88.66283,26.5066],[88.66315,26.50635],[88.66344,26.5061],[88.6637,26.50587],[88.66389,26.50566],[88.66404,26.50554],[88.66416,26.50549],[88.66434,26.50548],[88.66466,26.50553],[88.6654,26.50572],[88.66556,26.50576],[88.66574,26.50579],[88.6659,26.5058],[88.66608,26.50578],[88.66624,26.50573],[88.66641,26.50565],[88.66654,26.50556],[88.66661,26.50551],[88.66663,26.50543],[88.66663,26.50531],[88.66656,26.50516],[88.66642,26.50497],[88.666,26.50455],[88.66555,26.50409],[88.66534,26.50384],[88.6653,26.50378],[88.66529,26.50372],[88.66528,26.50366],[88.66529,26.50359],[88.66533,26.5035],[88.66537,26.50346],[88.66547,26.50338],[88.66563,26.50329],[88.66638,26.50284],[88.66684,26.50245],[88.66717,26.50212],[88.66736,26.50195],[88.66744,26.50188],[88.66751,26.50184],[88.66759,26.50183],[88.66768,26.50183],[88.66783,26.50187],[88.66798,26.50192],[88.66821,26.50204],[88.66839,26.50212],[88.66856,26.50217],[88.66882,26.50219],[88.66907,26.5021],[88.66927,26.50196],[88.66957,26.50161],[88.66993,26.50127],[88.67026,26.50085],[88.67041,26.50061],[88.67046,26.50054],[88.67054,26.50048],[88.6706,26.50046],[88.67067,26.50046],[88.67074,26.50047],[88.67079,26.5005],[88.6709,26.50056],[88.67109,26.5007],[88.6715,26.50097],[88.67194,26.50132],[88.67205,26.50138],[88.67215,26.5014],[88.67223,26.50141],[88.67229,26.5014],[88.67232,26.50139],[88.67242,26.50135],[88.67249,26.50128],[88.67292,26.5009],[88.67341,26.50053],[88.67375,26.50025],[88.67388,26.50017],[88.67396,26.50013],[88.67403,26.50011],[88.67409,26.50013],[88.67448,26.50033],[88.6748,26.50053],[88.67567,26.5012],[88.67644,26.50155],[88.67684,26.502],[88.67695,26.50211],[88.6771,26.50217],[88.67758,26.50217],[88.67797,26.50209],[88.67845,26.50199],[88.67885,26.50188],[88.67896,26.50177],[88.67904,26.50166],[88.67905,26.50149],[88.67903,26.50131],[88.67897,26.50096],[88.67899,26.50083],[88.67903,26.50071],[88.6791,26.50061],[88.67918,26.50052],[88.67934,26.50048],[88.6795,26.50048],[88.67985,26.50051],[88.68002,26.50051],[88.68012,26.50051],[88.6802,26.50048],[88.6803,26.50042],[88.68035,26.50035],[88.68038,26.50025],[88.68038,26.50015],[88.68041,26.49995],[88.68048,26.4998],[88.68059,26.49962],[88.68084,26.49941],[88.68117,26.49928],[88.68185,26.49908],[88.68283,26.49865],[88.68293,26.49858],[88.68304,26.49846],[88.68342,26.4974],[88.68353,26.49728],[88.68367,26.49716],[88.68384,26.49709],[88.68412,26.49703],[88.68445,26.4971],[88.68486,26.49726],[88.68502,26.49729],[88.68517,26.49727],[88.68529,26.4972],[88.68534,26.49711],[88.68547,26.49684],[88.68555,26.49665],[88.68555,26.49647],[88.68555,26.49627],[88.68556,26.49606],[88.68561,26.49591],[88.68576,26.49566],[88.68593,26.49544],[88.68596,26.4954],[88.68596,26.49534],[88.68589,26.49526],[88.68583,26.49523],[88.68577,26.49521],[88.68511,26.495],[88.68499,26.49495],[88.68494,26.49484],[88.68494,26.49469],[88.685,26.49454],[88.68511,26.49442],[88.68532,26.49431],[88.68566,26.4942],[88.68608,26.49411],[88.68661,26.4941],[88.68697,26.49417],[88.68753,26.49429],[88.68786,26.49436],[88.68805,26.49437],[88.68818,26.49431],[88.68833,26.49422],[88.68846,26.494],[88.68872,26.49341],[88.68886,26.49295],[88.68893,26.49278],[88.68908,26.49254],[88.68918,26.49246],[88.6893,26.4924],[88.68967,26.49239],[88.68995,26.49244],[88.69025,26.49245],[88.69053,26.49241],[88.69078,26.49232],[88.69112,26.49215],[88.69126,26.49196],[88.69132,26.49174],[88.69129,26.49148],[88.69122,26.49095],[88.69115,26.49058],[88.69114,26.49046],[88.69118,26.49034],[88.6913,26.49026],[88.6915,26.49021],[88.69162,26.49021],[88.69181,26.49026],[88.69193,26.49041],[88.69202,26.4905],[88.69231,26.49069],[88.69261,26.49083],[88.69294,26.49095],[88.69332,26.49099],[88.69362,26.49098],[88.69414,26.49088],[88.69464,26.49076],[88.69501,26.4906],[88.6954,26.49042],[88.69559,26.49032],[88.69571,26.49019],[88.69581,26.48996],[88.6959,26.48963],[88.69597,26.48948],[88.69602,26.48934],[88.69604,26.48916],[88.69602,26.48897],[88.69591,26.48863],[88.69585,26.48849],[88.69576,26.48839],[88.69562,26.48834],[88.69524,26.4883],[88.69509,26.4883],[88.69482,26.48827],[88.69447,26.48821],[88.69434,26.48819],[88.69429,26.48817],[88.69425,26.48815],[88.69422,26.48811],[88.69419,26.48808],[88.69418,26.48804],[88.69418,26.48799],[88.69419,26.48795],[88.69426,26.48779],[88.69435,26.4876],[88.69437,26.48755],[88.69439,26.48751],[88.69442,26.48746],[88.69445,26.48743],[88.69448,26.4874],[88.69452,26.48736],[88.69456,26.48733],[88.69461,26.48729],[88.69464,26.48726],[88.69469,26.48722],[88.69473,26.48719],[88.69478,26.48714],[88.69481,26.4871],[88.69484,26.48707],[88.69496,26.48693],[88.69503,26.48679],[88.69505,26.48674],[88.69508,26.48669],[88.69511,26.48663],[88.69513,26.48659],[88.69515,26.48653],[88.69518,26.48644],[88.69521,26.48639],[88.69524,26.48635],[88.69526,26.4863],[88.69528,26.48626],[88.69531,26.4862],[88.69535,26.48615],[88.69537,26.48611],[88.69541,26.48608],[88.69545,26.48606],[88.6955,26.48605],[88.69555,26.48605],[88.6956,26.48605],[88.69569,26.48606],[88.69573,26.48608],[88.69578,26.48609],[88.69583,26.4861],[88.69587,26.48613],[88.69593,26.48614],[88.696,26.48617],[88.69606,26.48619],[88.69611,26.48621],[88.69623,26.48628],[88.69628,26.48631],[88.69632,26.48634],[88.69637,26.48637],[88.69641,26.4864],[88.69646,26.48643],[88.6965,26.48645],[88.69655,26.48648],[88.6967,26.48656],[88.69674,26.48658],[88.69679,26.48659],[88.69684,26.48659],[88.6969,26.48659],[88.69695,26.48658],[88.697,26.48656],[88.69705,26.48654],[88.69709,26.48651],[88.69713,26.48648],[88.69717,26.48646],[88.6972,26.48642],[88.69723,26.48638],[88.69725,26.48635],[88.69729,26.48629],[88.69731,26.48623],[88.69733,26.48618],[88.69734,26.48614],[88.69736,26.48609],[88.69741,26.48583],[88.69744,26.48574],[88.69745,26.48569],[88.69745,26.48564],[88.69745,26.4856],[88.69744,26.48555],[88.69742,26.4855],[88.69741,26.48546],[88.69739,26.48541],[88.69737,26.48535],[88.69735,26.48531],[88.69727,26.48521],[88.69721,26.48515],[88.69717,26.48512],[88.69711,26.48508],[88.69708,26.48503],[88.69704,26.485],[88.697,26.48496],[88.69697,26.48493],[88.69688,26.48486],[88.69684,26.48482],[88.6968,26.48478],[88.69675,26.48475],[88.69671,26.48472],[88.69667,26.48469],[88.69643,26.48457],[88.6963,26.48442],[88.69625,26.48433],[88.69623,26.48429],[88.6962,26.48419],[88.69619,26.48413],[88.69619,26.48408],[88.69619,26.48403],[88.69619,26.48398],[88.6962,26.48393],[88.69624,26.48386],[88.69626,26.48382],[88.69629,26.48377],[88.69631,26.48373],[88.69633,26.48369],[88.69637,26.48365],[88.6964,26.48362],[88.69644,26.48358],[88.69648,26.48356],[88.69653,26.48354],[88.69658,26.48353],[88.69664,26.48353],[88.69669,26.48353],[88.69674,26.48353],[88.6968,26.48353],[88.69688,26.48353],[88.69693,26.48353],[88.69698,26.48352],[88.69703,26.48351],[88.69708,26.48349],[88.69714,26.48348],[88.69718,26.48346],[88.69725,26.48341],[88.6973,26.48337],[88.69735,26.48332],[88.69737,26.48328],[88.69739,26.48324],[88.69744,26.48296],[88.69745,26.48286],[88.69742,26.48267],[88.6974,26.48261],[88.69737,26.48251],[88.69734,26.48242],[88.69729,26.4823],[88.69725,26.48222],[88.69723,26.48215],[88.69721,26.48207],[88.69709,26.48184],[88.69706,26.48168],[88.69705,26.48162],[88.69704,26.48157],[88.69704,26.48153],[88.69704,26.48148],[88.69705,26.48138],[88.69706,26.48133],[88.69708,26.48128],[88.69709,26.48122],[88.69711,26.48118],[88.69714,26.48114],[88.69716,26.4811],[88.69771,26.48071],[88.69798,26.48053],[88.69818,26.48038],[88.69823,26.48034],[88.69827,26.48031],[88.69833,26.48028],[88.69838,26.48025],[88.69844,26.48021],[88.69849,26.48018],[88.69853,26.48016],[88.69857,26.48014],[88.69868,26.48012],[88.69882,26.48012],[88.69906,26.48007],[88.69922,26.47999],[88.69927,26.47997],[88.6994,26.47987],[88.69948,26.47978],[88.69952,26.47974],[88.69955,26.47971],[88.69958,26.47967],[88.6996,26.47963],[88.69963,26.47956],[88.69965,26.4795],[88.69968,26.47946],[88.69969,26.47942],[88.6997,26.47938],[88.69971,26.47933],[88.69972,26.47929],[88.69973,26.47906],[88.69982,26.47886],[88.69985,26.47881],[88.69986,26.47877],[88.70007,26.47843],[88.70014,26.47834],[88.70017,26.47831],[88.70018,26.47828],[88.70021,26.47826],[88.70023,26.47825],[88.70025,26.47822],[88.70027,26.4782],[88.7003,26.47819],[88.70032,26.47816],[88.70034,26.47815],[88.70037,26.47813],[88.70041,26.47811],[88.70044,26.47808],[88.70047,26.47806],[88.70051,26.47803],[88.70053,26.47801],[88.70056,26.47797],[88.7006,26.47794],[88.70062,26.4779],[88.70064,26.47788],[88.70073,26.47778],[88.70077,26.47768],[88.70078,26.47765],[88.70078,26.47762],[88.70078,26.47759],[88.70078,26.47756],[88.70078,26.47753],[88.70078,26.4775],[88.70077,26.47746],[88.70076,26.47742],[88.70075,26.47739],[88.70073,26.47734],[88.70071,26.47729],[88.70069,26.47725],[88.70067,26.47722],[88.70065,26.47719],[88.70064,26.47716],[88.70063,26.47714],[88.70062,26.47711],[88.7006,26.47707],[88.70058,26.47702],[88.70057,26.47697],[88.70057,26.47694],[88.70056,26.47691],[88.70056,26.47689],[88.70057,26.47675],[88.70069,26.47654],[88.70073,26.47652],[88.7008,26.47648],[88.70083,26.47645],[88.70088,26.47642],[88.70096,26.47635],[88.70099,26.47634],[88.70107,26.47627],[88.70112,26.47624],[88.70114,26.47623],[88.70117,26.47622],[88.70121,26.4762],[88.70124,26.47619],[88.70128,26.47618],[88.70132,26.47617],[88.70135,26.47617],[88.70138,26.47616],[88.70141,26.47616],[88.70144,26.47615],[88.70148,26.47615],[88.70153,26.47614],[88.70156,26.47614],[88.70159,26.47614],[88.70163,26.47614],[88.70167,26.47613],[88.7017,26.47613],[88.70178,26.47613],[88.70198,26.47611],[88.70201,26.4761],[88.70209,26.47608],[88.70215,26.47606],[88.70218,26.47605],[88.70221,26.47604],[88.70223,26.47603],[88.70226,26.47602],[88.70229,26.476],[88.70232,26.47597],[88.70234,26.47595],[88.70237,26.47592],[88.70239,26.47588],[88.70242,26.47583],[88.70248,26.47561],[88.70268,26.4748],[88.70281,26.47424],[88.70282,26.47406],[88.70279,26.47374],[88.70279,26.47366],[88.70274,26.47314],[88.70273,26.47303],[88.7027,26.47288],[88.70266,26.47277],[88.70249,26.47232],[88.70239,26.47211],[88.70235,26.47205],[88.70232,26.472],[88.70228,26.47195],[88.70223,26.4719],[88.70219,26.47186],[88.70212,26.4718],[88.70205,26.47176],[88.70149,26.47141],[88.701,26.47109],[88.70089,26.47098],[88.7008,26.47086],[88.70073,26.47071],[88.70072,26.47059],[88.70071,26.47056],[88.70071,26.47052],[88.70072,26.47048],[88.70073,26.47041],[88.70075,26.47035],[88.70076,26.47031],[88.70078,26.47027],[88.70079,26.47023],[88.70081,26.4702],[88.70084,26.47016],[88.70087,26.47013],[88.7009,26.47009],[88.70094,26.47007],[88.70097,26.47004],[88.70101,26.47001],[88.70104,26.46999],[88.70109,26.46997],[88.70113,26.46994],[88.70132,26.46983],[88.70151,26.46969],[88.70155,26.46965],[88.70161,26.46961],[88.70164,26.46958],[88.70168,26.46956],[88.70172,26.46953],[88.70175,26.46951],[88.7018,26.46948],[88.70184,26.46945],[88.7019,26.46941],[88.70194,26.46939],[88.70201,26.46935],[88.70205,26.46932],[88.70208,26.4693],[88.70214,26.46925],[88.70221,26.46918],[88.70225,26.46912],[88.70228,26.46909],[88.70242,26.46892],[88.70245,26.46888],[88.70248,26.46886],[88.70252,26.46883],[88.70256,26.4688],[88.70258,26.46877],[88.70258,26.46873],[88.70258,26.46869],[88.70258,26.46866],[88.70256,26.46857],[88.70247,26.46825],[88.70242,26.46817],[88.70239,26.46816],[88.70237,26.46814],[88.70232,26.46811],[88.70229,26.4681],[88.70226,26.46808],[88.70221,26.46807],[88.70219,26.46805],[88.70152,26.46783],[88.70147,26.46781],[88.70146,26.4678],[88.70144,26.46779],[88.70143,26.46778],[88.70141,26.46777],[88.7014,26.46776],[88.70139,26.46775],[88.70137,26.46773],[88.70125,26.46757],[88.70122,26.46752],[88.70122,26.4675],[88.70121,26.46749],[88.70116,26.46741],[88.70111,26.4673],[88.7011,26.46725],[88.7011,26.46723],[88.70108,26.46709],[88.70111,26.46691],[88.70117,26.46672],[88.70123,26.46658],[88.70129,26.4665],[88.70131,26.46648],[88.70133,26.46646],[88.70136,26.46644],[88.70137,26.46643],[88.70141,26.4664],[88.70145,26.46638],[88.70147,26.46637],[88.70149,26.46635],[88.70152,26.46633],[88.70154,26.4663],[88.70157,26.46628],[88.70159,26.46626],[88.70167,26.46618],[88.7018,26.4661],[88.70183,26.4661],[88.70185,26.46609],[88.70188,26.46608],[88.70191,26.46607],[88.70195,26.46606],[88.70199,26.46606],[88.70218,26.46604],[88.70239,26.46596],[88.70243,26.46594],[88.70262,26.46579],[88.70273,26.46573],[88.70276,26.46571],[88.70279,26.46569],[88.70283,26.46567],[88.70285,26.46565],[88.70288,26.46563],[88.70291,26.46561],[88.70295,26.46559],[88.70322,26.46544],[88.70337,26.46534],[88.70339,26.46532],[88.70341,26.46529],[88.70343,26.46528],[88.70344,26.46526],[88.70349,26.46519],[88.70349,26.46516],[88.70347,26.46504],[88.70344,26.46497],[88.70339,26.46491],[88.70328,26.46482],[88.70308,26.46475],[88.70284,26.46465],[88.70247,26.4645],[88.70216,26.4644],[88.70192,26.46436],[88.7016,26.46427],[88.70151,26.46424],[88.70144,26.4642],[88.70134,26.46414],[88.70127,26.46409],[88.70123,26.46405],[88.7012,26.46401],[88.70118,26.46395],[88.70115,26.46388],[88.70115,26.46379],[88.70116,26.46371],[88.70117,26.46369],[88.70118,26.46367],[88.70119,26.46364],[88.7012,26.46362],[88.70121,26.4636],[88.70123,26.46358],[88.70125,26.46356],[88.70128,26.46353],[88.70131,26.46351],[88.70183,26.46301],[88.70254,26.4624],[88.70292,26.46211],[88.70314,26.46186],[88.70322,26.46168],[88.70324,26.46158],[88.70324,26.46149],[88.70324,26.46142],[88.70324,26.46136],[88.70324,26.46131],[88.70332,26.46099],[88.70341,26.46086],[88.70345,26.46082],[88.70349,26.46079],[88.70354,26.46076],[88.70359,26.46074],[88.70365,26.46073],[88.70406,26.46068],[88.70428,26.46064],[88.70433,26.46062],[88.70439,26.46061],[88.70444,26.46061],[88.7045,26.46061],[88.70456,26.46061],[88.70463,26.46061],[88.70468,26.46062],[88.70474,26.46063],[88.70479,26.46063],[88.70487,26.46061],[88.70495,26.4606],[88.705,26.46058],[88.70504,26.46056],[88.7055,26.46037],[88.70568,26.46028],[88.70573,26.46023],[88.70574,26.46018],[88.70575,26.46014],[88.70575,26.4601],[88.70575,26.46004],[88.70574,26.45997],[88.70569,26.45973],[88.70554,26.45937],[88.70551,26.45932],[88.70545,26.45923],[88.70541,26.45917],[88.70536,26.45909],[88.7053,26.45901],[88.70525,26.45896],[88.70504,26.45863],[88.70479,26.45819],[88.70469,26.45794],[88.70465,26.45784],[88.7046,26.45776],[88.70456,26.45772],[88.70453,26.45768],[88.70449,26.45763],[88.70444,26.45759],[88.70441,26.45756],[88.70438,26.45752],[88.70434,26.45748],[88.7043,26.45744],[88.70418,26.45734],[88.70412,26.45726],[88.70411,26.4572],[88.70411,26.45715],[88.70411,26.4571],[88.70412,26.45706],[88.70416,26.45701],[88.7042,26.45698],[88.70424,26.45694],[88.70429,26.45692],[88.70434,26.45691],[88.70438,26.4569],[88.70444,26.45688],[88.70449,26.45688],[88.70456,26.45687],[88.7046,26.45688],[88.70466,26.45689],[88.70471,26.4569],[88.70475,26.45691],[88.7048,26.45693],[88.70484,26.45695],[88.70489,26.45696],[88.70494,26.45698],[88.70497,26.457],[88.70502,26.45703],[88.70506,26.45705],[88.7051,26.45708],[88.70514,26.45711],[88.70519,26.45715],[88.70525,26.4572],[88.70529,26.45723],[88.70532,26.45727],[88.70537,26.45731],[88.7054,26.45734],[88.70544,26.45738],[88.70549,26.45742],[88.70552,26.45745],[88.70557,26.45749],[88.70561,26.45752],[88.70565,26.45754],[88.7057,26.45757],[88.70575,26.4576],[88.70583,26.45768],[88.70592,26.45774],[88.70596,26.45778],[88.706,26.45781],[88.70606,26.45787],[88.7061,26.45793],[88.70619,26.45807],[88.70627,26.45814],[88.70631,26.45818],[88.70638,26.45824],[88.70643,26.45829],[88.70648,26.45833],[88.70652,26.45837],[88.70657,26.45841],[88.70661,26.45844],[88.70665,26.45846],[88.70671,26.4585],[88.70675,26.45852],[88.7068,26.45854],[88.70685,26.45855],[88.7069,26.45856],[88.70696,26.45856],[88.70702,26.45856],[88.70706,26.45856],[88.70711,26.45856],[88.70716,26.45854],[88.70721,26.45852],[88.70725,26.45847],[88.70729,26.45842],[88.7073,26.45838],[88.70733,26.45832],[88.70733,26.45827],[88.70735,26.45818],[88.70736,26.4581],[88.70736,26.45797],[88.70736,26.45788],[88.70731,26.45771],[88.70733,26.45759],[88.70735,26.45753],[88.70737,26.45745],[88.70739,26.45734],[88.7074,26.45725],[88.70742,26.45711],[88.70744,26.45702],[88.70745,26.45689],[88.70749,26.45668],[88.70752,26.45649],[88.70754,26.45641],[88.70756,26.45634],[88.7076,26.45627],[88.70763,26.45622],[88.70766,26.45616],[88.7077,26.45611],[88.70776,26.45607],[88.70782,26.45603],[88.70801,26.45592],[88.7083,26.45574],[88.70838,26.45569],[88.70846,26.45566],[88.70851,26.45565],[88.7086,26.45564],[88.70864,26.45564],[88.70869,26.45564],[88.70876,26.45566],[88.70882,26.45567],[88.70894,26.45571],[88.70923,26.45584],[88.70957,26.45593],[88.70965,26.45595],[88.70978,26.45597],[88.7099,26.456],[88.70999,26.45604],[88.71011,26.45606],[88.71022,26.4561],[88.71028,26.45613],[88.71035,26.45615],[88.71039,26.45617],[88.71045,26.45618],[88.71053,26.45621],[88.7106,26.45622],[88.71065,26.45622],[88.71071,26.45622],[88.71076,26.45621],[88.7108,26.4562],[88.71086,26.45617],[88.71092,26.45614],[88.71098,26.45611],[88.71102,26.45608],[88.71106,26.45604],[88.71109,26.456],[88.71111,26.45595],[88.71114,26.45588],[88.7114,26.45529],[88.71155,26.45504],[88.71158,26.45497],[88.71165,26.45484],[88.71176,26.45465],[88.71183,26.4545],[88.71187,26.4544],[88.7119,26.45432],[88.71191,26.45425],[88.71192,26.45412],[88.7119,26.45393],[88.71189,26.45388],[88.71186,26.45372],[88.71183,26.45361],[88.71179,26.4535],[88.71177,26.45344],[88.71173,26.45331],[88.71173,26.45322],[88.71173,26.45317],[88.71175,26.45313],[88.71176,26.45308],[88.71179,26.45304],[88.71182,26.45301],[88.71186,26.45298],[88.71191,26.45295],[88.71195,26.45292],[88.71202,26.45289],[88.71207,26.45286],[88.71211,26.45283],[88.71216,26.45281],[88.71222,26.4528],[88.71228,26.4528],[88.71238,26.45281],[88.71242,26.45283],[88.71247,26.45286],[88.71251,26.45288],[88.71255,26.45291],[88.71258,26.45294],[88.71263,26.45297],[88.71267,26.45301],[88.71271,26.45304],[88.71344,26.45376],[88.71377,26.45411],[88.71389,26.45422],[88.71393,26.45425],[88.71398,26.45428],[88.71402,26.4543],[88.71407,26.45431],[88.71413,26.45432],[88.71418,26.45432],[88.71425,26.45432],[88.71431,26.4543],[88.71436,26.45429],[88.71444,26.45426],[88.7145,26.45423],[88.71456,26.4542],[88.7146,26.45417],[88.71464,26.45414],[88.71469,26.45411],[88.71474,26.45406],[88.71481,26.45399],[88.71487,26.45392],[88.71493,26.45386],[88.71497,26.4538],[88.71501,26.45376],[88.71504,26.45372],[88.71516,26.4535],[88.71529,26.45341],[88.71533,26.45337],[88.71537,26.45335],[88.71541,26.45332],[88.71546,26.45329],[88.7155,26.45326],[88.71553,26.45322],[88.71557,26.45318],[88.71563,26.45312],[88.7157,26.45304],[88.71573,26.45301],[88.71577,26.45296],[88.71581,26.45292],[88.71585,26.45288],[88.71588,26.45282],[88.7159,26.45278],[88.71592,26.45273],[88.71593,26.45269],[88.71595,26.45265],[88.71599,26.4526],[88.71602,26.45255],[88.71604,26.45252],[88.71608,26.45248],[88.71612,26.45246],[88.71616,26.45243],[88.71622,26.45241],[88.71627,26.45241],[88.71633,26.45241],[88.71638,26.45242],[88.71643,26.45243],[88.71648,26.45245],[88.71652,26.45247],[88.71661,26.45251],[88.71668,26.45254],[88.71675,26.45256],[88.71683,26.45259],[88.71689,26.4526],[88.71695,26.45262],[88.71701,26.45264],[88.71705,26.45266],[88.7171,26.45269],[88.71715,26.45271],[88.71719,26.45273],[88.71727,26.45278],[88.71731,26.4528],[88.71744,26.45288],[88.71753,26.45291],[88.71758,26.45293],[88.71764,26.45294],[88.71769,26.45295],[88.71774,26.45295],[88.7178,26.45295],[88.71785,26.45295],[88.7179,26.45294],[88.71795,26.45292],[88.71801,26.45288],[88.71804,26.45283],[88.71807,26.45277],[88.71811,26.45266],[88.71815,26.45256],[88.71817,26.4525],[88.71834,26.45219],[88.71841,26.45199],[88.71844,26.45193],[88.71848,26.45185],[88.71851,26.45177],[88.71852,26.4517],[88.71861,26.45131],[88.71861,26.45094],[88.71859,26.4508],[88.71858,26.45074],[88.71844,26.45048],[88.71839,26.45034],[88.71834,26.4502],[88.71834,26.45015],[88.71834,26.45011],[88.71834,26.45005],[88.71838,26.44998],[88.71848,26.4499],[88.71879,26.44977],[88.72075,26.44912],[88.721,26.44903],[88.72109,26.44901],[88.7212,26.44898],[88.72132,26.44897],[88.72141,26.44897],[88.72202,26.44911],[88.72218,26.44916],[88.7223,26.44917],[88.72235,26.44917],[88.72239,26.44916],[88.72245,26.44915],[88.72252,26.44913],[88.72256,26.44912],[88.72262,26.44906],[88.72268,26.44899],[88.72275,26.44889],[88.72278,26.44884],[88.7228,26.4488],[88.72284,26.44872],[88.7229,26.44855],[88.72291,26.44851],[88.72297,26.44838],[88.72308,26.44829],[88.72312,26.44826],[88.72316,26.44821],[88.72319,26.44816],[88.72322,26.44809],[88.72325,26.44795],[88.72325,26.44787],[88.72325,26.44782],[88.72325,26.44771],[88.72325,26.44762],[88.72324,26.44754],[88.72324,26.4474],[88.72326,26.4473],[88.7233,26.44723],[88.72337,26.44714],[88.72342,26.44709],[88.72368,26.44695],[88.72382,26.44685],[88.72386,26.44681],[88.72415,26.4465],[88.72431,26.4464],[88.72436,26.44637],[88.7244,26.44635],[88.72446,26.44633],[88.72457,26.44629],[88.72474,26.44627],[88.72498,26.44636],[88.7252,26.44648],[88.72589,26.44699],[88.72606,26.4471],[88.72627,26.44717],[88.7266,26.4472],[88.72676,26.44717],[88.72688,26.44711],[88.72691,26.44708],[88.72695,26.44704],[88.72698,26.44698],[88.72701,26.44692],[88.72703,26.44684],[88.72705,26.44675],[88.72706,26.44667],[88.72706,26.44661],[88.72704,26.44648],[88.72702,26.44638],[88.72698,26.44627],[88.72697,26.44622],[88.72618,26.44472],[88.72617,26.44454],[88.72618,26.44446],[88.72621,26.44428],[88.72624,26.4441],[88.72627,26.44406],[88.72631,26.444],[88.72635,26.44396],[88.7264,26.44392],[88.72648,26.44386],[88.72652,26.44384],[88.72659,26.44381],[88.72668,26.44378],[88.72674,26.44376],[88.72684,26.44373],[88.72695,26.44371],[88.72704,26.4437],[88.72716,26.44371],[88.72721,26.44372],[88.72731,26.44374],[88.72739,26.44376],[88.72751,26.44378],[88.72765,26.44382],[88.72779,26.44385],[88.72797,26.4439],[88.72804,26.44393],[88.72827,26.44399],[88.72891,26.44424],[88.72922,26.44437],[88.72932,26.44443],[88.72943,26.44447],[88.72989,26.44465],[88.73018,26.44472],[88.73027,26.44473],[88.73032,26.44473],[88.73037,26.44472],[88.73043,26.44469],[88.73047,26.44468],[88.73053,26.44464],[88.73057,26.4446],[88.73061,26.44455],[88.73065,26.4445],[88.73066,26.44444],[88.73067,26.44438],[88.73067,26.44432],[88.73066,26.44427],[88.73061,26.44412],[88.73057,26.44402],[88.73054,26.44397],[88.73047,26.44389],[88.73044,26.44385],[88.73041,26.44382],[88.72878,26.4423],[88.72867,26.44217],[88.72863,26.44211],[88.7286,26.44206],[88.72849,26.44188],[88.72847,26.44183],[88.72845,26.44178],[88.72844,26.44173],[88.72843,26.44168],[88.72843,26.44161],[88.72843,26.44157],[88.72843,26.44147],[88.72844,26.4414],[88.72845,26.44135],[88.72847,26.4413],[88.72857,26.44093],[88.72858,26.44079],[88.7286,26.44075],[88.72861,26.4407],[88.72864,26.44065],[88.72866,26.44059],[88.72869,26.44055],[88.72872,26.4405],[88.72876,26.44045],[88.7288,26.4404],[88.72884,26.44036],[88.72887,26.44034],[88.72891,26.44029],[88.72926,26.44006],[88.72941,26.43997],[88.72944,26.43995],[88.72952,26.43991],[88.72967,26.43984],[88.72983,26.43976],[88.72991,26.43973],[88.73004,26.4397],[88.73013,26.43967],[88.73026,26.43964],[88.73038,26.43961],[88.73052,26.43956],[88.73062,26.43953],[88.73082,26.43944],[88.73097,26.43936],[88.73102,26.43934],[88.73108,26.43931],[88.73113,26.43928],[88.73119,26.43924],[88.73125,26.43919],[88.73131,26.4391],[88.73132,26.43891],[88.73138,26.43845],[88.73143,26.43814],[88.73145,26.43804],[88.73146,26.43795],[88.73136,26.4373],[88.73129,26.43707],[88.73122,26.4369],[88.73119,26.43681],[88.73118,26.43676],[88.73095,26.43632],[88.73083,26.43595],[88.73073,26.43546],[88.73066,26.43536],[88.73063,26.43531],[88.73055,26.43518],[88.73048,26.43514],[88.7303,26.43509],[88.7302,26.43511],[88.73014,26.43512],[88.73007,26.43514],[88.72992,26.43516],[88.72979,26.43519],[88.72971,26.43523],[88.72961,26.43528],[88.72949,26.43534],[88.72939,26.43537],[88.72932,26.4354],[88.72927,26.43542],[88.72922,26.43545],[88.72915,26.43547],[88.72907,26.4355],[88.72901,26.4355],[88.72892,26.4355],[88.72884,26.43548],[88.72878,26.43546],[88.72871,26.43543],[88.72866,26.4354],[88.72861,26.43536],[88.72854,26.43531],[88.72848,26.43527],[88.72845,26.4352],[88.72844,26.43514],[88.72844,26.43509],[88.72845,26.43502],[88.72846,26.43492],[88.72847,26.43487],[88.72849,26.43479],[88.72852,26.43475],[88.72854,26.4347],[88.72858,26.43465],[88.72862,26.43458],[88.72866,26.43452],[88.72871,26.43447],[88.72875,26.43442],[88.72882,26.43436],[88.72884,26.4343],[88.72895,26.43404],[88.72895,26.43362],[88.72896,26.43351],[88.72896,26.43336],[88.72896,26.43315],[88.72889,26.43265],[88.72888,26.43247],[88.72896,26.43222],[88.72917,26.4319],[88.72932,26.43161],[88.72945,26.43129],[88.72951,26.4311],[88.72951,26.4309],[88.72943,26.43073],[88.72929,26.43059],[88.72902,26.43049],[88.7287,26.4305],[88.7284,26.43047],[88.7281,26.43048],[88.72782,26.43034],[88.72764,26.4301],[88.7275,26.42977],[88.72744,26.4296],[88.72731,26.42946],[88.72662,26.42901],[88.72596,26.42872],[88.72538,26.42823],[88.72526,26.42674],[88.72511,26.42615],[88.72483,26.42559],[88.72412,26.4253],[88.72333,26.42514],[88.72275,26.42443],[88.72249,26.42369],[88.7229,26.4221],[88.72266,26.42155],[88.72235,26.42098],[88.72387,26.41876],[88.72392,26.41796],[88.72379,26.41754],[88.72297,26.41733],[88.722,26.4173],[88.72071,26.4175],[88.72021,26.41768],[88.71984,26.41751],[88.71941,26.41699],[88.71945,26.41674],[88.71957,26.41653],[88.71983,26.41629],[88.72031,26.41561],[88.72052,26.41498],[88.72083,26.41358],[88.72125,26.41319],[88.72347,26.41255],[88.72424,26.41207],[88.72491,26.41149],[88.72503,26.41111],[88.72497,26.41035],[88.72501,26.40995],[88.7259,26.40949],[88.72734,26.40931],[88.72819,26.40918],[88.72845,26.40894],[88.72865,26.40874],[88.72926,26.40707],[88.7291,26.40554],[88.72781,26.40441],[88.72767,26.40411],[88.72773,26.40388],[88.7279,26.4037],[88.729,26.40287],[88.7291,26.40237],[88.72853,26.40165],[88.7277,26.40084],[88.72752,26.40068],[88.72736,26.40049],[88.72708,26.40009],[88.72701,26.39999],[88.72699,26.39987],[88.72703,26.39963],[88.7272,26.39933],[88.72749,26.399],[88.72778,26.39887],[88.72806,26.39877],[88.72828,26.39873],[88.72849,26.39867],[88.72869,26.39863],[88.72888,26.39855],[88.72921,26.39843],[88.72938,26.39837],[88.73053,26.39802],[88.73144,26.39735],[88.73157,26.39717],[88.73204,26.39633],[88.73208,26.39623],[88.73216,26.396],[88.73221,26.39567],[88.7322,26.39551],[88.73217,26.3953],[88.73213,26.39508],[88.73198,26.39486],[88.73163,26.3948],[88.73153,26.39481],[88.73135,26.39481],[88.73116,26.39477],[88.73098,26.39468],[88.73094,26.39458],[88.73097,26.39447],[88.73106,26.39414],[88.73109,26.39397],[88.73101,26.39377],[88.73093,26.39366],[88.73083,26.39361],[88.73049,26.39357],[88.7299,26.3935],[88.72977,26.3935],[88.72956,26.39344],[88.72939,26.39333],[88.72931,26.39317],[88.72925,26.393],[88.72922,26.3926],[88.72926,26.39225],[88.72933,26.39212],[88.72944,26.39199],[88.72964,26.3918],[88.73054,26.3911],[88.73218,26.38955],[88.73296,26.38879],[88.73307,26.38866],[88.73314,26.38849],[88.73321,26.38821],[88.7333,26.38757],[88.73334,26.38736],[88.73339,26.38715],[88.73348,26.38692],[88.73357,26.38671],[88.73367,26.38656],[88.73382,26.38637],[88.73413,26.38601],[88.73478,26.38528],[88.73595,26.38371],[88.73608,26.38362],[88.73617,26.38358],[88.73627,26.38356],[88.73642,26.38356],[88.73653,26.38358],[88.73776,26.38384],[88.7381,26.38388],[88.73849,26.38383],[88.73865,26.38372],[88.73912,26.38338],[88.7394,26.38282],[88.7395,26.38262],[88.7396,26.38211],[88.73934,26.38199],[88.73901,26.38197],[88.73868,26.38184],[88.73841,26.38161],[88.73844,26.38132],[88.73862,26.38104],[88.73917,26.38058],[88.73931,26.38009],[88.73893,26.37923],[88.73863,26.37877],[88.73846,26.37807],[88.73883,26.37736],[88.73961,26.37682],[88.74044,26.37652],[88.74059,26.3764],[88.74068,26.37613],[88.7402,26.37546],[88.73952,26.37502],[88.73925,26.37414],[88.73904,26.37323],[88.73838,26.37146],[88.73842,26.37078],[88.73765,26.36951],[88.73726,26.36837],[88.73688,26.36776],[88.73629,26.36647],[88.73628,26.36586],[88.73656,26.36576],[88.73687,26.36576],[88.73744,26.36586],[88.73802,26.36572],[88.73828,26.36553],[88.73846,26.36522],[88.73825,26.36471],[88.73792,26.36424],[88.73744,26.36386],[88.73702,26.36347],[88.73696,26.36293],[88.73713,26.36243],[88.73745,26.36179],[88.73745,26.36102],[88.73771,26.35986],[88.738,26.35931],[88.73854,26.35894],[88.73943,26.35869],[88.73963,26.35863],[88.74039,26.35862],[88.74085,26.35861],[88.74137,26.35849],[88.74186,26.3579],[88.74216,26.35732],[88.7427,26.35676],[88.74358,26.35656],[88.74448,26.35619],[88.74541,26.35543],[88.74634,26.35444],[88.74661,26.3539],[88.74684,26.35332],[88.74687,26.35294],[88.74667,26.35258],[88.74666,26.35257],[88.74624,26.35236],[88.74586,26.35214],[88.74556,26.3519],[88.74522,26.35172],[88.74501,26.35162],[88.74469,26.35139],[88.74439,26.35124],[88.74379,26.35105],[88.74376,26.35105],[88.74353,26.35099],[88.74335,26.35104],[88.74313,26.3511],[88.7429,26.35108],[88.74257,26.35094],[88.74239,26.3508],[88.74225,26.35068],[88.74189,26.35057],[88.74156,26.35046],[88.74124,26.3503],[88.74099,26.35016],[88.74091,26.35012],[88.74062,26.34998],[88.74016,26.34981],[88.7396,26.34945],[88.73903,26.34906],[88.73875,26.34867],[88.73861,26.34837],[88.73852,26.34818],[88.73821,26.34794],[88.73804,26.34783],[88.73766,26.34751],[88.73737,26.34718],[88.73703,26.34695],[88.73685,26.34671],[88.73654,26.3464],[88.73625,26.34595],[88.73633,26.34555],[88.73623,26.3448],[88.73664,26.34418],[88.73722,26.34348],[88.7375,26.34286],[88.7376,26.34222],[88.73751,26.34143],[88.73756,26.34036],[88.7383,26.33967],[88.739,26.33893],[88.73943,26.33801],[88.73945,26.33717],[88.73898,26.33659],[88.73879,26.33649],[88.73856,26.33619],[88.73839,26.33585],[88.73835,26.3345],[88.73865,26.33355],[88.73882,26.33292],[88.7387,26.33175],[88.7388,26.33076],[88.73905,26.32995],[88.73928,26.32911],[88.73946,26.32812],[88.73944,26.32749],[88.7393,26.3267],[88.73902,26.32607],[88.7386,26.32534],[88.73855,26.32475],[88.73876,26.32397],[88.73935,26.32319],[88.74019,26.32206],[88.74058,26.32147],[88.7408,26.3211],[88.74107,26.32002],[88.74103,26.31888],[88.7401,26.31842],[88.73917,26.31686],[88.73871,26.31388],[88.73862,26.31145],[88.73879,26.30738],[88.73838,26.30531],[88.73829,26.30394],[88.73857,26.30254],[88.73868,26.30183],[88.73823,26.30108],[88.73722,26.30062],[88.73683,26.30045],[88.73617,26.30026],[88.73571,26.3002],[88.73546,26.30016],[88.73526,26.30023],[88.73289,26.3013],[88.73206,26.30154],[88.73118,26.30161],[88.72809,26.30057],[88.72669,26.29946],[88.72669,26.29854],[88.72856,26.29582],[88.72923,26.29476],[88.72944,26.29356],[88.72902,26.29296],[88.72756,26.29299],[88.72709,26.29252],[88.72692,26.29133],[88.72658,26.29056],[88.72496,26.28878],[88.72301,26.28718],[88.72204,26.28588],[88.7213,26.28436],[88.72062,26.28369],[88.71983,26.28312],[88.71941,26.28284],[88.71917,26.28253],[88.71894,26.28221],[88.71882,26.28206],[88.71874,26.28193],[88.71862,26.28183],[88.71838,26.28159],[88.7179,26.28135],[88.71655,26.2808],[88.71565,26.28004],[88.71464,26.27956],[88.71354,26.27868],[88.71254,26.27774],[88.71231,26.2772],[88.71225,26.27682],[88.71229,26.27661],[88.71243,26.27643],[88.71273,26.2761],[88.71428,26.27536],[88.7149,26.27535],[88.71674,26.27597],[88.71768,26.27635],[88.71862,26.27655],[88.71936,26.27636],[88.71961,26.27617],[88.7197,26.27594],[88.71962,26.27544],[88.71941,26.27492],[88.71921,26.27447],[88.71879,26.27413],[88.71802,26.27364],[88.7177,26.27339],[88.71738,26.27317],[88.71679,26.2728],[88.71636,26.27273],[88.71593,26.27241],[88.71584,26.27207],[88.71584,26.27174],[88.71578,26.27116],[88.7157,26.27058],[88.71557,26.26963],[88.71552,26.26932],[88.71563,26.26901],[88.71564,26.2685],[88.71542,26.26783],[88.71524,26.26728],[88.71525,26.26681],[88.71521,26.26634],[88.71514,26.26604],[88.71463,26.26595],[88.7139,26.26582],[88.71339,26.26569],[88.71283,26.2656],[88.71223,26.26564],[88.71165,26.26571],[88.71059,26.2658],[88.71009,26.26557],[88.70991,26.26532],[88.70984,26.26502],[88.70981,26.26474],[88.70988,26.26444],[88.70999,26.26416],[88.71022,26.26389],[88.71053,26.26351],[88.71079,26.26313],[88.71094,26.26284],[88.71104,26.26254],[88.71112,26.26235],[88.71114,26.26214],[88.71101,26.26176],[88.71083,26.26148],[88.71045,26.26132],[88.70964,26.2614],[88.70884,26.2619],[88.7085,26.26224],[88.70826,26.26264],[88.7081,26.26308],[88.70798,26.26346],[88.70788,26.26417],[88.70789,26.26454],[88.70795,26.26489],[88.70797,26.26526],[88.70811,26.26563],[88.70807,26.26609],[88.70806,26.26625],[88.70798,26.26671],[88.70792,26.26719],[88.70777,26.26775],[88.70766,26.26803],[88.70751,26.26831],[88.70745,26.2689],[88.70732,26.2692],[88.70711,26.26949],[88.70696,26.26969],[88.70682,26.2699],[88.70668,26.27035],[88.70654,26.27055],[88.70633,26.27065],[88.70589,26.27073],[88.70528,26.27061],[88.7047,26.27032],[88.70363,26.27005],[88.70277,26.26974],[88.70247,26.26942],[88.70209,26.26878],[88.70141,26.26723],[88.70064,26.26659],[88.69971,26.26659],[88.69924,26.26729],[88.69924,26.2682],[88.69924,26.2692],[88.69877,26.27002],[88.69771,26.27048],[88.6969,26.27037],[88.69617,26.26952],[88.69552,26.26898],[88.69509,26.26774],[88.69479,26.26711],[88.69468,26.26639],[88.69452,26.26521],[88.69464,26.26362],[88.69499,26.26203],[88.69529,26.26032],[88.69557,26.25936],[88.69558,26.2584],[88.6955,26.2574],[88.69526,26.25621],[88.69538,26.25558],[88.69576,26.2551],[88.69597,26.25452],[88.69598,26.25378],[88.69581,26.25321],[88.69579,26.25283],[88.69584,26.25257],[88.69614,26.2522],[88.69627,26.25135],[88.69619,26.24966],[88.69602,26.24862],[88.69591,26.24776],[88.69609,26.24734],[88.69621,26.24712],[88.69624,26.24689],[88.6963,26.24652],[88.69631,26.24615],[88.69629,26.24593],[88.69624,26.24581],[88.69629,26.24569],[88.69641,26.2445],[88.69675,26.24337],[88.69649,26.24198],[88.69697,26.23944],[88.69726,26.23905],[88.6972,26.2379],[88.69649,26.23671],[88.69546,26.23588],[88.69345,26.23555],[88.69113,26.23536],[88.69023,26.2354],[88.68905,26.23623],[88.68813,26.23659],[88.68701,26.23688],[88.68625,26.23653],[88.68564,26.23627],[88.68529,26.23583]]}},{"type":"Feature","properties":{"river":"karatoya","osm_id":363506502},"geometry":{"type":"LineString","coordinates":[[88.6135,26.27848],[88.61311,26.27829],[88.61293,26.27798],[88.61185,26.2763],[88.61121,26.27548],[88.61142,26.27424],[88.61222,26.27389],[88.61418,26.27426],[88.61497,26.27485],[88.61576,26.27668],[88.61603,26.27893],[88.6167,26.28027],[88.6174,26.28052],[88.61826,26.28012],[88.61935,26.27886],[88.62178,26.27715],[88.6225,26.27594],[88.62339,26.27415],[88.62482,26.27222],[88.62583,26.27121],[88.626,26.27083],[88.62623,26.27033],[88.62577,26.26932],[88.62199,26.26752],[88.62106,26.26692],[88.62072,26.26635],[88.62069,26.26603],[88.62087,26.26367],[88.62152,26.26253],[88.62323,26.26079],[88.62527,26.25907],[88.62568,26.25702],[88.62545,26.25502],[88.62563,26.25393],[88.62568,26.25356],[88.62575,26.25296],[88.6266,26.25248],[88.62704,26.25227],[88.62745,26.25185],[88.62761,26.25143],[88.62837,26.25141],[88.62941,26.25156],[88.63036,26.25221],[88.63066,26.25292],[88.6312,26.25476],[88.63127,26.25512],[88.63134,26.25568],[88.63121,26.25703],[88.63104,26.2585],[88.63145,26.25918],[88.63249,26.25948],[88.63409,26.2594],[88.63538,26.25837],[88.63687,26.25637],[88.63764,26.25547],[88.63875,26.25382],[88.63914,26.25286],[88.63995,26.25031],[88.64012,26.24975],[88.64049,26.2495],[88.64076,26.24937],[88.64127,26.24939],[88.64179,26.24945],[88.64266,26.24957],[88.64388,26.24993],[88.64485,26.25],[88.64525,26.25019],[88.64559,26.25021],[88.64595,26.25042],[88.64671,26.25076],[88.64754,26.25122],[88.64973,26.25338],[88.65107,26.25567]]}},{"type":"Feature","properties":{"river":"karatoya","osm_id":370557796},"geometry":{"type":"LineString","coordinates":[[89.38167,24.84364],[89.3821,24.84352],[89.38298,24.84324],[89.38412,24.84281],[89.38459,24.84276],[89.38512,24.84266],[89.38543,24.84255],[89.3857,24.84237],[89.38599,24.84199],[89.38644,24.84113],[89.38695,24.83998],[89.38729,24.83951],[89.38754,24.839],[89.38764,24.83872],[89.3877,24.83832],[89.38759,24.83783],[89.38742,24.8375],[89.38713,24.83704],[89.38665,24.83636],[89.38645,24.83601],[89.38627,24.83544],[89.38622,24.83507],[89.38625,24.83472],[89.38634,24.83422],[89.38668,24.83387],[89.38745,24.83359],[89.38809,24.8334],[89.38907,24.83326],[89.38986,24.83316],[89.39033,24.83301],[89.39064,24.83281],[89.39079,24.83263],[89.39084,24.83244],[89.39086,24.83221],[89.39077,24.8318],[89.39053,24.83133],[89.39005,24.83037],[89.38944,24.82882],[89.38866,24.82712],[89.38802,24.82583],[89.3874,24.82416],[89.38724,24.82353],[89.38694,24.82271],[89.38643,24.8219],[89.3862,24.82142],[89.386,24.8209],[89.38572,24.81999],[89.38547,24.81887],[89.38535,24.81843],[89.3852,24.818],[89.38491,24.81742],[89.38454,24.81698],[89.38421,24.81669],[89.38368,24.8163],[89.38327,24.81608],[89.38299,24.81582],[89.38283,24.81557],[89.38277,24.81529],[89.3828,24.81481],[89.38283,24.81434],[89.38294,24.81378],[89.38323,24.8126],[89.38351,24.81156],[89.38382,24.81051],[89.38406,24.81004],[89.38433,24.80962],[89.38461,24.80924],[89.38492,24.80894],[89.38555,24.80844],[89.38609,24.80815],[89.38664,24.80788],[89.38721,24.80768],[89.38784,24.8077],[89.38953,24.80815],[89.39094,24.80844],[89.39263,24.80881],[89.39397,24.80936],[89.3946,24.80944],[89.39505,24.80939],[89.39543,24.80922],[89.39575,24.8092],[89.39604,24.80925],[89.39655,24.8094],[89.39716,24.80984],[89.3975,24.81017],[89.398,24.8107],[89.39832,24.81111],[89.39855,24.81134],[89.39872,24.81139],[89.39909,24.8114],[89.39989,24.81129],[89.40104,24.81105],[89.40175,24.81078],[89.40276,24.81025],[89.40396,24.80958],[89.40476,24.80888],[89.40547,24.80796],[89.40594,24.80703],[89.40642,24.80521],[89.40662,24.80306],[89.40661,24.80257],[89.4066,24.80212],[89.40672,24.80152],[89.40701,24.80033],[89.4072,24.79919],[89.4073,24.79853],[89.40711,24.79778],[89.4065,24.79731],[89.40623,24.79674],[89.4063,24.79581],[89.40662,24.79476],[89.40662,24.79355],[89.40637,24.79254],[89.40585,24.79171],[89.40479,24.79074],[89.40286,24.78977],[89.40183,24.78958],[89.40085,24.78927],[89.39964,24.78898],[89.39907,24.78884],[89.39864,24.78874],[89.39799,24.78849],[89.39733,24.78813],[89.39713,24.78776],[89.39688,24.78684],[89.39671,24.78624],[89.39661,24.78588],[89.39649,24.78529],[89.39673,24.78477],[89.39698,24.784],[89.39712,24.7836],[89.39719,24.78312],[89.39726,24.78268],[89.39729,24.7823],[89.39734,24.78188],[89.39746,24.78146],[89.39752,24.78107],[89.39761,24.78067],[89.39771,24.78029],[89.39779,24.78006],[89.39787,24.77985],[89.39809,24.77959],[89.39832,24.77927],[89.39848,24.77889],[89.39864,24.77846],[89.39873,24.77795],[89.3987,24.77755],[89.3987,24.77712],[89.39864,24.77679],[89.39861,24.77654],[89.39856,24.77616],[89.39853,24.77592],[89.39848,24.77565]]}},{"type":"Feature","properties":{"river":"karatoya","osm_id":370585411},"geometry":{"type":"LineString","coordinates":[[89.4052,24.74007],[89.40519,24.74],[89.40549,24.73942],[89.40618,24.73919],[89.40727,24.73885],[89.40732,24.73828],[89.40675,24.73769],[89.40493,24.73444],[89.40427,24.73362],[89.40298,24.73272],[89.40284,24.73152],[89.40312,24.73017],[89.40397,24.72883],[89.40466,24.72805],[89.40505,24.72663],[89.40518,24.72533],[89.40502,24.72493],[89.40453,24.72368],[89.40426,24.7223],[89.40454,24.72123],[89.40557,24.72092],[89.40599,24.72034],[89.40744,24.71848],[89.40864,24.71742],[89.40895,24.71652],[89.40849,24.71568],[89.4075,24.71575],[89.40672,24.71574],[89.40558,24.7155],[89.40445,24.71545],[89.40364,24.71572],[89.40323,24.71609],[89.40266,24.71669],[89.40118,24.71678],[89.40015,24.71656],[89.39904,24.71678],[89.39835,24.71666],[89.39797,24.7164],[89.39795,24.716],[89.39842,24.71535],[89.39923,24.71465],[89.39991,24.71399],[89.4004,24.71325],[89.40077,24.712],[89.40094,24.71063],[89.40148,24.70974],[89.40193,24.70922],[89.4028,24.70866],[89.40392,24.70847],[89.40563,24.70916],[89.40688,24.70991],[89.40735,24.71047],[89.40782,24.71108],[89.40843,24.712],[89.40889,24.71302],[89.40958,24.71352],[89.41027,24.71334],[89.41121,24.71239],[89.41166,24.71211],[89.41226,24.71118],[89.41241,24.71049],[89.41223,24.70936],[89.4121,24.70907],[89.41158,24.70792],[89.41131,24.70601],[89.41093,24.70517],[89.40986,24.7044],[89.40854,24.70364],[89.40719,24.70346],[89.40593,24.70331],[89.40495,24.70333],[89.40423,24.70369],[89.40356,24.70423],[89.403,24.70486],[89.40214,24.70479],[89.40159,24.70423],[89.40209,24.70334],[89.40366,24.70161],[89.40484,24.70058],[89.40614,24.69998],[89.40716,24.69897],[89.40905,24.69811],[89.41115,24.69771],[89.41371,24.69726],[89.41588,24.69704],[89.41753,24.69631],[89.41909,24.69591],[89.41999,24.69561],[89.42039,24.69511],[89.42043,24.6945],[89.42042,24.69359],[89.42086,24.69198],[89.42101,24.69073],[89.42088,24.68953],[89.42029,24.68845],[89.4198,24.68752],[89.41984,24.68658],[89.42031,24.68574],[89.42068,24.68509],[89.42089,24.68446],[89.42065,24.68367],[89.42017,24.68314],[89.41957,24.68307],[89.41851,24.68352],[89.41719,24.68343],[89.41652,24.68324],[89.41645,24.68261],[89.41731,24.68174],[89.41745,24.68052],[89.41762,24.67936],[89.41803,24.67847],[89.4186,24.67755],[89.41913,24.67669],[89.41991,24.67645],[89.42138,24.67644],[89.42224,24.67681],[89.42377,24.67823],[89.42391,24.67824],[89.42402,24.6782],[89.42412,24.67809],[89.42414,24.67796],[89.42409,24.67785],[89.42342,24.67687],[89.42214,24.67415],[89.42171,24.67266],[89.42159,24.67088],[89.42255,24.66848],[89.42395,24.66627],[89.42499,24.66431],[89.42524,24.664],[89.42589,24.66349],[89.42727,24.66297],[89.42747,24.66274],[89.42764,24.66244],[89.42773,24.66223],[89.42778,24.66078],[89.42783,24.66059],[89.42795,24.66034],[89.4281,24.66013],[89.42831,24.65994],[89.42855,24.65983],[89.429,24.65976],[89.42943,24.65979],[89.43215,24.66099],[89.43262,24.6611],[89.43369,24.66114],[89.43432,24.66102],[89.43461,24.66087],[89.43487,24.66065],[89.43506,24.66029],[89.43512,24.65998],[89.43516,24.65958],[89.43509,24.65913],[89.43506,24.65869],[89.43471,24.65788],[89.43384,24.65707],[89.43309,24.65633],[89.43274,24.65618],[89.43245,24.65618],[89.43216,24.65626],[89.43203,24.65633],[89.43181,24.65648],[89.43129,24.65662],[89.43067,24.65668],[89.43035,24.65664],[89.43006,24.65657],[89.42986,24.65642],[89.42978,24.65625],[89.4298,24.65604],[89.42996,24.65579],[89.43018,24.65562],[89.43038,24.65554],[89.43069,24.65553],[89.43126,24.65561],[89.4314,24.65561],[89.43158,24.65557],[89.43181,24.65552],[89.43198,24.65542],[89.43221,24.65521],[89.43235,24.65502],[89.43247,24.6548],[89.43293,24.65347],[89.43303,24.65337],[89.43391,24.65304],[89.43498,24.65287],[89.43517,24.65293],[89.43537,24.65303],[89.43558,24.6532],[89.43599,24.65364],[89.43679,24.65366],[89.43691,24.65333],[89.43704,24.65296],[89.437,24.65251],[89.43634,24.652],[89.4362,24.65162],[89.43562,24.65037],[89.43545,24.64955],[89.4357,24.64881],[89.43625,24.64818],[89.43745,24.64771],[89.43812,24.64728],[89.43849,24.64749],[89.43928,24.64845],[89.44001,24.64893],[89.44119,24.64913],[89.44151,24.64908],[89.44174,24.64872],[89.44177,24.64781],[89.44151,24.64643],[89.44124,24.64504],[89.44084,24.6442],[89.44036,24.64359],[89.44002,24.64198],[89.43963,24.64114],[89.43848,24.64027],[89.43747,24.63984],[89.43646,24.63966],[89.43609,24.63932],[89.43594,24.63905],[89.43593,24.6387],[89.43617,24.63822],[89.43647,24.63797],[89.43662,24.63764],[89.43653,24.63719],[89.43618,24.63685],[89.4357,24.63622],[89.43594,24.63581],[89.43825,24.63324],[89.43898,24.63265],[89.43967,24.63243],[89.44029,24.63191],[89.44061,24.63125],[89.44119,24.6306],[89.44199,24.63019],[89.44255,24.62956],[89.44363,24.62944],[89.44424,24.62941],[89.44495,24.62944],[89.44644,24.62915],[89.44719,24.62865],[89.44755,24.62825],[89.44783,24.62786],[89.44808,24.62739],[89.44892,24.62732],[89.44994,24.62767],[89.45135,24.62763],[89.45241,24.62787],[89.45349,24.6285],[89.45459,24.62924],[89.45597,24.62914],[89.45663,24.62945],[89.45735,24.63016],[89.45819,24.63072],[89.45881,24.63108],[89.45877,24.63167],[89.45882,24.63274],[89.45935,24.63332],[89.46066,24.63392],[89.46166,24.63435],[89.462,24.63509],[89.46264,24.63538],[89.46361,24.63541],[89.4642,24.63554],[89.46505,24.63604],[89.4657,24.63629],[89.46602,24.63625],[89.46618,24.63611],[89.46616,24.63587],[89.4661,24.63533],[89.46626,24.63473],[89.46673,24.6342],[89.46707,24.63392],[89.46797,24.63397],[89.46907,24.63372],[89.46985,24.6337],[89.47039,24.63388],[89.47111,24.6339],[89.4714,24.63415],[89.47167,24.63473],[89.47211,24.63484],[89.4725,24.63466],[89.47275,24.63446],[89.47283,24.63405],[89.47356,24.63317],[89.47423,24.63258],[89.47454,24.63205],[89.47453,24.63142],[89.47391,24.63063]]}},{"type":"Feature","properties":{"river":"karatoya","osm_id":516982285},"geometry":{"type":"LineString","coordinates":[[89.60284,24.22382],[89.60351,24.22287],[89.60383,24.22199],[89.60406,24.22024],[89.6037,24.21858],[89.60252,24.21473],[89.60216,24.21343],[89.60161,24.21241],[89.60113,24.21178],[89.60077,24.21109],[89.60064,24.20962],[89.60095,24.20815],[89.60126,24.20708],[89.60186,24.20606],[89.60258,24.20514],[89.6031,24.20466],[89.60395,24.20426],[89.60589,24.20361],[89.60758,24.20343],[89.60893,24.20314],[89.61036,24.20318],[89.61203,24.20315],[89.61353,24.20318],[89.61611,24.2029],[89.61891,24.20248],[89.62055,24.20222],[89.62216,24.20171],[89.62436,24.20042],[89.62629,24.1987],[89.62765,24.19645],[89.62827,24.19369],[89.62806,24.19225],[89.62763,24.19089],[89.6265,24.18913],[89.62471,24.18739],[89.62234,24.18599],[89.62074,24.18541],[89.61891,24.1848],[89.61656,24.18455],[89.61441,24.18457],[89.61201,24.18459],[89.61014,24.18441],[89.60827,24.18408],[89.60717,24.18331],[89.60573,24.18127],[89.60557,24.18007],[89.60587,24.17919],[89.60717,24.17748],[89.60744,24.17529],[89.60741,24.17246],[89.60713,24.17127],[89.60671,24.16983],[89.60612,24.16839],[89.60535,24.16713],[89.60446,24.16586],[89.60227,24.16393],[89.60052,24.16268],[89.59838,24.16143],[89.59319,24.15955],[89.58972,24.15804],[89.58928,24.15732],[89.58898,24.15636],[89.58911,24.15416],[89.59001,24.14966],[89.59145,24.14678],[89.59325,24.14503],[89.59519,24.14351],[89.59714,24.14233],[89.59913,24.14142],[89.60113,24.13985],[89.60229,24.13823],[89.60262,24.13737],[89.60261,24.1366],[89.60202,24.13503],[89.601,24.1337],[89.59918,24.132],[89.59588,24.13045],[89.594,24.12967],[89.59214,24.12843],[89.59069,24.12737]]}},{"type":"Feature","properties":{"river":"karatoya","osm_id":593015995},"geometry":{"type":"LineString","coordinates":[[88.65107,26.25567],[88.6519,26.25648],[88.65335,26.25715],[88.65462,26.25715],[88.65567,26.25727],[88.65591,26.25732],[88.65666,26.25749],[88.6581,26.2569],[88.65877,26.25643],[88.65985,26.25593],[88.66122,26.25399],[88.66187,26.25251],[88.66218,26.25169],[88.66265,26.25103],[88.66355,26.25011],[88.66395,26.24982],[88.66431,26.2493],[88.66623,26.24889],[88.66807,26.24857],[88.67143,26.24832],[88.67321,26.24817],[88.67468,26.24806],[88.67601,26.24835],[88.67794,26.2486],[88.67953,26.24838],[88.68063,26.2479],[88.68145,26.24733],[88.68143,26.24693],[88.68198,26.24579],[88.68199,26.24385],[88.68133,26.24218],[88.6807,26.24153],[88.68007,26.24066],[88.67998,26.23977],[88.68001,26.23828],[88.6795,26.23726],[88.67966,26.23648],[88.68021,26.23613],[88.68066,26.23604],[88.68271,26.23604],[88.6847,26.23589],[88.68512,26.23585],[88.68529,26.23583],[88.68572,26.23569],[88.68622,26.2349],[88.68643,26.23412],[88.68658,26.23209],[88.68679,26.22957],[88.68704,26.22849],[88.68733,26.22792],[88.68789,26.22726],[88.68839,26.22666],[88.68936,26.22537],[88.69123,26.22307],[88.69242,26.22169],[88.69227,26.22028],[88.69188,26.21828],[88.69206,26.21722],[88.6915,26.21601],[88.69087,26.21556],[88.68989,26.21496],[88.68939,26.2145],[88.68938,26.21355],[88.68937,26.21238],[88.69,26.21127],[88.69019,26.21096],[88.69058,26.21078],[88.69229,26.20934],[88.69442,26.20707],[88.69476,26.20608],[88.69467,26.20484],[88.69495,26.2045],[88.69579,26.20258],[88.69711,26.20182],[88.69805,26.20078],[88.69735,26.19928],[88.69774,26.19759],[88.69932,26.19579],[88.69994,26.19523],[88.70127,26.19354],[88.69951,26.18812],[88.69782,26.18698],[88.69765,26.18917],[88.69739,26.18854],[88.69727,26.18788],[88.69731,26.18658],[88.69757,26.18562],[88.69895,26.18283],[88.7001,26.18115],[88.70123,26.18014],[88.70392,26.17913],[88.70757,26.17816],[88.70981,26.17658],[88.71066,26.17396],[88.71178,26.17209],[88.71225,26.17155],[88.71407,26.17029],[88.71723,26.16825],[88.71732,26.16733],[88.71708,26.16599],[88.71684,26.16511],[88.71634,26.16448],[88.71551,26.16398],[88.71547,26.16338],[88.71539,26.16231],[88.71521,26.16088],[88.71568,26.15991],[88.71666,26.15924],[88.71803,26.15859],[88.71923,26.15828],[88.71961,26.15787],[88.71972,26.15716],[88.71993,26.1565],[88.72141,26.15544],[88.72201,26.15509],[88.72414,26.15484],[88.72514,26.15429],[88.72503,26.15275],[88.72508,26.15202],[88.72529,26.1515],[88.72668,26.14985],[88.72798,26.14915],[88.72936,26.14816],[88.7321,26.14687],[88.73338,26.14585],[88.73433,26.14534],[88.73439,26.14315],[88.73404,26.14188],[88.73461,26.14084],[88.73498,26.14062],[88.73585,26.14036],[88.73724,26.14003],[88.73913,26.13898],[88.73999,26.13752],[88.74126,26.13684],[88.74191,26.13428],[88.74441,26.13095],[88.74858,26.12999],[88.749,26.13003],[88.74941,26.12976],[88.74986,26.1296],[88.7503,26.12936],[88.75046,26.1291],[88.75058,26.12895],[88.75125,26.12858],[88.75184,26.12833],[88.75249,26.12806],[88.75269,26.12784],[88.7532,26.12759],[88.75336,26.12672],[88.75299,26.12574],[88.75249,26.12544],[88.75137,26.12441],[88.751,26.1241],[88.75082,26.12367],[88.75055,26.12311],[88.75018,26.12284],[88.75005,26.12248],[88.75016,26.12217],[88.75037,26.12168],[88.75056,26.12124],[88.74996,26.11955],[88.74844,26.1188],[88.74671,26.11784],[88.74619,26.11627],[88.7465,26.11539],[88.74697,26.11484],[88.74748,26.11428],[88.74814,26.11364],[88.74909,26.11244],[88.75102,26.11058],[88.75358,26.10811],[88.75295,26.10602],[88.75262,26.10392],[88.75402,26.10178],[88.75623,26.10059],[88.75658,26.09988],[88.75643,26.09948],[88.75527,26.09766],[88.7549,26.09747],[88.75398,26.09636],[88.75043,26.09428],[88.74998,26.09408],[88.74974,26.09397],[88.74751,26.09225],[88.74585,26.09065],[88.74501,26.08895],[88.74495,26.0867],[88.7448,26.08611],[88.74402,26.08559],[88.74246,26.08524],[88.73993,26.08452],[88.73845,26.08419],[88.73719,26.0843],[88.7369,26.08409],[88.73662,26.08401],[88.73554,26.08189],[88.7353,26.08133],[88.7338,26.07965],[88.73452,26.07938],[88.73491,26.0773],[88.73467,26.07677],[88.73288,26.07522],[88.73163,26.07491],[88.73026,26.07395],[88.72974,26.0726],[88.73041,26.07029],[88.72974,26.06952],[88.72848,26.06961],[88.72663,26.06964],[88.72529,26.06991],[88.72321,26.0692],[88.72199,26.06786],[88.72118,26.06783],[88.72052,26.06824],[88.72003,26.06893],[88.71938,26.06953],[88.7189,26.06956],[88.7186,26.06912],[88.71766,26.0675],[88.71699,26.06666],[88.71618,26.065],[88.7153,26.06428],[88.7151,26.06328],[88.71442,26.0629],[88.71377,26.06261],[88.7137,26.06233],[88.71289,26.05845],[88.71335,26.05729],[88.71359,26.05693],[88.7139,26.05615],[88.71369,26.0558],[88.71366,26.05515],[88.71364,26.05387],[88.71394,26.05238],[88.71421,26.05182],[88.71382,26.05087],[88.71303,26.0498],[88.71259,26.04929],[88.71251,26.04849],[88.7117,26.04813],[88.71101,26.0477],[88.7107,26.04686],[88.7105,26.04646],[88.71005,26.04621],[88.70923,26.04651],[88.70982,26.04801],[88.70914,26.04796],[88.70846,26.0471],[88.7084,26.04509],[88.70774,26.04213],[88.7082,26.04108],[88.70887,26.04022],[88.70921,26.03969],[88.71022,26.0384],[88.70978,26.03628],[88.70822,26.03462],[88.70713,26.03341],[88.70606,26.03236],[88.70233,26.03046],[88.70134,26.02999],[88.70038,26.02865],[88.69809,26.02788],[88.69644,26.02356],[88.69596,26.02221],[88.69613,26.02129],[88.69718,26.02022],[88.69795,26.01921],[88.69851,26.0191],[88.69964,26.01824],[88.70146,26.01783],[88.70304,26.01788],[88.70165,26.01888],[88.70165,26.01956],[88.70194,26.0189],[88.70327,26.01801],[88.70361,26.01793],[88.70374,26.01789],[88.70397,26.01779],[88.70423,26.0176],[88.70456,26.01741],[88.70477,26.01723],[88.70452,26.01685],[88.70526,26.01639],[88.70563,26.01583],[88.70557,26.0154],[88.70557,26.01482],[88.70578,26.01408],[88.70612,26.01356],[88.70677,26.01291],[88.70695,26.01273],[88.70785,26.01191],[88.70811,26.01174],[88.70842,26.01152],[88.70978,26.01112],[88.71126,26.01043],[88.71258,26.00959],[88.71322,26.00912],[88.7138,26.00852],[88.71413,26.00805],[88.71428,26.00752],[88.7144,26.00708],[88.71445,26.00682],[88.71452,26.00616],[88.71459,26.00548],[88.7147,26.00424],[88.71468,26.00397],[88.71453,26.00374],[88.7144,26.00353],[88.71421,26.00331],[88.71403,26.00313],[88.71384,26.00277],[88.71375,26.00244],[88.71377,26.00212],[88.71385,26.00172],[88.71392,26.00146],[88.71389,26.00131],[88.71371,26.00103],[88.71353,26.00085],[88.71341,26.0007],[88.71325,26.0005],[88.71296,26.00024],[88.71258,26.00004],[88.71207,25.99994],[88.71145,25.99992],[88.71078,25.99988],[88.71033,25.99975],[88.70988,25.99955],[88.70948,25.99917],[88.70768,25.99772],[88.70743,25.99715],[88.70754,25.99633],[88.70761,25.99493],[88.70712,25.99442],[88.70633,25.99395],[88.7059,25.99374],[88.70522,25.99334],[88.70441,25.99276],[88.70425,25.99249],[88.70457,25.99101],[88.70489,25.99032],[88.70524,25.9899],[88.70568,25.98969],[88.7061,25.98955],[88.70649,25.9895],[88.70698,25.98945],[88.70818,25.98936],[88.7091,25.98923],[88.70955,25.98918],[88.7101,25.98897],[88.71052,25.98871],[88.71088,25.98838],[88.71113,25.98815],[88.71162,25.98797],[88.71221,25.98805],[88.7139,25.9891],[88.71571,25.99022],[88.71659,25.99056],[88.7181,25.99178],[88.7187,25.99258],[88.71924,25.993],[88.71976,25.99327],[88.72005,25.99339],[88.72056,25.99344],[88.72105,25.99333],[88.72137,25.99317],[88.72173,25.99276],[88.72218,25.99191],[88.72292,25.99041],[88.72282,25.98967],[88.72283,25.98932],[88.72289,25.98899],[88.72324,25.98779],[88.72327,25.98748],[88.72326,25.98726],[88.72294,25.98633],[88.72282,25.98592],[88.72263,25.98513],[88.72247,25.98418],[88.72223,25.9833],[88.72193,25.9826],[88.72171,25.98216],[88.72143,25.98176],[88.72121,25.9815],[88.72077,25.98084],[88.72017,25.97943],[88.71953,25.9785],[88.71898,25.97757],[88.7181,25.97649],[88.71777,25.97581],[88.7176,25.97499],[88.71761,25.97421],[88.71765,25.97333],[88.71768,25.97297],[88.71778,25.97195],[88.71854,25.96922],[88.71874,25.96833],[88.71935,25.96436],[88.71931,25.96375],[88.71912,25.96077],[88.71895,25.95835],[88.71788,25.95662],[88.71693,25.95485],[88.71699,25.95345],[88.71782,25.95188],[88.71921,25.94833],[88.72057,25.94404],[88.72146,25.94294],[88.72261,25.94265],[88.72302,25.94225],[88.7235,25.9411],[88.72367,25.93981],[88.72341,25.93939],[88.72302,25.93894],[88.72263,25.93806],[88.72233,25.93687],[88.72239,25.93486],[88.72182,25.93321],[88.72107,25.93237],[88.72142,25.93102],[88.72195,25.92928],[88.72269,25.92568],[88.72286,25.92372],[88.7229,25.92306],[88.72286,25.92197],[88.72293,25.92105],[88.72313,25.91988],[88.72388,25.91901],[88.7257,25.91849],[88.72644,25.91827],[88.72748,25.918],[88.72817,25.91656],[88.72795,25.91562],[88.72777,25.9141],[88.72776,25.91104],[88.72817,25.90919],[88.72877,25.90714],[88.72874,25.90602],[88.72808,25.89839],[88.72728,25.89599],[88.72613,25.89289]]}},{"type":"Feature","properties":{"river":"karatoya","osm_id":1364689859},"geometry":{"type":"LineString","coordinates":[[89.40337,24.75631],[89.40336,24.75617],[89.40327,24.75603],[89.40326,24.75587],[89.40317,24.75556],[89.40306,24.75512],[89.40303,24.75462],[89.40301,24.75429],[89.40281,24.75374],[89.40258,24.75321],[89.40235,24.75292],[89.40191,24.75263],[89.40108,24.75204],[89.40074,24.75189],[89.40057,24.75157],[89.4007,24.75075],[89.401,24.75001],[89.40135,24.74927],[89.40167,24.74854],[89.40214,24.74752],[89.40292,24.7458],[89.40425,24.74517],[89.40617,24.74479],[89.40683,24.74456],[89.40701,24.7438],[89.40695,24.74316],[89.40618,24.74252],[89.40574,24.74206],[89.40527,24.74126],[89.4052,24.74018]]}},{"type":"Feature","properties":{"river":"karatoya","osm_id":1364689860},"geometry":{"type":"LineString","coordinates":[[89.4052,24.74018],[89.4052,24.74007]]}},{"type":"Feature","properties":{"river":"surma","osm_id":45424761},"geometry":{"type":"LineString","coordinates":[[92.48913,24.87591],[92.48828,24.87628],[92.48793,24.87655],[92.48782,24.87699],[92.48802,24.87748],[92.48852,24.87799],[92.48928,24.8784],[92.49231,24.87936],[92.49291,24.8798],[92.49356,24.88055],[92.49398,24.88127],[92.49465,24.88268],[92.49468,24.8848],[92.49466,24.88511],[92.49458,24.88615],[92.49466,24.88849],[92.49445,24.88981],[92.49408,24.89104],[92.49335,24.89282],[92.49316,24.89332],[92.49296,24.89374],[92.49278,24.89393],[92.4926,24.89426],[92.49253,24.89442],[92.49253,24.89462],[92.49267,24.89574],[92.49291,24.89648],[92.49362,24.89824],[92.49407,24.89893],[92.49512,24.90032],[92.49635,24.90163],[92.49671,24.90226],[92.49715,24.90287],[92.49816,24.90384],[92.49855,24.9041],[92.49879,24.90445],[92.49891,24.90533],[92.49891,24.9059],[92.49875,24.90666],[92.49838,24.90758],[92.49804,24.90824],[92.49779,24.90871],[92.49742,24.90915],[92.49716,24.90935],[92.49653,24.90985],[92.49551,24.91047],[92.49381,24.91141],[92.49313,24.91166],[92.49252,24.91187],[92.49231,24.9123],[92.49224,24.91278],[92.49224,24.91303],[92.49224,24.9132],[92.49287,24.91516],[92.49428,24.9171],[92.49431,24.9172],[92.49447,24.91771],[92.49458,24.91848],[92.49447,24.91892],[92.49409,24.91974],[92.49331,24.92031],[92.49265,24.92068],[92.49094,24.9215],[92.49031,24.9218],[92.48907,24.92228],[92.48783,24.92269],[92.48728,24.9228],[92.48645,24.92277],[92.48611,24.92308],[92.48582,24.9233],[92.4851,24.92465],[92.48497,24.92557],[92.48499,24.92623],[92.48467,24.92787],[92.48462,24.92878],[92.48476,24.92941],[92.48488,24.93017],[92.48476,24.93077],[92.48449,24.93157],[92.48447,24.93237],[92.48447,24.93272],[92.48443,24.93328],[92.48458,24.93416],[92.48455,24.93479],[92.48492,24.93637],[92.48671,24.94075],[92.48726,24.94194],[92.48802,24.94295],[92.48823,24.94369],[92.48856,24.94447],[92.4889,24.94529],[92.48915,24.94622],[92.48922,24.94703],[92.48918,24.94756],[92.48882,24.94829],[92.48848,24.94866],[92.48787,24.94894],[92.48759,24.949],[92.48617,24.9489],[92.48418,24.94862],[92.48257,24.94807],[92.48142,24.94746],[92.48036,24.94674],[92.47881,24.94542],[92.47622,24.9425],[92.47575,24.9422],[92.47498,24.9417],[92.47369,24.94148],[92.47095,24.94196],[92.46937,24.94229],[92.4687,24.94243],[92.46842,24.94252],[92.46798,24.94261],[92.46702,24.94274],[92.46603,24.94282],[92.46305,24.94279],[92.46021,24.94243],[92.45716,24.94177],[92.45402,24.94105],[92.45325,24.94053],[92.45288,24.94028],[92.45263,24.94008],[92.45237,24.93987],[92.45135,24.93965],[92.4502,24.93967],[92.44933,24.93982],[92.44888,24.94028],[92.44864,24.94073],[92.44834,24.94163],[92.44803,24.94288],[92.44796,24.94404],[92.44856,24.94675],[92.44874,24.94773],[92.44904,24.94851],[92.44961,24.9496],[92.45102,24.95159],[92.45248,24.95303],[92.45444,24.95462],[92.4554,24.95505],[92.45626,24.95534],[92.45802,24.95538],[92.46169,24.95501],[92.46347,24.95492],[92.46463,24.95501],[92.46513,24.95526],[92.46577,24.95559],[92.46736,24.95699],[92.4689,24.95942],[92.46961,24.96075],[92.46978,24.96186],[92.46976,24.96223],[92.46975,24.96243],[92.46963,24.96309],[92.46918,24.96381],[92.4678,24.96479],[92.46727,24.96517],[92.46402,24.96664],[92.46364,24.96681],[92.46089,24.96882],[92.45906,24.97052],[92.45886,24.97066],[92.45842,24.97098],[92.45785,24.97137],[92.45727,24.97137],[92.45616,24.97141],[92.4548,24.97079],[92.45388,24.96999],[92.45303,24.96922],[92.45021,24.96663],[92.44884,24.9654],[92.44761,24.96486],[92.44628,24.96491],[92.44521,24.96523],[92.44145,24.96719],[92.44075,24.96739],[92.43965,24.96753],[92.43798,24.96758],[92.43572,24.96746],[92.42828,24.96583],[92.42444,24.96527],[92.42262,24.96517],[92.42139,24.96526],[92.42018,24.96554],[92.41927,24.96614],[92.41885,24.96673],[92.41884,24.96736],[92.41918,24.96809],[92.42028,24.96997],[92.42078,24.97082],[92.42142,24.97192],[92.42174,24.9728],[92.42268,24.98002],[92.42306,24.98767],[92.42281,24.98987],[92.4224,24.99069],[92.42191,24.99123],[92.42094,24.99154],[92.4191,24.99172],[92.41517,24.99113],[92.41191,24.99003],[92.39405,24.98717],[92.39285,24.98726],[92.39173,24.98742],[92.39118,24.98789],[92.3907,24.98851],[92.39006,24.99288],[92.38972,24.99411],[92.38894,24.99545],[92.37231,25.01251],[92.37079,25.01403],[92.37017,25.01431],[92.36962,25.01442],[92.36881,25.01436],[92.36803,25.01416],[92.36648,25.01362],[92.3651,25.01306],[92.36292,25.01181],[92.36241,25.01128],[92.36215,25.01091],[92.36182,25.01059],[92.3601,25.01003],[92.35897,25.00975],[92.35588,25.00891],[92.35258,25.00833],[92.35065,25.00807],[92.34587,25.00824],[92.34333,25.0087],[92.34154,25.00933],[92.3404,25.00944],[92.33876,25.0091],[92.33783,25.00859],[92.3365,25.00764],[92.33598,25.00702],[92.33553,25.00638],[92.33497,25.00508],[92.33469,25.00442],[92.33413,25.00378],[92.33354,25.0036],[92.33277,25.00366],[92.33131,25.00448],[92.3305,25.00526],[92.32929,25.00662],[92.32844,25.00807],[92.32775,25.00957],[92.32677,25.01242],[92.32639,25.01396],[92.32629,25.01437],[92.3262,25.01495],[92.32615,25.0156],[92.32612,25.01612],[92.32604,25.01663],[92.32594,25.01713],[92.32578,25.01755],[92.32539,25.01812],[92.32484,25.01869],[92.32419,25.01905],[92.32336,25.01939],[92.32244,25.01957],[92.32108,25.01964],[92.31813,25.01957],[92.31603,25.01978],[92.31482,25.02008],[92.31351,25.02054],[92.31266,25.02092],[92.31181,25.02143],[92.31097,25.02206],[92.31048,25.02258],[92.31015,25.023],[92.30933,25.02426],[92.30867,25.02527],[92.30798,25.02603],[92.3071,25.02671],[92.30557,25.02738],[92.30202,25.02855],[92.29924,25.02943],[92.2984,25.02964],[92.29781,25.02974],[92.29729,25.02977],[92.29666,25.02969],[92.29604,25.02958]]}},{"type":"Feature","properties":{"river":"surma","osm_id":45424770},"geometry":{"type":"LineString","coordinates":[[92.29604,25.02958],[92.29559,25.02952],[92.29379,25.02937],[92.28862,25.02912],[92.28682,25.02908],[92.28516,25.02902],[92.28431,25.029],[92.28369,25.02905],[92.28274,25.02917],[92.28228,25.02919],[92.28184,25.02914],[92.28151,25.02908],[92.28085,25.02891],[92.28016,25.0287],[92.27921,25.02838],[92.27866,25.02818],[92.27819,25.02797],[92.27672,25.02724],[92.27509,25.02627],[92.27353,25.02515],[92.27263,25.02432],[92.2709,25.02221],[92.26995,25.02066],[92.26934,25.01904],[92.26913,25.01796],[92.26901,25.01626],[92.26912,25.01476],[92.26937,25.01356],[92.26992,25.01212],[92.27089,25.01025],[92.27144,25.00938],[92.2719,25.00865],[92.2724,25.00779],[92.27261,25.00739],[92.27286,25.00687],[92.27306,25.00634],[92.2731,25.00586],[92.27295,25.00545],[92.27269,25.00517],[92.27227,25.00492],[92.27153,25.00464],[92.2699,25.00439],[92.26734,25.00413],[92.26551,25.00415],[92.26428,25.00426],[92.26318,25.00439],[92.26225,25.00454],[92.26137,25.0048],[92.26104,25.00484],[92.26059,25.00482],[92.26015,25.00471],[92.25941,25.00435],[92.25894,25.004],[92.25854,25.00352],[92.25834,25.00286],[92.25833,25.00229],[92.25848,25.00168],[92.25889,25.00052],[92.25953,24.99902],[92.2601,24.99788],[92.26093,24.9967],[92.2622,24.99524],[92.26381,24.99364],[92.26492,24.99262],[92.26784,24.99016],[92.26818,24.9897],[92.26826,24.98926],[92.26822,24.98877],[92.26804,24.98836],[92.26588,24.98631],[92.26437,24.9851],[92.26291,24.98402],[92.26163,24.98315],[92.2609,24.98267],[92.26029,24.98217],[92.25991,24.98165],[92.25929,24.98046],[92.25872,24.97931],[92.25824,24.97831],[92.25741,24.97655],[92.25697,24.97566],[92.25653,24.97512],[92.25617,24.97482],[92.25566,24.97457],[92.2549,24.97436],[92.25347,24.97425],[92.25232,24.97419],[92.25007,24.97423],[92.24828,24.97431],[92.24727,24.9744],[92.24615,24.97458],[92.24557,24.97466],[92.24507,24.97465],[92.24462,24.97457],[92.24402,24.97434],[92.24328,24.97393],[92.24174,24.97283],[92.24091,24.97217],[92.24,24.97132],[92.23947,24.97056],[92.23932,24.96989],[92.23932,24.96927],[92.23953,24.96853],[92.24006,24.96703],[92.24034,24.96615],[92.2408,24.96435],[92.24115,24.96303],[92.24165,24.96141],[92.24177,24.96095],[92.24186,24.96037],[92.24185,24.95963],[92.24149,24.95761],[92.24133,24.95708],[92.24109,24.95668],[92.24065,24.9562],[92.24013,24.95573],[92.23944,24.95532],[92.23888,24.95505],[92.23841,24.95494],[92.23779,24.95493],[92.2373,24.95508],[92.2369,24.95528],[92.23502,24.95706],[92.23431,24.95774],[92.23363,24.95836],[92.23164,24.96003],[92.22923,24.96182],[92.22796,24.96279],[92.22701,24.9635],[92.22617,24.96408],[92.22523,24.96463],[92.22335,24.96547],[92.22158,24.96613],[92.22089,24.96632],[92.22022,24.96642],[92.21933,24.96639],[92.21841,24.9663],[92.21708,24.966],[92.21536,24.96547],[92.21431,24.96502],[92.21367,24.9646],[92.21305,24.96401],[92.21279,24.96341],[92.21279,24.96268],[92.21309,24.9616],[92.2137,24.96052],[92.21445,24.95949],[92.21508,24.95888],[92.21581,24.9584],[92.21914,24.9568],[92.22076,24.95617],[92.22214,24.9555],[92.22369,24.95438],[92.225,24.95318],[92.22539,24.95267],[92.22566,24.95215],[92.22579,24.95171],[92.22584,24.95115],[92.22579,24.95063],[92.22565,24.95012],[92.22529,24.94956],[92.22462,24.94885],[92.22381,24.94815],[92.2229,24.94756],[92.22182,24.947],[92.2208,24.94657],[92.21982,24.94615],[92.21916,24.94577],[92.21864,24.94536],[92.21758,24.94431],[92.21637,24.94299],[92.21557,24.94209],[92.21461,24.94127],[92.21399,24.94094],[92.21312,24.94069],[92.21191,24.94073],[92.21068,24.94106],[92.20945,24.94166],[92.20747,24.94301],[92.2066,24.94337],[92.20548,24.94343],[92.20461,24.94321],[92.20386,24.94277],[92.20312,24.9419],[92.20186,24.93998],[92.20078,24.93839],[92.20008,24.93761],[92.19934,24.93698],[92.19854,24.93654],[92.19768,24.93632],[92.19688,24.93625],[92.19597,24.93631],[92.18932,24.93753],[92.18806,24.93769],[92.18697,24.93761],[92.18605,24.9374],[92.18499,24.93694],[92.18393,24.93634],[92.17998,24.93336],[92.1791,24.9327],[92.1781,24.93203],[92.17741,24.93171],[92.1767,24.93157],[92.17587,24.93168],[92.17514,24.93204],[92.17388,24.93322],[92.1728,24.93472],[92.17168,24.93716],[92.17113,24.93888],[92.16994,24.94509],[92.16959,24.94692],[92.1688,24.94929],[92.16793,24.95116],[92.16748,24.95176],[92.16703,24.95208],[92.16632,24.95233],[92.16533,24.95243],[92.16427,24.95238],[92.16338,24.95223],[92.16257,24.95198],[92.16182,24.95162],[92.16088,24.95097],[92.15937,24.94973],[92.15805,24.94858],[92.15607,24.94638],[92.15539,24.94531],[92.15515,24.94468],[92.15498,24.94406],[92.15495,24.94328],[92.15579,24.93703],[92.15593,24.93647],[92.1561,24.93598],[92.15633,24.93553],[92.15674,24.93486],[92.15698,24.93435],[92.15711,24.93382],[92.15721,24.93314],[92.1572,24.93198],[92.15711,24.93085],[92.15693,24.92965],[92.1567,24.92887],[92.15625,24.92787],[92.1555,24.92679],[92.15444,24.92566],[92.15381,24.92492],[92.15302,24.92426],[92.14945,24.92208],[92.14827,24.92129],[92.14708,24.92016],[92.14579,24.91852],[92.14461,24.91676],[92.14432,24.91604],[92.14419,24.91542],[92.14421,24.91471],[92.14483,24.9101],[92.14489,24.90892],[92.14475,24.90814],[92.14449,24.90754],[92.14409,24.90713],[92.14357,24.90687],[92.14301,24.90673],[92.1425,24.90676],[92.1413,24.907],[92.14008,24.90738],[92.13941,24.90763],[92.13885,24.90788],[92.13784,24.90845],[92.13729,24.90883],[92.13673,24.90918],[92.13563,24.90971],[92.13424,24.91038],[92.13251,24.9111],[92.1317,24.91121],[92.13069,24.91113],[92.12963,24.91078],[92.12865,24.91016],[92.12744,24.90912],[92.12499,24.90676],[92.12445,24.90632],[92.12381,24.90592],[92.12324,24.90569],[92.12271,24.90556],[92.12125,24.90544],[92.11633,24.90536],[92.11475,24.90531],[92.11376,24.90516],[92.11272,24.90486],[92.11177,24.90441],[92.1108,24.9036],[92.11003,24.90276],[92.10913,24.90125],[92.10815,24.89893],[92.10669,24.89518],[92.10624,24.89405],[92.10577,24.89335],[92.10498,24.89272],[92.10377,24.8923],[92.10291,24.89218],[92.10206,24.89223],[92.10139,24.8924],[92.10034,24.89288],[92.09891,24.89405],[92.09771,24.8953],[92.09573,24.89764],[92.09366,24.90049],[92.09321,24.90119],[92.0927,24.90176],[92.09221,24.90205],[92.09168,24.90219],[92.09109,24.90224],[92.09058,24.90218],[92.09,24.90205],[92.08919,24.90171],[92.08846,24.90124],[92.08757,24.90048],[92.08603,24.89921],[92.08499,24.89855],[92.0839,24.89797],[92.08293,24.89754],[92.08217,24.89731],[92.08161,24.89721],[92.08101,24.89721],[92.08053,24.89735],[92.08005,24.89764],[92.07976,24.89799],[92.0776,24.90165],[92.07682,24.9029],[92.07565,24.90421],[92.07479,24.90479],[92.07392,24.90512],[92.07299,24.90533],[92.0723,24.90536]]}},{"type":"Feature","properties":{"river":"surma","osm_id":45425001},"geometry":{"type":"LineString","coordinates":[[91.85896,24.88711],[91.85496,24.888],[91.85301,24.88835],[91.85058,24.88863],[91.84339,24.88897],[91.84159,24.8893],[91.84041,24.88967],[91.83953,24.89019],[91.83892,24.89073],[91.83866,24.89103],[91.83843,24.89138],[91.83837,24.89181],[91.83845,24.89228],[91.83879,24.89287],[91.83919,24.89342],[91.84088,24.89546],[91.84144,24.89755],[91.841,24.89931],[91.83973,24.90074],[91.83907,24.90142],[91.83824,24.90205],[91.83375,24.90553],[91.83114,24.90703],[91.81955,24.91121],[91.81582,24.91197],[91.81515,24.91202],[91.81426,24.91213],[91.81337,24.91194],[91.81249,24.91169],[91.81199,24.9112],[91.81167,24.91071],[91.81132,24.91015],[91.81119,24.90968],[91.81132,24.90614],[91.81132,24.90597],[91.81119,24.90537],[91.81102,24.90514],[91.81051,24.90502],[91.8101,24.90517],[91.80735,24.90753],[91.80539,24.90897],[91.80347,24.91015],[91.80095,24.9115],[91.79919,24.912],[91.7984,24.91187],[91.79763,24.91162],[91.79644,24.9104],[91.79532,24.90858],[91.79423,24.9076],[91.79293,24.90681],[91.79148,24.90658],[91.7898,24.90661],[91.78813,24.90697],[91.78643,24.9077],[91.78438,24.90953],[91.78362,24.91005],[91.78219,24.91081],[91.78136,24.91087],[91.78046,24.9105],[91.77959,24.90988],[91.77802,24.9084],[91.77688,24.90738],[91.77588,24.90704],[91.77489,24.90702],[91.7718,24.90778],[91.77054,24.90796],[91.76573,24.90835],[91.76419,24.90834],[91.76017,24.90832],[91.75565,24.90777],[91.74918,24.90525],[91.74747,24.90444],[91.74513,24.90364],[91.74203,24.90305],[91.73945,24.90288],[91.73492,24.90341],[91.7327,24.904],[91.73216,24.90437],[91.73188,24.90477],[91.73169,24.90544],[91.7319,24.90644],[91.73408,24.90927],[91.73504,24.91072],[91.73542,24.91221],[91.73532,24.91404],[91.73501,24.91581],[91.73439,24.91728],[91.73319,24.91871],[91.73197,24.91976],[91.73067,24.92051],[91.72908,24.9208],[91.7276,24.92082],[91.72632,24.92053],[91.7249,24.9199],[91.72335,24.91911],[91.72167,24.91874],[91.71873,24.9193],[91.71556,24.9202],[91.7138,24.9208],[91.70977,24.92225],[91.70579,24.92399],[91.70424,24.92485],[91.70262,24.92641],[91.70227,24.92729],[91.70223,24.92848],[91.70244,24.92979],[91.70224,24.93179],[91.7019,24.93333],[91.70149,24.93404],[91.70076,24.93468],[91.6994,24.93534],[91.6962,24.9359],[91.69568,24.93613],[91.69527,24.93648],[91.69495,24.93722],[91.69505,24.9377],[91.69522,24.93806],[91.69595,24.93839],[91.69662,24.93838],[91.69744,24.93822],[91.69863,24.93816],[91.6995,24.93837],[91.7006,24.93898],[91.70144,24.94007],[91.70155,24.94093],[91.70143,24.94191],[91.70134,24.94286],[91.70136,24.94373],[91.70163,24.94446],[91.70219,24.94499],[91.70276,24.94537],[91.70347,24.94549],[91.70448,24.94558],[91.70531,24.94533],[91.70629,24.94485],[91.70732,24.94477],[91.70819,24.94489],[91.70874,24.94514],[91.70948,24.94556],[91.71112,24.94678],[91.71256,24.94815],[91.71294,24.94871],[91.71315,24.94928],[91.71305,24.94974],[91.71284,24.95012],[91.71247,24.95048],[91.71118,24.95075],[91.70501,24.95056],[91.70358,24.9506],[91.70252,24.95085],[91.70164,24.95125],[91.70126,24.95165],[91.70105,24.95224],[91.70098,24.95315],[91.70126,24.95392],[91.70214,24.95479],[91.70407,24.95568],[91.70503,24.95643],[91.70567,24.95724],[91.70585,24.95824],[91.7058,24.95886],[91.7059,24.95962],[91.70597,24.96004],[91.70624,24.96055],[91.70696,24.96131],[91.70778,24.962],[91.70956,24.96332],[91.71039,24.96442],[91.71088,24.96573],[91.71106,24.96638],[91.71109,24.96705],[91.71095,24.96766],[91.7107,24.96853],[91.70956,24.97018],[91.70888,24.97077],[91.70791,24.97114],[91.70641,24.9714],[91.70453,24.97176],[91.70319,24.9723],[91.70149,24.97312],[91.70046,24.97363],[91.69832,24.97491],[91.69728,24.97564],[91.69656,24.97631],[91.69619,24.97673],[91.69597,24.97714],[91.69585,24.97751],[91.6959,24.97793],[91.69606,24.97836],[91.69636,24.97855],[91.69674,24.97874],[91.69714,24.97881],[91.69758,24.97887],[91.69782,24.97883],[91.69868,24.97871],[91.69961,24.97831],[91.70006,24.97816],[91.7007,24.97803],[91.70092,24.97802],[91.70111,24.97806],[91.70146,24.97821],[91.7018,24.97845],[91.70199,24.97862],[91.70214,24.97884],[91.70232,24.97917],[91.70246,24.97972],[91.70257,24.98083],[91.70254,24.98176],[91.70246,24.98255],[91.70224,24.98322],[91.70187,24.98367],[91.70084,24.98419],[91.69799,24.98482],[91.69549,24.98549],[91.69268,24.98656],[91.69083,24.98749],[91.6885,24.9884],[91.68121,24.99],[91.67628,24.99124],[91.67298,24.99243],[91.67164,24.99304],[91.66927,24.99463],[91.66736,24.99639],[91.66556,24.99846],[91.6649,24.99946],[91.66396,25.00145],[91.66344,25.00245],[91.6635,25.00308],[91.66404,25.00366],[91.66473,25.00392],[91.66574,25.00382],[91.66704,25.00337],[91.66923,25.00196],[91.67342,24.99852],[91.67484,24.9978],[91.67597,24.99722],[91.67853,24.99624],[91.68074,24.99597],[91.68507,24.99607],[91.68784,24.99639],[91.69042,24.99676],[91.69363,24.99781],[91.6956,24.99873],[91.69653,24.99929],[91.6968,24.99945],[91.69765,25.00023],[91.69796,25.00083],[91.69801,25.00132],[91.6979,25.0018],[91.69733,25.0024],[91.69665,25.00271],[91.69567,25.00284],[91.69399,25.00291],[91.69138,25.00272],[91.68942,25.00251],[91.68761,25.00264],[91.68674,25.00301],[91.68595,25.00363],[91.68508,25.00563],[91.68449,25.0085],[91.68357,25.0103],[91.6829,25.01173],[91.68224,25.01242],[91.68055,25.01369],[91.67754,25.01539],[91.67359,25.01721],[91.66858,25.0195],[91.66698,25.02064],[91.66596,25.02154],[91.66543,25.02214],[91.66525,25.02284],[91.66552,25.02339],[91.66592,25.02391],[91.66705,25.02431],[91.66868,25.02438],[91.6772,25.02384],[91.67905,25.02391],[91.68053,25.02413],[91.68154,25.02481],[91.68193,25.02525],[91.68191,25.02604],[91.68169,25.02697],[91.68123,25.02794],[91.67811,25.03345],[91.67614,25.03613],[91.67422,25.03816],[91.67217,25.03967],[91.67157,25.04011],[91.67098,25.04031],[91.67006,25.0405],[91.66577,25.03837],[91.66356,25.0376],[91.66022,25.03701],[91.65785,25.03593],[91.65583,25.03441],[91.651,25.02965],[91.64503,25.02303],[91.64001,25.01792],[91.63703,25.01539],[91.63057,25.01011],[91.62636,25.00731],[91.62224,25.00504],[91.61735,25.00317],[91.61362,25.00236],[91.61147,25.00247],[91.60993,25.00274],[91.60845,25.00343],[91.60736,25.00414],[91.60681,25.00509],[91.60636,25.00643],[91.60638,25.00784],[91.60699,25.01177],[91.60652,25.01543],[91.60647,25.01581],[91.60538,25.01908]]}},{"type":"Feature","properties":{"river":"surma","osm_id":45425042},"geometry":{"type":"LineString","coordinates":[[91.28956,24.97907],[91.28824,24.97899],[91.28724,24.97933],[91.28697,24.97965],[91.28674,24.9814],[91.28638,24.98284],[91.28603,24.98367],[91.2854,24.98464],[91.28468,24.985],[91.28344,24.98525],[91.2803,24.98502],[91.27707,24.98493],[91.27552,24.985],[91.27439,24.9856],[91.27334,24.98671],[91.27314,24.98712],[91.27295,24.98777],[91.27318,24.98981],[91.27311,24.99082],[91.27298,24.99138],[91.27268,24.99188],[91.27202,24.99235],[91.26538,24.99502],[91.26266,24.99612],[91.26028,24.99684],[91.25792,24.9974],[91.25619,24.99769],[91.25432,24.99773],[91.25201,24.99753],[91.25087,24.99738],[91.24892,24.99696],[91.24694,24.99626],[91.24511,24.99551],[91.24089,24.99238],[91.23966,24.99168],[91.23877,24.99153],[91.23803,24.99168],[91.23739,24.99203],[91.23696,24.99267],[91.23694,24.99335],[91.2373,24.99425],[91.23887,24.99835],[91.23879,24.99937],[91.23845,25.00062],[91.23801,25.00174],[91.23695,25.00364],[91.2365,25.00421],[91.23559,25.0046],[91.23496,25.00473],[91.23423,25.00464],[91.23231,25.00396],[91.22185,24.99917],[91.21856,24.99787],[91.21233,24.99524],[91.20862,24.99385],[91.20018,24.99148],[91.19974,24.99118],[91.19924,24.99074],[91.19868,24.99013],[91.19795,24.98922],[91.1974,24.98846],[91.19713,24.98748],[91.19901,24.98427],[91.19936,24.9835],[91.1998,24.98238],[91.19996,24.98131],[91.19957,24.97995],[91.19887,24.97879],[91.19692,24.97626],[91.19411,24.9723],[91.19318,24.97118],[91.19168,24.97003],[91.19069,24.96979],[91.18969,24.96986],[91.18899,24.97027],[91.18865,24.97125],[91.18832,24.97333],[91.18795,24.97403],[91.18732,24.97456],[91.18652,24.97468],[91.18534,24.97418],[91.18447,24.97346],[91.18314,24.97301],[91.1818,24.97282],[91.17912,24.97311],[91.17812,24.97293],[91.17726,24.97258],[91.17659,24.97201],[91.17468,24.96884],[91.17386,24.96767],[91.17267,24.9662],[91.17134,24.96504],[91.17046,24.96464],[91.16803,24.96405],[91.16663,24.96382],[91.1644,24.9631],[91.16264,24.96231],[91.16166,24.96173],[91.1608,24.9608],[91.16039,24.96001],[91.1603,24.95861],[91.16026,24.95346],[91.16028,24.95187],[91.16087,24.95079],[91.16142,24.95019],[91.16397,24.94834],[91.1647,24.94769],[91.16557,24.94703],[91.16591,24.94668],[91.16613,24.94624],[91.16613,24.94534],[91.16603,24.94316],[91.16597,24.94157],[91.16562,24.93933],[91.16518,24.93772],[91.16495,24.93709],[91.16441,24.93613],[91.16345,24.93477],[91.16225,24.93338],[91.16109,24.93208],[91.15984,24.93007],[91.15971,24.92917],[91.15982,24.92776],[91.16001,24.92734],[91.16076,24.92591],[91.16225,24.92448],[91.16297,24.92345],[91.16333,24.92256],[91.16375,24.92084],[91.16378,24.91973],[91.16345,24.91695],[91.16286,24.91481],[91.16227,24.91294],[91.15989,24.90898],[91.15901,24.90748],[91.15818,24.90554],[91.1579,24.90428],[91.15788,24.90351],[91.15829,24.90296],[91.15911,24.9024],[91.16048,24.90166],[91.16135,24.90085],[91.16162,24.89963],[91.1613,24.89777],[91.16022,24.89507],[91.15972,24.89216],[91.1598,24.89098],[91.16007,24.88978],[91.16068,24.88828],[91.16109,24.88674],[91.16136,24.88516],[91.16178,24.88157],[91.16256,24.8772],[91.16267,24.87557],[91.16259,24.87404],[91.16235,24.87331],[91.16219,24.87282],[91.16013,24.86907],[91.15869,24.86522],[91.15708,24.86117],[91.15625,24.85949],[91.15508,24.8575],[91.15386,24.85603],[91.14954,24.85175],[91.1465,24.84858],[91.14614,24.84795],[91.14564,24.84606],[91.14607,24.84426],[91.14732,24.84237],[91.14784,24.84139],[91.14793,24.84069],[91.14788,24.83983],[91.14752,24.83863],[91.14665,24.83814],[91.14461,24.83734],[91.14108,24.83577],[91.13939,24.83486],[91.13706,24.83313],[91.13494,24.83143],[91.13392,24.83032],[91.13315,24.82927],[91.13157,24.82569],[91.13128,24.82449],[91.13045,24.82268],[91.12874,24.82067],[91.1272,24.81915],[91.12403,24.81681],[91.12048,24.81487],[91.11882,24.81428],[91.11771,24.8137],[91.1166,24.81306],[91.11621,24.81254],[91.11563,24.8118],[91.11536,24.81083],[91.11549,24.80975],[91.1158,24.80907],[91.11634,24.80818],[91.11651,24.80728],[91.11729,24.8062],[91.11785,24.80476],[91.11814,24.8017],[91.11763,24.79831],[91.11601,24.79537],[91.11345,24.7927],[91.10955,24.78944],[91.1056,24.78561],[91.10208,24.78038],[91.09775,24.77361],[91.09477,24.76656],[91.09459,24.76614],[91.09271,24.76283],[91.09223,24.76198],[91.09002,24.75897],[91.08576,24.75496],[91.08452,24.75405],[91.0837,24.75307],[91.0826,24.75152],[91.08152,24.74918],[91.08093,24.74773],[91.08044,24.74624],[91.07986,24.74321],[91.07978,24.74198],[91.07985,24.7408],[91.08011,24.73895],[91.08034,24.73817],[91.08195,24.73424],[91.08348,24.73162],[91.08374,24.73104],[91.08383,24.73036],[91.08364,24.72954],[91.0833,24.72904],[91.08275,24.72871],[91.08194,24.7286],[91.08064,24.72874],[91.07929,24.72904],[91.07456,24.731],[91.07378,24.73103],[91.07314,24.73087],[91.07251,24.73038],[91.0723,24.72958],[91.07263,24.72855],[91.07368,24.72735],[91.08138,24.72042],[91.08615,24.7147],[91.09124,24.70993],[91.09237,24.70803],[91.09389,24.70561],[91.09678,24.7028],[91.10082,24.69997],[91.10216,24.69915],[91.10324,24.69832],[91.10418,24.69734],[91.1048,24.69664],[91.10528,24.69602],[91.10555,24.69548],[91.10646,24.69405],[91.10722,24.68801],[91.1088,24.68526],[91.10966,24.68308],[91.10958,24.68165],[91.10951,24.68052],[91.10802,24.67849],[91.10434,24.67553],[91.09981,24.66721],[91.09751,24.66047],[91.09724,24.65552],[91.09787,24.65355],[91.09898,24.65192],[91.1002,24.65163],[91.10234,24.65172],[91.10373,24.65106],[91.10555,24.64835],[91.10829,24.64174],[91.11066,24.63651],[91.11286,24.63289],[91.11573,24.63053],[91.11998,24.62935],[91.12425,24.62853],[91.12705,24.62813],[91.12864,24.6258],[91.12892,24.62334],[91.12852,24.61881],[91.1271,24.61476],[91.12531,24.61143],[91.1242,24.60764],[91.12325,24.6043],[91.12299,24.60094],[91.12281,24.5986],[91.12043,24.58922],[91.1125,24.56848],[91.11142,24.56184],[91.11071,24.55488],[91.11046,24.55181],[91.1101,24.54738],[91.10995,24.54632],[91.10973,24.54557],[91.10924,24.54413],[91.10858,24.54274],[91.10762,24.54141],[91.10249,24.53761],[91.09959,24.53405],[91.09558,24.53246],[91.08848,24.53148],[91.07903,24.52945],[91.07282,24.52877],[91.06779,24.52884],[91.06357,24.52844],[91.06229,24.52731],[91.06215,24.5257],[91.06287,24.51914],[91.06171,24.51354],[91.06143,24.51216],[91.05918,24.51048],[91.05237,24.51038],[91.04602,24.50655],[91.04251,24.49916],[91.04197,24.49729],[91.04365,24.49676],[91.04832,24.49631],[91.0502,24.49601],[91.05232,24.49788],[91.05446,24.49813],[91.0566,24.49781],[91.05837,24.49705],[91.06022,24.4961],[91.06146,24.49284],[91.06218,24.49114],[91.06344,24.48995],[91.06445,24.48955],[91.06526,24.49007],[91.0672,24.49269],[91.06831,24.49293],[91.06906,24.49266],[91.07129,24.49014],[91.07261,24.48994],[91.07494,24.49023],[91.07591,24.48991],[91.07689,24.48874],[91.07617,24.48502],[91.07488,24.48051],[91.07533,24.47371],[91.07602,24.47249],[91.07617,24.47223],[91.07856,24.46987],[91.08029,24.46666],[91.0781,24.4555],[91.07817,24.45021],[91.07691,24.44848],[91.07608,24.44636],[91.07487,24.44362],[91.07139,24.43891],[91.07129,24.43808],[91.07124,24.43765],[91.07135,24.43651],[91.07165,24.43547],[91.07209,24.43502],[91.07274,24.43493],[91.07544,24.43543],[91.07775,24.43507],[91.07931,24.43482],[91.08065,24.4338],[91.08152,24.43242],[91.08175,24.431],[91.08124,24.42968],[91.0804,24.4284],[91.07759,24.42654],[91.07392,24.42496],[91.07051,24.42197],[91.06632,24.42018],[91.06274,24.41919],[91.06113,24.41936],[91.06061,24.41956],[91.06027,24.41983],[91.05989,24.42031],[91.05963,24.42139],[91.05866,24.4245],[91.05826,24.42493],[91.05759,24.4254],[91.05729,24.42553],[91.05691,24.42554],[91.05653,24.42551],[91.05608,24.42537],[91.05548,24.42476],[91.0547,24.42417],[91.0537,24.42354],[91.05276,24.42318],[91.05042,24.42284],[91.04942,24.4227],[91.04446,24.42277],[91.04275,24.42211],[91.04107,24.42147],[91.04013,24.42018],[91.04073,24.41805],[91.04321,24.41535],[91.04611,24.41162],[91.04727,24.40824],[91.04708,24.40566],[91.04564,24.40372],[91.04272,24.40267],[91.03794,24.40241],[91.03536,24.40376],[91.03307,24.40525],[91.03079,24.40585],[91.02927,24.40495],[91.02974,24.4039],[91.03231,24.40038],[91.03334,24.39587],[91.03309,24.39288],[91.03068,24.38934],[91.02476,24.38289],[91.01938,24.37877],[91.01339,24.37582],[91.00843,24.37107]]}},{"type":"Feature","properties":{"river":"surma","osm_id":644709634},"geometry":{"type":"LineString","coordinates":[[91.8607,24.88693],[91.85896,24.88711]]}},{"type":"Feature","properties":{"river":"surma","osm_id":644709637},"geometry":{"type":"LineString","coordinates":[[92.0723,24.90536],[92.07195,24.90533],[92.07158,24.9052],[92.07118,24.90499],[92.07074,24.90464],[92.0696,24.90341],[92.06878,24.9027],[92.06529,24.90002],[92.06432,24.89925],[92.06347,24.89848],[92.06229,24.8973],[92.06154,24.89636],[92.06085,24.89525],[92.05982,24.89296],[92.05902,24.89148],[92.05791,24.88999],[92.05702,24.88918],[92.05574,24.88849],[92.05443,24.88806],[92.0532,24.88784],[92.05168,24.88779],[92.04867,24.8878],[92.0409,24.88822],[92.03956,24.88824],[92.03863,24.88827],[92.03738,24.88826],[92.03657,24.8883],[92.036,24.88835],[92.03552,24.88846],[92.03463,24.88865],[92.03375,24.88872],[92.03285,24.88868],[92.03229,24.88858],[92.03141,24.8883],[92.03064,24.88777],[92.03019,24.88734],[92.0298,24.88676],[92.02959,24.88629],[92.02937,24.88564],[92.02924,24.8851],[92.02889,24.88298],[92.02847,24.87967],[92.02817,24.87781],[92.02765,24.87578],[92.02692,24.8743],[92.02605,24.87316],[92.02497,24.87209],[92.02422,24.87155],[92.02363,24.87117],[92.02296,24.87099],[92.02196,24.87094],[92.02069,24.87109],[92.01924,24.87144],[92.01735,24.87187],[92.01592,24.87197],[92.01447,24.8719],[92.01318,24.87162],[92.01144,24.87094],[92.00991,24.87005],[92.00884,24.86923],[92.00806,24.86834],[92.00755,24.86742],[92.00729,24.86643],[92.00726,24.86559],[92.00741,24.86465],[92.00903,24.86012],[92.00923,24.85915],[92.00923,24.85842],[92.00904,24.8577],[92.00866,24.85701],[92.00817,24.85657],[92.00716,24.85622],[92.00607,24.85619],[92.00433,24.85647],[92.00254,24.85692],[91.99946,24.858],[91.99593,24.85969],[91.9896,24.86267],[91.98807,24.86326],[91.98563,24.86414],[91.98407,24.86457],[91.98198,24.86506],[91.98036,24.86539],[91.97759,24.86589],[91.97609,24.86599],[91.97459,24.86592],[91.97162,24.86555],[91.96569,24.86467],[91.96273,24.8638],[91.96106,24.86319],[91.95979,24.86257],[91.95865,24.86185],[91.95767,24.86104],[91.95283,24.85574],[91.95163,24.85483],[91.95036,24.85416],[91.9483,24.85339],[91.94634,24.85288],[91.94528,24.85274],[91.94387,24.85272],[91.94226,24.85282],[91.9409,24.85298],[91.93975,24.85334],[91.93896,24.85383],[91.93842,24.85443],[91.93824,24.85497],[91.93829,24.85582],[91.93858,24.85655],[91.9408,24.86061],[91.94098,24.86143],[91.94103,24.86218],[91.94088,24.86267],[91.9406,24.86302],[91.94019,24.86332],[91.93984,24.86347],[91.93907,24.86359],[91.93665,24.86375],[91.93516,24.86388],[91.93428,24.86401],[91.9327,24.86427],[91.93174,24.86454],[91.92605,24.86681],[91.92361,24.8681],[91.92235,24.86912],[91.92162,24.86988],[91.92056,24.87181],[91.91998,24.87328],[91.91871,24.87526],[91.91793,24.87595],[91.91661,24.87654],[91.91598,24.87655],[91.91534,24.87637],[91.914,24.87574],[91.91058,24.87361],[91.90906,24.8729],[91.90839,24.87279],[91.90769,24.8728],[91.90629,24.87316],[91.90347,24.87469],[91.90228,24.87531],[91.90084,24.87619],[91.89896,24.87682],[91.8976,24.8769],[91.8965,24.8769],[91.89509,24.87661],[91.8929,24.87643],[91.89114,24.87652],[91.89021,24.87671],[91.88929,24.87705],[91.88225,24.88048],[91.87966,24.88168],[91.87659,24.88313],[91.87496,24.8843],[91.8734,24.88576],[91.87306,24.88609],[91.87168,24.88699],[91.87031,24.88742],[91.86882,24.88759],[91.8642,24.88707],[91.86181,24.8869],[91.8607,24.88693]]}},{"type":"Feature","properties":{"river":"surma","osm_id":753070500},"geometry":{"type":"LineString","coordinates":[[91.60538,25.01908],[91.60398,25.02168],[91.60295,25.02301],[91.60162,25.02394],[91.60007,25.02477],[91.5976,25.02518],[91.59472,25.02511],[91.59044,25.02454],[91.57525,25.02217],[91.57254,25.02202],[91.57062,25.02227],[91.56965,25.02248],[91.56882,25.02344],[91.56851,25.02495],[91.56778,25.03343],[91.56669,25.03767],[91.5654,25.04052],[91.56467,25.04171],[91.5636,25.04293],[91.56141,25.04467],[91.55987,25.04538],[91.55833,25.04575],[91.55671,25.04577],[91.55557,25.04548],[91.55295,25.04415],[91.54997,25.04112],[91.54864,25.03989],[91.54723,25.03937],[91.54546,25.03935],[91.54378,25.03983],[91.54306,25.04019],[91.54259,25.04072],[91.54228,25.04124],[91.54208,25.04214],[91.54223,25.04311],[91.54255,25.04392],[91.54318,25.04477],[91.54457,25.04597],[91.54605,25.04663],[91.54972,25.04816],[91.55242,25.04962],[91.55396,25.05075],[91.55497,25.0524],[91.55501,25.05296],[91.55508,25.05398],[91.55452,25.05561],[91.55205,25.05798],[91.5511,25.05864],[91.54904,25.05943],[91.54678,25.05956],[91.5442,25.05923],[91.54155,25.05818],[91.53794,25.05608],[91.53537,25.05419],[91.53281,25.05291],[91.53021,25.05209],[91.52879,25.05177],[91.52744,25.05174],[91.52626,25.05182],[91.5253,25.05252],[91.52435,25.05361],[91.52325,25.05554],[91.52245,25.05835],[91.52194,25.06111],[91.52014,25.06945],[91.5188,25.07322],[91.5168,25.07709],[91.51388,25.0809],[91.51066,25.08358],[91.50824,25.08486],[91.50637,25.08591],[91.50393,25.08651],[91.50131,25.08636],[91.50002,25.08589],[91.49867,25.08422],[91.49695,25.07878],[91.49554,25.07615],[91.49109,25.0711],[91.48742,25.06955],[91.48545,25.06912],[91.48311,25.06943],[91.48052,25.07009],[91.47871,25.07075],[91.47715,25.07139],[91.47511,25.07151],[91.47311,25.07129],[91.46792,25.07044],[91.46307,25.07021],[91.45923,25.07034],[91.45685,25.07108],[91.45618,25.07173],[91.45586,25.07289],[91.45618,25.07406],[91.45777,25.07549],[91.46127,25.07769],[91.46597,25.08242],[91.4677,25.08466],[91.46832,25.0857],[91.46873,25.08682],[91.46887,25.08781],[91.46878,25.08882],[91.46829,25.0903],[91.46729,25.09136],[91.46577,25.09223],[91.46437,25.09264],[91.46334,25.09281],[91.46228,25.09273],[91.45968,25.09217],[91.45719,25.09156],[91.45539,25.09129],[91.45268,25.09106],[91.43658,25.09106],[91.43457,25.09116],[91.42594,25.09174],[91.42391,25.09172],[91.42208,25.09151],[91.42079,25.09115],[91.41981,25.09058],[91.41871,25.08964],[91.41777,25.08867],[91.41694,25.08763],[91.4084,25.07427],[91.4079,25.07372],[91.40729,25.07335],[91.40664,25.07315],[91.4059,25.0731],[91.40479,25.07327],[91.40204,25.07407],[91.40108,25.07422],[91.39996,25.07425],[91.39857,25.07411],[91.39163,25.07299],[91.38469,25.07165],[91.38343,25.07121],[91.38261,25.07065],[91.38224,25.06994],[91.38211,25.06922],[91.38209,25.06908],[91.38215,25.06804],[91.38334,25.0621],[91.38363,25.06029],[91.38403,25.05874],[91.3852,25.05518],[91.38635,25.05088],[91.38654,25.04983],[91.3867,25.04872],[91.38676,25.04728],[91.38667,25.04619],[91.38642,25.04555],[91.38604,25.04514],[91.38552,25.04478],[91.38485,25.04447],[91.38401,25.04422],[91.38308,25.04411],[91.38133,25.0441],[91.37962,25.04389],[91.37565,25.0426],[91.3726,25.04105],[91.37046,25.03918],[91.36797,25.03545],[91.36505,25.03249],[91.35924,25.02804],[91.35458,25.0241],[91.35123,25.02007],[91.34992,25.01741],[91.34934,25.01478],[91.34885,25.01078],[91.34829,25.00732],[91.34582,25.00502],[91.33987,25.00252],[91.33553,25.00053],[91.33104,24.99928],[91.32248,24.99849],[91.31774,24.99797],[91.30861,24.9955],[91.30465,24.99362],[91.30389,24.99271],[91.30392,24.99158],[91.30462,24.99066],[91.30589,24.99028],[91.30857,24.99049],[91.30995,24.99083],[91.31153,24.99066],[91.31287,24.98977],[91.31338,24.98849],[91.31333,24.98717],[91.3125,24.98587],[91.31084,24.98511],[91.30924,24.98493],[91.30537,24.98577],[91.3034,24.98556],[91.30223,24.98528],[91.29772,24.98124],[91.29276,24.98089],[91.28956,24.97907]]}},{"type":"Feature","properties":{"river":"kushiyara","osm_id":45425107},"geometry":{"type":"LineString","coordinates":[[92.48913,24.87591],[92.48852,24.87536],[92.48798,24.87499],[92.48727,24.87403],[92.48663,24.87269],[92.48546,24.87008],[92.48508,24.86818],[92.48495,24.86485],[92.48451,24.86351],[92.48429,24.86318],[92.48404,24.86294],[92.4834,24.86269],[92.48302,24.86265],[92.48235,24.86275],[92.48149,24.86319],[92.4809,24.86362],[92.47945,24.86541],[92.47805,24.86685],[92.47677,24.86777],[92.47497,24.86852],[92.46486,24.87226],[92.46099,24.87355],[92.45921,24.87396],[92.45763,24.87403],[92.45643,24.87406],[92.45567,24.874],[92.45301,24.87346],[92.45108,24.87285],[92.44739,24.87186],[92.44387,24.87141],[92.44297,24.87122],[92.44195,24.87089],[92.44134,24.87051],[92.44042,24.86974],[92.43974,24.86881],[92.43945,24.86766],[92.43955,24.86696],[92.43978,24.8662],[92.44134,24.86261],[92.44161,24.86095],[92.44134,24.8598],[92.44036,24.85795],[92.43911,24.85653],[92.43648,24.85552],[92.42998,24.85447],[92.42652,24.8537],[92.42344,24.85352],[92.42263,24.85362],[92.41847,24.85575],[92.41568,24.85768],[92.41421,24.85855],[92.41309,24.85914],[92.41111,24.85949],[92.40807,24.85953],[92.40635,24.85932],[92.40534,24.85926],[92.40435,24.85872],[92.40351,24.85782],[92.40281,24.85715],[92.40223,24.85573],[92.40183,24.85376],[92.40193,24.85253],[92.40204,24.85042],[92.40183,24.84957],[92.40165,24.84923],[92.40105,24.84881],[92.39879,24.84891],[92.39671,24.84968],[92.39554,24.8503],[92.39251,24.85108],[92.3902,24.85149],[92.38935,24.85157],[92.38715,24.8518],[92.38595,24.85209],[92.38548,24.85232],[92.38526,24.85248],[92.38442,24.85313],[92.38395,24.85364],[92.38365,24.85422],[92.38351,24.85472],[92.38367,24.85563],[92.38401,24.85667],[92.38417,24.85753],[92.38388,24.8589],[92.3835,24.85979],[92.38319,24.86032],[92.38207,24.86112],[92.38076,24.86182],[92.37866,24.86269],[92.37801,24.86316],[92.37761,24.86376],[92.3774,24.86437],[92.37721,24.86527],[92.37725,24.86607],[92.37737,24.86684],[92.37744,24.86777],[92.37735,24.86872],[92.3772,24.86951],[92.37687,24.87073],[92.37603,24.87247],[92.37534,24.87345],[92.37387,24.87482],[92.37285,24.87522],[92.37209,24.87534],[92.37115,24.87524],[92.37038,24.87497],[92.36794,24.87322],[92.36651,24.87233],[92.3651,24.87193],[92.36392,24.87195],[92.36304,24.87216],[92.36253,24.87273],[92.36232,24.87346],[92.36208,24.876],[92.36169,24.87772],[92.36151,24.8784],[92.36125,24.87889],[92.36086,24.87921],[92.36032,24.87941],[92.3598,24.87956],[92.35922,24.87946],[92.35869,24.87922],[92.35732,24.87866],[92.3567,24.87859],[92.35619,24.87867],[92.35542,24.87885],[92.35467,24.87924],[92.35439,24.87958],[92.35414,24.88017],[92.35365,24.88162],[92.35317,24.88278],[92.35122,24.8869],[92.34931,24.89099],[92.34737,24.89384],[92.3464,24.8944],[92.34587,24.89454],[92.34526,24.89459],[92.34459,24.89445],[92.34392,24.89407],[92.34352,24.8936],[92.34334,24.89287],[92.34347,24.89052],[92.34396,24.88862],[92.34493,24.88593],[92.34528,24.88474],[92.34529,24.88329],[92.34484,24.88153],[92.34441,24.88063],[92.34382,24.87973],[92.34303,24.87894],[92.34169,24.87826],[92.34089,24.87796],[92.34039,24.87798],[92.34002,24.87814],[92.33929,24.87858],[92.33882,24.87911],[92.33807,24.87992],[92.33376,24.88429],[92.33038,24.88748],[92.32875,24.88918],[92.32818,24.8902],[92.32795,24.891],[92.32788,24.89175],[92.32778,24.89348],[92.32776,24.89463],[92.32749,24.89564],[92.32679,24.89665],[92.32605,24.89727],[92.32522,24.89761],[92.32453,24.89773],[92.32347,24.89768],[92.32252,24.89727],[92.32104,24.8966],[92.3191,24.89547],[92.31757,24.89484],[92.31691,24.89468],[92.31655,24.89471],[92.3161,24.89486],[92.31572,24.89515],[92.31544,24.89549],[92.31417,24.89766],[92.31278,24.899],[92.31182,24.89965],[92.31034,24.90051],[92.30806,24.90155],[92.30736,24.90213],[92.30714,24.90249],[92.30702,24.90327],[92.30709,24.90481],[92.30709,24.90596],[92.30669,24.90931],[92.30643,24.91035],[92.30618,24.91097],[92.30572,24.91161],[92.30367,24.91353],[92.30182,24.91491],[92.29955,24.91617],[92.29752,24.91671],[92.29707,24.91675],[92.29436,24.9165],[92.29367,24.9162],[92.292,24.9148],[92.29081,24.91405],[92.28788,24.91276],[92.28555,24.91178],[92.28461,24.91118],[92.28382,24.9101],[92.28302,24.90735],[92.28257,24.90666],[92.28191,24.90613],[92.28101,24.90587],[92.27977,24.90574],[92.27821,24.90557],[92.27448,24.90516],[92.27209,24.90504],[92.27085,24.90533],[92.26679,24.90672],[92.26451,24.90729],[92.26301,24.90726],[92.25977,24.90704],[92.25659,24.90727],[92.25322,24.9084],[92.25009,24.90901],[92.2497,24.90907],[92.2493,24.90911],[92.24884,24.90914],[92.24829,24.90916],[92.24771,24.90916],[92.2471,24.90915],[92.24673,24.9091],[92.24626,24.909],[92.24574,24.90882],[92.24525,24.90865],[92.24453,24.90835],[92.24407,24.90813],[92.24344,24.90775],[92.2428,24.9072],[92.24224,24.90665],[92.24171,24.90612],[92.24116,24.90558],[92.24065,24.90518],[92.24013,24.90483],[92.23953,24.90453],[92.23863,24.90412],[92.23798,24.90389],[92.23714,24.90355],[92.23645,24.90322],[92.23569,24.90283],[92.23502,24.9024],[92.23436,24.90189],[92.23369,24.90133],[92.23326,24.90093],[92.23262,24.90049],[92.23203,24.90014],[92.23151,24.89993],[92.23105,24.89985],[92.23057,24.8999],[92.2299,24.90014],[92.22933,24.9005],[92.22873,24.90102],[92.22826,24.90147],[92.22766,24.90203],[92.22705,24.90251],[92.22634,24.90288],[92.22584,24.90304],[92.22535,24.90308],[92.22489,24.90303],[92.22437,24.90286],[92.22389,24.9026],[92.22348,24.90222],[92.22318,24.90166],[92.22299,24.90118],[92.22288,24.90073],[92.22289,24.90017],[92.22299,24.89962],[92.22314,24.899],[92.2233,24.89835],[92.22333,24.89762],[92.22331,24.89701],[92.22321,24.89643],[92.22306,24.89606],[92.22273,24.89567],[92.22238,24.89547],[92.22186,24.8953],[92.2212,24.89522],[92.21994,24.89511],[92.21871,24.89511],[92.21749,24.89511],[92.21643,24.89499],[92.21568,24.89466],[92.21532,24.89426],[92.21511,24.89383],[92.21499,24.89323],[92.21511,24.89241],[92.21535,24.89118],[92.21562,24.89013],[92.21585,24.88893],[92.21564,24.88829],[92.21524,24.8878],[92.21476,24.88745],[92.21387,24.887],[92.21232,24.88615],[92.21117,24.88558],[92.20983,24.88495],[92.2084,24.88453],[92.20715,24.88449],[92.20589,24.88458],[92.20451,24.88478],[92.20295,24.88507],[92.2013,24.88532],[92.20006,24.88576],[92.19892,24.88632],[92.19789,24.88701],[92.19707,24.88764],[92.19632,24.88836],[92.19548,24.88913],[92.19469,24.88982],[92.19379,24.89044],[92.19297,24.89066],[92.19194,24.89058],[92.1911,24.89025],[92.19046,24.88951],[92.19012,24.88887],[92.18973,24.88779],[92.18971,24.8869],[92.18982,24.88642],[92.19009,24.88587],[92.19066,24.88528],[92.19168,24.8846],[92.19273,24.88397],[92.19353,24.88342],[92.19399,24.88303],[92.1943,24.8826],[92.19463,24.88206],[92.19467,24.88141],[92.19436,24.88083],[92.1939,24.88041],[92.19307,24.88025],[92.19197,24.88009],[92.19084,24.87998],[92.18938,24.87984],[92.18808,24.87964],[92.18653,24.87932],[92.18576,24.87901],[92.18513,24.87863],[92.18441,24.87796],[92.18379,24.87709],[92.18265,24.87534],[92.18185,24.87443],[92.18079,24.87319],[92.18027,24.87208],[92.18005,24.871],[92.17987,24.86881],[92.1798,24.86566],[92.18004,24.86244],[92.18029,24.86059],[92.18068,24.85911],[92.18057,24.85828],[92.18015,24.85759],[92.17954,24.85712],[92.17854,24.85684]]}},{"type":"Feature","properties":{"river":"kushiyara","osm_id":45425289},"geometry":{"type":"LineString","coordinates":[[91.89604,24.64659],[91.89228,24.64588],[91.89126,24.64587],[91.8902,24.64609],[91.88966,24.64655],[91.88935,24.64728],[91.88921,24.64824],[91.88937,24.65018],[91.88948,24.65271],[91.88935,24.65441],[91.88877,24.65614],[91.88789,24.65737],[91.88626,24.65864],[91.88454,24.65938],[91.88287,24.65944],[91.88158,24.65917],[91.88053,24.65846],[91.87905,24.657],[91.87809,24.65628],[91.87705,24.65595],[91.87604,24.65607],[91.8748,24.65667],[91.87345,24.65763],[91.87192,24.65827],[91.86999,24.65856],[91.86808,24.65848],[91.86673,24.65815],[91.86589,24.65755],[91.86555,24.65677],[91.86544,24.65531],[91.86544,24.65367],[91.86508,24.65228],[91.86437,24.65127],[91.86326,24.65053],[91.86135,24.64965],[91.85727,24.64815],[91.85171,24.64596],[91.84933,24.64516],[91.84796,24.64513],[91.84703,24.64559],[91.84639,24.64649],[91.84583,24.64838],[91.84538,24.64979],[91.84467,24.65088],[91.84356,24.6516],[91.84148,24.65236],[91.83772,24.65322],[91.83386,24.65365],[91.8309,24.65361],[91.82841,24.65312],[91.82605,24.65215],[91.82322,24.65061],[91.81972,24.64807],[91.81386,24.64378],[91.80886,24.64062],[91.80354,24.63769],[91.80152,24.63701],[91.80011,24.63703],[91.7992,24.63742],[91.79863,24.63814],[91.7982,24.63906],[91.79766,24.64173],[91.79693,24.64433],[91.79639,24.6453],[91.79585,24.6458],[91.79498,24.64592],[91.79191,24.64536],[91.78588,24.64329],[91.78264,24.64165],[91.78122,24.64021],[91.78054,24.63834],[91.7806,24.63654],[91.78116,24.63434],[91.78221,24.63199],[91.78378,24.62907],[91.78422,24.62771],[91.78424,24.62699],[91.784,24.62637],[91.78339,24.62598],[91.78236,24.62584],[91.77884,24.62634],[91.77464,24.62703],[91.77163,24.62734],[91.77075,24.6271],[91.77046,24.62677],[91.77043,24.62617],[91.77077,24.62541],[91.77182,24.62388],[91.7723,24.62268],[91.77239,24.62158],[91.77157,24.62049],[91.76974,24.61922],[91.76459,24.61643],[91.7588,24.61331],[91.75494,24.6105],[91.7523,24.60801],[91.75041,24.60547],[91.7491,24.60276],[91.74764,24.59895],[91.74698,24.5977],[91.74638,24.5971],[91.74558,24.5969],[91.74477,24.59702],[91.74406,24.59747],[91.74163,24.59991],[91.74,24.60087],[91.73874,24.60118],[91.73764,24.60106],[91.73616,24.60059],[91.72983,24.59692],[91.72777,24.59589],[91.72556,24.59534],[91.72361,24.59521]]}},{"type":"Feature","properties":{"river":"kushiyara","osm_id":45425290},"geometry":{"type":"LineString","coordinates":[[92.17854,24.85684],[92.17706,24.85704],[92.1758,24.8577],[92.17472,24.85874],[92.17345,24.86042],[92.17166,24.86222],[92.17022,24.86317],[92.16854,24.86368],[92.16661,24.86395],[92.16259,24.86422],[92.16098,24.86403],[92.15956,24.86339],[92.15847,24.86247],[92.15807,24.86186],[92.15782,24.86101],[92.15782,24.86011],[92.15798,24.85925],[92.15833,24.85841],[92.15835,24.85775],[92.15827,24.85688],[92.15786,24.85634],[92.15712,24.85593],[92.15634,24.85566],[92.15502,24.85548],[92.15365,24.85539],[92.15166,24.85519],[92.14961,24.85494],[92.14785,24.85463],[92.14593,24.85431],[92.14419,24.85407],[92.14261,24.85392],[92.1409,24.85381],[92.13915,24.85369],[92.13774,24.85371],[92.13621,24.85376],[92.13495,24.85386],[92.13414,24.85402],[92.13342,24.8544],[92.13294,24.85486],[92.13255,24.85547],[92.13232,24.85616],[92.13241,24.85679],[92.13268,24.85755],[92.13313,24.85829],[92.13345,24.85896],[92.13379,24.85995],[92.13385,24.86071],[92.13367,24.86136],[92.13338,24.86179],[92.13269,24.86207],[92.13155,24.86228],[92.13033,24.86246],[92.12868,24.86275],[92.12717,24.86301],[92.12544,24.86331],[92.12403,24.86367],[92.12282,24.86405],[92.1219,24.86443],[92.1212,24.86486],[92.11913,24.86642],[92.11739,24.86735],[92.11614,24.86761],[92.11515,24.86766],[92.11393,24.86749],[92.11254,24.86699],[92.11008,24.86587],[92.10903,24.86562],[92.10817,24.86561],[92.10708,24.86577],[92.10552,24.86612],[92.1042,24.86634],[92.10292,24.8663],[92.10162,24.86611],[92.09888,24.86537],[92.09606,24.86458],[92.09387,24.86372],[92.09268,24.86291],[92.09219,24.86214],[92.09182,24.86106],[92.09188,24.85955],[92.0922,24.85646],[92.09238,24.85368],[92.09212,24.85238],[92.09162,24.85164],[92.09113,24.85114],[92.0906,24.85071],[92.08612,24.84777],[92.08475,24.84675],[92.08397,24.84604],[92.08351,24.8453],[92.0833,24.84456],[92.08295,24.84153],[92.08249,24.83919],[92.08198,24.83834],[92.08165,24.83803],[92.08097,24.83773],[92.0803,24.83765],[92.07898,24.83764],[92.07792,24.83741],[92.07736,24.83713],[92.07691,24.83666],[92.07644,24.8354],[92.07574,24.83363],[92.07491,24.83228],[92.07295,24.82982],[92.07158,24.8276],[92.07014,24.82455],[92.0688,24.82137],[92.06857,24.82083],[92.06785,24.81806],[92.06783,24.81626],[92.06828,24.81463],[92.06895,24.81341],[92.07041,24.81192],[92.07107,24.81138],[92.07531,24.80765],[92.07585,24.80692],[92.0761,24.80605],[92.07604,24.80538],[92.07568,24.80485],[92.07498,24.8047],[92.07425,24.80486],[92.07232,24.80592],[92.07155,24.80631],[92.07069,24.8064],[92.06996,24.80626],[92.06955,24.80578],[92.06945,24.80506],[92.0698,24.80432],[92.07104,24.80282],[92.0722,24.80149],[92.07277,24.80011],[92.07312,24.79874],[92.07305,24.79712],[92.07263,24.7961],[92.07176,24.79548],[92.07106,24.79535],[92.07001,24.79558],[92.06907,24.79609],[92.06705,24.79758],[92.06579,24.79796],[92.06469,24.79782],[92.06385,24.79738],[92.06309,24.79645],[92.06228,24.79415],[92.06162,24.7931],[92.06092,24.79251],[92.05998,24.79205],[92.05716,24.79128],[92.05453,24.79038],[92.05163,24.78888],[92.05026,24.78738],[92.04941,24.78473],[92.04898,24.7836],[92.04847,24.78152],[92.04821,24.77981],[92.04825,24.77712],[92.04859,24.77223],[92.04855,24.7692],[92.04872,24.76791],[92.04929,24.76702],[92.05019,24.76649],[92.0511,24.76651],[92.05191,24.76676],[92.05482,24.76888],[92.05585,24.76938],[92.05701,24.76942],[92.05775,24.76906],[92.05825,24.76835],[92.05864,24.7671],[92.05836,24.76535],[92.05783,24.7645],[92.05694,24.76386],[92.05469,24.76262],[92.05306,24.76186],[92.05195,24.76126],[92.05016,24.75999],[92.04808,24.75825],[92.04604,24.75685],[92.04302,24.75488],[92.04223,24.75441],[92.04128,24.75367],[92.04073,24.75283],[92.04067,24.75184],[92.04103,24.75104],[92.04211,24.75012],[92.04436,24.74946],[92.04723,24.7481],[92.04932,24.74683],[92.05008,24.7458],[92.05042,24.74461],[92.05015,24.74323],[92.04938,24.74215],[92.04771,24.74093],[92.04586,24.74013],[92.04378,24.73892],[92.04291,24.73806],[92.04037,24.73473],[92.03884,24.7318],[92.03756,24.72926],[92.03679,24.72803],[92.03596,24.72764],[92.03457,24.72744],[92.03357,24.72764],[92.03204,24.7285],[92.03138,24.72941],[92.03024,24.73208],[92.02998,24.73268],[92.02909,24.73412],[92.02839,24.73453],[92.02773,24.73456],[92.0268,24.73438],[92.0241,24.73309],[92.02181,24.73235],[92.01946,24.73191],[92.01698,24.73155],[92.01582,24.7311],[92.01479,24.73048],[92.01359,24.72929],[92.01099,24.72534],[92.00816,24.72146],[92.00591,24.71939],[92.00387,24.71824],[92.00134,24.7175],[91.99915,24.71756],[91.99741,24.71812],[91.99614,24.71915],[91.99527,24.72046],[91.99463,24.72184],[91.99409,24.72269],[91.9934,24.72336],[91.99223,24.72396],[91.99152,24.72403],[91.99107,24.72391],[91.99059,24.72362],[91.99032,24.72326],[91.98998,24.72193],[91.98988,24.72031],[91.98958,24.71906],[91.98876,24.71775],[91.98799,24.71701],[91.98494,24.71495],[91.98354,24.71387],[91.98244,24.71271],[91.97971,24.70923],[91.97903,24.70872],[91.97837,24.70854],[91.97767,24.70865],[91.97641,24.70926],[91.97482,24.71021],[91.97386,24.71048],[91.97328,24.71042],[91.97281,24.71019],[91.97163,24.70882],[91.97019,24.70743],[91.96942,24.70714],[91.96859,24.70719],[91.96778,24.70753],[91.96704,24.70819],[91.96531,24.71093],[91.96472,24.71145],[91.964,24.71165],[91.96317,24.71158],[91.96209,24.7112],[91.95881,24.70948],[91.95582,24.70792],[91.95397,24.7066],[91.95106,24.70438],[91.9493,24.70337],[91.94782,24.70286],[91.9457,24.70243],[91.94366,24.7021],[91.9414,24.70162],[91.939,24.70087],[91.9358,24.69951],[91.93145,24.69723],[91.92668,24.695],[91.91967,24.69237],[91.91785,24.69154],[91.91704,24.69096],[91.91614,24.69012],[91.91542,24.68881],[91.91512,24.68744],[91.91518,24.68464],[91.91555,24.68155],[91.9157,24.67958],[91.91566,24.67814],[91.91531,24.67713],[91.91447,24.67613],[91.91257,24.67483],[91.91008,24.67334],[91.90832,24.6719],[91.90673,24.66976],[91.90527,24.66704],[91.90458,24.66515],[91.90426,24.66279],[91.90445,24.66051],[91.9049,24.65778],[91.90516,24.65513],[91.90482,24.65332],[91.9037,24.65103],[91.90177,24.64916],[91.89913,24.64768],[91.89604,24.64659]]}},{"type":"Feature","properties":{"river":"kushiyara","osm_id":138303222},"geometry":{"type":"LineString","coordinates":[[91.72361,24.59521],[91.72181,24.59548],[91.71726,24.59671],[91.7111,24.59901],[91.7017,24.60348],[91.69719,24.60615],[91.69389,24.60881],[91.69209,24.61087],[91.69099,24.61265],[91.68996,24.61446],[91.68917,24.61585],[91.68795,24.61753],[91.68666,24.61881],[91.68492,24.62065],[91.68383,24.62215],[91.68278,24.62412],[91.68147,24.62747],[91.68054,24.62983],[91.67928,24.63288],[91.67863,24.63413],[91.67763,24.63572],[91.67557,24.63827],[91.67383,24.63984],[91.67202,24.64102],[91.66976,24.64194],[91.66678,24.64247],[91.66407,24.64247],[91.66124,24.64201],[91.65894,24.64129],[91.65658,24.6403],[91.65434,24.63979],[91.6516,24.63985],[91.64854,24.6407],[91.64657,24.64192],[91.64496,24.64352],[91.64423,24.64461],[91.64379,24.64646],[91.64343,24.64917],[91.64286,24.65148],[91.64212,24.65274],[91.6406,24.65407],[91.63855,24.65517],[91.63547,24.65666],[91.63371,24.65798],[91.63222,24.65926],[91.631,24.66105],[91.63071,24.66147],[91.62913,24.66348],[91.62724,24.66615],[91.62572,24.66773],[91.62332,24.66905],[91.62096,24.66981],[91.61902,24.67013],[91.61711,24.67036],[91.61563,24.67026],[91.6142,24.67061],[91.6137,24.67106],[91.61341,24.67187],[91.61346,24.67265],[91.61441,24.67402],[91.61526,24.67482],[91.61603,24.67593],[91.61641,24.67673],[91.61635,24.67772],[91.6159,24.67852],[91.61443,24.67917],[91.61247,24.67955],[91.60764,24.67947],[91.60742,24.67947],[91.60575,24.67915],[91.60323,24.6784],[91.60099,24.67734],[91.59882,24.67583],[91.59697,24.67323],[91.59595,24.67166],[91.59502,24.67068],[91.59439,24.67048],[91.5936,24.67045],[91.59284,24.67073],[91.59207,24.67151],[91.59105,24.67343],[91.58961,24.6757],[91.58821,24.6771],[91.58696,24.67788],[91.58497,24.67836],[91.5824,24.6784],[91.57874,24.67795],[91.5742,24.67718],[91.57053,24.677],[91.56933,24.67722],[91.56797,24.67777],[91.56739,24.67839],[91.56716,24.67909],[91.56718,24.67998],[91.56738,24.68044],[91.5677,24.68122],[91.56897,24.68296],[91.56992,24.68402],[91.57234,24.68551],[91.57565,24.68703],[91.57724,24.68797],[91.5785,24.68914],[91.5789,24.69022],[91.57891,24.69131],[91.5786,24.69204],[91.57779,24.69324],[91.57612,24.6945],[91.57424,24.69528],[91.57155,24.69561],[91.56889,24.69521],[91.56657,24.69471],[91.56452,24.69419],[91.5619,24.69344],[91.55972,24.69296],[91.55774,24.69245],[91.55585,24.69187],[91.55263,24.69097],[91.5503,24.69048],[91.54824,24.69055],[91.5478,24.69067],[91.54746,24.69085],[91.54699,24.69142],[91.54677,24.69168],[91.54612,24.69279],[91.54542,24.69371],[91.54463,24.69459],[91.54343,24.69551],[91.53727,24.69982],[91.5319,24.70326]]}},{"type":"Feature","properties":{"river":"kushiyara","osm_id":671138435},"geometry":{"type":"LineString","coordinates":[[91.5319,24.70326],[91.52869,24.70491],[91.52672,24.70531],[91.52488,24.70511],[91.52303,24.70446],[91.522,24.70358],[91.52124,24.70219],[91.5203,24.69906],[91.51971,24.69804],[91.51839,24.69693],[91.51708,24.69615],[91.50998,24.69249],[91.50736,24.69117],[91.50549,24.69054],[91.50422,24.69043],[91.50309,24.69048],[91.50219,24.69085],[91.50174,24.69142],[91.50143,24.69202],[91.50137,24.69264],[91.5017,24.6935],[91.50256,24.69466],[91.50378,24.69576],[91.50455,24.69693],[91.50457,24.69828],[91.50395,24.69994],[91.50285,24.70122],[91.50167,24.70206],[91.50041,24.70243],[91.49918,24.70231],[91.4974,24.70148],[91.49536,24.70007],[91.49405,24.69966],[91.49264,24.69961],[91.49011,24.69982],[91.48667,24.69972],[91.48358,24.69955],[91.48239,24.69943],[91.48105,24.69929],[91.4794,24.69894],[91.47719,24.6981],[91.47472,24.69701],[91.4679,24.69395],[91.46446,24.69173],[91.46371,24.69042],[91.46309,24.68855],[91.46204,24.68668],[91.46088,24.6859],[91.45772,24.68555],[91.45205,24.68492],[91.45013,24.68504],[91.44809,24.68535],[91.4459,24.68625],[91.44481,24.68689],[91.4441,24.68756],[91.44214,24.68937],[91.44102,24.69007],[91.43992,24.69058],[91.43918,24.69065],[91.43853,24.6906],[91.43806,24.69036],[91.43773,24.68998],[91.43745,24.68929],[91.43737,24.68826],[91.4368,24.6869],[91.43624,24.68635],[91.43528,24.68596],[91.43437,24.68585],[91.43334,24.6858],[91.42751,24.68508],[91.42445,24.68442],[91.42221,24.68512],[91.42132,24.68638],[91.42247,24.68777],[91.42562,24.68992],[91.42734,24.69179],[91.42746,24.69358],[91.42682,24.69414],[91.42592,24.69472],[91.42494,24.69472],[91.41617,24.69216],[91.41343,24.69241],[91.40914,24.69366],[91.3997,24.69413],[91.39888,24.69386],[91.38906,24.69069],[91.38442,24.69007],[91.38357,24.6902],[91.38318,24.69068],[91.38266,24.69157],[91.38135,24.69422],[91.38054,24.69538],[91.3784,24.6967],[91.37706,24.69733],[91.37582,24.69767],[91.3749,24.69774],[91.37413,24.69743],[91.37341,24.69678],[91.37307,24.69607],[91.37285,24.69501],[91.37287,24.69156],[91.37223,24.68867],[91.37211,24.68839],[91.37179,24.6881],[91.37142,24.68782],[91.37109,24.68761],[91.37076,24.68746],[91.37029,24.68755],[91.36912,24.68777],[91.36821,24.68815],[91.35901,24.69116],[91.35559,24.69177],[91.35209,24.69217],[91.34853,24.69199],[91.34625,24.69173],[91.3446,24.69101],[91.34393,24.69013],[91.34306,24.68932],[91.34365,24.68834],[91.3446,24.68789],[91.34543,24.68724],[91.34595,24.68658],[91.3458,24.68518],[91.3448,24.68311],[91.34407,24.68173],[91.34238,24.67628],[91.34138,24.67265],[91.34021,24.67078],[91.33858,24.66846],[91.33714,24.66591],[91.33286,24.6588],[91.33126,24.65685],[91.33025,24.65583],[91.32899,24.65528],[91.32782,24.65552],[91.32638,24.65595],[91.32497,24.65696],[91.32364,24.65724],[91.32239,24.65681],[91.32111,24.65609],[91.31995,24.6547],[91.31834,24.65244],[91.31658,24.64947],[91.31487,24.648],[91.31214,24.64559],[91.30905,24.64331],[91.30491,24.64046],[91.30295,24.63883],[91.30177,24.63775],[91.30064,24.6367],[91.29971,24.63524],[91.2993,24.63381],[91.29909,24.63227],[91.29958,24.62987],[91.3019,24.62947],[91.30251,24.62939],[91.3033,24.62933],[91.30398,24.62927],[91.30481,24.62914],[91.3055,24.62888],[91.30617,24.6285],[91.3068,24.62807],[91.3073,24.62756],[91.30763,24.62692],[91.30783,24.62625],[91.30782,24.62555],[91.30773,24.62487],[91.3076,24.62426],[91.30706,24.62358],[91.30644,24.62315],[91.30577,24.62289],[91.3045,24.62266],[91.3034,24.6225],[91.30189,24.62243],[91.30086,24.62238],[91.29969,24.62241],[91.29883,24.62239],[91.29769,24.62239],[91.29671,24.62213],[91.29602,24.62173],[91.29551,24.6213],[91.29511,24.62053],[91.29484,24.6197],[91.29476,24.61867],[91.29497,24.61776],[91.29541,24.61663],[91.29591,24.6155],[91.29658,24.61406],[91.29707,24.61296],[91.29775,24.61142],[91.29826,24.61033],[91.2986,24.60938],[91.29896,24.60792],[91.299,24.60675],[91.29894,24.60546],[91.29867,24.60461],[91.29792,24.60388],[91.29696,24.60333],[91.29558,24.60303],[91.29453,24.60286],[91.29389,24.60258],[91.29334,24.60221],[91.29288,24.6015],[91.29271,24.60034],[91.2927,24.59898],[91.29272,24.59781],[91.29273,24.59706],[91.29289,24.59581],[91.29297,24.59447],[91.29271,24.59286],[91.29238,24.59183],[91.29197,24.59095],[91.29115,24.58972],[91.29016,24.58833],[91.28919,24.58709],[91.28837,24.58626],[91.2875,24.58557],[91.28658,24.58511],[91.28567,24.58495],[91.28499,24.585],[91.28455,24.58519],[91.28435,24.58587],[91.28437,24.58662],[91.28456,24.58805],[91.28461,24.58912],[91.28461,24.59002],[91.28446,24.59089],[91.28399,24.59175],[91.28354,24.59232],[91.28284,24.59262],[91.28211,24.5927],[91.2814,24.59259],[91.2808,24.59229],[91.2804,24.59183],[91.27993,24.59102],[91.27944,24.58994],[91.27896,24.58893],[91.27828,24.58812],[91.27739,24.5875],[91.27653,24.58696],[91.27527,24.58639],[91.27393,24.58589],[91.27271,24.58544],[91.2714,24.58494],[91.27021,24.58449],[91.26892,24.58399],[91.26774,24.58356],[91.26643,24.58308],[91.26516,24.58262],[91.26423,24.58231],[91.26336,24.58203],[91.26238,24.5817],[91.26165,24.58143],[91.2607,24.58109],[91.25987,24.58073],[91.25883,24.58026],[91.25781,24.57979],[91.25686,24.57936],[91.25577,24.57882],[91.25496,24.5784],[91.25414,24.57786],[91.25321,24.57734],[91.25248,24.57691],[91.25172,24.57651],[91.25096,24.57617],[91.24999,24.57576],[91.2493,24.57549],[91.24869,24.57528],[91.24787,24.57513],[91.24697,24.57504],[91.24613,24.57505],[91.24547,24.5751],[91.24483,24.57516],[91.24386,24.57538],[91.24312,24.57559],[91.2425,24.57581],[91.24181,24.57606],[91.24116,24.57625],[91.24065,24.57631],[91.24016,24.5763]]}},{"type":"Feature","properties":{"river":"kushiyara","osm_id":671138439},"geometry":{"type":"LineString","coordinates":[[91.24016,24.5763],[91.23948,24.57616],[91.23896,24.57594],[91.23851,24.57567],[91.2382,24.57542],[91.2378,24.57498],[91.2372,24.57438],[91.23676,24.57394],[91.23613,24.57339],[91.23552,24.57288],[91.23475,24.57225],[91.23412,24.57171],[91.23362,24.5713],[91.23301,24.57084],[91.23241,24.57037],[91.23181,24.5699],[91.23118,24.56937],[91.23042,24.56871],[91.2295,24.56787],[91.22869,24.56711],[91.22793,24.5663],[91.2271,24.56534],[91.22654,24.5646],[91.22602,24.56376],[91.22564,24.56302],[91.22519,24.56217],[91.22487,24.56132],[91.22464,24.56044],[91.22466,24.55948],[91.22471,24.55871],[91.22492,24.55778],[91.22519,24.55712],[91.22545,24.55636],[91.22571,24.55563],[91.22582,24.55486],[91.22584,24.55432],[91.22571,24.55329],[91.22549,24.55244],[91.22523,24.55146],[91.22488,24.55046],[91.22455,24.54933],[91.2243,24.54827],[91.224,24.54695],[91.22368,24.54574],[91.22331,24.54446],[91.22283,24.54316],[91.22234,24.54178],[91.2219,24.54056],[91.22153,24.53954],[91.22098,24.53809],[91.22059,24.53697],[91.22007,24.53567],[91.21945,24.53442],[91.21906,24.53336],[91.21858,24.53218],[91.21822,24.53094],[91.21779,24.52976],[91.21737,24.52881],[91.21693,24.52802],[91.21635,24.52699],[91.21578,24.52589],[91.21516,24.52479],[91.21455,24.52366],[91.21397,24.52275],[91.21321,24.52151],[91.21237,24.52041],[91.21103,24.51891],[91.20999,24.51773],[91.20891,24.51652],[91.20775,24.51539],[91.20674,24.51442],[91.20546,24.51335],[91.20434,24.51245],[91.20325,24.51167],[91.20226,24.51095],[91.20095,24.51],[91.19947,24.50897],[91.19837,24.50819],[91.19696,24.50713],[91.19583,24.50625],[91.19483,24.50541],[91.19371,24.5045],[91.19233,24.50333],[91.1915,24.5026],[91.19074,24.50187],[91.18968,24.50074],[91.18862,24.49959],[91.18762,24.49843],[91.18658,24.49724],[91.18561,24.49614],[91.18468,24.4951],[91.18371,24.494],[91.18273,24.49283],[91.18134,24.49126],[91.1804,24.49015],[91.17951,24.48905],[91.17853,24.48789],[91.17766,24.48694],[91.17689,24.486],[91.17607,24.48497],[91.17514,24.48383],[91.17455,24.48296],[91.17404,24.48199],[91.17368,24.48096],[91.17345,24.47982]]}},{"type":"Feature","properties":{"river":"kushiyara","osm_id":671138440},"geometry":{"type":"LineString","coordinates":[[91.19945,24.42916],[91.19983,24.42876],[91.20017,24.42827],[91.20062,24.42762],[91.20104,24.42684],[91.20118,24.42621],[91.2012,24.4254],[91.20113,24.4245],[91.20095,24.42378],[91.20066,24.42325],[91.20027,24.42267],[91.19976,24.42202],[91.19924,24.4212],[91.19885,24.42041],[91.19846,24.41958],[91.19811,24.41887],[91.19786,24.41825],[91.19756,24.41749],[91.19727,24.41701],[91.19688,24.41645],[91.19623,24.41574],[91.19552,24.41501],[91.1948,24.41427],[91.19418,24.41368],[91.1936,24.41314],[91.19269,24.41235],[91.19182,24.41166],[91.19105,24.41105],[91.19043,24.41057],[91.18973,24.40991],[91.18897,24.40929],[91.18816,24.40871],[91.18733,24.40813],[91.18645,24.40755],[91.18542,24.40675],[91.18464,24.40615],[91.18403,24.40566],[91.18319,24.40512],[91.18241,24.4046],[91.18151,24.40396],[91.18081,24.40342],[91.18015,24.40291],[91.17954,24.40248],[91.17884,24.40198],[91.17812,24.40149],[91.17736,24.401],[91.17656,24.40046],[91.17582,24.39998],[91.17516,24.39955],[91.17444,24.39912],[91.1741,24.39892],[91.17303,24.39832],[91.17184,24.39774],[91.17058,24.39718],[91.16927,24.39658],[91.16787,24.396],[91.16655,24.39543],[91.16519,24.39472],[91.16398,24.39406],[91.16274,24.39339],[91.16143,24.39275],[91.1603,24.3921],[91.15939,24.39151],[91.15834,24.39078],[91.15743,24.3901],[91.15637,24.38932],[91.15532,24.38838],[91.15433,24.38749],[91.15351,24.38665],[91.15271,24.38569],[91.15225,24.38508],[91.15156,24.38406],[91.15094,24.38302],[91.15022,24.38193],[91.14966,24.3811],[91.14918,24.38025],[91.1486,24.37913],[91.14808,24.37809],[91.14758,24.377],[91.14715,24.37594],[91.14672,24.37489],[91.14631,24.37388],[91.14591,24.37298],[91.14543,24.37175],[91.14517,24.37109],[91.14484,24.37013],[91.14468,24.36953],[91.14453,24.36869],[91.14438,24.3678],[91.14425,24.36682],[91.14413,24.36597],[91.14404,24.36516],[91.14393,24.36442],[91.14381,24.36368],[91.14374,24.36272],[91.14364,24.36211],[91.14361,24.36136],[91.14366,24.36043],[91.14381,24.35925],[91.1441,24.35848],[91.14447,24.3573],[91.14497,24.35588],[91.14545,24.35476],[91.14597,24.35407],[91.14643,24.35368],[91.14718,24.35305],[91.14788,24.35251],[91.14909,24.35212],[91.14981,24.35203],[91.15072,24.35206],[91.15151,24.3521],[91.15231,24.35208],[91.15318,24.35195],[91.15379,24.35188],[91.15434,24.35178],[91.15483,24.3517],[91.15558,24.35141],[91.15617,24.35095],[91.15662,24.35046],[91.15696,24.34988],[91.15709,24.34891],[91.15709,24.34803],[91.15717,24.34686],[91.15742,24.34571],[91.1579,24.34433],[91.15829,24.34286],[91.15882,24.34077]]}},{"type":"Feature","properties":{"river":"kushiyara","osm_id":674084137},"geometry":{"type":"LineString","coordinates":[[91.17345,24.47982],[91.17344,24.47892],[91.17348,24.47815],[91.17349,24.47752],[91.17356,24.4765],[91.17361,24.47545],[91.17367,24.4743],[91.17378,24.47335],[91.17392,24.47242],[91.17411,24.47126],[91.17434,24.47003],[91.17457,24.46876],[91.1748,24.46769],[91.17516,24.46651],[91.1756,24.46539],[91.17612,24.46415],[91.17663,24.46315],[91.17733,24.46197],[91.17799,24.46094],[91.17848,24.46029],[91.17895,24.45959],[91.17946,24.45867],[91.17991,24.45782],[91.18046,24.4568],[91.18079,24.45611],[91.18103,24.45565],[91.18125,24.45512],[91.18141,24.45479],[91.18155,24.45418],[91.18168,24.45372],[91.18192,24.45317],[91.18224,24.4525],[91.18263,24.45184],[91.18302,24.45123],[91.18346,24.45055],[91.1839,24.44986],[91.18441,24.4492],[91.18499,24.44842],[91.18553,24.44779],[91.18617,24.44712],[91.18687,24.44644],[91.18763,24.44571],[91.18837,24.44505],[91.18912,24.44446],[91.18981,24.44379],[91.19036,24.44322],[91.19092,24.44265],[91.19137,24.442],[91.19169,24.44168],[91.19215,24.44085],[91.19249,24.44022],[91.19286,24.43941],[91.19308,24.43879],[91.19341,24.43787],[91.19373,24.43702],[91.19394,24.43635],[91.19413,24.43579],[91.19448,24.43498],[91.19502,24.43423],[91.1954,24.43364],[91.19593,24.43307],[91.19642,24.43255],[91.19691,24.43201],[91.19758,24.43132],[91.19824,24.43054],[91.19887,24.42985],[91.19945,24.42916]]}},{"type":"Feature","properties":{"river":"karnaphuli","osm_id":30668856},"geometry":{"type":"LineString","coordinates":[[92.23273,22.4937],[92.23369,22.4917],[92.2357,22.48644],[92.23643,22.48274],[92.24349,22.48055],[92.24553,22.47842],[92.24474,22.47548],[92.24046,22.47162],[92.23753,22.46974],[92.23456,22.4689],[92.22928,22.46872],[92.22874,22.469],[92.2228,22.47201],[92.21457,22.47587],[92.21204,22.47792],[92.21185,22.47976],[92.21312,22.48399],[92.2149,22.48786],[92.21549,22.49155],[92.21458,22.49595],[92.21291,22.49921],[92.20926,22.50082],[92.2058,22.50082],[92.19739,22.49908],[92.18881,22.49258],[92.17988,22.49495],[92.17182,22.4994],[92.1598,22.50273],[92.15036,22.5078],[92.1483,22.50796],[92.14486,22.50558],[92.13645,22.49448],[92.13851,22.49004],[92.14727,22.4756],[92.14469,22.47322],[92.14298,22.47213],[92.13199,22.46513],[92.1059,22.45308],[92.08209,22.44693],[92.0762,22.44657],[92.07016,22.44716],[92.05978,22.45184],[92.05571,22.45195],[92.05272,22.45259],[92.0515,22.45285],[92.0453,22.45419],[92.03966,22.458],[92.03867,22.45857],[92.037,22.45872],[92.03655,22.45859],[92.03552,22.45815],[92.02882,22.45435],[92.0256,22.45063],[92.0247,22.44959],[92.02357,22.43262],[92.02166,22.42932],[92.01929,22.42606],[92.01681,22.42309],[92.00839,22.41754],[92.00084,22.41405],[91.9902,22.41246],[91.9835,22.41293],[91.98107,22.41393],[91.97029,22.41833],[91.96205,22.42055],[91.96065,22.421],[91.95726,22.4221],[91.95175,22.42388],[91.94557,22.42388],[91.94285,22.42348],[91.94218,22.42338],[91.92993,22.42263],[91.92898,22.42245],[91.91553,22.41944],[91.91346,22.41789],[91.89347,22.40289],[91.89064,22.399],[91.88901,22.39634],[91.8887,22.39586],[91.8882,22.39491],[91.88675,22.3924],[91.88531,22.3902],[91.88423,22.38775],[91.88351,22.38522],[91.88317,22.38409],[91.88236,22.37962],[91.8804,22.36923],[91.87938,22.36515],[91.87862,22.36144],[91.87433,22.35675],[91.86986,22.34023],[91.86403,22.33087],[91.85528,22.32616],[91.85332,22.32561]]}},{"type":"Feature","properties":{"river":"karnaphuli","osm_id":528438966},"geometry":{"type":"LineString","coordinates":[[91.98107,22.41393],[91.97459,22.41253],[91.97028,22.41229],[91.96723,22.41254],[91.96382,22.41372],[91.9611,22.41534],[91.95912,22.41748],[91.95883,22.41818],[91.9583,22.41942],[91.95726,22.4221]]}},{"type":"Feature","properties":{"river":"karnaphuli","osm_id":653920402},"geometry":{"type":"LineString","coordinates":[[91.85332,22.32561],[91.85284,22.32548]]}},{"type":"Feature","properties":{"river":"karnaphuli","osm_id":653920403},"geometry":{"type":"LineString","coordinates":[[91.85284,22.32548],[91.85029,22.32476],[91.84697,22.32381],[91.84497,22.32324],[91.83995,22.32246],[91.83897,22.32231],[91.83283,22.32135],[91.82896,22.32075],[91.8266,22.32038],[91.82385,22.31861],[91.80733,22.30796],[91.80298,22.30515],[91.79956,22.3007],[91.79934,22.3004],[91.79814,22.2984],[91.79679,22.29473],[91.79588,22.29092],[91.79599,22.28848],[91.79612,22.28708],[91.79733,22.28354],[91.79987,22.28003],[91.80365,22.27699],[91.80756,22.27483],[91.81081,22.27331],[91.81295,22.27287],[91.8196,22.27148],[91.82876,22.2705],[91.83321,22.268],[91.83481,22.26667],[91.83635,22.26485],[91.83707,22.26039],[91.83605,22.25606],[91.82969,22.24493],[91.82622,22.24215],[91.80495,22.22488]]}},{"type":"Feature","properties":{"river":"karnaphuli","osm_id":661437161},"geometry":{"type":"LineString","coordinates":[[92.37614,22.92875],[92.37545,22.92733],[92.37647,22.92515],[92.37973,22.92222],[92.38453,22.92025],[92.38695,22.9165],[92.38797,22.91211],[92.38807,22.90812],[92.38893,22.90369],[92.39097,22.89914],[92.39022,22.89713],[92.38925,22.8936],[92.38685,22.88862],[92.38545,22.88597],[92.38421,22.88361],[92.38402,22.8823],[92.38436,22.88103],[92.39219,22.87475],[92.39477,22.87103],[92.39554,22.86739],[92.39519,22.86621],[92.39408,22.86581],[92.39168,22.86557],[92.38944,22.86542],[92.38816,22.86431],[92.3873,22.86265],[92.38686,22.85939],[92.38617,22.85629],[92.38069,22.84074],[92.38522,22.83176],[92.38781,22.83101],[92.39286,22.82938],[92.39372,22.8282],[92.39355,22.82693],[92.39185,22.82634],[92.38773,22.8246],[92.38702,22.82282],[92.38798,22.81978],[92.39003,22.8085],[92.38994,22.80715],[92.38841,22.80641],[92.38618,22.80712],[92.37846,22.81084],[92.3764,22.81099],[92.37511,22.81084],[92.37492,22.80984],[92.37784,22.80462],[92.37923,22.79746],[92.38077,22.7958],[92.3855,22.79169],[92.38584,22.78955],[92.38591,22.78349],[92.38556,22.7793],[92.38668,22.77693],[92.39372,22.7702],[92.39391,22.76811],[92.39331,22.76668],[92.38859,22.76454],[92.38378,22.75932],[92.38513,22.75667],[92.38745,22.75453],[92.38943,22.75374],[92.39295,22.7539],[92.39578,22.75374],[92.39717,22.75228],[92.39734,22.74982],[92.39715,22.7387],[92.39691,22.73367],[92.39545,22.73003],[92.39463,22.72885],[92.39271,22.72607],[92.3926,22.72255],[92.39277,22.71748],[92.39176,22.71697],[92.39004,22.71729],[92.38833,22.71935],[92.38567,22.72164],[92.37691,22.7237],[92.37305,22.7241],[92.37073,22.7237],[92.36884,22.72307],[92.36541,22.72291],[92.36155,22.7241],[92.35717,22.72394],[92.35545,22.72505],[92.35099,22.73122],[92.34927,22.73257],[92.34773,22.73249],[92.34558,22.73146],[92.33983,22.72766],[92.33795,22.72718],[92.33683,22.72782],[92.33606,22.72885],[92.33408,22.73367],[92.33305,22.73898],[92.33408,22.74507],[92.33383,22.75022],[92.33254,22.75481],[92.32842,22.7617],[92.32652,22.76249],[92.32456,22.76328],[92.32329,22.76401],[92.32278,22.7645],[92.32243,22.76502],[92.32208,22.76567],[92.32183,22.76638],[92.32135,22.76782],[92.32044,22.76998],[92.31999,22.77058],[92.31941,22.77097],[92.31867,22.77125],[92.31819,22.77128],[92.31764,22.77123],[92.31714,22.77109],[92.31681,22.77088],[92.31655,22.77059],[92.31635,22.77024],[92.31613,22.76973],[92.31582,22.76878],[92.31504,22.76647],[92.31474,22.76594],[92.31422,22.76518],[92.31361,22.76456],[92.31314,22.76421],[92.31248,22.76386],[92.31197,22.7637],[92.31119,22.76358],[92.31075,22.76354],[92.31005,22.76349],[92.30892,22.76343],[92.30793,22.76325],[92.30719,22.76291],[92.30672,22.76263],[92.30632,22.7623],[92.30607,22.76194],[92.30585,22.76119],[92.30585,22.76028],[92.30659,22.75849],[92.30887,22.75295],[92.30952,22.75005],[92.30956,22.74903],[92.30937,22.74834],[92.30905,22.74781],[92.30875,22.74745],[92.30838,22.74724],[92.30754,22.74726],[92.30674,22.7474],[92.3045,22.74899],[92.3035,22.74962],[92.30239,22.75008],[92.30109,22.75052],[92.30007,22.75067],[92.29895,22.75079],[92.29684,22.75075],[92.29429,22.75064],[92.29312,22.75055],[92.29222,22.75039],[92.2915,22.7501],[92.29112,22.74982],[92.29092,22.7495],[92.29077,22.74899],[92.29056,22.74805],[92.29022,22.74407],[92.28991,22.74056],[92.28976,22.73948],[92.28948,22.73797],[92.28919,22.73648],[92.28865,22.73508],[92.28844,22.73473],[92.28825,22.73451],[92.28794,22.73435],[92.28758,22.73427],[92.28722,22.73429],[92.28685,22.73441],[92.28599,22.73469],[92.28407,22.73531],[92.28272,22.7357],[92.28151,22.73599],[92.28073,22.73614],[92.27995,22.7362],[92.27932,22.73622],[92.27879,22.73619],[92.27834,22.73606],[92.27802,22.7359],[92.27767,22.73558],[92.27742,22.73518],[92.27686,22.73115],[92.27634,22.72914]]}},{"type":"Feature","properties":{"river":"karnaphuli","osm_id":910356830},"geometry":{"type":"LineString","coordinates":[[92.23245,22.49418],[92.23273,22.4937]]}},{"type":"Feature","properties":{"river":"karnaphuli","osm_id":910356831},"geometry":{"type":"LineString","coordinates":[[92.25904,22.5334],[92.25617,22.52584],[92.25126,22.52028],[92.24925,22.51919],[92.24795,22.52082],[92.24527,22.52565],[92.24346,22.52527],[92.23651,22.5167],[92.23308,22.50796],[92.23049,22.5012],[92.23005,22.49965],[92.22988,22.4984],[92.22995,22.4977],[92.23014,22.49719],[92.23039,22.49663],[92.23245,22.49418]]}},{"type":"Feature","properties":{"river":"karnaphuli","osm_id":1426189152},"geometry":{"type":"LineString","coordinates":[[92.27634,22.72914],[92.27536,22.72838],[92.2744,22.72805],[92.2726,22.72838],[92.27079,22.7286],[92.26989,22.72797],[92.26824,22.72658],[92.26785,22.72561],[92.26831,22.72437],[92.26981,22.72264],[92.27092,22.72229],[92.27182,22.7214],[92.27182,22.72068],[92.27107,22.71966],[92.27004,22.71605],[92.26959,22.71411],[92.26863,22.71239],[92.26704,22.71142],[92.26472,22.71114],[92.26238,22.71031],[92.26103,22.70913],[92.25841,22.70843],[92.25487,22.70968],[92.25097,22.71099],[92.24592,22.71093],[92.24361,22.7097],[92.24241,22.70831],[92.24069,22.70685],[92.23588,22.70042],[92.23565,22.69945],[92.23678,22.69731],[92.23841,22.69523],[92.2385,22.69301],[92.2349,22.68428],[92.23487,22.68054],[92.23929,22.67644],[92.24479,22.67353],[92.24614,22.67236],[92.24515,22.66882],[92.2399,22.66355]]}},{"type":"Feature","properties":{"river":"madhumati","osm_id":288288169},"geometry":{"type":"LineString","coordinates":[[89.55659,23.5034],[89.57067,23.49773],[89.58955,23.48734],[89.60397,23.47695],[89.6074,23.4716],[89.60912,23.46435],[89.6074,23.45553],[89.60309,23.44679],[89.60378,23.41787],[89.60549,23.41025],[89.61368,23.38578],[89.62236,23.3703],[89.62236,23.36396],[89.6185,23.36264],[89.61395,23.3622],[89.61041,23.36459],[89.60568,23.36752],[89.60355,23.3685],[89.59799,23.37049],[89.59104,23.37163],[89.58382,23.37148],[89.57889,23.36645],[89.57865,23.36443],[89.58076,23.35998],[89.59008,23.35586],[89.60089,23.353],[89.61202,23.34777],[89.61889,23.33827],[89.62027,23.33462],[89.62236,23.32504],[89.61898,23.30425],[89.61851,23.30171],[89.61863,23.30048],[89.62022,23.29753],[89.6211,23.29664],[89.62202,23.29608],[89.62428,23.29505],[89.62578,23.29459],[89.62848,23.29434],[89.63845,23.29547],[89.64715,23.30127],[89.65083,23.30326],[89.65448,23.30418],[89.6573,23.30429],[89.65867,23.30295],[89.65934,23.30123],[89.65902,23.29944],[89.65521,23.29398],[89.65432,23.29102],[89.65369,23.28948],[89.65331,23.28596],[89.65336,23.28347],[89.65342,23.28266],[89.6536,23.2815],[89.65407,23.27946],[89.6548,23.27728],[89.65535,23.27553],[89.65553,23.27376],[89.65521,23.27203],[89.65466,23.27048],[89.65309,23.26837],[89.65101,23.26701],[89.64696,23.26583],[89.6435,23.2656],[89.64097,23.26589],[89.63745,23.26711],[89.63374,23.2693],[89.63196,23.27005],[89.63082,23.27023],[89.63003,23.27029],[89.62922,23.27008],[89.62837,23.26959],[89.62762,23.26881],[89.62726,23.2678],[89.62694,23.26581],[89.62683,23.2642],[89.62619,23.26057],[89.62546,23.25532],[89.62543,23.25156],[89.62649,23.24791],[89.62752,23.24549],[89.62874,23.24377],[89.63041,23.24194],[89.63288,23.24048],[89.63571,23.23955],[89.63814,23.23934],[89.64282,23.23969],[89.64949,23.2402],[89.65417,23.24038],[89.66056,23.24034],[89.66904,23.23973],[89.67174,23.23945],[89.67391,23.23893],[89.67657,23.23699],[89.67749,23.23525],[89.67758,23.23326],[89.67705,23.23133],[89.67543,23.22961],[89.67158,23.22663],[89.66759,23.223],[89.66742,23.22248],[89.66724,23.22194],[89.66713,23.22059],[89.6672,23.21933],[89.6677,23.2173],[89.66851,23.21505],[89.66944,23.21268],[89.67028,23.21074],[89.67153,23.20915],[89.67309,23.20796],[89.67469,23.2073],[89.67656,23.20692],[89.67875,23.20695],[89.68029,23.20726],[89.68119,23.20789],[89.68266,23.20934],[89.68439,23.21147],[89.68642,23.21339],[89.68895,23.21528],[89.69067,23.21583],[89.69228,23.21575],[89.69387,23.21521],[89.6943,23.21488],[89.6947,23.2145],[89.69539,23.21331],[89.69587,23.21236],[89.69701,23.21002],[89.69724,23.20903],[89.69738,23.2078],[89.69739,23.20678],[89.69708,23.2042],[89.69662,23.20273],[89.69505,23.19953],[89.69375,23.19721],[89.69078,23.19358],[89.68754,23.18995],[89.6773,23.18029],[89.67094,23.17438],[89.6695,23.17253],[89.66862,23.17083],[89.66803,23.1686],[89.6681,23.16708],[89.66882,23.166],[89.67037,23.16505],[89.67174,23.1649],[89.67304,23.16492],[89.67443,23.16501],[89.67596,23.16517],[89.67865,23.16568],[89.68497,23.16754],[89.68794,23.16843],[89.69189,23.16893],[89.69665,23.16933],[89.70577,23.16991],[89.71191,23.16999],[89.71657,23.16952],[89.72607,23.16812],[89.73311,23.16668],[89.73581,23.16611],[89.73873,23.16516],[89.74181,23.16408],[89.7443,23.16302],[89.74613,23.16198],[89.74754,23.16086],[89.74872,23.15975],[89.74971,23.15845],[89.75037,23.15689],[89.75099,23.15481],[89.75096,23.15337],[89.75054,23.1522],[89.74846,23.14877],[89.74595,23.14586],[89.74234,23.14221],[89.73747,23.13819],[89.73075,23.13278],[89.72064,23.12564],[89.71664,23.12297],[89.71107,23.11925],[89.70833,23.11783],[89.70607,23.11708],[89.70313,23.11633],[89.70006,23.11613],[89.69695,23.11682],[89.69449,23.1182],[89.69118,23.1211],[89.68869,23.12394],[89.68725,23.12629],[89.68554,23.13034],[89.68341,23.13614],[89.68191,23.13831],[89.67987,23.13927],[89.67805,23.13937],[89.6765,23.13884],[89.67532,23.13785],[89.67466,23.1362],[89.67341,23.13146],[89.67279,23.12761],[89.67266,23.1215],[89.67309,23.11702],[89.6738,23.11411],[89.67477,23.11153],[89.6773,23.10784],[89.68105,23.10257],[89.68384,23.09906],[89.68459,23.09732],[89.6861,23.09322]]}},{"type":"Feature","properties":{"river":"bhagirathi","osm_id":28056068},"geometry":{"type":"LineString","coordinates":[[88.25199,24.25955],[88.24993,24.2572],[88.24735,24.25548],[88.24495,24.2536],[88.24512,24.25094],[88.24564,24.24922],[88.24821,24.24421],[88.25079,24.24281],[88.25525,24.24202],[88.25988,24.23952],[88.2628,24.23467],[88.26469,24.22919],[88.26624,24.22386],[88.26709,24.22026],[88.26658,24.21745],[88.26513,24.21524],[88.26365,24.21393],[88.25817,24.21024],[88.25628,24.20758],[88.25628,24.20382],[88.25714,24.20022],[88.26194,24.19271],[88.26503,24.18926],[88.26658,24.18629],[88.2683,24.18002],[88.26761,24.1711],[88.26555,24.15857],[88.26212,24.15246],[88.25714,24.14572],[88.2537,24.14008],[88.25079,24.13351],[88.24649,24.12395],[88.24529,24.11408],[88.24464,24.11067],[88.24461,24.10358],[88.24375,24.09355],[88.241,24.08713],[88.23654,24.07631],[88.2319,24.06863],[88.2283,24.06377],[88.22349,24.05907],[88.21903,24.05421],[88.21611,24.04731],[88.21113,24.03273],[88.21045,24.02693],[88.21045,24.02051],[88.21165,24.01659],[88.21422,24.01172],[88.2168,24.0078],[88.21971,24.00388],[88.22092,24.00059],[88.22023,23.9973],[88.21876,23.99342],[88.21516,23.99061],[88.21071,23.98974],[88.20754,23.99054],[88.20209,23.99233],[88.19923,23.99259],[88.19614,23.99173],[88.1934,23.98951],[88.19219,23.98678],[88.19355,23.98405],[88.19681,23.98225],[88.20191,23.98176],[88.20598,23.98208],[88.20786,23.98196],[88.21001,23.97917],[88.21027,23.97644],[88.20907,23.97393],[88.20836,23.97311],[88.20667,23.97252],[88.19987,23.97397],[88.19511,23.97482],[88.19088,23.9744],[88.18796,23.97267],[88.18779,23.96954],[88.19791,23.95212],[88.20588,23.94036],[88.20667,23.93267],[88.20976,23.93],[88.21038,23.92932],[88.21166,23.92843],[88.21269,23.92748],[88.21412,23.92605],[88.21424,23.92499],[88.21407,23.92387],[88.21129,23.92175],[88.20782,23.92002],[88.20411,23.91908],[88.20159,23.9173],[88.19997,23.91421],[88.19975,23.91059],[88.2,23.90684],[88.20259,23.89992],[88.20477,23.8941],[88.20698,23.89072],[88.20977,23.88762],[88.21572,23.88117],[88.21929,23.87697],[88.22138,23.87473],[88.22275,23.87273],[88.22338,23.87086],[88.22418,23.8698],[88.22495,23.8679],[88.22551,23.86497],[88.22196,23.86204],[88.21747,23.86353],[88.21424,23.86473],[88.21246,23.8621],[88.20873,23.85671],[88.20427,23.85247],[88.20409,23.84964],[88.2053,23.84477],[88.20627,23.84284],[88.2098,23.8405],[88.21598,23.83902],[88.22919,23.83465],[88.23329,23.83408],[88.23594,23.8334],[88.23766,23.83098],[88.23839,23.82784],[88.2398,23.82468],[88.24216,23.82297],[88.24432,23.82062],[88.24511,23.8192],[88.24559,23.81689],[88.24563,23.81669],[88.24605,23.81449],[88.24548,23.81208],[88.24507,23.80715],[88.24423,23.80569],[88.24167,23.80334],[88.23735,23.80205],[88.23549,23.7995],[88.23431,23.79788],[88.23362,23.79069],[88.23348,23.78919]]}},{"type":"Feature","properties":{"river":"bhagirathi","osm_id":44963722},"geometry":{"type":"LineString","coordinates":[[88.50905,23.12085],[88.51147,23.11783],[88.51319,23.11444],[88.51494,23.11049],[88.51504,23.10649],[88.51265,23.10135],[88.50637,23.09673],[88.50047,23.09279],[88.4925,23.08148],[88.48798,23.07141],[88.48545,23.06732],[88.47982,23.06555],[88.47412,23.06497],[88.46528,23.06535],[88.46111,23.06634],[88.45639,23.06424],[88.45532,23.06014],[88.45498,23.05332],[88.45306,23.04805],[88.44817,23.04056],[88.44493,23.03273],[88.44292,23.02785],[88.44229,23.02326],[88.43938,23.01635],[88.43464,23.01188],[88.42588,23.01093],[88.42105,23.00906],[88.41581,23.00691],[88.41524,23.0065],[88.41077,22.99892],[88.40854,22.99481],[88.40683,22.98928],[88.4044,22.98078]]}},{"type":"Feature","properties":{"river":"bhagirathi","osm_id":164568703},"geometry":{"type":"LineString","coordinates":[[88.19603,23.76436],[88.19362,23.76295],[88.1923,23.76212],[88.19131,23.76088],[88.18958,23.75975],[88.19012,23.75944],[88.19055,23.75873],[88.1924,23.75638],[88.19294,23.75415],[88.19596,23.73693],[88.19311,23.73199],[88.18922,23.73058],[88.1859,23.72916],[88.18272,23.73002],[88.18097,23.73112],[88.1804,23.73076],[88.17817,23.72869],[88.1768,23.72351],[88.17611,23.71738],[88.17457,23.71172],[88.17199,23.70889],[88.1689,23.70606],[88.16581,23.70543],[88.16152,23.70433],[88.15706,23.70433],[88.15414,23.7026],[88.15054,23.69836],[88.14418,23.68814],[88.13835,23.67667],[88.1356,23.66912],[88.13354,23.6633],[88.13354,23.65811],[88.13497,23.65569],[88.13684,23.65249]]}},{"type":"Feature","properties":{"river":"bhagirathi","osm_id":165022242},"geometry":{"type":"LineString","coordinates":[[88.37863,23.40976],[88.37352,23.3956],[88.36923,23.38976],[88.3634,23.37983],[88.35669,23.36801],[88.35584,23.35777],[88.35687,23.35131],[88.36116,23.34626],[88.37438,23.33917],[88.37838,23.33543],[88.37953,23.33097],[88.37833,23.32651],[88.37624,23.3246],[88.37231,23.32445],[88.36001,23.33281],[88.35033,23.34138],[88.34211,23.34847],[88.3349,23.35228],[88.33126,23.35274],[88.3282,23.34977],[88.32735,23.34532],[88.33112,23.33775],[88.3349,23.33113],[88.34054,23.32357],[88.34125,23.32262],[88.34935,23.31555],[88.35337,23.30918],[88.35421,23.30786],[88.3555,23.30374],[88.35583,23.30015],[88.35496,23.29805],[88.34869,23.29203],[88.34447,23.28538],[88.34089,23.27837],[88.33713,23.27374],[88.33261,23.26871],[88.33122,23.26585],[88.3324,23.26208],[88.33738,23.2567],[88.34508,23.25051],[88.34737,23.24945],[88.34948,23.24846],[88.35342,23.24649],[88.35664,23.24415],[88.35806,23.24253],[88.35917,23.24083],[88.35994,23.23891],[88.35997,23.23884],[88.36068,23.2378],[88.36284,23.23561],[88.36396,23.23456],[88.3683,23.22773],[88.38262,23.22154],[88.40253,23.21507],[88.40871,23.21318],[88.41266,23.20971],[88.42028,23.20872],[88.42416,23.20892],[88.43014,23.21148],[88.43514,23.2165],[88.43944,23.22122],[88.45242,23.22804],[88.45696,23.2291],[88.46056,23.22888],[88.4638,23.22768],[88.46772,23.22426],[88.47297,23.21971],[88.47375,23.21903],[88.47669,23.21207],[88.47671,23.20193],[88.47671,23.20186],[88.47566,23.19835],[88.47154,23.19298],[88.46347,23.18556],[88.4529,23.18021],[88.45024,23.17784],[88.44833,23.17524],[88.44767,23.17309],[88.44752,23.17167],[88.44835,23.16875],[88.44953,23.16674],[88.45044,23.16262],[88.45266,23.15179],[88.45163,23.14374],[88.45043,23.13822],[88.45057,23.13412],[88.45202,23.13255],[88.45472,23.13001],[88.46742,23.12827],[88.48615,23.13021],[88.49022,23.12955],[88.49849,23.1243],[88.50905,23.12085]]}},{"type":"Feature","properties":{"river":"bhagirathi","osm_id":165022243},"geometry":{"type":"LineString","coordinates":[[88.24761,23.60459],[88.25197,23.60379],[88.25452,23.60291],[88.25581,23.60277],[88.25558,23.60098],[88.25427,23.59941],[88.25163,23.59799],[88.24699,23.59561],[88.2444,23.59278],[88.24252,23.58872],[88.2424,23.5859],[88.24309,23.58202],[88.24495,23.57837],[88.24752,23.57523],[88.2501,23.57224],[88.25679,23.56626],[88.26177,23.5628],[88.26692,23.5628],[88.27053,23.56327],[88.27447,23.56594],[88.27877,23.56988],[88.2834,23.57145],[88.28452,23.57135],[88.28758,23.57109],[88.29124,23.57108],[88.29512,23.57089],[88.29568,23.57086],[88.30023,23.56812],[88.30177,23.56488],[88.30084,23.5615],[88.30019,23.55881],[88.29746,23.55702],[88.2955,23.55603],[88.29141,23.55309],[88.28596,23.5535],[88.2792,23.55304],[88.27139,23.55288],[88.26675,23.55068],[88.264,23.54753],[88.26297,23.54612],[88.26197,23.53886],[88.26297,23.53636],[88.26795,23.53148],[88.2715,23.52966],[88.2767,23.52979],[88.28121,23.53206],[88.2852,23.53612],[88.29284,23.54265],[88.29835,23.54774],[88.30384,23.55015],[88.30733,23.55036],[88.316,23.54872],[88.32104,23.54611],[88.32735,23.54297],[88.33198,23.5425],[88.33781,23.54335],[88.34374,23.54394],[88.34608,23.54515],[88.34945,23.54825],[88.35232,23.55029],[88.35471,23.55222],[88.35808,23.55075],[88.35955,23.54964],[88.35974,23.54628],[88.36374,23.53793],[88.36813,23.53157],[88.36866,23.53073],[88.36924,23.53005],[88.37123,23.52899],[88.37337,23.52667],[88.37652,23.52171],[88.37925,23.51688],[88.37938,23.51299],[88.37999,23.51083],[88.3785,23.50425],[88.37826,23.50359],[88.37593,23.49716],[88.37352,23.48819],[88.37078,23.48488],[88.36666,23.483],[88.36144,23.48261],[88.3544,23.48494],[88.34877,23.4865],[88.34708,23.48469],[88.34783,23.48084],[88.35086,23.47733],[88.36128,23.46848],[88.37118,23.46268],[88.37554,23.45784],[88.37422,23.44487],[88.37061,23.43676],[88.36864,23.43386],[88.36862,23.43283],[88.36878,23.43093],[88.37077,23.42925],[88.37386,23.42809],[88.38042,23.42476],[88.38274,23.42222],[88.38354,23.42086],[88.38022,23.41606]]}},{"type":"Feature","properties":{"river":"bhagirathi","osm_id":219195715},"geometry":{"type":"LineString","coordinates":[[88.05061,24.50881],[88.0492,24.50746],[88.04553,24.50249],[88.04459,24.50012],[88.04687,24.49759],[88.05039,24.49535],[88.05681,24.49124],[88.0606,24.48528],[88.06436,24.48178],[88.06734,24.47745],[88.06779,24.47131],[88.06872,24.46189],[88.06963,24.46015],[88.07114,24.45822],[88.07475,24.45466],[88.07881,24.45342],[88.09631,24.45216],[88.10632,24.45107],[88.11228,24.44835],[88.11498,24.44498],[88.12655,24.43377],[88.12808,24.42987],[88.12779,24.42754],[88.12282,24.42464],[88.10982,24.42231],[88.10468,24.41962],[88.10397,24.41651],[88.10314,24.41504],[88.10791,24.41088]]}},{"type":"Feature","properties":{"river":"bhagirathi","osm_id":219195720},"geometry":{"type":"LineString","coordinates":[[88.09125,24.49358],[88.08608,24.49989],[88.08488,24.50246],[88.08482,24.50259],[88.08482,24.50277],[88.08485,24.503],[88.08507,24.50343],[88.0853,24.50394],[88.08533,24.50412],[88.08524,24.50433],[88.08509,24.50461],[88.08481,24.50514],[88.08468,24.50523],[88.08428,24.50545],[88.08395,24.50558],[88.08371,24.50563],[88.08348,24.50565],[88.0833,24.50566],[88.08312,24.5057],[88.08297,24.50578],[88.08288,24.50584],[88.08245,24.50624],[88.08201,24.50666],[88.0818,24.50686],[88.08088,24.5071],[88.0801,24.50753],[88.07658,24.50825],[88.07639,24.50928],[88.07421,24.51099],[88.07101,24.51124],[88.06786,24.51194],[88.06153,24.51335],[88.05985,24.51331],[88.05894,24.51253],[88.0553,24.51083],[88.05315,24.50976],[88.05061,24.50881]]}},{"type":"Feature","properties":{"river":"bhagirathi","osm_id":693325859},"geometry":{"type":"LineString","coordinates":[[88.23381,23.78564],[88.2347,23.77953],[88.23528,23.77627],[88.23534,23.77129],[88.23065,23.76823],[88.22843,23.76562],[88.22637,23.76016],[88.22373,23.75733],[88.22099,23.75566],[88.21767,23.75516],[88.21425,23.75574],[88.21157,23.75731],[88.20787,23.76138],[88.20524,23.76268],[88.20375,23.76342],[88.19963,23.76436],[88.19603,23.76436]]}},{"type":"Feature","properties":{"river":"bhagirathi","osm_id":693325873},"geometry":{"type":"LineString","coordinates":[[88.48615,23.13021],[88.49082,23.13164],[88.4926,23.13197],[88.49815,23.13255],[88.50298,23.13124]]}},{"type":"Feature","properties":{"river":"bhagirathi","osm_id":693325874},"geometry":{"type":"LineString","coordinates":[[88.50298,23.13124],[88.50693,23.12667],[88.50905,23.12085]]}},{"type":"Feature","properties":{"river":"bhagirathi","osm_id":693325882},"geometry":{"type":"LineString","coordinates":[[88.18365,23.6234],[88.19156,23.6188],[88.20402,23.61444],[88.20822,23.6142],[88.21229,23.61463],[88.21439,23.61618],[88.21998,23.61704],[88.22533,23.61502],[88.22646,23.61398],[88.22706,23.61327],[88.22791,23.61268],[88.23209,23.60981],[88.2395,23.60812],[88.24268,23.60674],[88.24761,23.60459]]}},{"type":"Feature","properties":{"river":"bhagirathi","osm_id":1352688469},"geometry":{"type":"LineString","coordinates":[[88.13684,23.65249],[88.14401,23.64585],[88.15351,23.64023],[88.15898,23.63929],[88.1705,23.63645],[88.17385,23.6341],[88.17817,23.62883],[88.18365,23.6234]]}},{"type":"Feature","properties":{"river":"hooghly","osm_id":44604952},"geometry":{"type":"LineString","coordinates":[[88.40667,22.88894],[88.40618,22.88566],[88.40408,22.88008],[88.38606,22.86933],[88.37215,22.85873],[88.37164,22.84987],[88.37645,22.83864],[88.37627,22.83168],[88.37044,22.82867],[88.36357,22.82867],[88.35842,22.82488],[88.3555,22.81997],[88.35722,22.80779],[88.35651,22.80446],[88.35648,22.80431],[88.35567,22.80051],[88.34829,22.79244],[88.33551,22.7859],[88.33372,22.78358],[88.33233,22.7812],[88.33228,22.77688],[88.33353,22.77281],[88.33954,22.76474],[88.35413,22.75493],[88.35932,22.74988]]}},{"type":"Feature","properties":{"river":"hooghly","osm_id":197696274},"geometry":{"type":"LineString","coordinates":[[88.0879,22.28572],[88.0832,22.26066],[88.0788,22.24734],[88.07236,22.23328],[88.06238,22.21721],[88.05733,22.20969]]}},{"type":"Feature","properties":{"river":"hooghly","osm_id":206506489},"geometry":{"type":"LineString","coordinates":[[88.12882,22.19515],[88.13311,22.19403],[88.13391,22.19383],[88.14451,22.19086],[88.15729,22.1849],[88.16867,22.17656],[88.1779,22.16889],[88.18753,22.15474]]}},{"type":"Feature","properties":{"river":"hooghly","osm_id":326058547},"geometry":{"type":"LineString","coordinates":[[88.10791,24.41088],[88.1089,24.41019],[88.11059,24.40901],[88.1157,24.40662],[88.12337,24.40465],[88.13003,24.4028],[88.13434,24.40236],[88.13772,24.40242],[88.14081,24.40291],[88.14548,24.40288],[88.14915,24.40293],[88.15313,24.40318],[88.15622,24.4036],[88.1596,24.40481],[88.16386,24.40586],[88.1666,24.40653],[88.16921,24.40641],[88.17027,24.40519],[88.1705,24.40251],[88.17015,24.39942],[88.16799,24.39661],[88.16262,24.39252],[88.15777,24.39053],[88.14842,24.38638],[88.14494,24.38516],[88.14464,24.3841],[88.14461,24.38243],[88.14634,24.37947],[88.15015,24.37514],[88.15503,24.37063],[88.16083,24.36534],[88.16492,24.36194],[88.16858,24.35923],[88.1713,24.35718],[88.17483,24.35533],[88.17735,24.35409],[88.18,24.35296],[88.18359,24.35131],[88.18944,24.34956],[88.19852,24.34812],[88.20824,24.34672],[88.21145,24.34578],[88.21342,24.3447],[88.21679,24.34253],[88.22056,24.3391],[88.22189,24.33814],[88.22276,24.33562],[88.22339,24.33367],[88.22386,24.33158],[88.22401,24.32863],[88.22366,24.32597],[88.22089,24.32271],[88.21859,24.3207],[88.21592,24.31928],[88.21261,24.31763],[88.20891,24.31651],[88.20806,24.31611],[88.20748,24.31546],[88.20719,24.31458],[88.20724,24.31371],[88.20789,24.31326],[88.21014,24.3107],[88.2144,24.30861],[88.22087,24.30816],[88.22334,24.30828],[88.22631,24.30903],[88.23079,24.30991],[88.23369,24.31088],[88.238,24.31334],[88.24157,24.3158],[88.24558,24.31757],[88.25022,24.3184],[88.25196,24.31834],[88.25377,24.31794],[88.25484,24.31708],[88.25642,24.31566],[88.257,24.31367],[88.25689,24.31182],[88.25618,24.31007],[88.25515,24.30859],[88.25413,24.30682],[88.25216,24.30552],[88.25042,24.30436],[88.24828,24.3032],[88.24484,24.30244],[88.24353,24.30231],[88.24158,24.3025],[88.23831,24.30349],[88.23741,24.30374],[88.23472,24.30435],[88.23174,24.30449],[88.23014,24.30445],[88.22805,24.30413],[88.22636,24.30331],[88.22533,24.30244],[88.22451,24.30117],[88.2241,24.29979],[88.224,24.2991],[88.22422,24.2984],[88.22455,24.29771],[88.22517,24.29696],[88.2276,24.29477],[88.23197,24.28916],[88.23774,24.28499],[88.2445,24.28009],[88.24947,24.2752],[88.25245,24.27085],[88.25549,24.26795],[88.25602,24.26498],[88.2551,24.26374],[88.25199,24.25955]]}},{"type":"Feature","properties":{"river":"hooghly","osm_id":693325872},"geometry":{"type":"LineString","coordinates":[[88.35932,22.74988],[88.36134,22.74258],[88.35894,22.72231],[88.36357,22.69262],[88.36154,22.68237],[88.35667,22.67202],[88.35381,22.66439],[88.35344,22.65326],[88.35775,22.64105]]}},{"type":"Feature","properties":{"river":"hooghly","osm_id":755637339},"geometry":{"type":"LineString","coordinates":[[88.36117,22.60905],[88.35052,22.59653],[88.34791,22.58516],[88.34518,22.57924],[88.34118,22.57219],[88.32958,22.5604],[88.32802,22.55876],[88.32699,22.55769],[88.32408,22.55465],[88.32232,22.55341],[88.31868,22.55083],[88.31298,22.54966],[88.30853,22.54928],[88.30474,22.5495],[88.29569,22.55215],[88.29367,22.55222]]}},{"type":"Feature","properties":{"river":"hooghly","osm_id":907172927},"geometry":{"type":"LineString","coordinates":[[88.16481,22.01505],[88.11413,21.944],[88.07224,21.90084],[88.0215,21.78694]]}},{"type":"Feature","properties":{"river":"hooghly","osm_id":948606669},"geometry":{"type":"LineString","coordinates":[[88.17765,22.03533],[88.17215,22.02534],[88.16481,22.01505]]}},{"type":"Feature","properties":{"river":"hooghly","osm_id":948606670},"geometry":{"type":"LineString","coordinates":[[88.09,22.19961],[88.1085,22.1985],[88.12882,22.19515]]}},{"type":"Feature","properties":{"river":"hooghly","osm_id":948606671},"geometry":{"type":"LineString","coordinates":[[88.05733,22.20969],[88.06385,22.20641],[88.06908,22.20371],[88.07562,22.20204],[88.09,22.19961]]}},{"type":"Feature","properties":{"river":"hooghly","osm_id":948606681},"geometry":{"type":"LineString","coordinates":[[88.18753,22.15474],[88.19532,22.14329],[88.20416,22.11713],[88.20292,22.09717],[88.20262,22.09232],[88.1997,22.07745],[88.18897,22.05589],[88.17765,22.03533]]}},{"type":"Feature","properties":{"river":"hooghly","osm_id":1112041656},"geometry":{"type":"LineString","coordinates":[[88.27282,22.55555],[88.25659,22.55895],[88.24806,22.56154],[88.24429,22.5617],[88.24047,22.56097],[88.237,22.55774],[88.23363,22.54916]]}},{"type":"Feature","properties":{"river":"hooghly","osm_id":1112041657},"geometry":{"type":"LineString","coordinates":[[88.23363,22.54916],[88.2341,22.54685],[88.24118,22.53517],[88.2422,22.52928],[88.24154,22.52837],[88.23912,22.52504],[88.23105,22.51997],[88.21112,22.5177],[88.20928,22.51667],[88.20432,22.51395]]}},{"type":"Feature","properties":{"river":"hooghly","osm_id":1112041658},"geometry":{"type":"LineString","coordinates":[[88.19252,22.5049],[88.18466,22.4973],[88.17246,22.48504],[88.17025,22.48296],[88.16187,22.48],[88.14556,22.47881],[88.14089,22.47754],[88.12771,22.47397],[88.12677,22.47321],[88.11855,22.46652],[88.11762,22.4603],[88.12085,22.44975],[88.12552,22.44142],[88.13874,22.42695],[88.14203,22.42052]]}},{"type":"Feature","properties":{"river":"hooghly","osm_id":1112041659},"geometry":{"type":"LineString","coordinates":[[88.20432,22.51395],[88.20034,22.51177],[88.19466,22.50696],[88.19252,22.5049]]}},{"type":"Feature","properties":{"river":"hooghly","osm_id":1112044350},"geometry":{"type":"LineString","coordinates":[[88.36512,22.61839],[88.36117,22.60905]]}},{"type":"Feature","properties":{"river":"hooghly","osm_id":1112044352},"geometry":{"type":"LineString","coordinates":[[88.29367,22.55222],[88.2893,22.55288],[88.27635,22.55481],[88.27282,22.55555]]}},{"type":"Feature","properties":{"river":"hooghly","osm_id":1112281966},"geometry":{"type":"LineString","coordinates":[[88.14203,22.42052],[88.14248,22.41963],[88.14149,22.41316],[88.1308,22.39892],[88.10565,22.38517]]}},{"type":"Feature","properties":{"river":"hooghly","osm_id":1112281968},"geometry":{"type":"LineString","coordinates":[[88.10565,22.38517],[88.1003,22.37834],[88.09438,22.36691],[88.09407,22.36438]]}},{"type":"Feature","properties":{"river":"hooghly","osm_id":1160534766},"geometry":{"type":"LineString","coordinates":[[88.4044,22.98078],[88.40477,22.97932],[88.40683,22.97095],[88.40854,22.95893],[88.40992,22.94645],[88.41112,22.94091],[88.40854,22.93396],[88.40545,22.92479],[88.40477,22.9244],[88.4035,22.9234],[88.40257,22.92178],[88.40186,22.91975],[88.40145,22.91886],[88.40075,22.91603],[88.40071,22.91486],[88.40103,22.91364],[88.4018,22.91164],[88.40277,22.90963],[88.40371,22.90812],[88.4044,22.90556],[88.40511,22.9031],[88.40586,22.90125],[88.40626,22.89986],[88.40687,22.89816],[88.40732,22.89702],[88.40768,22.895],[88.40762,22.89385],[88.40749,22.89264],[88.40725,22.89073],[88.40667,22.88894]]}},{"type":"Feature","properties":{"river":"hooghly","osm_id":1167396356},"geometry":{"type":"LineString","coordinates":[[88.35775,22.64105],[88.35849,22.63625],[88.36126,22.63116],[88.36512,22.61839]]}},{"type":"Feature","properties":{"river":"hooghly","osm_id":1232880605},"geometry":{"type":"LineString","coordinates":[[88.09407,22.36438],[88.09429,22.35538],[88.09669,22.3495],[88.09611,22.30604],[88.0879,22.28572]]}},{"type":"Feature","properties":{"river":"ganga","osm_id":134518612},"geometry":{"type":"LineString","coordinates":[[87.87264,25.06068],[87.88715,25.05594],[87.91097,25.04307],[87.93157,25.03553],[87.94513,25.02884],[87.95122,25.02433],[87.95689,25.01583],[87.9586,25.00768],[87.9641,25.00084],[87.96985,24.9894],[87.96646,24.9803],[87.95659,24.96528],[87.95208,24.954],[87.94105,24.94042],[87.9286,24.92404],[87.92764,24.92277],[87.92916,24.90127],[87.92657,24.87914],[87.91839,24.86066],[87.91809,24.85274],[87.91942,24.84509],[87.92082,24.83136],[87.92342,24.80259]]}},{"type":"Feature","properties":{"river":"ganga","osm_id":155336052},"geometry":{"type":"LineString","coordinates":[[86.58136,25.35593],[86.58166,25.35305],[86.58196,25.34538],[86.58214,25.34158],[86.58188,25.33821],[86.58209,25.33192],[86.58299,25.32653],[86.58523,25.31959],[86.58853,25.31218],[86.59115,25.30791],[86.597,25.2996],[86.6034,25.28922],[86.60892,25.27749],[86.61319,25.27307],[86.61767,25.26952],[86.621,25.26651],[86.62383,25.26385],[86.62769,25.26092],[86.63027,25.25912],[86.63436,25.25685],[86.64651,25.25075],[86.64838,25.24984],[86.6511,25.24893],[86.65312,25.24827],[86.65647,25.24753],[86.65874,25.24714],[86.66099,25.24687],[86.66528,25.24619],[86.67005,25.24569],[86.67312,25.24563],[86.67674,25.24569],[86.68355,25.24617],[86.68799,25.24654],[86.69163,25.24712],[86.70095,25.24848],[86.70713,25.24978],[86.71221,25.25098],[86.72131,25.25329],[86.72645,25.25469],[86.72998,25.25567],[86.73204,25.25627],[86.73356,25.25665],[86.73532,25.25712],[86.73669,25.25754],[86.73749,25.2578],[86.73819,25.25804],[86.73868,25.25826],[86.74055,25.25918],[86.74182,25.25993],[86.75696,25.27225],[86.77696,25.28377],[86.77987,25.28478],[86.79178,25.29266],[86.7968,25.29627],[86.80671,25.30229],[86.81461,25.30613],[86.82572,25.30946],[86.84083,25.31191],[86.84443,25.31218],[86.86229,25.31206],[86.8787,25.31272],[86.88409,25.31278],[86.89829,25.31276],[86.91876,25.31171],[86.9228,25.31125],[86.92632,25.3095],[86.92863,25.30714],[86.93181,25.30473],[86.9352,25.30388],[86.94035,25.30364],[86.94511,25.30481],[86.95245,25.3069],[86.96125,25.31024],[86.96936,25.31381],[86.98194,25.31633],[86.99035,25.31583],[86.99627,25.31396],[87.00309,25.31133],[87.00906,25.30822],[87.01361,25.30531],[87.01837,25.30062],[87.02374,25.29449],[87.0288,25.28723],[87.03041,25.28466],[87.03348,25.27699],[87.03687,25.27202],[87.04077,25.26818],[87.0476,25.26356],[87.05545,25.2582],[87.06107,25.25475],[87.06963,25.24611],[87.08038,25.24206],[87.08712,25.23911],[87.09367,25.23949],[87.10261,25.2381],[87.11107,25.23988],[87.12654,25.24581],[87.13081,25.25444],[87.13411,25.26659],[87.12523,25.27152],[87.12055,25.27807],[87.11854,25.28192],[87.11789,25.28502],[87.11785,25.28723],[87.12145,25.29084],[87.12802,25.29662],[87.13856,25.30824],[87.14287,25.31175],[87.14883,25.31284],[87.15506,25.31416],[87.15883,25.314],[87.1654,25.31168],[87.1699,25.3095],[87.17922,25.30589],[87.18235,25.29868],[87.18651,25.29224],[87.1911,25.28296],[87.1951,25.27431],[87.19776,25.27027],[87.20042,25.26628],[87.20196,25.26507],[87.20492,25.2636],[87.20718,25.26276],[87.21027,25.26265],[87.21288,25.263],[87.21636,25.26383],[87.22436,25.26775],[87.22647,25.26943]]}},{"type":"Feature","properties":{"river":"ganga","osm_id":166334629},"geometry":{"type":"LineString","coordinates":[[87.22647,25.26943],[87.23492,25.28003],[87.24501,25.29877],[87.2563,25.3203],[87.25559,25.3302],[87.25493,25.3397],[87.25361,25.35841],[87.25771,25.38036],[87.25958,25.39035],[87.25862,25.40557],[87.25945,25.41806],[87.26312,25.42467],[87.27308,25.43195],[87.28917,25.4407],[87.29662,25.44321],[87.30927,25.44627],[87.32093,25.44879],[87.33173,25.45481],[87.33898,25.45614],[87.35026,25.45683],[87.35589,25.45741],[87.40832,25.44734],[87.41634,25.4418],[87.42345,25.43715],[87.43962,25.4229],[87.44287,25.41933],[87.44728,25.4156],[87.4664,25.40154],[87.49618,25.39852],[87.51061,25.39765],[87.52668,25.39293],[87.55986,25.3842],[87.57114,25.38222],[87.57681,25.3808],[87.58148,25.38036],[87.59857,25.37496],[87.60536,25.37215],[87.60921,25.36634],[87.6115,25.3595],[87.61125,25.34356],[87.60996,25.33607],[87.61714,25.32763],[87.62713,25.3081],[87.63092,25.30226],[87.63317,25.2988],[87.63433,25.29531],[87.64902,25.26684],[87.65923,25.25479],[87.66405,25.25302],[87.67521,25.24893],[87.68031,25.2481],[87.68574,25.24834],[87.68716,25.249],[87.69925,25.25457],[87.72113,25.26304],[87.72451,25.26435],[87.73999,25.2679],[87.75226,25.27013],[87.75491,25.27161],[87.76334,25.27418],[87.77074,25.27652],[87.77372,25.27524],[87.78235,25.27249],[87.7966,25.26951],[87.81459,25.26188],[87.82578,25.25242],[87.82986,25.24109],[87.82999,25.2287],[87.83003,25.22467],[87.82146,25.20823],[87.8171,25.19986],[87.79996,25.18005],[87.78197,25.16192],[87.77909,25.14761],[87.79089,25.11537],[87.80117,25.08756],[87.82924,25.06841],[87.83783,25.06426],[87.84131,25.06257],[87.84558,25.06305],[87.86028,25.06469],[87.87264,25.06068]]}},{"type":"Feature","properties":{"river":"ganga","osm_id":197526030},"geometry":{"type":"LineString","coordinates":[[85.2048,25.61777],[85.21351,25.61552],[85.21554,25.61508],[85.21857,25.61473],[85.22048,25.6146],[85.22247,25.61479],[85.22475,25.61452],[85.22646,25.61415],[85.23,25.61245],[85.23275,25.61113],[85.23447,25.60995],[85.23775,25.60744],[85.24189,25.60415],[85.24348,25.60233],[85.24507,25.6014],[85.24743,25.60113],[85.24884,25.60124],[85.25275,25.60287],[85.25648,25.60508],[85.25833,25.60655],[85.26099,25.60902],[85.263,25.61022],[85.26515,25.61111],[85.27202,25.61425],[85.27639,25.61645],[85.27897,25.6175],[85.28305,25.61831],[85.29125,25.61876],[85.2951,25.61843],[85.3015,25.61808],[85.3127,25.61831],[85.31734,25.61796],[85.32744,25.61715],[85.33092,25.61672],[85.33405,25.61609],[85.33843,25.61489],[85.34208,25.61361],[85.35319,25.6096],[85.3575,25.60809],[85.36141,25.60668],[85.36422,25.60525],[85.36684,25.60388],[85.37042,25.60171],[85.37293,25.59869],[85.376,25.59625],[85.38304,25.59194],[85.38609,25.5904],[85.38656,25.59016],[85.38976,25.58766],[85.39272,25.58491],[85.39497,25.58288],[85.3984,25.57957],[85.4045,25.57361],[85.40945,25.56894],[85.41526,25.56426],[85.419,25.56194],[85.42218,25.56021],[85.42336,25.55932],[85.42443,25.5582],[85.42537,25.55727],[85.42696,25.55638],[85.4281,25.55595],[85.43001,25.55532],[85.43248,25.5545],[85.4343,25.55421],[85.4369,25.55427],[85.43949,25.55433],[85.44166,25.55485],[85.44503,25.5563],[85.44838,25.55777],[85.45031,25.55888],[85.45282,25.56085],[85.45696,25.56451],[85.46134,25.5691],[85.46565,25.57378],[85.47061,25.57885],[85.47286,25.58195],[85.47462,25.58392],[85.47599,25.58483],[85.47895,25.58578],[85.48108,25.58623],[85.48282,25.58619],[85.48623,25.58563],[85.48908,25.58495],[85.49372,25.58315],[85.49784,25.58129],[85.50035,25.58019],[85.50843,25.57823],[85.52818,25.57706],[85.54474,25.57407],[85.54841,25.57322],[85.55116,25.57235],[85.55419,25.57126],[85.55609,25.57018],[85.55957,25.56805],[85.56185,25.56612],[85.56431,25.56385],[85.5677,25.55971],[85.56912,25.55762],[85.57096,25.55475],[85.57534,25.54837],[85.58002,25.54198],[85.58414,25.53667],[85.58787,25.53183],[85.58873,25.5292],[85.58989,25.52416],[85.59371,25.51603],[85.59513,25.51293],[85.59637,25.51049],[85.59783,25.50844],[85.6004,25.50631],[85.60474,25.50352],[85.60916,25.50065],[85.61427,25.49831],[85.61641,25.49721],[85.62342,25.49384],[85.62834,25.49182],[85.63422,25.48942],[85.6392,25.48671],[85.64173,25.48489],[85.64409,25.48442],[85.65001,25.48357],[85.65516,25.48291],[85.66366,25.48063],[85.67147,25.47807],[85.678,25.47644],[85.68357,25.47567],[85.68787,25.47567],[85.6931,25.4766],[85.69688,25.4783],[85.70126,25.48225],[85.70349,25.48497],[85.70851,25.49174],[85.71396,25.49876],[85.71791,25.50298],[85.72344,25.50736],[85.72928,25.50964],[85.73666,25.51092],[85.74164,25.51196],[85.75322,25.51306],[85.76272,25.51385],[85.77037,25.51448],[85.77509,25.51497],[85.77629,25.51531],[85.77863,25.51597],[85.78084,25.51648],[85.78404,25.51799],[85.79146,25.51905],[85.7947,25.5194],[85.79964,25.51921],[85.80687,25.51857],[85.81406,25.51795],[85.81736,25.51748],[85.82015,25.5165],[85.82273,25.5152],[85.8244,25.51435],[85.82678,25.51375],[85.83245,25.51334],[85.83532,25.51311],[85.83712,25.51257],[85.85563,25.50583],[85.86006,25.50464],[85.8618,25.50437],[85.86461,25.50416],[85.86648,25.5041],[85.87015,25.5042],[85.87631,25.50439],[85.87819,25.5046],[85.88056,25.50461],[85.88386,25.50421],[85.88706,25.50319],[85.8894,25.50298],[85.89038,25.50299],[85.89115,25.50318],[85.89186,25.50369],[85.89242,25.50414],[85.89321,25.50451],[85.89402,25.50474],[85.89571,25.50488],[85.89653,25.50487],[85.89785,25.50463],[85.89951,25.50395],[85.90079,25.50326],[85.90296,25.50168],[85.90413,25.5004],[85.90731,25.49599],[85.90909,25.49182],[85.91006,25.48925],[85.91195,25.48299],[85.91279,25.47902],[85.91358,25.47462],[85.91386,25.47073],[85.91401,25.46633],[85.91412,25.46384],[85.91439,25.45994],[85.91515,25.45715],[85.91695,25.45372],[85.92017,25.45039],[85.92212,25.44851],[85.9269,25.44512],[85.93205,25.44169],[85.93772,25.43719],[85.94386,25.43269],[85.95119,25.42758],[85.95634,25.42421],[85.96381,25.41983],[85.96926,25.41688],[85.97467,25.4137],[85.98009,25.41002],[85.98201,25.40824],[85.98312,25.4068],[85.98409,25.40564],[85.98495,25.40384],[85.98634,25.40089],[85.98727,25.39915],[85.98791,25.39825],[85.98954,25.39661],[85.99068,25.39498],[85.99151,25.39405],[85.99199,25.39321],[85.99284,25.39172],[85.99295,25.39006],[85.99291,25.3868],[85.99383,25.3804],[85.99514,25.3779],[85.99681,25.37548],[85.99834,25.37334],[86.0002,25.37086],[86.00329,25.3672],[86.00583,25.36458],[86.00797,25.36249],[86.01342,25.3581],[86.01883,25.35361],[86.02552,25.3462],[86.03043,25.33921],[86.03394,25.33596],[86.0384,25.33286],[86.04535,25.33068],[86.05445,25.32867],[86.06432,25.32781],[86.07067,25.32789],[86.08191,25.33045],[86.09097,25.33336],[86.10278,25.33872],[86.10696,25.34048],[86.11324,25.34511],[86.11814,25.3469],[86.1208,25.34992],[86.12243,25.35341],[86.12449,25.35651],[86.12706,25.35807],[86.12852,25.35845],[86.13153,25.35799],[86.13504,25.35434],[86.142,25.34713],[86.14513,25.34438],[86.14723,25.3424],[86.15077,25.33922],[86.15429,25.33623],[86.15777,25.3334],[86.16075,25.33125],[86.16266,25.33012],[86.16444,25.32935],[86.16564,25.32884],[86.16796,25.32805],[86.17032,25.32739],[86.17315,25.32682],[86.17532,25.32649],[86.17807,25.3263],[86.18075,25.32616],[86.18289,25.32611],[86.18929,25.32646],[86.1992,25.32731],[86.20761,25.32762],[86.21542,25.32774],[86.22452,25.32708],[86.23641,25.32483],[86.24023,25.32432],[86.24628,25.32459],[86.25263,25.32537],[86.2571,25.32708],[86.26134,25.32971],[86.26795,25.33499],[86.2716,25.33918],[86.27392,25.34154],[86.27529,25.34278],[86.27731,25.34337],[86.27928,25.34344],[86.28314,25.34325],[86.28932,25.34147],[86.29237,25.34003],[86.29589,25.3372],[86.2992,25.33433],[86.30289,25.33154],[86.30928,25.32572],[86.31331,25.32184],[86.31576,25.31889],[86.31924,25.3154],[86.32246,25.31354],[86.32615,25.31222],[86.33529,25.31074],[86.34378,25.30997],[86.35168,25.31012],[86.35795,25.31051],[86.36198,25.31191],[86.36666,25.31462],[86.3691,25.31726],[86.37099,25.31955],[86.37443,25.32452],[86.37623,25.3282],[86.37764,25.32979],[86.37915,25.33092],[86.38121,25.33161],[86.38541,25.3327],[86.39425,25.33414],[86.39979,25.33464],[86.40404,25.3346],[86.4064,25.33472],[86.40758,25.33501],[86.40859,25.33548],[86.4095,25.3361],[86.41015,25.3366],[86.41113,25.33819],[86.41266,25.34131],[86.41447,25.34779],[86.41646,25.35578],[86.41893,25.36594],[86.42159,25.37214],[86.42288,25.3773],[86.42486,25.38764],[86.42622,25.39851],[86.42661,25.40134],[86.4279,25.40413],[86.42889,25.40533],[86.43176,25.40835],[86.43627,25.41095],[86.43961,25.41231],[86.44206,25.41285],[86.44715,25.41376],[86.44825,25.41388],[86.45418,25.41455],[86.45652,25.41479],[86.4589,25.41519],[86.46133,25.41589],[86.46345,25.41707],[86.46551,25.41886],[86.47337,25.42562],[86.4774,25.42897],[86.4809,25.43132],[86.48453,25.43302],[86.48952,25.4343],[86.49459,25.43502],[86.49905,25.43496],[86.50424,25.43423],[86.50729,25.4333],[86.51049,25.43175],[86.51409,25.42878],[86.5168,25.42574],[86.52096,25.4202],[86.52261,25.41704],[86.52388,25.41357],[86.52454,25.41021],[86.52502,25.40548],[86.52484,25.39982],[86.52523,25.39354],[86.52686,25.38385],[86.52828,25.37994],[86.53021,25.37738],[86.53248,25.3759],[86.53437,25.37497],[86.53882,25.37324],[86.54006,25.37292],[86.54124,25.3728],[86.54383,25.37284],[86.54577,25.37323],[86.54718,25.37381],[86.5492,25.37486],[86.55092,25.37637],[86.55244,25.37761],[86.55437,25.37914],[86.55591,25.38028],[86.55714,25.38089],[86.55813,25.38112],[86.55894,25.38108],[86.55991,25.38083],[86.56143,25.37995],[86.56441,25.37811],[86.56673,25.37678],[86.56969,25.37495],[86.57091,25.374],[86.57347,25.37172],[86.57548,25.36904],[86.57662,25.36673],[86.58029,25.35946],[86.58136,25.35593]]}},{"type":"Feature","properties":{"river":"ganga","osm_id":729102325},"geometry":{"type":"LineString","coordinates":[[85.24507,25.6014],[85.25113,25.59661],[85.26355,25.58623],[85.27552,25.57543],[85.27751,25.57342],[85.27869,25.5717],[85.27959,25.56982],[85.28,25.56776],[85.28044,25.56478],[85.28124,25.56064],[85.28181,25.55842],[85.28194,25.55776],[85.28209,25.55648],[85.2822,25.5555],[85.2822,25.5548],[85.28202,25.55247],[85.28212,25.55111],[85.28218,25.5499],[85.28241,25.54908],[85.28315,25.54757],[85.28526,25.5438],[85.28719,25.54056],[85.28834,25.5387],[85.29073,25.53445],[85.29249,25.53133],[85.29356,25.52933],[85.29414,25.52831],[85.2959,25.52626],[85.29684,25.52533],[85.29998,25.52252],[85.30182,25.52105],[85.30339,25.52008],[85.30468,25.51944],[85.30622,25.51886],[85.30751,25.51861],[85.31015,25.51859],[85.31285,25.51845],[85.31585,25.51783],[85.31757,25.51702],[85.32244,25.515],[85.32618,25.51342],[85.32948,25.51196],[85.3319,25.51088],[85.33364,25.51045],[85.33581,25.51005],[85.33926,25.50989],[85.34435,25.51011],[85.34903,25.51055],[85.35641,25.51171],[85.35879,25.51216],[85.36237,25.51351],[85.36416,25.51436],[85.3674,25.51622],[85.37473,25.52019],[85.37806,25.52186],[85.38064,25.523],[85.38364,25.52389],[85.38602,25.52428],[85.38963,25.52459],[85.39559,25.52524],[85.39759,25.52546],[85.4014,25.52584],[85.40445,25.52589],[85.40738,25.52563],[85.40937,25.52534],[85.4133,25.52425],[85.41555,25.52333],[85.41738,25.5223],[85.41912,25.52044],[85.42557,25.51159],[85.42939,25.5069],[85.4372,25.49974],[85.4402,25.49717],[85.44396,25.49459],[85.44703,25.49267],[85.45112,25.49095],[85.45411,25.49021],[85.45902,25.48929],[85.46584,25.4883],[85.47108,25.4876],[85.47329,25.48735],[85.47529,25.48726],[85.48129,25.4876],[85.48572,25.48801],[85.48834,25.48812],[85.49138,25.48815],[85.49319,25.48812],[85.49697,25.48799],[85.49799,25.48799],[85.49958,25.48804],[85.5008,25.48843],[85.50234,25.48925],[85.50382,25.49052],[85.50563,25.49202],[85.50745,25.49333],[85.5091,25.49413],[85.51129,25.49471],[85.5141,25.49508],[85.51625,25.49546],[85.51902,25.49606],[85.5217,25.49632],[85.52419,25.49628],[85.52648,25.49608],[85.52936,25.49523],[85.53187,25.49417],[85.53494,25.49225],[85.53818,25.48981],[85.54198,25.48674],[85.54511,25.48464],[85.54702,25.48334],[85.54899,25.48241],[85.55118,25.48202],[85.55328,25.48192],[85.55483,25.48192],[85.55685,25.4821],[85.55861,25.48225],[85.56039,25.48249],[85.56189,25.48345],[85.56378,25.48545],[85.56569,25.48801],[85.56751,25.49111],[85.56927,25.4951],[85.57,25.49723],[85.57058,25.49841],[85.5723,25.50027],[85.57448,25.5017],[85.57665,25.50226],[85.57826,25.50263],[85.57946,25.50302],[85.58062,25.50381],[85.58107,25.50447],[85.58259,25.50726],[85.5833,25.50887],[85.58369,25.50941],[85.58444,25.50997],[85.58603,25.51069],[85.58734,25.51103],[85.58908,25.51129],[85.59244,25.51138],[85.59416,25.51102],[85.59637,25.51049]]}},{"type":"Feature","properties":{"river":"ganga","osm_id":1030338943},"geometry":{"type":"LineString","coordinates":[[87.92342,24.80259],[87.92376,24.80188],[87.92385,24.8017],[87.92389,24.80159],[87.92485,24.79873],[87.92779,24.79587],[87.93191,24.79324],[87.94187,24.78463],[87.94839,24.7724],[87.95277,24.76336],[87.95311,24.75151],[87.95311,24.74215],[87.94787,24.72446],[87.94453,24.71456],[87.94564,24.70309],[87.94976,24.69764],[87.9556,24.69288],[87.96525,24.67833],[87.97517,24.66621],[87.97907,24.66047],[87.98165,24.6565],[87.98547,24.65322],[87.9898,24.65162],[87.99817,24.64912],[88.00654,24.6478],[88.0163,24.64745],[88.01948,24.64694],[88.02308,24.64633],[88.02647,24.64579],[88.0292,24.64557],[88.03117,24.64577],[88.03308,24.64626],[88.03499,24.64678]]}},{"type":"Feature","properties":{"river":"brahmaputraJamuna","osm_id":232252697},"geometry":{"type":"LineString","coordinates":[[89.68086,25.19954],[89.68852,25.19636],[89.69195,25.19352],[89.69856,25.18945],[89.70783,25.18285],[89.71766,25.175],[89.72517,25.16696],[89.72959,25.15981],[89.73307,25.15232],[89.73465,25.14828],[89.73616,25.14124],[89.7347,25.13717],[89.73294,25.13499],[89.73023,25.13254],[89.72633,25.1304],[89.71955,25.12877],[89.71195,25.12699],[89.70624,25.12392],[89.70273,25.12197],[89.70024,25.1191],[89.69891,25.11653],[89.69749,25.11444],[89.69547,25.11144],[89.69459,25.10833],[89.69419,25.10589],[89.69459,25.10348],[89.69483,25.10114],[89.69573,25.09897],[89.69691,25.09588],[89.6977,25.09405],[89.7006,25.09075],[89.70279,25.0884],[89.7041,25.08628],[89.70644,25.08439],[89.71051,25.08235],[89.71352,25.08127],[89.71599,25.07977],[89.71742,25.07856],[89.71882,25.07645],[89.72045,25.07341],[89.72084,25.07229],[89.72193,25.07081],[89.7232,25.06955],[89.72466,25.06854],[89.72676,25.06716],[89.72805,25.06642],[89.72895,25.06554],[89.72918,25.06451],[89.72938,25.06315],[89.72942,25.06171],[89.72956,25.05976],[89.72938,25.05872],[89.72883,25.05761],[89.72839,25.05665],[89.72721,25.05549],[89.72656,25.05494],[89.7257,25.05424],[89.72518,25.05372],[89.72483,25.0533],[89.72473,25.05273],[89.72478,25.05163],[89.725,25.05097],[89.72529,25.05024],[89.72541,25.04954],[89.72545,25.04858],[89.72522,25.04781],[89.72508,25.04732],[89.7247,25.04662],[89.72433,25.04594],[89.72403,25.04445],[89.72389,25.04349],[89.72382,25.04275],[89.72399,25.04152],[89.72445,25.04038],[89.72454,25.03938],[89.7237,25.03793],[89.72228,25.03634],[89.72031,25.03449],[89.71886,25.0331],[89.71711,25.03178],[89.71601,25.03095],[89.71518,25.0304],[89.71351,25.03],[89.71281,25.03002],[89.71255,25.03021],[89.71232,25.03053],[89.7122,25.03113],[89.71191,25.03155],[89.71166,25.03157],[89.71142,25.0315],[89.71108,25.03123],[89.7109,25.03094],[89.71074,25.03021],[89.71045,25.02961],[89.70961,25.02834],[89.70848,25.0267],[89.70754,25.02509],[89.70642,25.02386],[89.70511,25.022],[89.70371,25.02025],[89.70271,25.01787],[89.70217,25.01394],[89.70239,25.01268],[89.70314,25.01076],[89.70435,25.00909],[89.7048,25.00789],[89.7049,25.00602],[89.70438,25.00339],[89.70366,25.00206],[89.70331,25.00126],[89.70299,25.00069],[89.70283,25.00031],[89.70275,25.0001],[89.70235,24.99932],[89.70124,24.99832],[89.70087,24.998],[89.7002,24.99729],[89.6998,24.99698],[89.69893,24.99659],[89.69785,24.996],[89.69667,24.99527],[89.69547,24.99469],[89.69235,24.99417],[89.68913,24.99427],[89.68628,24.99451],[89.68265,24.99513],[89.68072,24.99648],[89.68017,24.99718],[89.67848,24.9985],[89.67795,24.99874],[89.67726,24.99867],[89.676,24.99831],[89.67402,24.99759],[89.67248,24.99716],[89.67131,24.9969],[89.66906,24.99619],[89.66696,24.99513],[89.66566,24.99384],[89.66529,24.99264],[89.66375,24.99017],[89.66138,24.98743],[89.65899,24.98261],[89.65586,24.97583],[89.65552,24.97219],[89.65548,24.96991],[89.65524,24.96822],[89.65477,24.96705],[89.65384,24.96612],[89.65224,24.96513],[89.65026,24.96316],[89.64906,24.962],[89.64775,24.96145],[89.64597,24.96204],[89.64131,24.9649],[89.63784,24.96665],[89.63571,24.96748],[89.63363,24.96781],[89.63179,24.9677],[89.6296,24.96606],[89.62792,24.96353],[89.62539,24.95875],[89.62256,24.95206],[89.62039,24.94782],[89.6178,24.94062],[89.61453,24.93404],[89.61247,24.92933],[89.61102,24.92458],[89.61063,24.92131],[89.61084,24.91863],[89.61174,24.91594],[89.61114,24.91045],[89.61037,24.90594],[89.60765,24.90092],[89.60539,24.89555],[89.60518,24.88996],[89.60505,24.88856],[89.60488,24.88679],[89.60466,24.88558],[89.60438,24.88439],[89.60299,24.88081],[89.60138,24.87709],[89.59949,24.87324],[89.59758,24.86966],[89.59666,24.86757],[89.59612,24.86582],[89.59569,24.86405],[89.59535,24.8621],[89.59509,24.85984],[89.59456,24.85482],[89.5943,24.85159],[89.594,24.84631],[89.5939,24.84532],[89.59389,24.8448],[89.59394,24.84435],[89.59411,24.84205],[89.59501,24.83753],[89.59557,24.83354],[89.59595,24.83034],[89.59625,24.82721],[89.59642,24.82439],[89.59647,24.82232],[89.59638,24.82043],[89.59595,24.81428],[89.59591,24.81194],[89.59604,24.81052],[89.59621,24.809],[89.59651,24.80762],[89.59728,24.80505],[89.5976,24.80427],[89.59793,24.8036],[89.59838,24.80279],[89.59896,24.80207],[89.60252,24.79741],[89.60458,24.79496],[89.6079,24.79127],[89.61217,24.78709],[89.61677,24.78073],[89.62183,24.77177],[89.62475,24.7653],[89.62874,24.75322],[89.63162,24.74477],[89.63192,24.74317],[89.63174,24.74134],[89.6308,24.73814],[89.62934,24.73549],[89.62732,24.73307],[89.62582,24.73062],[89.62475,24.72723],[89.62449,24.72352],[89.62535,24.71775],[89.62702,24.71058],[89.62883,24.70399],[89.63114,24.69771],[89.63563,24.68877],[89.63646,24.68715],[89.63848,24.68508],[89.64458,24.67962],[89.6556,24.66956],[89.65835,24.66266],[89.66,24.65921],[89.66244,24.64924],[89.66354,24.64462],[89.66397,24.64319],[89.66522,24.63348],[89.66419,24.62599],[89.66226,24.61905],[89.65998,24.61378],[89.65852,24.60961],[89.65846,24.60861],[89.65882,24.60744],[89.65985,24.60621],[89.6623,24.60391],[89.66322,24.60284],[89.66417,24.60102],[89.66447,24.59977],[89.66449,24.59767],[89.66399,24.59443],[89.66307,24.59045],[89.66286,24.58857],[89.66406,24.58323],[89.66633,24.57542],[89.66719,24.56812],[89.66818,24.56438],[89.66998,24.56043],[89.6732,24.55591],[89.67659,24.55251],[89.68101,24.54919],[89.69118,24.54006],[89.6962,24.53537],[89.69925,24.53194],[89.70157,24.52799],[89.70367,24.52626],[89.70433,24.52345],[89.70607,24.52069],[89.70768,24.518],[89.7109,24.5145],[89.71423,24.51033],[89.71931,24.50254],[89.72144,24.49908],[89.72374,24.49803],[89.72618,24.49719],[89.72847,24.49533],[89.73004,24.49354],[89.73176,24.49166],[89.73266,24.48978],[89.73374,24.48427],[89.73652,24.46356],[89.739,24.45389],[89.74041,24.44454],[89.74101,24.43543],[89.74289,24.42976],[89.7453,24.42527],[89.75109,24.42078],[89.7531,24.42021],[89.7569,24.41914],[89.76274,24.41783],[89.76847,24.41765],[89.77302,24.41169],[89.77598,24.40864],[89.77854,24.40692],[89.77978,24.40524],[89.78115,24.40348],[89.78244,24.40141],[89.78351,24.4002],[89.78559,24.39784],[89.78782,24.39553],[89.78933,24.39397],[89.79022,24.39297],[89.7922,24.39076],[89.79401,24.3883],[89.79615,24.38541],[89.7977,24.38244],[89.7989,24.37908],[89.79993,24.37446],[89.80062,24.3677],[89.80156,24.36172],[89.8025,24.3546],[89.80268,24.34768],[89.80143,24.3383],[89.80031,24.33494],[89.79898,24.3329],[89.79319,24.32731],[89.78731,24.32254],[89.78053,24.31495],[89.77663,24.31154],[89.77186,24.30737],[89.77162,24.27827],[89.76007,24.25417],[89.75834,24.25002],[89.75603,24.24575],[89.75212,24.24125],[89.7489,24.23796],[89.74521,24.23417],[89.74324,24.23116],[89.74148,24.22701],[89.7403,24.22411],[89.73867,24.22237],[89.73598,24.22094],[89.73221,24.21918],[89.7286,24.218],[89.72502,24.2173],[89.72148,24.21726],[89.71966,24.21732],[89.71817,24.2172],[89.71661,24.21699],[89.71463,24.2163],[89.71313,24.21527],[89.71163,24.21395],[89.71018,24.21271],[89.70946,24.21213],[89.70757,24.2108],[89.70579,24.20971],[89.70431,24.20894],[89.70328,24.20806],[89.7026,24.20679],[89.70243,24.2055],[89.70264,24.20409],[89.70281,24.2026],[89.70258,24.20102],[89.70178,24.19918],[89.69938,24.19638],[89.69813,24.1946],[89.69753,24.19311],[89.6973,24.192],[89.69725,24.19064],[89.69745,24.18927],[89.69766,24.1879],[89.69803,24.187],[89.69823,24.18661],[89.69873,24.18559],[89.69968,24.18405],[89.70114,24.18178],[89.70227,24.18015],[89.70337,24.1791],[89.70551,24.1773],[89.70903,24.17475],[89.71091,24.17348],[89.71152,24.17301],[89.71255,24.17213],[89.71348,24.17115],[89.71401,24.17025],[89.71459,24.16898],[89.71513,24.16712],[89.71513,24.16571],[89.71496,24.16449],[89.71457,24.16328],[89.71397,24.16179],[89.71307,24.16015],[89.71184,24.15809],[89.70968,24.15592],[89.70775,24.15425],[89.70534,24.15255],[89.68655,24.14111],[89.67638,24.13344],[89.67346,24.13066],[89.67174,24.12792],[89.67084,24.12557],[89.67002,24.12271],[89.66994,24.11965],[89.67011,24.11734],[89.67037,24.11468],[89.67196,24.10966],[89.67353,24.10524],[89.67434,24.10334],[89.6753,24.10128],[89.67633,24.09911],[89.67687,24.09756],[89.67745,24.09576],[89.67775,24.09455],[89.67809,24.09282],[89.67824,24.09172],[89.67835,24.09019],[89.67848,24.08903],[89.67849,24.08797],[89.67844,24.08712],[89.6783,24.08608],[89.67801,24.08522],[89.6778,24.08456],[89.67741,24.08381],[89.677,24.0832],[89.67646,24.08264],[89.67547,24.08197],[89.67445,24.08127],[89.67332,24.08057],[89.67149,24.07924],[89.66987,24.07792],[89.66874,24.07689],[89.66682,24.07514],[89.6646,24.07302],[89.66296,24.07145],[89.66201,24.07053],[89.66061,24.06921],[89.65952,24.06815],[89.65878,24.06719],[89.65831,24.06634],[89.65785,24.06525],[89.65743,24.06392],[89.6571,24.06245],[89.65698,24.06129],[89.65692,24.05987],[89.6569,24.05796],[89.65672,24.05651],[89.65662,24.05534],[89.65638,24.05375],[89.65636,24.05183],[89.65632,24.05019],[89.65624,24.04841],[89.65624,24.04685],[89.65611,24.0448],[89.65593,24.04354],[89.65581,24.04221],[89.65567,24.04108],[89.6556,24.04015],[89.65546,24.03881],[89.65543,24.0375],[89.65539,24.03623],[89.65599,24.02695],[89.65771,24.01856],[89.66166,24.00656],[89.66745,23.99143],[89.66882,23.98523],[89.6702,23.97563],[89.67032,23.97198],[89.67002,23.96967],[89.66792,23.96249],[89.6653,23.95159],[89.66475,23.95018],[89.66372,23.94857],[89.66208,23.94625],[89.66063,23.94425],[89.65895,23.94143],[89.65835,23.94021],[89.65792,23.9379],[89.65754,23.93429],[89.65754,23.93033],[89.65754,23.92472],[89.65758,23.92068],[89.65758,23.91679],[89.65749,23.91295],[89.65775,23.90934],[89.65822,23.90699],[89.65921,23.90448],[89.66063,23.90208],[89.66254,23.89952],[89.66595,23.89514],[89.6699,23.88968],[89.67204,23.88701],[89.6749,23.88331],[89.67749,23.87866],[89.67856,23.87644],[89.67988,23.87403],[89.68153,23.87189],[89.68365,23.86951],[89.68547,23.86747],[89.68723,23.86598],[89.68925,23.86465],[89.69255,23.86339],[89.69637,23.86221],[89.70041,23.8611],[89.70444,23.86005],[89.71036,23.85845],[89.71654,23.85672],[89.72092,23.85542],[89.72555,23.85375],[89.73191,23.85071],[89.73431,23.84922],[89.73665,23.84749],[89.74002,23.84451],[89.743,23.84171],[89.75076,23.83333],[89.75829,23.82669],[89.76693,23.8082],[89.76877,23.80409],[89.77087,23.7996],[89.77272,23.79559],[89.77429,23.7918]]}},{"type":"Feature","properties":{"river":"brahmaputraJamuna","osm_id":232252698},"geometry":{"type":"LineString","coordinates":[[89.94035,25.89691],[89.93391,25.88517],[89.92855,25.87923],[89.92001,25.87143],[89.91777,25.86787],[89.91454,25.8583],[89.91228,25.8513],[89.91163,25.8493],[89.90897,25.84362],[89.90776,25.83748],[89.90802,25.82686],[89.90746,25.82187],[89.90433,25.81689],[89.89605,25.81202],[89.88723,25.80841],[89.87371,25.80683],[89.86272,25.80192],[89.86084,25.79935],[89.86,25.79647],[89.85996,25.79155],[89.86087,25.78768],[89.86145,25.78612],[89.86201,25.78486],[89.86473,25.77988],[89.86649,25.77626],[89.86692,25.77474],[89.86703,25.77361],[89.8669,25.77252],[89.8655,25.76627],[89.8643,25.76009],[89.8628,25.74884],[89.86074,25.73547],[89.85977,25.73282],[89.8587,25.7317],[89.85729,25.73108],[89.85578,25.73075],[89.85323,25.73071],[89.84894,25.73098],[89.84649,25.73096],[89.8443,25.73114],[89.8413,25.73175],[89.83716,25.73309],[89.83437,25.73386],[89.83272,25.73396],[89.83151,25.73381],[89.8307,25.73359],[89.82921,25.73289],[89.82747,25.73201],[89.8231,25.73046],[89.81156,25.72708],[89.80692,25.72611],[89.80388,25.72599],[89.80095,25.72609],[89.77851,25.7275],[89.77199,25.72704],[89.76637,25.72534],[89.76216,25.72309],[89.75585,25.71787],[89.75032,25.71408],[89.74719,25.71146],[89.74568,25.70883],[89.74354,25.7021],[89.74298,25.69166],[89.74277,25.68427],[89.74311,25.67893],[89.7436,25.67442],[89.74516,25.66783],[89.75198,25.65381],[89.75465,25.64193],[89.75638,25.63819],[89.75798,25.63472],[89.75987,25.63087],[89.75757,25.62866],[89.7545,25.62669],[89.75079,25.62373],[89.74899,25.6222],[89.74613,25.61949],[89.74339,25.61732],[89.74025,25.61462],[89.73882,25.61301],[89.73757,25.61144],[89.73594,25.60995],[89.73326,25.60788],[89.73197,25.60697],[89.72996,25.60453],[89.72852,25.60275],[89.7274,25.60161],[89.72622,25.59972],[89.72538,25.5983],[89.72474,25.5965],[89.72461,25.59468],[89.72446,25.59294],[89.72459,25.59054],[89.72483,25.58797],[89.72491,25.58615],[89.73279,25.57789],[89.73549,25.57483],[89.73907,25.56989],[89.74041,25.5672],[89.7412,25.56484],[89.74154,25.56339],[89.74176,25.56201],[89.74193,25.55998],[89.74204,25.55706],[89.74203,25.55624],[89.74214,25.55569],[89.74231,25.55528],[89.74322,25.55432],[89.74431,25.55352],[89.74601,25.55257],[89.74974,25.55045],[89.75193,25.54891],[89.75305,25.54795],[89.75346,25.54742],[89.754,25.54641],[89.75427,25.54561],[89.75442,25.54443],[89.75426,25.54214],[89.75359,25.53621],[89.75289,25.53268],[89.75178,25.52587],[89.75109,25.5199],[89.74976,25.51506],[89.74779,25.51241],[89.74547,25.50952],[89.74431,25.50763],[89.74296,25.50354],[89.74155,25.49796],[89.74058,25.49329],[89.73945,25.48855],[89.73892,25.47972],[89.73802,25.47144],[89.73796,25.46267],[89.73871,25.45815],[89.73976,25.45428],[89.74216,25.44839],[89.74298,25.44413],[89.74156,25.44145],[89.73839,25.43773],[89.73616,25.43651],[89.73287,25.43384],[89.73026,25.43074],[89.72727,25.42872],[89.7239,25.42647],[89.72148,25.42417],[89.7186,25.42083],[89.71742,25.41794],[89.71463,25.4159],[89.71389,25.41541],[89.71354,25.41514],[89.71322,25.41487],[89.7125,25.41434],[89.71215,25.41404],[89.71192,25.41372],[89.71169,25.41311],[89.71149,25.4125],[89.71132,25.41189],[89.71114,25.41128],[89.71077,25.40998],[89.71049,25.40872],[89.71036,25.40547],[89.71143,25.40083],[89.71177,25.3982],[89.7128,25.39618],[89.71525,25.3913],[89.71598,25.38792],[89.71366,25.38269],[89.71044,25.37815],[89.70437,25.3709],[89.70189,25.36888],[89.69946,25.36621],[89.69633,25.36346],[89.69312,25.36024],[89.68805,25.35454],[89.68474,25.3512],[89.68028,25.34659],[89.67325,25.34544],[89.66978,25.34604],[89.66626,25.34655],[89.66433,25.34624],[89.66366,25.34581],[89.66343,25.345],[89.66317,25.34174],[89.6628,25.33734],[89.66248,25.33344],[89.66269,25.32917],[89.66294,25.32514],[89.66343,25.32364],[89.66475,25.31963],[89.66573,25.31466],[89.66576,25.31193],[89.66506,25.31016],[89.66079,25.30401],[89.65931,25.30137],[89.6586,25.29856],[89.65907,25.29499],[89.6601,25.29247],[89.66997,25.28243],[89.67164,25.27082],[89.66907,25.26472],[89.66592,25.25914],[89.66225,25.256],[89.6614,25.25471],[89.66071,25.25285],[89.65977,25.25114],[89.65874,25.24908],[89.65657,25.24314],[89.65826,25.24042],[89.66113,25.23499],[89.65907,25.23124],[89.65901,25.22684],[89.65913,25.22252],[89.66572,25.2183],[89.66793,25.21434],[89.67224,25.20704],[89.68086,25.19954]]}},{"type":"Feature","properties":{"river":"brahmaputraJamuna","osm_id":438859570},"geometry":{"type":"LineString","coordinates":[[89.66868,25.63166],[89.66891,25.63058],[89.66891,25.62982],[89.66901,25.62813],[89.6691,25.62701],[89.66915,25.62662],[89.66941,25.62633],[89.66985,25.62609],[89.67089,25.62587],[89.6722,25.62522],[89.67314,25.6246],[89.67404,25.62401],[89.67534,25.62347],[89.67578,25.62412],[89.67638,25.62473],[89.67675,25.62503],[89.67716,25.62511],[89.67788,25.62493],[89.67867,25.62434],[89.67949,25.62332],[89.68039,25.62262],[89.68196,25.62146],[89.68266,25.62094],[89.68275,25.62087],[89.68427,25.62005],[89.68748,25.61869],[89.68765,25.61865],[89.68771,25.61862]]}},{"type":"Feature","properties":{"river":"brahmaputraJamuna","osm_id":445528867},"geometry":{"type":"LineString","coordinates":[[89.63162,24.74477],[89.6335,24.74251],[89.63659,24.74063],[89.64337,24.73783],[89.65093,24.73549],[89.65942,24.73307],[89.66539,24.7305],[89.66723,24.72867],[89.66899,24.72691],[89.67045,24.72356],[89.67118,24.71807],[89.67123,24.71187],[89.67114,24.70805],[89.67281,24.70356],[89.6759,24.69998],[89.6829,24.69502],[89.68822,24.69019],[89.69337,24.68316],[89.70472,24.65281],[89.70596,24.65015],[89.70825,24.64476],[89.70953,24.64071],[89.71665,24.63596],[89.71787,24.63059],[89.71846,24.62666],[89.71845,24.62377],[89.71835,24.62139],[89.71865,24.61612],[89.71946,24.61128],[89.7203,24.61039],[89.72139,24.61023],[89.72442,24.61099],[89.72947,24.61067],[89.73049,24.61037],[89.73115,24.60984],[89.73164,24.6086],[89.73274,24.60496],[89.73324,24.60406],[89.7342,24.6031],[89.73476,24.60291],[89.73531,24.60292],[89.73644,24.60345],[89.73726,24.60401],[89.7391,24.60578],[89.74067,24.60692],[89.74181,24.60745],[89.74245,24.60757],[89.74331,24.60753],[89.74424,24.60732],[89.74505,24.607],[89.74668,24.6058],[89.74768,24.60482],[89.74804,24.60429],[89.74838,24.60359],[89.7487,24.60245],[89.74908,24.59998],[89.74908,24.59893],[89.74936,24.59792],[89.75015,24.59638],[89.75033,24.5959],[89.75046,24.59528],[89.75062,24.59484],[89.75129,24.59376],[89.75143,24.59344],[89.75149,24.59336],[89.75163,24.5933],[89.75179,24.59328],[89.75187,24.59324],[89.75193,24.59314],[89.75195,24.59298],[89.7519,24.59248],[89.75192,24.59238],[89.75198,24.59231],[89.75209,24.59228],[89.75221,24.59226],[89.75224,24.59221],[89.75224,24.59212],[89.75223,24.59189],[89.75226,24.59169],[89.75234,24.59155],[89.75251,24.59134],[89.75253,24.59125],[89.75252,24.59038],[89.75242,24.58984],[89.7523,24.58947],[89.75215,24.58926],[89.75146,24.58861],[89.75051,24.58803],[89.74944,24.58754],[89.74838,24.58711],[89.74797,24.58702],[89.74729,24.58699],[89.74654,24.58702],[89.74457,24.5873],[89.74355,24.58757],[89.74265,24.58793],[89.7425,24.58795],[89.74228,24.58791],[89.74216,24.58792],[89.74168,24.58807],[89.74139,24.58811],[89.74126,24.58818],[89.74111,24.58826],[89.741,24.58828],[89.74085,24.58823],[89.74073,24.58815],[89.74058,24.58811],[89.74013,24.58814],[89.73986,24.58812],[89.73957,24.58801],[89.73881,24.58766],[89.73817,24.58718],[89.73746,24.58655],[89.73689,24.5859],[89.7365,24.58538],[89.73628,24.58498],[89.73599,24.58442],[89.73587,24.5843],[89.73573,24.58421],[89.73566,24.58414],[89.73563,24.58405],[89.73566,24.58314],[89.73553,24.58186],[89.73523,24.58016],[89.73508,24.57925],[89.73509,24.57907],[89.73515,24.57873],[89.73534,24.5772],[89.73549,24.57576],[89.73587,24.57391],[89.73634,24.57242],[89.7367,24.57146],[89.73723,24.57053],[89.73821,24.56898],[89.73881,24.56808],[89.73909,24.56781],[89.73987,24.56726],[89.74057,24.56688],[89.74156,24.5665],[89.74346,24.56596],[89.7459,24.5648],[89.74723,24.56389],[89.74829,24.563],[89.74857,24.56261],[89.74874,24.56219],[89.74886,24.56204],[89.74907,24.56196],[89.75053,24.56169],[89.75592,24.56081],[89.75868,24.56027],[89.76167,24.55941],[89.76233,24.55908],[89.76283,24.55868],[89.76323,24.55801],[89.76367,24.55636],[89.76372,24.55503],[89.76349,24.55214],[89.76279,24.54964],[89.76221,24.54806],[89.7613,24.54636],[89.76049,24.54478],[89.76,24.54328],[89.75948,24.54049],[89.75903,24.53928],[89.75815,24.53789],[89.75663,24.53658],[89.75555,24.53608],[89.75364,24.53559],[89.75214,24.53496],[89.75146,24.53432],[89.75107,24.53338],[89.75077,24.53194],[89.75098,24.53073],[89.75148,24.52928],[89.75287,24.52682],[89.75755,24.5213],[89.75806,24.5202],[89.75857,24.51904],[89.75869,24.5184],[89.7586,24.51774],[89.7581,24.51644],[89.75705,24.51527],[89.75528,24.51398],[89.75354,24.51312],[89.75199,24.51255],[89.75075,24.51224],[89.7491,24.51192],[89.74837,24.51188],[89.74733,24.51178],[89.7448,24.51151],[89.74245,24.51094],[89.74152,24.51037],[89.74083,24.50961],[89.7405,24.50884],[89.74023,24.50786],[89.74015,24.50691],[89.7401,24.50566],[89.74032,24.5044],[89.74096,24.50261],[89.74147,24.50151],[89.74212,24.50031],[89.74268,24.49945],[89.74329,24.49869],[89.74412,24.49787],[89.74577,24.49675],[89.74695,24.49626],[89.74817,24.49587],[89.7498,24.49567],[89.75127,24.49564],[89.75281,24.49577],[89.75588,24.49612],[89.75789,24.49585],[89.75906,24.49537],[89.7602,24.49443],[89.76112,24.49351],[89.76186,24.49237],[89.76264,24.49061],[89.76288,24.48992],[89.76328,24.48845],[89.76341,24.48666],[89.7635,24.48249],[89.76348,24.48169],[89.76338,24.48101],[89.76332,24.48037],[89.76281,24.47914],[89.76197,24.47791],[89.76126,24.47632],[89.76036,24.47486],[89.75974,24.47421],[89.75859,24.47319],[89.75755,24.47194],[89.75554,24.46685],[89.75555,24.46415],[89.7559,24.46156],[89.75625,24.46039],[89.76143,24.45309],[89.76198,24.45145],[89.76236,24.44985],[89.76276,24.44699],[89.7654,24.43672],[89.76673,24.42888],[89.76746,24.424],[89.76873,24.4206],[89.76847,24.41765]]}},{"type":"Feature","properties":{"river":"brahmaputraJamuna","osm_id":484881097},"geometry":{"type":"LineString","coordinates":[[89.74793,24.31548],[89.74457,24.31439],[89.74327,24.31412],[89.74293,24.31405],[89.74245,24.31397],[89.74164,24.31386],[89.74023,24.31353],[89.73937,24.31307],[89.7371,24.31209],[89.73663,24.31177],[89.73565,24.31109],[89.73448,24.31014],[89.7327,24.30911],[89.73107,24.30762],[89.73062,24.30706],[89.72847,24.30506],[89.72718,24.30306],[89.72608,24.30088],[89.7253,24.29866],[89.72466,24.29739],[89.72411,24.29612],[89.72362,24.29411],[89.72296,24.29057],[89.72288,24.28725],[89.72294,24.28642],[89.72311,24.28558],[89.72302,24.28522],[89.72302,24.28262],[89.72324,24.28017],[89.72275,24.27811],[89.72164,24.27599],[89.71975,24.27372],[89.71733,24.27176],[89.71476,24.27054],[89.7136,24.26986],[89.71023,24.26701],[89.7083,24.26478],[89.70753,24.2627],[89.70646,24.26051],[89.7056,24.25887],[89.70495,24.25765]]}},{"type":"Feature","properties":{"river":"brahmaputraJamuna","osm_id":484881099},"geometry":{"type":"LineString","coordinates":[[89.75745,24.39446],[89.75688,24.39353],[89.75634,24.39244],[89.75468,24.39122],[89.75365,24.3903],[89.75322,24.38959],[89.75265,24.38931],[89.75177,24.38909],[89.7516,24.38885],[89.75145,24.38862],[89.75131,24.38837],[89.75115,24.38808],[89.75099,24.38776],[89.75091,24.38756],[89.75081,24.38733],[89.75073,24.3871],[89.75058,24.38674],[89.7504,24.38633],[89.7503,24.38599],[89.75006,24.38543],[89.74985,24.38485],[89.74962,24.38423],[89.74946,24.3837],[89.74935,24.38331],[89.74919,24.38282],[89.74906,24.38242],[89.74888,24.38194],[89.74868,24.38134],[89.74873,24.38065],[89.74837,24.38003],[89.74824,24.37979],[89.74792,24.37937],[89.7476,24.37912],[89.74707,24.37883],[89.74651,24.37854],[89.74581,24.37829],[89.74527,24.37814],[89.74454,24.37793],[89.74407,24.3778],[89.74354,24.37773],[89.74304,24.37768],[89.74231,24.37757],[89.74091,24.37758],[89.7398,24.37773],[89.73873,24.37765],[89.7374,24.37809],[89.73583,24.37895],[89.73497,24.37928],[89.73389,24.37966],[89.73147,24.38066],[89.72858,24.38199],[89.72688,24.38226],[89.72538,24.38211],[89.72347,24.38168],[89.7224,24.38086],[89.72185,24.37989],[89.72141,24.37499],[89.72163,24.37261],[89.72223,24.36991],[89.72343,24.36682],[89.7245,24.36061],[89.72514,24.35611],[89.72673,24.35064],[89.72729,24.34833],[89.72768,24.34438],[89.72617,24.34153],[89.72416,24.33879],[89.72218,24.33672],[89.71927,24.33484],[89.71626,24.33351],[89.71549,24.33281],[89.71532,24.33148],[89.7157,24.32999],[89.71682,24.32796],[89.71794,24.32589],[89.71861,24.32391],[89.71879,24.32222],[89.71875,24.32024],[89.71872,24.31891],[89.7187,24.31778],[89.7187,24.31766],[89.71866,24.31256],[89.71844,24.31113],[89.71858,24.30954],[89.71875,24.30798],[89.7191,24.30651],[89.7197,24.30455],[89.72017,24.30308],[89.72037,24.30153],[89.72043,24.3],[89.72018,24.29899],[89.71972,24.29807],[89.71779,24.29544],[89.7166,24.29309],[89.71525,24.29145],[89.71428,24.28996],[89.71284,24.28844],[89.7109,24.28707],[89.70945,24.2863],[89.70766,24.28509],[89.70734,24.28428],[89.70687,24.28192],[89.70638,24.27999],[89.70586,24.278],[89.70489,24.27414],[89.7048,24.26909],[89.70482,24.2683],[89.70493,24.26381],[89.70459,24.25982],[89.70495,24.25765],[89.70536,24.25524],[89.70573,24.25385],[89.70618,24.2533],[89.70955,24.25305],[89.71086,24.25264],[89.71219,24.25175],[89.71347,24.25023],[89.71439,24.24857],[89.71491,24.2464],[89.71551,24.24333],[89.71545,24.24126],[89.715,24.23924],[89.71427,24.23658],[89.71553,24.22921]]}},{"type":"Feature","properties":{"river":"brahmaputraJamuna","osm_id":517236673},"geometry":{"type":"LineString","coordinates":[[89.7531,24.42021],[89.75199,24.4128],[89.75328,24.40874],[89.75504,24.40632],[89.7556,24.40499],[89.75637,24.40159],[89.75745,24.39446],[89.75813,24.39362],[89.75965,24.39141],[89.75995,24.39068],[89.76006,24.38965],[89.75993,24.38889],[89.75853,24.38497],[89.75774,24.38361],[89.75566,24.38121],[89.75541,24.38058],[89.75532,24.37976],[89.75549,24.3788],[89.7562,24.37737],[89.76045,24.37083],[89.76143,24.36973],[89.76289,24.36887],[89.76603,24.36776],[89.77688,24.36473],[89.77886,24.36367],[89.78006,24.36266],[89.78148,24.36051],[89.78392,24.35441],[89.78452,24.3512],[89.78452,24.34768],[89.78225,24.33677],[89.77663,24.31154]]}},{"type":"Feature","properties":{"river":"brahmaputraJamuna","osm_id":520967009},"geometry":{"type":"LineString","coordinates":[[89.7482,24.31119],[89.74566,24.31077],[89.74311,24.31044],[89.74101,24.31006],[89.73839,24.30965],[89.73586,24.3092],[89.73345,24.3083],[89.73107,24.30762]]}},{"type":"Feature","properties":{"river":"brahmaputraJamuna","osm_id":520967011},"geometry":{"type":"LineString","coordinates":[[89.76001,24.30787],[89.75897,24.30973],[89.75818,24.31109],[89.75756,24.31211],[89.75731,24.31307],[89.7572,24.31417],[89.75694,24.31476],[89.75609,24.31554],[89.75513,24.31556],[89.75478,24.31526],[89.75493,24.31427],[89.75447,24.31358],[89.7527,24.31267],[89.7505,24.31162],[89.7482,24.31119],[89.74527,24.31258],[89.74245,24.31397]]}},{"type":"Feature","properties":{"river":"brahmaputraJamuna","osm_id":553617232},"geometry":{"type":"LineString","coordinates":[[89.94035,25.89691],[89.93245,25.89064],[89.92565,25.88564],[89.92374,25.88461],[89.92211,25.88417],[89.92009,25.88405],[89.91368,25.88415],[89.90988,25.88417],[89.90554,25.88365],[89.8969,25.8823],[89.88803,25.8827],[89.88368,25.8826],[89.8796,25.88185],[89.87801,25.88116],[89.87728,25.88002],[89.87612,25.87818],[89.87463,25.87748],[89.87222,25.87691],[89.8696,25.87683],[89.86827,25.87772],[89.86618,25.8796],[89.86512,25.87967],[89.86404,25.87972],[89.86289,25.87934],[89.86212,25.87891],[89.86164,25.87853],[89.86055,25.87685],[89.85683,25.87096],[89.85505,25.86892],[89.85319,25.86672],[89.85108,25.86478],[89.84834,25.86289],[89.84469,25.86092],[89.84311,25.85994],[89.8422,25.85926],[89.84132,25.85857],[89.84036,25.85788],[89.83962,25.85709],[89.83847,25.85596],[89.83707,25.85453],[89.83568,25.85325],[89.8347,25.85247],[89.83318,25.85151],[89.83213,25.85094],[89.83075,25.84987],[89.82996,25.84916],[89.82936,25.84885],[89.82849,25.8485],[89.82679,25.84824],[89.82584,25.84819],[89.82506,25.84819],[89.82373,25.84816],[89.82218,25.84812],[89.82057,25.84808],[89.81764,25.84756],[89.81669,25.84751],[89.81584,25.84745],[89.81461,25.84744],[89.81349,25.84747],[89.81278,25.84746],[89.81135,25.84742],[89.81012,25.84727],[89.80898,25.84702],[89.80761,25.84683],[89.80623,25.84668],[89.80581,25.84666],[89.80403,25.84653],[89.80277,25.84647],[89.80153,25.84631],[89.80044,25.84613],[89.79983,25.84588],[89.79945,25.84573],[89.79877,25.84557],[89.798,25.84544],[89.7972,25.84514],[89.79662,25.8448],[89.79617,25.84438],[89.79544,25.84321],[89.79452,25.84158],[89.79406,25.8407],[89.79368,25.83986],[89.79321,25.83873],[89.79264,25.83732],[89.79197,25.83603],[89.79094,25.83423],[89.79042,25.83351],[89.7901,25.83262],[89.78997,25.83163],[89.78967,25.83093],[89.78911,25.82995],[89.78797,25.82833],[89.78747,25.82729],[89.78757,25.82663],[89.78783,25.82588],[89.78868,25.82523],[89.7897,25.82474],[89.79056,25.82427],[89.79083,25.82408],[89.791,25.8238],[89.79109,25.82354],[89.79106,25.82312],[89.79065,25.82168],[89.79055,25.82111],[89.79054,25.82086],[89.79064,25.82031],[89.79128,25.81837],[89.79135,25.81796],[89.79132,25.81743],[89.79096,25.81652],[89.79042,25.81566],[89.78956,25.81464],[89.78789,25.81322],[89.78242,25.80969],[89.77766,25.80667],[89.77598,25.8054],[89.77461,25.80406],[89.77002,25.79943],[89.755,25.78614],[89.7488,25.78142]]}},{"type":"Feature","properties":{"river":"brahmaputraJamuna","osm_id":910696546},"geometry":{"type":"LineString","coordinates":[[90.37049,26.18409],[90.36572,26.18325],[90.35826,26.18274],[90.35107,26.18465],[90.34367,26.18544],[90.34017,26.18438],[90.33716,26.183],[90.3351,26.18072],[90.33367,26.17847],[90.32956,26.15262],[90.3268,26.14388],[90.32311,26.13672],[90.31933,26.13467],[90.31504,26.13244],[90.30822,26.13101],[90.3023,26.12993],[90.2977,26.12901],[90.29238,26.12701],[90.28766,26.12392],[90.28277,26.1218],[90.27964,26.11999],[90.27839,26.11749],[90.27856,26.11209],[90.27646,26.10866],[90.27127,26.10496],[90.26665,26.10392],[90.26198,26.10396],[90.2582,26.10533],[90.2509,26.10628],[90.24397,26.10651],[90.23655,26.10525],[90.23194,26.10319],[90.22745,26.09839],[90.22483,26.09219],[90.22241,26.08866],[90.2185,26.08643],[90.21531,26.08533],[90.21204,26.08448],[90.20771,26.08369],[90.19539,26.08199],[90.18289,26.081],[90.17192,26.07799],[90.15827,26.07216],[90.14681,26.06584],[90.13661,26.05859],[90.12072,26.0515],[90.10386,26.04664],[90.09338,26.04441],[90.08454,26.04383],[90.07755,26.04383],[90.07411,26.04599],[90.06339,26.0509],[90.05255,26.03976],[90.04706,26.03463],[90.04017,26.03118],[90.03476,26.02756],[90.02853,26.02491],[90.02568,26.02474],[90.02311,26.02459],[90.02051,26.02393],[90.01815,26.02328],[90.01596,26.02326],[90.01371,26.02368],[90.01144,26.02455],[90.00908,26.02486],[90.00685,26.02424],[90.00504,26.0236],[90.00236,26.02268],[89.99989,26.02119],[89.99697,26.01788],[89.98797,26.00934],[89.98193,26.00361],[89.97627,25.99975],[89.97316,25.99668],[89.96936,25.99294],[89.96661,25.98957],[89.96425,25.98486],[89.96279,25.98027],[89.96202,25.97606],[89.96228,25.97271],[89.96305,25.97062],[89.96459,25.96885],[89.96676,25.96721],[89.96801,25.96613],[89.96878,25.96491],[89.96912,25.96287],[89.96897,25.96021],[89.96824,25.95671],[89.96678,25.95411],[89.96442,25.95183],[89.96103,25.94944],[89.95751,25.94628],[89.95498,25.94199],[89.95425,25.93972],[89.95395,25.93771],[89.95425,25.93547],[89.95563,25.9335],[89.95811,25.93092],[89.95893,25.92929],[89.95906,25.92791],[89.95854,25.92663],[89.95597,25.92327],[89.95544,25.92286],[89.95206,25.92026],[89.94816,25.9164],[89.94657,25.91424],[89.94284,25.90563],[89.94035,25.89691]]}},{"type":"Feature","properties":{"river":"oldBrahmaputra","osm_id":119373978},"geometry":{"type":"LineString","coordinates":[[89.90563,24.97084],[89.90633,24.97024],[89.90666,24.97003],[89.90751,24.96967],[89.90912,24.96972],[89.91523,24.97119],[89.91586,24.97153],[89.91672,24.97238],[89.91724,24.9726],[89.92115,24.97302],[89.92363,24.97283],[89.92488,24.97253],[89.92585,24.97218],[89.93042,24.96893],[89.93277,24.96682],[89.93556,24.96396],[89.9365,24.96324],[89.93966,24.96199],[89.94196,24.9616],[89.94417,24.96118],[89.94507,24.96015],[89.94655,24.95848],[89.94792,24.95585],[89.94813,24.95476],[89.94645,24.94937],[89.94613,24.94821],[89.94621,24.94696],[89.94741,24.94413],[89.948,24.94334],[89.9488,24.94275],[89.94925,24.94225],[89.94962,24.94118],[89.95023,24.93985],[89.95137,24.93886],[89.95263,24.93828],[89.95427,24.93801],[89.95472,24.93778],[89.95505,24.93754],[89.9553,24.93724],[89.95548,24.93687],[89.95557,24.93646],[89.95565,24.93542],[89.95607,24.93457],[89.957,24.93364],[89.95747,24.93354],[89.95892,24.93372],[89.95942,24.93356],[89.95961,24.93336],[89.95962,24.93249],[89.95992,24.93082],[89.96054,24.93007],[89.96152,24.92967],[89.96227,24.92831],[89.96262,24.92746],[89.9635,24.92468],[89.96391,24.92387],[89.96443,24.92365],[89.96483,24.92329],[89.96795,24.92266],[89.9711,24.92234],[89.97517,24.92057],[89.97924,24.91788],[89.98226,24.91547],[89.98333,24.9138],[89.98348,24.913],[89.98165,24.90839],[89.98144,24.9074],[89.98156,24.90663],[89.98233,24.90562],[89.98353,24.90473],[89.98695,24.90402],[89.98893,24.90436],[89.99293,24.90402],[89.99452,24.90345],[89.99563,24.90258],[89.99613,24.90158],[89.99627,24.89985],[89.99582,24.89774],[89.99355,24.89442],[89.99312,24.89341],[89.99305,24.89283],[89.99319,24.89224],[89.9941,24.89126],[89.99861,24.8878],[90.0021,24.88648],[90.00807,24.88618],[90.00956,24.88652],[90.0112,24.88625],[90.01181,24.88604],[90.01231,24.88568],[90.013,24.88446],[90.01302,24.88344],[90.01152,24.87848],[90.01164,24.8776],[90.01202,24.87686],[90.01961,24.87329],[90.02366,24.87253],[90.03,24.87232],[90.03654,24.87379],[90.03868,24.87482],[90.04437,24.87866],[90.04794,24.8807],[90.04842,24.88139],[90.05019,24.8832],[90.05162,24.8844],[90.05306,24.88529],[90.05489,24.886],[90.05778,24.88637],[90.06114,24.88645],[90.0643,24.886],[90.06614,24.88527],[90.06698,24.88454],[90.07022,24.88097],[90.07248,24.87871],[90.07418,24.87743],[90.07522,24.87692],[90.07682,24.87658],[90.08004,24.87677],[90.08407,24.87814],[90.0871,24.88017],[90.09013,24.88316],[90.09051,24.88368],[90.09087,24.88504],[90.09091,24.88567],[90.0907,24.88879],[90.09087,24.88919],[90.09178,24.89019],[90.09338,24.89143],[90.09425,24.89174],[90.09501,24.89179],[90.09672,24.8915],[90.09821,24.89054],[90.09926,24.8896],[90.10004,24.88861],[90.10038,24.88777],[90.10034,24.88473],[90.09997,24.88328],[90.09866,24.88176],[90.09746,24.87983],[90.0969,24.87783],[90.09681,24.87644],[90.09721,24.87461],[90.09868,24.87231],[90.10155,24.87091],[90.1069,24.87033],[90.10771,24.87059],[90.10843,24.871],[90.1094,24.87135],[90.11039,24.87144],[90.1161,24.86996],[90.11788,24.86969],[90.13039,24.87131],[90.13374,24.87236],[90.13645,24.8742],[90.13706,24.87476],[90.13745,24.87526],[90.1377,24.87549],[90.14161,24.87615],[90.14425,24.87555],[90.14545,24.87483],[90.14767,24.87311],[90.15331,24.87286],[90.15846,24.87457],[90.16425,24.87602],[90.17597,24.88187],[90.18277,24.88732],[90.18591,24.89027],[90.18764,24.89341],[90.19067,24.89545],[90.19211,24.89603],[90.19381,24.89645],[90.19561,24.89653],[90.1969,24.89663],[90.1978,24.89662],[90.20037,24.89642],[90.20219,24.89589],[90.20344,24.89564],[90.20477,24.89541],[90.21283,24.8937],[90.21691,24.89255],[90.21854,24.89133],[90.21945,24.8895],[90.21942,24.88782],[90.21872,24.88593],[90.21801,24.88493],[90.21478,24.88261],[90.21341,24.88076],[90.21335,24.87978],[90.21358,24.87895],[90.21566,24.87733],[90.22094,24.87592],[90.22442,24.8742],[90.22736,24.87334],[90.22867,24.87348],[90.23259,24.8743],[90.23526,24.87454],[90.23676,24.87393],[90.23782,24.87319],[90.23846,24.87246],[90.24021,24.86885],[90.24143,24.86753],[90.24303,24.86735],[90.24469,24.86783],[90.2475,24.86845],[90.24945,24.86907],[90.25463,24.87286],[90.25738,24.87469],[90.25944,24.87513],[90.26239,24.87476],[90.26296,24.87469],[90.26596,24.87393],[90.2698,24.87153],[90.27203,24.86929],[90.27263,24.86776],[90.27259,24.86475],[90.27216,24.86184],[90.27118,24.85979],[90.26849,24.85654],[90.26588,24.85519],[90.25883,24.85326],[90.25471,24.85156],[90.25106,24.85024],[90.24971,24.84922],[90.24914,24.84796],[90.2493,24.84643],[90.25003,24.84461],[90.25106,24.84344],[90.25256,24.84182],[90.25625,24.83998],[90.25957,24.8396],[90.26305,24.83954],[90.26613,24.83885],[90.26986,24.83955],[90.27267,24.83908],[90.27714,24.83773],[90.27956,24.83512],[90.28049,24.83422],[90.28207,24.83376],[90.2836,24.83399],[90.28598,24.83524],[90.28749,24.83662],[90.28896,24.83746],[90.2902,24.83596],[90.29115,24.83435],[90.29149,24.83135],[90.2907,24.82776],[90.2893,24.82438],[90.28833,24.82192],[90.28777,24.82037],[90.28773,24.81913],[90.28771,24.81774],[90.2881,24.81666],[90.28866,24.81559]]}},{"type":"Feature","properties":{"river":"oldBrahmaputra","osm_id":136383902},"geometry":{"type":"LineString","coordinates":[[89.75197,25.22187],[89.75238,25.22043],[89.75331,25.21297],[89.75217,25.21047],[89.75116,25.20853],[89.75017,25.2071],[89.74936,25.20575],[89.74813,25.2044],[89.74693,25.2031],[89.74585,25.20185],[89.74502,25.20124],[89.74365,25.20067],[89.743,25.20021],[89.74237,25.19984],[89.74214,25.19951],[89.74216,25.19871],[89.74273,25.19759],[89.7434,25.19672],[89.74432,25.19594],[89.74567,25.19496],[89.74961,25.1901],[89.75066,25.18918],[89.75166,25.18859],[89.7526,25.18825],[89.75352,25.1881],[89.75523,25.18869],[89.75887,25.18964],[89.75895,25.19117],[89.75855,25.19325],[89.75913,25.19501],[89.76098,25.19634],[89.76399,25.19799],[89.76919,25.20283],[89.77336,25.20657],[89.77604,25.20838],[89.77748,25.20872],[89.77917,25.2088],[89.78058,25.20857],[89.78194,25.20811],[89.78329,25.207],[89.78733,25.20484],[89.79101,25.20378],[89.79315,25.20269],[89.79439,25.20129],[89.79526,25.19974],[89.7956,25.19831],[89.79546,25.19688],[89.7943,25.19428],[89.79293,25.1923],[89.79073,25.18748],[89.79021,25.18277],[89.79148,25.17839],[89.79194,25.17596],[89.79136,25.17203],[89.79044,25.16997],[89.79058,25.16874],[89.79235,25.16578],[89.79197,25.16321],[89.79259,25.15955],[89.79356,25.15647],[89.79507,25.15571],[89.7975,25.15577],[89.80087,25.15855],[89.80778,25.1633],[89.80892,25.16386],[89.81143,25.16356],[89.81311,25.16257],[89.81456,25.16089],[89.81684,25.15522],[89.81751,25.15224],[89.81666,25.14929],[89.81497,25.14679],[89.81185,25.14519],[89.80908,25.14477],[89.80275,25.14582],[89.80094,25.14454],[89.79985,25.14186],[89.80056,25.13932],[89.80396,25.1354],[89.80632,25.13404],[89.80946,25.13007],[89.81127,25.12544],[89.81182,25.12096],[89.81473,25.11451],[89.81937,25.11016],[89.82403,25.10911],[89.82504,25.10847],[89.8253,25.10426],[89.82348,25.10055],[89.82334,25.09919],[89.82238,25.09844],[89.82106,25.09813],[89.81902,25.098],[89.81731,25.09729],[89.81565,25.09764],[89.81286,25.0973],[89.81103,25.09611],[89.80985,25.09449],[89.80944,25.09294],[89.80911,25.09087],[89.809,25.08696],[89.80925,25.08503],[89.80955,25.08315],[89.80957,25.08305],[89.80825,25.07966],[89.80745,25.07521],[89.80841,25.07389],[89.81047,25.07262],[89.81515,25.07019],[89.81559,25.06997],[89.82103,25.06966],[89.82683,25.06632],[89.82782,25.06453],[89.8276,25.06138],[89.8268,25.06014],[89.8274,25.05738],[89.82906,25.05514],[89.83223,25.05269],[89.8363,25.05166],[89.84228,25.05255],[89.84588,25.05172],[89.84728,25.05026],[89.84797,25.04818],[89.84749,25.04549],[89.84655,25.04184],[89.84555,25.04086],[89.84173,25.03677],[89.84039,25.03566],[89.83945,25.03205],[89.83843,25.02917],[89.83742,25.02574],[89.83766,25.02442],[89.8373,25.02307],[89.83752,25.02026],[89.83792,25.01751],[89.83958,25.01545],[89.84202,25.01168],[89.84367,25.01027],[89.84479,25.00797],[89.84553,25.00652],[89.84788,25.00003],[89.8484,24.99941],[89.85134,24.99604],[89.85648,24.9927],[89.86011,24.99103],[89.86448,24.98947],[89.86913,24.98866],[89.86995,24.98851],[89.87061,24.98852],[89.87304,24.98901],[89.87653,24.99023],[89.87948,24.99194],[89.88091,24.99323],[89.88205,24.9954],[89.88288,24.99876],[89.88289,25.00089],[89.88269,25.00289],[89.88249,25.00339],[89.88149,25.00528],[89.88124,25.00593],[89.88126,25.00747],[89.88174,25.00887],[89.88288,25.00973],[89.88637,25.01117],[89.88848,25.01138],[89.8916,25.01046],[89.89369,25.00908],[89.8945,25.00755],[89.89504,25.00726],[89.89621,25.00657],[89.89742,25.00604],[89.89859,25.00559],[89.90031,25.00493],[89.90119,25.00437],[89.90124,25.00426],[89.90133,25.00359],[89.90143,25.00243],[89.90134,25.00117],[89.90127,25.00017],[89.90117,24.99874],[89.90128,24.99791],[89.9012,24.99502],[89.90105,24.99467],[89.90021,24.99357],[89.90023,24.99294],[89.90037,24.99215],[89.90051,24.99148],[89.90149,24.99041],[89.90215,24.98918],[89.90569,24.98546],[89.90697,24.98389],[89.90736,24.98242],[89.90743,24.98078],[89.90727,24.97877],[89.90627,24.97546],[89.90552,24.97378],[89.90526,24.97248],[89.90532,24.97156],[89.90563,24.97084]]}},{"type":"Feature","properties":{"river":"oldBrahmaputra","osm_id":257348356},"geometry":{"type":"LineString","coordinates":[[90.68539,24.24331],[90.68514,24.24306],[90.68505,24.24276],[90.68508,24.24244],[90.68536,24.24204],[90.68553,24.24172],[90.68578,24.24128],[90.68579,24.24078],[90.68578,24.24023],[90.68584,24.23976],[90.68625,24.23911],[90.68663,24.23859],[90.6868,24.2381],[90.68691,24.23737],[90.68692,24.23658],[90.68669,24.23531],[90.68636,24.23421],[90.68524,24.23252],[90.68464,24.23179],[90.68406,24.23123],[90.6832,24.23068],[90.68247,24.23028],[90.68227,24.23001],[90.68182,24.22945],[90.68112,24.22927],[90.68012,24.2292],[90.67993,24.22899],[90.67867,24.2287],[90.67688,24.22796],[90.67562,24.22696],[90.67474,24.22537],[90.67422,24.22404],[90.67388,24.22246],[90.67395,24.22062],[90.67397,24.21819],[90.67369,24.21643],[90.67317,24.21416],[90.67319,24.21234],[90.67384,24.21136],[90.67384,24.20995],[90.67352,24.20945],[90.67302,24.20868],[90.67307,24.20776],[90.67334,24.20561],[90.6739,24.20361],[90.67508,24.20211],[90.67638,24.20107],[90.67767,24.20017],[90.67882,24.19929],[90.67949,24.19858],[90.68016,24.19803],[90.68149,24.19699],[90.68235,24.19643],[90.68355,24.19583],[90.68408,24.19572],[90.68476,24.196],[90.68516,24.19605],[90.68536,24.19596],[90.68575,24.19545],[90.68655,24.19435],[90.68753,24.19314],[90.68803,24.19251],[90.68846,24.19198],[90.68895,24.19102],[90.68958,24.1898],[90.68991,24.18882],[90.69012,24.18793],[90.69016,24.1869],[90.69003,24.1859],[90.69011,24.18548],[90.6904,24.18502],[90.69108,24.18415],[90.69136,24.18345],[90.69151,24.18264],[90.69155,24.1819],[90.6913,24.18092],[90.69084,24.17978],[90.69011,24.17886],[90.68924,24.17789],[90.68823,24.17667],[90.68757,24.17598],[90.68739,24.17526],[90.6874,24.1741],[90.6872,24.17294],[90.68714,24.17242],[90.68708,24.17149],[90.68701,24.17058],[90.68692,24.16926],[90.68649,24.16819],[90.68595,24.166],[90.6856,24.16494],[90.6853,24.16427],[90.68523,24.16297],[90.68548,24.16157],[90.686,24.16049],[90.68674,24.15893],[90.68776,24.15721],[90.68809,24.15633],[90.68817,24.15547],[90.68789,24.15441],[90.68762,24.1531],[90.68756,24.15238],[90.68685,24.15079],[90.68665,24.14952],[90.68713,24.14793],[90.68803,24.14621],[90.69011,24.14419],[90.69296,24.14235],[90.6938,24.14194],[90.69455,24.14204],[90.69537,24.14181],[90.69627,24.14021],[90.69653,24.13915],[90.69655,24.13852],[90.69656,24.13785],[90.69592,24.13564],[90.69487,24.13419],[90.69348,24.13337],[90.69163,24.13254],[90.69032,24.13198],[90.68904,24.13215],[90.68809,24.13186],[90.68715,24.13076],[90.68526,24.12804],[90.68348,24.1254],[90.68322,24.12453],[90.68326,24.12336],[90.68307,24.12285],[90.68243,24.12169],[90.68123,24.1204],[90.67992,24.11911],[90.67912,24.11874],[90.67875,24.1178],[90.67829,24.11666],[90.6778,24.11382],[90.67801,24.11273],[90.679,24.11191],[90.68097,24.11151],[90.6834,24.11114],[90.68674,24.11044],[90.68857,24.11065],[90.69016,24.1113],[90.69297,24.11304],[90.69528,24.11437],[90.69739,24.11443],[90.69936,24.11363],[90.7023,24.11163],[90.70413,24.1093],[90.70469,24.10799],[90.70494,24.10656],[90.70488,24.10529],[90.70451,24.10384],[90.70343,24.10198],[90.70277,24.10131],[90.70152,24.10068],[90.69924,24.09975],[90.69712,24.09911],[90.69694,24.09905],[90.69644,24.09894],[90.6959,24.09882],[90.69464,24.09872],[90.69434,24.09869],[90.69391,24.09859],[90.69341,24.09853],[90.69256,24.0985],[90.6919,24.09846],[90.69167,24.09842],[90.69056,24.09841],[90.69021,24.09845],[90.68974,24.09842],[90.68919,24.09843],[90.68892,24.09846],[90.68862,24.09846],[90.68815,24.09856],[90.68793,24.0986],[90.68776,24.09871],[90.68754,24.09901],[90.68716,24.09916],[90.68634,24.0992],[90.6861,24.09934],[90.68586,24.09938],[90.6852,24.09945],[90.68439,24.09949],[90.68357,24.09953],[90.68174,24.09955],[90.68084,24.09949],[90.67949,24.09961],[90.67914,24.09958],[90.67683,24.09948],[90.67637,24.0995],[90.67523,24.09926],[90.67248,24.09899],[90.6708,24.09874],[90.67033,24.09879],[90.66998,24.09881],[90.66877,24.09854],[90.66779,24.09825],[90.66721,24.09802],[90.66675,24.09785],[90.66637,24.09769],[90.66607,24.09757],[90.66569,24.09735],[90.6653,24.09711],[90.66496,24.09694],[90.66477,24.09677],[90.66452,24.09657],[90.66427,24.09633],[90.664,24.09619],[90.66384,24.09613],[90.66362,24.09613],[90.66331,24.0961],[90.66313,24.09606],[90.66299,24.09598],[90.66289,24.09583],[90.66284,24.09576],[90.66269,24.09564],[90.66264,24.09534],[90.66254,24.09521],[90.66242,24.09513],[90.66186,24.09479],[90.66167,24.09465],[90.66104,24.09433],[90.66057,24.09413],[90.66038,24.09403],[90.65976,24.09367],[90.65955,24.09348],[90.65952,24.09337],[90.65948,24.09331],[90.65938,24.09323],[90.65929,24.0932],[90.65916,24.09323],[90.65906,24.09326],[90.65889,24.09325],[90.65864,24.09323],[90.65831,24.09324],[90.6579,24.0934],[90.65762,24.09342],[90.6573,24.0934],[90.657,24.09334],[90.65644,24.09336],[90.65623,24.09334],[90.65589,24.09342],[90.65571,24.09356],[90.65559,24.09375],[90.65545,24.09384],[90.65502,24.09383],[90.65435,24.094],[90.65388,24.09412],[90.65304,24.09447],[90.65253,24.09461],[90.65156,24.09502],[90.65102,24.09551],[90.65026,24.09595],[90.64941,24.09672],[90.64853,24.09744],[90.64749,24.09898],[90.64691,24.10047],[90.64652,24.10175],[90.64649,24.10214],[90.64631,24.10256],[90.64619,24.10307],[90.64606,24.10345],[90.6457,24.10446],[90.64563,24.10475],[90.64549,24.10504],[90.64528,24.10591],[90.64499,24.10651],[90.6448,24.10708],[90.64452,24.1074],[90.6442,24.1077],[90.64369,24.10785],[90.64335,24.10775],[90.6428,24.10745],[90.64206,24.10673],[90.64144,24.10598],[90.64116,24.10524],[90.64094,24.10435],[90.64086,24.10343],[90.64069,24.10276],[90.6404,24.10179],[90.64031,24.10129],[90.63997,24.10016],[90.63992,24.09886],[90.63991,24.09798],[90.64009,24.0975],[90.64009,24.09707],[90.64009,24.09615],[90.64035,24.09522],[90.64059,24.09449],[90.64045,24.09376],[90.64046,24.09312],[90.64063,24.09261],[90.64071,24.09191],[90.64088,24.09161],[90.64118,24.09136],[90.64126,24.09115],[90.64116,24.09058],[90.64124,24.09023],[90.6415,24.08988],[90.64164,24.08959],[90.64165,24.08929],[90.64152,24.08897],[90.64111,24.08827],[90.64092,24.08808],[90.64093,24.08792],[90.64109,24.08763],[90.64148,24.08698],[90.64153,24.08665],[90.64148,24.08627],[90.64126,24.08553],[90.64115,24.08476],[90.64122,24.08377],[90.64139,24.08316],[90.64134,24.08243],[90.64128,24.08182],[90.64131,24.08163],[90.64118,24.08111],[90.64082,24.08039],[90.64075,24.07968],[90.6404,24.07913],[90.64028,24.07858],[90.64035,24.07834],[90.64034,24.07779],[90.64023,24.07749],[90.64008,24.07737],[90.6396,24.07745],[90.63934,24.07724],[90.63898,24.07757],[90.63874,24.07745],[90.63869,24.07724],[90.63881,24.07669],[90.6389,24.07613],[90.639,24.07593],[90.63927,24.0757],[90.63927,24.07554],[90.63917,24.07543],[90.63896,24.07539],[90.63859,24.07537],[90.63807,24.07518],[90.63784,24.07484],[90.63784,24.0744],[90.63769,24.07375],[90.63741,24.07337],[90.63718,24.0731],[90.63708,24.07282],[90.63702,24.07232],[90.63674,24.07206],[90.63643,24.07161],[90.63638,24.07126],[90.6364,24.07103],[90.63653,24.07073],[90.63657,24.07052],[90.63645,24.07038],[90.63618,24.07008],[90.63529,24.0689]]}},{"type":"Feature","properties":{"river":"oldBrahmaputra","osm_id":321520913},"geometry":{"type":"LineString","coordinates":[[90.63217,24.34407],[90.63195,24.34391],[90.63077,24.34384],[90.62834,24.34375],[90.62644,24.34374],[90.62425,24.34419],[90.62298,24.34432],[90.62223,24.34409],[90.62176,24.34374],[90.62144,24.343],[90.62092,24.34172],[90.62017,24.33957],[90.62002,24.33869],[90.62026,24.33819],[90.62099,24.33736],[90.62212,24.33605],[90.62266,24.33502],[90.6238,24.33316],[90.62487,24.33218],[90.62579,24.33074],[90.62775,24.32628],[90.62912,24.3234],[90.62994,24.32056],[90.63045,24.31829],[90.63071,24.31607],[90.63063,24.31409],[90.6303,24.31213],[90.62983,24.311],[90.63013,24.30999],[90.63049,24.30911],[90.63154,24.30766],[90.6324,24.30592],[90.63408,24.30322],[90.63633,24.30013],[90.63859,24.2975],[90.6391,24.29711],[90.63957,24.29672],[90.64083,24.29517],[90.64134,24.29433],[90.64182,24.29352],[90.6423,24.29222],[90.64261,24.29051],[90.64245,24.28901],[90.64228,24.2875],[90.642,24.28627],[90.64121,24.28495],[90.64053,24.28366],[90.63998,24.28243],[90.64043,24.28069],[90.64105,24.27727],[90.64163,24.27498],[90.64264,24.2726],[90.64339,24.27082]]}},{"type":"Feature","properties":{"river":"oldBrahmaputra","osm_id":337081762},"geometry":{"type":"LineString","coordinates":[[90.79784,24.24162],[90.79958,24.24279],[90.80013,24.24323],[90.80054,24.24348],[90.801,24.24376],[90.80157,24.24397],[90.80224,24.24406],[90.80342,24.24362],[90.80685,24.24238],[90.80933,24.24091],[90.81099,24.24009],[90.81176,24.23974],[90.81266,24.23972],[90.81339,24.23992],[90.81404,24.24027],[90.81524,24.24138],[90.81616,24.24248],[90.81668,24.24269],[90.81726,24.24248],[90.81831,24.24203],[90.82022,24.24129],[90.82208,24.24029],[90.82331,24.23933],[90.8241,24.23837],[90.82468,24.23706],[90.82513,24.23477],[90.8259,24.23203],[90.82642,24.23021],[90.82616,24.22888],[90.82567,24.2282],[90.82492,24.22733],[90.82382,24.22659],[90.82324,24.22608],[90.82286,24.22546],[90.82305,24.22444],[90.82387,24.2228],[90.82414,24.2225],[90.82477,24.2216],[90.82605,24.21979],[90.82646,24.21935],[90.82679,24.21917],[90.82729,24.21898],[90.82746,24.21893],[90.82753,24.21889],[90.82756,24.21886],[90.82776,24.21861],[90.82845,24.21763],[90.82878,24.21729],[90.83069,24.21612],[90.83299,24.2151],[90.83472,24.21481],[90.8367,24.21485],[90.83794,24.2152],[90.8397,24.21608],[90.8406,24.2162],[90.84193,24.21593],[90.84307,24.21512],[90.84356,24.21405],[90.84386,24.21287],[90.84386,24.21209],[90.84356,24.21131],[90.84294,24.21013],[90.84326,24.209],[90.84415,24.2063],[90.84443,24.20499],[90.84402,24.20387],[90.84205,24.20101],[90.83945,24.19857],[90.8364,24.19669],[90.83496,24.19585],[90.83428,24.19506],[90.8328,24.19367],[90.8319,24.19115],[90.82939,24.18815],[90.82866,24.18753],[90.827,24.1869],[90.82561,24.18559],[90.82535,24.18504],[90.82411,24.18099],[90.82284,24.17745],[90.82218,24.1748],[90.82138,24.1713],[90.82127,24.17052],[90.82138,24.16946],[90.8222,24.16654],[90.82329,24.16359],[90.82445,24.16179],[90.82791,24.15783],[90.82872,24.15697],[90.83241,24.15515],[90.83466,24.15401],[90.83619,24.15329],[90.83754,24.15254],[90.84061,24.14959],[90.84383,24.14667],[90.84567,24.14469],[90.84728,24.14377],[90.85059,24.14328],[90.85353,24.14326],[90.85775,24.14369],[90.86009,24.14409],[90.8626,24.14497],[90.86357,24.14514],[90.86382,24.14519],[90.86477,24.14536],[90.86672,24.1452],[90.86887,24.14432],[90.87056,24.14313],[90.8714,24.14228],[90.87226,24.14103],[90.8726,24.14009],[90.87249,24.1387],[90.87213,24.13645],[90.87099,24.13267],[90.86928,24.12946],[90.86694,24.12725],[90.8638,24.12548],[90.86026,24.12417],[90.85698,24.12331],[90.8522,24.12219],[90.84977,24.12135],[90.84938,24.12117],[90.84844,24.12074],[90.84739,24.11984],[90.8464,24.11863],[90.84556,24.11704],[90.84529,24.11606],[90.84518,24.11524],[90.84518,24.1145],[90.84552,24.11363],[90.84629,24.11268]]}},{"type":"Feature","properties":{"river":"oldBrahmaputra","osm_id":562551830},"geometry":{"type":"LineString","coordinates":[[90.64243,24.38064],[90.64429,24.38103],[90.64487,24.38116],[90.64506,24.3812],[90.64559,24.38129],[90.64742,24.38207],[90.64877,24.38334],[90.65027,24.38614],[90.65073,24.38723],[90.65082,24.38856],[90.65019,24.39063],[90.64927,24.392],[90.64753,24.39346],[90.64573,24.39422],[90.64464,24.39473],[90.64368,24.39548],[90.64314,24.39682],[90.64288,24.39823],[90.64324,24.39903],[90.64412,24.40106],[90.64551,24.40139],[90.64595,24.40158],[90.64874,24.40146],[90.65094,24.40235],[90.65239,24.40409],[90.65263,24.40485],[90.65259,24.40654],[90.6527,24.40871],[90.65228,24.41029],[90.652,24.41062],[90.65162,24.41126],[90.65152,24.41233],[90.65141,24.41256],[90.65127,24.41279],[90.65116,24.41301],[90.65113,24.41314],[90.65113,24.41322],[90.65107,24.41346],[90.65106,24.41373],[90.65123,24.41415],[90.65124,24.41441],[90.65122,24.41459],[90.65125,24.41493],[90.65126,24.41514],[90.65125,24.41557],[90.65123,24.4159],[90.65124,24.41612],[90.65123,24.41626],[90.65129,24.41654],[90.65133,24.41728],[90.65129,24.41778],[90.65127,24.41812],[90.65126,24.41873],[90.6513,24.41939],[90.65131,24.4195],[90.65132,24.41952],[90.65137,24.41995],[90.65139,24.42028],[90.65136,24.42084],[90.65128,24.42123],[90.65099,24.42174],[90.65087,24.42269],[90.65093,24.42355],[90.6509,24.42442],[90.65071,24.42514],[90.65051,24.42582],[90.65032,24.42652],[90.65012,24.42705],[90.64965,24.42799],[90.64942,24.42849],[90.6492,24.4289],[90.64912,24.42941],[90.64935,24.43002],[90.64993,24.43035],[90.65,24.43055],[90.65003,24.43075],[90.65002,24.43096],[90.64995,24.43117],[90.64959,24.43209],[90.64916,24.43355],[90.64883,24.43491],[90.64833,24.43562],[90.64717,24.43657],[90.64587,24.43721],[90.64466,24.43802],[90.64373,24.43874],[90.6427,24.4394],[90.64188,24.44001],[90.64146,24.44049],[90.64112,24.44089],[90.64099,24.44116],[90.64063,24.44177],[90.64021,24.4425],[90.63985,24.44303],[90.63965,24.44332]]}},{"type":"Feature","properties":{"river":"oldBrahmaputra","osm_id":607637590},"geometry":{"type":"LineString","coordinates":[[90.85688,24.10515],[90.85809,24.10511],[90.85899,24.10509],[90.86286,24.10466],[90.86668,24.10441],[90.86759,24.10432],[90.86852,24.10407],[90.87033,24.10389],[90.87167,24.10371],[90.87245,24.10355],[90.87407,24.10307],[90.87562,24.10262],[90.87881,24.10159],[90.88129,24.10068],[90.88278,24.1001],[90.88465,24.09922],[90.88583,24.09864],[90.88643,24.09829],[90.88726,24.09785],[90.88768,24.09766],[90.88817,24.09747],[90.88879,24.09733],[90.88945,24.09713],[90.89029,24.09675],[90.89131,24.09617],[90.8924,24.09542],[90.89329,24.09487],[90.89428,24.09444],[90.89579,24.09352],[90.89703,24.09249],[90.8976,24.09181],[90.89825,24.09096],[90.90026,24.08886],[90.90133,24.08761],[90.90226,24.08655],[90.90387,24.08502],[90.90576,24.08287],[90.90666,24.08209],[90.90813,24.08092],[90.90912,24.08021],[90.91097,24.07927],[90.91253,24.07869],[90.91381,24.07823],[90.91543,24.07785],[90.91702,24.0776],[90.92047,24.07739],[90.92216,24.07766],[90.92394,24.07799],[90.92531,24.07848],[90.92763,24.0795],[90.92969,24.08046],[90.933,24.08255],[90.93495,24.08377],[90.93647,24.08445],[90.93762,24.08505],[90.9394,24.08574],[90.94105,24.08613],[90.94252,24.0863],[90.94346,24.08622],[90.94417,24.08602],[90.94508,24.08557],[90.94603,24.08498],[90.94758,24.08311],[90.94996,24.07931],[90.95074,24.07629],[90.95159,24.07239],[90.95199,24.07031],[90.95246,24.06953],[90.95366,24.06854],[90.95604,24.06785],[90.96004,24.06666],[90.9624,24.06594],[90.96375,24.06542],[90.96414,24.06512],[90.96445,24.06459],[90.96502,24.06281],[90.96517,24.06094],[90.96506,24.05927],[90.96465,24.05785],[90.96362,24.05552],[90.96224,24.05354],[90.95944,24.04848],[90.95886,24.04672],[90.95843,24.04437],[90.95828,24.04294],[90.9586,24.04059],[90.95896,24.0397],[90.95952,24.03849],[90.9613,24.03731],[90.96278,24.03654],[90.96422,24.03624],[90.96678,24.03559],[90.9683,24.03557],[90.97079,24.03563],[90.97321,24.03594],[90.97692,24.03676],[90.98062,24.03729],[90.98272,24.03735],[90.98452,24.03674],[90.98619,24.036]]}},{"type":"Feature","properties":{"river":"oldBrahmaputra","osm_id":622181033},"geometry":{"type":"LineString","coordinates":[[90.28866,24.81559],[90.28938,24.81518],[90.28996,24.81482],[90.29274,24.81355],[90.29834,24.81216],[90.30061,24.81125],[90.30419,24.81128],[90.30811,24.81036],[90.311,24.80993],[90.31381,24.80877],[90.31779,24.80629],[90.3194,24.80551],[90.32198,24.80508],[90.32566,24.80458],[90.32789,24.80396],[90.32873,24.80343],[90.32963,24.80214],[90.32994,24.80047],[90.32997,24.79792],[90.3307,24.79698],[90.33115,24.7964],[90.33502,24.79409],[90.33948,24.79245],[90.34433,24.79063],[90.34692,24.78943],[90.35168,24.78635],[90.3547,24.78446],[90.35628,24.7837],[90.36036,24.78235],[90.36365,24.78143],[90.3658,24.78097],[90.36975,24.78009],[90.37939,24.77797],[90.38559,24.77652],[90.39078,24.77387],[90.39431,24.77244],[90.39851,24.77064],[90.4029,24.76862],[90.40578,24.76699],[90.4077,24.76554],[90.41193,24.76232],[90.41568,24.75962],[90.41909,24.75544],[90.42052,24.75359],[90.42362,24.74971],[90.42515,24.74759],[90.42714,24.74501],[90.42691,24.74396],[90.42734,24.74146],[90.42854,24.73925],[90.42973,24.73728],[90.43058,24.7365],[90.43223,24.73478],[90.43376,24.73329],[90.4353,24.73175],[90.4376,24.72951],[90.43948,24.72796],[90.44096,24.72676],[90.44466,24.72375],[90.44938,24.71983],[90.45014,24.71922],[90.45284,24.71835],[90.45756,24.71759],[90.46044,24.7166],[90.46279,24.71526],[90.46477,24.71268],[90.46547,24.71126],[90.46567,24.71085],[90.46636,24.70709],[90.46647,24.70346],[90.46662,24.70118],[90.46827,24.69785],[90.47007,24.69591],[90.47348,24.69272],[90.47518,24.69146],[90.47788,24.68995],[90.47863,24.68694],[90.47881,24.6841],[90.4782,24.68122],[90.47654,24.67901],[90.47425,24.67666],[90.47012,24.6743],[90.46839,24.67327],[90.46659,24.67227],[90.46369,24.67036],[90.46094,24.66842],[90.45963,24.66626],[90.45858,24.66251],[90.45797,24.65932],[90.45739,24.65593],[90.45736,24.65271],[90.45787,24.65074],[90.4591,24.64754],[90.46032,24.64553],[90.46172,24.64398],[90.46361,24.64295],[90.46495,24.64267],[90.46794,24.64289],[90.46965,24.64347],[90.4707,24.64356],[90.47191,24.6437],[90.47325,24.64341],[90.4743,24.64261],[90.47477,24.64069],[90.47481,24.63956],[90.47459,24.63877],[90.47367,24.63748],[90.47216,24.63557],[90.47096,24.63447],[90.46992,24.63321],[90.46966,24.63241],[90.46973,24.63093],[90.4711,24.62812],[90.47289,24.62627],[90.47489,24.62486],[90.47656,24.6245],[90.4896,24.6254],[90.49587,24.62532],[90.50216,24.62447],[90.50663,24.62372],[90.50898,24.62316],[90.51021,24.62257],[90.51078,24.62228],[90.51187,24.62153],[90.51346,24.62048],[90.51521,24.61814],[90.51567,24.61624],[90.51577,24.61442],[90.51453,24.61207],[90.51475,24.6101],[90.51553,24.60832],[90.51743,24.60482],[90.51907,24.60124],[90.52016,24.59862],[90.52075,24.59526],[90.51933,24.58655],[90.51896,24.5854],[90.51867,24.5843],[90.51814,24.58265],[90.51776,24.58071],[90.51759,24.57863],[90.51738,24.57701],[90.51669,24.57611],[90.5164,24.57495],[90.51614,24.57392],[90.51588,24.573],[90.51527,24.57026],[90.51521,24.56438],[90.51624,24.5508],[90.51636,24.54819],[90.51681,24.54567],[90.51761,24.54328],[90.51862,24.54094],[90.51929,24.53925],[90.51984,24.53752],[90.51997,24.53379],[90.51993,24.53317],[90.51991,24.53285],[90.51972,24.53191],[90.51946,24.53099],[90.51893,24.5301],[90.51696,24.52794],[90.51504,24.52585],[90.51503,24.523],[90.51619,24.51861],[90.51916,24.50988],[90.52502,24.5009],[90.531,24.49207],[90.53317,24.48908],[90.53571,24.48622],[90.5369,24.48527],[90.53824,24.48446],[90.54038,24.48353],[90.54212,24.4823],[90.54431,24.48136],[90.54519,24.48083],[90.54567,24.4801],[90.54606,24.47978],[90.5463,24.47959],[90.54669,24.47907],[90.54693,24.4778],[90.54715,24.4754],[90.54778,24.47303],[90.54906,24.46821],[90.54945,24.46752],[90.55046,24.46708],[90.55291,24.4666],[90.55447,24.46589],[90.55764,24.46447],[90.55924,24.46296],[90.56011,24.46232],[90.56111,24.4612],[90.5616,24.46074],[90.56169,24.46039],[90.56267,24.456],[90.56251,24.45209],[90.56263,24.44831],[90.56352,24.44689],[90.56837,24.44223],[90.57415,24.43779],[90.57718,24.43582],[90.58191,24.43431],[90.58625,24.43367],[90.59431,24.43294],[90.59931,24.43325],[90.60548,24.43434],[90.60945,24.43504],[90.61165,24.43721],[90.61725,24.43998],[90.62338,24.44051],[90.62819,24.43975],[90.63053,24.43896],[90.63246,24.43773],[90.6339,24.43615],[90.63505,24.43436],[90.63538,24.43308],[90.635,24.42906],[90.63314,24.42113],[90.63373,24.4153],[90.6355,24.4096],[90.63604,24.40324],[90.63648,24.3993],[90.63707,24.39639],[90.63647,24.39467],[90.63495,24.39174],[90.63457,24.39101],[90.63269,24.38744],[90.63161,24.38477],[90.63276,24.38221],[90.63383,24.37714],[90.63352,24.37193],[90.63276,24.36948],[90.63271,24.36443],[90.63311,24.35953],[90.63356,24.35464],[90.63405,24.35085],[90.63358,24.34778],[90.63236,24.34462],[90.63217,24.34407]]}},{"type":"Feature","properties":{"river":"oldBrahmaputra","osm_id":756867297},"geometry":{"type":"LineString","coordinates":[[90.84629,24.11268],[90.84632,24.11264],[90.84629,24.11236],[90.84619,24.11188]]}},{"type":"Feature","properties":{"river":"oldBrahmaputra","osm_id":928996321},"geometry":{"type":"LineString","coordinates":[[90.63217,24.34407],[90.63215,24.3436],[90.63221,24.34312],[90.63229,24.34196],[90.63272,24.341],[90.63324,24.34014],[90.63388,24.33936],[90.63658,24.33588],[90.63738,24.33339],[90.63864,24.32862],[90.63905,24.32588],[90.63873,24.32316],[90.63842,24.32103],[90.63822,24.32026],[90.63726,24.31621],[90.63736,24.31301],[90.6378,24.31155],[90.63859,24.31019],[90.64078,24.30833],[90.64266,24.30701],[90.64344,24.30605],[90.64383,24.30503],[90.64511,24.30099],[90.64537,24.29801],[90.64507,24.29464],[90.64531,24.29133],[90.64576,24.28971],[90.64636,24.28806],[90.64781,24.2851],[90.64793,24.28308],[90.64767,24.28106],[90.64725,24.27929],[90.64566,24.27572],[90.64374,24.27212],[90.64339,24.27082]]}},{"type":"Feature","properties":{"river":"oldBrahmaputra","osm_id":929230691},"geometry":{"type":"LineString","coordinates":[[89.72376,25.25999],[89.72525,25.26106],[89.72768,25.26228],[89.72953,25.26296],[89.73195,25.26385],[89.73405,25.26486],[89.73495,25.26501],[89.73568,25.26472],[89.73654,25.2642],[89.73644,25.26337],[89.73639,25.26127],[89.73579,25.2583],[89.73571,25.25578],[89.73555,25.25481],[89.73504,25.2517],[89.73506,25.24848],[89.73714,25.24501],[89.73886,25.24405],[89.74177,25.24275],[89.74804,25.24039],[89.74955,25.23708],[89.74934,25.23105],[89.75197,25.22187]]}},{"type":"Feature","properties":{"river":"oldBrahmaputra","osm_id":1262235705},"geometry":{"type":"LineString","coordinates":[[89.66997,25.28243],[89.67554,25.27677],[89.67767,25.27461],[89.67973,25.27213],[89.68384,25.26911],[89.68725,25.26715],[89.68797,25.26661],[89.68891,25.26607],[89.68956,25.26556],[89.68987,25.2648],[89.69001,25.2641],[89.69017,25.26296],[89.69059,25.2619],[89.6929,25.26106],[89.69618,25.26063],[89.69806,25.2608],[89.70088,25.26106],[89.71223,25.25523],[89.71266,25.25511],[89.71526,25.25511],[89.71764,25.25556],[89.71993,25.25636],[89.72181,25.25761],[89.72326,25.25964],[89.72367,25.25993]]}},{"type":"Feature","properties":{"river":"oldBrahmaputra","osm_id":1262235706},"geometry":{"type":"LineString","coordinates":[[89.72367,25.25993],[89.72376,25.25999]]}},{"type":"Feature","properties":{"river":"brahmaputra","osm_id":657218553},"geometry":{"type":"LineString","coordinates":[[90.6051,23.71268],[90.60425,23.71095],[90.60332,23.70943],[90.6022,23.70783],[90.60163,23.70726],[90.60099,23.70652],[90.59991,23.70582],[90.59866,23.70505],[90.5974,23.70422],[90.59661,23.7039],[90.59571,23.70375],[90.59433,23.70369],[90.5928,23.70383],[90.59157,23.70412],[90.59044,23.70453],[90.58986,23.7048],[90.58918,23.70521],[90.58881,23.7063],[90.58939,23.70771],[90.58974,23.70916],[90.59019,23.71048],[90.59122,23.71151],[90.5923,23.71204],[90.59335,23.71232],[90.59452,23.71301],[90.59552,23.71419],[90.5959,23.71513],[90.59624,23.71669],[90.59612,23.71784],[90.59533,23.71901],[90.59517,23.71907],[90.59491,23.71924],[90.59462,23.71933],[90.59438,23.71944],[90.59421,23.71955],[90.59384,23.71964],[90.59354,23.71973],[90.59324,23.71976],[90.59314,23.71977],[90.59302,23.71974],[90.59281,23.71965],[90.59262,23.71955],[90.59247,23.71946],[90.59221,23.71926],[90.59201,23.71909],[90.59166,23.71874],[90.59105,23.71805],[90.58954,23.71629],[90.5881,23.71408],[90.58692,23.71135],[90.58638,23.70904],[90.5858,23.70646],[90.58559,23.70406],[90.58553,23.70177],[90.5859,23.69941],[90.58634,23.69773],[90.58622,23.696],[90.58577,23.69431],[90.58543,23.69339],[90.58517,23.69281],[90.58435,23.69138],[90.58265,23.69019],[90.58109,23.68928],[90.57994,23.68804],[90.57947,23.68563],[90.57937,23.68519],[90.57931,23.68488],[90.57927,23.68419],[90.57928,23.68407],[90.57933,23.68353],[90.57951,23.68269],[90.57974,23.68152],[90.57961,23.68078],[90.57938,23.67995],[90.57824,23.67798],[90.57697,23.67658],[90.576,23.67554],[90.57582,23.67527],[90.57575,23.6751],[90.57567,23.67482],[90.5744,23.67035],[90.57355,23.66749],[90.57261,23.66573],[90.57173,23.66361],[90.57164,23.66217],[90.57137,23.65999],[90.57078,23.65919]]}},{"type":"Feature","properties":{"river":"brahmaputra","osm_id":657595519},"geometry":{"type":"LineString","coordinates":[[90.57575,23.6751],[90.5756,23.67509],[90.57544,23.67518],[90.57537,23.67528],[90.57531,23.6754],[90.57521,23.67561],[90.57513,23.67578],[90.57514,23.67602],[90.57526,23.67642],[90.57549,23.67696],[90.5758,23.67756],[90.57603,23.67813],[90.57621,23.67854],[90.57641,23.67901],[90.57665,23.6795],[90.57686,23.67997],[90.57715,23.68049],[90.57736,23.68085],[90.57761,23.68131],[90.57788,23.6818],[90.57819,23.68233],[90.57864,23.68308],[90.57889,23.68348],[90.579,23.6836],[90.5792,23.6839],[90.57928,23.68407]]}},{"type":"Feature","properties":{"river":"brahmaputraAssam","osm_id":157701252},"geometry":{"type":"LineString","coordinates":[[94.80612,27.49563],[94.8048,27.49485],[94.80354,27.49379],[94.80257,27.49209],[94.80208,27.49036],[94.8021,27.4885],[94.80225,27.48667],[94.80261,27.48427],[94.80291,27.4821],[94.80263,27.48042],[94.80169,27.4798],[94.80049,27.47953],[94.79886,27.47945],[94.79617,27.47937],[94.79439,27.47974],[94.79264,27.48004],[94.79111,27.47957],[94.78987,27.47856],[94.78903,27.47715],[94.78783,27.47492],[94.7865,27.47277],[94.78575,27.47062],[94.78566,27.46875],[94.78585,27.46721],[94.78648,27.46584],[94.78787,27.46529],[94.78957,27.46453],[94.79158,27.4627],[94.79294,27.46076],[94.79358,27.4588],[94.79342,27.45681],[94.79281,27.4555],[94.79073,27.45417],[94.78867,27.45307],[94.78603,27.45103],[94.78437,27.4488],[94.78283,27.44653],[94.78161,27.44482],[94.78,27.44174],[94.77935,27.43947],[94.77858,27.43802],[94.77731,27.43737],[94.77607,27.43762],[94.77504,27.43835],[94.77354,27.43947],[94.77208,27.44029],[94.77056,27.44],[94.76929,27.43928],[94.76852,27.43806],[94.76753,27.43614],[94.76686,27.43469],[94.76593,27.43262],[94.76575,27.43132],[94.76575,27.4296],[94.76622,27.42751],[94.76656,27.42549],[94.76759,27.4232],[94.76764,27.42107],[94.76678,27.41844],[94.76562,27.41543],[94.76476,27.41334],[94.76365,27.41094],[94.76184,27.40858],[94.75944,27.40694],[94.75682,27.4056],[94.75326,27.40503],[94.74927,27.40465],[94.74335,27.40419],[94.73923,27.40362],[94.73545,27.40233],[94.73202,27.40065],[94.72841,27.3973],[94.72627,27.39364],[94.72249,27.37947],[94.71768,27.37146],[94.71313,27.36765],[94.70103,27.36148],[94.69949,27.35972],[94.69872,27.35622],[94.69811,27.33479],[94.69734,27.33281],[94.69468,27.33068],[94.68773,27.32786],[94.68266,27.32351],[94.68052,27.31909],[94.67889,27.31276],[94.67772,27.30175],[94.67657,27.29377],[94.6746,27.29003],[94.67194,27.28858],[94.66704,27.28843],[94.66207,27.29018],[94.6582,27.29064],[94.64104,27.29018],[94.6358,27.28957],[94.63237,27.28782],[94.63065,27.28499],[94.62851,27.27431],[94.62619,27.26951],[94.62378,27.26714],[94.61357,27.26264],[94.60653,27.25814],[94.60194,27.25402],[94.60057,27.25139],[94.59928,27.24772],[94.59649,27.23296],[94.59538,27.2309],[94.59387,27.23006],[94.59177,27.22987],[94.58469,27.22918],[94.58319,27.22819],[94.58254,27.22651],[94.58276,27.22334],[94.58336,27.21647],[94.58327,27.21258],[94.58338,27.20812],[94.58333,27.20508],[94.58362,27.20101],[94.58435,27.19823],[94.58842,27.18771],[94.58789,27.18519],[94.58769,27.18363],[94.5877,27.18183],[94.58843,27.17717],[94.59284,27.16792],[94.59439,27.16429],[94.59452,27.16177],[94.59349,27.15784],[94.59113,27.15417],[94.58619,27.14917],[94.5825,27.14753],[94.57928,27.14692],[94.57169,27.14833],[94.56585,27.14883],[94.56061,27.14787],[94.55641,27.14615],[94.54765,27.14103],[94.53306,27.13286],[94.5304,27.13019],[94.52877,27.12591],[94.52654,27.11713],[94.52491,27.11346],[94.52062,27.11071],[94.51598,27.10887],[94.51435,27.10704],[94.51284,27.10223],[94.51259,27.10024],[94.5126,27.09876],[94.51285,27.09746],[94.51299,27.0965],[94.5129,27.09515],[94.51252,27.09383],[94.51222,27.09286],[94.51194,27.0918],[94.51172,27.0905],[94.51166,27.08896],[94.51171,27.08749],[94.51163,27.08592],[94.51129,27.0846],[94.51054,27.0832],[94.50967,27.08187],[94.50917,27.08105],[94.50883,27.08024],[94.50864,27.07926],[94.50863,27.0782],[94.50862,27.07702],[94.50842,27.07593],[94.50814,27.07499],[94.50801,27.07436],[94.50806,27.0737],[94.50845,27.07284],[94.50897,27.07169],[94.50965,27.07024],[94.5104,27.06881],[94.51084,27.0679],[94.51113,27.067],[94.51131,27.06635],[94.51136,27.06541],[94.51126,27.06427],[94.51113,27.06321],[94.51081,27.0618],[94.51046,27.06072],[94.51002,27.05965],[94.50939,27.05857],[94.50856,27.05716],[94.50747,27.05565],[94.50649,27.0545],[94.50579,27.05371],[94.50494,27.05274],[94.50383,27.05167],[94.50242,27.05038],[94.50113,27.04916],[94.49997,27.048],[94.49914,27.04704],[94.49792,27.04622],[94.49699,27.0458],[94.49584,27.04521],[94.49456,27.04464],[94.49319,27.04419],[94.49212,27.04395],[94.49079,27.04374],[94.48944,27.0438],[94.48822,27.04399],[94.48669,27.04412],[94.48555,27.04422],[94.48427,27.04414],[94.48324,27.0437],[94.48244,27.04279],[94.48193,27.04179],[94.48116,27.04059],[94.48034,27.03935],[94.47903,27.03749],[94.478,27.03589],[94.47792,27.03484],[94.47682,27.03346],[94.47579,27.03243],[94.47476,27.03153],[94.47397,27.03055],[94.47375,27.02966],[94.47352,27.02891],[94.47322,27.0286],[94.47251,27.0282],[94.47186,27.02817],[94.47088,27.02776],[94.46944,27.02715],[94.46783,27.02664],[94.46571,27.02599],[94.46429,27.02528],[94.46337,27.02417],[94.46275,27.02302],[94.46262,27.02197],[94.4626,27.02102],[94.46324,27.02046],[94.46393,27.02033],[94.46485,27.02054],[94.46596,27.02098],[94.46663,27.02077],[94.46699,27.02004],[94.46698,27.01937],[94.4669,27.01863],[94.46646,27.01762],[94.46599,27.01702],[94.46533,27.01648],[94.46449,27.01559],[94.46365,27.01469],[94.46272,27.01363],[94.46173,27.01243],[94.46117,27.01183],[94.46055,27.01112],[94.45957,27.00982],[94.45898,27.00884],[94.45845,27.00763],[94.4579,27.00619],[94.45746,27.00513],[94.4569,27.00426],[94.45611,27.00343],[94.45518,27.00268],[94.45422,27.00194],[94.45316,27.00118],[94.45254,27.00033],[94.4518,26.99948],[94.45078,26.99861],[94.44966,26.9976],[94.44864,26.99657],[94.4476,26.99566],[94.44666,26.99482],[94.44575,26.99402],[94.44472,26.99318],[94.44363,26.99218],[94.44253,26.99114],[94.44137,26.98993],[94.44027,26.98881],[94.43929,26.98778],[94.43828,26.98623],[94.43759,26.98492],[94.43685,26.98352],[94.43621,26.9822],[94.43564,26.98109],[94.43518,26.98037],[94.43437,26.97959],[94.43333,26.97874],[94.43247,26.97805],[94.43097,26.97694],[94.42985,26.97604],[94.42887,26.97534],[94.42775,26.9745],[94.42676,26.97374],[94.42586,26.97314],[94.42431,26.97234],[94.42328,26.97181],[94.42173,26.97129],[94.42059,26.97098],[94.41934,26.97071],[94.4181,26.97052],[94.41656,26.97033],[94.41507,26.97022],[94.41354,26.97025],[94.41195,26.97009],[94.41053,26.97],[94.40924,26.96993],[94.40792,26.96996],[94.40668,26.97011],[94.40564,26.97046],[94.4047,26.97089],[94.40384,26.97141],[94.4029,26.97203],[94.40178,26.97267],[94.40068,26.97324],[94.39931,26.9736],[94.39798,26.97368],[94.39661,26.97368],[94.39539,26.97366],[94.39402,26.97362],[94.39283,26.97361],[94.39153,26.97374],[94.39024,26.97395],[94.38903,26.97432],[94.38739,26.97474],[94.37702,26.97693],[94.36938,26.97685],[94.3608,26.97425],[94.34526,26.964],[94.33505,26.95727],[94.32926,26.95371],[94.32673,26.95191],[94.32398,26.94985],[94.32222,26.94755],[94.32024,26.94426],[94.31853,26.94128],[94.31685,26.9381],[94.31454,26.93401],[94.31252,26.93068],[94.31025,26.9267],[94.30535,26.91912],[94.30086,26.91226],[94.29857,26.91004],[94.2943,26.90581],[94.29104,26.90263],[94.28752,26.89974],[94.28559,26.89848],[94.28387,26.89752],[94.28201,26.89683],[94.28038,26.89666],[94.27862,26.89614],[94.27718,26.89551],[94.27598,26.89415],[94.27495,26.89189],[94.27385,26.88893],[94.27254,26.88569],[94.271,26.88246],[94.2696,26.88014],[94.26733,26.87712],[94.26521,26.87421],[94.26366,26.87237],[94.2619,26.87078],[94.25946,26.86895],[94.25712,26.86776],[94.25443,26.86655],[94.25248,26.86588],[94.25027,26.86533],[94.24513,26.86432],[94.23944,26.86405],[94.2318,26.8632],[94.22364,26.86152],[94.22141,26.86114],[94.21875,26.8616],[94.21566,26.86382],[94.20854,26.87109],[94.20579,26.8727],[94.20021,26.87408],[94.18699,26.87561],[94.17343,26.87599],[94.1639,26.87538],[94.16189,26.87507],[94.15942,26.87446],[94.15515,26.87335],[94.15279,26.87277],[94.15112,26.87151],[94.14807,26.86738],[94.1467,26.86596],[94.14494,26.8655],[94.14094,26.86577],[94.13824,26.86577],[94.13519,26.86519],[94.13245,26.86439],[94.13069,26.86336],[94.12584,26.85857],[94.12391,26.85746],[94.12193,26.85712],[94.11992,26.85773],[94.11279,26.86248],[94.11013,26.86516],[94.10721,26.86657],[94.10554,26.8668],[94.10369,26.86646],[94.10065,26.865],[94.09842,26.8642],[94.09258,26.86382],[94.09043,26.86412],[94.08885,26.86508],[94.08434,26.87186],[94.08211,26.87477],[94.08048,26.87568],[94.07782,26.87576],[94.06889,26.87423],[94.0652,26.87385],[94.0567,26.87492],[94.03576,26.87806],[94.03284,26.87798],[94.03018,26.87729],[94.02615,26.87484],[94.02331,26.8727],[94.01894,26.86761],[94.01731,26.86481],[94.01499,26.86248],[94.0055,26.85872],[94.00327,26.85869],[94.0022,26.85934],[94.00173,26.86045],[94.00031,26.86585],[93.99928,26.86864],[93.99817,26.87021],[93.99714,26.87107],[93.99623,26.87145],[93.99559,26.87143],[93.99467,26.87111],[93.99374,26.87034],[93.98696,26.86259],[93.98284,26.85884],[93.981,26.85804],[93.97956,26.85786],[93.9781,26.85796],[93.97659,26.85837],[93.97533,26.85939],[93.97456,26.86045],[93.97202,26.86429],[93.97133,26.86521],[93.97006,26.86596],[93.96852,26.86636],[93.96665,26.86637],[93.96535,26.86621],[93.96337,26.86569],[93.96175,26.86521],[93.95992,26.86481],[93.95811,26.86449],[93.95615,26.86408],[93.95417,26.86373],[93.95232,26.86354],[93.95036,26.86334],[93.94874,26.86321],[93.94758,26.86322],[93.9465,26.86342],[93.94505,26.86414],[93.94406,26.86466],[93.94287,26.86529],[93.94179,26.86586],[93.94035,26.86617],[93.93894,26.86605],[93.9379,26.86571],[93.93697,26.86514],[93.93626,26.86452],[93.93522,26.86318],[93.93431,26.86208],[93.93335,26.86095],[93.93195,26.85984],[93.93056,26.85897],[93.92934,26.85833],[93.9279,26.85801],[93.927,26.85766],[93.92562,26.85713],[93.92369,26.85657],[93.92178,26.85641],[93.91969,26.85652],[93.91782,26.85682],[93.91575,26.85752],[93.91421,26.85828],[93.91294,26.85882],[93.91133,26.85934],[93.90965,26.85978],[93.90846,26.85965],[93.90781,26.85909],[93.90715,26.85791],[93.90655,26.85665],[93.90622,26.85573],[93.90487,26.85471],[93.90288,26.854],[93.90124,26.85352],[93.89949,26.85347],[93.8976,26.85378],[93.89607,26.85417],[93.89344,26.8546],[93.89149,26.8545],[93.89007,26.85404],[93.88893,26.8534],[93.88807,26.85285],[93.88714,26.85217],[93.88626,26.85147],[93.88528,26.85112],[93.88443,26.85097],[93.88299,26.85094],[93.88136,26.85071],[93.88015,26.85043],[93.87902,26.84989],[93.87799,26.84931],[93.87703,26.8487],[93.87615,26.84814],[93.87507,26.84736],[93.87421,26.84683],[93.87332,26.8463],[93.87211,26.8458],[93.87094,26.84556],[93.8697,26.84537],[93.8685,26.84536],[93.86654,26.84546],[93.86493,26.84559],[93.86385,26.84574],[93.86243,26.84587],[93.86127,26.84611],[93.85987,26.84633],[93.85854,26.84654],[93.8569,26.84652],[93.8553,26.84627],[93.85387,26.84584],[93.85261,26.84527],[93.85104,26.84457],[93.84953,26.84405],[93.84844,26.84366],[93.84721,26.84318],[93.84585,26.84265],[93.84431,26.84266],[93.84295,26.84217],[93.84219,26.84225],[93.84099,26.84195],[93.83984,26.84137],[93.83822,26.84052],[93.8367,26.8397],[93.83537,26.83887],[93.83324,26.83839],[93.8312,26.8373],[93.83011,26.83573],[93.82927,26.83449],[93.82852,26.83319],[93.82708,26.83227],[93.82539,26.83146],[93.82465,26.82976],[93.82359,26.82801],[93.82033,26.82638]]}},{"type":"Feature","properties":{"river":"brahmaputraAssam","osm_id":169984534},"geometry":{"type":"LineString","coordinates":[[95.26503,27.6822],[95.26215,27.67787],[95.25919,27.67224],[95.25649,27.66715],[95.25473,27.66209],[95.2531,27.65848],[95.25069,27.65654],[95.24868,27.65559],[95.24529,27.65506],[95.24172,27.65521],[95.23722,27.65578],[95.23224,27.65765],[95.22962,27.65977],[95.2261,27.66426],[95.22451,27.66605],[95.22168,27.66726],[95.21928,27.66719],[95.21666,27.66677],[95.2143,27.66629],[95.21209,27.66568],[95.20952,27.66487],[95.20704,27.66387],[95.20481,27.66294],[95.20256,27.662],[95.19902,27.66046],[95.19503,27.6581],[95.19014,27.65514],[95.1843,27.65134],[95.18126,27.64872],[95.18001,27.64785],[95.17868,27.64712],[95.17576,27.64561],[95.1734,27.64415],[95.17188,27.64314],[95.17078,27.64217],[95.16945,27.64075],[95.16808,27.63883],[95.16675,27.63742],[95.16538,27.63628],[95.16357,27.63524],[95.16246,27.63516],[95.16143,27.63531],[95.15997,27.63529],[95.159,27.63484],[95.15851,27.63406],[95.15791,27.63305],[95.15666,27.63185],[95.15579,27.63088],[95.15533,27.62994],[95.15491,27.62854],[95.15469,27.62742],[95.15424,27.62638],[95.15325,27.62571],[95.15205,27.62524],[95.15061,27.62508],[95.14802,27.62539],[95.14581,27.62567],[95.14422,27.62613],[95.1428,27.62683],[95.14134,27.62837],[95.13997,27.6298],[95.1387,27.63122],[95.13731,27.63208],[95.13622,27.63214],[95.13463,27.63157],[95.1334,27.63075],[95.13244,27.62963],[95.13139,27.62774],[95.13083,27.62605],[95.1307,27.6247],[95.13044,27.62354],[95.12991,27.62248],[95.12905,27.62105],[95.12843,27.61968],[95.12819,27.61786],[95.12785,27.61672],[95.12748,27.61544],[95.12703,27.61468],[95.12585,27.61406],[95.12429,27.61345],[95.12242,27.61288],[95.12089,27.61208],[95.11961,27.61088],[95.11851,27.60947],[95.11785,27.60805],[95.11785,27.60694],[95.11787,27.60605],[95.11787,27.60489],[95.11744,27.60371],[95.11703,27.60267],[95.1166,27.60128],[95.11598,27.59991],[95.11514,27.59831],[95.11489,27.59679],[95.11437,27.59536],[95.11343,27.59411],[95.11205,27.5928],[95.11126,27.59196],[95.11027,27.59129],[95.10907,27.59082],[95.10744,27.59032],[95.10536,27.58989],[95.10332,27.58949],[95.1016,27.58907],[95.10034,27.58888],[95.09894,27.58882],[95.09751,27.58856],[95.09596,27.58762],[95.09431,27.58669],[95.093,27.58548],[95.09173,27.58393],[95.0907,27.58272],[95.0892,27.58137],[95.08768,27.58051],[95.08613,27.57994],[95.08442,27.57929],[95.08326,27.57804],[95.08244,27.57673],[95.08182,27.57543],[95.08135,27.57382],[95.08105,27.57247],[95.08025,27.57115],[95.07879,27.56973],[95.07727,27.56843],[95.07633,27.56727],[95.07577,27.56634],[95.07517,27.56478],[95.07513,27.5636],[95.07605,27.56254],[95.07824,27.56166],[95.08038,27.56103],[95.08307,27.56023],[95.08478,27.55991],[95.08633,27.55952],[95.08736,27.55915],[95.08849,27.55881],[95.08942,27.55843],[95.09019,27.55799],[95.09143,27.55727],[95.09321,27.55643],[95.09545,27.55542],[95.09768,27.55396],[95.10018,27.55251],[95.1016,27.5516],[95.10286,27.55075],[95.10409,27.54968],[95.1048,27.54854],[95.10515,27.54749],[95.10497,27.54635],[95.10448,27.54511],[95.10386,27.54414],[95.10257,27.54342],[95.10105,27.54302],[95.09809,27.54258],[95.09618,27.54228],[95.09326,27.54209],[95.08946,27.54218],[95.08564,27.54243],[95.08315,27.54254],[95.08034,27.54262],[95.078,27.54298],[95.07641,27.54361],[95.07483,27.54465],[95.07371,27.54646],[95.07289,27.5477],[95.07257,27.54871],[95.07193,27.54911],[95.07107,27.54886],[95.07013,27.54842],[95.06929,27.54814],[95.06856,27.54821],[95.06781,27.54886],[95.06732,27.54949],[95.06659,27.54951],[95.06601,27.54914],[95.06566,27.54865],[95.06491,27.54766],[95.06313,27.54606],[95.06144,27.54483],[95.0599,27.5439],[95.05845,27.54332],[95.05616,27.5426],[95.05431,27.54203],[95.05255,27.54159],[95.0506,27.54144],[95.04925,27.54163],[95.04822,27.5421],[95.04742,27.54279],[95.04654,27.54431],[95.04581,27.54646],[95.04515,27.54903],[95.04517,27.55097],[95.04483,27.55276],[95.04423,27.55453],[95.04371,27.55624],[95.04315,27.55732],[95.04213,27.5582],[95.04073,27.559],[95.03951,27.55985],[95.03878,27.56077],[95.0382,27.562],[95.03749,27.56275],[95.03672,27.5629],[95.03367,27.56294],[95.03197,27.56305],[95.03109,27.56341],[95.03004,27.56432],[95.02906,27.56478],[95.02788,27.56478],[95.02629,27.56518],[95.02549,27.56573],[95.02504,27.5667],[95.02438,27.56752],[95.02354,27.56767],[95.02184,27.56751],[95.02019,27.56739],[95.01734,27.5668],[95.01509,27.56609],[95.01333,27.56512],[95.01115,27.56314],[95.00977,27.56159],[95.00861,27.56001],[95.00776,27.55911],[95.00698,27.55841],[95.00494,27.55767],[95.00309,27.55738],[95.00077,27.55763],[94.99861,27.55816],[94.99706,27.55873],[94.99522,27.55959],[94.99352,27.56056],[94.99219,27.56079],[94.99069,27.56025],[94.98934,27.55955],[94.98799,27.559],[94.98526,27.55866],[94.98299,27.55868],[94.98093,27.55885],[94.97962,27.55926],[94.97852,27.55995],[94.97771,27.56063],[94.97689,27.56157],[94.97614,27.56271],[94.97455,27.56451],[94.97329,27.56564],[94.97226,27.56674],[94.97071,27.56809],[94.96934,27.56954],[94.96784,27.57051],[94.96655,27.57083],[94.96522,27.5707],[94.9639,27.57005],[94.96252,27.56914],[94.96037,27.5683],[94.95679,27.56676],[94.95592,27.56668],[94.95515,27.56689],[94.95432,27.56734],[94.95344,27.56757],[94.95226,27.56759],[94.95141,27.56736],[94.95081,27.56692],[94.95045,27.56623],[94.95022,27.56588],[94.94983,27.56563],[94.94932,27.56559],[94.94887,27.5655],[94.94853,27.56529],[94.94823,27.56476],[94.94772,27.56383],[94.94703,27.56261],[94.94608,27.5619],[94.94492,27.56161],[94.94371,27.56154],[94.94227,27.56131],[94.94056,27.56082],[94.93934,27.5602],[94.93811,27.5593],[94.93647,27.55837],[94.93531,27.55771],[94.93406,27.55732],[94.93274,27.55708],[94.93131,27.55692],[94.92963,27.55689],[94.92706,27.55691],[94.92481,27.55683],[94.92285,27.55685],[94.92132,27.55705],[94.91951,27.55733],[94.91794,27.55728],[94.91635,27.55712],[94.91463,27.55682],[94.91326,27.55654],[94.91202,27.55626],[94.91034,27.5558],[94.9089,27.55525],[94.90776,27.55459],[94.90678,27.5537],[94.90542,27.55245],[94.90414,27.55177],[94.90291,27.55138],[94.90157,27.55121],[94.89986,27.55126],[94.89776,27.55101],[94.89529,27.55046],[94.89324,27.54968],[94.89153,27.54922],[94.88928,27.54827],[94.88739,27.5473],[94.88498,27.54556],[94.88343,27.54452],[94.88222,27.5429],[94.8798,27.54043],[94.87797,27.53906],[94.87545,27.53763],[94.87368,27.53689],[94.87263,27.53592],[94.87117,27.53316],[94.8699,27.53164],[94.86827,27.53103],[94.86692,27.53086],[94.86555,27.53106],[94.8643,27.53099],[94.86317,27.53019],[94.86252,27.52898],[94.86231,27.52702],[94.86115,27.52431],[94.86012,27.52228],[94.85898,27.51925],[94.8577,27.5163],[94.85649,27.51398],[94.85522,27.51289],[94.85335,27.51212],[94.85186,27.51229],[94.85058,27.51272],[94.84971,27.51347],[94.84905,27.51468],[94.84813,27.51562],[94.84682,27.51632],[94.84559,27.51672],[94.84454,27.5167],[94.8437,27.51611],[94.84282,27.51474],[94.84156,27.51284],[94.84046,27.51158],[94.83896,27.51075],[94.83695,27.51002],[94.83531,27.50899],[94.83347,27.50761],[94.83216,27.50636],[94.83079,27.50445],[94.82871,27.50254],[94.8263,27.50098],[94.82341,27.50001],[94.82069,27.49921],[94.81869,27.49839],[94.81656,27.49756],[94.81424,27.4971],[94.81236,27.49657],[94.80984,27.49622],[94.80763,27.49594],[94.80612,27.49563]]}},{"type":"Feature","properties":{"river":"brahmaputraAssam","osm_id":367136354},"geometry":{"type":"LineString","coordinates":[[92.56696,26.59752],[92.56136,26.59505],[92.55372,26.58822],[92.54591,26.58338],[92.5381,26.58062],[92.53115,26.58108],[92.52158,26.58734],[92.51244,26.58935],[92.50119,26.58949],[92.48932,26.58749],[92.48376,26.58446],[92.47998,26.58175],[92.47364,26.57446],[92.46843,26.5701],[92.46381,26.56702],[92.45946,26.56181],[92.45287,26.55642],[92.44838,26.55345],[92.44304,26.55062],[92.43785,26.54918],[92.43412,26.54738],[92.43378,26.54715],[92.43122,26.54538],[92.42594,26.54291],[92.41706,26.54053],[92.41285,26.53903],[92.40534,26.53711],[92.39931,26.53509],[92.39461,26.53448],[92.38766,26.5344],[92.38461,26.53458],[92.37974,26.53546],[92.37326,26.53471],[92.36766,26.53256],[92.3653,26.5307],[92.36313,26.52841],[92.36013,26.52467],[92.35807,26.51949],[92.3568,26.51574],[92.35579,26.51309],[92.35401,26.51079],[92.35043,26.50827],[92.34828,26.50616],[92.34693,26.50195],[92.34712,26.49805],[92.34678,26.49644],[92.34627,26.49337],[92.34386,26.49082],[92.3414,26.48989],[92.33759,26.48987],[92.33197,26.48895],[92.32683,26.48665],[92.32392,26.48334],[92.32262,26.47868],[92.32206,26.47278],[92.3181,26.46879],[92.31421,26.46578],[92.3103,26.46404],[92.30518,26.46268],[92.29789,26.46215],[92.2937,26.46238],[92.28629,26.46262],[92.27968,26.46155],[92.27578,26.46106],[92.27189,26.45891],[92.26584,26.45678],[92.26065,26.45576],[92.25711,26.45416],[92.2537,26.45261],[92.24531,26.451],[92.2355,26.44915],[92.22913,26.44735],[92.22705,26.44572],[92.2261,26.44337],[92.22585,26.43811],[92.22482,26.43519],[92.22093,26.43132],[92.21531,26.42975],[92.20954,26.43021],[92.20315,26.43134],[92.19791,26.43127],[92.19518,26.43034],[92.19141,26.4289],[92.1875,26.42521],[92.18559,26.42274],[92.18449,26.41953],[92.1851,26.41464],[92.18457,26.41159],[92.18336,26.40969],[92.17766,26.4071],[92.17071,26.40424],[92.16399,26.40265],[92.15946,26.40179],[92.15448,26.40004],[92.14856,26.3966],[92.14439,26.39164],[92.14358,26.38622],[92.14545,26.36684],[92.14457,26.35265],[92.14182,26.34511],[92.13787,26.3405],[92.131,26.33711],[92.12311,26.33511],[92.11281,26.33358],[92.10757,26.33219],[92.10208,26.32973],[92.08466,26.31881],[92.07955,26.3165],[92.0735,26.31481],[92.05976,26.31265],[92.0538,26.31219],[92.04981,26.31257],[92.04706,26.31311],[92.04449,26.31423],[92.03818,26.31769],[92.03635,26.31825],[92.0341,26.31834],[92.0308,26.31754],[92.02788,26.31607],[92.01981,26.31104],[92.01578,26.30961],[92.00964,26.30946],[92.005,26.30946],[92.00037,26.30892],[91.99574,26.3078],[91.99144,26.3065],[91.98586,26.30511],[91.98003,26.3028],[91.97419,26.29965],[91.97108,26.29764],[91.9685,26.29598],[91.96483,26.2936],[91.96115,26.29249],[91.9581,26.29145],[91.95454,26.28995],[91.94986,26.28707],[91.94604,26.28418],[91.94299,26.28137],[91.94063,26.27868],[91.93844,26.27591],[91.93669,26.2731],[91.93475,26.27006],[91.93295,26.26794],[91.93059,26.26613],[91.92759,26.26502],[91.92325,26.26388],[91.91578,26.26265],[91.91154,26.26202],[91.90879,26.26167],[91.90675,26.26151],[91.9046,26.26121],[91.90302,26.2608],[91.90145,26.26021],[91.89855,26.25934],[91.89579,26.25832],[91.89244,26.2567],[91.88909,26.25455],[91.88596,26.25224],[91.88313,26.24951],[91.88111,26.24685],[91.87922,26.24386],[91.87652,26.24108],[91.87478,26.23927],[91.87356,26.23821],[91.87216,26.23755],[91.87077,26.23727],[91.86905,26.23696],[91.86643,26.23673],[91.86145,26.23684],[91.85594,26.23746],[91.85081,26.23794],[91.84682,26.23827],[91.84261,26.23848],[91.8401,26.2384],[91.83753,26.23804],[91.83064,26.23526],[91.82506,26.23284],[91.82214,26.23167],[91.8204,26.23132],[91.81888,26.23122],[91.81687,26.23154],[91.81641,26.23161],[91.80995,26.23342],[91.80465,26.23519],[91.80137,26.23584],[91.79965,26.23596],[91.79749,26.23561],[91.79564,26.2349],[91.79227,26.23338],[91.78747,26.23122],[91.78348,26.22768],[91.7782,26.22166],[91.77721,26.22052],[91.77348,26.21702],[91.77074,26.21475],[91.76953,26.21374],[91.76502,26.21082],[91.7606,26.20839],[91.75319,26.20444],[91.7455,26.20046],[91.74013,26.19788],[91.73618,26.19507],[91.73125,26.1901],[91.72418,26.18398],[91.72074,26.18179],[91.71636,26.17997],[91.71091,26.17897],[91.70288,26.17844],[91.68654,26.17735],[91.68416,26.17719],[91.66104,26.17563],[91.65224,26.17547],[91.6467,26.17543],[91.61472,26.17816]]}},{"type":"Feature","properties":{"river":"brahmaputraAssam","osm_id":444994352},"geometry":{"type":"LineString","coordinates":[[91.61472,26.17816],[91.61001,26.17836],[91.60705,26.17809],[91.60409,26.17728],[91.5998,26.17535],[91.59499,26.17231],[91.58306,26.16314],[91.57379,26.15667],[91.55491,26.14596],[91.53723,26.13795],[91.52101,26.1297],[91.50916,26.12415],[91.49714,26.12138],[91.48564,26.12061],[91.47185,26.12244],[91.45912,26.12539],[91.43526,26.13448],[91.4041,26.14812],[91.38033,26.15498],[91.37192,26.15821],[91.36273,26.16297],[91.36123,26.16434],[91.35879,26.16642],[91.35773,26.16682],[91.35621,26.16707],[91.34419,26.16807],[91.3408,26.16877],[91.33853,26.16977],[91.32909,26.17639],[91.32428,26.17847],[91.31827,26.17978],[91.29879,26.18071],[91.27656,26.18379],[91.27147,26.18485],[91.26845,26.1856],[91.26637,26.1866],[91.26394,26.18872],[91.26094,26.19226],[91.25613,26.19803],[91.25115,26.20258],[91.24901,26.20427],[91.24489,26.20643],[91.24188,26.2072],[91.23656,26.20758],[91.22008,26.20635],[91.19631,26.20627],[91.17022,26.20751],[91.15288,26.20905],[91.14644,26.20889],[91.13528,26.20943],[91.12985,26.21018],[91.1272,26.2107],[91.12554,26.21133],[91.12453,26.21193],[91.1238,26.21267],[91.12305,26.21361],[91.12243,26.21536],[91.12129,26.22029],[91.12009,26.22572],[91.11897,26.22837],[91.11756,26.23014],[91.11528,26.23207],[91.1091,26.23569],[91.09823,26.24048],[91.09376,26.242],[91.08917,26.24316],[91.084,26.24404],[91.07778,26.24477],[91.06821,26.24527],[91.05645,26.24512],[91.04456,26.24423],[91.03632,26.24343],[91.03199,26.24246],[91.02671,26.24062],[91.01988,26.2368],[91.01581,26.23392],[91.00885,26.2283],[91.00473,26.22437],[91.00044,26.21906],[90.99203,26.20897],[90.98735,26.20481],[90.98169,26.20169],[90.97701,26.19996],[90.96989,26.19857],[90.9613,26.19773],[90.94319,26.1975],[90.93633,26.1975],[90.93105,26.19786],[90.92744,26.19848],[90.92435,26.19931],[90.92066,26.20065],[90.91375,26.2035],[90.90491,26.20635],[90.89942,26.20743],[90.89221,26.20855],[90.8841,26.20912],[90.87861,26.20912],[90.87526,26.2087],[90.87247,26.20778],[90.87077,26.20689],[90.86934,26.20558],[90.86813,26.20377],[90.8611,26.1916],[90.85929,26.18898],[90.85779,26.18721],[90.85603,26.18577],[90.85374,26.18473],[90.85138,26.18427],[90.84906,26.18419],[90.84608,26.18446],[90.83608,26.18587],[90.83185,26.18625],[90.82947,26.18608],[90.82702,26.1854],[90.82561,26.18459],[90.82438,26.18332],[90.82088,26.1787],[90.81711,26.173],[90.81458,26.16988],[90.81123,26.16761],[90.80694,26.16626],[90.80106,26.16599],[90.79496,26.1673],[90.78861,26.17],[90.77866,26.17593],[90.76329,26.1834],[90.74922,26.18848],[90.72265,26.19619],[90.71982,26.19709],[90.71761,26.19724],[90.71566,26.19684],[90.71398,26.19601],[90.71265,26.19518],[90.70609,26.18952],[90.70098,26.18702],[90.69501,26.18548],[90.68909,26.18483],[90.68635,26.18529],[90.67991,26.18795],[90.67553,26.18983],[90.67218,26.19045],[90.66888,26.19095],[90.66489,26.19099],[90.65995,26.19118],[90.64751,26.19141],[90.62682,26.19311],[90.61395,26.19634],[90.59155,26.20312],[90.57807,26.20889],[90.57511,26.20974],[90.56448,26.21166],[90.56109,26.21228]]}},{"type":"Feature","properties":{"river":"brahmaputraAssam","osm_id":910696547},"geometry":{"type":"LineString","coordinates":[[90.56109,26.21228],[90.54927,26.21667],[90.53206,26.22229],[90.51567,26.22591],[90.50717,26.2266],[90.50434,26.22676],[90.5002,26.22643],[90.49576,26.22554],[90.49091,26.22341],[90.48022,26.2191],[90.477,26.21827],[90.47424,26.21783],[90.47119,26.21763],[90.46625,26.21792],[90.45454,26.21867],[90.45098,26.21858],[90.44759,26.21796],[90.44501,26.21694],[90.4428,26.21532],[90.44158,26.21349],[90.44035,26.21036],[90.43855,26.20747],[90.43666,26.20574],[90.43486,26.20472],[90.43297,26.20406],[90.43018,26.20343],[90.42733,26.20339],[90.42362,26.2042],[90.42074,26.2057],[90.41692,26.20955],[90.41242,26.21203],[90.40976,26.21274],[90.40812,26.21274],[90.40655,26.21241],[90.39765,26.20666],[90.37997,26.19002],[90.37577,26.18671],[90.37049,26.18409]]}},{"type":"Feature","properties":{"river":"brahmaputraAssam","osm_id":1291355485},"geometry":{"type":"LineString","coordinates":[[90.99691,26.11958],[90.99375,26.11807],[90.97226,26.10776],[90.95903,26.10192],[90.93778,26.09471],[90.92195,26.09004],[90.89722,26.08945],[90.87987,26.09101],[90.85514,26.09724],[90.84388,26.1023],[90.84213,26.10309],[90.83221,26.10994],[90.82144,26.11329],[90.80737,26.11826],[90.78926,26.12065],[90.77535,26.12731],[90.76844,26.13198],[90.76368,26.13356],[90.75484,26.13356],[90.74969,26.13109],[90.73988,26.12375],[90.73256,26.12103],[90.72779,26.12122]]}},{"type":"Feature","properties":{"river":"brahmaputraAssam","osm_id":1533995089},"geometry":{"type":"LineString","coordinates":[[93.82033,26.82638],[93.81792,26.82486],[93.81593,26.82367],[93.81275,26.82154],[93.80966,26.82087],[93.80472,26.823],[93.80238,26.82244],[93.80087,26.82258],[93.79962,26.82233],[93.79884,26.82226],[93.7974,26.82143],[93.79606,26.81974],[93.79352,26.82177],[93.79028,26.82015],[93.78767,26.82018],[93.78571,26.82011],[93.78439,26.81994],[93.78404,26.82059],[93.78376,26.82083],[93.78333,26.82082],[93.78297,26.82051],[93.7817,26.81831],[93.78039,26.81614],[93.77936,26.81423],[93.77803,26.81273],[93.77649,26.8118],[93.77443,26.81101],[93.77247,26.81005],[93.77054,26.80816],[93.76891,26.80636],[93.76715,26.80415],[93.76595,26.80239],[93.76391,26.80061],[93.76149,26.79889],[93.75932,26.7973],[93.7572,26.79561],[93.75469,26.79403],[93.75317,26.79278],[93.7515,26.79127],[93.74964,26.78966],[93.74789,26.78831],[93.74651,26.78747],[93.74548,26.78681],[93.74356,26.78603],[93.74174,26.78501],[93.7387,26.7838],[93.73558,26.78247],[93.73318,26.78151],[93.73105,26.78075],[93.7295,26.78025],[93.7279,26.7796],[93.72574,26.77856],[93.72397,26.77743],[93.72244,26.77584],[93.72094,26.77398],[93.71929,26.77178],[93.71719,26.7701],[93.71513,26.76929],[93.71358,26.76913],[93.71206,26.76933],[93.71089,26.76973],[93.70951,26.77012],[93.70852,26.77059],[93.70766,26.77068],[93.70706,26.77046],[93.70613,26.76979],[93.70447,26.76877],[93.70355,26.76808],[93.70315,26.76718],[93.70313,26.76598],[93.70329,26.765],[93.70345,26.76405],[93.70344,26.76306],[93.70307,26.76169],[93.70251,26.76052],[93.70181,26.75962],[93.7008,26.75877],[93.6987,26.75751],[93.69718,26.75686],[93.69495,26.75621],[93.69177,26.75521],[93.6891,26.75421],[93.68704,26.75333],[93.68521,26.75276],[93.68276,26.75193],[93.67997,26.75122],[93.67759,26.75063],[93.67553,26.75013],[93.6733,26.74954],[93.67149,26.74887],[93.66958,26.74824],[93.66757,26.74791],[93.66512,26.74778],[93.66328,26.74779],[93.66162,26.74783],[93.65958,26.74756],[93.65813,26.7472],[93.65643,26.74649],[93.65474,26.74511],[93.65353,26.74436],[93.65177,26.74337],[93.64971,26.74231],[93.64765,26.74161],[93.64579,26.74097],[93.64429,26.74036],[93.64278,26.73933],[93.64113,26.73816],[93.63916,26.73731],[93.6366,26.73634],[93.63422,26.73584],[93.63207,26.73606],[93.6304,26.73662],[93.62841,26.73727],[93.62633,26.73752],[93.62433,26.73737],[93.62261,26.73718],[93.62117,26.73682],[93.61989,26.7363],[93.61849,26.73578],[93.61768,26.73511],[93.61711,26.73383],[93.61644,26.73259],[93.61538,26.73142],[93.61459,26.73103],[93.61108,26.73044],[93.60482,26.72989],[93.59998,26.73001],[93.59492,26.73125],[93.59349,26.7317],[93.59212,26.73209],[93.59034,26.73251],[93.5883,26.7332],[93.58619,26.73368],[93.58245,26.73357],[93.5773,26.73251],[93.57141,26.73101],[93.56701,26.72999],[93.56188,26.72872],[93.5554,26.7258],[93.55153,26.72235],[93.54058,26.71569],[93.53799,26.7144],[93.5371,26.71423],[93.52693,26.71256],[93.52106,26.71294],[93.51462,26.71905],[93.5091,26.72547],[93.50796,26.72676],[93.50697,26.72753],[93.50628,26.72794],[93.50365,26.72875],[93.50107,26.72973],[93.49782,26.73105],[93.49424,26.73374],[93.49132,26.7369],[93.48898,26.74044],[93.48654,26.7439],[93.48313,26.74889],[93.48176,26.75124],[93.47988,26.75447],[93.47854,26.75715],[93.47662,26.76013],[93.47237,26.76178],[93.46898,26.7637],[93.46752,26.76171],[93.46211,26.76496],[93.46031,26.76542],[93.45374,26.76588],[93.4546,26.76569],[93.45274,26.7655],[93.4508,26.7649],[93.44816,26.76439],[93.44599,26.76484],[93.43915,26.76377],[93.4328,26.76109],[93.42726,26.76029],[93.42327,26.76021],[93.41889,26.76132],[93.41259,26.76255],[93.40035,26.76462],[93.39473,26.76201],[93.3913,26.76094],[93.39036,26.76042],[93.38872,26.76038],[93.38606,26.75603],[93.37624,26.75029],[93.36362,26.74929],[93.35774,26.75013],[93.3513,26.75239],[93.34727,26.7527],[93.34285,26.75243],[93.3265,26.74983],[93.32336,26.74967],[93.32178,26.74917],[93.31298,26.74538],[93.30706,26.74105],[93.30302,26.73764],[93.30158,26.73526],[93.30094,26.73229],[93.30062,26.72921],[93.29942,26.71311],[93.29487,26.70046],[93.28667,26.68612],[93.28332,26.68086],[93.28109,26.67902],[93.2786,26.67783],[93.27685,26.67752],[93.2747,26.67741],[93.26135,26.67941],[93.25135,26.68182],[93.24773,26.6821],[93.24559,26.68188],[93.24303,26.68094],[93.23543,26.67611],[93.22346,26.6669],[93.21861,26.66192],[93.2159,26.65808],[93.20482,26.65261],[93.20078,26.64951],[93.19899,26.64779],[93.19752,26.64625],[93.19648,26.64524],[93.19481,26.64318],[93.19434,26.64273],[93.19383,26.6425],[93.19324,26.64236],[93.19197,26.64227],[93.19067,26.64222],[93.18916,26.64219],[93.18807,26.64228],[93.18737,26.64236],[93.18682,26.64247],[93.18588,26.64287],[93.18527,26.64325],[93.18315,26.64507],[93.18129,26.64698],[93.1793,26.64968],[93.17717,26.65148],[93.17576,26.65216],[93.1724,26.65373],[93.16851,26.65551],[93.16768,26.65581],[93.16655,26.6561],[93.16526,26.65627],[93.16417,26.65628],[93.16015,26.65583],[93.15511,26.65555],[93.15113,26.65556],[93.14594,26.6561],[93.13484,26.65735],[93.12681,26.66061],[93.1208,26.66403],[93.11656,26.66886],[93.11548,26.66978],[93.11389,26.66997],[93.10956,26.66974],[93.10694,26.67036],[93.10458,26.67185],[93.10196,26.67327],[93.1002,26.67316],[93.09862,26.672],[93.09269,26.66361],[93.08561,26.65436],[93.07797,26.64539],[93.07415,26.64251],[93.07025,26.64071],[93.06587,26.64002],[93.04871,26.64078],[93.03755,26.64431],[93.02691,26.64654],[93.01558,26.64685],[93.01146,26.64585],[93.00862,26.64332],[93.00377,26.63495],[93.00171,26.63123],[92.99935,26.62966],[92.99395,26.62816],[92.99,26.62809],[92.98262,26.62912],[92.97893,26.62947],[92.97575,26.62889],[92.97009,26.62709],[92.96601,26.62628],[92.95403,26.62552],[92.94597,26.62437],[92.93517,26.62129],[92.93345,26.62075],[92.93192,26.62033],[92.93025,26.61993],[92.92856,26.61949],[92.92671,26.61896],[92.92516,26.61854],[92.92369,26.61809],[92.92213,26.61763],[92.92131,26.61736],[92.92035,26.61716],[92.91911,26.61698],[92.91727,26.6169],[92.91621,26.61691],[92.91495,26.61691],[92.9138,26.61673],[92.91211,26.61655],[92.91019,26.61655],[92.90782,26.61663],[92.9063,26.61675],[92.90441,26.61713],[92.90267,26.61769],[92.90132,26.61809],[92.90003,26.61856],[92.89809,26.6194],[92.8968,26.61974],[92.89555,26.61996],[92.89419,26.61997],[92.89327,26.61975],[92.89185,26.61938],[92.88949,26.61917],[92.88701,26.61904],[92.88496,26.61874],[92.88257,26.61833],[92.88044,26.61798],[92.8781,26.61755],[92.87592,26.61707],[92.87458,26.61671],[92.87308,26.61631],[92.87187,26.6157],[92.87094,26.61518],[92.86976,26.61429],[92.86902,26.61361],[92.86745,26.61276],[92.86577,26.61196],[92.86419,26.61152],[92.86305,26.61119],[92.86205,26.61089],[92.86096,26.61059],[92.86007,26.61032],[92.85909,26.61001],[92.85814,26.60961],[92.85745,26.60922],[92.85664,26.60871],[92.85547,26.60795],[92.85463,26.6075],[92.85398,26.60723],[92.85295,26.60678],[92.85218,26.60645],[92.85164,26.60617],[92.85094,26.60581],[92.84996,26.60531],[92.84913,26.60488],[92.84802,26.60435],[92.84734,26.60405],[92.84664,26.60375],[92.84604,26.60354],[92.84528,26.60329],[92.84457,26.60313],[92.84356,26.60298],[92.84269,26.60294],[92.84186,26.60291],[92.84061,26.60288],[92.83928,26.60284],[92.83776,26.60283],[92.83689,26.60286],[92.83594,26.60285],[92.83494,26.60281],[92.83381,26.60275],[92.83269,26.60279],[92.83158,26.60285],[92.83048,26.60311],[92.82926,26.60346],[92.8278,26.60377],[92.82633,26.60406],[92.82491,26.60436],[92.82329,26.60465],[92.82168,26.6049],[92.82049,26.60517],[92.81948,26.60539],[92.81847,26.60565],[92.81624,26.60603],[92.81431,26.60635],[92.81268,26.60658],[92.81111,26.60702],[92.80937,26.60745],[92.80763,26.60778],[92.80576,26.60805],[92.80407,26.60808],[92.80237,26.60795],[92.80089,26.60792],[92.79973,26.60797],[92.79836,26.60821],[92.79643,26.6087],[92.79468,26.60917],[92.79232,26.60973],[92.78959,26.61038],[92.78693,26.61105],[92.78498,26.61157],[92.78331,26.61188],[92.78172,26.61205],[92.78058,26.61211],[92.77969,26.6121],[92.77898,26.61213],[92.77785,26.61222],[92.77589,26.61262],[92.77423,26.61296],[92.77218,26.61337],[92.77076,26.61365],[92.76988,26.61384],[92.76928,26.61384],[92.76829,26.61356],[92.76728,26.61308],[92.76631,26.61254],[92.76475,26.6115],[92.7632,26.61055],[92.76168,26.60967],[92.76033,26.60886],[92.7588,26.60791],[92.75759,26.60714],[92.75627,26.6063],[92.75508,26.60552],[92.75412,26.60476],[92.75323,26.60406],[92.75245,26.60338],[92.75169,26.6026],[92.75115,26.60206],[92.75065,26.60151],[92.75013,26.60093],[92.74941,26.60007],[92.74873,26.59935],[92.7479,26.59851],[92.74725,26.59775],[92.74672,26.59711],[92.74616,26.5965],[92.74556,26.59607],[92.74489,26.59574],[92.74388,26.59561],[92.74261,26.59557],[92.74122,26.59563],[92.73971,26.59564],[92.73753,26.5957],[92.73605,26.59591],[92.73424,26.59622],[92.73225,26.59657],[92.73038,26.59685],[92.72845,26.59678],[92.72708,26.59636],[92.72618,26.59595],[92.72547,26.59542],[92.72525,26.59457],[92.72478,26.59313],[92.72386,26.59165],[92.72283,26.5905],[92.7215,26.58933],[92.71978,26.58787],[92.71822,26.58617],[92.71639,26.58409],[92.71534,26.58275],[92.71418,26.58147],[92.71332,26.58068],[92.71246,26.58018],[92.71152,26.58006],[92.71075,26.58016],[92.70967,26.58085],[92.70892,26.58145],[92.70832,26.58181],[92.70753,26.58229],[92.70639,26.58279],[92.70515,26.58317],[92.70373,26.58342],[92.7021,26.58348],[92.70036,26.58373],[92.6988,26.58404],[92.69734,26.58459],[92.69629,26.58517],[92.69504,26.58605],[92.6935,26.58703],[92.69189,26.5876],[92.69038,26.58763],[92.68903,26.58764],[92.68729,26.58763],[92.68536,26.58774],[92.6832,26.58776],[92.68081,26.58738],[92.6788,26.58678],[92.67717,26.58613],[92.67517,26.58509],[92.67345,26.58438],[92.6718,26.58386],[92.66983,26.58329],[92.66828,26.58277],[92.66571,26.58198],[92.66354,26.58127],[92.6612,26.58077],[92.65873,26.58045],[92.65577,26.58021],[92.65384,26.58018],[92.652,26.58026],[92.65045,26.58026],[92.64852,26.58035],[92.64672,26.58074],[92.64498,26.58085],[92.64339,26.58081],[92.64176,26.58045],[92.64058,26.58006],[92.63949,26.57935],[92.63873,26.57877],[92.63807,26.57817],[92.63723,26.57694],[92.63625,26.57588],[92.6352,26.57481],[92.63427,26.57435],[92.63286,26.57444],[92.6315,26.57515],[92.62998,26.57602],[92.62861,26.57686],[92.62689,26.57726],[92.62485,26.57726],[92.62322,26.57718],[92.62148,26.5769],[92.62024,26.57659],[92.61936,26.57634],[92.61818,26.57586],[92.61734,26.5757],[92.61683,26.57571],[92.61641,26.57584],[92.61588,26.5764],[92.61544,26.57691],[92.61462,26.57785],[92.61402,26.57856],[92.61335,26.57934],[92.61274,26.57999],[92.61195,26.58067],[92.61099,26.58147],[92.60977,26.5822],[92.60853,26.58275],[92.60746,26.58317],[92.60625,26.58366],[92.60519,26.58417],[92.60424,26.58462],[92.6032,26.58518],[92.60218,26.58569],[92.60123,26.58614],[92.60027,26.58646],[92.59908,26.58692],[92.5981,26.5874],[92.597,26.58792],[92.59576,26.58847],[92.59463,26.58895],[92.59339,26.58938],[92.59219,26.58977],[92.59069,26.5902],[92.58943,26.59054],[92.58822,26.5909],[92.58705,26.59123],[92.58575,26.59167],[92.5846,26.59206],[92.58258,26.5926],[92.5805,26.593],[92.57698,26.59403],[92.57458,26.59511],[92.57192,26.59641],[92.56956,26.59747],[92.56696,26.59752]]}}]}
