{"type":"FeatureCollection","properties":{"licence":"ODbL 1.0 — © OpenStreetMap contributors","system":"padma","batch":"b7","fetched":"2026-09-29","snapshot":"2026-09-29T13:54:35Z"},"features":[{"type":"Feature","properties":{"osm_id":301613378,"group":"punarbhaba","version":13,"timestamp":"2017-11-22T10:00:59Z","tags":{"name":"Punarbhaba","waterway":"river"},"nodes":[5163150685,5163150684,5163150683,5163150682,5163150681,5163150680,5163150679,5163150678,5163150677,5163242205,5163150676,5163150675,5163150674,5163150673,5163150672,5163150671,5163150670,5163150669,5163150668,5163150667,5163150666,5163150665,3056881110,3056881102,5163151203,5163151204,5163151205,5163151206,5163151207,3056881087,3056881071,5163671981,3056881059,3056881047,3056881035,3056881024,5163747750,5163747751,5163747752,5163747753,5163747754,5163747755,5163747756,5163747757,5163747758,5163747759,5163747760,5163747761,5163747762,5163747763,5163747764,5163747765,5163747766,5163747767,5163747768,5163747769,5163747770,5163747771,5163747772,5163747773,5163747774,5163747775,5163747776,5163519467,5163519468,5163519469,5163519470,5163519471,5163519472,5163519473,5163519474,5163519475,5163519476,5163747934,5163747933,5163747932,5163747931,5163747930,5163747929,5163747928,5163747927,5163747926,5163747925,5163747924,5163747923,5163747922,5163747921,5163747920,5163747919,5163747918,5163747917,5163747916,5163747915,5163747914,5163747913,5163747912,5163747911,5163747910,5163747909,5163747908,5163747907,5163747906,5163747905,5163747904,5163747903,5163747902,5163747901,5163747900,5163747899,5163747898,5163747897,5163747896,5163747895,5163747894,5163747893,5163747892,5163747891,5163747890,5163747889,5163747888,5163747887,5163747886,5163747885,5163747884,5163747883,5163747882,5163747881,5163747880,5163747878,5163747877,5163747876,5163747875,5163747874,5163747873,5163747872,5163747871,5163747870,5163747869,5163747868,5163747867,5163747866,5163747865,5163747864,5163747863,5163747862,5163747861,5163747860,5163747859,5163747858,5163747857,5163747856,5163747855,5163747854,5163747853,5163747852,5163747851,5163747850,5163747849,5163747848,5163747847,5163747846,5163747845,5163747844,5163747843,5163747842,5163747841,5163747840,5163747839,5163747838,5163747837,5163747836,5163747835,5163747834,5163747833,5163747832,5163747831,5163747830,5163747829,5163747828,5163747827,5163747826,5163747825,5163747824,5163747823,5163747822,5163747821,5163747820,5163747819,5163747818,5163747817,5163747816,5163747815,5163747814,5163747813,5163747812,5163747811,5163747810,5163747809,5163747808,5163747807,5163747806,5163747805,5163747804,5163747803,5163747802,5163747801,5163747800,5163747799,5163747798,5163747797,5163747796,5163747794,5163747793,5163747792,5163755636,5163747791,5163747790,5163755635,5163747789,5163747788,5163755634,5163747787,5163747786,5163747785,5163747784,5163747783,5163747782,5163747781,5163747780,5163747779,5163747778,5163747777,5163747747,5163754818,5163747749,3056880735,3056880728,3056880718,3056880714,3056880701,3056880694,3056880692,3056880685,3056880674,3056880666,3056880660,5162753709,3056880655,3056880649,5163764041,3056880642,3056880641,5163764042,3056880639,3056880636,3056880631,3056880628,3056880620,3056880615,3056880614,5163794227,3056880608,5162753710,5163794228,3056880600,3056880595,3056880594,3056880596,3056880593,5242458424,5242458425,5162753711,5162753712,3056880580,5162753713]},"geometry":{"type":"LineString","coordinates":[[88.5390765,25.9566283],[88.5389526,25.9564597],[88.5386447,25.9563324],[88.5384041,25.9562114],[88.5383722,25.9560269],[88.5384324,25.9557564],[88.5383651,25.9554318],[88.5383651,25.9552122],[88.5384465,25.9550245],[88.5384112,25.9549259],[88.5383758,25.9548272],[88.5382837,25.9545344],[88.53799,25.9545153],[88.5377776,25.9539648],[88.5378024,25.9537802],[88.5380785,25.9534684],[88.5381316,25.9532552],[88.5380041,25.9529497],[88.5377458,25.9528383],[88.537583,25.9523196],[88.5375901,25.952205],[88.537721,25.9520904],[88.5378438,25.9519251],[88.5393151,25.9504842],[88.5399082,25.9502735],[88.5401487,25.9499335],[88.5401961,25.9494179],[88.5406068,25.9490471],[88.5411495,25.9488142],[88.542386,25.9473857],[88.54576,25.9434457],[88.5469813,25.9421339],[88.5490577,25.9399036],[88.5512256,25.9372814],[88.5535004,25.9347002],[88.5541304,25.9343092],[88.5544233,25.9338154],[88.5545087,25.9334368],[88.5551249,25.9331131],[88.5553568,25.9328991],[88.5554971,25.9323668],[88.5555459,25.9321693],[88.5561926,25.9313353],[88.5564367,25.9309347],[88.5567967,25.9302324],[88.5567295,25.9298647],[88.5569187,25.9293929],[88.5572848,25.9291569],[88.5575044,25.9289758],[88.5575837,25.9286192],[88.5574922,25.9284107],[88.5574861,25.9282076],[88.5576142,25.9280266],[88.5580413,25.9276534],[88.5581511,25.9274504],[88.5581817,25.9271157],[88.5584562,25.9268468],[88.5585721,25.9265724],[88.5586759,25.926106],[88.5586454,25.9256835],[88.5587918,25.9253268],[88.559103,25.925058],[88.5592189,25.9246793],[88.5592284,25.9245066],[88.5591714,25.9241777],[88.5591093,25.9236747],[88.5592457,25.9234709],[88.5594164,25.9232631],[88.5594632,25.9230523],[88.5593663,25.922841],[88.5591054,25.9226461],[88.5590358,25.9213798],[88.5587138,25.9199712],[88.5586891,25.9197386],[88.558721,25.9195158],[88.5586891,25.9191051],[88.5585617,25.9187932],[88.5586254,25.9185162],[88.558636,25.9182425],[88.5586254,25.9177491],[88.5584874,25.9175263],[88.5583741,25.9170424],[88.5583635,25.9167591],[88.5584945,25.9164153],[88.5584343,25.9161447],[88.5582326,25.9159283],[88.5581689,25.9157436],[88.5581016,25.9154126],[88.5580875,25.915107],[88.5579848,25.9148364],[88.5578149,25.9139132],[88.5577725,25.9136745],[88.5576734,25.913423],[88.557592,25.9133561],[88.5574292,25.913162],[88.5573655,25.9129455],[88.5573194,25.9127577],[88.5573655,25.9125412],[88.5574008,25.9123375],[88.5575884,25.9121624],[88.5578716,25.9120287],[88.5581087,25.9119937],[88.5582963,25.9120573],[88.5585228,25.9122579],[88.5586254,25.9123948],[88.5587528,25.9128882],[88.5588519,25.9131842],[88.5591138,25.9134867],[88.5593793,25.913493],[88.5595491,25.9134548],[88.5597367,25.9133307],[88.5599385,25.9131492],[88.5602357,25.9129328],[88.560487,25.9126335],[88.5606357,25.9125285],[88.5609471,25.9123789],[88.5611559,25.9123629],[88.5613364,25.9123598],[88.5617187,25.9124616],[88.5619947,25.9125571],[88.5621504,25.9126717],[88.5622849,25.9126908],[88.5624654,25.9126431],[88.5625928,25.9125826],[88.562745,25.9124425],[88.5628052,25.9122929],[88.5628618,25.912207],[88.5630636,25.9120955],[88.5635522,25.9119844],[88.5639979,25.9119173],[88.5641643,25.911895],[88.5644403,25.911809],[88.564642,25.9116562],[88.5647978,25.9111755],[88.5648827,25.9101982],[88.5649287,25.9098353],[88.5650703,25.9095647],[88.5650632,25.9094278],[88.5652366,25.9092878],[88.5653924,25.9088803],[88.5655375,25.9086733],[88.5657498,25.9085078],[88.5660577,25.9082945],[88.5662701,25.9079953],[88.5662736,25.9078297],[88.5661887,25.907696],[88.5660117,25.9076737],[88.5656861,25.9077215],[88.5652437,25.9077947],[88.5647482,25.907852],[88.564458,25.907852],[88.5641005,25.9078138],[88.563867,25.9077056],[88.5637289,25.9075368],[88.5636298,25.9073235],[88.5636263,25.9071134],[88.563782,25.906897],[88.5639908,25.9067378],[88.564235,25.9066646],[88.5645005,25.9066455],[88.5648084,25.9066932],[88.5651765,25.9067664],[88.5653782,25.9067792],[88.5656153,25.9067537],[88.5658277,25.9066614],[88.5659409,25.9064799],[88.5659374,25.906378],[88.5658206,25.9062125],[88.5656932,25.9059865],[88.5655835,25.9055662],[88.5654702,25.9052351],[88.5654454,25.9049677],[88.5654738,25.9047194],[88.5655516,25.9045252],[88.5657463,25.9041336],[88.5658843,25.9038885],[88.5659303,25.9037548],[88.5659162,25.903586],[88.5658135,25.9034237],[88.5656259,25.9033027],[88.5652437,25.903048],[88.5650137,25.902857],[88.564911,25.9026118],[88.5648862,25.9024145],[88.5649146,25.9022489],[88.5650066,25.9021407],[88.5651893,25.9020246],[88.5655349,25.9017893],[88.5658804,25.9016885],[88.5661513,25.9017893],[88.5665062,25.9020162],[88.5667024,25.9022934],[88.5668238,25.9025623],[88.5668425,25.9028563],[88.5669732,25.9030244],[88.5674029,25.9029571],[88.5676457,25.9027303],[88.5677391,25.9024867],[88.5677671,25.9021506],[88.5676924,25.9018817],[88.5674776,25.9015625],[88.5668705,25.9012684],[88.5661887,25.9008567],[88.5658898,25.9005711],[88.5658431,25.9001846],[88.5659365,25.8999073],[88.5661513,25.8997561],[88.5662073,25.8995208],[88.5659738,25.8989411],[88.5659925,25.898689],[88.5663288,25.8983698],[88.5663459,25.8981109],[88.5658953,25.897654],[88.5653446,25.8974761],[88.5652259,25.8972148],[88.5652503,25.896976],[88.5656629,25.8965456],[88.5659882,25.8962363],[88.5662645,25.8959459],[88.5669075,25.8956639],[88.5674091,25.8954389],[88.5678924,25.8953983],[88.5681537,25.8952268],[88.5682093,25.8947847],[88.5677606,25.8945561],[88.5673703,25.8945122],[88.5667687,25.8944244],[88.5663455,25.8938172],[88.566285,25.893208],[88.5667361,25.8925226],[88.5666961,25.8920267],[88.5663887,25.8916754],[88.5663621,25.8913669],[88.5667794,25.8903942],[88.5670547,25.8901942],[88.5680805,25.8901506],[88.5684509,25.8899123],[88.56805,25.8890542],[88.5678057,25.8883949],[88.5681874,25.887145],[88.5681111,25.8865407],[88.5670321,25.8861445],[88.5665844,25.885483],[88.5664775,25.8848512],[88.5669566,25.8842637],[88.5671034,25.8837798],[88.5670482,25.8833726],[88.56684,25.8830426],[88.5662179,25.8825024],[88.5656433,25.882209],[88.5652885,25.8821019],[88.5646979,25.8820909],[88.5644738,25.8818542],[88.564363,25.8816048],[88.5643927,25.8811474],[88.5650106,25.8803282],[88.5650417,25.8799888],[88.5645233,25.8793294],[88.5639126,25.8791371],[88.5635646,25.8789395],[88.5635291,25.878694],[88.5635997,25.8784613],[88.5639198,25.8779879],[88.5641322,25.8777023],[88.5641111,25.8774613],[88.5638678,25.8770819],[88.563345,25.877022],[88.5628088,25.8772614],[88.5625524,25.8772688],[88.562572,25.8770795],[88.5625358,25.8769456],[88.562308,25.8766739],[88.5623602,25.8762184],[88.5622728,25.8757532],[88.5619599,25.8753496]]}},{"type":"Feature","properties":{"osm_id":532051858,"group":"punarbhaba","version":21,"timestamp":"2017-11-02T21:49:47Z","tags":{"name":"Punarbhaba","waterway":"river"},"nodes":[5162753713,5163747795,5162753714,5163495150,3056880572,3056880569,3056880566,3056880564,3056880560,3056880559,3056880563,3056880561,3056880558,3056880556,5162753715,3056880555,3056880554,3056880552,3056880548,3056880546,3056880543,3056880541,5162753716,3056880539,3056880540,3056880537,3056880536,3056880535,3056880527,3056880521,5162753717,3056880516,3056880514,3056880512,3056880506,3056880498,3056880493,3056880494,3056880496,3056880500,3056880501,3056880497,3056880491,3056880485,3056880478,3056880477,3056880475,5203136508,3056880471,3056880468,3056880467,3056880462,3056880460,3056880457,5203215889,3056880445,3056880435,3056880430,3056880432,3056880440,3056880444,5166415191,3056880441,3056880433,3056880431,5166415192,5166415193,3056880436,5166415194,5166415195,3056880448,5166415196,5166415197,5166415198,3056880447,5166415199,3056880442,5166415200,3056880434,5166415201,5166415202,3056880427,5166415203,3056880424,3056880421,5166415204,5166415205,3056880418,3056880419,5166415206,3056880423,5166415207,3056880417,5166415208,3056880411,5166415209,5166415210,3056880407,3056880406,3056880400,3056880398,3056880396,3056880395,3056880393,3056880391,3056880387,3056880385,3056880386,3056880384,3056880381,3056880379,3056880380,3056880376,3056880374,3056880371,3056880365,3056880362,3056880359,3056880357,3056880356,3056880355,3056880354,5207282066,3056880350,5167513152,3056880349,3056880344,3056880321,3056880312,3056880309,5163954409,3056880306,3056880302,3056880294,3056880293,5178611762,3056880288,5178611761,3056880279,5178611760,3056880258,5178611759,3056880254,5178611758,3056880248,5178611757,3056880247,5178611756,3056880249,5178611755,3056880244,5178611754,3056880239,3056880234,3056880226,3056880224,3056880219,3056880209,3056880204,3056880201,3056880198,3056880191,3056880187,3056880186,3056880188,3056880195,3056880202,5163966518,3056880207,5163934521,3056880212,5163934522,5163934523,3056880210,3056880199,3056880189,5163966514,3056880184,5181363424,5163966515,3056880175,5163966516,3056880173,5163966517,3056880168,5181363428,5163934548,3056880167,5163934549,3056880165,3056880163,5163934550,3056880162,3056880161,5163934551,3056880158,3056880156,5163934552,3056880153,3056880151,3056880150,3056880149,3056880147,3056880143,3056880137,3056880031,3056880027,3056880026,3056880030,3056880028,3056880024,3056880022,3056880014,3056880011,3056880009,3056880006,5181458323,3056880004,3056879999,3056879993,3056879991,3056879988,3056879985,3056879980,3056879979,3056879977,3056879978,3056879976,3056879974,3056879971,3056879968,3056879966,3056879963,3056879964,3056879962,3056879960,3056879959,3056879958,3056879957,3056879952,3056879938,3056879825,3056879819,3056879817,3056879814,3056879812,3056879805,3056879804,3056879791,3056879788,5179716969,3056879776,3056879767,3056879765,3056879762,3056879759,3056879753,3056879748,3056879745,3056879742,3056879739,3056879736,5176205605,3056879735,5176205606,3056879531,3056879529,3056879528,3056879523,3056879512,5175301029,3056879506,3056879498,3056879493,3056879481,3056879479,3056879483,3056879482,3056879478,3056879475,3056879471,3056879470,3056879469,3056879467,3056879463,5175907141,3056879459,3056879453,3056879451,3056879450,5175907196,3056879447,3056879441,5175902150,3056879437,3056879433,3056879331,5175902151,3056879329,5175902152,3056879325,3056879324,3056879320,3056879318,3056879317,3056879319,5175901684,3056879315,5175901685,3056879314,5175901686,3056879311,3056879309,3056879306,3056879304,3056879301,3056879299,3056879298,3056879296,3056879289,3056879285,5175890580,5175902082,3056879282,3056879280,5175890582,3056879277,5175890581,3056879275,3056879273,3056879271,3056879270,3056879267,5175890583,3056879266,5175251866,3056879263,3056879261,3056879258,3056879255,5175250012,3056879252,3056879250,5188688079]},"geometry":{"type":"LineString","coordinates":[[88.5619599,25.8753496],[88.5619097,25.8747724],[88.5616874,25.8743795],[88.5616317,25.8743599],[88.5612741,25.8742346],[88.5609857,25.8738843],[88.5609966,25.8735602],[88.5613708,25.8729355],[88.5618668,25.8725711],[88.562218,25.8725024],[88.562905,25.8726535],[88.5633026,25.8725962],[88.563526,25.8722576],[88.5632561,25.8719255],[88.5628817,25.8717228],[88.5623543,25.8718145],[88.5616275,25.8717815],[88.5610338,25.8713377],[88.5608439,25.8706892],[88.5613477,25.8690682],[88.5615767,25.8680104],[88.5618668,25.8678181],[88.5621243,25.8676513],[88.5624622,25.8677356],[88.5632561,25.8677631],[88.5639889,25.8674746],[88.5643096,25.8671587],[88.5644164,25.8666916],[88.5640042,25.86573],[88.5631726,25.8651875],[88.5626651,25.8647224],[88.5623401,25.864576],[88.5607981,25.8644661],[88.5603639,25.8643647],[88.5603248,25.8640677],[88.5604775,25.8635182],[88.5607981,25.8631747],[88.5612534,25.8631074],[88.5618057,25.8635045],[88.5624317,25.863738],[88.5631798,25.8637517],[88.5637888,25.8635455],[88.5639584,25.8629412],[88.5639431,25.8622406],[88.5635767,25.8618696],[88.562676,25.8612789],[88.5623304,25.8606344],[88.5622814,25.8602158],[88.5627218,25.8592731],[88.563363,25.8585999],[88.5648121,25.8583902],[88.5661861,25.8575659],[88.5671632,25.857456],[88.5675602,25.8572774],[88.5678232,25.8562969],[88.5678808,25.8560821],[88.5685372,25.8551891],[88.5693464,25.8547907],[88.5703998,25.8549693],[88.5710105,25.8556974],[88.5713311,25.8559035],[88.5716075,25.855933],[88.5718655,25.8557524],[88.5724609,25.855038],[88.5727258,25.8550079],[88.5729186,25.8550491],[88.5730486,25.8552793],[88.5735143,25.8554227],[88.5739088,25.8557229],[88.5742089,25.8561091],[88.5744209,25.8563895],[88.5745724,25.8565219],[88.5747657,25.8565597],[88.5749631,25.8564691],[88.5751122,25.8563351],[88.5754165,25.8560789],[88.5756851,25.8557585],[88.5759283,25.8554982],[88.5760792,25.8550792],[88.5763501,25.8547903],[88.5766241,25.8546157],[88.5772926,25.8544807],[88.5774761,25.8544093],[88.5776114,25.8541301],[88.5778655,25.853403],[88.5779489,25.8532785],[88.5781438,25.8532012],[88.5783387,25.8532107],[88.5795906,25.8532931],[88.5801731,25.8534321],[88.5807204,25.8535283],[88.5812048,25.8534747],[88.5817086,25.8533006],[88.5822215,25.8530084],[88.5829036,25.85251],[88.5831755,25.8522485],[88.5833202,25.8520257],[88.5834227,25.8517681],[88.5833311,25.851246],[88.5830257,25.8504491],[88.5834227,25.8496659],[88.5840792,25.8494599],[88.5846746,25.8492675],[88.5849189,25.8488278],[88.5848425,25.847976],[88.5852853,25.84755],[88.586415,25.847234],[88.5874685,25.8473714],[88.5882318,25.8470966],[88.5887662,25.8465333],[88.5894837,25.8463959],[88.5903081,25.8464234],[88.5911173,25.8461211],[88.5922471,25.8452005],[88.5924455,25.8440876],[88.5931173,25.843538],[88.5937738,25.8426723],[88.5939723,25.8418754],[88.5942623,25.8414769],[88.5951631,25.841367],[88.5959264,25.8412708],[88.5961707,25.8409685],[88.596443,25.8405291],[88.5966135,25.840254],[88.597724,25.8398312],[88.5978043,25.8398006],[88.5982776,25.8390036],[88.598186,25.8376982],[88.5982165,25.8365165],[88.5986135,25.8360218],[88.5995343,25.8356904],[88.5996822,25.8356371],[88.6001249,25.8353623],[88.6007644,25.8343693],[88.6014098,25.8339862],[88.6016676,25.8337583],[88.6017345,25.8334029],[88.6017397,25.833047],[88.6015139,25.832694],[88.601072,25.8322361],[88.6007717,25.8318642],[88.6006916,25.8316293],[88.6007439,25.8313446],[88.6009793,25.8310972],[88.6012579,25.8308665],[88.6016317,25.8308597],[88.6020302,25.8308502],[88.6024602,25.8309069],[88.6029611,25.8308609],[88.6033129,25.8307419],[88.603603,25.8305424],[88.6037884,25.830152],[88.6039091,25.8297117],[88.6038043,25.8286289],[88.6035905,25.8271173],[88.6035295,25.8266775],[88.6038043,25.8262653],[88.6046134,25.8255781],[88.6046287,25.8251384],[88.6042623,25.8248498],[88.6039569,25.8245337],[88.6040944,25.8240253],[88.6044608,25.8236679],[88.6049951,25.8234481],[88.6055295,25.8236817],[88.6058348,25.8241489],[88.6058959,25.8248773],[88.6060593,25.825253],[88.6062688,25.8255634],[88.6064936,25.8257039],[88.6067175,25.8257897],[88.6068724,25.8258056],[88.6070562,25.8257867],[88.6071814,25.8255871],[88.6075753,25.8246849],[88.6081095,25.8239324],[88.6082541,25.8235322],[88.6082314,25.823125],[88.608208,25.8230113],[88.6081707,25.8228296],[88.6082165,25.8225136],[88.6083807,25.8222733],[88.6085829,25.8221425],[88.6089535,25.8219467],[88.6095484,25.8217919],[88.6097015,25.8216943],[88.6097785,25.8216452],[88.6099359,25.8214034],[88.6098643,25.8211644],[88.6097059,25.8209014],[88.609331,25.8205484],[88.6091564,25.8204638],[88.6089083,25.8204092],[88.6082895,25.820499],[88.6080455,25.8203759],[88.6079417,25.8202048],[88.6077236,25.8197851],[88.6077019,25.8194457],[88.6077737,25.8191603],[88.6076058,25.818803],[88.6067661,25.8187343],[88.6063539,25.8187068],[88.606247,25.8184044],[88.6065982,25.8178685],[88.6074836,25.8167827],[88.6074531,25.8159856],[88.6076211,25.8155733],[88.608018,25.8155321],[88.609163,25.8159032],[88.6096058,25.8157932],[88.6097584,25.8152435],[88.609331,25.8144051],[88.6084149,25.8127284],[88.60756,25.8120137],[88.6064608,25.8117663],[88.6054073,25.8112853],[88.6049804,25.8107196],[88.6048577,25.8105569],[88.604934,25.8099384],[88.6060638,25.8088663],[88.6063844,25.8082341],[88.606247,25.8076019],[88.605789,25.8070108],[88.6042928,25.8060212],[88.6034226,25.8053065],[88.602873,25.8052653],[88.6020028,25.8053065],[88.6017279,25.8049629],[88.6022776,25.8044681],[88.6034837,25.8038221],[88.6037127,25.8031623],[88.6033005,25.8024751],[88.6023844,25.802104],[88.6008577,25.8021452],[88.6002165,25.8019528],[88.599957,25.8015542],[88.6000638,25.8011693],[88.600415,25.8008532],[88.6010409,25.8007844],[88.6014226,25.8002759],[88.6014531,25.7993274],[88.6017738,25.7983103],[88.6028272,25.7974993],[88.6032547,25.7966883],[88.6031478,25.796056],[88.6027203,25.7957399],[88.6017738,25.7953137],[88.6016516,25.7948876],[88.6017432,25.7941041],[88.6022623,25.7932244],[88.6022457,25.7927488],[88.6020333,25.7914236],[88.6024913,25.7893891],[88.6029951,25.7886468],[88.6039417,25.7878083],[88.6045982,25.7862686],[88.6043997,25.7848665],[88.6035753,25.7837667],[88.6034226,25.7830243],[88.6038043,25.7823507],[88.604873,25.7817596],[88.6061096,25.7811272],[88.6065301,25.780879],[88.6067311,25.7805162],[88.6067588,25.7802323],[88.6065218,25.7799312],[88.6059417,25.7794775],[88.605331,25.7792575],[88.6042318,25.7789138],[88.6032547,25.7781165],[88.6031923,25.777935],[88.6030562,25.7775391],[88.6034837,25.7766455],[88.604247,25.7759306],[88.6050104,25.7754906],[88.6056516,25.7753944],[88.606873,25.7756281],[88.6073768,25.7756144],[88.6077432,25.7753806],[88.6079722,25.7749269],[88.6081707,25.7742533],[88.6085523,25.7740058],[88.609331,25.7739096],[88.6106897,25.7736621],[88.6110714,25.7733734],[88.6110771,25.7732446],[88.6110867,25.7730297],[88.6104149,25.7724385],[88.6097164,25.7723675],[88.6092144,25.7722453],[88.6089751,25.7717785],[88.6089646,25.7714211],[88.6089358,25.7708004],[88.609098,25.7705306],[88.6094112,25.7702913],[88.6110409,25.7697025],[88.6118806,25.7694688],[88.6121151,25.7692448],[88.6122695,25.7689377],[88.6123297,25.768526],[88.6121624,25.7681215],[88.6115054,25.767694],[88.6103081,25.766939],[88.6096363,25.7667328],[88.6085676,25.7667328],[88.6069035,25.7667877],[88.6066122,25.7666779],[88.6064603,25.766457],[88.6064343,25.7662571],[88.6065371,25.766004],[88.6067056,25.7655775],[88.6075513,25.7649175],[88.6080588,25.7642642],[88.6078959,25.7634879],[88.6076669,25.7623055],[88.6071783,25.761728],[88.6063081,25.761398],[88.6062012,25.761068],[88.6064608,25.7606142],[88.6077432,25.7599267],[88.6086134,25.7593217],[88.6088461,25.7590522],[88.6087092,25.7587537],[88.6086844,25.7586996],[88.6080027,25.758098],[88.6077453,25.7578232],[88.6076821,25.757493],[88.6077838,25.7570454],[88.6080333,25.7567642],[88.6083233,25.7561592],[88.6082165,25.7557192],[88.6076821,25.7553617],[88.60602,25.7550774],[88.6054151,25.7548761],[88.6049036,25.754488],[88.6046706,25.7541776],[88.6046287,25.7537391],[88.6045371,25.7529141],[88.6046898,25.7517315],[88.6050867,25.751154],[88.6054545,25.7502264],[88.6055447,25.7499989],[88.6062012,25.7494213],[88.606641,25.7491605]]}},{"type":"Feature","properties":{"osm_id":535262735,"group":"punarbhaba","version":1,"timestamp":"2017-10-25T14:21:56Z","tags":{"name":"Punarbhaba","waterway":"river"},"nodes":[5188688079,3056879247,3056879240,3056879233,3056879131,3056879129,3056879123,5188702713]},"geometry":{"type":"LineString","coordinates":[[88.606641,25.7491605],[88.6069671,25.748967],[88.6072088,25.7483488],[88.6073768,25.7478262],[88.6078501,25.7475099],[88.6085523,25.7471799],[88.6094378,25.746066],[88.6100177,25.7451847]]}},{"type":"Feature","properties":{"osm_id":535260298,"group":"punarbhaba","version":6,"timestamp":"2017-11-26T22:34:06Z","tags":{"name":"Punarbhaba","waterway":"river"},"nodes":[5188702713,3056879115,3056879110,3056879106,3056879103,3056879099,3056879097,3056879087,3056879084,3056879082,3056879081,3056879078,5175922031,3056879072,3056879069,3056879066,3056879063,3056879054,3056879047,3056879040,3056879030,3056879024,3056879017,3056879013,3056879007,3056879003,3056879002,3056879001,3056878997,3056878995,3056878992,3056878989,3056878987,3056878985,3056878983,3056878981,3056878975,3056878970,3056878967,3056878966,5249551776,3056878968,3056878965,3056878963,3056878955,3056878953,3056878951,3056878945,3056878944,3056878941,5249556231,3056878933,3056878918,3056878916,3056878910,3056878904,3056878900,3056878893,3056878889,3056878887,3056878883,3056878881,3056878877,3056878865,3056878861,3056878856,3056878853,3056878854,3056878857,3056878858,3056878855,3056878859,3056878868,5247265282,3056878870,3056878867,3056878862,3056878851,3056878848,3056878847,3056878846,3056878845,3056878841,3056878836,3056878834,3056878831,3056878827,3056878816,3056878806,3056878800,3056878796,3056878792,3056878785,3056878779,3056878772,3056878770,3056878768,3056878771,3056878781,3056878789,3056878787,3056878784,3056878776,3056878766,3056878759,3056878753,3056878740,3056878735,3056878718,3056878719,3056878722,3056878730,3056878731,3056878729,3056878723,3056878711,3056878708,3056878704,3056878702,3056878698,3056878689,3056878688,3056878686,3056878683,3056878681,3056878666,3056878658,3056878650,3056878647,3056878645,3056878649,3056878661,3056878672,3056878675,3056878667,3056878657,3056878651,3056878646,3056878639,3056878636,3056878635,3056878609,3056878589,3056878557,3056878544,3056878521,3056878515,3056878502,3056878494,3056878479,5248200614,3056878432,3056878419,3056878401,3056878378,3056878370,3056878355,3056878342,3056878332,3056878329,3056878335,3056878345,3056878359,3056878363,3056878365,3056878358,3056878351,3056878347,3056878343,3056878334,3056878316,3056878312,3056878310,3056878306,3056878301,3056878296]},"geometry":{"type":"LineString","coordinates":[[88.6100177,25.7451847],[88.6101707,25.7449521],[88.6103233,25.7439758],[88.6106745,25.743412],[88.6113462,25.7429994],[88.6123691,25.7425593],[88.6128577,25.7422155],[88.6135142,25.7412254],[88.6145676,25.7406065],[88.6160027,25.7402352],[88.6164454,25.7401115],[88.6171019,25.7393138],[88.6174733,25.7387006],[88.6176515,25.7384062],[88.6181859,25.7379248],[88.6181859,25.737526],[88.6178958,25.7369484],[88.6159111,25.7342941],[88.6159416,25.7333589],[88.6165065,25.7317361],[88.616537,25.7308421],[88.6164454,25.7296318],[88.6158958,25.7286828],[88.6158195,25.7276376],[88.6154225,25.7271149],[88.6132241,25.7261109],[88.6120943,25.7258358],[88.6111478,25.725712],[88.6107661,25.7252306],[88.6105981,25.7246255],[88.6109798,25.723869],[88.611392,25.7231125],[88.6114073,25.7222873],[88.6107966,25.7214895],[88.6099722,25.7213795],[88.609102,25.7209256],[88.6089646,25.7202516],[88.6093004,25.7192475],[88.6098959,25.7185048],[88.6107966,25.7184498],[88.6112453,25.7184774],[88.6121401,25.7185323],[88.6127355,25.7182572],[88.6129187,25.7179133],[88.6125676,25.7171568],[88.6121859,25.7165654],[88.6123386,25.7158639],[88.6129288,25.715322],[88.6138906,25.7152807],[88.6145471,25.7150056],[88.6152342,25.713995],[88.6152952,25.7139052],[88.6158753,25.7126259],[88.6159059,25.7116906],[88.6154478,25.7097235],[88.6154631,25.7084305],[88.6150814,25.7076876],[88.6141349,25.7069448],[88.6121349,25.7059406],[88.610486,25.7054867],[88.6101196,25.7052253],[88.610028,25.7048814],[88.6101044,25.7041523],[88.6113257,25.7015936],[88.6112341,25.7012772],[88.6108524,25.7009608],[88.6097227,25.7008232],[88.60757,25.7008507],[88.6066693,25.7010158],[88.6058143,25.7010433],[88.604425,25.700892],[88.6036006,25.7010846],[88.6026235,25.7019788],[88.6021793,25.7020828],[88.6018601,25.7021576],[88.6011426,25.7019375],[88.6006998,25.7013185],[88.6004708,25.7005206],[88.6000739,25.6996126],[88.5992342,25.6990486],[88.5981349,25.698966],[88.5977685,25.6986771],[88.5977227,25.6980306],[88.5978143,25.6965998],[88.5974632,25.6959532],[88.5961655,25.6956506],[88.5955548,25.6953479],[88.5953716,25.6947701],[88.5954021,25.6940272],[88.5957075,25.6930779],[88.5964556,25.6926652],[88.5973563,25.692335],[88.5974937,25.6918122],[88.596822,25.691028],[88.5965014,25.6902576],[88.5961807,25.6899549],[88.5956159,25.6898861],[88.5948853,25.690207],[88.5934785,25.6914132],[88.5928525,25.6919773],[88.592135,25.6919498],[88.5919365,25.6916884],[88.591738,25.690574],[88.5911884,25.6895697],[88.5906846,25.6882902],[88.5906388,25.6872858],[88.5908831,25.684823],[88.59128,25.6842452],[88.5932342,25.6822089],[88.5937533,25.6822914],[88.594196,25.6827317],[88.5952495,25.6836398],[88.5961502,25.6838599],[88.5968067,25.6835022],[88.5971884,25.6827455],[88.5975548,25.6806816],[88.5981197,25.6796772],[88.5987609,25.6790856],[88.5989441,25.6785077],[88.5986846,25.6777647],[88.5978601,25.6766502],[88.5978907,25.6760723],[88.5983334,25.6757833],[88.5994784,25.6753292],[88.6008067,25.6751916],[88.6033258,25.6744486],[88.6043181,25.6738982],[88.6052036,25.6729625],[88.6057532,25.6725222],[88.6065319,25.6724121],[88.607799,25.6728937],[88.6091578,25.6740221],[88.6098143,25.6747238],[88.6102112,25.6748201],[88.6107456,25.6744624],[88.6110967,25.6738845],[88.6109593,25.6731552],[88.6106234,25.6724121],[88.6098753,25.670582],[88.6092341,25.6698665],[88.6092189,25.6695363],[88.6091578,25.6686831],[88.6092799,25.667885],[88.6097532,25.6667016],[88.6098448,25.6656283],[88.6098601,25.6648164],[88.609967,25.6643072],[88.6107761,25.6636742],[88.6110662,25.6634678],[88.6112036,25.6630137],[88.6108879,25.6621228],[88.6105013,25.6610321],[88.6106845,25.6603715],[88.6109746,25.6597522],[88.6113105,25.6578256],[88.6119059,25.6569173],[88.6128982,25.6553898],[88.6136311,25.6532566],[88.6140433,25.6523208],[88.6145471,25.6522382],[88.6148524,25.6526373],[88.6149898,25.6536558],[88.6158906,25.655665],[88.6163333,25.6559953],[88.616883,25.6560503],[88.6173104,25.6556513],[88.6175852,25.6550182],[88.617631,25.6544127],[88.6171425,25.6533667],[88.6170814,25.6526098],[88.6177684,25.6499674],[88.6181654,25.6492105],[88.6190203,25.6487425],[88.61957,25.6482196],[88.6199516,25.6472699],[88.6208619,25.6461946]]}},{"type":"Feature","properties":{"osm_id":537057165,"group":"punarbhaba","version":5,"timestamp":"2026-09-18T09:07:32Z","tags":{"name":"পুনর্ভবা","name:en":"Punarbhaba","wikidata":"Q3349842","waterway":"river","intermittent":"yes"},"nodes":[3056878296,5157271871,3941920497,3056878277,14191253637,3056878256,3056878243,5164015709,3056878193,3056878177,5117892584,3056878146,3056878025,5159827165,8403705373,3056878013,3056877993,5119650617,3056877984,8403705372,3056877961,5119650616,3056877945,5119696726,3056877935,5119696727,3056877933,3056877811,3056877785,3056877763,3056877749,3056877747,3056877755,3056877777,3056877779,3056877774,3056877632,3056877618,3056877594,3056877582,3056877579,3056877577,1467346285]},"geometry":{"type":"LineString","coordinates":[[88.6208619,25.6461946],[88.6208235,25.6457845],[88.6208592,25.6447407],[88.6213476,25.6418357],[88.6219035,25.6396656],[88.6223531,25.6381272],[88.6221017,25.6365613],[88.6207166,25.6343854],[88.6200678,25.633244],[88.6188495,25.6319712],[88.6191719,25.6309745],[88.6185121,25.6277757],[88.6197171,25.6250706],[88.6207166,25.6225392],[88.6207659,25.6221344],[88.6208321,25.6218772],[88.6255644,25.6167168],[88.6260289,25.6159013],[88.6262116,25.6139976],[88.6261175,25.6117659],[88.626127,25.6106213],[88.6253538,25.6091106],[88.6236743,25.6073003],[88.6212358,25.6059152],[88.6169761,25.6053629],[88.6159511,25.6050212],[88.6153685,25.603713],[88.6143193,25.5987456],[88.6141882,25.5919645],[88.6145379,25.587943],[88.6135762,25.5864841],[88.6106739,25.5858628],[88.6097074,25.5866938],[88.6057949,25.5904663],[88.6041337,25.590624],[88.603478,25.5897172],[88.600724,25.5827779],[88.6012048,25.5789137],[88.6031283,25.5728807],[88.6040463,25.5697655],[88.603784,25.5688979],[88.6023414,25.5683853],[88.6002952,25.567513]]}},{"type":"Feature","properties":{"osm_id":133297833,"group":"punarbhaba","version":13,"timestamp":"2022-01-06T08:20:23Z","tags":{"name":"Punarbhaba","waterway":"river","intermittent":"yes"},"nodes":[1467346285,1467346286,1467346291,3941306501,1467346289,3941306500,1467346287,1467346279,1467346277,5164567473,1467346275,1467346273,1467346271,1467346269,8410541914,1467346267,5153285474,1467346266,8410578719,8410578720,5117953674,8410578717,8410578718,8410541915,1467346257,8410541916,5153285353,3941306499,1467346259,8410892031,1467346255,8410892032,1467346252,1467346250,1467346249,1467346244,1467346241,1467346239,1467346237,1467346235,1467346234,1467346233,1467346231,5247849870,1467346224,1467346222,3941153459,1467346220,3941153458,3941153473,1467346219,3941153321,3941153472,3941153322,3941153485,3941153486,1467346217,1467346193,1467346186,8410658542,1467346185,8410658543,1467346184,8410658544,8410658545,8410658546,1467346183,8410658547,8410658548,1467346181,9396230943,8410658549,1467346179,8410658550,1467346175,1467346169,1467346168,1467346167,1467346166,1467346164]},"geometry":{"type":"LineString","coordinates":[[88.6002952,25.567513],[88.5960239,25.5679737],[88.5904525,25.5704028],[88.5888437,25.5703733],[88.5874919,25.5700636],[88.5864404,25.5695022],[88.5853919,25.5682249],[88.5846026,25.5655864],[88.5835436,25.5629984],[88.5829426,25.5621328],[88.5820491,25.5606442],[88.5811618,25.5588365],[88.5804241,25.5570002],[88.5813421,25.5538515],[88.5821276,25.5527427],[88.5831875,25.5518866],[88.5845591,25.5512291],[88.5863096,25.5508412],[88.5871893,25.5503935],[88.5878169,25.5498225],[88.5882086,25.5491255],[88.5883319,25.5485447],[88.5883158,25.5479978],[88.5882086,25.5473783],[88.5882891,25.5468338],[88.5883909,25.5465265],[88.5889127,25.5462271],[88.5902363,25.5453915],[88.5909981,25.5448107],[88.591218,25.5446002],[88.5914594,25.5441718],[88.5914862,25.5437967],[88.5913843,25.5432909],[88.5907311,25.5424233],[88.5887811,25.5406639],[88.5845562,25.5377733],[88.5833955,25.535972],[88.5811272,25.5305848],[88.5799134,25.5274675],[88.5789385,25.5242143],[88.5777313,25.5209316],[88.57704,25.5195494],[88.5761672,25.516246],[88.5760651,25.5153266],[88.5759848,25.5132716],[88.5755466,25.5126046],[88.575602,25.5117267],[88.5771283,25.5102349],[88.5781643,25.5092142],[88.5782222,25.5085917],[88.5776653,25.5083925],[88.5758285,25.5085454],[88.5746792,25.5087344],[88.573738,25.5086845],[88.5732082,25.5083347],[88.5728918,25.5080421],[88.5728997,25.5078137],[88.5730816,25.5037522],[88.5696528,25.501657],[88.5685694,25.5016274],[88.5673839,25.5015184],[88.5660857,25.5014773],[88.5649378,25.5012424],[88.5640258,25.5008817],[88.5625559,25.4996713],[88.5616386,25.4986254],[88.5606248,25.4970978],[88.559804,25.4964514],[88.5590315,25.4957203],[88.5586507,25.4948802],[88.5583338,25.4940938],[88.558213,25.4938543],[88.5582751,25.4926092],[88.5579157,25.4905925],[88.5567187,25.4886117],[88.5548049,25.4872553],[88.5518945,25.4862344],[88.5450773,25.4860773],[88.5417003,25.4857704],[88.5392425,25.4835529]]}},{"type":"Feature","properties":{"osm_id":133297832,"group":"punarbhaba","version":11,"timestamp":"2022-06-28T20:21:52Z","tags":{"name":"Punarbhaba","waterway":"river","intermittent":"yes"},"nodes":[1467346164,1467346162,1467346159,3941153557,1467346157,1467346152,1467346151,1467346150,5284129564,1467346149,1467346146,1467346144,3941153583,1467346142,1467346140,3941153584,1467346134,1467346133,1467346130,1467346132,1467346128,1467346126,1467346124,9854219826,1467346119,1467346118,1467346116,1467346115,1467346113,1467346111,1467346109,1467346106,1467346101,3941159713,1467346099,3941159712,1467346097,1467346095,3941159711,1467346093,3941159710,1467346091,1467346088,1467346085,1467346082,1467346079,1467346076,1467346073,3941163046,1467346071,1467346069,3941163047,1467346067,1467346060,3941163048,3941163049,1467346058,1467346056,1467346055,3941163050,1467346054,1467346053,1467346052,1467346050,1467346039,1467346037,1467346040,1467346038,1467346036,1467346032,1467346030,1467346027,1467346022,1467346021,1467346019,1467346017,1467346015,1467346012,5310232360,1467346010,1467346005,1467345995,1467345983,1467345986,1467345996,1467345999,5310232361,1467346003,1467346001,1467345992,1467345990,1467345981,1467345979,5310232362,1467345977,1467345975,1467345974,5310232365,1467345963,5310232363,1467345965,5310232364,1467345961,1467345959,5310232366,1467345957,1467345955,1467345952,1467345951,5310232367,1467345922,5310232369,5310232368,1467345921,1467345920,1467345918,1467345917,1467345916,1467345915,1467345912,1467345903,1467345902,1467345901,1467345900,5279854273,1467345898,1467345895,1467345893,1467345886,1467345890,1467345884,1467345882,1467345880,1467345878,5310232370,1467345876,1467345873,1467345870,1467345868,1467345865,5310232371,1467345862,1467345854,1467345845,1467345847,1467345858,1467345860,1467345853,1467345843,1467345840,1467345839,1467345838,6482456997,1467345837,3941118153,1467345830,1467345828,1467345820,3941118669,1467345809,1467345808,1467345823,1467345825,3941118150,3941118151,1467345822]},"geometry":{"type":"LineString","coordinates":[[88.5392425,25.4835529],[88.5390656,25.4815629],[88.5393906,25.4790901],[88.5426645,25.4742474],[88.5442655,25.4703301],[88.5447763,25.4668091],[88.5438477,25.4631623],[88.543337,25.4601442],[88.5449219,25.4562265],[88.5453871,25.4550764],[88.5470155,25.4519005],[88.5457512,25.449664],[88.5411534,25.4471601],[88.5403457,25.4466426],[88.5398507,25.4451016],[88.5399288,25.4420078],[88.5398637,25.4389257],[88.5393771,25.4357874],[88.5390775,25.4350109],[88.5382353,25.4345142],[88.5356514,25.4337286],[88.5332157,25.4314262],[88.5330851,25.4292228],[88.5335205,25.428274],[88.5339058,25.4274345],[88.5368371,25.4237949],[88.5372668,25.4225637],[88.5360553,25.4205518],[88.5327725,25.4183399],[88.5278765,25.416205],[88.5239765,25.4151566],[88.5216345,25.4140452],[88.5165279,25.4123862],[88.5152383,25.4117273],[88.5142267,25.4105018],[88.5137141,25.4097975],[88.5132321,25.4083737],[88.5132981,25.4040853],[88.5132061,25.4025373],[88.5134218,25.4013058],[88.5138184,25.398701],[88.5134927,25.3974419],[88.5117731,25.3949941],[88.5078196,25.3906223],[88.5079953,25.3891923],[88.5090766,25.3881919],[88.5111478,25.3867561],[88.5120467,25.3858499],[88.5123984,25.3853085],[88.5122291,25.3847436],[88.511239,25.3843435],[88.5096888,25.383755],[88.5085034,25.383143],[88.5074091,25.3821191],[88.5067317,25.3801653],[88.5061325,25.3779997],[88.5059371,25.3763284],[88.5066125,25.3744311],[88.5078911,25.3738567],[88.5124375,25.373174],[88.5133233,25.3726914],[88.5136231,25.3714527],[88.5135302,25.3687679],[88.5127756,25.3673717],[88.5102339,25.3660653],[88.5070742,25.3652435],[88.4989983,25.3656635],[88.4965376,25.3648664],[88.4958876,25.3637756],[88.4959341,25.3615941],[88.4955162,25.3591608],[88.4947269,25.3584056],[88.4913841,25.3566435],[88.4901306,25.3546296],[88.4887377,25.3519025],[88.4890049,25.3503942],[88.4901751,25.3492679],[88.4931324,25.3476882],[88.4943687,25.3468544],[88.4951497,25.3457266],[88.4960827,25.342628],[88.4963983,25.3397764],[88.4952376,25.3384336],[88.494488,25.3389857],[88.4937984,25.3401121],[88.4935547,25.3413545],[88.4925725,25.3421385],[88.4914277,25.3420994],[88.4909033,25.3411948],[88.4899192,25.3397513],[88.4884406,25.3387589],[88.4876001,25.3377622],[88.4876626,25.3369443],[88.4897488,25.3359793],[88.4915098,25.334397],[88.4920414,25.3325757],[88.4912913,25.3311741],[88.490589,25.330683],[88.4897891,25.3309562],[88.4891663,25.3321834],[88.487454,25.3325875],[88.4860885,25.3315021],[88.4855036,25.3298288],[88.4849771,25.328866],[88.4849327,25.3278147],[88.4854413,25.3271455],[88.4865742,25.326168],[88.4884685,25.3256433],[88.489671,25.3234546],[88.4901865,25.3224904],[88.4900841,25.3214381],[88.489599,25.3206155],[88.4884634,25.3193813],[88.4879485,25.3182065],[88.4880413,25.3163599],[88.4882734,25.3127925],[88.4876255,25.311282],[88.4857199,25.3080917],[88.484629,25.3067867],[88.4843735,25.3043982],[88.4853765,25.3021672],[88.4853949,25.3006625],[88.4848695,25.2998103],[88.4824624,25.2982643],[88.4790085,25.2967778],[88.4780867,25.2963487],[88.4771875,25.2957323],[88.4771307,25.294576],[88.4777483,25.2945577],[88.4794488,25.2944282],[88.4799989,25.2939795],[88.4792166,25.2926046],[88.4774851,25.2914292],[88.473525,25.2885373],[88.4724812,25.2873992],[88.4718844,25.2860125],[88.4714665,25.2843753],[88.4729504,25.2826478],[88.4732772,25.2817305],[88.4726547,25.2810385],[88.4707222,25.2799852],[88.4701476,25.2792116],[88.4700822,25.2782616],[88.4707047,25.2773923],[88.4717915,25.2773301],[88.4729598,25.2780235],[88.4733279,25.2780235],[88.4738658,25.2775883],[88.4734978,25.2763466],[88.4715594,25.2737119],[88.4691591,25.2721805],[88.4663277,25.2712715],[88.4661464,25.2711847],[88.4657332,25.2709771],[88.4655633,25.270529],[88.4658606,25.2696969],[88.4663561,25.2685063],[88.4664552,25.2676869],[88.4661012,25.2672133],[88.4656907,25.2669444],[88.4650961,25.267098],[88.4635672,25.2682758],[88.4622248,25.2687841],[88.4614037,25.2686689],[88.4609082,25.2684768],[88.4609274,25.267834]]}},{"type":"Feature","properties":{"osm_id":133297831,"group":"punarbhaba","version":11,"timestamp":"2026-03-23T04:13:25Z","tags":{"name":"Punarbhaba River","name:en":"Punarbhaba River","wikidata":"Q3349842","waterway":"river"},"nodes":[1467345822,1467345819,3941118152,1467345807,1467345804,1467345800,1467345796,1467345794,5277485787,1467345791,5277485785,1467345782,1467345781,5277485786,1467345777,1467345774,1467345767,1467345764,5284327004,5284327003,1467345762,1467345755,1467345750,5284327005,1467345748,1467345746,1467345744,1467345734,1467345731,1467345728,1467345721,1467345716,5284327006,1467345713,5284327007,1467345712,5284327008,5284327009,1467345703,1467345683,1467345676,1467345665,1467345660,1467345672,1467345670,5284327010,1467345655,5284327013,1467345641,1467345625,1467345622,1467345627,5284327011,1467345639,1467345651,5284327012,1467345658,1467345645,1467345635,1467345617,1467345610,1467345608,1467345605,1467345603,1467345601,1467345595,13670663950,1467345594,1467345589,1467345585,1467345576,1467345577,1467345591,5284778426,1467345592,5284778427,5284778428,1467345587,1467345575,5284778430,5284778429,1467345574,5284778431,1467345573,1467345572,1467345568,1467345566,1467345555,1467345553,5202013144,5202013145,1467345551,1467345550,1467345548,5202013143,1467345547,5202013146,1467345543,1467345529,1467345531,1467345545,5202013147,1467345526,1467345525,5202013148,5202013149,5202013150,1467345523,5202013151,1467345522,5202013152,1467345507,1467345505,5202013153,5202013154,1467345510,1467345520,5202013155,1467345508,5202013160,1467345503,5202013159,1467345501,5202013158,5202013157,1467345498,5202013156,1467345486,1467345488,1467345495,5202013163,5202013162,1467345483,5202013161,1467345481,1467345480,5202013164,1467345478,1467345475,5202013165,5202013166,5202013167,5202013168,1467345464,5202013169,1467345462,5202013170,5202013171,1467345461,5202013181,5202013180,1467345460,5202013179,1467345458,5202013176,5202013177,5202013178,1467345456,1467345454,5202013175,1467345451,1467345438,1467345437,5202013174,1467345436,5202013173,5202013172,1467345435,1467345433,5202013182,5202013183,5202013184,5202013185,5202013186,5202013187,5202013188,5202013189,5202013190,5202013191,5202013192,5202013193,5202013194,5202013195,5202013196,5202013197,5202013198,5202013199,5202013200,5202013201,5202013202,5202013203,5202013204,5202013205,5202013206,5202013207,5202013208,5202013209,5202013210,5202013211,5202013212,5202013213,5202013214,5202013215,5202013216,5202013217,5202013218,5202013219,5202013220,5202016821,5202016822,5202016823,5202016824,5202016825,5202016826,5202016827,5202016828,5202016829,5202016830,5202016831,5202016832,5202016833,5202016834,5202016835,5202016836,5202016837,5202016838,5202016839,5202016840,5202016841,5202016842,5202016843,5202016844,5202016845,5202016846,5202016847,5202016848,5202016849,5202016850,5202016851,5202016852,5202016853,5202016854,5202016855,5202016856,5202016857,5202016858,5202016859,5202016860,5202016861,5202016862,5202016863,5202016864,5202016865,5202016866,5202016867,5202016868,5202016869,5202016870,5202016871,5202016872,5202016873,5202016874,5202016875,5202016876,5202016877,5202016878,5202016879,5202016880,5202016881,5202016882,5202016883,5202016884,5202016885,5202016886,5202016887,5202016888,5202016889,5202016890,5202016891,5202016892,5202016893,5202016894,5202016895,5202016896,5202016897,5202016898,5202016899,5202016900,5202016901,5202016902,5202016903,5202016904,5202016905,5202016906,5202016907,5202016908,5202016909,5202016910,5202016911,5202016912,5202016913,5202016914,5202016915,5202016916,5202016917,5202016918,5202016919,5202016920,5202016921,12851504979,5202016922,5202016923,5284877433,5202016924,5202016925,5202016926,5202016927,5202016928,5202016929,5202016930,5202016931,5202016932,5202016933,5202016934,5202016935,5202016936,5202016937,5202016938,5202016939,5202016940,5202016941,5202016942,5202016943,5202016944,5202016945,5202016946,5202016947,5202016948,5202016949,5202016950,5202016951,5202016952,5202016953,5202016954,5202016955,5202016956,5202016957,5202016958,5202016959,5202016960,5202016961,5202016962,5202016963,5202016964,5202016965,5202016966,5202016967,5202016968,5202016969,5202016970,5202016971,5202016972,5202016973,5202016974,5202016975,5202016976,5202016977,5202016978,5202016979,5202016980,5202016981,5202016982,5202016983,5202016984,5202016985,5202016986,5202016987,5202016988,5202016989,5202016990,5202016991,5202016992,5202016993]},"geometry":{"type":"LineString","coordinates":[[88.4609274,25.267834],[88.4612338,25.2669149],[88.4620974,25.2661596],[88.462692,25.2651866],[88.4627106,25.2638947],[88.4619331,25.2631067],[88.461531,25.2621658],[88.4616201,25.2599782],[88.4607927,25.2587711],[88.4599653,25.2574872],[88.4592958,25.2560518],[88.4589661,25.2546548],[88.4593093,25.2538069],[88.4601775,25.2532902],[88.4606636,25.252479],[88.460556,25.2512485],[88.4600453,25.2496108],[88.4594606,25.245424],[88.4591507,25.2446304],[88.4584504,25.2437338],[88.4576192,25.2419554],[88.4555137,25.2374064],[88.4544181,25.2363429],[88.4532812,25.2356177],[88.4521932,25.2351278],[88.4516292,25.2345473],[88.4518149,25.23416],[88.4530774,25.2340131],[88.4542486,25.2329642],[88.453739,25.2317336],[88.4528616,25.2312771],[88.4504497,25.2307205],[88.4490259,25.2301886],[88.4481469,25.2296052],[88.4478496,25.2289898],[88.4481133,25.2285289],[88.4498312,25.2274171],[88.4507959,25.2267729],[88.451419,25.2259301],[88.4505666,25.2247529],[88.4490418,25.2218508],[88.4481153,25.2197457],[88.4475026,25.2196439],[88.4437327,25.2214533],[88.4416703,25.2214113],[88.4402953,25.2207821],[88.4392455,25.2187847],[88.4388729,25.2179846],[88.4386629,25.2169785],[88.4392712,25.2158772],[88.4399583,25.2155485],[88.4408973,25.215628],[88.4414088,25.2161058],[88.4413755,25.2167455],[88.4414277,25.2181546],[88.4419123,25.2191269],[88.4426896,25.2199522],[88.4441205,25.2180286],[88.4455531,25.2162688],[88.4457654,25.2140855],[88.4453276,25.212022],[88.4442598,25.2105938],[88.4417062,25.2084515],[88.4386884,25.2069393],[88.4377598,25.2060152],[88.4383634,25.2029486],[88.4380777,25.2005851],[88.4380384,25.20026],[88.4375277,25.1988317],[88.4380867,25.1974827],[88.4388975,25.1971197],[88.439629,25.1972963],[88.4407777,25.1991258],[88.4410314,25.1999946],[88.4418154,25.2002635],[88.4422063,25.2000683],[88.4425071,25.1995226],[88.4426324,25.1983347],[88.4434965,25.1954776],[88.443536,25.1943802],[88.4433338,25.1932969],[88.4431633,25.1917902],[88.4431371,25.1907913],[88.4435633,25.188875],[88.4427603,25.1845427],[88.4427802,25.1829687],[88.4432141,25.1815571],[88.4434529,25.180702],[88.444516,25.1807828],[88.4453996,25.1802158],[88.4456894,25.1796362],[88.4457294,25.1793492],[88.4452525,25.1782389],[88.4429598,25.1753885],[88.4422921,25.174863],[88.4417101,25.174124],[88.4417121,25.173746],[88.4418642,25.173504],[88.4428712,25.1731198],[88.4436925,25.1731681],[88.4451348,25.1736559],[88.446143,25.1737193],[88.4481064,25.1728385],[88.4490664,25.1721832],[88.4497822,25.1709379],[88.4502919,25.1700068],[88.4508347,25.1684966],[88.4516494,25.167007],[88.452039,25.1659503],[88.4518169,25.1646081],[88.4518336,25.1643063],[88.4521525,25.1639363],[88.4528661,25.1637267],[88.4543896,25.163796],[88.455297,25.1642206],[88.4562775,25.1646799],[88.4568092,25.164984],[88.4573581,25.1650164],[88.4579277,25.1645184],[88.4580066,25.1636202],[88.4577525,25.1628496],[88.4573409,25.1621614],[88.456656,25.1616475],[88.4562601,25.1612331],[88.4561566,25.1607746],[88.4563171,25.1604124],[88.4567261,25.1602192],[88.4574856,25.1602161],[88.458364,25.1602872],[88.4593272,25.1606103],[88.4597061,25.1605296],[88.460042,25.1602936],[88.4600917,25.1595884],[88.4600944,25.1589084],[88.4598948,25.1584958],[88.4584999,25.1566218],[88.4576866,25.1552861],[88.4570739,25.1538311],[88.4569418,25.1530657],[88.4571348,25.1527669],[88.4575224,25.1526923],[88.458599,25.1525272],[88.4600457,25.1521481],[88.4610524,25.1519243],[88.4615347,25.1516808],[88.4617703,25.1513111],[88.4618415,25.1507272],[88.461987,25.1503167],[88.4620881,25.1492769],[88.4618646,25.1486285],[88.4615465,25.148328],[88.4611162,25.1481838],[88.4594824,25.1483576],[88.4579311,25.1484429],[88.4573638,25.1481855],[88.4570909,25.1479077],[88.4570864,25.1475666],[88.4573994,25.1471813],[88.458161,25.1466933],[88.4589914,25.1459369],[88.4596825,25.1452246],[88.4601777,25.1449447],[88.4608847,25.1444143],[88.4610226,25.1436819],[88.460881,25.1430721],[88.4606379,25.142596],[88.4602728,25.1413376],[88.4602132,25.1406443],[88.4604347,25.138967],[88.4603529,25.1384955],[88.4600525,25.1384178],[88.4589582,25.1385247],[88.458411,25.1386704],[88.4581428,25.1389812],[88.458014,25.1392531],[88.457778,25.1396125],[88.4574239,25.1397096],[88.4571128,25.1395834],[88.456866,25.139224],[88.4567909,25.1388938],[88.456866,25.1385441],[88.4571879,25.1379711],[88.4585827,25.1368638],[88.4592264,25.1363102],[88.4594624,25.1358343],[88.4594195,25.1355623],[88.4591835,25.1352709],[88.4588723,25.1351738],[88.4574347,25.1347173],[88.4560828,25.1342025],[88.4556751,25.133882],[88.4556859,25.1337071],[88.4557181,25.1335226],[88.4559112,25.133406],[88.4566086,25.1333186],[88.457381,25.1333575],[88.4577136,25.133542],[88.4583359,25.133814],[88.458808,25.1339985],[88.4595375,25.1341442],[88.4599989,25.1340956],[88.4608679,25.1336197],[88.46134,25.1331923],[88.4616296,25.1327941],[88.4618013,25.1321142],[88.461694,25.1313468],[88.4616082,25.1307155],[88.4618228,25.1304144],[88.462209,25.1298607],[88.4626811,25.1295013],[88.4628527,25.1289574],[88.4625201,25.1282774],[88.4618764,25.1270632],[88.4614794,25.1260336],[88.4614151,25.1252274],[88.4615545,25.1244697],[88.4618764,25.1237023],[88.4622412,25.1231],[88.4627133,25.1222452],[88.4626382,25.1217207],[88.4623699,25.1214098],[88.461179,25.1207881],[88.4606211,25.1203316],[88.4605031,25.1199527],[88.4606748,25.119603],[88.4608786,25.1192533],[88.4607392,25.118923],[88.4603207,25.1187384],[88.4592586,25.1184859],[88.4586578,25.1182236],[88.4580248,25.1177573],[88.4578853,25.117427],[88.4578209,25.116951],[88.4579926,25.116611],[88.4582393,25.1164653],[88.4590762,25.1165333],[88.459559,25.1163584],[88.4597628,25.1160476],[88.4597199,25.1156784],[88.4593122,25.1152024],[88.4587543,25.1145224],[88.4584432,25.1140658],[88.4589045,25.1138521],[88.4595161,25.1139395],[88.4606748,25.1142698],[88.4613614,25.1143087],[88.4614365,25.1141435],[88.4613078,25.1137355],[88.460589,25.1124629],[88.4604709,25.1120257],[88.4606533,25.1115594],[88.4609752,25.1113651],[88.4615009,25.1110057],[88.4618979,25.1104908],[88.4630566,25.1093444],[88.463754,25.1089558],[88.4644728,25.1083827],[88.4645479,25.1080135],[88.4646015,25.1061676],[88.4648161,25.1050795],[88.4647517,25.1043994],[88.4644942,25.1039719],[88.4642046,25.1036902],[88.4640329,25.1031947],[88.4641402,25.1026604],[88.464505,25.10199],[88.4645586,25.1015042],[88.4644191,25.1013876],[88.4640651,25.1012516],[88.4634536,25.1013391],[88.4628957,25.1016014],[88.4623807,25.1016499],[88.4619622,25.1015625],[88.4615653,25.1013002],[88.4615438,25.1007367],[88.4609752,25.0997651],[88.4609001,25.0993279],[88.4610181,25.0989781],[88.4614902,25.0989296],[88.4620159,25.0993571],[88.4625201,25.0996874],[88.4633141,25.0998817],[88.4641724,25.0997165],[88.465374,25.0993668],[88.4660714,25.0989393],[88.4662538,25.0985992],[88.4662752,25.0980357],[88.4661679,25.0976956],[88.4662967,25.0948003],[88.4660285,25.0943728],[88.465653,25.0942367],[88.4650414,25.0941784],[88.4646123,25.0939938],[88.4641724,25.0937801],[88.4640436,25.0934303],[88.4641617,25.0931291],[88.4644942,25.0931485],[88.4657388,25.0935469],[88.4666722,25.0937218],[88.4674554,25.0937995],[88.4680884,25.0937898],[88.4683995,25.0935566],[88.4684746,25.0931097],[88.468421,25.0926822],[88.4681313,25.0922158],[88.4680777,25.0916522],[88.4683459,25.0911761],[88.4689145,25.0908555],[88.4694188,25.0905057],[88.4695238,25.0902863],[88.4696977,25.0899227],[88.4698801,25.0885721],[88.4698106,25.088061],[88.4697836,25.0878628],[88.4693651,25.0867454],[88.4688072,25.0853461],[88.4680884,25.0840149],[88.467155,25.0826934],[88.4667151,25.0821687],[88.4662001,25.0818675],[88.4657495,25.0817314],[88.4637432,25.0814205],[88.4631961,25.0812844],[88.4629171,25.0806917],[88.4629278,25.0799823],[88.4628849,25.0792924],[88.4626703,25.0785636],[88.4623699,25.0779028],[88.4622412,25.0772906],[88.4622305,25.0768436],[88.4626489,25.0766784],[88.4637861,25.0766104],[88.4648912,25.0767756],[88.4654598,25.077106],[88.4660821,25.0775821],[88.4666186,25.0777765],[88.4670906,25.0775335],[88.4671979,25.0771643],[88.4670263,25.0767173],[88.4664684,25.0756289],[88.466007,25.0744628],[88.4657066,25.0735493],[88.4653204,25.073044],[88.4642797,25.0722277],[88.4614258,25.0705076],[88.4594839,25.0695552],[88.4590762,25.0692637],[88.4587651,25.0689138],[88.4589153,25.0685737],[88.4591298,25.0685542],[88.4612541,25.0688555],[88.4621768,25.0688069],[88.4625631,25.0684376],[88.4626489,25.0681072],[88.4626382,25.0677865],[88.4623699,25.0675824],[88.4618657,25.0673686],[88.4609966,25.067009],[88.4593122,25.0662219],[88.4584968,25.0660955],[88.4574025,25.0659886],[88.4555142,25.0660178],[88.4548919,25.0659497],[88.4543448,25.0656873],[88.451051,25.0643365],[88.4502571,25.06387],[88.4496777,25.0634035],[88.4493022,25.0627718],[88.4490018,25.0623442],[88.4481864,25.0621984],[88.4476392,25.0621789],[88.4461587,25.0617222],[88.4451502,25.0618388],[88.4444099,25.0619263],[88.443691,25.0617708],[88.443337,25.0613917],[88.4423607,25.0607794],[88.4417598,25.0604101],[88.4407943,25.0602158],[88.4404724,25.0596521],[88.4406226,25.0589815],[88.4413521,25.0581262],[88.4423285,25.0572709]]}},{"type":"Feature","properties":{"osm_id":537135329,"group":"punarbhaba","version":1,"timestamp":"2017-10-31T11:46:20Z","tags":{"name":"Punarbhava river","waterway":"river"},"nodes":[5202016993,5202016994,5202016995,5202016996,5202016997,5202016998,5202016999,5202017000,5202017001,5202017002,5202017003,5202017004,5202017005,5202017006,5202017007,5202017008,5202017009,5202017010,5202017011,5202017012,5202017013,5202017014,5202017015,5202017016,5202017017,5202017018,5202017019,5202017020,5202017221,5202017222,5202017223,5202017224,5202017225,5202017226,5202017227,5202017228,5202017229,5202017230,5202017231,5202017232,5202017233,5202017234,5202017235,5202017236,5202017237,5202017238,5202017239,5202017240,5202017241,5202017242,5202017243,5202017244,5202017245,5202017246,5202017247,5202017248,5202017249,5202017250,5202017251,5202017252,5202017253,5202017254,5202017255,5202017256,5202017257,5202017258,5202017259,5202017260,5202017261,5202017262,5202017263,5202017264,5202017265,5202017266,5202017267,5202017268,5202017269,5202017270,5202017271,5202017272,5202017273,5202017274,5202017275,5202017276,5202017277,5202017278,5202017279,5202017280,5202017281,5202017282,5202017283,5202017284,5202017285,5202017286,5202017287,5202017288,5202017289,5202017290,5202017291,5202017292,5202017293,5202017294,5202017295,5202017296,5202017297,5202017298,5202017299,5202017300,5202017301,5202017302,5202017303,5202017304,5202017305,5202017306,5202017307,5202017308,5202017309,5202017310,5202017311,5202017312,5202017313,5202017314,5202017315,5202017316,5202017317,5202017318,5202017319,5202017320,5202017421,5202017422,5202017423,5202017424,5202017425,5202017426,5202017427,5202017428,5202017429,5202017430,5202017431,5202017432,5202017433,5202017434,5202017435,5202017436,5202017437,5202017438,5202017439,5202017440,5202017441,5202017442,5202017443,5202017444,5202017445,5202017446,5202017447,5202017448,5202017449,5202017450,5202017451,5202017452,5202017453,5202017454,5202017455,5202017456,5202017457,5202017458,5202017459,5202017460,5202017461,5202017462,5202017463,5202017464,5202017465,5202017466,5202017467,5202017468,5202017469,5202017470,5202017471,5202017472,5202017473,5202017474,5202017475,5202017476,5202017477,5202017478,5202017479,5202017480,5202017481,5202017482,5202017483,5202017484,5202017485,5202017486,5202017487,5202017488,5202017489,5202017490,5202017491,5202017492,5202017493,5202017494,5202017495,5202017496,5202017497,5202017498,5202017499,5202017500,5202017501,5202017502,5202017503,5202017504,5202017505,5202017506,5202017507,5202017508,5202017509,5202017510,5202017511,5202017512,5202017513,5202017514,5202017515,5202017516,5202017517,5202017518,5202017519,5202017520,5202017621,5202017622,5202017623,5202017624,5202017625,5202017626,5202017627,5202017628,5202017629,5202017630,5202017631,5202017632,5202017633,5202017634,5202017635,5202017636,5202017637,5202017638,5202017639,5202017640,5202017641,5202017642,5202017643,5202017644,5202017645,5202017646,5202017647,5202017648,5202017649,5202017650,5202017651,5202017652,5202017653,5202017654,5202017655,5202017656,5202017657,5202017658,5202017659,5202017660,5202017661,5202017662,5202017663,5202017664,5202017665,5202017666,5202017667,5202017668,5202017669,5202017670,5202017671,5202017672,5202017673,5202017674,5202017675,5202017676,5202017677,5202017678,5202017679,5202017680,5202017681,5202017682,5202017683,5202017684,5202017685,5202017686,5202017687,5202017688,5202017689,5202017690,5202017691,5202017692,5202017693,5202017694,5202017695,5202017696,5202017697,5202017698,5202017699,5202017700,5202017701,5202017702,5202017703,5202017704,5202017705,5202017706,5202017707,5202017708,5202017709,5202017710,5202017711,5202017712,5202017713,5202017714,5202017715,5202017716,5202017717,5202017718,5202017719,5202017720,5202017721,5202017722,5202017723,5202017724,5202017725,5202017726,5202017727,5202017728,5202017729,5202017730,5202017731,5202017732,5202017733,5202017734,5202017735,5202017736,5202017737,5202017738,5202017739,5202017740,5202017741,5202017742,5202017743,5202017744,5202017745,5202017746,5202017747,5202017748,5202017749,5202017750,5202017751,5202017752,5202017753,5202017754,5202017755,5202017756,5202017757,5202017758,5202017759,5202017760,5202017761,5202017762,5202017763,5202017764,5202017765,5202017766,5202017767,5202017768,5202017769,5202017770,5202017771,5202017772,5202017773,5202017774,5202017775,5202017776,5202017777,5202017778,5202017779,5202017780,5202017781,5202017782,5202017783,5202017784,5202017785,5202017786,5202017787,5202017788,5202017789,5202017790,5202017791,5202017792,5202017793,5202017794,5202017795,5202017796,5202017797,5202017798,5202017799,5202017800,5202017801,5202017802,5202017803,5202017804,5202017805,5202017806,5202017807,5202017808,5202017809,5202017810,5202017811,5202017812,5202017813,5202017814,5202017815,5202017816,5202017817,5202017818,5202017819,5202017820,5202017821,5202017822,5202017823,5202017824,5202017825,5202017826,5202017827,5202017828,5202017829,5202017830,5202017831,5202017832,5202017833,5202017834,5202017835,5202017836,5202017837,5202017838,5202017839,5202017840,5202017841,5202017842,5202017843,5202017844,5202017845,5202017846,5202017847,5202017848,5202017849,5202017850,5202017851,5202017852,5202017853,5202017854,5202017855,5202017856,5202017857,5202017858,5202017859,5202017860,5202017861,5202017862,5202017863,5202017864,5202017865,5202017866,5202017867,5202017868,5202017869,5202017870,5202017871,5202017872,5202017873,5202017874,5202017875,5202017876,5202017877,5202017878,5202017879,5202017880,5202017881,5202017882,5202017883,5202017884,5202017885,5202017886,5202017887,5202017888,5202017889,5202017890,5202017891,5202017892,5202017893,5202017894,5202017895,5202017896,5202017897,5202017898,5202017899,5202017900,5202017901,5202017902,5202017903,5202017904,5202017905,5202017906,5202017907,5202017908,5202017909,5202017910,5202017911,5156476227]},"geometry":{"type":"LineString","coordinates":[[88.4423285,25.0572709],[88.4439378,25.0559442],[88.4447103,25.0553514],[88.44559,25.0549723],[88.4463732,25.0548557],[88.4470384,25.0546419],[88.448004,25.0542239],[88.4488623,25.0539809],[88.4499138,25.0535533],[88.4505897,25.0531645],[88.4510188,25.0528438],[88.4518557,25.0523384],[88.4526711,25.0519107],[88.4532826,25.0517552],[88.4539049,25.0517163],[88.4542375,25.051726],[88.4545808,25.0515316],[88.4547954,25.0512206],[88.4547525,25.050793],[88.4545593,25.0504139],[88.4542482,25.0501903],[88.4539371,25.0500445],[88.4534435,25.0499668],[88.4531324,25.0495586],[88.4531861,25.0492184],[88.4536796,25.0488782],[88.4541517,25.0483144],[88.4542268,25.0479742],[88.4542589,25.0464774],[88.4540873,25.0456901],[88.4536474,25.0446209],[88.4531861,25.0439307],[88.4525423,25.0429976],[88.4520595,25.0423852],[88.4515231,25.0418895],[88.4503,25.0407911],[88.4498923,25.040412],[88.4494846,25.0398871],[88.4492271,25.0394983],[88.4493344,25.0392747],[88.449667,25.0390706],[88.450064,25.0391872],[88.4505682,25.0393913],[88.4509974,25.0393816],[88.4514158,25.0390997],[88.4519093,25.0384387],[88.4525531,25.037593],[88.452714,25.0370487],[88.4525101,25.0364751],[88.4511476,25.0345699],[88.4507613,25.0341713],[88.450418,25.0338214],[88.4499352,25.0337047],[88.4480148,25.0333159],[88.4474032,25.033345],[88.4466415,25.0335103],[88.4458797,25.0335492],[88.445472,25.0333645],[88.4453218,25.0330631],[88.4453755,25.0326937],[88.4455042,25.0323535],[88.4455579,25.0317897],[88.445472,25.0313814],[88.445236,25.0311772],[88.4446566,25.0309148],[88.4443562,25.0305648],[88.444206,25.0300593],[88.4443348,25.0296121],[88.4448176,25.0285039],[88.4451502,25.0275415],[88.4451931,25.0269873],[88.4451823,25.0264721],[88.4450429,25.0260055],[88.4447425,25.0255972],[88.4444528,25.0251791],[88.4442597,25.0248097],[88.4441953,25.0241097],[88.4439485,25.0234098],[88.4437661,25.022632],[88.4436159,25.0220487],[88.4430473,25.0204446],[88.4422105,25.0189571],[88.4419315,25.0185877],[88.4406226,25.0174016],[88.4399359,25.0167891],[88.4398287,25.0163613],[88.4398608,25.0159627],[88.440526,25.0147376],[88.4409766,25.014164],[88.4418349,25.0136098],[88.4421032,25.0133279],[88.4421568,25.0129681],[88.441953,25.0126667],[88.4415024,25.0121806],[88.4414058,25.0117625],[88.4415238,25.0115195],[88.4418993,25.0112375],[88.4421139,25.0110139],[88.4422748,25.0105278],[88.442425,25.0103625],[88.4425001,25.0101097],[88.4424036,25.009886],[88.4421139,25.0096721],[88.4412449,25.0091666],[88.4405904,25.0084568],[88.439893,25.007747],[88.4391957,25.0069983],[88.4387021,25.0065802],[88.4381228,25.0062302],[88.437876,25.0058899],[88.4379297,25.0053551],[88.4381228,25.0048495],[88.4380691,25.0040716],[88.4377687,25.0034882],[88.4374683,25.0031771],[88.4370284,25.0030118],[88.4365671,25.0030993],[88.4361809,25.0033229],[88.4358161,25.0035466],[88.4352474,25.0035952],[88.4347217,25.0035466],[88.4342818,25.0033424],[88.4342067,25.003109],[88.434196,25.0028271],[88.4344213,25.0026326],[88.4352153,25.0023895],[88.4357517,25.0020686],[88.4361701,25.0015922],[88.4363096,25.0012616],[88.4362238,25.0008046],[88.4360199,25.0004448],[88.4351616,24.9991807],[88.4346788,24.9986848],[88.4342711,24.9981695],[88.4341424,24.997586],[88.4341853,24.9970512],[88.4341853,24.9966428],[88.4343248,24.9961663],[88.4344964,24.9959232],[88.4348719,24.9959232],[88.4352045,24.9958843],[88.4353547,24.9956996],[88.4353333,24.9953982],[88.4351616,24.9951259],[88.4346788,24.9949217],[88.4333055,24.9941632],[88.4318464,24.9933464],[88.4315567,24.9929769],[88.4314923,24.9925976],[88.4315353,24.9921308],[88.4314709,24.9916446],[88.4311919,24.9913335],[88.430677,24.9908861],[88.4305375,24.9905555],[88.4305697,24.9900693],[88.4309237,24.9893205],[88.4309774,24.9889218],[88.4308164,24.9887079],[88.4305268,24.9884939],[88.4303873,24.9882119],[88.4301405,24.9878327],[88.4297757,24.9875701],[88.4293037,24.9874242],[88.4290247,24.9871714],[88.4286707,24.9864907],[88.4286921,24.9862281],[88.4289174,24.9860725],[88.429368,24.9859752],[88.4297221,24.9858488],[88.4300225,24.9855571],[88.4300225,24.9852945],[88.4296792,24.9847596],[88.4293359,24.9842053],[88.4291213,24.9833495],[88.4289711,24.9829216],[88.4287565,24.9825521],[88.4283488,24.9820367],[88.4281986,24.9815212],[88.4281771,24.9810933],[88.4283595,24.9804806],[88.4297328,24.9787495],[88.4304409,24.9778354],[88.4305268,24.9773977],[88.4303014,24.9770865],[88.4291749,24.975793],[88.4275012,24.973916],[88.4272223,24.9733324],[88.4269326,24.9726419],[88.4268897,24.9722431],[88.4269219,24.9717958],[88.4268575,24.9715818],[88.4270613,24.9711149],[88.4272115,24.9707745],[88.4272437,24.9703369],[88.4271901,24.9697241],[88.4274368,24.9690336],[88.4277051,24.9685765],[88.4278767,24.9680999],[88.4279089,24.9677011],[88.4277909,24.9672537],[88.4275549,24.9667868],[88.4272545,24.9662033],[88.4271043,24.9656002],[88.4268897,24.9653182],[88.4263318,24.9649972],[88.4261494,24.9648416],[88.4255271,24.9646957],[88.424937,24.964472],[88.4245079,24.9642774],[88.4228449,24.9640635],[88.4221475,24.9639759],[88.4218149,24.9638787],[88.4215145,24.9636647],[88.4214287,24.9634021],[88.4214609,24.9631005],[88.4212892,24.9627601],[88.4208064,24.9620014],[88.4205275,24.961768],[88.4201734,24.9616026],[88.4198194,24.9615735],[88.4194117,24.9614665],[88.4188001,24.9612427],[88.4184139,24.9609607],[88.418253,24.9606397],[88.4183066,24.9603479],[88.4185856,24.9597448],[88.4190576,24.9590056],[88.4193902,24.9586262],[88.4198301,24.9579356],[88.4199481,24.9576146],[88.4200125,24.9572547],[88.4200447,24.9569046],[88.4199696,24.9565252],[88.4198516,24.9562723],[88.4196155,24.9560291],[88.4194734,24.9558601],[88.4194787,24.955685],[88.4195109,24.9554467],[88.4197362,24.9552254],[88.4202405,24.9547682],[88.4206079,24.9542041],[88.4207581,24.9538369],[88.4208413,24.9534259],[88.4208252,24.9531754],[88.4207474,24.9530417],[88.4206294,24.95301],[88.4197496,24.9531025],[88.419122,24.9530465],[88.4188565,24.9529784],[88.4184595,24.9528301],[88.4182476,24.9527304],[88.4180679,24.9525747],[88.4176736,24.9521808],[88.4174134,24.9518865],[88.417172,24.9515631],[88.4169709,24.9514172],[88.4166275,24.9512956],[88.4163969,24.9512883],[88.4161126,24.9513904],[88.4153776,24.9516579],[88.4147768,24.9517868],[88.4141841,24.9518792],[88.4138541,24.9519741],[88.4135913,24.9521078],[88.4131916,24.9523462],[88.4129261,24.9525723],[88.4124513,24.9529468],[88.4121429,24.953331],[88.4119444,24.9535937],[88.411644,24.9541068],[88.4115501,24.9544254],[88.4113355,24.9548485],[88.4110888,24.9551452],[88.4108232,24.9554127],[88.4103887,24.9558188],[88.4100937,24.9559647],[88.4095063,24.9561641],[88.4088626,24.9563368],[88.4082242,24.9564632],[88.4079882,24.9564948],[88.4071567,24.9566529],[88.4065478,24.9568085],[88.4060704,24.9568839],[88.405601,24.9569496],[88.4051826,24.9569641],[88.4046837,24.9569471],[88.4044879,24.9569155],[88.4040748,24.9567307],[88.4039836,24.9566529],[88.4039407,24.9564997],[88.4039273,24.9563659],[88.4039112,24.9562662],[88.4038575,24.9561033],[88.4037717,24.9559185],[88.4036349,24.9555999],[88.4035625,24.9554273],[88.4034203,24.9551622],[88.4033318,24.9550212],[88.4031816,24.9548923],[88.4028625,24.9546321],[88.402613,24.9543597],[88.4023099,24.9540095],[88.4021812,24.9538296],[88.4020792,24.9536934],[88.4018459,24.9532751],[88.4017359,24.9530368],[88.4016555,24.9527498],[88.401634,24.952582],[88.401626,24.9522416],[88.4017091,24.9520081],[88.401921,24.951512],[88.4019961,24.9512542],[88.4020417,24.9510646],[88.4020444,24.9508335],[88.4019827,24.9505855],[88.401862,24.9504444],[88.4013658,24.9499362],[88.4007516,24.9493476],[88.4005584,24.9491774],[88.4004806,24.948978],[88.4004806,24.9488321],[88.4006013,24.9486764],[88.4005692,24.9484843],[88.4003546,24.9483457],[88.4001132,24.9483238],[88.3995526,24.9482119],[88.399279,24.9480928],[88.3990564,24.9478909],[88.3988284,24.9476161],[88.3987667,24.9473194],[88.3987479,24.9470641],[88.3988713,24.9467139],[88.3989545,24.946281],[88.3990081,24.9459575],[88.3989947,24.9456438],[88.3989598,24.9453836],[88.3988847,24.9452304],[88.3987935,24.9451282],[88.3985468,24.9449872],[88.3984449,24.9448923],[88.3982249,24.9447707],[88.3979299,24.9447075],[88.3975919,24.9445056],[88.3974363,24.9443962],[88.3972969,24.9442113],[88.3970877,24.9439268],[88.3965378,24.9431802],[88.3964707,24.9430197],[88.3963286,24.9428397],[88.3961006,24.94274],[88.3958619,24.9425965],[88.3949633,24.94229],[88.3945664,24.9420322],[88.394333,24.9418693],[88.3939361,24.9415823],[88.3937349,24.9414607],[88.3935418,24.9414583],[88.393244,24.941592],[88.3927773,24.9417331],[88.3925145,24.9418158],[88.3923643,24.9418523],[88.3921202,24.9419581],[88.3919593,24.9420699],[88.3918091,24.9423667],[88.3916159,24.9428093],[88.3914389,24.9430574],[88.3912941,24.9431498],[88.39116,24.9431595],[88.3910151,24.9431011],[88.3909561,24.9429698],[88.3909454,24.9427996],[88.3909883,24.9426293],[88.3909829,24.9424834],[88.3909508,24.9423326],[88.3908703,24.9421867],[88.3907415,24.9420699],[88.3903607,24.9417927],[88.3900281,24.9417003],[88.3895506,24.9416614],[88.3892771,24.9417489],[88.3891161,24.9419143],[88.3890678,24.9422451],[88.389143,24.9424493],[88.3892824,24.942712],[88.3893951,24.9429649],[88.3895024,24.9431935],[88.3895185,24.9433881],[88.389497,24.9435438],[88.3894165,24.9436605],[88.3890786,24.9438696],[88.3887835,24.9439377],[88.3886011,24.9439815],[88.3884027,24.9439523],[88.3882739,24.9438356],[88.3882471,24.94368],[88.3882578,24.9435243],[88.3881827,24.9432957],[88.3877536,24.9427704],[88.3871688,24.9422596],[88.3869757,24.9420894],[88.386965,24.9419143],[88.3869865,24.9417392],[88.3871688,24.9414182],[88.3873244,24.9410923],[88.3873351,24.9409707],[88.387303,24.9406058],[88.3873727,24.9402702],[88.3874853,24.9399249],[88.3874746,24.9397206],[88.3873888,24.9396281],[88.3870991,24.9394822],[88.3864983,24.939419],[88.3856078,24.9393947],[88.3848192,24.9392633],[88.3845135,24.9393168],[88.3840789,24.9393071],[88.3835318,24.9392439],[88.3830919,24.9392487],[88.3824428,24.939205],[88.3819332,24.9391612],[88.3815094,24.9392195],[88.3808978,24.9392925],[88.3803131,24.9394968],[88.3798786,24.9397157],[88.3794548,24.9400367],[88.3791651,24.9402751],[88.3790471,24.9404405],[88.3787682,24.9408101],[88.3786716,24.9411214],[88.3783712,24.9418073],[88.3782156,24.9422013],[88.3780922,24.9424639],[88.3778777,24.9428287],[88.3775987,24.94314],[88.3770945,24.9433249],[88.3764025,24.9435729],[88.375807,24.9437189],[88.3753135,24.9437967],[88.3747449,24.9438161],[88.3738383,24.9437967],[88.3733233,24.9436654],[88.3727815,24.9434027],[88.3724435,24.9432276],[88.3723094,24.9431011],[88.3719393,24.9428725],[88.371626,24.9427144],[88.3712344,24.9425637],[88.3709018,24.9425637],[88.3707462,24.9426415],[88.3706335,24.9427728],[88.3705638,24.942943],[88.3703063,24.9435511],[88.3701239,24.9437553],[88.3699737,24.9439061],[88.3698342,24.9442417],[88.3697913,24.9446601],[88.3697967,24.9450443],[88.369786,24.945448],[88.3697323,24.9456766],[88.3696143,24.9457885],[88.36933,24.9459344],[88.3689008,24.9459685],[88.3686487,24.9459101],[88.3683698,24.9457544],[88.3680103,24.9454042],[88.3677529,24.9451513],[88.3674095,24.9449178],[88.3670716,24.9447719],[88.3667497,24.9447427],[88.3664976,24.9447962],[88.3663635,24.9449324],[88.3662562,24.9450978],[88.3661274,24.9453945],[88.365988,24.9456864],[88.3654622,24.9465375],[88.3651082,24.9470337],[88.3650116,24.9472234],[88.3650063,24.9473887],[88.3650492,24.9475298],[88.3651404,24.9476076],[88.3652906,24.9476222],[88.3654354,24.9475492],[88.3657734,24.9474617],[88.3660309,24.9474228],[88.3664171,24.9473693],[88.3667014,24.9474276],[88.3668409,24.9475346],[88.3669321,24.9477146],[88.3668409,24.9480113],[88.3667014,24.9482302],[88.3663957,24.9485366],[88.3660416,24.9487555],[88.3659236,24.9488138],[88.3656071,24.9488965],[88.365312,24.9488868],[88.3649634,24.9487214],[88.3645181,24.948522],[88.3642713,24.948522],[88.3640031,24.9485512],[88.3638315,24.9486387],[88.3637134,24.948843],[88.3637188,24.9490133],[88.36381,24.9492224],[88.3641104,24.9494802],[88.3644108,24.9496893],[88.3647005,24.9499957],[88.3652423,24.9504724],[88.3653711,24.9506913],[88.3655481,24.9510317],[88.3658431,24.9516105],[88.366165,24.9523012],[88.3662186,24.9526659],[88.3661703,24.9528702],[88.3660309,24.9530842],[88.3658538,24.9531864],[88.3652638,24.9533371],[88.3647112,24.9534247],[88.3640514,24.9534733],[88.3637295,24.9534587],[88.3635847,24.9534288]]}},{"type":"Feature","properties":{"osm_id":531174986,"group":"punarbhaba","version":4,"timestamp":"2023-04-19T11:12:17Z","tags":{"name":"Punarbhava river","waterway":"river"},"nodes":[5156476227,5156476228,5156476229,5156476230,5156476231,5156476232,5156476233,5156476234,5156476235,5156476236,5156476237,5156476238,5156476239,5156476240,5156476241,5156476242,5156476243,5156476244,5156476245,5156476246,5156476247,5156476248,5156476249,5156476250,5156476251,5156476252,5156476253,5156476254,5156476255,5156476256,5156476257,5156476258,5156476259,5156476260,5156476261,5156476262,5156476263,5156476264,5156476265,5156476266,5156476267,5156476268,5156476269,5156476270,5156476271,5156476272,5156476273,5156476274,5156476275,5156476276,5156476277,5156476278,5156476279,5156476280,5156476281,5156476282,5156476283,5156476284,5156476285,5156476286,5156476287,5156476288,5156476289,5156476290,5156476291,5156476292,5156476293,5156476294,5156476295,5156476296,5156476297,5156476298,5156476299,5156476300,5156476301,5156476302,5156476303,5156476304,5156476305,5156476306,5156476307,5156476308,5156476309,5156476310,5156476311,5156476312,5156476353,5156476354,5156476355,5156476356,5156476357,5156476358,5156476359,5156476360,5156476361,10824114172,5156476362,5156476363,5156476364,5156476365,5156476366,5156476367,5156476368,5156476369,5156476370,5156476371,5156476372,5156476373,5156476374,5156476375,5156476376,5156476377,5156476378,5156476379,5156476380,5156476381,10824114173,5156476382,5156476383,5156476384,5156476385,5156476386,5156476387,5156476388,5156476389,5156476390,5156476391,5156476392,5156476393,5156476394,5156476395,5156476396,5156476397,5156476398,5156476399,5156476400,5156476401,5156476402,5156476403,5156476404,5156476405,5156476406,5156476407,5156476408,5156476409,5156476410,5156476411,5156476412,5156476413,5156476414,5156476415,5156476416,5156476417,5156476418,5156476419,5156476420,5156476521,5156476522,5156476523,5156467040,5156476524,6185497932,5156476525,5156476526,6185497933,5156476527,5156476528,6185497936,5156476529,6185497935,6185497934,5156476530,5156476531,5156476532,5156476533,5156476534,5156476535,5156476536]},"geometry":{"type":"LineString","coordinates":[[88.3635847,24.9534288],[88.3631234,24.9532829],[88.3628659,24.9530592],[88.3626835,24.9525339],[88.3626513,24.9517946],[88.3621042,24.9514347],[88.3616643,24.9516487],[88.3598296,24.9522615],[88.3591752,24.9521059],[88.3586602,24.9513666],[88.3591001,24.9505981],[88.3603554,24.9499366],[88.3607309,24.9495378],[88.3607738,24.9489736],[88.3598189,24.9484775],[88.3584349,24.9481468],[88.3574049,24.9472907],[88.3565574,24.94553],[88.3558385,24.9446836],[88.3550339,24.9438568],[88.3548086,24.9428159],[88.3545618,24.9420084],[88.3540039,24.9418528],[88.3531241,24.9419987],[88.3521371,24.9424851],[88.3517723,24.9436622],[88.3506779,24.9448977],[88.3495729,24.9449366],[88.3485536,24.944314],[88.3477382,24.9428742],[88.3460645,24.9427769],[88.344187,24.9426505],[88.3423738,24.9417457],[88.3410649,24.9409578],[88.3398955,24.939839],[88.3397024,24.9383311],[88.3407752,24.9366481],[88.3411829,24.935539],[88.3411829,24.9349066],[88.3404641,24.9344591],[88.3395414,24.934177],[88.3391552,24.9325717],[88.3389299,24.9318907],[88.3383291,24.9315307],[88.3375566,24.9315307],[88.3371167,24.9310248],[88.3370631,24.9288357],[88.3378999,24.9277168],[88.3381467,24.926559],[88.3376639,24.9261991],[88.3366983,24.9262185],[88.3360545,24.9266563],[88.3355396,24.9275028],[88.3344989,24.9274347],[88.334177,24.9267828],[88.3342414,24.9254499],[88.3350353,24.9235721],[88.3348529,24.9227548],[88.33481,24.9211591],[88.3353679,24.9200888],[88.3361189,24.9193104],[88.3366554,24.9187169],[88.3364837,24.9182693],[88.3345954,24.9182109],[88.3329754,24.9185125],[88.3314411,24.9198456],[88.3304541,24.9202931],[88.3296709,24.9202639],[88.3292525,24.920011],[88.3291774,24.9194564],[88.3294778,24.9185612],[88.3298104,24.9173157],[88.3295529,24.9169557],[88.3256583,24.9190574],[88.3248429,24.9186974],[88.3244245,24.9181623],[88.3241026,24.9173644],[88.3243279,24.9163233],[88.3251219,24.9135404],[88.3267097,24.9090546],[88.3272784,24.9067483],[88.3277933,24.9046464],[88.3270101,24.9035468],[88.3263342,24.9017076],[88.326066,24.9001505],[88.3262913,24.8988562],[88.3264308,24.898428],[88.3260124,24.8972602],[88.3253579,24.8945256],[88.3247571,24.8941363],[88.3234052,24.8947884],[88.3225791,24.8947494],[88.3217637,24.8946521],[88.3212488,24.89364],[88.3209376,24.8925013],[88.3210924,24.8910144],[88.3212273,24.8897179],[88.3223216,24.8867884],[88.3220212,24.8858152],[88.3208947,24.8839076],[88.3216779,24.8806276],[88.3219354,24.8784182],[88.3216457,24.8777466],[88.3209805,24.8770263],[88.3208947,24.8762476],[88.3220212,24.8749141],[88.3241026,24.8732984],[88.32583,24.8713516],[88.3265703,24.8705535],[88.3279865,24.8700278],[88.3298962,24.8701738],[88.3320527,24.8704366],[88.3335011,24.8708844],[88.3341234,24.8704853],[88.3346705,24.8693465],[88.3350138,24.8682562],[88.3368559,24.8673988],[88.3374815,24.8671076],[88.3381145,24.8661926],[88.3380716,24.8650245],[88.3322673,24.8601475],[88.3294885,24.8580546],[88.3282976,24.8575678],[88.3276861,24.8571784],[88.3273535,24.8559129],[88.3280616,24.8547447],[88.3291666,24.8541606],[88.3310549,24.8537906],[88.3330505,24.8540048],[88.3346813,24.8540924],[88.3363979,24.8535765],[88.3381789,24.8514542],[88.3384685,24.8506656],[88.3383398,24.8499647],[88.3362262,24.8474431],[88.3349709,24.845126],[88.3343487,24.8440356],[88.333029,24.8421468],[88.3304648,24.8385736],[88.328598,24.8363148],[88.3277612,24.835458],[88.3281474,24.8332283],[88.3286624,24.8313977],[88.3283191,24.8307648],[88.3273105,24.8302488],[88.3246391,24.8302974],[88.3223002,24.8331309],[88.3206265,24.8344843],[88.3197253,24.8344648],[88.3191781,24.8340072],[88.3185665,24.8319625],[88.317676,24.8296938],[88.3179443,24.8283987],[88.3209162,24.8274347],[88.3240919,24.8265584],[88.3249717,24.8259547],[88.3253901,24.8251854],[88.3252506,24.8241046],[88.3250897,24.8233548],[88.3249607,24.8229201],[88.3246109,24.8228605],[88.3237159,24.8230805],[88.3227401,24.8237345],[88.3211093,24.8240559],[88.3201432,24.8240348],[88.3189952,24.8238303],[88.3180725,24.8234019],[88.317579,24.8231584],[88.3170752,24.8230334],[88.3159912,24.8230708],[88.3152187,24.8232948],[88.3145754,24.823939],[88.3130305,24.8259839],[88.3113138,24.828389],[88.310241,24.8285837],[88.3077841,24.8280482],[88.305928,24.8281066],[88.3041098,24.8286404]]}},{"type":"Feature","properties":{"osm_id":175792581,"group":"tangon","version":64,"timestamp":"2018-10-07T04:14:28Z","tags":{"name":"Tangon River","waterway":"river"},"nodes":[5134523589,5134523590,5134523591,5134523592,5907485138,5134523593,3056883337,3056883333,5907486655,5907486656,3056883323,5907486626,3056883315,3056883313,5907486460,5907486461,5907486462,3056883306,3056883302,5907486263,3056883300,5907486265,3056883301,5907486264,3056883298,3056883292,3056883289,3056883291,3056883290,3056883286,3056883278,3056883269,3056883260,5240126221,5240121920,3056883252,5240126222,5240126295,5240126223,3056883238,3056883220,5240126224,3056883215,3056883210,3056883209,5240126225,3056883202,5240126226,3056883195,3056883193,3056883191,3056883189,3056883184,3056883176,3056883175,3056883173,3056883168,3056883154,3056883152,3056883148,3056883150,3056883149,3056883147,5240134496,3056883144,3056883140,5928780884,3056883127,5240134495,3056883121,3056883118,5240134494,3056883117,3056883114,3056883105,3056883102,3056883093,3056883092,3056883096,3056883094,3056883087,3056883079,3056883075,3056883072,3056883065,5134871513,3056883060,3056883057,5407476765,3056883058,3056883059,5407476764,3056883055,5407476762,3056883051,5407476763,3056883049,5407476767,3056883047,5407476766,3056883045,5407476768,5407476769,3056883041,3056883036,3056883035,3056883030,3056883028,3056883025,3056883020,3056883016,3056883015,3056883014,3056883021,5407476807,5407476808,3056883023,5407476810,5407476809,3056883018,5407476811,3056883013,3056883009,3056883008,5411413166,3056883006,3056883002,3056882997,3056883000,3056883003,3056883004,3056882996,3056882987,3056882985,5407476797,3056882984,5407476796,3056882989,3056882991,5407476794,3056882990,5407476793,3056882988,5948328476,3056882982,5407476795,3056882976,3056882971,5134548271,5134558283,5134558284,3056882959,5134708781,3056882954,3056882953,5411468542,5134708780,5134708779,3056882952,3056882951,3056882948,5134708778,3056882945,5134708777,3056882944,3056882942,3056882940,5134719765,3056882939,3056882937,3056882936,3056882935,3056882933,3056882829,5963300586,3056882827,3056882819,3056882811,3056882781,3056882749,3056882731,3056882729,3056882728,3056882725,3056882726,5134627416,5954141568,3056882724,5134627417,5134627418,3056882718,5954141566,5954141567,3056882717,5954136973,5954136974,3056882716,5954141565,5954141564,5954141563,3056882715,5954141562,5954141561,5954141560,3056882712,5954141559,5954141558,5134627419,5954141557,3056882711,5954141555,5954141556,5954141554,3056882710,5954141553,3056882709,3056882706,5134627420,3056882705,5134631221,3056882703,5134631222,3056882702,3056882700,3056882698,3056882695,5134631223,3056882692,3056882691,5134631224,3056882690,3056882689,3056882687,5134631225,3056882686,5134631226,5134631227,3056882685,3056882673,5134631228,3056882663,5134631229,5134631230,3056882640,3056882633,5134631231,3056882627,5134631232,5134631233,3056882619,5134631234,3056882618,3056882617,3056882616,3056882614,5134631235,3056882608,3056882606,5134631236,3056882604,3056882602,5134631237,5134631238,5134631239,3056882599,5134631240,3056882598,3056882597,3056882592,3056882591,3056882590,3056882589,5134644301,3056882587,3056882584,5134644302,3056882582,5134644303,3056882575,5134644304,3056882574,5134644305,3056882572,5134644306,3056882570,5134644307,3056882568,3056882567,5134644308,3056882566,3056882564,5134644309,3056882561,5134644310,5134644311,3056882553,5134644312,5134644313,3056882549,3056882548,5134644314,5134644315,3056882541,5134644316,5134644317,3056882532,3056882527,5134644318,5134644319,3056882528,5134644320,3056882529,3056882516,3056882508,3056882517,3056882522,3056882534,3056882537,3056882536,3056882531,3056882524,3056882515,3056882504,5134645921,3056882503,5134645922,3056882513,3056882520,5134645923,3056882518,5134645924,3056882510,3056882500,3056882489,3056882483,3056882481,3056882478,3056882479,3056882485,3056882482,3056882473,3056882471,3056882470,3056882462,3056882453,3056882452,3056882456,3056882463,3056882464,3056882461,3056882451,3056882414,3056882410,3056882404,3056882394,3056882386,3056882379,3056882374,3056882348,3056882341,3056882332,3056882322,1863466925,2647130151,2647130150,2647130149,2647130148,2647130147,2647130146,2609094991,2609094992,2609094999,2609094997,2609094993,3056882000,2609094995,2609094994,2609094990,1863466924,2397188175,3254819492,3254819490,2397188176,3254819487,2397188178,3254819479,3254819472,3254819470,2397188177,2397188180,2397188179,5214069425,2397188181,3056881618,5214069424,3056881614,5214069423,3056881613,1863466923,5214069422,3056881612,3056881603,3056881592,3056881590,5214069421,3056881585,3056881567,5214068820,3056881558,5214068818,5214068819,3056881556,5214068817,5214068816,5214068815,3056881563,5214068814,5214068813,3056881550,5214068812,3056881544,5214068811,3254816447,3056881537,3056881521,3056881515,3056881496,3056881485,3056881456,3056881444,3056881441,3056881439,3056881402,3056881390,5300446263,3056881368,5300446264,3056881343]},"geometry":{"type":"LineString","coordinates":[[88.4671968,26.1933247],[88.4672537,26.1930255],[88.4673756,26.192471],[88.4673756,26.1920843],[88.4673831,26.1917996],[88.4674027,26.1916471],[88.4674961,26.1912451],[88.4673633,26.1905237],[88.4673844,26.1901004],[88.4673817,26.1897394],[88.4675286,26.1891627],[88.4677881,26.1889692],[88.4679386,26.1883987],[88.467656,26.1876257],[88.4676446,26.1873855],[88.4676956,26.1871387],[88.468063,26.1864179],[88.4680656,26.1862282],[88.4676736,26.1857172],[88.4674273,26.1855225],[88.4670905,26.1853987],[88.4665637,26.1853095],[88.4657426,26.1852189],[88.4655592,26.1851482],[88.4654191,26.1850271],[88.4653666,26.184193],[88.464961,26.1839428],[88.4637442,26.184011],[88.4632371,26.1839655],[88.4627808,26.1835105],[88.4625527,26.182737],[88.4614387,26.1821979],[88.4609809,26.181918],[88.460921,26.1815556],[88.4609147,26.1811572],[88.4609288,26.180817],[88.461113,26.1805126],[88.4611863,26.1803242],[88.4611338,26.1800188],[88.4606992,26.1790923],[88.4610886,26.1782372],[88.4613323,26.1777049],[88.4611541,26.1772207],[88.4600381,26.1765567],[88.4589935,26.1762738],[88.4588801,26.1760499],[88.4589074,26.1757359],[88.4588763,26.1753384],[88.4591047,26.1749147],[88.4598908,26.1745469],[88.4606224,26.1742728],[88.4607695,26.1739468],[88.4604864,26.1735613],[88.4587754,26.1726357],[88.4578374,26.1724537],[88.4573304,26.1722262],[88.4572797,26.1717257],[88.4584205,26.1696325],[88.4588532,26.1690012],[88.4590159,26.1687093],[88.4592824,26.1686314],[88.4608035,26.1686086],[88.4613222,26.1685001],[88.4615391,26.1682506],[88.4615462,26.1679488],[88.4612441,26.1665381],[88.4612379,26.1650751],[88.4612344,26.1642401],[88.4612582,26.1636535],[88.4610022,26.1631402],[88.4604619,26.1629315],[88.459763,26.1628792],[88.4591515,26.1630518],[88.4590035,26.1628293],[88.4602093,26.161329],[88.4591686,26.1600769],[88.4581041,26.15987],[88.4571529,26.1596666],[88.455169,26.160298],[88.4543872,26.1598948],[88.4536329,26.1582638],[88.4537313,26.1570326],[88.4544353,26.1563406],[88.4546712,26.1556051],[88.4547555,26.1549447],[88.4546073,26.1545951],[88.4543416,26.1539687],[88.4530784,26.1535856],[88.4526567,26.1536374],[88.4522515,26.1537854],[88.4517278,26.1537086],[88.4514139,26.1534099],[88.4511824,26.1530297],[88.4513212,26.1525908],[88.4516084,26.1522185],[88.4520378,26.1519422],[88.4525414,26.1518139],[88.4529355,26.1518918],[88.4532719,26.1519993],[88.4535272,26.1519392],[88.4537207,26.1517607],[88.4536949,26.1514473],[88.4536057,26.151298],[88.4535413,26.1511487],[88.4526405,26.1503597],[88.4520574,26.1501322],[88.4499536,26.1489275],[88.4499679,26.1484398],[88.4508405,26.1480386],[88.4510912,26.1474488],[88.4508152,26.1472193],[88.4498772,26.1468325],[88.4492434,26.1466959],[88.4478925,26.147109],[88.4471224,26.1476617],[88.4467188,26.1478947],[88.4462856,26.1480346],[88.4459584,26.1479582],[88.4456757,26.1478285],[88.445266,26.1473295],[88.4449803,26.1469315],[88.4447317,26.1465003],[88.4443861,26.1453084],[88.4426522,26.1446933],[88.442347,26.144385],[88.4422212,26.1440106],[88.4424747,26.1434644],[88.4433874,26.142941],[88.4437348,26.1424254],[88.4441173,26.1423403],[88.4447503,26.1421689],[88.4449455,26.1420662],[88.4451581,26.1419241],[88.4455563,26.1412509],[88.4458367,26.1411855],[88.4461253,26.141209],[88.4464458,26.1412953],[88.4467004,26.1415001],[88.4467964,26.1424296],[88.4470132,26.1426027],[88.4472794,26.1426499],[88.4475819,26.1425607],[88.4478185,26.1423457],[88.4478968,26.1418586],[88.4478865,26.1412569],[88.4470807,26.1404652],[88.446176,26.1397549],[88.4446091,26.1385031],[88.4445377,26.1383716],[88.4440158,26.1381685],[88.4438604,26.1379179],[88.4438676,26.1377112],[88.4443657,26.1366153],[88.4443683,26.1360532],[88.4444409,26.1357247],[88.444226,26.1355453],[88.4439371,26.1354715],[88.4433501,26.1354704],[88.4426185,26.1356113],[88.4424451,26.1354832],[88.4425001,26.1347936],[88.4426448,26.1342377],[88.4429593,26.1337835],[88.4433076,26.1336266],[88.4438311,26.1335697],[88.4446207,26.1335947],[88.4450016,26.1335297],[88.4450775,26.1331677],[88.4444775,26.1326087],[88.4436662,26.1322445],[88.4430138,26.1321487],[88.4424452,26.1319905],[88.4427282,26.1314252],[88.4440211,26.1305831],[88.4449161,26.1304142],[88.4454229,26.1298102],[88.4453896,26.1288426],[88.4440844,26.128247],[88.4439805,26.1278464],[88.4447961,26.1268043],[88.445894,26.1252553],[88.445643,26.1243822],[88.4449529,26.1236781],[88.4422238,26.1222135],[88.4404044,26.1223262],[88.4398705,26.122324],[88.4396249,26.1221801],[88.4394394,26.1219276],[88.439391,26.1211856],[88.4395909,26.1202234],[88.4395761,26.1196973],[88.4394908,26.1195358],[88.4393352,26.1194154],[88.4389746,26.119237],[88.4387398,26.1192179],[88.4384501,26.1192998],[88.4378076,26.1195106],[88.4375569,26.1194708],[88.4373772,26.1193793],[88.4372565,26.1192444],[88.4371948,26.1190749],[88.4370983,26.1187411],[88.4370124,26.1185099],[88.4369749,26.1183557],[88.4370027,26.1182061],[88.4371278,26.1179174],[88.4373021,26.1177272],[88.4374806,26.1176027],[88.4378198,26.1175032],[88.4382074,26.1173988],[88.4382731,26.117325],[88.4383643,26.1171997],[88.4388015,26.1167614],[88.438844,26.1166611],[88.4388095,26.1165639],[88.4387373,26.116467],[88.4380164,26.1161423],[88.4372645,26.1159064],[88.4362044,26.114966],[88.4361987,26.1146678],[88.4359688,26.1143026],[88.4360032,26.1138333],[88.4363972,26.1132465],[88.4369285,26.1129505],[88.4385455,26.1129228],[88.4391696,26.1129353],[88.4395838,26.1124413],[88.4393817,26.1118173],[88.4383742,26.1113396],[88.4373485,26.110651],[88.4371073,26.1103607],[88.4363945,26.1092575],[88.4363257,26.1088469],[88.4364509,26.1084547],[88.4365154,26.108117],[88.4373398,26.1077994],[88.4381163,26.1079426],[88.4389301,26.1077922],[88.4407896,26.1068321],[88.4411495,26.1066547],[88.4413087,26.1063137],[88.4411784,26.1054515],[88.4410267,26.1047043],[88.4406038,26.1040125],[88.4402313,26.1033885],[88.4405772,26.1026228],[88.4408122,26.1017076],[88.4408839,26.1012461],[88.4403837,26.1006944],[88.4398773,26.1002644],[88.4397045,26.0999249],[88.4395594,26.0996794],[88.4390071,26.09916],[88.4384153,26.0988495],[88.4382411,26.098665],[88.4386702,26.0976254],[88.4388295,26.0968799],[88.4390737,26.0961143],[88.4388919,26.0955885],[88.4384296,26.0949992],[88.4381458,26.0947495],[88.4379226,26.0943866],[88.4380821,26.0937624],[88.43851,26.0932344],[88.4389287,26.0928532],[88.4394394,26.0927205],[88.4402675,26.0927233],[88.4406028,26.0925239],[88.440319,26.0912682],[88.439984,26.0906937],[88.4390178,26.09026],[88.4382495,26.0901667],[88.4379719,26.0898972],[88.4380856,26.0892458],[88.4397137,26.0881051],[88.4400288,26.0876994],[88.4401128,26.0871776],[88.4401261,26.0867842],[88.4394555,26.0856437],[88.4390687,26.0849146],[88.438873,26.0847999],[88.4379176,26.0847748],[88.4372857,26.0845587],[88.4371752,26.0842992],[88.4372434,26.0840508],[88.4374212,26.0837562],[88.4379257,26.0835751],[88.4393379,26.0832549],[88.4395891,26.0829686],[88.4402193,26.0827349],[88.4405613,26.082466],[88.440577,26.0818949],[88.4402784,26.0813488],[88.4399084,26.0807741],[88.4397065,26.0806057],[88.4394183,26.0805924],[88.4389608,26.0800774],[88.4384917,26.0796678],[88.4378008,26.0794795],[88.4370401,26.0789197],[88.4364704,26.0784816],[88.4361948,26.0780744],[88.4361102,26.0774818],[88.4360181,26.0767606],[88.4362277,26.0763613],[88.4366376,26.0760921],[88.4373045,26.0754664],[88.4379854,26.0751572],[88.4387232,26.075224],[88.439076,26.0754983],[88.4394027,26.0758515],[88.4398341,26.0760081],[88.4405445,26.0757774],[88.4407808,26.0741542],[88.4422308,26.0747372],[88.4433419,26.0751241],[88.4444493,26.0764232],[88.445093,26.0769882],[88.4457506,26.0769259],[88.4460887,26.0764596],[88.445889,26.0756705],[88.445361,26.0746777],[88.4456052,26.0739112],[88.4462232,26.0737195],[88.4468351,26.0737879],[88.4479072,26.0739678],[88.4489455,26.0743137],[88.4497168,26.0748204],[88.4502504,26.0750099],[88.4507038,26.0748645],[88.4507196,26.0746462],[88.4505999,26.0743228],[88.4494387,26.0729708],[88.4483094,26.070463],[88.4478703,26.0697023],[88.4480271,26.0694205],[88.4486545,26.0693641],[88.4521051,26.0693641],[88.45405,26.0698431],[88.4548028,26.0696459],[88.4557439,26.0687442],[88.457626,26.0676735],[88.4579084,26.067279],[88.4576574,26.0660391],[88.4569987,26.0652219],[88.4564026,26.0651374],[88.455838,26.0654474],[88.4552734,26.0660673],[88.4546146,26.0662364],[88.4538931,26.0660109],[88.4535167,26.0645175],[88.4559321,26.0596988],[88.4558694,26.0592761],[88.4544578,26.0583461],[88.4543637,26.0576134],[88.4548656,26.0569653],[88.45703,26.056289],[88.4577515,26.0559226],[88.4593827,26.0538654],[88.4593513,26.0533863],[88.4585357,26.0527663],[88.4568418,26.0521181],[88.4554095,26.0491036],[88.4538006,26.048018],[88.4543438,26.0468421],[88.4554303,26.046465],[88.4585047,26.0462099],[88.459406,26.0451338],[88.4593566,26.043836],[88.4590844,26.0426808],[88.4586914,26.0407192],[88.4594859,26.0399966],[88.4606017,26.039746],[88.462694,26.040183],[88.4629529,26.0400583],[88.463241,26.0399195],[88.4634071,26.0394115],[88.462694,26.0377899],[88.4603963,26.0366024],[88.4560401,26.0355147],[88.4551778,26.0337703],[88.4549677,26.0325774],[88.4540091,26.0313813],[88.4520165,26.0304404],[88.4513924,26.029449],[88.4524845,26.0281747],[88.454729,26.0269045],[88.4555408,26.0261664],[88.4560273,26.0252841],[88.4557376,26.0229992],[88.4539995,26.0213168],[88.454359,26.0195765],[88.4548793,26.0175904],[88.454886,26.0154389],[88.4548243,26.0150793],[88.454505,26.0148113],[88.4541341,26.0147679],[88.4537203,26.0148113],[88.4521315,26.0150927],[88.4517723,26.0150281],[88.4514346,26.0146886],[88.4507826,26.0131316],[88.4495582,26.0122359],[88.448143,26.0116406],[88.4478905,26.0114015],[88.4478525,26.0110708],[88.4488077,26.0083421],[88.4487473,26.0079952],[88.4485689,26.0076675],[88.4481712,26.007409],[88.4479455,26.0073232],[88.4477198,26.0072662],[88.4474944,26.0072549],[88.447269,26.0073013],[88.4467646,26.0074328],[88.4458202,26.0077441],[88.4455904,26.007672],[88.4453713,26.0075132],[88.4449224,26.007046],[88.4445416,26.0066387],[88.4441822,26.0061831],[88.4440591,26.0059801],[88.4440487,26.0056952],[88.4442362,26.0052147],[88.4453962,26.0032217],[88.4478525,26.0024244],[88.4496947,26.0012286],[88.4500017,26.0001554],[88.4504452,25.997917],[88.4514687,25.9966598],[88.4526968,25.9963225],[88.4531745,25.9959852],[88.4530039,25.9938694],[88.452458,25.9929188],[88.4517431,25.9922701],[88.4511413,25.9913358],[88.4503752,25.9907754],[88.45,25.9901174]]}},{"type":"Feature","properties":{"osm_id":548672138,"group":"tangon","version":2,"timestamp":"2017-12-24T14:05:22Z","tags":{"name":"Tangon River","waterway":"river"},"nodes":[3056881343,5300445702,3056881335,3056881326,3056881322,3056881323,1863466922,3056881330,3056881324,3056881312,3056881291,3056881277,5300446271,3056881265,5300446270,5300446269,5300446268,3056881239,5300446267,3056881226,3056881218,1863466921,5300446266,3056881212,3056881219,5300446265,3056881229,3056881228,3056881215,3056881195,5150140800,5150140799,5150140798,5296812011,3056881166,5150140806,5150140797,5150140805,5150140804,5150140802,5150140803,5150140801,5150140812,5150140796,5150140811,5150140794,5150140810,5150140795,5150140809,5150140793,5150140808,5150140792,5150140807,5302135754,5150140816,5150140791,5150140815,5150140789,5150140790,5150140814,5150140788,5150140813,5150140773,5150140772,5150148727,5150140771,5150140770,5150148724,5150140769,5150148725,5150140768,5150148726,5150140767,5150148723,5150140766,5150140765,5150148722,5150148721,5150140764,5150140820,5150140819,5150140818,5150140763,5150140761,5294335332,5150140817,5150140762,1863466919,5150140760,5150148728,5150140759,5150148729,5150140758,5150140757,5150148730,5150140756,5150148733,5302136815,5150140755,5150148732,5150148731,5150140754,5150148734,5150148735,1863466918,5150148736,5150148737,5150148742,5150148741,5150148740,5294335831,5150148739,5294335830,5150148738,1863466916,5150148743,5150148744,5150148745,5150148746,5150148747,5150148758,5150148756,5288075906,5288075907,5150148757,5288075908,5150148755,5288075905,5150148754,5150148753,5150148759,5150148752,5159759159,5159759160,5159759161,5159759162,5159759163,5159759164,5150148751,5159759158,5159759157,5150148750,5159759156,5150148748,5159759155,5159759154,5159759153,5159759152,5150148749,5159759151,5159759150,5150148767,5159759165,5159759166,5159759167,5150148764,5159759168,5150148760,5150148765,5159759149,5159759148,5150148761,5159759147,5159724970,5150148766,5150148763]},"geometry":{"type":"LineString","coordinates":[[88.45,25.9901174],[88.449946,25.9897724],[88.4499771,25.9891702],[88.4503545,25.9878543],[88.451346,25.9871505],[88.4527042,25.9868375],[88.4540199,25.9869001],[88.4544744,25.9864414],[88.4545476,25.9858459],[88.4537662,25.9844915],[88.4522855,25.9836459],[88.4517811,25.9824345],[88.4518397,25.9817822],[88.4503611,25.9803019],[88.4499729,25.9794289],[88.4503055,25.9782812],[88.4511852,25.9777507],[88.4516286,25.9771147],[88.4515393,25.9766898],[88.4512299,25.9763282],[88.4503429,25.9757148],[88.4489442,25.974856],[88.4473872,25.9745197],[88.4460081,25.974742],[88.4449631,25.9754385],[88.4434819,25.9769599],[88.4420505,25.9771031],[88.4409178,25.9766383],[88.4398597,25.975374],[88.4395002,25.9742164],[88.440113,25.9721663],[88.4391689,25.9705651],[88.4392762,25.9683081],[88.4393175,25.9679607],[88.4394541,25.9668111],[88.4400272,25.9652407],[88.4405744,25.9635816],[88.4404349,25.9629161],[88.4397268,25.9618068],[88.4396839,25.9609772],[88.4398985,25.9602248],[88.4404778,25.9589129],[88.4400272,25.9576974],[88.4391582,25.9565688],[88.4373879,25.9560382],[88.4361219,25.9563469],[88.4354567,25.9564048],[88.4347379,25.9557777],[88.4341693,25.9545526],[88.4343731,25.9534239],[88.4343195,25.9522181],[88.4335041,25.9516586],[88.4325599,25.9513692],[88.4309667,25.9514013],[88.4306502,25.9514077],[88.4299314,25.9508579],[88.4291267,25.9497581],[88.4289229,25.9488416],[88.4283113,25.9480505],[88.4282255,25.9467192],[88.4282577,25.9456097],[88.4291482,25.9442302],[88.4292018,25.9437767],[88.4286547,25.9426479],[88.4278822,25.9414902],[88.4271634,25.9411284],[88.4265143,25.9402408],[88.4260475,25.9398549],[88.4245884,25.9397536],[88.4235263,25.9395799],[88.4228772,25.9385813],[88.4223676,25.9376117],[88.4221315,25.9367675],[88.4224105,25.9358558],[88.4222549,25.9349006],[88.4223193,25.9343361],[88.4220779,25.9339116],[88.4213161,25.9330384],[88.4215629,25.9320494],[88.4228825,25.9307855],[88.4245187,25.9294781],[88.4264874,25.9283106],[88.4272277,25.9276496],[88.4272814,25.9268777],[88.4272517,25.9267368],[88.4271633,25.9263181],[88.4267288,25.9251746],[88.4258516,25.9242634],[88.4244329,25.9235873],[88.4230757,25.9236211],[88.421933,25.9235053],[88.4199428,25.9239106],[88.4188592,25.924065],[88.4177113,25.923515],[88.41681,25.9229698],[88.4153241,25.9223619],[88.4146911,25.9211316],[88.4146332,25.9208574],[88.4144658,25.9200653],[88.4147072,25.919028],[88.4167456,25.9154961],[88.4187627,25.9123888],[88.4189987,25.9113852],[88.4167671,25.9094937],[88.4171635,25.9079403],[88.4197497,25.9062511],[88.4193849,25.9048807],[88.4181189,25.9023715],[88.4184408,25.9008466],[88.4217882,25.8988392],[88.4221691,25.8983276],[88.4221959,25.8979126],[88.4218955,25.8976762],[88.4186554,25.8968124],[88.415976,25.8966389],[88.4121537,25.8958472],[88.4100723,25.8949207],[88.4096002,25.8932027],[88.410995,25.891697],[88.4109306,25.8905388],[88.4097719,25.8895736],[88.4085917,25.8877203],[88.4078729,25.8875128],[88.4060436,25.8875225],[88.4054535,25.8872618],[88.4052443,25.8868323],[88.4052658,25.884593],[88.406741,25.8823053],[88.4072399,25.8820061],[88.4100079,25.8816007],[88.4104585,25.8807898],[88.4103513,25.8796508],[88.4098477,25.8790258],[88.4097097,25.8789547],[88.4095269,25.8788826],[88.4093745,25.8788026],[88.4093065,25.8787151],[88.4092806,25.8784702],[88.4092831,25.8782545],[88.4093012,25.8779835],[88.4094129,25.8776868],[88.409563,25.8774813],[88.4100385,25.8772391],[88.4104613,25.8771067],[88.4110227,25.8769411],[88.4113889,25.876889],[88.4118775,25.8769236],[88.4123588,25.8770296],[88.4128089,25.8769268],[88.4130836,25.8767379],[88.4131997,25.8764209],[88.4130335,25.8758089],[88.4127514,25.8754483],[88.412468,25.8750961],[88.4122735,25.8749273],[88.4120464,25.8748243],[88.4116476,25.8748937],[88.4105658,25.8753069],[88.4092569,25.8759827],[88.4087167,25.8759824],[88.4081846,25.8758578],[88.4075188,25.8756158],[88.4069248,25.8754491],[88.4053495,25.8741703],[88.4038405,25.8733828],[88.4028625,25.8725075]]}},{"type":"Feature","properties":{"osm_id":530534397,"group":"tangon","version":8,"timestamp":"2021-06-26T12:24:53Z","tags":{"name":"Tangon River","name:bn":"টাংগন নদী","waterway":"river"},"nodes":[5150148763,5151647440,5151647441,5151647442,5151647443,5151647444,5151647445,5151647446,5151647447,5151647448,5151647449,5151647450,5151647451,5151647452,5151647453,5149973315,5149973316,5151647439,5149973318,5149973317,5149973319,5149973320,5149975921,5149975922,5149975923,5149975924,5159724020,5149973309,5149973311,5149973310,5149975927,5149975928,5149975925,5149975926,5151217922,5151217923,5151217924,5151217925,5151217926,2627184549,5151217928,5151217927,1863466912,5151387663,5151387654,5151387655,5151387660,5151387656,5151387659,5151387661,5151387657,5151387662,5151387658,5151639442,5151639441,5151639440,5276630622,5151639439,1863466853,5151639438,5275758518,5151639437,5151639435,5151639436,5151865127,5149728754,5151955923,5151639434,5151955924,1863466852,5151955925,5151955926,5151955927,5151639432,5151639433,5151979835,5151979836,5151639431,5151979837,5151979838,5151979839,5151639430,5151979840,5151639429,8867959377,5151639428,8867959378,8867959379,5151639427,5151639426,5151639425,5151639424,5151639423,5151639422,1863466851,5152571535,5151639421,5152571534,5152571532,5152571712,5151638920,5152571536,5152571537,5151638919,5152588290,5152588291,5151638915,5152588292,5151638918,5152588289,5151638917,5152588288,5152588240,5151638916,5152588241,5151638914,5152588243,5152588242,5152588244,5152588245,5152588246,5151638913,5152588247,1863466850,5150088556,5150088557,5150088558,5150088559,5150088560,5150088561,5150088562,5150088563,5150088564,5150088565,5150088566,5150088567,5150088568,5150088569,5150088570,5150088571,5150581837,5150088572,5150581838,5150310877,5150581839,5150310876,5150581848,5150310875,5150581840,5150310874,5150581841,5150581842,5150581843,5150581844,5150581845,5150581846,5150581847,5150581832,5150581833,5150581834,5150581835,5150581836,1863466849,5150581829,5150581828,5150581827,5150581826,5150581830,5150581825,5150581824,5150581823,5150581831,5150576578,5150576579,5150576580,5150576581,5150576582,5150576583,5150576584,5150576585,5150576593,5150576592,5150576591,5150576590,5150576589,5150576588,5150576587,5150576586,5150581822,5150576594,5150576595,5150576596,5150576597,5150576603,5150576602,5150576601,5150576600,5150576599,5150576598,5150581821,5150576604,5150576605,5150576606,5150576607,5150576608,5150576609,5150576610,1863466848,5150576617,5150576616,5150576615,5150576614,5150576613,5150576612,5150576611,3056879088,5150576618,5150576619,5150576620,3056879075,3056879070,5150225877,3056879073,3056879076,5150225876,3056879068,3056879062,3056879056,5150225875,5150225874,3056879031,3056879019,3056879010,3056879008,3056879012,3056879026,3056879045,3056879049,1863466847,5151948689,3056879058,5151948690,3056879055,5151948691,5151948692,5151948693,3056879039,3056879034,5151948694,5151948695,5151948696,3056879041,5151948697,3056879048,5149714102,3056879050,3056879043,5153628558,5153628559,3056879025,3056879014,5153633602,5153633603,3056879006,3056879000,3056878996,3056878994,3056878990,5153634638,3056878984,5153711714,3056878977,3056878972,3056878971,5153711717,5153711715,5153711716,3056878962,3056878950,5153711718,3056878946,5153711719,3056878942,5153692853,3056878943,5153692863,5153692852,3056878940,3056878931,5153692872,8382725245,3056878913,5152629925,3056878906,3056878902,5152629933,3056878895,5152629926,3056878896,5152644932,3056878911,3056878909,5152644933,3056878897,5152644934,3056878876,5152644936,5152644935,3056878850,5152659909,3056878838,5152659910,3056878829,5152659911,5152661623,5152659912,5152659913,5152659914,5152661632,5152659915,3056878786,5151631456,5151631457,5152659916,5152670784,5152670795,3056878762,5152670785,5152670786,5152670787,3056878751,5152670783,3056878743,5152670782,3056878745,3056878748,5153394603,3056878767,5150376005,5150376004,5150376006,3056878763,5152670781,3056878758,5150376007,3056878747,5150376008,3056878737,5150376009,3056878724,8360707220,2549414875]},"geometry":{"type":"LineString","coordinates":[[88.4028625,25.8725075],[88.4026939,25.8724273],[88.4024663,25.8723386],[88.4022928,25.8722038],[88.4020463,25.8721796],[88.4018065,25.8719455],[88.4016248,25.8718047],[88.4015303,25.8715733],[88.4015109,25.8712623],[88.4014942,25.8709394],[88.4014848,25.8706834],[88.4014378,25.8705042],[88.4013775,25.8703104],[88.4013048,25.870043],[88.4011509,25.8698636],[88.4010829,25.8696921],[88.3997765,25.8692141],[88.3993911,25.8694332],[88.399106,25.8692702],[88.3988061,25.86885],[88.3986633,25.8681918],[88.3988677,25.8672312],[88.3998462,25.8664022],[88.4006852,25.8660481],[88.4011911,25.865877],[88.4019089,25.8652893],[88.4022208,25.8639418],[88.4023278,25.8633184],[88.4022812,25.8624943],[88.401923,25.8615999],[88.4012546,25.8603907],[88.400909,25.8597939],[88.4011279,25.8594009],[88.4013924,25.8589526],[88.4019374,25.8569976],[88.4017629,25.8558816],[88.4008203,25.8544055],[88.3998647,25.8533692],[88.3992244,25.8523344],[88.3992326,25.8513099],[88.3990573,25.8502191],[88.3991849,25.8492264],[88.3993104,25.8485745],[88.3988506,25.8477632],[88.3978217,25.8469519],[88.3976922,25.8463587],[88.3977206,25.845222],[88.397985,25.8438343],[88.3984335,25.843299],[88.3985075,25.8424521],[88.3982597,25.8418948],[88.3979944,25.8417464],[88.3971604,25.8418395],[88.3957121,25.8415075],[88.3937327,25.8406446],[88.3914424,25.8406546],[88.3906351,25.8409327],[88.3894039,25.8413569],[88.3876809,25.8411656],[88.3859259,25.8412763],[88.3858123,25.8409881],[88.3848565,25.8385644],[88.3853962,25.8336135],[88.3860895,25.8297292],[88.3862359,25.8280247],[88.3858874,25.8268873],[88.3854413,25.8261628],[88.3848352,25.8242799],[88.3847452,25.8225758],[88.3850527,25.8208116],[88.3855406,25.8191658],[88.3859587,25.8184416],[88.3865621,25.8178663],[88.3871441,25.8166029],[88.3887691,25.8146049],[88.3896447,25.8136124],[88.3898692,25.8131869],[88.3901741,25.8126116],[88.3902836,25.8119444],[88.3901067,25.8113081],[88.3898107,25.8108491],[88.3895103,25.8105033],[88.3891221,25.8101757],[88.3881908,25.8092462],[88.3876867,25.8069802],[88.3871448,25.8063529],[88.3864595,25.8064237],[88.385546,25.8064551],[88.3849045,25.8059036],[88.3848778,25.8050501],[88.3875177,25.8022193],[88.3875032,25.8015529],[88.3869535,25.8003701],[88.3858306,25.7988419],[88.3847469,25.7964822],[88.385083,25.7951776],[88.3846062,25.7944299],[88.3835861,25.7939154],[88.3823721,25.7935271],[88.3817911,25.7933407],[88.3815756,25.793037],[88.38163,25.7916872],[88.3822781,25.7901116],[88.3823419,25.7882199],[88.381584,25.7866832],[88.3813797,25.7859383],[88.3814556,25.7852271],[88.3819964,25.7844791],[88.3828721,25.7835914],[88.3837816,25.7828362],[88.3848524,25.7823994],[88.3855262,25.7823773],[88.3862187,25.7825235],[88.3873771,25.7830806],[88.3882923,25.7837596],[88.3890801,25.7838778],[88.3894375,25.7837207],[88.3897949,25.7834489],[88.3900758,25.7830773],[88.3907576,25.7826075],[88.3911494,25.7822903],[88.3914704,25.7818839],[88.3916443,25.781076],[88.3914801,25.7799147],[88.3905531,25.7780892],[88.3892099,25.776567],[88.3882406,25.7747593],[88.3877421,25.7744458],[88.3870536,25.7744125],[88.3845472,25.7749757],[88.3838184,25.7746089],[88.3834453,25.7741996],[88.3835773,25.7731528],[88.3836949,25.772548],[88.3839102,25.7722535],[88.3845747,25.7719452],[88.3854052,25.7718831],[88.3866549,25.7720373],[88.3878371,25.7717085],[88.3890351,25.7708481],[88.3894837,25.7702912],[88.389803,25.7695382],[88.3896446,25.7689288],[88.3894086,25.7684747],[88.3887434,25.7681076],[88.3879924,25.7681269],[88.387016,25.7682235],[88.3860612,25.7686486],[88.3854926,25.7688709],[88.3850526,25.7689482],[88.384484,25.7689095],[88.3841622,25.7687742],[88.3837438,25.7683684],[88.3836901,25.7677114],[88.3839154,25.7667066],[88.3844089,25.7655085],[88.3845591,25.76432],[88.384484,25.7637983],[88.3841514,25.7633828],[88.3836257,25.7628513],[88.3825958,25.762204],[88.3822203,25.7617885],[88.38213,25.7612486],[88.3822632,25.7606869],[88.3824992,25.7602135],[88.382982,25.7594984],[88.3837438,25.7587447],[88.384763,25.7575659],[88.3853638,25.7565899],[88.3860934,25.755643],[88.3873701,25.7545414],[88.3879495,25.7538263],[88.388164,25.7534011],[88.3881426,25.7530726],[88.3880567,25.7525508],[88.3876061,25.7518937],[88.3868229,25.7514202],[88.3860934,25.7511109],[88.3855784,25.750908],[88.3853638,25.7503959],[88.3852029,25.7498015],[88.3852565,25.7491927],[88.3854014,25.7486323],[88.3855623,25.7481298],[88.3859217,25.7475596],[88.3862972,25.7471731],[88.3867854,25.746743],[88.3873808,25.7463371],[88.3877349,25.7459409],[88.3879602,25.745279],[88.3880353,25.7447813],[88.3879495,25.7443561],[88.3876866,25.744013],[88.3873862,25.7435298],[88.3873379,25.7431287],[88.3875257,25.7424088],[88.3876544,25.7419111],[88.3877402,25.7415342],[88.3879012,25.7412636],[88.388164,25.74108],[88.3884698,25.7410075],[88.388797,25.7410413],[88.3891618,25.7411573],[88.3895266,25.7412974],[88.3901435,25.7413264],[88.390798,25.7412394],[88.3913666,25.7410848],[88.392559,25.7410569],[88.3931315,25.7412636],[88.3935714,25.7415922],[88.3938181,25.7418386],[88.3940917,25.7419497],[88.3944565,25.7419739],[88.394773,25.7418434],[88.3950144,25.7416598],[88.395183,25.741184],[88.3951378,25.7404421],[88.3950305,25.739582],[88.3949661,25.7389925],[88.3950788,25.7384684],[88.3959647,25.7379865],[88.3971763,25.7379584],[88.3982959,25.7383938],[88.3997044,25.7391504],[88.4006953,25.7387315],[88.4009566,25.7377849],[88.4005627,25.7365506],[88.3986652,25.7348262],[88.3991396,25.733619],[88.3993864,25.7322949],[88.3990331,25.7308112],[88.399919,25.7291501],[88.4040573,25.727438],[88.4073066,25.7271895],[88.4092946,25.7277028],[88.411077,25.7301719],[88.4119046,25.7329609],[88.4126403,25.7334303],[88.4152766,25.7338998],[88.4179885,25.7343094],[88.4186285,25.7347295],[88.4193273,25.7351539],[88.4198057,25.7350844],[88.4209304,25.7342036],[88.4211801,25.7332016],[88.420887,25.7320914],[88.4204371,25.7316721],[88.4205776,25.7311929],[88.4210536,25.7308497],[88.421406,25.7307692],[88.4221168,25.7310859],[88.4224542,25.7317182],[88.4225875,25.7324734],[88.4228358,25.7331915],[88.4229742,25.7333837],[88.4234918,25.7334303],[88.425581,25.7324101],[88.426021,25.7320626],[88.4272919,25.7308439],[88.4278945,25.7291819],[88.4290095,25.7280179],[88.4295566,25.7273089],[88.4293026,25.7266552],[88.4285014,25.7263769],[88.4261587,25.7256154],[88.4254265,25.725071],[88.4248973,25.7244223],[88.4260166,25.7231532],[88.426701,25.7224108],[88.428334,25.7210821],[88.4300836,25.7204526],[88.4313335,25.7202331],[88.4345578,25.7199265],[88.4349448,25.7197535],[88.4351045,25.7195905],[88.4351303,25.7188966],[88.4350755,25.7186359],[88.4349275,25.7178225],[88.4338528,25.7158391],[88.4334439,25.71549],[88.4327042,25.7152731],[88.431967,25.7150807],[88.4312299,25.7149727],[88.4287892,25.7150422],[88.4254306,25.7155339],[88.4246534,25.7152414],[88.42397,25.714792],[88.4236611,25.7134361],[88.4232716,25.7123006],[88.4232485,25.7114661],[88.4233831,25.7107897],[88.4234237,25.7100286],[88.4235908,25.7091287],[88.4237994,25.7085772],[88.4249078,25.7079767],[88.4253162,25.7078353],[88.4278268,25.7069656],[88.4289402,25.7068183],[88.4297501,25.7072132],[88.4315833,25.7080414],[88.4332915,25.709286],[88.4351402,25.7095697],[88.4358709,25.709157],[88.4366423,25.707443],[88.4368253,25.7064298],[88.4362744,25.7038524],[88.4353491,25.7024112],[88.4336181,25.7006576],[88.4332275,25.6999585],[88.4332719,25.6988319],[88.4333815,25.6977053],[88.4337226,25.696566],[88.4345371,25.6953022],[88.4350157,25.6946042],[88.4352272,25.6943308],[88.4359245,25.6934294],[88.4364437,25.6927906],[88.4372881,25.6926229],[88.4374317,25.6925515],[88.4377618,25.6923873],[88.4380249,25.6919503],[88.4381531,25.6917672],[88.4382906,25.6915707],[88.4385508,25.6911923],[88.4389659,25.6902267],[88.4390265,25.6900099],[88.4391983,25.6893938],[88.4388293,25.6886826],[88.4386964,25.6879653],[88.4388949,25.6873995],[88.4387286,25.6869394],[88.4380498,25.6864977],[88.4370615,25.6861446],[88.4362774,25.6858996],[88.4355566,25.686125],[88.4347417,25.6868084],[88.4318946,25.6895427],[88.4312515,25.6899284],[88.430764,25.6900169],[88.4304996,25.6899494],[88.4301246,25.6898021],[88.4298487,25.6895654],[88.4295275,25.6891408],[88.4290708,25.6882458],[88.428816,25.6875467],[88.4287383,25.6868093],[88.4288973,25.6855193],[88.4292547,25.6844336],[88.4294684,25.6836931],[88.4293987,25.682844],[88.4287244,25.6818252],[88.4280512,25.6811027]]}},{"type":"Feature","properties":{"osm_id":248096312,"group":"tangon","version":4,"timestamp":"2021-01-25T12:03:17Z","tags":{"name":"Tangon River","name:bn":"টাংগন নদী","waterway":"river"},"nodes":[2549414875,2549414882,5152697068,2549414817,2549414853,2549414888,2549414613,2549414782,2549414747,2549414720,2549414677,2549414681,2549414617,5152697079,2549414815,2549414771,2549414762,8360707219,2549414787,2549414813,2549414623,2549414773,2549414626,2549414615,2549414651,8360707218,2549414765,2549414749,2549414780,2549414767,2549414660,2549414791,2549414892,2549414830,2549414662,2549414666,2549414845,2549414769,2549414862,2549414744,2549414797,2549414606,2549414600,2549414856,2549414664,2549414682,2549414668,2549414886,2549414805,2549414821,2549414713,1278478375]},"geometry":{"type":"LineString","coordinates":[[88.4280512,25.6811027],[88.4266598,25.6796528],[88.4263895,25.6794757],[88.4255601,25.6789324],[88.4251827,25.6784959],[88.425073,25.6782574],[88.4249084,25.6779744],[88.424762,25.6775792],[88.4248049,25.6772658],[88.4249504,25.6769217],[88.4251183,25.6765604],[88.4256722,25.6761184],[88.4261308,25.6760083],[88.4266684,25.6759016],[88.426718,25.6758917],[88.4272115,25.6756209],[88.4279035,25.6750988],[88.4289692,25.674144],[88.4291052,25.6739964],[88.4292454,25.6737931],[88.4294968,25.6732664],[88.4296309,25.6729183],[88.4296156,25.6726037],[88.4295504,25.6723671],[88.4293251,25.6719996],[88.428978,25.6716855],[88.4283999,25.6712183],[88.4266053,25.6695145],[88.4261762,25.6692292],[88.4257578,25.6690793],[88.4239508,25.6686294],[88.4235055,25.6685617],[88.4231837,25.6684505],[88.4229583,25.6682716],[88.4222288,25.6676092],[88.4220357,25.6673288],[88.4219115,25.6670486],[88.4218739,25.6667488],[88.4218954,25.666362],[88.422041,25.6659508],[88.4224756,25.6652062],[88.423189,25.6641859],[88.4238319,25.6636156],[88.4255378,25.66202],[88.4273411,25.6608303],[88.4281503,25.6602551],[88.4290684,25.6594909],[88.430339,25.6579776],[88.4311168,25.6568413],[88.4313743,25.6562659],[88.4314548,25.6558065],[88.431443,25.6544175]]}},{"type":"Feature","properties":{"osm_id":1133039927,"group":"pagla","version":2,"timestamp":"2023-12-17T09:23:09Z","tags":{"name":"পাগলা নদী","name:en":"Pagla river","waterway":"river"},"nodes":[3904188768,3904188767,11425175275,11425175274,3904188766,10564159280]},"geometry":{"type":"LineString","coordinates":[[87.9698467,24.9894033],[87.980755,24.9880053],[87.9869056,24.9892137],[87.9874045,24.9892526],[87.9878235,24.9890961],[87.9899153,24.9892986]]}},{"type":"Feature","properties":{"osm_id":1133039928,"group":"pagla","version":1,"timestamp":"2023-01-18T04:50:16Z","tags":{"name":"পাগলা নদী","name:en":"Pagla river","waterway":"river"},"nodes":[10564159280,10564159279]},"geometry":{"type":"LineString","coordinates":[[87.9899153,24.9892986],[87.9902615,24.9893188]]}},{"type":"Feature","properties":{"osm_id":387078868,"group":"pagla","version":8,"timestamp":"2026-08-01T12:11:53Z","tags":{"name":"পাগলা নদী","name:en":"Pagla river","waterway":"river"},"nodes":[10564159279,3904188765,3904188764,3904188763,3904188762,3904188761,3904188769,3904188770,3904188771,3904188772,3904188773,3904188774,3904188775,3904188776,3904188777,3904188778,3904188779,3904188780,3904188781,3904188782,3904188783,3904188784,3904188785,3904188786,3904188787,3904188788,3904188789,3904188790,3904188791,3904188793,3904188794,3904188795,3904188796,3904188797,3904188798,3904188799,3904188800,3904188801,3904188802,3904188803,3904188804,3904188805,3904188806,3904188807,3904188808,3904188809,3904188810,3904188811,3904188812,3904188813,3904188814,3904188815,3904188816,3904188817,3904188818,3904188819,3904188820,3904188821,3904188822,3904188823,3904188824,3904188825,3904188826,3904188827,3904188828,3904188829,3904188830,3904188831,3904188832,3904188833,3904188834,3904188835,3904188836,3904188837,3904188838,3904188839,3904188840,3904188841,3904188842,3904188843,3904188844,3904188846,3904188845,3904188847,3904188848,3904188849,3904188850,3904188851,3904188852,3904188853,3904188854,3904188855,3904188856,3904188857,3904188858,3904188859,3904188860,3904188861,3904188862,3904188863,3904188864,3904188865,3904188866,3904188869,3904188870,3904188871,3904188872,3904188873,3904188874,3904188875,3904188876,3904188877,3904188878,3904188879,3904188880,3904188881,3904188882,3904188883,3904188884,3904188885,3904188886,3904188887,3904188888,3904188889,3904188890,3904188891,3904188892,3904188893,3904188894,3904188895,3904188896,3904188897,3904188898,3904188899,3904188900,3904188901,3904188902,3904188903,3904188904,3904188905,3904188906,3904188907,3904188908,3904188909,3904188910,3904188911,3904188912,3904188913,3904188914,3904188915,3904188916,3904188918,3904188917,3904188919,3904188920,3904188921,3904188922,10824055621,3904188923,3904188924,3904188925,3904188926,3904188927,3904188928,3904188929,3904188930,3904188931,3904188932,3904188933,3904188934,3904188935,3904188936,14066060808,3904188937,14066060806,3904188938,14066060807,3904188939,3904188940,3904188941,3904188942,3904188943,3904188944,3904188945,3904188946,14066060720,3904188947,3904188948,3904188949,3904188950,3904188951,3904188952,3904188953,3904188954,3904188955,3904188956,3904189057,3904189058,3904189059,3904189060,3904189061,3904189062,3904189063,3904189064,3904189065,3904189066,3904189067,3904189068,3904189069,3904189070,3904189071,3904189072,3904189073,3904189074,3904189075,3904189076,3904189077,3904189078,3904189079,3904189080,3904189081,3904189082,3904189083,3904189084,3904189085,3904189086,3904189087,3904189088,3904189089,3904189090,3904189091,3904189092,3904189093,3904189094,3904189095,3904189096,3904189097,7725464497,7725464496,7725464495,7725464494,7725464493,7725464492,7725464491,7725464490,7725464489,7725464488,7725464487,7725464486,7725464485,7725445184,7725445183,7725445182,7725445181,7725445180,7725445179,7725445178,7725445177,7725445176,7725445175,7725445174,7725445173,7725445172,7725445171,7725445170,7725445169,7725445168,7725445167,7725445166,7725445165,7725445164,7725445163,7725445162,7725445161,7725445160,7725445159,7725445158,7725445157,7725445156,7725445155,7725445154,7725445153,7725445152,7725445151,7725445150,7725445149,7725445148,7725445147,7725445146,7725464414,7725464413,7725464412,7725464411,7725464410,7725464409,7725464408,7725464407,7725464406,7725464405,7725464404,7725464403,7725464402,7725464401,7725464400]},"geometry":{"type":"LineString","coordinates":[[87.9902615,24.9893188],[87.9905656,24.9893013],[87.9934111,24.9899173],[87.9956762,24.9901354],[87.9979413,24.9899044],[87.9996826,24.9892115],[88.000985,24.9885186],[88.002245,24.9873894],[88.0030802,24.9861704],[88.0045242,24.9832447],[88.0053736,24.9827699],[88.0061239,24.9827443],[88.0090119,24.9828597],[88.0116734,24.9824235],[88.0133863,24.9821411],[88.0159346,24.982385],[88.0202382,24.9812685],[88.0225033,24.9809606],[88.0251931,24.9809991],[88.0296383,24.9815124],[88.0340836,24.9832575],[88.0364477,24.9842456],[88.037821,24.9850155],[88.0389677,24.98567],[88.0444605,24.9863372],[88.0452674,24.9861832],[88.0459611,24.9858624],[88.0464,24.985362],[88.0473626,24.9837708],[88.047595,24.9833484],[88.0476208,24.9827563],[88.0474919,24.9820084],[88.0468129,24.9799128],[88.0464262,24.9775132],[88.0463058,24.9769445],[88.0464348,24.9765783],[88.0468215,24.9763602],[88.0475263,24.9761343],[88.0484287,24.9760096],[88.0507578,24.9759005],[88.0526916,24.9755811],[88.0541527,24.9750591],[88.0550551,24.9744436],[88.0555794,24.9737814],[88.0558544,24.9731815],[88.0558114,24.9722622],[88.0555622,24.9704001],[88.054548,24.9681017],[88.0544793,24.9676264],[88.0545566,24.9671122],[88.0549348,24.9667382],[88.0585445,24.9649539],[88.059043,24.9648994],[88.0595071,24.9650007],[88.0599454,24.9652111],[88.0601774,24.9654915],[88.0602204,24.965998],[88.0599712,24.9668628],[88.0600227,24.9677744],[88.059361,24.9695119],[88.0593008,24.9709299],[88.0596274,24.9713818],[88.0607189,24.9719427],[88.0619823,24.9722076],[88.0632973,24.9722544],[88.0642513,24.9719817],[88.0677321,24.9705949],[88.0685657,24.9702443],[88.069133,24.9702754],[88.0702503,24.9707974],[88.0717801,24.9718259],[88.0758453,24.9729712],[88.0766102,24.9730257],[88.0770056,24.9729244],[88.0774181,24.9727063],[88.0791456,24.9711247],[88.0800137,24.9699092],[88.0813544,24.9669953],[88.0816294,24.966559],[88.0826092,24.9658967],[88.0832366,24.9657097],[88.0843023,24.9648994],[88.0857634,24.9641124],[88.0865025,24.9638709],[88.0868291,24.9635592],[88.0871557,24.9632164],[88.0874393,24.9624061],[88.0881957,24.9612685],[88.088995,24.9596634],[88.0898372,24.9572167],[88.0904818,24.9557518],[88.091771,24.9520037],[88.0919561,24.9514854],[88.0922948,24.9499617],[88.0942618,24.9463829],[88.0955776,24.9443395],[88.0959423,24.9436426],[88.0961477,24.9431243],[88.0964266,24.9405171],[88.0964695,24.9392329],[88.0958473,24.9369759],[88.0949031,24.9341546],[88.0944954,24.932345],[88.0949032,24.9312318],[88.0953982,24.9308419],[88.0964012,24.928751],[88.0978993,24.9263765],[88.0984855,24.925526],[88.0995277,24.9243919],[88.0999967,24.9236122],[88.1015729,24.9222654],[88.1062756,24.918733],[88.1094281,24.9161339],[88.1102228,24.9152478],[88.114222,24.9099075],[88.11757,24.906103],[88.1200581,24.9031846],[88.1206834,24.9022157],[88.1209309,24.9012586],[88.1207094,24.8985646],[88.1208788,24.8979619],[88.1215432,24.8950079],[88.121478,24.8939326],[88.1209569,24.8906003],[88.1209569,24.8899385],[88.1211524,24.8893004],[88.1216734,24.8871497],[88.1211914,24.8808391],[88.1197194,24.8754737],[88.1172313,24.8688435],[88.1158634,24.8639858],[88.1159807,24.8614446],[88.1168535,24.8589388],[88.1174136,24.8578986],[88.1223639,24.8524259],[88.1231194,24.8513975],[88.1239141,24.8501208],[88.1241225,24.8478867],[88.1241485,24.8457471],[88.1244482,24.845487],[88.1257899,24.8442222],[88.1276528,24.8410304],[88.1294505,24.8389497],[88.1302321,24.8378621],[88.1325118,24.835947],[88.1327723,24.8349657],[88.133593,24.8329914],[88.1338405,24.8315491],[88.1335409,24.8245972],[88.1333455,24.8196432],[88.133072,24.8170656],[88.1321992,24.8118394],[88.1313003,24.8085876],[88.1300237,24.8042242],[88.1289164,24.8012797],[88.127301,24.7970107],[88.1259593,24.7941488],[88.1247718,24.7921461],[88.1231194,24.7893592],[88.1197715,24.7850187],[88.1158765,24.7811749],[88.1122289,24.7786202],[88.1086856,24.775959],[88.1062756,24.7733568],[88.1049729,24.7709557],[88.1042565,24.7688739],[88.1039829,24.7659877],[88.1059369,24.7614099],[88.1071094,24.7595764],[88.1079822,24.7577783],[88.1085032,24.7558855],[88.1087576,24.7555071],[88.1094317,24.754521],[88.1110435,24.7527506],[88.111822,24.7522493],[88.1125416,24.7519343],[88.1134426,24.7518552],[88.114209,24.7519698],[88.1175048,24.7526087],[88.1213347,24.7527506],[88.1247347,24.7526087],[88.1266627,24.7526441],[88.1269623,24.7527624],[88.1275254,24.7531137],[88.1282411,24.7533724],[88.1288431,24.7534898],[88.1297888,24.7533799],[88.1302842,24.7533539],[88.1329547,24.7529162],[88.1381264,24.7518279],[88.1436368,24.7504911],[88.1463724,24.7501598],[88.1506192,24.7501362],[88.1538759,24.7506685],[88.1581487,24.7517687],[88.1613403,24.753141],[88.1624867,24.7533658],[88.1637373,24.7533421],[88.1651963,24.7529754],[88.1665381,24.7522064],[88.167476,24.7511417],[88.167971,24.7495565],[88.1685182,24.7461848],[88.1686875,24.7430969],[88.168466,24.7386484],[88.1679059,24.7339158],[88.1676323,24.7315612],[88.1668247,24.7289818],[88.1640239,24.7217166],[88.1635028,24.7197878],[88.1626951,24.7170188],[88.1625128,24.7151254],[88.1598292,24.7099067],[88.1548626,24.7021819],[88.1511505,24.6974057],[88.1467302,24.6916351],[88.1456573,24.6898805],[88.1439836,24.6878529],[88.1421812,24.6858057],[88.1412156,24.684363],[88.1410654,24.6836611],[88.1411083,24.6820428],[88.1416662,24.6797226],[88.141988,24.6784942],[88.1429966,24.6775194],[88.1441123,24.6769734],[88.1456144,24.6764665],[88.1462152,24.6759595],[88.1468375,24.6748676],[88.1472881,24.6731322],[88.1482966,24.6717088],[88.1489832,24.6700709],[88.1496055,24.6670875],[88.1500776,24.6624465],[88.150142,24.6605355],[88.1503994,24.6595019],[88.1525667,24.6532615],[88.1549191,24.6521853],[88.1569361,24.6507812],[88.1574297,24.6504301],[88.1578588,24.6503716],[88.1581592,24.6500206],[88.1589103,24.6482263],[88.1601548,24.6466661],[88.1610775,24.6463151],[88.1622362,24.6454179],[88.164382,24.6441307],[88.1671285,24.6415758],[88.1693601,24.6391573],[88.1701541,24.6386112],[88.1715703,24.6379676],[88.1719351,24.6379481],[88.172493,24.6375385],[88.1736088,24.6370119],[88.1760549,24.6354905],[88.1780076,24.6343983],[88.179295,24.6332865],[88.1801533,24.6319797],[88.1823206,24.6289368],[88.1834149,24.6260305],[88.1854963,24.6226559],[88.188436,24.6185594],[88.1898951,24.6164916],[88.1913113,24.6134289],[88.1927705,24.6113416],[88.1938219,24.6086299],[88.1942296,24.6066985],[88.1948519,24.6051963],[88.1952595,24.6019382],[88.195796,24.5985629],[88.19556,24.595051],[88.1951523,24.5928073],[88.1938219,24.589022],[88.1921911,24.5863684],[88.190968,24.5853928],[88.1904959,24.5846318],[88.1904959,24.5837928],[88.1911611,24.5829537],[88.1919122,24.581783],[88.1934356,24.5782316],[88.195517,24.5743093],[88.1961822,24.5731579],[88.1964397,24.5729628],[88.1970191,24.5728847],[88.1983495,24.5729043],[88.1996584,24.5723774],[88.2014179,24.5715968],[88.2023191,24.5706796],[88.203392,24.5702113],[88.2045507,24.5698014],[88.2067394,24.5684939],[88.2077694,24.5671279],[88.2084131,24.5664253],[88.2084131,24.5657033],[88.2092285,24.5650202],[88.2118678,24.5635566],[88.2139063,24.5623075],[88.215065,24.5620929],[88.2160949,24.562288],[88.2177472,24.5627759],[88.2202577,24.5637712],[88.2227468,24.5658204],[88.2245707,24.5678499],[88.2259906,24.5688482]]}}]}