{"type":"FeatureCollection","properties":{"source":"osmdata.openstreetmap.de land polygons","overview":{"file":"simplified-land-polygons-complete-3857.zip","size":24449716,"sha256":"908393ca42e2cb897843dc868266014bf4c09e27aae029948db80a027435d3dd","readme":"2026-09-26T00:00:00Z"},"detail":{"file":"land-polygons-split-4326.zip","size":927768866,"sha256":"7784ec88ad22bea1b0023c813c3b8c7a850438360689b14e5baf816ed1739b36","readme":"2026-09-26T00:00:00Z"},"licence":"ODbL 1.0 — © OpenStreetMap contributors (https://www.openstreetmap.org/copyright)"},"features":[{"type":"Feature","geometry":{"type":"Polygon","coordinates":[[[86.39244,19.96729],[86.38009,19.96375],[86.38824,19.96187],[86.41176,19.97722],[86.41211,19.98388],[86.39244,19.96729]]]},"properties":{"set":"overview"}},{"type":"Feature","geometry":{"type":"Polygon","coordinates":[[[87.07317,20.75356],[87.09,20.75289],[87.08423,20.74729],[87.09313,20.74853],[87.09338,20.75515],[87.08597,20.76429],[87.07317,20.75356]]]},"properties":{"set":"overview"}},{"type":"Feature","geometry":{"type":"Polygon","coordinates":[[[87.08003,20.73769],[87.07028,20.73678],[87.07168,20.7474],[87.07073,20.74645],[87.06824,20.73695],[87.06198,20.73603],[87.06807,20.73442],[87.08003,20.73769]]]},"properties":{"set":"overview"}},{"type":"Feature","geometry":{"type":"Polygon","coordinates":[[[88.44029,21.90591],[88.43153,21.89897],[88.42066,21.90247],[88.41992,21.89022],[88.40208,21.87493],[88.40037,21.84595],[88.39627,21.84706],[88.39974,21.84476],[88.39342,21.83134],[88.40321,21.79899],[88.42537,21.81439],[88.4308,21.80043],[88.44512,21.80351],[88.46034,21.7918],[88.46129,21.79508],[88.44834,21.80591],[88.44775,21.81594],[88.45522,21.82384],[88.46523,21.82641],[88.47237,21.83705],[88.48854,21.84033],[88.48964,21.85618],[88.48478,21.88071],[88.4793,21.8823],[88.47825,21.88839],[88.45685,21.89513],[88.4501,21.90506],[88.44029,21.90591]]]},"properties":{"set":"overview"}},{"type":"Feature","geometry":{"type":"Polygon","coordinates":[[[88.30304,21.66163],[88.30329,21.67988],[88.29896,21.68871],[88.28148,21.7072],[88.27559,21.72569],[88.26031,21.73059],[88.27262,21.75416],[88.21929,21.76142],[88.21211,21.72156],[88.222,21.70182],[88.21361,21.69363],[88.20027,21.68989],[88.2014,21.68211],[88.20448,21.67665],[88.22576,21.6758],[88.23382,21.669],[88.23589,21.63824],[88.22027,21.62201],[88.21933,21.61542],[88.24048,21.60628],[88.24777,21.58748],[88.23863,21.57509],[88.25711,21.56079],[88.28423,21.56134],[88.29335,21.56614],[88.30121,21.57702],[88.30279,21.58764],[88.28671,21.59463],[88.28602,21.6239],[88.30304,21.66163]]]},"properties":{"set":"overview"}},{"type":"Feature","geometry":{"type":"Polygon","coordinates":[[[88.42351,21.72047],[88.42468,21.7298],[88.41979,21.74205],[88.42482,21.7528],[88.41939,21.76404],[88.42304,21.77235],[88.43635,21.78363],[88.44238,21.80023],[88.43135,21.79782],[88.42335,21.81085],[88.38339,21.77869],[88.40308,21.75114],[88.40301,21.73929],[88.42351,21.72047]]]},"properties":{"set":"overview"}},{"type":"Feature","geometry":{"type":"Polygon","coordinates":[[[88.10252,21.83091],[88.08399,21.78303],[88.0777,21.77748],[88.07623,21.75162],[88.05068,21.71133],[88.0461,21.68845],[88.04167,21.68499],[88.04304,21.65585],[88.05732,21.64083],[88.06844,21.63378],[88.1077,21.62877],[88.14256,21.6362],[88.15292,21.64825],[88.15118,21.69318],[88.16386,21.72117],[88.17033,21.75467],[88.16353,21.79973],[88.17081,21.81338],[88.15354,21.8328],[88.13068,21.88364],[88.10252,21.83091]]]},"properties":{"set":"overview"}},{"type":"Feature","geometry":{"type":"Polygon","coordinates":[[[88.45658,21.71087],[88.45874,21.72559],[88.46737,21.7364],[88.47076,21.77324],[88.47665,21.79181],[88.46876,21.79384],[88.45856,21.78842],[88.44566,21.79734],[88.43874,21.77821],[88.42372,21.76698],[88.42852,21.7526],[88.42427,21.74119],[88.4305,21.72534],[88.42673,21.71597],[88.43266,21.70443],[88.44028,21.71035],[88.45658,21.71087]]]},"properties":{"set":"overview"}},{"type":"Feature","geometry":{"type":"Polygon","coordinates":[[[88.16739,21.92138],[88.17116,21.93203],[88.1618,21.93754],[88.16353,21.92623],[88.16739,21.92138]]]},"properties":{"set":"overview"}},{"type":"Feature","geometry":{"type":"Polygon","coordinates":[[[88.52136,21.94404],[88.52558,21.93289],[88.5248,21.91645],[88.52084,21.90976],[88.50766,21.9028],[88.49599,21.88368],[88.49789,21.87602],[88.52635,21.85427],[88.53688,21.85797],[88.53776,21.87118],[88.54696,21.88071],[88.54613,21.89302],[88.54345,21.8976],[88.5484,21.89292],[88.55005,21.88057],[88.54088,21.87041],[88.54208,21.85535],[88.53027,21.84823],[88.53309,21.83211],[88.54202,21.82896],[88.55267,21.81786],[88.55523,21.82325],[88.54968,21.83408],[88.55854,21.8506],[88.55138,21.86977],[88.55207,21.87645],[88.5523,21.86785],[88.55813,21.85639],[88.55917,21.85021],[88.55697,21.841],[88.5503,21.83304],[88.55759,21.82466],[88.57088,21.85419],[88.57627,21.88765],[88.57056,21.90112],[88.56249,21.89739],[88.54415,21.90501],[88.54633,21.90583],[88.56308,21.89849],[88.57059,21.90408],[88.54903,21.92093],[88.54049,21.96588],[88.54405,21.97323],[88.55499,21.97438],[88.56673,21.9591],[88.57592,21.95962],[88.575,21.97605],[88.5772,21.97887],[88.57718,21.95933],[88.59335,21.95004],[88.60194,21.9358],[88.61281,21.93292],[88.6148,21.93707],[88.59729,21.9691],[88.60518,21.99835],[88.59587,21.98723],[88.59507,21.98742],[88.61298,22.01226],[88.60971,22.01869],[88.59864,22.02311],[88.60069,22.03949],[88.60572,22.04792],[88.5959,22.06294],[88.60109,22.07332],[88.59082,22.0744],[88.5862,22.08439],[88.58863,22.08399],[88.5905,22.08223],[88.59166,22.07572],[88.60145,22.07612],[88.60284,22.07238],[88.5972,22.06328],[88.60692,22.04793],[88.60241,22.03727],[88.60479,22.02306],[88.61744,22.02153],[88.62488,22.03179],[88.67542,22.02272],[88.70178,22.00796],[88.71575,22.01036],[88.72157,22.0061],[88.73986,22.01929],[88.73431,22.03486],[88.74293,22.07371],[88.75448,22.08607],[88.76949,22.0926],[88.77154,22.10671],[88.78191,22.11352],[88.79463,22.11467],[88.80414,22.13055],[88.84444,22.12346],[88.84648,22.11823],[88.8409,22.12221],[88.80772,22.12589],[88.79775,22.1111],[88.79935,22.10649],[88.7949,22.10937],[88.78308,22.10663],[88.77232,22.0884],[88.75734,22.07903],[88.74793,22.0598],[88.7503,22.05609],[88.77311,22.05433],[88.78158,22.04797],[88.78558,22.06127],[88.794,22.05566],[88.80394,22.06545],[88.81646,22.06259],[88.8276,22.07171],[88.83385,22.06503],[88.83462,22.06594],[88.83412,22.06363],[88.82733,22.07027],[88.81899,22.06238],[88.83068,22.05206],[88.84034,22.05488],[88.83168,22.04545],[88.83151,22.05014],[88.81839,22.0615],[88.80502,22.06454],[88.80017,22.05597],[88.79395,22.05438],[88.78728,22.05988],[88.78006,22.0378],[88.79376,22.03101],[88.80633,22.03342],[88.81501,22.02567],[88.83232,22.02762],[88.83169,22.04503],[88.83515,22.0266],[88.84626,22.02203],[88.85961,22.02671],[88.85038,22.03896],[88.85104,22.04361],[88.89087,22.04842],[88.86941,22.06342],[88.86828,22.08154],[88.84253,22.0745],[88.8512,22.07959],[88.86822,22.0827],[88.86702,22.08859],[88.84934,22.10328],[88.847,22.1169],[88.85252,22.10274],[88.87207,22.08784],[88.88329,22.08574],[88.89678,22.09101],[88.90814,22.08766],[88.91756,22.09225],[88.92451,22.1082],[88.90578,22.13043],[88.89978,22.14773],[88.88636,22.16493],[88.89356,22.17741],[88.90279,22.17719],[88.9186,22.16578],[88.92522,22.1796],[88.93203,22.17772],[88.94488,22.18429],[88.9401,22.18972],[88.94198,22.19272],[88.96097,22.1939],[88.95752,22.20719],[88.96477,22.21168],[88.98549,22.2059],[88.997,22.21299],[89.01488,22.20945],[89.01813,22.21163],[89.01727,22.20901],[89.027,22.19216],[89.02298,22.16681],[89.03666,22.15242],[89.04982,22.14734],[89.05353,22.15035],[89.04963,22.15432],[89.05351,22.15165],[89.05403,22.14948],[89.05089,22.14704],[89.05913,22.13912],[89.06153,22.12921],[89.09115,22.14681],[89.09645,22.15454],[89.09386,22.15775],[89.07949,22.14546],[89.068,22.14791],[89.06069,22.1657],[89.06287,22.179],[89.05884,22.18206],[89.06311,22.17984],[89.07549,22.21223],[89.08704,22.22267],[89.10009,22.2216],[89.10443,22.22523],[89.06524,22.24308],[89.06097,22.25528],[89.05116,22.26002],[89.05833,22.27194],[89.05889,22.2716],[89.05159,22.26025],[89.06125,22.25599],[89.06308,22.25312],[89.066,22.24301],[89.08788,22.23607],[89.10263,22.229],[89.10529,22.22556],[89.10418,22.22273],[89.10095,22.22077],[89.08527,22.22029],[89.07471,22.20861],[89.07487,22.20064],[89.08705,22.19259],[89.09795,22.19974],[89.09872,22.20761],[89.105,22.21055],[89.09926,22.20699],[89.09909,22.19991],[89.09226,22.19387],[89.10126,22.19112],[89.10642,22.18583],[89.09679,22.19176],[89.08532,22.19114],[89.08161,22.19545],[89.08208,22.18518],[89.10116,22.16979],[89.10794,22.1588],[89.12569,22.15481],[89.13085,22.13754],[89.14237,22.13097],[89.13847,22.12374],[89.11829,22.12578],[89.13036,22.10262],[89.14755,22.08724],[89.16058,22.09026],[89.17391,22.08152],[89.17723,22.1009],[89.19114,22.12012],[89.17034,22.12332],[89.16539,22.13054],[89.16886,22.14127],[89.16416,22.14825],[89.1423,22.15214],[89.13825,22.16392],[89.14506,22.18294],[89.15679,22.1935],[89.15805,22.20474],[89.14502,22.20136],[89.12484,22.18354],[89.11409,22.19735],[89.11289,22.20787],[89.11483,22.19785],[89.12511,22.18413],[89.14495,22.20202],[89.16945,22.21073],[89.15509,22.21873],[89.15677,22.22879],[89.16942,22.22917],[89.17568,22.23433],[89.18093,22.22881],[89.18558,22.23712],[89.19937,22.23607],[89.19109,22.25586],[89.20107,22.27533],[89.20398,22.26665],[89.21477,22.26784],[89.21977,22.26041],[89.20514,22.25071],[89.20573,22.25475],[89.21809,22.25984],[89.21448,22.26603],[89.20521,22.2646],[89.20075,22.26905],[89.19312,22.25807],[89.20092,22.23521],[89.18579,22.23593],[89.18359,22.23005],[89.1923,22.22848],[89.19082,22.22026],[89.20006,22.21667],[89.20013,22.20918],[89.21063,22.21366],[89.21486,22.21025],[89.22326,22.21178],[89.22238,22.20152],[89.24126,22.21614],[89.23594,22.22917],[89.23989,22.24554],[89.22925,22.253],[89.20487,22.24887],[89.20509,22.25038],[89.22905,22.25481],[89.24008,22.24758],[89.24978,22.27711],[89.27565,22.2912],[89.27301,22.30885],[89.2476,22.33792],[89.24886,22.34825],[89.26102,22.35163],[89.25916,22.35649],[89.2735,22.34561],[89.26135,22.37291],[89.25563,22.37715],[89.24112,22.36694],[89.23227,22.37528],[89.23485,22.38272],[89.2528,22.38917],[89.25546,22.40434],[89.25876,22.39832],[89.25598,22.38885],[89.24922,22.38328],[89.23778,22.38172],[89.23522,22.37663],[89.24033,22.37027],[89.25322,22.38107],[89.26856,22.37433],[89.27707,22.34367],[89.25259,22.34106],[89.25922,22.33072],[89.27722,22.3166],[89.28445,22.28793],[89.30991,22.29259],[89.32058,22.28948],[89.32414,22.28429],[89.32066,22.27193],[89.30893,22.26367],[89.29981,22.26269],[89.29571,22.25558],[89.31249,22.23942],[89.31458,22.22595],[89.3087,22.21669],[89.32535,22.20009],[89.32638,22.21294],[89.3421,22.21797],[89.33761,22.22838],[89.35267,22.24705],[89.34495,22.24855],[89.33762,22.2448],[89.33925,22.24939],[89.33515,22.25463],[89.34731,22.26178],[89.32719,22.27212],[89.32604,22.2775],[89.33195,22.28609],[89.31125,22.29568],[89.30823,22.30074],[89.31186,22.30386],[89.32813,22.30247],[89.35148,22.31265],[89.3424,22.33088],[89.32692,22.33586],[89.33143,22.34467],[89.33108,22.36512],[89.32631,22.3674],[89.33561,22.37076],[89.33277,22.36762],[89.33317,22.34524],[89.3283,22.33709],[89.34342,22.33196],[89.35283,22.31173],[89.32763,22.3003],[89.31079,22.29948],[89.33437,22.28782],[89.32855,22.27485],[89.35055,22.26383],[89.35918,22.27021],[89.37157,22.2684],[89.37296,22.27146],[89.37249,22.26453],[89.37757,22.25823],[89.38425,22.2701],[89.39624,22.26199],[89.4133,22.25996],[89.4257,22.27481],[89.41697,22.27264],[89.40774,22.27724],[89.40425,22.27123],[89.39987,22.2784],[89.39365,22.27499],[89.38977,22.29048],[89.39172,22.28932],[89.39363,22.27645],[89.40084,22.27968],[89.40465,22.27262],[89.40743,22.27854],[89.41741,22.27386],[89.42632,22.27672],[89.42507,22.284],[89.41145,22.29173],[89.40513,22.28783],[89.39364,22.29676],[89.38372,22.2953],[89.37601,22.30413],[89.37635,22.31434],[89.36795,22.31503],[89.35996,22.32284],[89.36995,22.3162],[89.37885,22.31696],[89.37723,22.30521],[89.38332,22.30182],[89.38428,22.29693],[89.3939,22.29821],[89.40579,22.28961],[89.41134,22.29321],[89.41811,22.29034],[89.40523,22.30419],[89.40495,22.3109],[89.41618,22.32128],[89.39536,22.33353],[89.39949,22.34729],[89.38709,22.34647],[89.38119,22.34996],[89.38208,22.37219],[89.36488,22.37129],[89.36384,22.36737],[89.36232,22.37806],[89.36681,22.38982],[89.35418,22.39631],[89.35329,22.37212],[89.35229,22.37207],[89.35386,22.39709],[89.36641,22.39159],[89.36145,22.41388],[89.35577,22.41778],[89.36488,22.43128],[89.36317,22.44145],[89.36823,22.45613],[89.36178,22.45761],[89.35321,22.45139],[89.34723,22.45473],[89.34363,22.46414],[89.33497,22.45885],[89.31566,22.46438],[89.32564,22.46438],[89.33519,22.46004],[89.34389,22.46548],[89.35181,22.453],[89.36059,22.45866],[89.36712,22.45867],[89.37414,22.45348],[89.37895,22.4546],[89.38201,22.4494],[89.37062,22.45433],[89.36479,22.44164],[89.36616,22.42958],[89.35826,22.41625],[89.36376,22.41387],[89.36874,22.38943],[89.36513,22.37403],[89.38281,22.37371],[89.38367,22.35085],[89.40067,22.34911],[89.39792,22.33545],[89.42058,22.32291],[89.42401,22.32815],[89.4192,22.34323],[89.42247,22.348],[89.40787,22.36355],[89.4077,22.37784],[89.39861,22.39197],[89.39277,22.3926],[89.38916,22.39673],[89.37972,22.40101],[89.37904,22.40244],[89.38161,22.40689],[89.38058,22.40133],[89.38779,22.39863],[89.39311,22.39355],[89.40461,22.39514],[89.39964,22.39181],[89.40873,22.37768],[89.40873,22.3653],[89.42229,22.35435],[89.43809,22.38435],[89.4283,22.39768],[89.42058,22.4007],[89.42693,22.40006],[89.41817,22.45465],[89.39775,22.44259],[89.39415,22.44415],[89.39846,22.44332],[89.41166,22.45152],[89.41746,22.46155],[89.43509,22.462],[89.43628,22.42773],[89.44895,22.41059],[89.44958,22.39664],[89.44497,22.36825],[89.43555,22.35546],[89.47413,22.30716],[89.48034,22.31032],[89.47976,22.31579],[89.45745,22.33325],[89.45543,22.34051],[89.46252,22.3438],[89.48511,22.33837],[89.48434,22.35746],[89.48812,22.37011],[89.47177,22.36959],[89.48731,22.37151],[89.48949,22.37029],[89.48586,22.35955],[89.48719,22.33654],[89.46238,22.34185],[89.45715,22.33839],[89.48207,22.31602],[89.48258,22.31017],[89.47606,22.30146],[89.48895,22.28274],[89.49202,22.2666],[89.49569,22.28699],[89.48501,22.29747],[89.4849,22.3026],[89.49021,22.30701],[89.49619,22.29794],[89.50185,22.29641],[89.51609,22.30135],[89.5086,22.2961],[89.50135,22.29539],[89.4954,22.29706],[89.49098,22.30544],[89.48593,22.3022],[89.49657,22.28861],[89.49579,22.27225],[89.47668,22.22946],[89.51838,22.10277],[89.52424,22.09767],[89.54307,22.09742],[89.54776,22.11172],[89.53825,22.12141],[89.53907,22.1368],[89.53924,22.12191],[89.54908,22.11175],[89.54349,22.09457],[89.52661,22.09509],[89.53379,22.08448],[89.53412,22.05796],[89.51053,22.01657],[89.53175,21.99524],[89.54102,22.00993],[89.55135,22.05089],[89.57729,22.103],[89.58278,22.12432],[89.56005,22.16451],[89.54323,22.18461],[89.53914,22.20114],[89.52832,22.19555],[89.52379,22.19771],[89.52529,22.20628],[89.53273,22.2095],[89.52656,22.22087],[89.53383,22.20969],[89.5327,22.20722],[89.52613,22.20534],[89.52724,22.19662],[89.53953,22.20371],[89.57075,22.23483],[89.5718,22.24755],[89.57011,22.25265],[89.55754,22.25432],[89.5531,22.25923],[89.54856,22.29182],[89.55153,22.3011],[89.53543,22.3131],[89.5268,22.3297],[89.51585,22.32475],[89.51083,22.327],[89.51261,22.33714],[89.53474,22.34119],[89.52377,22.35464],[89.50444,22.3671],[89.50248,22.37206],[89.50599,22.37989],[89.51055,22.38446],[89.50434,22.37351],[89.50556,22.3675],[89.52571,22.35477],[89.5366,22.34101],[89.53424,22.33722],[89.51379,22.33529],[89.51289,22.3274],[89.52792,22.33131],[89.5378,22.31402],[89.55252,22.30387],[89.55525,22.26027],[89.55776,22.2564],[89.57371,22.25293],[89.57809,22.24048],[89.58308,22.24299],[89.57752,22.26066],[89.58052,22.278],[89.6164,22.32502],[89.62413,22.34876],[89.6356,22.35254],[89.63544,22.36051],[89.6408,22.36687],[89.65968,22.36943],[89.66866,22.36522],[89.67932,22.33437],[89.68851,22.32945],[89.69312,22.3161],[89.70427,22.31142],[89.70941,22.30447],[89.70291,22.27565],[89.73054,22.28293],[89.73824,22.2794],[89.72197,22.24368],[89.69721,22.21027],[89.70193,22.20822],[89.72082,22.22008],[89.72919,22.22053],[89.71942,22.21864],[89.703,22.20781],[89.69616,22.20946],[89.69194,22.19862],[89.69451,22.19576],[89.69941,22.19861],[89.69591,22.19598],[89.7029,22.18587],[89.69759,22.18607],[89.69414,22.17885],[89.71121,22.13074],[89.74069,22.13595],[89.7407,22.17375],[89.74482,22.18578],[89.72855,22.19653],[89.73728,22.21224],[89.73125,22.22065],[89.73422,22.22081],[89.73851,22.21157],[89.73043,22.19734],[89.74701,22.18504],[89.74217,22.16045],[89.74299,22.13879],[89.75772,22.1343],[89.76934,22.11525],[89.77541,22.09264],[89.78957,22.0812],[89.77614,22.08831],[89.77271,22.07938],[89.75284,22.06561],[89.75164,22.05618],[89.74233,22.05153],[89.74714,22.03578],[89.7583,22.03594],[89.76104,22.02973],[89.75984,22.02305],[89.74576,22.0178],[89.74765,22.01254],[89.75349,22.00681],[89.7619,22.00554],[89.77553,22.01154],[89.77196,22.00747],[89.76535,22.00493],[89.75263,22.00475],[89.75068,21.99524],[89.73756,21.99123],[89.75006,21.97785],[89.74662,21.97068],[89.7151,21.96056],[89.73336,21.92735],[89.73227,21.91935],[89.71708,21.90567],[89.73146,21.89674],[89.74839,21.8578],[89.77017,21.8533],[89.77996,21.86317],[89.7848,21.89816],[89.77575,21.90485],[89.78598,21.91],[89.78168,21.91794],[89.78799,21.91033],[89.77887,21.90511],[89.78659,21.89829],[89.78499,21.86967],[89.77303,21.83955],[89.78397,21.83725],[89.78599,21.8425],[89.80039,21.84602],[89.81091,21.8442],[89.83781,21.85349],[89.83639,21.87729],[89.84478,21.89276],[89.81295,21.91253],[89.80615,21.92197],[89.81149,21.93811],[89.8339,21.95272],[89.83238,21.95555],[89.83493,21.95324],[89.84258,21.95524],[89.8352,21.96622],[89.80413,21.98644],[89.80312,21.99067],[89.83675,22.00188],[89.84087,22.01907],[89.82851,22.03387],[89.82162,22.05233],[89.79707,22.05173],[89.7983,22.04378],[89.79564,22.02888],[89.79706,22.04271],[89.77551,22.04509],[89.79097,22.04545],[89.79734,22.0435],[89.79573,22.04911],[89.79673,22.05254],[89.80536,22.05472],[89.81909,22.05309],[89.81941,22.05455],[89.79018,22.0807],[89.79952,22.07315],[89.83883,22.12189],[89.81693,22.13283],[89.80942,22.14296],[89.81585,22.15122],[89.83492,22.16233],[89.80122,22.21631],[89.79634,22.26032],[89.80052,22.2808],[89.78272,22.28785],[89.76076,22.31312],[89.7602,22.31698],[89.76426,22.33788],[89.76068,22.34623],[89.76376,22.34133],[89.76458,22.33751],[89.76401,22.32954],[89.76067,22.318],[89.76147,22.31272],[89.77061,22.30565],[89.78351,22.28775],[89.79984,22.28214],[89.80151,22.28022],[89.79836,22.25964],[89.80271,22.22165],[89.80757,22.21225],[89.83115,22.21294],[89.81061,22.20954],[89.83687,22.16467],[89.83265,22.15549],[89.81324,22.1434],[89.83816,22.12755],[89.84217,22.11696],[89.8321,22.098],[89.8043,22.07475],[89.81881,22.06562],[89.84563,22.0651],[89.8632,22.08656],[89.87823,22.09803],[89.8857,22.11813],[89.88742,22.1405],[89.87143,22.1971],[89.86162,22.20684],[89.84226,22.21478],[89.83413,22.21343],[89.83851,22.21711],[89.87974,22.22346],[89.88539,22.2155],[89.91211,22.13777],[89.90926,22.10114],[89.90122,22.0714],[89.91532,22.0274],[89.93066,22.01046],[89.93017,21.98248],[89.93873,21.97305],[89.94209,21.96196],[89.96109,21.95056],[89.97764,21.95669],[89.98743,21.9714],[90.00029,21.97565],[90.05593,21.97994],[90.06729,21.96715],[90.05251,21.95386],[90.03146,21.94625],[90.02664,21.94093],[90.02681,21.88517],[90.04952,21.86688],[90.07075,21.8629],[90.09521,21.8301],[90.11272,21.8178],[90.16692,21.80072],[90.19561,21.80049],[90.19866,21.80401],[90.22285,21.80768],[90.24778,21.82903],[90.26841,21.89134],[90.24489,21.89557],[90.2425,21.90012],[90.243,21.90698],[90.24474,21.90999],[90.24875,21.91369],[90.25647,21.91639],[90.24497,21.90976],[90.24325,21.89885],[90.26869,21.89257],[90.26609,21.8792],[90.29853,21.95081],[90.30261,21.97617],[90.32344,22.02169],[90.32703,22.04066],[90.33866,22.05764],[90.39161,22.09024],[90.43164,22.07929],[90.4373,22.08179],[90.46432,22.10864],[90.49158,22.14562],[90.49709,22.16106],[90.53149,22.21313],[90.58298,22.25582],[90.60099,22.24531],[90.66485,22.24291],[90.64808,22.20865],[90.62126,22.1752],[90.6214,22.09984],[90.59686,22.04108],[90.59775,22.03306],[90.62829,21.99394],[90.66081,21.99804],[90.66651,22.00887],[90.66497,22.01876],[90.66667,22.01033],[90.67265,22.01328],[90.66706,22.01033],[90.6665,22.00725],[90.66167,21.99682],[90.69095,22.00496],[90.70441,22.01318],[90.72416,22.03687],[90.72118,22.04133],[90.72261,22.05186],[90.71752,22.05295],[90.71628,22.0539],[90.71762,22.05309],[90.72233,22.05235],[90.72287,22.05181],[90.72157,22.04134],[90.72511,22.03772],[90.7396,22.0533],[90.75986,22.06561],[90.83118,22.02391],[90.95272,22.01691],[91.04473,22.01945],[91.09039,22.03473],[91.15288,22.11427],[91.25004,22.33007],[91.13393,22.45801],[91.18513,22.52051],[91.1685,22.52015],[91.15517,22.51474],[91.15527,22.50885],[91.16453,22.50417],[91.16389,22.50124],[91.15833,22.49782],[91.12931,22.49553],[91.10805,22.48573],[91.12273,22.49535],[91.16188,22.50095],[91.1492,22.5103],[91.15453,22.526],[91.15752,22.52629],[91.15652,22.5206],[91.19334,22.52801],[91.21613,22.55287],[91.25306,22.57617],[91.28125,22.6053],[91.28527,22.6174],[91.28324,22.63648],[91.26471,22.66879],[91.25545,22.67986],[91.23462,22.67746],[91.24841,22.68115],[91.24287,22.69476],[91.24846,22.71521],[91.2672,22.74446],[91.27673,22.74847],[91.28025,22.74512],[91.30175,22.75744],[91.32148,22.76258],[91.3814,22.75974],[91.37628,22.76655],[91.32983,22.78455],[91.32602,22.79813],[91.3318,22.79957],[91.33617,22.79322],[91.38308,22.77582],[91.40931,22.75903],[91.42018,22.76044],[91.42608,22.76539],[91.43001,22.77872],[91.41848,22.78532],[91.41649,22.79055],[91.42888,22.80229],[91.44746,22.78667],[91.45053,22.77529],[91.43899,22.77251],[91.43574,22.76399],[91.42831,22.75974],[91.42426,22.7445],[91.4334,22.74058],[91.43868,22.74574],[91.44598,22.7468],[91.45055,22.74292],[91.46313,22.75429],[91.46209,22.76511],[91.46692,22.76039],[91.47218,22.76148],[91.47574,22.75785],[91.47564,22.76261],[91.481,22.76629],[91.48085,22.76541],[91.47576,22.76245],[91.47844,22.75935],[91.47847,22.7585],[91.4779,22.75784],[91.47474,22.75748],[91.47154,22.76055],[91.46769,22.75924],[91.46505,22.76052],[91.4642,22.75413],[91.45131,22.74203],[91.4495,22.74209],[91.44667,22.74586],[91.43978,22.7451],[91.43438,22.73622],[91.50597,22.69855],[91.52331,22.68755],[91.54212,22.66835],[91.55161,22.669],[91.56566,22.6598],[91.61597,22.59431],[91.66616,22.54477],[91.68298,22.5208],[91.69399,22.51386],[91.72529,22.45979],[91.73604,22.4249],[91.74105,22.42019],[91.74127,22.40363],[91.74886,22.39948],[91.7441,22.39759],[91.74322,22.39068],[91.75154,22.37457],[91.75036,22.36267],[91.75884,22.3502],[91.75919,22.33533],[91.76443,22.32969],[91.76331,22.3168],[91.75825,22.31546],[91.75728,22.31002],[91.76777,22.27716],[91.79205,22.23424],[91.79963,22.22596],[91.81174,22.22325],[91.8098,22.20403],[91.82738,22.14446],[91.83582,22.12818],[91.84717,22.11549],[91.86449,22.11656],[91.86646,22.11082],[91.86115,22.09166],[91.87772,22.05059],[91.87903,22.02735],[91.87567,22.01107],[91.86998,22.00619],[91.87836,21.99061],[91.87926,21.9747],[91.88534,21.97401],[91.88394,21.96599],[91.88912,21.95325],[91.89779,21.94594],[91.90405,21.92321],[91.90728,21.92262],[91.90615,21.91222],[91.91859,21.85854],[91.90849,21.81018],[91.89004,21.77223],[91.90206,21.76488],[91.92449,21.76559],[91.94093,21.76095],[91.93749,21.74787],[91.94591,21.74014],[91.94752,21.71775],[91.96192,21.67255],[91.9787,21.65608],[91.99548,21.65969],[91.99763,21.67225],[91.99092,21.67421],[91.99331,21.67561],[91.99608,21.67468],[91.998,21.67251],[91.99591,21.65911],[92.02209,21.66182],[92.01691,21.69444],[92.02553,21.69849],[92.02735,21.70446],[92.01728,21.72663],[92.03561,21.73357],[92.04717,21.75124],[92.05997,21.7561],[92.06272,21.76667],[92.06122,21.75655],[92.05773,21.75372],[92.0473,21.7505],[92.0446,21.74251],[92.0356,21.73214],[92.03019,21.72878],[92.01801,21.72638],[92.02811,21.70676],[92.0278,21.70011],[92.0314,21.69989],[92.0189,21.69135],[92.02473,21.67538],[92.02336,21.66188],[92.01702,21.65784],[91.99992,21.65635],[91.99634,21.65255],[91.99593,21.64348],[91.99852,21.64992],[92.00594,21.65317],[91.99899,21.64978],[91.99565,21.64084],[92.00947,21.61089],[92.00701,21.60069],[92.01847,21.60526],[92.00881,21.62315],[92.01109,21.63074],[92.01027,21.6233],[92.01941,21.61018],[92.04022,21.61472],[92.04234,21.61831],[92.03749,21.62965],[92.04612,21.63249],[92.03869,21.62875],[92.04334,21.61678],[92.0357,21.61066],[92.02225,21.6106],[92.01645,21.59937],[92.00448,21.59567],[91.99483,21.57785],[92.00146,21.52096],[92.00731,21.51896],[92.01072,21.50866],[92.01763,21.51318],[92.029,21.51129],[92.0337,21.5144],[92.03954,21.51339],[92.04537,21.51865],[92.04041,21.51195],[92.03469,21.51377],[92.02842,21.51074],[92.01737,21.51142],[92.00908,21.5013],[92.0185,21.50066],[92.02809,21.49105],[92.03622,21.49574],[92.04141,21.48261],[92.05058,21.47593],[92.0583,21.47852],[92.06232,21.47849],[92.06261,21.47746],[92.05963,21.47291],[92.05392,21.47368],[92.05488,21.47138],[92.05335,21.47287],[92.0537,21.47414],[92.05939,21.47348],[92.06197,21.4779],[92.05154,21.47515],[92.04325,21.47986],[92.04033,21.48264],[92.03562,21.4949],[92.03215,21.49068],[92.0292,21.48987],[92.02376,21.49177],[92.01594,21.50017],[92.00931,21.49769],[92.00564,21.50294],[92.00764,21.51067],[92.00097,21.51658],[91.98947,21.49429],[91.97565,21.47908],[91.96972,21.45407],[91.97426,21.45282],[91.97288,21.44808],[91.97195,21.44833],[91.97123,21.4498],[91.96936,21.45041],[91.96773,21.455],[91.97174,21.47774],[91.96292,21.47052],[91.96177,21.47468],[91.95755,21.47407],[91.95739,21.46717],[91.94736,21.46812],[91.94311,21.46399],[91.99744,21.3952],[92.02962,21.34392],[92.02696,21.33621],[92.03995,21.3098],[92.03465,21.3101],[92.04735,21.28658],[92.04532,21.23411],[92.05059,21.17789],[92.18588,21.01296],[92.20286,20.95948],[92.21992,20.92522],[92.25229,20.87916],[92.31455,20.77059],[92.32718,20.75829],[92.34509,20.75044],[92.34662,20.75558],[92.33829,20.7635],[92.33443,20.79256],[92.32308,20.80963],[92.31867,20.84448],[92.29964,20.88788],[92.27565,20.90955],[92.26377,20.93902],[92.25794,21.00578],[92.25104,21.03129],[92.25427,21.04985],[92.26422,21.06286],[92.25659,21.07904],[92.23518,21.09358],[92.22376,21.11213],[92.20864,21.1155],[92.20103,21.12186],[92.1967,21.13874],[92.20296,21.15039],[92.1984,21.1615],[92.18045,21.15886],[92.18903,21.16303],[92.19956,21.16177],[92.20595,21.14714],[92.22244,21.13824],[92.20456,21.14691],[92.20736,21.13005],[92.20285,21.14448],[92.19745,21.13858],[92.20515,21.11906],[92.20971,21.11648],[92.21964,21.11872],[92.2142,21.11669],[92.21575,21.11638],[92.2236,21.11282],[92.22032,21.11888],[92.22337,21.11956],[92.21833,21.12478],[92.2223,21.12335],[92.22329,21.13778],[92.22469,21.13702],[92.2276,21.14406],[92.22391,21.12319],[92.23617,21.09578],[92.25753,21.08133],[92.26497,21.06663],[92.26601,21.05968],[92.26235,21.05402],[92.26594,21.05023],[92.26211,21.04637],[92.2639,21.03757],[92.25827,21.04919],[92.25536,21.03448],[92.26407,21.01695],[92.26393,21.03741],[92.26579,21.02828],[92.29109,21.02563],[92.28967,21.03218],[92.29642,21.03496],[92.28986,21.03185],[92.29234,21.02767],[92.29178,21.02595],[92.29099,21.02526],[92.27372,21.02507],[92.26571,21.02756],[92.27117,21.00064],[92.28218,21.00076],[92.29452,21.00765],[92.29935,21.00574],[92.30429,21.01599],[92.30254,21.0232],[92.30419,21.02079],[92.30478,21.01431],[92.30015,21.0055],[92.29778,21.0048],[92.29395,21.00655],[92.28572,21.00037],[92.27175,20.9978],[92.27767,20.97006],[92.28888,20.96767],[92.29279,20.97934],[92.30296,20.9882],[92.29549,20.99311],[92.30528,20.9894],[92.31039,20.99322],[92.31435,20.99402],[92.32217,20.99087],[92.31185,20.99325],[92.30233,20.98608],[92.31146,20.96607],[92.31695,20.96279],[92.33013,20.96095],[92.33679,20.96873],[92.3368,20.96314],[92.33009,20.96036],[92.31772,20.96039],[92.31788,20.95393],[92.32442,20.94883],[92.32217,20.94673],[92.32764,20.9474],[92.32443,20.9458],[92.3304,20.94137],[92.33871,20.9452],[92.32933,20.93806],[92.33141,20.93075],[92.32777,20.92777],[92.33148,20.92656],[92.34056,20.92982],[92.33871,20.93602],[92.34206,20.93417],[92.34826,20.9461],[92.34527,20.95276],[92.34613,20.95619],[92.34724,20.95],[92.35437,20.94892],[92.34842,20.96877],[92.34472,20.96891],[92.34656,20.99171],[92.34948,20.97431],[92.36019,20.98041],[92.35454,20.98315],[92.35446,20.98922],[92.34837,20.99123],[92.3548,20.99185],[92.35401,20.99519],[92.33975,20.99684],[92.34696,20.99914],[92.3537,20.99707],[92.35841,20.98595],[92.36481,20.98345],[92.36215,20.97123],[92.35538,20.96858],[92.35958,20.96772],[92.36105,20.96048],[92.36305,20.96298],[92.3678,20.95868],[92.36482,20.95293],[92.37424,20.94784],[92.36396,20.94011],[92.37547,20.94189],[92.37289,20.93332],[92.38186,20.92795],[92.38573,20.91247],[92.3896,20.91252],[92.39155,20.90592],[92.38619,20.90001],[92.38088,20.90348],[92.37731,20.90082],[92.38191,20.89325],[92.39465,20.89671],[92.39008,20.89381],[92.39219,20.89128],[92.38306,20.89119],[92.39344,20.88162],[92.39211,20.87931],[92.38017,20.89051],[92.38107,20.88745],[92.37451,20.88373],[92.38058,20.86757],[92.37392,20.86725],[92.37072,20.86206],[92.36006,20.86435],[92.34585,20.85266],[92.33671,20.85335],[92.35743,20.80532],[92.36259,20.78235],[92.3741,20.76884],[92.37513,20.76982],[92.36831,20.77925],[92.37751,20.77841],[92.37806,20.77001],[92.3833,20.76748],[92.38492,20.76996],[92.37944,20.77394],[92.38462,20.77364],[92.38134,20.7768],[92.3873,20.77606],[92.3879,20.78215],[92.3923,20.78244],[92.38651,20.77322],[92.395,20.77224],[92.38802,20.76038],[92.38941,20.75565],[92.39782,20.75647],[92.39477,20.76037],[92.39479,20.76152],[92.39935,20.76391],[92.40441,20.76345],[92.40433,20.76279],[92.40225,20.76178],[92.39954,20.7636],[92.39516,20.76043],[92.39795,20.75785],[92.39817,20.75598],[92.40989,20.75365],[92.40926,20.74937],[92.41375,20.74736],[92.40889,20.74499],[92.40786,20.74853],[92.40492,20.74502],[92.40694,20.7436],[92.40431,20.74426],[92.4034,20.74725],[92.3954,20.74511],[92.3917,20.73247],[92.3873,20.73212],[92.38609,20.73598],[92.3891,20.71113],[92.38144,20.7049],[92.39095,20.69703],[92.4189,20.6916],[92.41936,20.68818],[92.4159,20.69186],[92.41306,20.69036],[92.40064,20.68977],[92.45178,20.66284],[92.4992,20.62064],[92.50519,20.61055],[92.52321,20.59853],[92.52174,20.59853],[92.51417,20.6017],[92.52424,20.58408],[92.53011,20.55812],[92.53607,20.55585],[92.53095,20.55363],[92.52886,20.5573],[92.52825,20.55171],[92.53965,20.53897],[92.54775,20.54227],[92.54282,20.53656],[92.54719,20.53024],[92.59035,20.49089],[92.64851,20.4175],[92.66448,20.38742],[92.68048,20.34322],[92.6945,20.32025],[92.69759,20.30567],[92.71532,20.27378],[92.71223,20.27991],[92.72863,20.26526],[92.736,20.26438],[92.72591,20.278],[92.72036,20.29007],[92.7203,20.29152],[92.71865,20.29052],[92.71587,20.29238],[92.71542,20.29529],[92.71367,20.29495],[92.70559,20.30749],[92.70627,20.3071],[92.70677,20.30603],[92.70834,20.30531],[92.71359,20.29715],[92.71378,20.29504],[92.71435,20.29535],[92.71556,20.29536],[92.71601,20.29252],[92.71737,20.29337],[92.71883,20.29304],[92.71878,20.29072],[92.71994,20.2917],[92.7205,20.29168],[92.72067,20.29012],[92.72184,20.28949],[92.72637,20.27814],[92.72842,20.27793],[92.73784,20.26923],[92.7461,20.27076],[92.74267,20.27425],[92.74343,20.28498],[92.73349,20.30137],[92.73137,20.37657],[92.74765,20.40494],[92.74827,20.414],[92.74578,20.4335],[92.72268,20.49234],[92.72551,20.5445],[92.73347,20.55688],[92.71617,20.56363],[92.69433,20.58782],[92.69531,20.60734],[92.68986,20.61361],[92.69497,20.62037],[92.71381,20.60746],[92.74421,20.54731],[92.73585,20.51819],[92.75404,20.47861],[92.75981,20.44757],[92.7702,20.44456],[92.75913,20.44472],[92.76891,20.39366],[92.76431,20.31849],[92.77257,20.29156],[92.77943,20.28629],[92.787,20.28792],[92.78726,20.28235],[92.79397,20.28067],[92.8106,20.2877],[92.83027,20.28912],[92.85862,20.30788],[92.86698,20.32587],[92.83116,20.38245],[92.8312,20.39268],[92.83758,20.40446],[92.82302,20.4001],[92.82263,20.40056],[92.84338,20.40701],[92.84147,20.40997],[92.8513,20.40805],[92.83818,20.41705],[92.8402,20.44178],[92.83296,20.44641],[92.82504,20.44434],[92.82448,20.45361],[92.80816,20.47206],[92.82016,20.4684],[92.82494,20.47577],[92.84101,20.48085],[92.85086,20.46171],[92.84567,20.4569],[92.85244,20.44763],[92.84524,20.45543],[92.84169,20.4544],[92.84241,20.4204],[92.86496,20.40806],[92.86099,20.41836],[92.8506,20.42788],[92.85783,20.44179],[92.85623,20.44353],[92.8617,20.44125],[92.85385,20.42943],[92.85483,20.42448],[92.86517,20.41932],[92.86807,20.41118],[92.87368,20.41472],[92.86784,20.4239],[92.86841,20.43406],[92.87108,20.42736],[92.86861,20.42342],[92.87421,20.42222],[92.87258,20.42122],[92.87796,20.41375],[92.87591,20.40711],[92.8876,20.40485],[92.88345,20.42722],[92.88644,20.42294],[92.88658,20.4178],[92.89054,20.41897],[92.88804,20.41653],[92.89072,20.40465],[92.88855,20.40019],[92.89209,20.38846],[92.91298,20.38139],[92.9169,20.38624],[92.903,20.42546],[92.91926,20.42967],[92.91554,20.4395],[92.92027,20.43012],[92.93161,20.43316],[92.91847,20.44299],[92.91442,20.44247],[92.91408,20.44339],[92.91988,20.44534],[92.9286,20.44038],[92.93297,20.436],[92.93268,20.4257],[92.93805,20.42874],[92.93647,20.42602],[92.93425,20.4242],[92.93087,20.42661],[92.92929,20.42556],[92.93075,20.42963],[92.90563,20.42374],[92.91245,20.41798],[92.90875,20.41861],[92.92013,20.41165],[92.92369,20.41394],[92.92821,20.41232],[92.93237,20.41678],[92.9284,20.41199],[92.92368,20.41366],[92.92203,20.41153],[92.91866,20.41157],[92.91588,20.41223],[92.911,20.41453],[92.92204,20.39453],[92.92687,20.39313],[92.93008,20.40163],[92.95197,20.41255],[92.94865,20.40851],[92.94119,20.40436],[92.93079,20.40112],[92.9303,20.39549],[92.94109,20.39041],[92.95089,20.37913],[92.95391,20.36654],[92.94449,20.37744],[92.94242,20.36355],[92.94824,20.35048],[92.9588,20.36088],[92.95767,20.36219],[92.95943,20.36164],[92.96735,20.37041],[92.94642,20.34148],[92.92187,20.32387],[92.93173,20.3185],[92.92932,20.31252],[92.91379,20.31172],[92.90249,20.30866],[92.90483,20.29836],[92.90916,20.29855],[92.90642,20.3053],[92.91722,20.31107],[92.91491,20.3038],[92.91789,20.307],[92.9237,20.30509],[92.91808,20.29971],[92.90997,20.30001],[92.91367,20.29569],[92.92352,20.29745],[92.92648,20.30534],[92.93767,20.28291],[92.94227,20.2926],[92.93644,20.29574],[92.93731,20.29929],[92.94594,20.30096],[92.94838,20.29132],[92.96099,20.28348],[92.95831,20.27967],[92.95792,20.28373],[92.94935,20.28763],[92.94759,20.28244],[92.94061,20.28375],[92.93687,20.27751],[92.94329,20.27409],[92.9376,20.27361],[92.93904,20.26852],[92.93004,20.26362],[92.93523,20.25204],[92.92731,20.25667],[92.92022,20.25332],[92.92461,20.23512],[92.91668,20.22885],[92.91806,20.2174],[92.91137,20.21185],[92.9167,20.19949],[92.92216,20.19666],[92.95243,20.22706],[92.94738,20.2348],[92.94901,20.25436],[92.94191,20.26208],[92.94341,20.27403],[92.94546,20.27294],[92.94327,20.26261],[92.95039,20.25552],[92.94837,20.23575],[92.95384,20.22826],[92.98062,20.25618],[93.00418,20.28977],[93.01254,20.30588],[93.01606,20.32769],[93.01044,20.33273],[93.00391,20.32353],[92.99966,20.32482],[92.98037,20.35181],[92.98151,20.35206],[93.00276,20.32404],[93.0101,20.33332],[93.01579,20.32947],[93.01915,20.34366],[93.02123,20.43089],[93.05192,20.47716],[93.07976,20.55527],[93.08012,20.58121],[93.05746,20.5876],[93.05837,20.59234],[93.07549,20.58952],[93.0831,20.58262],[93.08662,20.56935],[93.08302,20.51121],[93.05248,20.46367],[93.03577,20.42516],[93.03185,20.38785],[93.0343,20.30432],[93.02938,20.28656],[93.01455,20.26946],[92.99864,20.22291],[92.99493,20.18839],[93.00773,20.18702],[92.99831,20.1855],[92.99705,20.18582],[92.9946,20.18781],[92.993,20.13981],[93.00467,20.13581],[93.0181,20.13676],[93.0616,20.16594],[93.07971,20.18861],[93.12641,20.22306],[93.12887,20.21948],[93.1236,20.21056],[93.10389,20.19231],[93.15065,20.19086],[93.17222,20.19767],[93.18688,20.2093],[93.18335,20.21479],[93.17431,20.213],[93.17483,20.21804],[93.18337,20.22196],[93.1748,20.22426],[93.17229,20.22934],[93.18093,20.23035],[93.18024,20.23415],[93.18592,20.23393],[93.18323,20.23871],[93.19061,20.24864],[93.18633,20.24064],[93.18367,20.23842],[93.18653,20.23491],[93.1864,20.23375],[93.18388,20.23279],[93.18038,20.2337],[93.18141,20.22998],[93.17279,20.22862],[93.17537,20.22449],[93.18126,20.2246],[93.18311,20.22359],[93.18386,20.22204],[93.18267,20.2196],[93.17573,20.21803],[93.17473,20.21331],[93.18377,20.21516],[93.18744,20.20958],[93.20291,20.21908],[93.21256,20.2444],[93.25092,20.25055],[93.22728,20.27702],[93.22787,20.27895],[93.23785,20.26978],[93.24835,20.27407],[93.25159,20.27257],[93.23962,20.26896],[93.25263,20.25074],[93.21315,20.24265],[93.20613,20.21945],[93.21055,20.21449],[93.20992,20.21414],[93.20553,20.21849],[93.17668,20.19522],[93.19659,20.1688],[93.21746,20.16972],[93.22368,20.16549],[93.21964,20.17965],[93.24066,20.18082],[93.24062,20.18977],[93.24198,20.18767],[93.24087,20.1801],[93.22017,20.17916],[93.23284,20.15561],[93.22405,20.15292],[93.22169,20.14296],[93.23635,20.11579],[93.2443,20.12553],[93.25485,20.12927],[93.25516,20.12735],[93.24518,20.12502],[93.22928,20.10734],[93.20129,20.09562],[93.19651,20.08269],[93.20051,20.05638],[93.22,20.06747],[93.22716,20.06542],[93.22014,20.06649],[93.20042,20.05431],[93.20183,20.03172],[93.21211,20.02683],[93.24408,20.02551],[93.27036,20.03281],[93.27755,20.03945],[93.27725,20.03557],[93.29496,20.03536],[93.31465,20.04362],[93.31548,20.06681],[93.3199,20.07015],[93.32075,20.06468],[93.3429,20.06749],[93.32592,20.0747],[93.3372,20.08322],[93.31077,20.11677],[93.30243,20.15043],[93.30149,20.1817],[93.28531,20.15765],[93.28929,20.1331],[93.28547,20.14164],[93.28512,20.15675],[93.27278,20.15932],[93.27212,20.15883],[93.27222,20.16106],[93.2767,20.16451],[93.27561,20.17394],[93.27698,20.16413],[93.27621,20.16277],[93.27245,20.16017],[93.28467,20.15732],[93.30112,20.18263],[93.30228,20.20734],[93.28972,20.20506],[93.2846,20.20953],[93.2829,20.24823],[93.26447,20.25742],[93.26537,20.26615],[93.26608,20.26582],[93.27091,20.26953],[93.27313,20.29831],[93.26693,20.2937],[93.25959,20.30113],[93.27149,20.32089],[93.26418,20.3247],[93.24293,20.31415],[93.24629,20.31984],[93.26542,20.32569],[93.27384,20.32338],[93.28577,20.32977],[93.26338,20.30391],[93.26485,20.29905],[93.27333,20.30048],[93.27552,20.29541],[93.27443,20.27173],[93.2649,20.25931],[93.28297,20.25249],[93.29015,20.22812],[93.2989,20.21989],[93.30616,20.2043],[93.30983,20.18278],[93.30834,20.15254],[93.3154,20.11793],[93.33996,20.09068],[93.35417,20.06805],[93.36465,20.02031],[93.37242,20.01918],[93.38074,20.03],[93.37273,20.06466],[93.37507,20.08517],[93.38762,20.09311],[93.39798,20.11359],[93.41176,20.12303],[93.41072,20.13701],[93.41651,20.13804],[93.42214,20.1321],[93.42121,20.12658],[93.42614,20.12744],[93.42831,20.13637],[93.42364,20.14675],[93.42524,20.14801],[93.42583,20.14404],[93.42849,20.13976],[93.42859,20.13499],[93.42652,20.1269],[93.41946,20.12213],[93.43014,20.11442],[93.42978,20.11747],[93.43674,20.11762],[93.442,20.12801],[93.43449,20.14497],[93.42748,20.14359],[93.42535,20.14809],[93.42663,20.14909],[93.42995,20.14451],[93.43555,20.14618],[93.44464,20.12835],[93.44517,20.12426],[93.43884,20.12164],[93.44217,20.11579],[93.43791,20.11715],[93.43821,20.11279],[93.43226,20.11067],[93.43884,20.10508],[93.43949,20.11328],[93.45088,20.11298],[93.43841,20.10398],[93.44447,20.09815],[93.44288,20.0917],[93.45434,20.09192],[93.45607,20.09517],[93.45733,20.09254],[93.46189,20.10292],[93.46464,20.10094],[93.46171,20.09363],[93.44847,20.08547],[93.4569,20.06882],[93.46318,20.07102],[93.46103,20.08253],[93.46809,20.08686],[93.47213,20.09608],[93.48051,20.08658],[93.47069,20.09007],[93.46888,20.08483],[93.46295,20.08286],[93.46485,20.07573],[93.47421,20.07312],[93.47051,20.06482],[93.48591,20.06969],[93.47824,20.065],[93.48267,20.062],[93.48396,20.04972],[93.50136,20.0425],[93.51807,20.02489],[93.52372,20.00882],[93.53378,20.01511],[93.53558,20.03026],[93.53768,20.03368],[93.54306,20.03556],[93.54344,20.0447],[93.54491,20.04154],[93.54448,20.02847],[93.55513,20.02698],[93.5452,20.02706],[93.54334,20.02881],[93.5427,20.03302],[93.53882,20.03303],[93.5337,20.01275],[93.51815,19.99857],[93.54549,19.99179],[93.55623,19.99989],[93.55041,20.01011],[93.55271,20.01742],[93.55608,20.01234],[93.55821,20.02017],[93.56105,20.01118],[93.55504,20.01182],[93.55301,20.00615],[93.55685,19.99902],[93.54589,19.99055],[93.55495,19.98618],[93.5537,19.98583],[93.52464,19.99439],[93.50592,19.9822],[93.50323,19.9762],[93.51053,19.96107],[93.53325,19.95863],[93.51142,19.95539],[93.50971,19.94722],[93.51807,19.92453],[93.53294,19.92767],[93.5468,19.94637],[93.56869,19.96423],[93.58263,19.9794],[93.57282,19.98823],[93.57105,19.97895],[93.55758,19.97211],[93.55244,19.96147],[93.53924,19.95951],[93.54804,19.96284],[93.55015,19.97516],[93.55101,19.96242],[93.55708,19.97398],[93.56957,19.97888],[93.57021,19.98682],[93.57341,19.98905],[93.57713,19.9854],[93.59179,19.99982],[93.59042,19.99095],[93.58992,19.9947],[93.57985,19.98609],[93.58427,19.97913],[93.58939,19.98424],[93.58881,19.98048],[93.59303,19.97854],[93.5973,19.98605],[93.59337,19.97637],[93.5905,19.97927],[93.57828,19.97455],[93.56505,19.94917],[93.56931,19.94413],[93.57524,19.94573],[93.57587,19.95603],[93.57588,19.94728],[93.58676,19.95595],[93.59349,19.9561],[93.59506,19.96184],[93.58708,19.97022],[93.59738,19.96188],[93.59323,19.95406],[93.5968,19.95074],[93.60787,19.96169],[93.6053,19.96429],[93.61119,19.96169],[93.61323,19.96514],[93.61224,19.96198],[93.60701,19.9593],[93.60908,19.95756],[93.61431,19.9608],[93.61817,19.95767],[93.61807,19.95353],[93.61418,19.95993],[93.61112,19.9564],[93.60434,19.95819],[93.60126,19.95444],[93.60943,19.9478],[93.61283,19.95187],[93.61636,19.94955],[93.62168,19.94086],[93.63027,19.94422],[93.6259,19.95598],[93.63074,19.94461],[93.63492,19.94642],[93.63168,19.95509],[93.63497,19.95402],[93.63299,19.95937],[93.63628,19.95672],[93.63614,19.9634],[93.639,19.96216],[93.64052,19.95512],[93.63623,19.95147],[93.64119,19.93974],[93.6449,19.94975],[93.64894,19.95014],[93.64321,19.93801],[93.64922,19.93304],[93.65704,19.93501],[93.65248,19.94104],[93.65753,19.93632],[93.65523,19.94136],[93.65777,19.93973],[93.65818,19.93615],[93.65717,19.93439],[93.6558,19.93374],[93.6486,19.93261],[93.64403,19.93564],[93.63541,19.94547],[93.62511,19.94082],[93.62964,19.93154],[93.62343,19.92672],[93.63429,19.92259],[93.63503,19.92825],[93.63978,19.92231],[93.63554,19.92264],[93.63381,19.91703],[93.65423,19.91594],[93.65405,19.92421],[93.65221,19.92631],[93.66125,19.91661],[93.66356,19.9243],[93.66389,19.91725],[93.66262,19.9163],[93.66108,19.91627],[93.65805,19.91947],[93.65818,19.91635],[93.66278,19.91574],[93.66711,19.91942],[93.66616,19.91725],[93.67972,19.92191],[93.67683,19.92739],[93.67146,19.92313],[93.676,19.92699],[93.66255,19.93928],[93.68215,19.9259],[93.68234,19.92151],[93.6999,19.91218],[93.69858,19.91821],[93.7077,19.93049],[93.70548,19.92977],[93.70396,19.93938],[93.70008,19.9389],[93.7003,19.93544],[93.69957,19.93869],[93.69378,19.93816],[93.69821,19.94248],[93.70324,19.94123],[93.69601,19.95114],[93.70314,19.9486],[93.70056,19.95375],[93.70593,19.95236],[93.70885,19.9565],[93.70086,19.96004],[93.69816,19.95757],[93.69932,19.96419],[93.69517,19.96702],[93.70379,19.97152],[93.70755,19.9689],[93.71487,19.97127],[93.70983,19.96732],[93.71243,19.96471],[93.72433,19.96374],[93.72976,19.95482],[93.72512,19.94812],[93.73237,19.95052],[93.73928,19.94086],[93.74849,19.94167],[93.74846,19.93688],[93.73887,19.93308],[93.74353,19.93843],[93.73547,19.93549],[93.7306,19.9382],[93.73199,19.93545],[93.72756,19.93484],[93.73534,19.93168],[93.73341,19.93091],[93.73508,19.92834],[93.72751,19.93408],[93.72464,19.93106],[93.73395,19.92404],[93.71192,19.93047],[93.71017,19.92018],[93.72232,19.92313],[93.73511,19.92075],[93.73506,19.9232],[93.74004,19.91944],[93.74592,19.91881],[93.75335,19.92691],[93.7475,19.91876],[93.75434,19.91561],[93.76338,19.91797],[93.75865,19.92574],[93.76151,19.92426],[93.77139,19.90598],[93.76082,19.90439],[93.76147,19.89985],[93.77249,19.89728],[93.77663,19.88715],[93.77353,19.88667],[93.77484,19.89094],[93.77017,19.89765],[93.76741,19.89811],[93.76333,19.89632],[93.7596,19.8965],[93.76047,19.89739],[93.763,19.89686],[93.75975,19.90181],[93.7572,19.90086],[93.76451,19.90824],[93.7645,19.90826],[93.77053,19.90618],[93.76515,19.91517],[93.76282,19.91734],[93.76186,19.91213],[93.75905,19.91627],[93.7523,19.90703],[93.7566,19.90063],[93.75493,19.9],[93.75144,19.9052],[93.75474,19.91429],[93.74317,19.91492],[93.74465,19.90874],[93.74371,19.90905],[93.74223,19.915],[93.73365,19.91232],[93.73509,19.91489],[93.7154,19.91479],[93.72015,19.91292],[93.71701,19.91128],[93.71327,19.91077],[93.71327,19.9057],[93.72052,19.90423],[93.72184,19.89768],[93.74306,19.88442],[93.7446,19.8889],[93.74777,19.88176],[93.76043,19.87787],[93.7625,19.88509],[93.76458,19.88529],[93.76444,19.88527],[93.76212,19.87781],[93.76889,19.87228],[93.78664,19.87291],[93.78277,19.86804],[93.78504,19.84892],[93.79282,19.84371],[93.80255,19.82489],[93.81532,19.83141],[93.81138,19.83506],[93.81754,19.84295],[93.81611,19.83891],[93.81202,19.83558],[93.81597,19.83221],[93.81553,19.83065],[93.80513,19.82471],[93.80218,19.82445],[93.80028,19.82863],[93.7851,19.81573],[93.78415,19.81005],[93.79105,19.81278],[93.79583,19.80662],[93.79622,19.80739],[93.79649,19.8058],[93.79162,19.81105],[93.78564,19.80835],[93.7849,19.79949],[93.79097,19.77597],[93.80208,19.77892],[93.80323,19.78433],[93.79639,19.78313],[93.80134,19.78588],[93.80123,19.79104],[93.80552,19.78875],[93.80324,19.77972],[93.81034,19.78114],[93.80794,19.77548],[93.80296,19.77496],[93.80356,19.77393],[93.80015,19.7769],[93.78986,19.77548],[93.79042,19.76014],[93.79529,19.76118],[93.79564,19.76822],[93.8052,19.77115],[93.80661,19.76874],[93.79603,19.76786],[93.79832,19.76441],[93.79376,19.75896],[93.79845,19.75676],[93.80933,19.76285],[93.81493,19.75375],[93.82471,19.75333],[93.81491,19.74593],[93.82199,19.74683],[93.82703,19.73744],[93.83221,19.73741],[93.83097,19.72917],[93.83453,19.72751],[93.8327,19.72338],[93.83683,19.72337],[93.83515,19.71448],[93.83855,19.71242],[93.81932,19.71327],[93.80674,19.70245],[93.80119,19.69114],[93.7879,19.68548],[93.78384,19.67403],[93.73027,19.63729],[93.72124,19.6205],[93.75887,19.60052],[93.78956,19.56738],[93.86897,19.51533],[93.88682,19.49661],[93.90999,19.48686],[93.93188,19.49726],[93.93443,19.51185],[93.94221,19.5246],[93.94043,19.53677],[93.95109,19.54844],[93.95603,19.5473],[93.9466,19.54332],[93.94755,19.52243],[93.93614,19.49406],[93.92287,19.48049],[93.90202,19.47263],[93.9125,19.45878],[93.92116,19.45436],[93.93554,19.45522],[93.953,19.44755],[93.96053,19.45006],[93.96144,19.45102],[93.96054,19.4498],[93.95365,19.4472],[93.96206,19.44694],[93.96423,19.45397],[93.97199,19.46218],[93.99374,19.46158],[93.99847,19.47134],[93.99639,19.47863],[94.00045,19.47175],[93.99133,19.45668],[93.9951,19.45171],[93.98846,19.44756],[93.98703,19.43767],[93.9946,19.43591],[93.98806,19.43552],[93.97563,19.42548],[93.97146,19.4243],[93.96188,19.43599],[93.94235,19.44745],[93.93217,19.4443],[93.90533,19.44691],[93.91247,19.44809],[93.88397,19.47204],[93.86814,19.47414],[93.85591,19.46052],[93.85851,19.43204],[93.85277,19.45478],[93.84603,19.45505],[93.83654,19.4433],[93.83995,19.42787],[93.84438,19.42621],[93.85098,19.4308],[93.8471,19.42139],[93.86112,19.42171],[93.85931,19.42887],[93.86779,19.42298],[93.87204,19.42664],[93.86799,19.42245],[93.87059,19.41508],[93.86801,19.41359],[93.86972,19.4167],[93.86336,19.4231],[93.85429,19.40993],[93.85962,19.40766],[93.85829,19.40627],[93.8532,19.40806],[93.85074,19.40207],[93.86209,19.4028],[93.86669,19.41117],[93.86968,19.406],[93.86364,19.40477],[93.86536,19.4023],[93.85918,19.40036],[93.8593,19.39696],[93.85775,19.40108],[93.85357,19.4003],[93.85526,19.39379],[93.85073,19.39982],[93.83922,19.39025],[93.85766,19.38833],[93.86569,19.38248],[93.86561,19.3906],[93.86779,19.38724],[93.87449,19.38859],[93.8767,19.39291],[93.87054,19.39796],[93.87015,19.40519],[93.87735,19.39277],[93.87539,19.38811],[93.86828,19.38645],[93.86713,19.37945],[93.88131,19.37857],[93.89281,19.40915],[93.89554,19.40529],[93.88454,19.379],[93.88036,19.37591],[93.86832,19.37725],[93.86952,19.36647],[93.88256,19.36032],[93.88647,19.35432],[93.88799,19.34317],[93.87938,19.3309],[93.87845,19.30928],[93.88935,19.29197],[93.90053,19.29518],[93.91555,19.30879],[93.93892,19.34417],[93.96736,19.35576],[93.9697,19.38766],[93.98544,19.40749],[93.9882,19.40017],[94.02184,19.37487],[94.02385,19.39361],[94.03166,19.4024],[94.04341,19.40212],[94.05184,19.38451],[94.06841,19.39223],[94.075,19.38517],[94.08841,19.383],[94.09503,19.38618],[94.08783,19.39319],[94.09407,19.39945],[94.09539,19.40967],[94.10905,19.40796],[94.112,19.41335],[94.11311,19.41299],[94.11549,19.41493],[94.11606,19.41473],[94.1168,19.4115],[94.11627,19.41134],[94.11514,19.41267],[94.1157,19.41477],[94.11343,19.41282],[94.11207,19.41305],[94.11272,19.41041],[94.10931,19.40764],[94.09593,19.40942],[94.09456,19.39885],[94.08865,19.39363],[94.09588,19.38668],[94.09769,19.37929],[94.09454,19.37405],[94.09562,19.38428],[94.08829,19.37853],[94.09352,19.37234],[94.09178,19.36945],[94.08787,19.37849],[94.09208,19.38273],[94.07297,19.38403],[94.07089,19.37875],[94.08688,19.36136],[94.09479,19.3625],[94.09352,19.36544],[94.09674,19.3611],[94.11036,19.35869],[94.08712,19.35948],[94.0785,19.368],[94.0696,19.36638],[94.03761,19.31005],[94.03809,19.29402],[94.03538,19.29894],[94.0354,19.29393],[94.03779,19.28812],[94.03823,19.28928],[94.03874,19.27201],[94.05211,19.23725],[94.04689,19.20417],[94.03584,19.18008],[94.03007,19.14923],[94.03657,19.1089],[94.02664,19.08469],[94.02805,19.07932],[94.04964,19.076],[94.05232,19.05179],[94.04766,19.04561],[94.06249,19.04283],[94.06149,19.03437],[94.02979,18.99996],[94.03577,18.99098],[94.03641,19.00114],[94.04062,18.98795],[94.04049,18.96762],[94.04617,18.94704],[94.05721,18.93921],[94.04667,18.94044],[94.04195,18.93464],[94.03002,18.89998],[94.04545,18.88998],[94.02791,18.86389],[94.02154,18.85954],[94.02017,18.86438],[94.0194,18.86324],[94.01949,18.86021],[94.03015,18.85044],[94.04325,18.84762],[94.05778,18.84999],[94.06186,18.83878],[94.08065,18.83211],[94.08717,18.82269],[94.12546,18.81455],[94.13321,18.82375],[94.14036,18.82301],[94.16409,18.80229],[94.17384,18.78196],[94.18134,18.78056],[94.18831,18.79496],[94.20835,18.80298],[94.21217,18.81243],[94.21779,18.81527],[94.22025,18.82832],[94.22547,18.83186],[94.20621,18.84617],[94.21409,18.85935],[94.23683,18.85865],[94.24795,18.86423],[94.25186,18.87902],[94.25159,18.86806],[94.24908,18.86412],[94.23746,18.85796],[94.22124,18.85695],[94.21558,18.85904],[94.21538,18.85553],[94.21164,18.84895],[94.20706,18.84688],[94.22638,18.83311],[94.22428,18.82831],[94.22089,18.82741],[94.21768,18.81194],[94.21161,18.80269],[94.21715,18.79537],[94.22058,18.79684],[94.21524,18.80588],[94.21741,18.81063],[94.21652,18.80636],[94.22639,18.81467],[94.23188,18.81055],[94.23905,18.81378],[94.23852,18.80932],[94.24493,18.81272],[94.25323,18.80995],[94.24978,18.80307],[94.24552,18.80435],[94.23554,18.79633],[94.2418,18.78813],[94.24624,18.78816],[94.24283,18.78277],[94.24321,18.76428],[94.25004,18.77163],[94.24681,18.77671],[94.25559,18.76884],[94.25705,18.77729],[94.25171,18.78384],[94.25499,18.78722],[94.25816,18.782],[94.26211,18.78328],[94.26036,18.77871],[94.26466,18.77939],[94.25941,18.77294],[94.26366,18.77104],[94.25883,18.77033],[94.26124,18.76586],[94.27071,18.76409],[94.27015,18.76805],[94.27974,18.76434],[94.28028,18.77132],[94.28338,18.76627],[94.29099,18.76783],[94.28838,18.76224],[94.28375,18.7641],[94.28136,18.75939],[94.27243,18.75939],[94.26182,18.74378],[94.26715,18.74721],[94.26625,18.7424],[94.2705,18.74101],[94.27395,18.75069],[94.2815,18.75202],[94.28474,18.74565],[94.28982,18.7497],[94.30119,18.7474],[94.30055,18.74721],[94.30087,18.74602],[94.30033,18.74566],[94.294,18.74727],[94.29322,18.74473],[94.28936,18.74732],[94.28579,18.74284],[94.27992,18.74618],[94.27037,18.7362],[94.27746,18.72317],[94.28128,18.7254],[94.28935,18.71579],[94.29785,18.71664],[94.29903,18.72274],[94.29908,18.71666],[94.29484,18.71454],[94.29098,18.71412],[94.29578,18.71241],[94.29495,18.70832],[94.29491,18.71256],[94.29148,18.71235],[94.28015,18.71851],[94.26661,18.73205],[94.26033,18.73121],[94.25964,18.73579],[94.24952,18.72929],[94.23894,18.7285],[94.23616,18.71507],[94.24409,18.71242],[94.23899,18.7077],[94.2481,18.70182],[94.24848,18.70566],[94.25365,18.7053],[94.25529,18.69524],[94.2538,18.69652],[94.25264,18.70199],[94.25017,18.7025],[94.24833,18.70043],[94.23601,18.70776],[94.22892,18.7046],[94.22259,18.7075],[94.21927,18.70288],[94.20833,18.70087],[94.21407,18.69238],[94.23981,18.67344],[94.23982,18.67364],[94.24061,18.66859],[94.23692,18.67384],[94.23343,18.67531],[94.23497,18.6661],[94.24067,18.66825],[94.24148,18.66307],[94.23705,18.65888],[94.24214,18.65656],[94.24224,18.64382],[94.23854,18.64337],[94.24198,18.65182],[94.21159,18.68305],[94.20991,18.6941],[94.19286,18.69996],[94.15676,18.72587],[94.15616,18.73066],[94.1533,18.72843],[94.15207,18.74046],[94.13856,18.74206],[94.1428,18.72861],[94.2197,18.66673],[94.23836,18.64335],[94.23391,18.64282],[94.24289,18.61089],[94.25519,18.60471],[94.23968,18.60365],[94.25172,18.58235],[94.25231,18.56299],[94.24587,18.5447],[94.25643,18.5526],[94.25712,18.54547],[94.2575,18.53464],[94.24246,18.53022],[94.24332,18.52414],[94.25075,18.51844],[94.25669,18.51915],[94.25356,18.51311],[94.29003,18.46901],[94.2955,18.45216],[94.30586,18.45244],[94.31843,18.44034],[94.3186,18.42762],[94.32703,18.41663],[94.32544,18.40837],[94.33204,18.40787],[94.33636,18.40031],[94.3329,18.36981],[94.33723,18.36343],[94.33867,18.36843],[94.34576,18.37114],[94.35209,18.36303],[94.35608,18.36713],[94.36871,18.3631],[94.36758,18.36893],[94.37668,18.37096],[94.38658,18.3671],[94.38765,18.35974],[94.39703,18.34974],[94.39457,18.33544],[94.39011,18.33317],[94.40526,18.31493],[94.39372,18.3084],[94.39421,18.30495],[94.38042,18.30179],[94.39082,18.2872],[94.38071,18.28009],[94.36146,18.28792],[94.36516,18.29598],[94.3438,18.31831],[94.34429,18.31088],[94.35114,18.30232],[94.34789,18.2963],[94.3328,18.29542],[94.32664,18.30214],[94.32858,18.30828],[94.32407,18.31051],[94.31751,18.29944],[94.31545,18.27975],[94.31561,18.26734],[94.3212,18.25999],[94.31851,18.24909],[94.33687,18.24271],[94.33598,18.24714],[94.34324,18.25091],[94.35662,18.24791],[94.37111,18.25154],[94.38018,18.24542],[94.39573,18.25144],[94.41204,18.24489],[94.41857,18.23573],[94.41712,18.22804],[94.4242,18.22131],[94.42502,18.20705],[94.41238,18.20041],[94.43687,18.16991],[94.44551,18.16674],[94.44381,18.147],[94.43276,18.13925],[94.43673,18.13445],[94.44598,18.13534],[94.47326,18.08301],[94.48019,18.05926],[94.48066,18.0265],[94.47149,18.0122],[94.45188,17.99656],[94.44298,18.00399],[94.42891,18.00029],[94.4381,17.98238],[94.43765,17.9754],[94.48044,17.90113],[94.48089,17.89202],[94.47578,17.89106],[94.48623,17.86112],[94.47696,17.85041],[94.48493,17.84192],[94.48945,17.82366],[94.48581,17.8085],[94.48127,17.80672],[94.4857,17.79008],[94.48029,17.7887],[94.48763,17.78277],[94.49966,17.78622],[94.5052,17.78534],[94.50489,17.78149],[94.51441,17.78366],[94.50508,17.78054],[94.49897,17.78507],[94.4937,17.77881],[94.49654,17.76955],[94.51655,17.76278],[94.54143,17.73355],[94.539,17.72423],[94.53318,17.7198],[94.5365,17.71233],[94.5304,17.71105],[94.52875,17.70525],[94.5382,17.69677],[94.53574,17.67907],[94.54738,17.6756],[94.55301,17.66633],[94.55537,17.65206],[94.55167,17.6324],[94.55594,17.63205],[94.56497,17.65201],[94.56976,17.63808],[94.57595,17.65324],[94.57328,17.63757],[94.58245,17.6227],[94.57574,17.59872],[94.56483,17.59152],[94.55615,17.59843],[94.53681,17.55635],[94.55349,17.52789],[94.56144,17.50016],[94.55661,17.48876],[94.5605,17.477],[94.55657,17.45421],[94.5606,17.43381],[94.5541,17.4285],[94.56007,17.41617],[94.55692,17.40833],[94.55949,17.40019],[94.56721,17.39793],[94.56986,17.39265],[94.56334,17.37943],[94.57021,17.36986],[94.56878,17.35675],[94.56351,17.35655],[94.56709,17.34374],[94.56188,17.33163],[94.56695,17.31746],[94.56389,17.31418],[94.55432,17.31528],[94.54993,17.30607],[94.54239,17.30984],[94.54254,17.32419],[94.53216,17.3228],[94.52684,17.31146],[94.53531,17.30592],[94.53826,17.29094],[94.53343,17.28374],[94.52487,17.28743],[94.52546,17.28052],[94.52059,17.28166],[94.51894,17.27523],[94.51447,17.27605],[94.51685,17.28459],[94.51391,17.2859],[94.51784,17.28624],[94.51845,17.29272],[94.50114,17.30807],[94.50069,17.28022],[94.49434,17.26795],[94.48638,17.26961],[94.48497,17.26376],[94.49866,17.25094],[94.49455,17.2168],[94.50904,17.21549],[94.51413,17.22027],[94.51196,17.21331],[94.51512,17.20882],[94.51845,17.21171],[94.52197,17.20628],[94.53045,17.20666],[94.53207,17.20443],[94.53371,17.20722],[94.53213,17.20427],[94.52712,17.20637],[94.52231,17.20092],[94.53429,17.18917],[94.53378,17.18361],[94.52458,17.18249],[94.52102,17.18607],[94.52076,17.17845],[94.51268,17.17036],[94.5227,17.15273],[94.52278,17.13875],[94.53107,17.13711],[94.5347,17.14684],[94.53271,17.13759],[94.53903,17.13254],[94.53106,17.12786],[94.53009,17.13364],[94.52416,17.13467],[94.52773,17.1124],[94.52098,17.11961],[94.51994,17.11332],[94.52441,17.11091],[94.51811,17.11332],[94.51418,17.10917],[94.5179,17.11487],[94.51054,17.11932],[94.51777,17.12434],[94.5165,17.13102],[94.50929,17.14047],[94.50688,17.1295],[94.50233,17.13096],[94.50386,17.13973],[94.49975,17.14226],[94.50657,17.15815],[94.50311,17.16077],[94.49055,17.15418],[94.49321,17.16019],[94.48693,17.16938],[94.48865,17.18356],[94.47889,17.17949],[94.46669,17.18197],[94.46267,17.19534],[94.4427,17.18566],[94.44701,17.15525],[94.45769,17.14202],[94.46805,17.14692],[94.47816,17.14162],[94.48528,17.12902],[94.4862,17.11564],[94.47263,17.08799],[94.45121,17.06897],[94.44864,17.05495],[94.45539,17],[95.3,17],[95.3,27.6],[85.5,27.6],[85.5,19.65692],[85.51591,19.66409],[85.57174,19.69771],[85.68163,19.74513],[85.80296,19.78797],[85.93945,19.82639],[86.04418,19.84696],[86.1482,19.87558],[86.23144,19.90306],[86.29495,19.93412],[86.3717,19.95851],[86.38617,19.97843],[86.41068,19.99743],[86.41366,20.01436],[86.43015,20.05188],[86.47507,20.09853],[86.52798,20.17582],[86.5832,20.22202],[86.68028,20.25866],[86.66746,20.26084],[86.66987,20.26792],[86.66567,20.27459],[86.67095,20.2824],[86.66981,20.27534],[86.67743,20.27888],[86.6751,20.26987],[86.67912,20.27603],[86.68193,20.27459],[86.67999,20.26745],[86.71758,20.28776],[86.71697,20.2928],[86.71256,20.29173],[86.70888,20.29609],[86.73759,20.30958],[86.7758,20.33519],[86.80071,20.35889],[86.8085,20.37203],[86.81797,20.40039],[86.81714,20.42355],[86.80746,20.44276],[86.80974,20.43313],[86.80164,20.43296],[86.80643,20.42314],[86.79897,20.42172],[86.81227,20.40779],[86.80888,20.40237],[86.80519,20.41129],[86.80107,20.4115],[86.80779,20.40015],[86.80178,20.38609],[86.80616,20.39062],[86.80357,20.37188],[86.80795,20.37896],[86.80891,20.37645],[86.79985,20.3592],[86.77696,20.33763],[86.79677,20.37794],[86.78335,20.37801],[86.7806,20.38958],[86.77309,20.39587],[86.75741,20.39577],[86.74767,20.40436],[86.72928,20.40499],[86.73481,20.4151],[86.7325,20.45269],[86.73801,20.4681],[86.74467,20.47088],[86.75575,20.50034],[86.77468,20.50852],[86.78831,20.53952],[86.90424,20.61978],[87.03693,20.70473],[87.06879,20.72092],[87.06515,20.7232],[87.03555,20.70598],[87.01285,20.6987],[87.00703,20.69984],[86.99769,20.71052],[87.00751,20.7407],[86.99916,20.76133],[86.99249,20.7708],[86.97084,20.76934],[86.95785,20.7858],[86.97378,20.84719],[86.95981,20.84481],[86.96334,20.85511],[86.96078,20.86429],[86.93586,20.89499],[86.89894,20.99796],[86.88399,21.02662],[86.85803,21.05503],[86.85233,21.0701],[86.84274,21.08119],[86.823,21.13839],[86.83354,21.20412],[86.85692,21.25844],[86.89354,21.31482],[86.89652,21.31375],[86.89458,21.317],[86.97975,21.41022],[87.04993,21.45813],[87.05358,21.45571],[87.07386,21.46397],[87.07033,21.47094],[87.11932,21.50988],[87.12782,21.5142],[87.13103,21.50982],[87.17486,21.53712],[87.20451,21.54503],[87.27403,21.55261],[87.36622,21.55164],[87.36982,21.55686],[87.36446,21.55317],[87.35869,21.55915],[87.37069,21.57067],[87.38688,21.57084],[87.40583,21.56245],[87.41663,21.57217],[87.42611,21.57349],[87.46895,21.60673],[87.54782,21.62842],[87.55368,21.63362],[87.63957,21.65008],[87.65338,21.64772],[87.68923,21.65795],[87.75237,21.68434],[87.75822,21.68918],[87.74974,21.69523],[87.7599,21.70024],[87.76555,21.69334],[87.77693,21.69113],[87.79888,21.69833],[87.82477,21.71541],[87.82678,21.71905],[87.82125,21.72011],[87.82083,21.72411],[87.87891,21.77222],[87.88945,21.78527],[87.88882,21.78988],[87.92181,21.80549],[87.92296,21.81056],[87.95088,21.83265],[87.97724,21.86391],[88.00847,21.91616],[88.02013,21.95178],[88.05255,22.01109],[88.08367,22.02218],[88.11641,22.04375],[88.1434,22.03584],[88.18701,21.99223],[88.15477,21.95933],[88.17806,21.92769],[88.16439,21.88136],[88.17646,21.856],[88.19877,21.831],[88.21938,21.77972],[88.2201,21.76388],[88.27285,21.75658],[88.27459,21.75106],[88.26299,21.73136],[88.26992,21.73079],[88.27981,21.75744],[88.25384,21.78385],[88.25386,21.81473],[88.28437,21.83508],[88.29992,21.83867],[88.30873,21.83673],[88.31159,21.84136],[88.3087,21.83104],[88.26295,21.80054],[88.26552,21.7947],[88.28612,21.78994],[88.29924,21.77115],[88.31022,21.73717],[88.30526,21.71209],[88.33173,21.71036],[88.34413,21.7219],[88.33992,21.7377],[88.3413,21.75879],[88.3506,21.76592],[88.37459,21.7679],[88.3793,21.78781],[88.36183,21.79575],[88.35994,21.80739],[88.35063,21.82041],[88.35206,21.85389],[88.3331,21.86054],[88.31616,21.85768],[88.31209,21.84315],[88.30742,21.85322],[88.31546,21.8594],[88.33023,21.86272],[88.3523,21.85907],[88.35682,21.86221],[88.36781,21.89079],[88.35751,21.92234],[88.34646,21.93104],[88.34591,21.94597],[88.34845,21.94876],[88.35209,21.95011],[88.35504,21.94995],[88.34871,21.94829],[88.34792,21.93332],[88.36513,21.91453],[88.37099,21.89443],[88.36715,21.87287],[88.35648,21.85398],[88.35521,21.827],[88.36529,21.81002],[88.36505,21.79742],[88.38302,21.79281],[88.39012,21.79913],[88.38897,21.8188],[88.38296,21.83034],[88.38592,21.84816],[88.38963,21.84725],[88.39373,21.85409],[88.38939,21.86366],[88.39081,21.87705],[88.39733,21.8848],[88.41367,21.88972],[88.41989,21.90742],[88.43248,21.90344],[88.43478,21.90809],[88.45646,21.91961],[88.44994,21.9415],[88.46779,21.95779],[88.44483,21.96391],[88.44703,21.98452],[88.44144,21.99104],[88.44801,21.99698],[88.44933,22.00874],[88.46098,22.01379],[88.45885,22.02772],[88.46526,22.04722],[88.4716,22.04466],[88.46986,22.0442],[88.46584,22.04597],[88.46143,22.03341],[88.46282,22.01298],[88.45933,22.0094],[88.4513,22.00769],[88.44986,21.9979],[88.4432,21.99076],[88.4497,21.98692],[88.44703,21.96504],[88.46413,21.96411],[88.47154,21.95803],[88.45783,21.94582],[88.45446,21.93501],[88.46327,21.92338],[88.45665,21.9011],[88.47367,21.8962],[88.4827,21.91017],[88.52102,21.91581],[88.52094,21.94116],[88.49717,21.9528],[88.49002,21.96035],[88.49296,21.97077],[88.50311,21.98173],[88.52192,21.98997],[88.53945,21.97985],[88.51778,21.98755],[88.51952,21.98456],[88.49867,21.97454],[88.49791,21.96073],[88.52136,21.94404]],[[88.53956,21.97981],[88.55576,22.00603],[88.57948,21.99796],[88.58562,21.98916],[88.58677,21.98892],[88.58151,21.98438],[88.58404,21.98763],[88.58155,21.99381],[88.55616,22.00452],[88.54062,21.97943],[88.53956,21.97981]],[[88.54409,21.90499],[88.5412,21.90143],[88.54002,21.90345],[88.54409,21.90499]],[[92.2123,21.12695],[92.20801,21.12795],[92.20782,21.12857],[92.2123,21.12695]],[[92.77574,20.44448],[92.78877,20.44572],[92.78157,20.45545],[92.79252,20.44585],[92.79896,20.45007],[92.79771,20.44482],[92.79987,20.44414],[92.77574,20.44448]],[[92.81363,20.43976],[92.8219,20.43712],[92.82997,20.42838],[92.82916,20.42194],[92.81428,20.41471],[92.82262,20.40057],[92.81126,20.41389],[92.81288,20.41943],[92.8261,20.42251],[92.82871,20.42854],[92.82041,20.43704],[92.81363,20.43976]],[[92.7803,20.45717],[92.77613,20.46282],[92.78009,20.46944],[92.79411,20.47377],[92.79772,20.48572],[92.80005,20.48522],[92.80115,20.48361],[92.80782,20.49084],[92.80461,20.50137],[92.79278,20.5099],[92.80759,20.52007],[92.81038,20.53048],[92.80364,20.53963],[92.80587,20.54396],[92.8057,20.54197],[92.80394,20.53969],[92.80928,20.53404],[92.81079,20.53058],[92.80988,20.51713],[92.80141,20.50739],[92.81357,20.49882],[92.81677,20.50395],[92.82093,20.50491],[92.81656,20.51128],[92.8263,20.50747],[92.82507,20.5029],[92.81644,20.50303],[92.81324,20.49472],[92.80689,20.49918],[92.80871,20.48979],[92.80334,20.48247],[92.80671,20.4737],[92.80149,20.4796],[92.79522,20.47135],[92.78157,20.46438],[92.7803,20.45717]],[[92.9701,20.37346],[92.97134,20.37484],[92.97644,20.3714],[92.97964,20.35982],[92.9844,20.35833],[92.99049,20.36331],[92.99258,20.37274],[92.98427,20.3759],[92.97947,20.39468],[92.99183,20.39508],[92.99156,20.40452],[92.98011,20.4143],[92.98553,20.42295],[92.98111,20.43874],[92.9711,20.44246],[92.97323,20.44905],[92.97447,20.4457],[92.97156,20.44272],[92.98161,20.43907],[92.98602,20.42388],[92.98562,20.41938],[92.98075,20.41512],[92.99198,20.4052],[92.99333,20.39543],[92.99071,20.39387],[92.98038,20.39451],[92.98505,20.38608],[92.98482,20.37656],[92.99197,20.37486],[92.99352,20.37204],[92.99212,20.36388],[92.98803,20.35941],[92.98885,20.35721],[92.97915,20.35865],[92.9743,20.37192],[92.9701,20.37346]],[[92.98914,20.35645],[92.99033,20.35327],[92.98608,20.35306],[92.98913,20.35373],[92.98914,20.35645]],[[92.92264,20.42117],[92.92115,20.42019],[92.91775,20.42318],[92.92113,20.42059],[92.92264,20.42117]],[[92.91761,20.42329],[92.91609,20.41818],[92.92792,20.41934],[92.92042,20.41662],[92.91391,20.41773],[92.91723,20.42357],[92.91761,20.42329]],[[93.22793,20.27915],[93.23398,20.29905],[93.24108,20.31104],[93.23697,20.29361],[93.22793,20.27915]],[[93.25445,20.1318],[93.24999,20.1497],[93.25608,20.15889],[93.25404,20.16967],[93.2612,20.16848],[93.26139,20.17216],[93.26489,20.17131],[93.26268,20.17962],[93.2642,20.1768],[93.26521,20.17104],[93.26412,20.17061],[93.26163,20.17177],[93.26204,20.16905],[93.26121,20.16805],[93.25423,20.16893],[93.2563,20.16409],[93.2567,20.15908],[93.25217,20.15213],[93.25674,20.15014],[93.25138,20.15103],[93.25445,20.1318]],[[93.25747,20.15002],[93.26623,20.1545],[93.25965,20.14966],[93.25747,20.15002]],[[93.29052,20.12553],[93.29132,20.1206],[93.28973,20.11501],[93.29052,20.12553]],[[93.2872,20.10608],[93.28442,20.09628],[93.28514,20.10307],[93.28237,20.10356],[93.2872,20.10608]],[[93.28227,20.10358],[93.27411,20.10503],[93.27467,20.10141],[93.26984,20.10052],[93.27291,20.09534],[93.26756,20.09341],[93.26866,20.08702],[93.26397,20.08163],[93.25726,20.08142],[93.24977,20.08844],[93.23683,20.08753],[93.23128,20.0813],[93.23723,20.07341],[93.22861,20.06519],[93.22728,20.0654],[93.23637,20.07381],[93.23042,20.08158],[93.23619,20.08808],[93.24881,20.08863],[93.24862,20.09509],[93.25714,20.0936],[93.25491,20.09793],[93.25916,20.10745],[93.25418,20.11184],[93.26197,20.12821],[93.2714,20.12922],[93.28227,20.10358]],[[93.2809,20.04254],[93.28991,20.05086],[93.29397,20.07481],[93.29487,20.07316],[93.29029,20.04877],[93.2809,20.04254]],[[93.29042,20.08136],[93.28384,20.09079],[93.28408,20.09302],[93.29042,20.08136]],[[93.23906,20.19219],[93.23468,20.19716],[93.23554,20.19763],[93.23906,20.19219]],[[93.22727,20.19308],[93.22666,20.19274],[93.22588,20.19892],[93.22727,20.19308]],[[93.22479,20.20754],[93.22408,20.2132],[93.22779,20.20885],[93.23016,20.21406],[93.2334,20.2152],[93.23865,20.20852],[93.24126,20.21835],[93.25023,20.21459],[93.2529,20.22254],[93.26274,20.22284],[93.26222,20.2219],[93.25812,20.22077],[93.25269,20.22043],[93.25143,20.21566],[93.25033,20.21419],[93.2415,20.2179],[93.24177,20.21143],[93.23934,20.20824],[93.23733,20.20849],[93.23237,20.21479],[93.22903,20.20873],[93.22479,20.20754]],[[93.22237,20.2152],[93.21671,20.21791],[93.21337,20.21605],[93.21612,20.21822],[93.2211,20.21669],[93.22237,20.2152]],[[93.79929,19.82121],[93.80334,19.81718],[93.80163,19.8173],[93.79873,19.82094],[93.79929,19.82121]],[[93.7982,19.81755],[93.79591,19.81772],[93.79567,19.81797],[93.7982,19.81755]],[[93.79638,19.81722],[93.79978,19.81412],[93.79949,19.8139],[93.7995,19.81392],[93.79638,19.81722]],[[93.74529,19.89091],[93.74667,19.89495],[93.74883,19.89284],[93.74529,19.89091]],[[93.74676,19.90071],[93.74665,19.90096],[93.74535,19.90044],[93.74696,19.90124],[93.74676,19.90071]],[[93.74127,19.8988],[93.74044,19.89847],[93.73886,19.90275],[93.74161,19.90277],[93.74127,19.8988]],[[93.73775,19.90577],[93.73759,19.9062],[93.73623,19.90642],[93.73786,19.90673],[93.73775,19.90577]],[[93.73208,19.9071],[93.73083,19.9073],[93.73167,19.9088],[93.73208,19.9071]],[[93.95973,19.54644],[93.97228,19.54355],[93.97142,19.53009],[93.97654,19.52666],[93.98435,19.52538],[93.98579,19.52946],[93.99104,19.52977],[93.98887,19.53671],[93.98987,19.53838],[93.98933,19.53651],[93.9917,19.53146],[93.99165,19.53001],[93.98479,19.52459],[93.98747,19.5218],[93.99521,19.52866],[93.99553,19.52535],[93.9934,19.52365],[93.99711,19.52106],[93.9943,19.52161],[93.99183,19.5235],[93.98652,19.5208],[93.98938,19.51929],[93.98821,19.51796],[93.9865,19.52],[93.985,19.51203],[93.99113,19.507],[94.00002,19.51121],[94.01083,19.51241],[94.01225,19.51575],[94.01546,19.5171],[94.01567,19.52037],[94.01627,19.51921],[94.01598,19.51762],[94.01521,19.51642],[94.01235,19.51541],[94.01121,19.51216],[94.0173,19.50856],[94.00564,19.51128],[94.00433,19.50974],[93.99226,19.50603],[93.98112,19.51446],[93.98503,19.52122],[93.97091,19.52812],[93.9715,19.54218],[93.95973,19.54644]],[[93.98058,19.51352],[93.98204,19.50518],[93.98683,19.50698],[93.99561,19.50029],[94.00344,19.50869],[93.99552,19.49937],[93.98821,19.50563],[93.98355,19.50389],[93.98562,19.49465],[93.99696,19.49389],[93.99293,19.48446],[93.99561,19.47994],[93.9914,19.48188],[93.99592,19.49364],[93.98443,19.49407],[93.9804,19.51051],[93.97528,19.50942],[93.97277,19.51228],[93.97868,19.51023],[93.98058,19.51352]],[[94.24251,18.69108],[94.24041,18.68412],[94.24066,18.68868],[94.24251,18.69108]],[[89.3846,22.44828],[89.38812,22.44978],[89.3901,22.4459],[89.3846,22.44828]],[[89.10984,22.21281],[89.11176,22.21371],[89.11211,22.21191],[89.10984,22.21281]],[[89.33691,22.37123],[89.34184,22.37301],[89.34624,22.38673],[89.34245,22.37262],[89.34903,22.37189],[89.33691,22.37123]],[[89.02166,22.21399],[89.02412,22.21564],[89.03154,22.2151],[89.03474,22.20653],[89.04454,22.20774],[89.04715,22.2022],[89.0528,22.20445],[89.05286,22.20418],[89.0471,22.2017],[89.04459,22.20738],[89.03468,22.20603],[89.03167,22.21405],[89.02166,22.21399]],[[89.05326,22.2021],[89.05384,22.19907],[89.06201,22.19352],[89.06106,22.1934],[89.06183,22.19355],[89.05378,22.19891],[89.05326,22.2021]],[[89.0553,22.19226],[89.05466,22.18524],[89.05327,22.18629],[89.05323,22.19186],[89.0553,22.19226]],[[88.79991,22.10489],[88.8072,22.08388],[88.81466,22.08205],[88.82715,22.08775],[88.8388,22.07348],[88.83609,22.07274],[88.83556,22.07029],[88.82781,22.08646],[88.81385,22.08083],[88.80351,22.08498],[88.79814,22.0981],[88.79991,22.10489]],[[89.8304,21.95734],[89.8221,21.95358],[89.81406,21.95583],[89.78916,21.95158],[89.787,21.94382],[89.77288,21.9364],[89.77143,21.90918],[89.77993,21.92004],[89.78088,21.9189],[89.77313,21.90788],[89.77021,21.90873],[89.77193,21.93716],[89.78711,21.94467],[89.78891,21.95213],[89.81489,21.95636],[89.82168,21.954],[89.82908,21.95854],[89.8304,21.95734]],[[93.70417,19.92934],[93.70184,19.92858],[93.70157,19.9298],[93.70417,19.92934]],[[93.75335,19.92691],[93.75433,19.92798],[93.75789,19.92613],[93.75335,19.92691]],[[93.59819,19.97149],[93.60044,19.9739],[93.60168,19.96795],[93.59819,19.97149]],[[93.56119,20.01116],[93.5609,20.01501],[93.56559,20.01155],[93.56651,20.01669],[93.5685,20.00713],[93.5646,20.0108],[93.56119,20.01116]],[[93.57502,20.00098],[93.57653,20.00001],[93.57603,19.99239],[93.57021,19.98684],[93.57049,19.9904],[93.56098,19.99552],[93.57435,19.99189],[93.57519,20.00082],[93.57502,20.00098]],[[93.56086,19.99555],[93.55852,19.98717],[93.55501,19.98619],[93.5603,19.99571],[93.56086,19.99555]],[[89.705,22.20186],[89.70698,22.20301],[89.70951,22.20127],[89.705,22.20186]],[[89.7113,22.20005],[89.71331,22.19867],[89.71305,22.1966],[89.7113,22.20005]],[[89.71205,22.18863],[89.71167,22.18554],[89.71035,22.18559],[89.71127,22.1858],[89.71205,22.18863]],[[92.87974,20.42104],[92.88019,20.42095],[92.87984,20.41983],[92.8799,20.42091],[92.87974,20.42104]]]},"properties":{"set":"overview"}},{"type":"Feature","geometry":{"type":"Polygon","coordinates":[[[88.1956,21.75977],[88.20109,21.76107],[88.20006,21.7651],[88.19786,21.7644],[88.1956,21.75977]]]},"properties":{"set":"overview"}},{"type":"Feature","geometry":{"type":"Polygon","coordinates":[[[89.3023,22.22019],[89.30802,22.23162],[89.2895,22.24763],[89.28641,22.25898],[89.2926,22.26742],[89.31079,22.27523],[89.31364,22.28156],[89.30704,22.28514],[89.28436,22.28146],[89.27632,22.28968],[89.26689,22.27677],[89.25171,22.26891],[89.24717,22.22695],[89.25791,22.2208],[89.3023,22.22019]]]},"properties":{"set":"overview"}},{"type":"Feature","geometry":{"type":"Polygon","coordinates":[[[89.64769,21.76072],[89.65154,21.75532],[89.66203,21.75532],[89.65174,21.76543],[89.64769,21.76072]]]},"properties":{"set":"overview"}},{"type":"Feature","geometry":{"type":"Polygon","coordinates":[[[89.88682,22.16712],[89.88551,22.16439],[89.88994,22.1512],[89.88954,22.16088],[89.88682,22.16712]]]},"properties":{"set":"overview"}},{"type":"Feature","geometry":{"type":"Polygon","coordinates":[[[89.33438,21.69024],[89.34613,21.69067],[89.34805,21.702],[89.34473,21.69987],[89.34788,21.7039],[89.33764,21.71551],[89.331,21.70162],[89.33427,21.69703],[89.3393,21.6964],[89.33765,21.69535],[89.33062,21.69637],[89.33009,21.70005],[89.32946,21.69454],[89.33438,21.69024]]]},"properties":{"set":"overview"}},{"type":"Feature","geometry":{"type":"Polygon","coordinates":[[[90.37162,22.05057],[90.38107,22.05499],[90.39027,22.04781],[90.41956,22.07275],[90.41227,22.08017],[90.39089,22.08482],[90.38373,22.07441],[90.3639,22.05913],[90.34151,22.02789],[90.34267,22.00264],[90.35119,22.00785],[90.3659,22.03944],[90.36575,22.04039],[90.37041,22.04257],[90.36479,22.03686],[90.35376,22.01009],[90.34125,21.9937],[90.35962,22.00747],[90.39023,22.04561],[90.38086,22.05318],[90.37402,22.04623],[90.37838,22.05274],[90.37162,22.05057]],[[90.36567,22.04094],[90.36393,22.05229],[90.3671,22.04846],[90.36819,22.04897],[90.36567,22.04094]]]},"properties":{"set":"overview"}},{"type":"Feature","geometry":{"type":"Polygon","coordinates":[[[90.47917,22.04066],[90.48156,22.0637],[90.46299,22.06131],[90.47277,22.05225],[90.47251,22.05796],[90.47917,22.04066]]]},"properties":{"set":"overview"}},{"type":"Feature","geometry":{"type":"Polygon","coordinates":[[[90.48384,22.03361],[90.48568,22.03749],[90.48026,22.04493],[90.4815,22.03765],[90.48384,22.03361]]]},"properties":{"set":"overview"}},{"type":"Feature","geometry":{"type":"Polygon","coordinates":[[[90.37437,21.84009],[90.38779,21.84731],[90.38073,21.84354],[90.37411,21.85],[90.36796,21.8431],[90.37437,21.84009]]]},"properties":{"set":"overview"}},{"type":"Feature","geometry":{"type":"Polygon","coordinates":[[[90.45939,21.84199],[90.456,21.85893],[90.43499,21.84689],[90.43091,21.83585],[90.45939,21.84199]]]},"properties":{"set":"overview"}},{"type":"Feature","geometry":{"type":"Polygon","coordinates":[[[90.49215,21.87518],[90.51166,21.89087],[90.49985,21.90932],[90.48766,21.8905],[90.49215,21.87518]]]},"properties":{"set":"overview"}},{"type":"Feature","geometry":{"type":"Polygon","coordinates":[[[90.4266,21.88273],[90.45215,21.89354],[90.45718,21.90854],[90.42597,21.89901],[90.4193,21.88533],[90.4266,21.88273]]]},"properties":{"set":"overview"}},{"type":"Feature","geometry":{"type":"Polygon","coordinates":[[[90.40937,21.97454],[90.4209,22.01274],[90.41333,22.02537],[90.40015,22.01173],[90.40225,21.99595],[90.40662,21.9942],[90.40224,21.99524],[90.39346,21.98415],[90.38694,21.96121],[90.37155,21.93721],[90.40292,21.94643],[90.40152,21.94395],[90.37335,21.93497],[90.35706,21.92051],[90.36123,21.9044],[90.366,21.90979],[90.36181,21.90352],[90.36626,21.89096],[90.37751,21.88077],[90.37936,21.88725],[90.37835,21.88006],[90.38652,21.87623],[90.39639,21.87715],[90.39917,21.88574],[90.41756,21.90021],[90.46376,21.91915],[90.48377,21.9373],[90.50001,21.96052],[90.50032,21.96599],[90.48336,21.99073],[90.47793,22.03969],[90.46515,22.05508],[90.43563,22.04474],[90.41506,22.02714],[90.4217,22.01241],[90.41031,21.97462],[90.41116,21.96084],[90.41825,21.96168],[90.43637,21.97744],[90.44957,21.98219],[90.43687,21.97751],[90.43013,21.96927],[90.42597,21.96587],[90.42192,21.9632],[90.41579,21.96043],[90.41084,21.96042],[90.40326,21.94703],[90.41037,21.96276],[90.40937,21.97454]]]},"properties":{"set":"overview"}},{"type":"Feature","geometry":{"type":"Polygon","coordinates":[[[90.36957,21.86311],[90.37579,21.87801],[90.36521,21.88756],[90.35485,21.91839],[90.37183,21.93902],[90.37284,21.94726],[90.38555,21.96257],[90.39035,21.98203],[90.40031,21.99378],[90.39806,22.01],[90.35622,21.97546],[90.31719,21.89225],[90.30806,21.88459],[90.31393,21.85782],[90.32189,21.84928],[90.34307,21.84878],[90.36957,21.86311]]]},"properties":{"set":"overview"}},{"type":"Feature","geometry":{"type":"Polygon","coordinates":[[[90.5699,22.14973],[90.56995,22.14075],[90.5593,22.13224],[90.53642,22.13298],[90.49938,22.08235],[90.48486,22.07013],[90.48037,22.04696],[90.48971,22.04065],[90.49416,22.0434],[90.49452,22.02973],[90.50426,22.02897],[90.51253,22.04281],[90.51,22.046],[90.50251,22.04258],[90.49631,22.0443],[90.50428,22.05891],[90.52405,22.08118],[90.51775,22.0697],[90.49699,22.04536],[90.50209,22.04341],[90.50671,22.04671],[90.51039,22.04617],[90.51244,22.04533],[90.51193,22.05034],[90.52384,22.06482],[90.53783,22.06207],[90.54622,22.07968],[90.54227,22.08986],[90.55732,22.10391],[90.55476,22.11358],[90.54767,22.11476],[90.54093,22.12171],[90.55531,22.11382],[90.55828,22.10279],[90.54295,22.08951],[90.54725,22.07953],[90.54103,22.06415],[90.53641,22.06043],[90.5238,22.06441],[90.52067,22.0573],[90.51264,22.05061],[90.51357,22.04438],[90.52008,22.04977],[90.50886,22.0319],[90.50322,22.02708],[90.48996,22.02101],[90.49763,22.00376],[90.50201,22.00569],[90.49772,22.00337],[90.50015,21.9919],[90.50537,21.99477],[90.52476,21.99156],[90.56262,22.03019],[90.57621,22.05012],[90.57522,22.05775],[90.56878,22.06306],[90.56819,22.08096],[90.57014,22.08085],[90.56926,22.0629],[90.57593,22.058],[90.58186,22.06714],[90.5762,22.07115],[90.57841,22.07088],[90.57965,22.07033],[90.58233,22.0676],[90.57692,22.05865],[90.5802,22.05348],[90.58951,22.05992],[90.59686,22.07974],[90.58759,22.07559],[90.59072,22.07926],[90.59723,22.07987],[90.59911,22.08772],[90.59766,22.08755],[90.59902,22.08822],[90.59347,22.10101],[90.59996,22.11697],[90.5937,22.14203],[90.59909,22.16996],[90.5699,22.14973]],[[90.5907,22.08412],[90.58566,22.07333],[90.58616,22.07392],[90.58248,22.06783],[90.58815,22.08287],[90.5907,22.08412]]]},"properties":{"set":"overview"}},{"type":"Feature","geometry":{"type":"Polygon","coordinates":[[[90.5109,21.86405],[90.53719,21.8621],[90.54692,21.86544],[90.54073,21.87882],[90.52907,21.88739],[90.51888,21.8828],[90.50567,21.86773],[90.5109,21.86405]]]},"properties":{"set":"overview"}},{"type":"Feature","geometry":{"type":"Polygon","coordinates":[[[90.83785,21.97317],[90.84497,21.97426],[90.85555,21.98564],[90.84361,21.98269],[90.83785,21.97317]]]},"properties":{"set":"overview"}},{"type":"Feature","geometry":{"type":"Polygon","coordinates":[[[90.50515,21.96227],[90.51433,21.97099],[90.5243,21.99101],[90.50495,21.99447],[90.49444,21.98725],[90.50515,21.96227]]]},"properties":{"set":"overview"}},{"type":"Feature","geometry":{"type":"Polygon","coordinates":[[[90.54658,21.9609],[90.54507,21.96058],[90.53565,21.96354],[90.51543,21.93873],[90.50912,21.92616],[90.50821,21.90733],[90.51499,21.9086],[90.50854,21.90657],[90.51838,21.89258],[90.55445,21.88232],[90.57051,21.88364],[90.57642,21.88797],[90.57451,21.89593],[90.59016,21.92764],[90.60236,21.97318],[90.58406,21.98403],[90.57697,21.97616],[90.58344,21.98427],[90.56562,21.98711],[90.53978,21.96572],[90.54658,21.9609]],[[90.56901,21.96733],[90.56722,21.96534],[90.55571,21.96287],[90.56901,21.96733]]]},"properties":{"set":"overview"}},{"type":"Feature","geometry":{"type":"Polygon","coordinates":[[[90.83552,21.95683],[90.84759,21.95368],[90.84655,21.97156],[90.83777,21.97138],[90.83552,21.95683]]]},"properties":{"set":"overview"}},{"type":"Feature","geometry":{"type":"Polygon","coordinates":[[[90.74478,22.03418],[90.75458,22.0523],[90.74085,22.05033],[90.72557,22.02879],[90.72084,22.01886],[90.72291,22.01521],[90.72452,22.01537],[90.74478,22.03418]]]},"properties":{"set":"overview"}},{"type":"Feature","geometry":{"type":"Polygon","coordinates":[[[90.59222,22.22978],[90.59783,22.2346],[90.59459,22.24164],[90.59024,22.24042],[90.59222,22.22978]]]},"properties":{"set":"overview"}},{"type":"Feature","geometry":{"type":"Polygon","coordinates":[[[90.50841,21.86291],[90.49681,21.85784],[90.47961,21.83721],[90.4784,21.82386],[90.49056,21.81503],[90.51543,21.82049],[90.50643,21.82083],[90.5211,21.83141],[90.53853,21.85529],[90.52918,21.86126],[90.50841,21.86291]]]},"properties":{"set":"overview"}},{"type":"Feature","geometry":{"type":"Polygon","coordinates":[[[90.74777,21.89287],[90.75133,21.92487],[90.7334,21.91323],[90.71594,21.87574],[90.7193,21.86327],[90.73307,21.86281],[90.74777,21.89287]]]},"properties":{"set":"overview"}},{"type":"Feature","geometry":{"type":"Polygon","coordinates":[[[90.59555,22.24181],[90.59804,22.23468],[90.59253,22.22933],[90.58598,22.20499],[90.60678,22.19404],[90.62173,22.20142],[90.61485,22.21002],[90.61524,22.21657],[90.61498,22.21056],[90.62202,22.20238],[90.62944,22.21189],[90.63096,22.24141],[90.59555,22.24181]]]},"properties":{"set":"overview"}},{"type":"Feature","geometry":{"type":"Polygon","coordinates":[[[90.56659,22.19188],[90.57449,22.19454],[90.58538,22.20974],[90.5892,22.22845],[90.5866,22.23759],[90.56748,22.2139],[90.56659,22.19188]]]},"properties":{"set":"overview"}},{"type":"Feature","geometry":{"type":"Polygon","coordinates":[[[90.5869,21.98857],[90.58757,22.01519],[90.58118,22.02156],[90.57424,22.01667],[90.56982,22.00228],[90.56956,21.99147],[90.5869,21.98857]]]},"properties":{"set":"overview"}},{"type":"Feature","geometry":{"type":"Polygon","coordinates":[[[90.81477,21.86875],[90.82596,21.88324],[90.81258,21.92353],[90.79665,21.91395],[90.80594,21.91459],[90.79376,21.91028],[90.77941,21.8839],[90.77818,21.87881],[90.78215,21.87579],[90.77776,21.87804],[90.77232,21.86869],[90.77944,21.85864],[90.7911,21.85618],[90.81477,21.86875]]]},"properties":{"set":"overview"}},{"type":"Feature","geometry":{"type":"Polygon","coordinates":[[[90.55424,22.18689],[90.55537,22.19794],[90.55065,22.19218],[90.55424,22.18689]]]},"properties":{"set":"overview"}},{"type":"Feature","geometry":{"type":"Polygon","coordinates":[[[90.58593,22.20455],[90.57905,22.19175],[90.59781,22.19116],[90.60563,22.19369],[90.58593,22.20455]]]},"properties":{"set":"overview"}},{"type":"Feature","geometry":{"type":"Polygon","coordinates":[[[90.54255,22.13449],[90.56041,22.13393],[90.56991,22.15086],[90.60113,22.17362],[90.60117,22.18695],[90.57621,22.18472],[90.55346,22.16136],[90.54255,22.13449]]]},"properties":{"set":"overview"}},{"type":"Feature","geometry":{"type":"Polygon","coordinates":[[[91.98716,21.64672],[91.9896,21.65084],[91.99441,21.65691],[91.981,21.65498],[91.98716,21.64672]]]},"properties":{"set":"overview"}},{"type":"Feature","geometry":{"type":"Polygon","coordinates":[[[91.88263,21.59639],[91.87092,21.58835],[91.86688,21.57851],[91.87403,21.57323],[91.864,21.57441],[91.86103,21.56676],[91.8645,21.55899],[91.87866,21.54918],[91.86708,21.5493],[91.87272,21.54234],[91.8548,21.54441],[91.848,21.53974],[91.85102,21.52832],[91.86188,21.52026],[91.85424,21.52245],[91.84357,21.53297],[91.84201,21.54432],[91.84025,21.5398],[91.84225,21.53205],[91.84754,21.51749],[91.85799,21.50522],[91.89345,21.47559],[91.92127,21.47489],[91.93487,21.48961],[91.91445,21.49133],[91.90216,21.50347],[91.90281,21.51142],[91.90974,21.50195],[91.91262,21.50579],[91.93932,21.50702],[91.95164,21.50314],[91.97187,21.507],[91.97145,21.5195],[91.98128,21.54404],[91.98411,21.59524],[91.994,21.61331],[91.98255,21.64307],[91.96022,21.66872],[91.94714,21.70526],[91.94002,21.74332],[91.93552,21.74336],[91.92258,21.72965],[91.90894,21.7361],[91.90778,21.72722],[91.91878,21.71918],[91.91401,21.70777],[91.90598,21.69851],[91.88269,21.68896],[91.88551,21.68952],[91.88243,21.67775],[91.88952,21.66523],[91.89628,21.6619],[91.89845,21.65745],[91.90507,21.65795],[91.89825,21.65691],[91.89417,21.66254],[91.88786,21.66331],[91.8922,21.65362],[91.89109,21.64089],[91.8985,21.63643],[91.89988,21.64288],[91.90439,21.63561],[91.90224,21.63707],[91.89843,21.6357],[91.8928,21.63749],[91.8853,21.6296],[91.88671,21.61908],[91.88134,21.61535],[91.88435,21.61284],[91.88115,21.60313],[91.87717,21.60212],[91.88263,21.59639]]]},"properties":{"set":"overview"}},{"type":"Feature","geometry":{"type":"Polygon","coordinates":[[[91.262,22.42907],[91.25743,22.43492],[91.25106,22.43317],[91.24648,22.42825],[91.24898,22.42074],[91.25362,22.41697],[91.25886,22.41877],[91.262,22.42907]]]},"properties":{"set":"overview"}},{"type":"Feature","geometry":{"type":"Polygon","coordinates":[[[91.51174,22.39789],[91.52992,22.40119],[91.55266,22.41883],[91.55912,22.44327],[91.55457,22.46913],[91.52617,22.53692],[91.51855,22.53614],[91.48734,22.57478],[91.44182,22.60656],[91.43037,22.59352],[91.43204,22.54658],[91.42704,22.52001],[91.43208,22.49394],[91.43957,22.47261],[91.4729,22.41999],[91.48303,22.40702],[91.51174,22.39789]]]},"properties":{"set":"overview"}},{"type":"Feature","geometry":{"type":"Polygon","coordinates":[[[91.91804,21.75204],[91.91464,21.737],[91.92264,21.73073],[91.93529,21.74427],[91.93921,21.75778],[91.92356,21.76445],[91.90722,21.76387],[91.91804,21.75204]]]},"properties":{"set":"overview"}},{"type":"Feature","geometry":{"type":"Polygon","coordinates":[[[91.87633,21.68145],[91.88064,21.69029],[91.90457,21.70057],[91.91191,21.71032],[91.90499,21.73156],[91.9169,21.75306],[91.90563,21.76296],[91.89849,21.76441],[91.88729,21.7559],[91.88328,21.75699],[91.87522,21.71519],[91.86388,21.702],[91.87658,21.70564],[91.87674,21.69911],[91.8658,21.69836],[91.85984,21.69352],[91.8566,21.66271],[91.84924,21.65436],[91.84699,21.64936],[91.84527,21.63588],[91.84664,21.63356],[91.84961,21.63198],[91.86057,21.63215],[91.8536,21.63366],[91.84973,21.63244],[91.84624,21.64141],[91.849,21.65259],[91.85617,21.65886],[91.86168,21.66754],[91.86389,21.66373],[91.85886,21.66018],[91.87802,21.64829],[91.88406,21.64916],[91.88179,21.65617],[91.8851,21.65659],[91.87633,21.68145]]]},"properties":{"set":"overview"}},{"type":"Feature","geometry":{"type":"Polygon","coordinates":[[[91.84615,21.89948],[91.84618,21.88195],[91.84113,21.87212],[91.85078,21.82471],[91.84242,21.80783],[91.84534,21.77509],[91.83566,21.75669],[91.84135,21.74761],[91.8558,21.76188],[91.85128,21.7643],[91.85252,21.7725],[91.86139,21.78012],[91.89487,21.86329],[91.89547,21.88612],[91.88758,21.90626],[91.87794,21.92284],[91.87042,21.92332],[91.84615,21.89948]]]},"properties":{"set":"overview"}},{"type":"Feature","geometry":{"type":"Polygon","coordinates":[[[91.99011,21.59168],[91.99852,21.59995],[91.99636,21.60796],[91.99205,21.60146],[91.99011,21.59168]]]},"properties":{"set":"overview"}},{"type":"Feature","geometry":{"type":"Polygon","coordinates":[[[91.33892,22.55455],[91.33738,22.56522],[91.3245,22.56592],[91.34031,22.57228],[91.33759,22.58358],[91.33209,22.58611],[91.3148,22.58636],[91.30113,22.56431],[91.27667,22.54686],[91.2651,22.52987],[91.26703,22.52109],[91.28087,22.51475],[91.28939,22.50376],[91.30607,22.51452],[91.31258,22.51145],[91.33892,22.55455]]]},"properties":{"set":"overview"}},{"type":"Feature","geometry":{"type":"Polygon","coordinates":[[[92.74546,20.33396],[92.7574,20.38636],[92.75378,20.40901],[92.73905,20.36724],[92.73921,20.34149],[92.74546,20.33396]]]},"properties":{"set":"overview"}},{"type":"Feature","geometry":{"type":"Polygon","coordinates":[[[93.23228,20.28816],[93.23548,20.29423],[93.2364,20.30189],[93.233,20.29479],[93.23228,20.28816]]]},"properties":{"set":"overview"}},{"type":"Feature","geometry":{"type":"Polygon","coordinates":[[[92.88806,20.30522],[92.89672,20.31051],[92.90123,20.32786],[92.89342,20.33018],[92.88732,20.32389],[92.88387,20.3303],[92.87841,20.32592],[92.88142,20.32],[92.87705,20.31948],[92.87501,20.31227],[92.88806,20.30522]]]},"properties":{"set":"overview"}},{"type":"Feature","geometry":{"type":"Polygon","coordinates":[[[93.15445,20.04091],[93.16825,20.03296],[93.176,20.03612],[93.18318,20.05112],[93.16615,20.06558],[93.18833,20.05289],[93.19314,20.05869],[93.1915,20.07774],[93.19514,20.09296],[93.22167,20.10918],[93.21007,20.11528],[93.21463,20.11595],[93.2225,20.10938],[93.23432,20.11547],[93.21961,20.13779],[93.22396,20.1603],[93.21709,20.16843],[93.19655,20.16532],[93.19759,20.16593],[93.17445,20.19396],[93.15049,20.18767],[93.09223,20.18743],[93.08312,20.18142],[93.09305,20.15521],[93.10594,20.14742],[93.11137,20.1326],[93.1321,20.13235],[93.14243,20.14929],[93.16002,20.15874],[93.16703,20.15983],[93.17232,20.1553],[93.17243,20.16964],[93.17706,20.16882],[93.18796,20.15716],[93.19581,20.15778],[93.18785,20.15678],[93.17383,20.1445],[93.17902,20.14267],[93.16096,20.13014],[93.15523,20.13093],[93.16148,20.1313],[93.16911,20.13805],[93.17182,20.1473],[93.16628,20.15186],[93.16802,20.15868],[93.14276,20.14879],[93.1323,20.13185],[93.1114,20.13196],[93.10983,20.12827],[93.13151,20.12954],[93.10968,20.12661],[93.12841,20.0828],[93.13774,20.08185],[93.15293,20.07315],[93.13781,20.08138],[93.12867,20.08241],[93.13025,20.0732],[93.15445,20.04091]],[[93.17974,20.14242],[93.18246,20.14146],[93.17475,20.13273],[93.17805,20.1258],[93.17774,20.12583],[93.1745,20.13263],[93.17974,20.14242]],[[93.18252,20.12532],[93.18447,20.12517],[93.18531,20.13298],[93.18908,20.1334],[93.20419,20.12611],[93.2034,20.12536],[93.20387,20.12587],[93.18906,20.13305],[93.18554,20.13297],[93.18477,20.12508],[93.18252,20.12532]],[[93.19966,20.1213],[93.20271,20.11915],[93.19932,20.12094],[93.19966,20.1213]],[[93.19591,20.15779],[93.19373,20.16363],[93.19515,20.16448],[93.1964,20.15785],[93.19591,20.15779]]]},"properties":{"set":"overview"}},{"type":"Feature","geometry":{"type":"Polygon","coordinates":[[[93.29763,20.20935],[93.29681,20.21506],[93.28705,20.22041],[93.28679,20.20939],[93.29763,20.20935]]]},"properties":{"set":"overview"}},{"type":"Feature","geometry":{"type":"Polygon","coordinates":[[[93.07937,20.14904],[93.08492,20.15001],[93.08529,20.1536],[93.08709,20.14853],[93.09042,20.15094],[93.08504,20.16934],[93.07969,20.16202],[93.08462,20.15834],[93.08062,20.15831],[93.07996,20.161],[93.07857,20.15977],[93.07937,20.14904]]]},"properties":{"set":"overview"}},{"type":"Feature","geometry":{"type":"Polygon","coordinates":[[[92.90543,20.34499],[92.90493,20.3524],[92.91662,20.34049],[92.91953,20.34517],[92.9199,20.34114],[92.93635,20.33975],[92.94572,20.34381],[92.94477,20.35026],[92.93796,20.34982],[92.93843,20.3453],[92.93663,20.34561],[92.93626,20.34922],[92.92071,20.34925],[92.91999,20.3456],[92.91896,20.34973],[92.90493,20.35245],[92.90488,20.35323],[92.8863,20.35863],[92.89068,20.34704],[92.89191,20.35039],[92.88999,20.35297],[92.89586,20.35464],[92.90543,20.34499]]]},"properties":{"set":"overview"}},{"type":"Feature","geometry":{"type":"Polygon","coordinates":[[[92.27728,20.9689],[92.27497,20.95149],[92.29707,20.9365],[92.29126,20.96085],[92.29701,20.95652],[92.30035,20.94926],[92.29769,20.94578],[92.30537,20.94155],[92.31576,20.95282],[92.31582,20.96319],[92.30611,20.96527],[92.29482,20.97985],[92.29011,20.96566],[92.28971,20.96736],[92.27728,20.9689]]]},"properties":{"set":"overview"}},{"type":"Feature","geometry":{"type":"Polygon","coordinates":[[[92.34255,20.86486],[92.34793,20.87143],[92.35152,20.86776],[92.35526,20.87172],[92.35297,20.86807],[92.36628,20.86366],[92.36877,20.86849],[92.37751,20.86888],[92.35257,20.87816],[92.35188,20.87997],[92.35473,20.88079],[92.35585,20.88933],[92.34831,20.8947],[92.33877,20.89032],[92.33387,20.88014],[92.32217,20.88135],[92.33713,20.85806],[92.34039,20.86763],[92.34255,20.86486]]]},"properties":{"set":"overview"}},{"type":"Feature","geometry":{"type":"Polygon","coordinates":[[[93.39975,20.08105],[93.40181,20.08433],[93.40172,20.08971],[93.39768,20.08598],[93.39975,20.08105]]]},"properties":{"set":"overview"}},{"type":"Feature","geometry":{"type":"Polygon","coordinates":[[[93.08894,20.08061],[93.07637,20.1129],[93.06888,20.12198],[93.04789,20.12769],[93.02007,20.12857],[92.99409,20.12328],[92.96841,20.13236],[92.9725,20.12086],[92.98252,20.11233],[92.98261,20.10216],[92.98757,20.09736],[92.97631,20.08026],[92.97764,20.07613],[92.98422,20.06637],[92.99066,20.06497],[92.99185,20.05998],[93.01059,20.04526],[93.00978,20.04222],[93.00653,20.04625],[93.00878,20.04176],[93.02747,20.02949],[93.04227,20.00944],[93.0432,20.00559],[93.03568,20.00927],[93.02865,20.02513],[93.03043,20.01301],[93.04795,19.99992],[93.05045,19.95859],[93.07251,19.93509],[93.1108,19.86693],[93.12805,19.84444],[93.13665,19.84243],[93.13725,19.82822],[93.15655,19.81546],[93.17366,19.78736],[93.15923,19.81674],[93.13687,19.84754],[93.13258,19.85865],[93.13593,19.86431],[93.12596,19.87672],[93.1286,19.87792],[93.12034,19.89342],[93.11563,19.89538],[93.11364,19.90806],[93.11797,19.91408],[93.10225,19.94281],[93.10316,19.96867],[93.10936,19.97117],[93.11949,19.98655],[93.13867,19.99491],[93.12478,20.03652],[93.08894,20.08061]]]},"properties":{"set":"overview"}},{"type":"Feature","geometry":{"type":"Polygon","coordinates":[[[93.06733,20.12597],[93.0789,20.11463],[93.08551,20.09625],[93.08984,20.09676],[93.1034,20.09325],[93.10267,20.09235],[93.10255,20.09323],[93.10212,20.09266],[93.09594,20.094],[93.08972,20.09645],[93.08575,20.09554],[93.10146,20.06778],[93.1103,20.06232],[93.12616,20.0814],[93.10847,20.12317],[93.10644,20.14435],[93.09425,20.15192],[93.06733,20.12597]]]},"properties":{"set":"overview"}},{"type":"Feature","geometry":{"type":"Polygon","coordinates":[[[93.40172,20.09043],[93.39942,20.10766],[93.3945,20.09939],[93.40172,20.09043]]]},"properties":{"set":"overview"}},{"type":"Feature","geometry":{"type":"Polygon","coordinates":[[[92.94191,20.35501],[92.93537,20.373],[92.94459,20.38411],[92.93809,20.39021],[92.9224,20.39232],[92.91785,20.37974],[92.9101,20.37884],[92.87343,20.38296],[92.85318,20.39408],[92.83564,20.3941],[92.83695,20.38437],[92.84512,20.37442],[92.86955,20.38022],[92.88095,20.36576],[92.89371,20.35803],[92.92388,20.34938],[92.94191,20.35501]]]},"properties":{"set":"overview"}},{"type":"Feature","geometry":{"type":"Polygon","coordinates":[[[92.37455,20.87534],[92.3694,20.88475],[92.36895,20.8804],[92.36071,20.88611],[92.36029,20.87661],[92.37455,20.87534]]]},"properties":{"set":"overview"}},{"type":"Feature","geometry":{"type":"Polygon","coordinates":[[[92.34984,20.86911],[92.3434,20.86404],[92.34497,20.85874],[92.34936,20.86203],[92.34984,20.86911]]]},"properties":{"set":"overview"}},{"type":"Feature","geometry":{"type":"Polygon","coordinates":[[[92.88768,20.39566],[92.88711,20.40225],[92.87651,20.40523],[92.87379,20.41099],[92.86961,20.40996],[92.86979,20.40565],[92.88768,20.39566]]]},"properties":{"set":"overview"}},{"type":"Feature","geometry":{"type":"Polygon","coordinates":[[[92.35594,20.92173],[92.36771,20.92526],[92.36819,20.92775],[92.36578,20.92567],[92.36553,20.93628],[92.35036,20.94581],[92.34499,20.93006],[92.35074,20.92674],[92.35244,20.92966],[92.35143,20.92634],[92.34587,20.92636],[92.35594,20.92173]]]},"properties":{"set":"overview"}},{"type":"Feature","geometry":{"type":"Polygon","coordinates":[[[92.87478,20.25814],[92.87876,20.25902],[92.87864,20.25474],[92.88335,20.25883],[92.88008,20.27368],[92.86721,20.27563],[92.86896,20.27787],[92.87869,20.27675],[92.88279,20.28148],[92.88077,20.28451],[92.89448,20.29325],[92.89245,20.29783],[92.8674,20.29987],[92.865,20.29375],[92.8687,20.28905],[92.86226,20.29388],[92.86341,20.30077],[92.84396,20.28089],[92.81048,20.26604],[92.82824,20.26229],[92.84909,20.25169],[92.83992,20.25232],[92.82635,20.26161],[92.80396,20.26533],[92.7858,20.25959],[92.76364,20.19703],[92.84941,20.12899],[92.86566,20.12087],[92.89811,20.1128],[92.89582,20.13043],[92.92286,20.19314],[92.91511,20.19664],[92.91108,20.21038],[92.90228,20.21317],[92.9096,20.21223],[92.91655,20.21881],[92.91546,20.22859],[92.92323,20.23747],[92.90439,20.2546],[92.89812,20.25047],[92.89866,20.25331],[92.88802,20.25472],[92.88202,20.24441],[92.89375,20.24867],[92.88202,20.24016],[92.89322,20.22034],[92.8875,20.21505],[92.89121,20.21458],[92.86971,20.21038],[92.85741,20.21423],[92.86062,20.20873],[92.85962,20.21016],[92.85798,20.211],[92.85648,20.21286],[92.85657,20.21366],[92.85736,20.2144],[92.85908,20.21484],[92.86309,20.2145],[92.87043,20.21132],[92.85539,20.22038],[92.85134,20.23273],[92.84521,20.22089],[92.84152,20.22335],[92.84277,20.2273],[92.83879,20.22565],[92.84697,20.21452],[92.84659,20.20353],[92.84665,20.21449],[92.84563,20.21432],[92.84503,20.21466],[92.84485,20.21681],[92.84214,20.21731],[92.83807,20.22503],[92.83919,20.22745],[92.84242,20.22817],[92.84444,20.22587],[92.84399,20.22398],[92.84283,20.22324],[92.84404,20.22267],[92.84484,20.22116],[92.85476,20.2494],[92.85209,20.23264],[92.85553,20.22081],[92.8632,20.21742],[92.87064,20.22119],[92.86417,20.22293],[92.86486,20.22687],[92.87461,20.23072],[92.86622,20.2251],[92.87095,20.22141],[92.86906,20.21886],[92.86448,20.2177],[92.87449,20.21143],[92.88499,20.21554],[92.88917,20.22284],[92.87989,20.23764],[92.88013,20.25277],[92.87183,20.25808],[92.87267,20.26516],[92.87478,20.25814]],[[92.85506,20.25128],[92.84971,20.25165],[92.85657,20.25744],[92.86325,20.25442],[92.86307,20.25936],[92.86664,20.2566],[92.86897,20.26054],[92.8687,20.25754],[92.86685,20.25613],[92.86517,20.2564],[92.86333,20.25873],[92.86409,20.25507],[92.86319,20.2539],[92.85586,20.2563],[92.85506,20.25128]]]},"properties":{"set":"overview"}},{"type":"Feature","geometry":{"type":"Polygon","coordinates":[[[93.40876,20.09795],[93.40393,20.10282],[93.40455,20.09369],[93.40876,20.09795]]]},"properties":{"set":"overview"}},{"type":"Feature","geometry":{"type":"Polygon","coordinates":[[[92.31106,20.91158],[92.32477,20.91385],[92.33077,20.92111],[92.32725,20.92144],[92.33905,20.92461],[92.33646,20.92675],[92.32403,20.92611],[92.31655,20.93159],[92.32163,20.94041],[92.31754,20.94182],[92.32265,20.9419],[92.3178,20.95087],[92.30178,20.93398],[92.31106,20.91158]]]},"properties":{"set":"overview"}},{"type":"Feature","geometry":{"type":"Polygon","coordinates":[[[92.91065,20.2801],[92.92102,20.29143],[92.9142,20.28731],[92.91119,20.29349],[92.90327,20.29696],[92.89127,20.28652],[92.89304,20.28421],[92.90601,20.28885],[92.91065,20.2801]]]},"properties":{"set":"overview"}},{"type":"Feature","geometry":{"type":"Polygon","coordinates":[[[92.83487,20.44692],[92.8339,20.45722],[92.84169,20.45878],[92.84483,20.46419],[92.83976,20.47577],[92.82473,20.47447],[92.81982,20.46712],[92.8097,20.47033],[92.82147,20.45863],[92.82666,20.4585],[92.82694,20.44833],[92.83487,20.44692]]]},"properties":{"set":"overview"}},{"type":"Feature","geometry":{"type":"Polygon","coordinates":[[[92.27224,20.92687],[92.279,20.91034],[92.28646,20.90402],[92.27224,20.92687]]]},"properties":{"set":"overview"}},{"type":"Feature","geometry":{"type":"Polygon","coordinates":[[[93.02474,20.41051],[93.0288,20.43503],[93.02424,20.42762],[93.02474,20.41051]]]},"properties":{"set":"overview"}},{"type":"Feature","geometry":{"type":"Polygon","coordinates":[[[92.97315,20.1766],[92.9759,20.21613],[92.98368,20.24691],[92.94077,20.20013],[92.95114,20.17892],[92.97315,20.1766]]]},"properties":{"set":"overview"}},{"type":"Feature","geometry":{"type":"Polygon","coordinates":[[[93.29801,20.21649],[93.29375,20.22347],[93.28924,20.22632],[93.29218,20.21913],[93.29801,20.21649]]]},"properties":{"set":"overview"}},{"type":"Feature","geometry":{"type":"Polygon","coordinates":[[[92.34504,20.89745],[92.34198,20.90271],[92.3606,20.89003],[92.35768,20.88511],[92.36128,20.88724],[92.36813,20.88296],[92.36558,20.88791],[92.37022,20.88621],[92.37876,20.89162],[92.37215,20.90382],[92.37428,20.90925],[92.3746,20.9035],[92.38046,20.90509],[92.37379,20.91796],[92.36636,20.91822],[92.36551,20.92246],[92.35205,20.91863],[92.34412,20.92648],[92.3334,20.91141],[92.31155,20.90775],[92.32051,20.88165],[92.34504,20.89745]]]},"properties":{"set":"overview"}},{"type":"Feature","geometry":{"type":"Polygon","coordinates":[[[93.39681,20.07822],[93.38333,20.0873],[93.37789,20.06972],[93.38344,20.05412],[93.40171,20.0281],[93.40626,19.99707],[93.41937,19.97337],[93.43057,19.96857],[93.45048,19.94926],[93.45641,19.94955],[93.46119,19.95921],[93.44682,19.97269],[93.44024,19.99473],[93.4468,20.00605],[93.4544,20.00894],[93.45912,20.00254],[93.46855,19.9992],[93.4777,20.00261],[93.46629,20.04412],[93.45198,20.05608],[93.45277,20.07108],[93.44215,20.0843],[93.43576,20.10357],[93.42771,20.11149],[93.41006,20.11621],[93.40961,20.10328],[93.40951,20.10968],[93.40839,20.10379],[93.40952,20.10081],[93.40895,20.08423],[93.39681,20.07822]]]},"properties":{"set":"overview"}},{"type":"Feature","geometry":{"type":"Polygon","coordinates":[[[93.46914,20.04599],[93.48228,20.05074],[93.48116,20.0622],[93.46987,20.06221],[93.46988,20.0714],[93.46834,20.06761],[93.45519,20.06557],[93.45442,20.05996],[93.46914,20.04599]]]},"properties":{"set":"overview"}},{"type":"Feature","geometry":{"type":"Polygon","coordinates":[[[92.38308,20.92238],[92.37804,20.92612],[92.37589,20.92069],[92.38308,20.92238]]]},"properties":{"set":"overview"}},{"type":"Feature","geometry":{"type":"Polygon","coordinates":[[[92.91886,20.24469],[92.9194,20.25383],[92.91339,20.25859],[92.90985,20.25022],[92.91886,20.24469]]]},"properties":{"set":"overview"}},{"type":"Feature","geometry":{"type":"Polygon","coordinates":[[[92.30158,20.98007],[92.30183,20.98582],[92.29488,20.98027],[92.29744,20.97831],[92.30158,20.98007]]]},"properties":{"set":"overview"}},{"type":"Feature","geometry":{"type":"Polygon","coordinates":[[[93.39545,20.08328],[93.39877,20.09052],[93.39277,20.09731],[93.38832,20.09076],[93.39545,20.08328]]]},"properties":{"set":"overview"}},{"type":"Feature","geometry":{"type":"Polygon","coordinates":[[[93.12675,20.06127],[93.12867,20.06965],[93.12217,20.07412],[93.11166,20.05701],[93.11554,20.05464],[93.12675,20.06127]]]},"properties":{"set":"overview"}},{"type":"Feature","geometry":{"type":"Polygon","coordinates":[[[92.39333,20.74508],[92.39306,20.75167],[92.3888,20.75325],[92.38884,20.7488],[92.39333,20.74508]]]},"properties":{"set":"overview"}},{"type":"Feature","geometry":{"type":"Polygon","coordinates":[[[93.73364,19.78458],[93.73787,19.79097],[93.74519,19.79138],[93.74264,19.80442],[93.74739,19.81656],[93.74025,19.81731],[93.73866,19.82118],[93.74705,19.82311],[93.7501,19.82876],[93.74272,19.83686],[93.73241,19.8379],[93.73195,19.83903],[93.74201,19.83841],[93.73833,19.85073],[93.72274,19.83957],[93.72493,19.83103],[93.71749,19.83219],[93.71408,19.82726],[93.70802,19.83123],[93.71455,19.82877],[93.71734,19.84116],[93.70294,19.83986],[93.70145,19.83369],[93.70772,19.83134],[93.69783,19.83057],[93.70294,19.81839],[93.70649,19.81752],[93.70252,19.81187],[93.71079,19.81234],[93.71642,19.81482],[93.71535,19.81533],[93.72175,19.81375],[93.7218,19.82341],[93.73156,19.82176],[93.72618,19.82443],[93.72627,19.82579],[93.72643,19.82515],[93.73198,19.82232],[93.73626,19.8283],[93.73319,19.83594],[93.73728,19.82792],[93.73136,19.82003],[93.72248,19.82244],[93.72331,19.8124],[93.6978,19.80697],[93.7002,19.78736],[93.71515,19.78064],[93.72329,19.78641],[93.71341,19.77833],[93.70004,19.78393],[93.71524,19.75827],[93.77546,19.76421],[93.77974,19.79953],[93.76692,19.81168],[93.76778,19.82214],[93.77468,19.82576],[93.76598,19.83146],[93.76658,19.84599],[93.75661,19.84105],[93.75234,19.84709],[93.75094,19.83855],[93.7439,19.83893],[93.75109,19.82858],[93.74807,19.82262],[93.73954,19.8207],[93.74829,19.81748],[93.74364,19.80433],[93.74685,19.79207],[93.73364,19.78458]],[[93.7317,19.78348],[93.72474,19.78743],[93.72784,19.78963],[93.7283,19.79969],[93.72895,19.79375],[93.72831,19.78887],[93.7335,19.7845],[93.7317,19.78348]]]},"properties":{"set":"overview"}},{"type":"Feature","geometry":{"type":"Polygon","coordinates":[[[93.46902,19.99781],[93.45637,20.00056],[93.46708,19.97978],[93.46902,19.99781]]]},"properties":{"set":"overview"}},{"type":"Feature","geometry":{"type":"Polygon","coordinates":[[[93.79859,19.75564],[93.79552,19.75098],[93.79307,19.75533],[93.78645,19.75093],[93.78408,19.75537],[93.78149,19.74787],[93.77372,19.74568],[93.76211,19.75634],[93.75794,19.7552],[93.75435,19.74347],[93.77007,19.72312],[93.76363,19.72382],[93.76769,19.71431],[93.75495,19.7245],[93.75617,19.73411],[93.75098,19.73281],[93.75254,19.72983],[93.74073,19.73639],[93.74631,19.72239],[93.75407,19.72486],[93.75757,19.71516],[93.76894,19.70775],[93.7761,19.70909],[93.77906,19.70344],[93.7879,19.7098],[93.78673,19.7154],[93.80051,19.70787],[93.79146,19.71577],[93.79472,19.72207],[93.78488,19.72398],[93.79004,19.72886],[93.79204,19.72698],[93.79066,19.73155],[93.78601,19.72973],[93.78697,19.73505],[93.78333,19.73015],[93.77685,19.74188],[93.78734,19.74207],[93.79791,19.72291],[93.79617,19.72938],[93.80046,19.72746],[93.80535,19.71274],[93.80231,19.72694],[93.81002,19.74426],[93.79859,19.75564]]]},"properties":{"set":"overview"}},{"type":"Feature","geometry":{"type":"Polygon","coordinates":[[[93.6337,19.40081],[93.63995,19.41038],[93.63979,19.42343],[93.63253,19.43193],[93.62452,19.43309],[93.62128,19.43155],[93.63108,19.42696],[93.6368,19.41092],[93.6337,19.40081]]]},"properties":{"set":"overview"}},{"type":"Feature","geometry":{"type":"Polygon","coordinates":[[[93.74112,19.4574],[93.74236,19.45868],[93.7424,19.45681],[93.74841,19.45501],[93.73665,19.45552],[93.72261,19.47068],[93.71858,19.4676],[93.71769,19.47548],[93.72252,19.4786],[93.73303,19.4715],[93.73222,19.4756],[93.73757,19.47311],[93.73872,19.46923],[93.75319,19.47062],[93.74517,19.48122],[93.73963,19.48341],[93.73398,19.47923],[93.73891,19.48355],[93.7411,19.48347],[93.74138,19.48478],[93.72618,19.50324],[93.74641,19.53448],[93.74169,19.5402],[93.7433,19.54839],[93.7271,19.5449],[93.7279,19.54931],[93.71791,19.54584],[93.69677,19.55024],[93.69816,19.55656],[93.68615,19.56798],[93.68106,19.55722],[93.67423,19.56162],[93.67893,19.55549],[93.66876,19.55835],[93.66551,19.53273],[93.65842,19.53005],[93.6542,19.51425],[93.6466,19.5176],[93.6423,19.5103],[93.64503,19.49858],[93.67502,19.47813],[93.67484,19.47382],[93.67969,19.47223],[93.68133,19.47523],[93.68512,19.46761],[93.66698,19.47808],[93.64738,19.46758],[93.64946,19.44353],[93.67543,19.42521],[93.69417,19.44673],[93.68919,19.45154],[93.69231,19.46347],[93.68552,19.46738],[93.69325,19.46433],[93.68997,19.45237],[93.69513,19.44664],[93.68591,19.4334],[93.70619,19.42272],[93.70719,19.43134],[93.70793,19.43066],[93.70883,19.42725],[93.71482,19.42811],[93.71705,19.4214],[93.7304,19.43243],[93.73183,19.43087],[93.73149,19.42993],[93.73031,19.42902],[93.73312,19.42749],[93.7411,19.42805],[93.74941,19.44653],[93.75614,19.44384],[93.76182,19.4484],[93.75638,19.45467],[93.74898,19.45498],[93.75427,19.46119],[93.74816,19.46132],[93.74891,19.46566],[93.74223,19.46447],[93.74234,19.45939],[93.73357,19.45982],[93.74112,19.4574]]]},"properties":{"set":"overview"}},{"type":"Feature","geometry":{"type":"Polygon","coordinates":[[[93.41352,19.74561],[93.40927,19.74236],[93.41603,19.72543],[93.4279,19.7173],[93.43161,19.71845],[93.43471,19.71314],[93.44012,19.71583],[93.44123,19.71085],[93.44544,19.71463],[93.45164,19.70449],[93.44903,19.70147],[93.45673,19.6965],[93.45564,19.68989],[93.46009,19.69371],[93.46677,19.68906],[93.46716,19.69321],[93.47557,19.69289],[93.48608,19.68274],[93.50159,19.67641],[93.50319,19.69259],[93.49747,19.71209],[93.47771,19.72111],[93.46324,19.73493],[93.4542,19.72976],[93.4552,19.73503],[93.45164,19.73315],[93.44406,19.7494],[93.43381,19.74014],[93.42741,19.74226],[93.42622,19.74794],[93.42609,19.74038],[93.41352,19.74561]]]},"properties":{"set":"overview"}},{"type":"Feature","geometry":{"type":"Polygon","coordinates":[[[93.77631,19.85979],[93.78304,19.86286],[93.7804,19.86757],[93.77428,19.86639],[93.77631,19.85979]]]},"properties":{"set":"overview"}},{"type":"Feature","geometry":{"type":"Polygon","coordinates":[[[93.57567,19.71456],[93.57584,19.7183],[93.57116,19.72538],[93.57226,19.71509],[93.57567,19.71456]]]},"properties":{"set":"overview"}},{"type":"Feature","geometry":{"type":"Polygon","coordinates":[[[93.63613,19.62584],[93.63326,19.63566],[93.6293,19.64093],[93.6284,19.6331],[93.63613,19.62584]]]},"properties":{"set":"overview"}},{"type":"Feature","geometry":{"type":"Polygon","coordinates":[[[93.4815,19.95474],[93.48571,19.95459],[93.48028,19.96495],[93.4815,19.95474]]]},"properties":{"set":"overview"}},{"type":"Feature","geometry":{"type":"Polygon","coordinates":[[[93.68833,19.81356],[93.69466,19.81652],[93.69075,19.82496],[93.69034,19.81929],[93.67544,19.82111],[93.67515,19.8187],[93.68833,19.81356]]]},"properties":{"set":"overview"}},{"type":"Feature","geometry":{"type":"Polygon","coordinates":[[[93.78086,19.69274],[93.78537,19.6974],[93.77366,19.70476],[93.77235,19.70043],[93.78086,19.69274]]]},"properties":{"set":"overview"}},{"type":"Feature","geometry":{"type":"Polygon","coordinates":[[[93.74425,19.71288],[93.75158,19.70926],[93.73895,19.72278],[93.73234,19.70825],[93.73715,19.70246],[93.73354,19.69847],[93.73712,19.69646],[93.73873,19.69997],[93.74091,19.69141],[93.75002,19.69587],[93.75673,19.69171],[93.75852,19.694],[93.76001,19.68738],[93.76538,19.68755],[93.76666,19.70412],[93.74989,19.69869],[93.75319,19.70268],[93.74425,19.71288]]]},"properties":{"set":"overview"}},{"type":"Feature","geometry":{"type":"Polygon","coordinates":[[[93.56318,19.84949],[93.56672,19.86028],[93.56164,19.86239],[93.55588,19.8512],[93.56318,19.84949]]]},"properties":{"set":"overview"}},{"type":"Feature","geometry":{"type":"Polygon","coordinates":[[[93.5547,19.74789],[93.55805,19.74071],[93.55,19.73989],[93.54815,19.74935],[93.53857,19.73664],[93.55254,19.73745],[93.56105,19.72895],[93.57611,19.73447],[93.56145,19.74524],[93.5606,19.75054],[93.5547,19.74789]]]},"properties":{"set":"overview"}},{"type":"Feature","geometry":{"type":"Polygon","coordinates":[[[93.48206,19.73064],[93.50233,19.71742],[93.49377,19.72936],[93.47669,19.73986],[93.48206,19.73064]]]},"properties":{"set":"overview"}},{"type":"Feature","geometry":{"type":"Polygon","coordinates":[[[93.5686,19.78525],[93.57222,19.79692],[93.55952,19.8069],[93.55792,19.79875],[93.5686,19.78525]]]},"properties":{"set":"overview"}},{"type":"Feature","geometry":{"type":"Polygon","coordinates":[[[93.52253,19.70553],[93.52175,19.7191],[93.51044,19.71969],[93.51944,19.68139],[93.53059,19.67716],[93.53028,19.68108],[93.53835,19.68118],[93.54258,19.68594],[93.55251,19.68185],[93.54827,19.68923],[93.54136,19.68865],[93.54372,19.69451],[93.52253,19.70553]]]},"properties":{"set":"overview"}},{"type":"Feature","geometry":{"type":"Polygon","coordinates":[[[93.6384,19.85974],[93.63642,19.83901],[93.64381,19.83423],[93.65242,19.83948],[93.67476,19.83175],[93.7048,19.84931],[93.7037,19.85798],[93.6835,19.85442],[93.67822,19.85907],[93.66472,19.8554],[93.65333,19.86478],[93.6384,19.85974]]]},"properties":{"set":"overview"}},{"type":"Feature","geometry":{"type":"Polygon","coordinates":[[[93.69208,19.79653],[93.69341,19.80661],[93.6811,19.796],[93.68519,19.79492],[93.69208,19.79653]]]},"properties":{"set":"overview"}},{"type":"Feature","geometry":{"type":"Polygon","coordinates":[[[93.78303,19.84634],[93.78344,19.86054],[93.77448,19.85889],[93.76922,19.85254],[93.7737,19.84571],[93.76924,19.83569],[93.7762,19.82547],[93.76928,19.82196],[93.76793,19.81186],[93.78083,19.80717],[93.78195,19.81734],[93.79301,19.83093],[93.7911,19.843],[93.78303,19.84634]]]},"properties":{"set":"overview"}},{"type":"Feature","geometry":{"type":"Polygon","coordinates":[[[93.74806,19.67418],[93.76423,19.67921],[93.76987,19.68517],[93.75639,19.68729],[93.7445,19.67901],[93.74806,19.67418]]]},"properties":{"set":"overview"}},{"type":"Feature","geometry":{"type":"Polygon","coordinates":[[[93.16657,19.97099],[93.16668,19.98617],[93.15596,19.99797],[93.15139,20.0164],[93.15375,20.02431],[93.13075,20.06429],[93.12743,20.05565],[93.13107,20.05133],[93.12226,20.0581],[93.11763,20.05128],[93.12665,20.04148],[93.13627,20.01953],[93.14234,19.99177],[93.15734,19.97829],[93.15638,19.96845],[93.16169,19.96617],[93.1686,19.94379],[93.17998,19.9273],[93.17637,19.92109],[93.1912,19.9047],[93.20472,19.87527],[93.20465,19.86603],[93.21163,19.86194],[93.21011,19.85719],[93.22233,19.83406],[93.22073,19.81896],[93.22827,19.81389],[93.2325,19.81824],[93.24933,19.81806],[93.24319,19.83033],[93.23274,19.83846],[93.23287,19.84522],[93.2238,19.85198],[93.22627,19.85886],[93.21929,19.8677],[93.21089,19.89381],[93.18356,19.9323],[93.18562,19.93733],[93.16657,19.97099]]]},"properties":{"set":"overview"}},{"type":"Feature","geometry":{"type":"Polygon","coordinates":[[[93.59818,19.8436],[93.6046,19.85467],[93.60185,19.86129],[93.60757,19.86699],[93.59546,19.87251],[93.58549,19.86566],[93.5766,19.86932],[93.57629,19.86409],[93.58696,19.85318],[93.58605,19.84377],[93.58708,19.84428],[93.58796,19.84717],[93.59818,19.8436]]]},"properties":{"set":"overview"}},{"type":"Feature","geometry":{"type":"Polygon","coordinates":[[[93.61077,19.70985],[93.60274,19.72859],[93.5923,19.73876],[93.59636,19.71184],[93.61077,19.70985]]]},"properties":{"set":"overview"}},{"type":"Feature","geometry":{"type":"Polygon","coordinates":[[[92.97964,19.94583],[93.01388,19.89745],[93.0083,19.88483],[93.02332,19.83929],[93.02525,19.81394],[93.03387,19.87327],[93.01996,19.92387],[92.98806,19.98751],[92.97725,19.99664],[92.97239,20.02703],[92.95684,20.05095],[92.95548,20.07423],[92.95208,20.07809],[92.93714,20.07679],[92.93286,20.08182],[92.92019,20.07921],[92.93468,20.1004],[92.9208,20.08651],[92.91414,20.06142],[92.92813,20.05038],[92.93048,20.04206],[92.92702,20.03808],[92.93616,20.01666],[92.9513,19.99878],[92.97964,19.94583]]]},"properties":{"set":"overview"}},{"type":"Feature","geometry":{"type":"Polygon","coordinates":[[[93.75289,19.86467],[93.75898,19.86934],[93.74651,19.87267],[93.74719,19.8678],[93.75289,19.86467]]]},"properties":{"set":"overview"}},{"type":"Feature","geometry":{"type":"Polygon","coordinates":[[[93.60961,19.61543],[93.61796,19.62136],[93.6375,19.60831],[93.61653,19.62996],[93.60494,19.62624],[93.60961,19.61543]]]},"properties":{"set":"overview"}},{"type":"Feature","geometry":{"type":"Polygon","coordinates":[[[93.74907,19.73667],[93.7541,19.7416],[93.75238,19.74718],[93.75113,19.74036],[93.74583,19.73935],[93.74907,19.73667]]]},"properties":{"set":"overview"}},{"type":"Feature","geometry":{"type":"Polygon","coordinates":[[[93.5611,19.86476],[93.5576,19.87064],[93.54998,19.86735],[93.54908,19.86272],[93.5611,19.86476]]]},"properties":{"set":"overview"}},{"type":"Feature","geometry":{"type":"Polygon","coordinates":[[[93.69416,19.71444],[93.69604,19.71727],[93.69093,19.71488],[93.68388,19.72785],[93.67529,19.72786],[93.66731,19.72041],[93.68126,19.71523],[93.69416,19.71444]]]},"properties":{"set":"overview"}},{"type":"Feature","geometry":{"type":"Polygon","coordinates":[[[93.47873,19.96674],[93.47749,19.97442],[93.47216,19.98193],[93.46806,19.97058],[93.47873,19.96674]]]},"properties":{"set":"overview"}},{"type":"Feature","geometry":{"type":"Polygon","coordinates":[[[93.55681,19.7821],[93.55935,19.78678],[93.55493,19.79175],[93.54342,19.78816],[93.54359,19.78531],[93.55681,19.7821]]]},"properties":{"set":"overview"}},{"type":"Feature","geometry":{"type":"Polygon","coordinates":[[[93.6319,19.44728],[93.63005,19.45023],[93.64607,19.44565],[93.64012,19.46094],[93.64431,19.4605],[93.64551,19.46433],[93.64172,19.4692],[93.6368,19.46863],[93.63481,19.47659],[93.62264,19.48941],[93.61438,19.48954],[93.61214,19.49407],[93.59424,19.47482],[93.60922,19.46558],[93.61021,19.45991],[93.61514,19.46351],[93.61364,19.45962],[93.62273,19.4494],[93.6319,19.44728]],[[93.61719,19.46502],[93.619,19.46634],[93.62057,19.46357],[93.61719,19.46502]]]},"properties":{"set":"overview"}},{"type":"Feature","geometry":{"type":"Polygon","coordinates":[[[93.7855,18.65978],[93.78855,18.63913],[93.77998,18.6364],[93.7717,18.6224],[93.78449,18.60223],[93.79223,18.60451],[93.79873,18.61419],[93.79995,18.63311],[93.79179,18.65082],[93.79491,18.66969],[93.7855,18.65978]]]},"properties":{"set":"overview"}},{"type":"Feature","geometry":{"type":"Polygon","coordinates":[[[93.46515,19.97883],[93.45732,19.99073],[93.44645,19.98824],[93.45212,19.97338],[93.45608,19.97035],[93.46515,19.97883]]]},"properties":{"set":"overview"}},{"type":"Feature","geometry":{"type":"Polygon","coordinates":[[[93.60573,19.84524],[93.59774,19.80988],[93.60615,19.81482],[93.61877,19.8332],[93.63646,19.87195],[93.60573,19.84524]]]},"properties":{"set":"overview"}},{"type":"Feature","geometry":{"type":"Polygon","coordinates":[[[93.66171,19.82322],[93.65329,19.82538],[93.6493,19.81469],[93.64015,19.81232],[93.64109,19.8076],[93.63866,19.81121],[93.63483,19.80637],[93.63794,19.79556],[93.61622,19.76733],[93.59479,19.76565],[93.59792,19.75389],[93.59331,19.73911],[93.60293,19.73296],[93.60268,19.72888],[93.61568,19.72653],[93.62079,19.74674],[93.64934,19.78393],[93.64933,19.7992],[93.6612,19.79915],[93.65696,19.81452],[93.65875,19.8136],[93.66194,19.79906],[93.64982,19.79862],[93.65084,19.78536],[93.66535,19.79015],[93.68519,19.80512],[93.66171,19.82322]],[[93.65673,19.81464],[93.64152,19.80696],[93.64125,19.80736],[93.65511,19.81546],[93.65673,19.81464]]]},"properties":{"set":"overview"}},{"type":"Feature","geometry":{"type":"Polygon","coordinates":[[[93.72765,19.71184],[93.73354,19.72103],[93.72791,19.72185],[93.72743,19.72668],[93.73357,19.73609],[93.7289,19.74047],[93.71919,19.73967],[93.71486,19.72538],[93.7191,19.71596],[93.72765,19.71184]]]},"properties":{"set":"overview"}},{"type":"Feature","geometry":{"type":"Polygon","coordinates":[[[93.6828,19.75099],[93.68475,19.75411],[93.69589,19.74882],[93.70423,19.76229],[93.69346,19.79145],[93.68945,19.79263],[93.68458,19.79089],[93.68833,19.78806],[93.67856,19.77724],[93.68277,19.77378],[93.6687,19.75612],[93.6739,19.75578],[93.67726,19.76438],[93.68417,19.7598],[93.68937,19.77113],[93.68604,19.77265],[93.69185,19.77138],[93.69221,19.76805],[93.68413,19.75606],[93.67004,19.75365],[93.66628,19.74773],[93.6781,19.74454],[93.67477,19.7375],[93.67647,19.7313],[93.68182,19.72907],[93.6888,19.73144],[93.68444,19.73632],[93.69446,19.73498],[93.69399,19.74136],[93.6828,19.75099]]]},"properties":{"set":"overview"}},{"type":"Feature","geometry":{"type":"Polygon","coordinates":[[[93.65462,19.62918],[93.65807,19.63222],[93.65106,19.64042],[93.6506,19.63131],[93.65462,19.62918]]]},"properties":{"set":"overview"}},{"type":"Feature","geometry":{"type":"Polygon","coordinates":[[[93.74312,19.74057],[93.74625,19.74361],[93.74462,19.74721],[93.73903,19.74519],[93.74312,19.74057]]]},"properties":{"set":"overview"}},{"type":"Feature","geometry":{"type":"Polygon","coordinates":[[[93.54975,19.85278],[93.54768,19.85725],[93.54293,19.8493],[93.54975,19.85278]]]},"properties":{"set":"overview"}},{"type":"Feature","geometry":{"type":"Polygon","coordinates":[[[93.61689,19.77824],[93.61654,19.782],[93.60764,19.77983],[93.61689,19.77824]]]},"properties":{"set":"overview"}},{"type":"Feature","geometry":{"type":"Polygon","coordinates":[[[93.66294,19.74431],[93.6677,19.76661],[93.67394,19.77235],[93.6661,19.7814],[93.65,19.7744],[93.63549,19.75526],[93.63558,19.74117],[93.66294,19.74431]]]},"properties":{"set":"overview"}},{"type":"Feature","geometry":{"type":"Polygon","coordinates":[[[93.62768,19.87688],[93.64759,19.88592],[93.64829,19.89305],[93.6546,19.89173],[93.66062,19.90469],[93.63765,19.90298],[93.63373,19.8951],[93.6295,19.90349],[93.61352,19.90165],[93.62384,19.89542],[93.62768,19.87688]]]},"properties":{"set":"overview"}},{"type":"Feature","geometry":{"type":"Polygon","coordinates":[[[93.19666,19.74543],[93.19118,19.75519],[93.19142,19.74643],[93.19666,19.74543]]]},"properties":{"set":"overview"}},{"type":"Feature","geometry":{"type":"Polygon","coordinates":[[[93.57147,19.64847],[93.57937,19.65264],[93.57836,19.66164],[93.58444,19.65802],[93.58691,19.66129],[93.58488,19.67034],[93.56204,19.66295],[93.56256,19.65298],[93.57147,19.64847]]]},"properties":{"set":"overview"}},{"type":"Feature","geometry":{"type":"Polygon","coordinates":[[[93.58825,19.74737],[93.57833,19.76982],[93.57264,19.74788],[93.58095,19.74192],[93.58825,19.74737]]]},"properties":{"set":"overview"}},{"type":"Feature","geometry":{"type":"Polygon","coordinates":[[[93.54505,19.64836],[93.54314,19.65273],[93.53553,19.6575],[93.53665,19.65304],[93.54505,19.64836]]]},"properties":{"set":"overview"}},{"type":"Feature","geometry":{"type":"Polygon","coordinates":[[[93.75297,19.85244],[93.74077,19.84887],[93.7443,19.8403],[93.74982,19.83963],[93.75099,19.8478],[93.75518,19.8484],[93.75566,19.84349],[93.75871,19.85408],[93.76323,19.8511],[93.76051,19.84843],[93.76676,19.84975],[93.76447,19.85481],[93.77094,19.85785],[93.77061,19.86554],[93.76276,19.86559],[93.75297,19.85244]]]},"properties":{"set":"overview"}},{"type":"Feature","geometry":{"type":"Polygon","coordinates":[[[93.4879,19.9615],[93.49424,19.98228],[93.47706,19.99717],[93.47086,19.99792],[93.47276,19.98346],[93.4879,19.9615]]]},"properties":{"set":"overview"}},{"type":"Feature","geometry":{"type":"Polygon","coordinates":[[[93.55018,19.82946],[93.54603,19.84495],[93.54129,19.84819],[93.54179,19.84428],[93.55018,19.82946]]]},"properties":{"set":"overview"}},{"type":"Feature","geometry":{"type":"Polygon","coordinates":[[[93.75323,19.39787],[93.76348,19.40534],[93.76779,19.4029],[93.76621,19.39835],[93.77501,19.39976],[93.75333,19.39169],[93.75089,19.38332],[93.76241,19.38493],[93.76228,19.38115],[93.75725,19.37877],[93.76159,19.37451],[93.75786,19.37312],[93.7569,19.37946],[93.76128,19.38386],[93.75838,19.38171],[93.75523,19.38106],[93.72599,19.38344],[93.73384,19.35411],[93.74814,19.36003],[93.75641,19.35429],[93.77241,19.36651],[93.78353,19.36984],[93.79923,19.36669],[93.79726,19.36229],[93.80675,19.37172],[93.81117,19.36298],[93.80972,19.35823],[93.80175,19.35611],[93.80356,19.35324],[93.80876,19.3558],[93.8061,19.34751],[93.78667,19.35011],[93.77855,19.34687],[93.77832,19.34051],[93.77078,19.33627],[93.77195,19.34012],[93.74938,19.35857],[93.73542,19.35154],[93.74236,19.32617],[93.76599,19.30298],[93.80073,19.30998],[93.82444,19.30439],[93.83912,19.29613],[93.86517,19.30531],[93.8748,19.33502],[93.86832,19.33668],[93.87299,19.33657],[93.88278,19.35266],[93.87616,19.35658],[93.87177,19.35416],[93.8733,19.35803],[93.865,19.36341],[93.84453,19.35823],[93.84006,19.36742],[93.83841,19.36394],[93.83884,19.36882],[93.835,19.3585],[93.83823,19.37562],[93.83133,19.37111],[93.84328,19.38612],[93.83229,19.38074],[93.83318,19.37629],[93.82116,19.3688],[93.82052,19.36356],[93.81248,19.36509],[93.81737,19.37191],[93.81125,19.37107],[93.8156,19.37965],[93.82102,19.3741],[93.82105,19.3774],[93.82657,19.37754],[93.82138,19.37895],[93.82319,19.38328],[93.82916,19.3832],[93.82125,19.38903],[93.82623,19.3939],[93.82453,19.39995],[93.82302,19.39411],[93.81835,19.39368],[93.82059,19.40024],[93.82889,19.40426],[93.83231,19.40193],[93.83245,19.40694],[93.82488,19.40879],[93.83144,19.40978],[93.83342,19.41503],[93.84687,19.41505],[93.8374,19.43014],[93.83572,19.44381],[93.84498,19.45534],[93.85228,19.45593],[93.86186,19.47421],[93.86088,19.48743],[93.85314,19.48882],[93.83514,19.48153],[93.83556,19.47434],[93.82371,19.4706],[93.81058,19.47599],[93.80417,19.4674],[93.80093,19.47231],[93.81138,19.4845],[93.80332,19.48708],[93.79744,19.49677],[93.77199,19.50687],[93.77127,19.49288],[93.77536,19.49156],[93.77139,19.4924],[93.76538,19.48247],[93.77684,19.47283],[93.77186,19.46128],[93.77793,19.45969],[93.79319,19.47295],[93.80594,19.46012],[93.79876,19.46331],[93.79468,19.46053],[93.79456,19.45301],[93.80756,19.45633],[93.80517,19.45116],[93.80057,19.44959],[93.79868,19.45283],[93.79567,19.44898],[93.7987,19.43956],[93.79559,19.41901],[93.78776,19.4267],[93.79184,19.43443],[93.78407,19.43113],[93.78341,19.43532],[93.779,19.43479],[93.77683,19.44071],[93.76787,19.44543],[93.76059,19.4438],[93.76163,19.44105],[93.75101,19.44208],[93.74339,19.42665],[93.72187,19.42092],[93.73156,19.41242],[93.73377,19.40254],[93.74902,19.40929],[93.75323,19.39787]]]},"properties":{"set":"overview"}},{"type":"Feature","geometry":{"type":"Polygon","coordinates":[[[93.80212,19.2094],[93.8031,19.22031],[93.80787,19.22293],[93.80477,19.22518],[93.79712,19.21968],[93.80212,19.2094]]]},"properties":{"set":"overview"}},{"type":"Feature","geometry":{"type":"Polygon","coordinates":[[[93.53247,19.5274],[93.51958,19.5457],[93.52118,19.53989],[93.5293,19.52923],[93.53247,19.5274]]]},"properties":{"set":"overview"}},{"type":"Feature","geometry":{"type":"Polygon","coordinates":[[[93.76431,19.48399],[93.76924,19.49016],[93.76898,19.51007],[93.74866,19.52681],[93.7378,19.51737],[93.72953,19.50173],[93.7512,19.48133],[93.76431,19.48399]]]},"properties":{"set":"overview"}},{"type":"Feature","geometry":{"type":"Polygon","coordinates":[[[93.64383,19.36489],[93.64114,19.36754],[93.6416,19.35366],[93.65645,19.33502],[93.66803,19.34325],[93.66864,19.35243],[93.68272,19.35661],[93.68779,19.36327],[93.67099,19.37774],[93.66094,19.37022],[93.64953,19.37512],[93.64989,19.36923],[93.64383,19.36489]]]},"properties":{"set":"overview"}},{"type":"Feature","geometry":{"type":"Polygon","coordinates":[[[93.65117,19.27979],[93.64609,19.29984],[93.63732,19.29229],[93.62914,19.29371],[93.63229,19.28523],[93.63647,19.28863],[93.65117,19.27979]]]},"properties":{"set":"overview"}},{"type":"Feature","geometry":{"type":"Polygon","coordinates":[[[93.50246,19.54524],[93.49872,19.55601],[93.48845,19.56762],[93.48677,19.56563],[93.50246,19.54524]]]},"properties":{"set":"overview"}},{"type":"Feature","geometry":{"type":"Polygon","coordinates":[[[93.61203,19.29411],[93.61578,19.2992],[93.61254,19.30199],[93.60849,19.29729],[93.61203,19.29411]]]},"properties":{"set":"overview"}},{"type":"Feature","geometry":{"type":"Polygon","coordinates":[[[93.6553,19.42079],[93.65463,19.4235],[93.65984,19.42168],[93.65812,19.42639],[93.66558,19.42286],[93.66556,19.42711],[93.6509,19.43023],[93.6553,19.42079]]]},"properties":{"set":"overview"}},{"type":"Feature","geometry":{"type":"Polygon","coordinates":[[[93.66652,19.56762],[93.66823,19.57077],[93.65971,19.57966],[93.65666,19.57363],[93.66652,19.56762]]]},"properties":{"set":"overview"}},{"type":"Feature","geometry":{"type":"Polygon","coordinates":[[[93.82079,19.29509],[93.8115,19.29306],[93.80551,19.2996],[93.79771,19.29739],[93.79898,19.29063],[93.80836,19.28936],[93.8055,19.28529],[93.80933,19.28206],[93.81231,19.2879],[93.82058,19.28585],[93.82079,19.29509]]]},"properties":{"set":"overview"}},{"type":"Feature","geometry":{"type":"Polygon","coordinates":[[[93.60877,19.32357],[93.6032,19.32417],[93.59817,19.31771],[93.60967,19.31467],[93.61337,19.30853],[93.61537,19.312],[93.61693,19.30638],[93.62085,19.30834],[93.62497,19.30301],[93.63101,19.3051],[93.63203,19.30114],[93.63897,19.30021],[93.64132,19.30336],[93.63154,19.3145],[93.63724,19.3285],[93.61906,19.34499],[93.60877,19.32357]]]},"properties":{"set":"overview"}},{"type":"Feature","geometry":{"type":"Polygon","coordinates":[[[93.83411,19.4856],[93.85613,19.49271],[93.85715,19.50515],[93.80502,19.52874],[93.7694,19.53467],[93.76995,19.52232],[93.79894,19.50516],[93.81628,19.48615],[93.83411,19.4856]]]},"properties":{"set":"overview"}},{"type":"Feature","geometry":{"type":"Polygon","coordinates":[[[94.25468,18.74299],[94.25235,18.7486],[94.24861,18.74077],[94.25468,18.74299]]]},"properties":{"set":"overview"}},{"type":"Feature","geometry":{"type":"Polygon","coordinates":[[[93.60707,19.43405],[93.61708,19.43777],[93.61228,19.44701],[93.61693,19.45056],[93.61431,19.45282],[93.60094,19.44556],[93.59956,19.44008],[93.60707,19.43405]]]},"properties":{"set":"overview"}},{"type":"Feature","geometry":{"type":"Polygon","coordinates":[[[93.78151,19.4365],[93.78848,19.44411],[93.78776,19.44647],[93.77927,19.44099],[93.78151,19.4365]]]},"properties":{"set":"overview"}},{"type":"Feature","geometry":{"type":"Polygon","coordinates":[[[93.52183,19.47411],[93.52597,19.48285],[93.53671,19.48474],[93.52493,19.49796],[93.51038,19.50392],[93.50758,19.50122],[93.51803,19.49488],[93.52183,19.47411]]]},"properties":{"set":"overview"}},{"type":"Feature","geometry":{"type":"Polygon","coordinates":[[[93.78622,19.45241],[93.78899,19.45844],[93.7865,19.45546],[93.77035,19.46047],[93.77426,19.47208],[93.76473,19.47736],[93.76163,19.46118],[93.76491,19.46454],[93.76846,19.45927],[93.76451,19.46335],[93.76452,19.45396],[93.77255,19.44906],[93.78699,19.45212],[93.77448,19.45306],[93.77172,19.4559],[93.78622,19.45241]]]},"properties":{"set":"overview"}},{"type":"Feature","geometry":{"type":"Polygon","coordinates":[[[93.64771,19.5254],[93.65273,19.53112],[93.65307,19.53747],[93.6452,19.53422],[93.64771,19.5254]]]},"properties":{"set":"overview"}},{"type":"Feature","geometry":{"type":"Polygon","coordinates":[[[93.75792,19.53405],[93.75751,19.54196],[93.7531,19.54609],[93.75149,19.5388],[93.75792,19.53405]]]},"properties":{"set":"overview"}},{"type":"Feature","geometry":{"type":"Polygon","coordinates":[[[93.63727,19.56093],[93.63421,19.55691],[93.63659,19.55078],[93.62949,19.54975],[93.6288,19.5435],[93.63676,19.53959],[93.65455,19.54283],[93.65885,19.53882],[93.66937,19.56365],[93.64851,19.5703],[93.64775,19.56403],[93.64294,19.56742],[93.63357,19.56513],[93.63727,19.56093]]]},"properties":{"set":"overview"}},{"type":"Feature","geometry":{"type":"Polygon","coordinates":[[[93.64141,19.30461],[93.64699,19.32536],[93.64051,19.32776],[93.63254,19.31427],[93.64141,19.30461]]]},"properties":{"set":"overview"}},{"type":"Feature","geometry":{"type":"Polygon","coordinates":[[[93.68253,19.41107],[93.69155,19.40746],[93.70689,19.41091],[93.70762,19.4083],[93.72059,19.4131],[93.72034,19.4203],[93.71528,19.41816],[93.68515,19.43169],[93.67699,19.42402],[93.68253,19.41107]]]},"properties":{"set":"overview"}},{"type":"Feature","geometry":{"type":"Polygon","coordinates":[[[93.7537,19.26673],[93.74492,19.27189],[93.7442,19.26877],[93.7537,19.26673]]]},"properties":{"set":"overview"}},{"type":"Feature","geometry":{"type":"Polygon","coordinates":[[[93.74539,19.23537],[93.75658,19.24417],[93.74886,19.25006],[93.74171,19.24832],[93.73926,19.24329],[93.74539,19.23537]]]},"properties":{"set":"overview"}},{"type":"Feature","geometry":{"type":"Polygon","coordinates":[[[93.52818,19.49711],[93.54157,19.48604],[93.55537,19.47793],[93.56421,19.48164],[93.57212,19.47979],[93.59211,19.46914],[93.59831,19.45991],[93.59712,19.46779],[93.59008,19.47452],[93.56892,19.48288],[93.55408,19.48153],[93.51584,19.52249],[93.51101,19.52182],[93.52818,19.49711]]]},"properties":{"set":"overview"}},{"type":"Feature","geometry":{"type":"Polygon","coordinates":[[[93.64601,19.46773],[93.6485,19.47426],[93.64543,19.48402],[93.65316,19.49098],[93.63623,19.49365],[93.63385,19.48301],[93.64601,19.46773]]]},"properties":{"set":"overview"}},{"type":"Feature","geometry":{"type":"Polygon","coordinates":[[[93.63642,19.21634],[93.63874,19.22259],[93.63576,19.22354],[93.64126,19.22821],[93.63766,19.23093],[93.63145,19.22462],[93.63642,19.21634]]]},"properties":{"set":"overview"}},{"type":"Feature","geometry":{"type":"Polygon","coordinates":[[[93.86421,19.28518],[93.86228,19.29288],[93.85863,19.29279],[93.86133,19.29862],[93.84615,19.29705],[93.84635,19.27767],[93.84082,19.27125],[93.85404,19.27227],[93.86421,19.28518]]]},"properties":{"set":"overview"}},{"type":"Feature","geometry":{"type":"Polygon","coordinates":[[[93.61591,19.55592],[93.62413,19.56188],[93.62256,19.56815],[93.61275,19.56681],[93.61591,19.55592]]]},"properties":{"set":"overview"}},{"type":"Feature","geometry":{"type":"Polygon","coordinates":[[[93.64075,19.24393],[93.64087,19.24929],[93.64798,19.25447],[93.63606,19.25223],[93.63624,19.24587],[93.64075,19.24393]]]},"properties":{"set":"overview"}},{"type":"Feature","geometry":{"type":"Polygon","coordinates":[[[93.75313,19.2738],[93.75919,19.28002],[93.74361,19.28515],[93.7429,19.28061],[93.75313,19.2738]]]},"properties":{"set":"overview"}},{"type":"Feature","geometry":{"type":"Polygon","coordinates":[[[93.65982,19.21541],[93.66482,19.21999],[93.65708,19.22402],[93.65429,19.22049],[93.65982,19.21541]]]},"properties":{"set":"overview"}},{"type":"Feature","geometry":{"type":"Polygon","coordinates":[[[93.5088,19.53225],[93.50687,19.53886],[93.50258,19.54253],[93.50301,19.53721],[93.5088,19.53225]]]},"properties":{"set":"overview"}},{"type":"Feature","geometry":{"type":"Polygon","coordinates":[[[93.62679,19.28439],[93.62615,19.29132],[93.62139,19.29029],[93.62229,19.28474],[93.62002,19.28861],[93.61743,19.28485],[93.62679,19.28439]]]},"properties":{"set":"overview"}},{"type":"Feature","geometry":{"type":"Polygon","coordinates":[[[93.53441,19.46368],[93.53358,19.47061],[93.54675,19.47063],[93.52699,19.47936],[93.52513,19.47472],[93.53441,19.46368]]]},"properties":{"set":"overview"}},{"type":"Feature","geometry":{"type":"Polygon","coordinates":[[[93.74671,18.76014],[93.73661,18.78055],[93.74055,18.83414],[93.73757,18.85311],[93.74368,18.88786],[93.72253,18.87755],[93.71879,18.88048],[93.70415,18.87239],[93.68808,18.87087],[93.62852,18.89281],[93.62018,18.90718],[93.62055,18.9158],[93.61409,18.92071],[93.58691,18.8955],[93.58314,18.89788],[93.5479,18.88001],[93.5208,18.88221],[93.50498,18.87534],[93.48929,18.87921],[93.479,18.8734],[93.49053,18.86228],[93.48878,18.85632],[93.49732,18.8375],[93.51658,18.81911],[93.52173,18.80731],[93.52014,18.79485],[93.52903,18.79245],[93.54509,18.76764],[93.55653,18.76419],[93.61333,18.71702],[93.63127,18.69818],[93.63723,18.68108],[93.64169,18.68624],[93.64905,18.68676],[93.66355,18.67078],[93.68067,18.67225],[93.70007,18.66764],[93.70252,18.67243],[93.72227,18.67897],[93.74934,18.72627],[93.74978,18.76163],[93.74238,18.77638],[93.74671,18.76014]]]},"properties":{"set":"overview"}},{"type":"Feature","geometry":{"type":"Polygon","coordinates":[[[94.00894,18.72877],[94.00501,18.73772],[93.99605,18.7397],[93.99065,18.75081],[93.97707,18.74252],[93.98847,18.7301],[94.00894,18.72877]]]},"properties":{"set":"overview"}},{"type":"Feature","geometry":{"type":"Polygon","coordinates":[[[94.23464,18.7518],[94.24018,18.75218],[94.2395,18.75589],[94.2311,18.75428],[94.22397,18.75859],[94.2239,18.76506],[94.21554,18.76878],[94.21443,18.76243],[94.22198,18.75302],[94.22149,18.75692],[94.23464,18.7518]]]},"properties":{"set":"overview"}},{"type":"Feature","geometry":{"type":"Polygon","coordinates":[[[94.20665,18.73969],[94.20912,18.74428],[94.20375,18.74771],[94.20175,18.74545],[94.20665,18.73969]]]},"properties":{"set":"overview"}},{"type":"Feature","geometry":{"type":"Polygon","coordinates":[[[93.987,18.76552],[93.98572,18.77198],[93.978,18.77529],[93.98202,18.76727],[93.987,18.76552]]]},"properties":{"set":"overview"}},{"type":"Feature","geometry":{"type":"Polygon","coordinates":[[[94.19874,18.78299],[94.20377,18.78231],[94.19863,18.79032],[94.19654,18.78883],[94.19874,18.78299]]]},"properties":{"set":"overview"}},{"type":"Feature","geometry":{"type":"Polygon","coordinates":[[[94.1785,18.7564],[94.18654,18.77216],[94.1855,18.77518],[94.17243,18.77292],[94.1785,18.7564]]]},"properties":{"set":"overview"}},{"type":"Feature","geometry":{"type":"Polygon","coordinates":[[[94.23711,18.76562],[94.22774,18.77293],[94.22585,18.7783],[94.22669,18.76844],[94.23711,18.76562]]]},"properties":{"set":"overview"}},{"type":"Feature","geometry":{"type":"Polygon","coordinates":[[[94.22641,18.7081],[94.22608,18.71465],[94.22141,18.71485],[94.22163,18.7093],[94.22641,18.7081]]]},"properties":{"set":"overview"}},{"type":"Feature","geometry":{"type":"Polygon","coordinates":[[[94.23743,18.5323],[94.23565,18.54014],[94.22692,18.53868],[94.23664,18.53538],[94.23743,18.5323]]]},"properties":{"set":"overview"}},{"type":"Feature","geometry":{"type":"Polygon","coordinates":[[[94.21578,18.73252],[94.22739,18.73433],[94.22497,18.74195],[94.23505,18.74336],[94.22399,18.74569],[94.22182,18.7526],[94.21606,18.75196],[94.2172,18.74093],[94.2092,18.74057],[94.20701,18.73618],[94.21578,18.73252]]]},"properties":{"set":"overview"}},{"type":"Feature","geometry":{"type":"Polygon","coordinates":[[[94.23562,18.74324],[94.23596,18.74767],[94.23904,18.74969],[94.23054,18.74711],[94.23562,18.74324]]]},"properties":{"set":"overview"}},{"type":"Feature","geometry":{"type":"Polygon","coordinates":[[[93.9862,18.77947],[93.99031,18.79097],[93.97596,18.80434],[93.97807,18.82695],[93.97099,18.83023],[93.97002,18.83826],[93.93511,18.82387],[93.94331,18.80476],[93.93977,18.79692],[93.95542,18.78256],[93.97719,18.78517],[93.9862,18.77947]]]},"properties":{"set":"overview"}},{"type":"Feature","geometry":{"type":"Polygon","coordinates":[[[94.1994,18.75326],[94.20623,18.76048],[94.20572,18.76889],[94.1962,18.7585],[94.1994,18.75326]]]},"properties":{"set":"overview"}},{"type":"Feature","geometry":{"type":"Polygon","coordinates":[[[94.20641,18.7018],[94.21901,18.70349],[94.2219,18.7077],[94.21903,18.72017],[94.22708,18.72532],[94.21331,18.72435],[94.18695,18.73735],[94.16023,18.7343],[94.16491,18.72411],[94.18066,18.72037],[94.20641,18.7018]]]},"properties":{"set":"overview"}},{"type":"Feature","geometry":{"type":"Polygon","coordinates":[[[93.90799,18.43124],[93.90954,18.43569],[93.90537,18.44195],[93.90306,18.43556],[93.90799,18.43124]]]},"properties":{"set":"overview"}},{"type":"Feature","geometry":{"type":"Polygon","coordinates":[[[94.09218,18.05558],[94.09849,18.06415],[94.09806,18.07061],[94.0839,18.07247],[94.07965,18.06397],[94.08139,18.05761],[94.09218,18.05558]]]},"properties":{"set":"overview"}},{"type":"Feature","geometry":{"type":"Polygon","coordinates":[[[94.32457,18.37229],[94.32905,18.37512],[94.31886,18.3781],[94.31394,18.3757],[94.31988,18.3753],[94.32457,18.37229]]]},"properties":{"set":"overview"}},{"type":"Feature","geometry":{"type":"Polygon","coordinates":[[[94.50825,17.1644],[94.50913,17.16805],[94.50473,17.17513],[94.50364,17.16319],[94.50825,17.1644]]]},"properties":{"set":"overview"}},{"type":"Feature","geometry":{"type":"Polygon","coordinates":[[[94.51806,17.15117],[94.51435,17.15756],[94.51112,17.15183],[94.51806,17.15117]]]},"properties":{"set":"overview"}},{"type":"Feature","geometry":{"type":"Polygon","coordinates":[[[86.78902,20.38777],[86.79553,20.39426],[86.79211,20.424],[86.78795,20.40475],[86.78902,20.38777]]]},"properties":{"set":"overview"}},{"type":"Feature","geometry":{"type":"Polygon","coordinates":[[[86.80369,20.50288],[86.80493,20.50989],[86.8022,20.519],[86.79924,20.51637],[86.80369,20.50288]]]},"properties":{"set":"overview"}},{"type":"Feature","geometry":{"type":"Polygon","coordinates":[[[88.18508,21.56917],[88.19309,21.57304],[88.18764,21.57794],[88.18254,21.59548],[88.17653,21.59719],[88.17081,21.59172],[88.17491,21.57631],[88.18508,21.56917]]]},"properties":{"set":"overview"}},{"type":"Feature","geometry":{"type":"Polygon","coordinates":[[[88.89698,21.56131],[88.89314,21.57695],[88.86959,21.59343],[88.84504,21.59845],[88.83387,21.60567],[88.83134,21.58024],[88.84145,21.56454],[88.85254,21.55964],[88.89698,21.56131]]]},"properties":{"set":"overview"}},{"type":"Feature","geometry":{"type":"Polygon","coordinates":[[[88.34623,21.63046],[88.34741,21.65509],[88.34355,21.66487],[88.34896,21.67616],[88.34341,21.69072],[88.32914,21.70674],[88.3037,21.70748],[88.29992,21.70289],[88.31315,21.68666],[88.31726,21.66672],[88.30603,21.63154],[88.30622,21.6138],[88.31255,21.60815],[88.34623,21.63046]]]},"properties":{"set":"overview"}},{"type":"Feature","geometry":{"type":"Polygon","coordinates":[[[88.20937,21.60807],[88.20712,21.61418],[88.21282,21.62519],[88.23152,21.64291],[88.22577,21.65743],[88.22638,21.66969],[88.20386,21.67212],[88.1945,21.68379],[88.19963,21.6963],[88.21412,21.69963],[88.20901,21.71315],[88.20688,21.71101],[88.20372,21.72077],[88.1895,21.70509],[88.18426,21.69099],[88.19848,21.7026],[88.18231,21.68639],[88.20334,21.61225],[88.20937,21.60807]]]},"properties":{"set":"overview"}},{"type":"Feature","geometry":{"type":"Polygon","coordinates":[[[88.5686,21.67514],[88.56435,21.70447],[88.56707,21.70238],[88.56736,21.69306],[88.57468,21.69424],[88.56917,21.70046],[88.56897,21.70935],[88.55898,21.7125],[88.55274,21.72326],[88.54985,21.71799],[88.54906,21.71961],[88.55136,21.72371],[88.54973,21.72391],[88.54707,21.72061],[88.54933,21.72392],[88.54569,21.72377],[88.54674,21.71411],[88.54611,21.71921],[88.54374,21.71774],[88.54313,21.72448],[88.55276,21.72564],[88.5596,21.71313],[88.56986,21.71095],[88.57063,21.70057],[88.57813,21.69233],[88.5795,21.68504],[88.58933,21.68938],[88.58013,21.68363],[88.58848,21.65782],[88.60352,21.67188],[88.60455,21.68021],[88.58877,21.69954],[88.58726,21.70789],[88.57043,21.73235],[88.55926,21.72965],[88.55443,21.73532],[88.54543,21.73652],[88.53803,21.73389],[88.54016,21.7367],[88.55365,21.73646],[88.55973,21.73017],[88.57002,21.73354],[88.5711,21.74603],[88.56307,21.75957],[88.54738,21.75971],[88.54301,21.76083],[88.54101,21.76297],[88.5387,21.76325],[88.53417,21.75773],[88.53391,21.75854],[88.53613,21.76067],[88.53372,21.76211],[88.53505,21.76164],[88.53765,21.76319],[88.53961,21.76343],[88.5417,21.76283],[88.54321,21.76095],[88.54432,21.7622],[88.54818,21.7599],[88.55664,21.76218],[88.56332,21.7606],[88.5637,21.77437],[88.57186,21.7867],[88.56248,21.78217],[88.55,21.78825],[88.54093,21.78654],[88.53585,21.79253],[88.52518,21.77376],[88.50496,21.75829],[88.51162,21.73904],[88.51717,21.75059],[88.51299,21.73476],[88.5217,21.71966],[88.52703,21.71936],[88.5303,21.72368],[88.52658,21.71694],[88.53005,21.7127],[88.52614,21.71681],[88.52031,21.71622],[88.51831,21.70933],[88.52918,21.69282],[88.53519,21.67017],[88.52907,21.65736],[88.54022,21.64106],[88.55152,21.6374],[88.5517,21.64758],[88.56864,21.66964],[88.55803,21.67558],[88.56191,21.67536],[88.56592,21.67393],[88.56882,21.67205],[88.55514,21.68243],[88.54129,21.68434],[88.54745,21.68529],[88.55427,21.68357],[88.5686,21.67514]],[[88.5417,21.70049],[88.54489,21.69966],[88.54322,21.69889],[88.5417,21.70049]],[[88.55884,21.70551],[88.5613,21.7068],[88.56424,21.70455],[88.55884,21.70551]],[[88.59048,21.6901],[88.58968,21.69451],[88.59172,21.69087],[88.59048,21.6901]]]},"properties":{"set":"overview"}},{"type":"Feature","geometry":{"type":"Polygon","coordinates":[[[88.59183,21.7202],[88.61542,21.72765],[88.62071,21.73476],[88.61757,21.73954],[88.58491,21.75402],[88.58213,21.77805],[88.56969,21.76964],[88.58331,21.75016],[88.58094,21.72577],[88.59183,21.7202]]]},"properties":{"set":"overview"}},{"type":"Feature","geometry":{"type":"Polygon","coordinates":[[[88.29896,21.70639],[88.30527,21.73632],[88.30025,21.76269],[88.28906,21.77976],[88.28457,21.76977],[88.28535,21.75268],[88.27558,21.73544],[88.29353,21.70826],[88.29896,21.70639]]]},"properties":{"set":"overview"}},{"type":"Feature","geometry":{"type":"Polygon","coordinates":[[[88.62178,21.72498],[88.62828,21.74919],[88.62312,21.77229],[88.61368,21.78996],[88.60049,21.78988],[88.58947,21.78039],[88.58627,21.75668],[88.61879,21.74266],[88.62327,21.73597],[88.62178,21.72498]]]},"properties":{"set":"overview"}},{"type":"Feature","geometry":{"type":"Polygon","coordinates":[[[88.28284,21.76949],[88.28871,21.7799],[88.28578,21.78781],[88.26352,21.79259],[88.2735,21.77631],[88.28284,21.76949]]]},"properties":{"set":"overview"}},{"type":"Feature","geometry":{"type":"Polygon","coordinates":[[[88.59264,21.65359],[88.58563,21.65807],[88.57657,21.69216],[88.56742,21.69099],[88.57139,21.66814],[88.55425,21.64664],[88.55567,21.63615],[88.5706,21.63266],[88.59126,21.61962],[88.60356,21.62374],[88.59264,21.65359]]]},"properties":{"set":"overview"}},{"type":"Feature","geometry":{"type":"Polygon","coordinates":[[[88.4614,21.8019],[88.48325,21.80064],[88.49643,21.8097],[88.49642,21.82241],[88.48887,21.83351],[88.47676,21.83384],[88.46962,21.82184],[88.45084,21.81401],[88.4614,21.8019]]]},"properties":{"set":"overview"}},{"type":"Feature","geometry":{"type":"Polygon","coordinates":[[[88.184,21.826],[88.1822,21.83002],[88.17395,21.83817],[88.17622,21.82703],[88.184,21.826]]]},"properties":{"set":"overview"}},{"type":"Feature","geometry":{"type":"Polygon","coordinates":[[[88.61219,21.79857],[88.60717,21.8155],[88.6173,21.82894],[88.60616,21.83454],[88.60241,21.84455],[88.59046,21.85217],[88.58157,21.83952],[88.57686,21.81624],[88.58884,21.79918],[88.61219,21.79857]]]},"properties":{"set":"overview"}},{"type":"Feature","geometry":{"type":"Polygon","coordinates":[[[88.62131,21.89736],[88.60572,21.8798],[88.59454,21.85435],[88.60511,21.84767],[88.61007,21.83679],[88.62075,21.83192],[88.62107,21.82597],[88.6125,21.81659],[88.62289,21.79252],[88.63728,21.78687],[88.64187,21.78975],[88.64063,21.80709],[88.65299,21.86799],[88.64179,21.87191],[88.63253,21.86981],[88.63412,21.87867],[88.62756,21.88357],[88.62633,21.8945],[88.62977,21.88394],[88.63631,21.87878],[88.63358,21.87148],[88.65138,21.87284],[88.6568,21.89134],[88.65472,21.8988],[88.65738,21.8937],[88.66705,21.91265],[88.63813,21.92096],[88.62411,21.90131],[88.62632,21.89452],[88.62131,21.89736]]]},"properties":{"set":"overview"}},{"type":"Feature","geometry":{"type":"Polygon","coordinates":[[[88.04811,21.91642],[88.05195,21.91389],[88.07489,21.92732],[88.14353,22.02432],[88.10814,22.02326],[88.08052,22.00458],[88.05496,21.9533],[88.04811,21.91642]]]},"properties":{"set":"overview"}},{"type":"Feature","geometry":{"type":"Polygon","coordinates":[[[89.14908,22.07638],[89.13964,22.06604],[89.12917,22.07193],[89.12196,22.0705],[89.10445,22.04552],[89.09501,22.04838],[89.09535,22.02038],[89.09089,22.01162],[89.09655,21.98138],[89.09346,21.95798],[89.09741,21.93999],[89.11578,21.95304],[89.10617,21.9591],[89.10891,21.96944],[89.10565,21.97629],[89.11853,21.97963],[89.11441,21.98934],[89.12917,21.9981],[89.12728,22.01592],[89.13295,22.00637],[89.129,22.00271],[89.13071,21.99682],[89.11612,21.98998],[89.12041,21.97931],[89.10788,21.97549],[89.11132,21.96706],[89.10874,21.96037],[89.11578,21.95671],[89.11612,21.94938],[89.09913,21.93776],[89.09535,21.93824],[89.0914,21.94747],[89.08025,21.90432],[89.10136,21.86688],[89.10514,21.84792],[89.10325,21.82594],[89.11423,21.81733],[89.11835,21.8202],[89.11423,21.84203],[89.12934,21.84872],[89.1187,21.87294],[89.12745,21.88791],[89.12076,21.87278],[89.1314,21.85],[89.13003,21.84697],[89.11698,21.84139],[89.11921,21.81845],[89.1132,21.81574],[89.10273,21.82147],[89.10033,21.81303],[89.12814,21.80251],[89.14805,21.80633],[89.14668,21.80458],[89.13363,21.80012],[89.1508,21.79374],[89.15715,21.8006],[89.16814,21.80362],[89.17844,21.83151],[89.17775,21.83916],[89.16127,21.85016],[89.16436,21.85573],[89.16333,21.85063],[89.1714,21.84808],[89.17861,21.84107],[89.18204,21.83311],[89.18513,21.83709],[89.18427,21.86832],[89.20092,21.90989],[89.20075,21.91276],[89.18513,21.91547],[89.15904,21.91292],[89.14479,21.9161],[89.13106,21.94652],[89.13501,21.96944],[89.16196,21.9938],[89.16161,22.00319],[89.14599,22.03486],[89.14874,22.04806],[89.15526,22.05538],[89.17243,22.06286],[89.14908,22.07638]]]},"properties":{"set":"overview"}},{"type":"Feature","geometry":{"type":"Polygon","coordinates":[[[89.21428,22.08676],[89.20518,22.11582],[89.19185,22.13197],[89.18766,22.14828],[89.19407,22.15405],[89.20547,22.14708],[89.20885,22.16369],[89.21831,22.17199],[89.20116,22.17793],[89.19798,22.17248],[89.19328,22.18774],[89.19941,22.21525],[89.18988,22.2194],[89.19115,22.2284],[89.18022,22.22741],[89.17621,22.23293],[89.17043,22.22815],[89.15907,22.22842],[89.15606,22.22034],[89.16956,22.21463],[89.17106,22.20994],[89.15998,22.20624],[89.15833,22.19108],[89.14638,22.18083],[89.14047,22.16504],[89.14241,22.15437],[89.16447,22.15086],[89.1705,22.14289],[89.1687,22.12819],[89.17592,22.12253],[89.19103,22.12313],[89.19403,22.11708],[89.17989,22.10049],[89.17712,22.08062],[89.17111,22.08002],[89.15882,22.0875],[89.15038,22.08484],[89.17205,22.07319],[89.17961,22.08074],[89.19885,22.07985],[89.21134,22.08233],[89.21428,22.08676]]]},"properties":{"set":"overview"}},{"type":"Feature","geometry":{"type":"Polygon","coordinates":[[[89.185,22.02073],[89.16447,22.02026],[89.17244,21.99656],[89.14076,21.95949],[89.14137,21.93831],[89.14878,21.92826],[89.15772,21.92491],[89.17724,21.92648],[89.18039,21.93664],[89.18277,21.93315],[89.18131,21.92575],[89.20189,21.9246],[89.21127,21.91806],[89.21342,21.90683],[89.20142,21.88576],[89.20239,21.87161],[89.19418,21.82933],[89.24956,21.81859],[89.25404,21.8332],[89.26415,21.83674],[89.27331,21.85418],[89.26731,21.86835],[89.26868,21.88152],[89.25504,21.88688],[89.2691,21.88413],[89.28442,21.90428],[89.25645,21.90845],[89.24518,21.91609],[89.24034,21.92873],[89.22032,21.92855],[89.21127,21.93417],[89.20162,21.94872],[89.20252,21.96232],[89.23419,21.97807],[89.24158,21.98564],[89.19471,22.00142],[89.185,22.02073]]]},"properties":{"set":"overview"}},{"type":"Feature","geometry":{"type":"Polygon","coordinates":[[[89.26684,21.83167],[89.2586,21.83183],[89.2495,21.81558],[89.22987,21.82191],[89.1968,21.82562],[89.18462,21.81637],[89.19062,21.81032],[89.18908,21.799],[89.19337,21.78386],[89.20762,21.77206],[89.2186,21.75166],[89.26135,21.76106],[89.28744,21.7558],[89.28521,21.78561],[89.26684,21.83167]]]},"properties":{"set":"overview"}},{"type":"Feature","geometry":{"type":"Polygon","coordinates":[[[89.28469,21.74974],[89.26186,21.7574],[89.24435,21.7558],[89.22324,21.74783],[89.21998,21.73826],[89.22787,21.71386],[89.2265,21.70445],[89.23526,21.70238],[89.23663,21.69568],[89.24813,21.69138],[89.26427,21.7011],[89.25397,21.70589],[89.25912,21.71817],[89.2574,21.73491],[89.25997,21.71642],[89.2562,21.70605],[89.27783,21.70302],[89.28847,21.73061],[89.28469,21.74974]]]},"properties":{"set":"overview"}},{"type":"Feature","geometry":{"type":"Polygon","coordinates":[[[89.23049,21.70022],[89.22508,21.69877],[89.21853,21.68433],[89.21058,21.66325],[89.21286,21.65525],[89.2389,21.65389],[89.25768,21.65873],[89.2625,21.66267],[89.25899,21.66792],[89.25034,21.65987],[89.2397,21.66993],[89.23141,21.66497],[89.23815,21.67029],[89.23993,21.67057],[89.24987,21.66074],[89.25908,21.66936],[89.27585,21.66763],[89.29078,21.68628],[89.28184,21.69365],[89.25859,21.69685],[89.24499,21.68934],[89.2345,21.69333],[89.23049,21.70022]]]},"properties":{"set":"overview"}},{"type":"Feature","geometry":{"type":"Polygon","coordinates":[[[89.19912,22.20678],[89.19573,22.18493],[89.22145,22.17261],[89.21115,22.16243],[89.20806,22.1459],[89.20085,22.14462],[89.19158,22.14924],[89.19604,22.13302],[89.20325,22.12856],[89.22385,22.13397],[89.21064,22.1389],[89.21081,22.14701],[89.22746,22.15862],[89.24154,22.16084],[89.21956,22.20249],[89.2218,22.21093],[89.21596,22.20869],[89.21109,22.21244],[89.19912,22.20678]]]},"properties":{"set":"overview"}},{"type":"Feature","geometry":{"type":"Polygon","coordinates":[[[89.246,22.21552],[89.24068,22.20757],[89.22763,22.20169],[89.2266,22.19629],[89.24565,22.16021],[89.23003,22.15591],[89.21287,22.14367],[89.22729,22.13413],[89.22214,22.1292],[89.20806,22.12618],[89.21802,22.09787],[89.23518,22.10471],[89.24995,22.10057],[89.26025,22.10884],[89.26488,22.11489],[89.2611,22.1486],[89.26368,22.14621],[89.26454,22.13699],[89.28222,22.16307],[89.30213,22.17531],[89.31174,22.18643],[89.30368,22.21186],[89.246,22.21552]]]},"properties":{"set":"overview"}},{"type":"Feature","geometry":{"type":"Polygon","coordinates":[[[89.25115,22.0923],[89.23639,22.0993],[89.22591,22.09755],[89.22454,22.09278],[89.24771,22.07544],[89.25321,22.05747],[89.24977,22.04585],[89.21905,22.00734],[89.24377,21.99572],[89.25115,21.97996],[89.23948,21.96771],[89.21561,21.95784],[89.21029,21.95195],[89.22042,21.94414],[89.23312,21.94176],[89.23038,21.94988],[89.25252,21.9564],[89.24411,21.95099],[89.23141,21.94796],[89.25286,21.92949],[89.26076,21.91564],[89.27724,21.91994],[89.2678,21.92902],[89.27003,21.93634],[89.27089,21.92726],[89.27604,21.92567],[89.29458,21.91198],[89.29509,21.89685],[89.27793,21.87359],[89.28462,21.85734],[89.28514,21.8425],[89.29331,21.84165],[89.29651,21.85838],[89.30662,21.86953],[89.29149,21.87582],[89.28959,21.87832],[89.29031,21.88197],[89.31965,21.91838],[89.29514,21.93047],[89.28891,21.93885],[89.28977,21.94414],[89.29685,21.93079],[89.32074,21.91892],[89.31901,21.91348],[89.29076,21.8792],[89.30503,21.87337],[89.30818,21.86859],[89.29928,21.85764],[89.29494,21.84021],[89.28145,21.83497],[89.29733,21.8183],[89.30196,21.82579],[89.30316,21.84826],[89.31363,21.86945],[89.32788,21.88378],[89.35929,21.89812],[89.35947,21.91134],[89.34093,21.95449],[89.30556,21.99731],[89.29086,22.03311],[89.27844,22.04935],[89.2769,22.06065],[89.28153,22.07258],[89.29475,22.08531],[89.2872,22.08721],[89.26025,22.08085],[89.25115,22.0923]]]},"properties":{"set":"overview"}},{"type":"Feature","geometry":{"type":"Polygon","coordinates":[[[89.42384,22.34593],[89.4259,22.32608],[89.41011,22.30385],[89.43191,22.28574],[89.43311,22.27447],[89.41938,22.25651],[89.41388,22.2392],[89.41817,22.23522],[89.44478,22.24857],[89.46006,22.25191],[89.47791,22.27113],[89.45508,22.31465],[89.42384,22.34593]]]},"properties":{"set":"overview"}},{"type":"Feature","geometry":{"type":"Polygon","coordinates":[[[89.8554,22.03201],[89.83977,22.04935],[89.8281,22.04983],[89.8281,22.03837],[89.84424,22.01832],[89.84218,22.00384],[89.80501,21.99023],[89.83205,21.97392],[89.8451,21.95959],[89.84475,21.95322],[89.81557,21.9365],[89.80991,21.92233],[89.81643,21.91389],[89.84613,21.89653],[89.84836,21.8892],[89.84321,21.88028],[89.85007,21.87375],[89.86501,21.88187],[89.8772,21.90465],[89.87102,21.94144],[89.86261,21.96182],[89.8554,22.03201]]]},"properties":{"set":"overview"}},{"type":"Feature","geometry":{"type":"Polygon","coordinates":[[[89.70356,22.00662],[89.69701,22.00522],[89.68637,21.99265],[89.68749,21.97698],[89.6953,21.95779],[89.69169,21.93757],[89.67538,21.90014],[89.65933,21.88708],[89.66985,21.86875],[89.6668,21.8506],[89.67075,21.83849],[89.67762,21.83769],[89.68517,21.8463],[89.70783,21.84582],[89.68792,21.85251],[89.6898,21.85506],[89.69701,21.85617],[89.6937,21.86224],[89.69632,21.86498],[89.70037,21.86241],[89.69494,21.86342],[89.69839,21.85602],[89.6898,21.85347],[89.70972,21.8463],[89.70045,21.84215],[89.70182,21.83753],[89.7262,21.83275],[89.74044,21.8406],[89.74062,21.86532],[89.7322,21.87657],[89.72911,21.88915],[89.71143,21.90066],[89.71158,21.90964],[89.72689,21.92987],[89.71072,21.95411],[89.71161,21.96394],[89.72242,21.97498],[89.71228,21.9776],[89.7056,21.98428],[89.70356,22.00662]]]},"properties":{"set":"overview"}},{"type":"Feature","geometry":{"type":"Polygon","coordinates":[[[89.5905,21.8971],[89.57979,21.8898],[89.59133,21.8802],[89.59374,21.87059],[89.58087,21.86275],[89.55457,21.85687],[89.56778,21.84068],[89.6196,21.80378],[89.6368,21.81337],[89.63612,21.81038],[89.63384,21.80809],[89.62245,21.8025],[89.62992,21.79514],[89.60921,21.80968],[89.61731,21.79843],[89.61877,21.78689],[89.60971,21.76534],[89.6359,21.75729],[89.65128,21.76631],[89.66482,21.75674],[89.66627,21.76175],[89.65644,21.77631],[89.65721,21.77968],[89.65698,21.77694],[89.66589,21.76443],[89.66788,21.75733],[89.67896,21.76213],[89.68439,21.76996],[89.68767,21.76694],[89.69535,21.77193],[89.69847,21.77887],[89.69567,21.79635],[89.68356,21.80082],[89.66198,21.81932],[89.62449,21.86703],[89.62644,21.88486],[89.64604,21.91001],[89.62031,21.94573],[89.58861,21.94631],[89.5738,21.93559],[89.57945,21.93101],[89.57172,21.92985],[89.54999,21.88673],[89.55568,21.86169],[89.57608,21.86264],[89.5927,21.87106],[89.59113,21.87806],[89.57838,21.89012],[89.59111,21.89822],[89.59836,21.88932],[89.60486,21.90659],[89.60926,21.90567],[89.59937,21.88903],[89.59639,21.88908],[89.5905,21.8971]]]},"properties":{"set":"overview"}},{"type":"Feature","geometry":{"type":"Polygon","coordinates":[[[89.32762,21.8615],[89.32522,21.86134],[89.33646,21.86759],[89.32634,21.87165],[89.31624,21.86154],[89.32064,21.86103],[89.31465,21.86062],[89.31062,21.85354],[89.30941,21.84354],[89.33381,21.79121],[89.33731,21.81871],[89.3464,21.83086],[89.36407,21.87567],[89.36167,21.88294],[89.3417,21.87037],[89.35957,21.88482],[89.3274,21.8726],[89.33907,21.86871],[89.32762,21.8615]]]},"properties":{"set":"overview"}},{"type":"Feature","geometry":{"type":"Polygon","coordinates":[[[89.45646,21.82886],[89.45943,21.83227],[89.45611,21.83636],[89.46281,21.84631],[89.4246,21.84691],[89.42064,21.85044],[89.41875,21.85729],[89.42253,21.8643],[89.44501,21.86844],[89.44846,21.87142],[89.44536,21.86717],[89.42345,21.86342],[89.42223,21.85087],[89.46366,21.8504],[89.4624,21.85307],[89.4675,21.85506],[89.47152,21.89933],[89.47042,21.90245],[89.45291,21.90253],[89.44467,21.91033],[89.45686,21.93327],[89.43437,21.94314],[89.41725,21.96598],[89.41744,21.97493],[89.42474,21.98437],[89.40992,21.98674],[89.40384,21.98355],[89.40038,21.97977],[89.40071,21.97355],[89.39635,21.98045],[89.40714,21.98767],[89.43242,21.98849],[89.42529,22.04809],[89.43368,22.06119],[89.44865,22.07609],[89.46476,22.07714],[89.4845,22.08923],[89.45926,22.11754],[89.45966,22.12192],[89.4712,22.10996],[89.47103,22.11299],[89.4652,22.13159],[89.45969,22.12232],[89.46149,22.14235],[89.43592,22.1627],[89.41549,22.15698],[89.40828,22.14903],[89.41154,22.13742],[89.40897,22.12613],[89.38407,22.11691],[89.38425,22.10021],[89.393,22.08685],[89.39094,22.07762],[89.37751,22.06503],[89.37068,22.0501],[89.35403,22.03069],[89.35472,22.01],[89.36279,21.98724],[89.36279,21.95922],[89.38545,21.92228],[89.39111,21.92546],[89.38734,21.93247],[89.39643,21.94027],[89.37377,21.95014],[89.37206,21.95444],[89.37944,21.96447],[89.38871,21.96001],[89.39901,21.96304],[89.40088,21.97034],[89.40124,21.96336],[89.39094,21.95858],[89.3815,21.9632],[89.37412,21.95349],[89.39815,21.9417],[89.39918,21.93741],[89.38809,21.93177],[89.39287,21.92734],[89.39957,21.931],[89.40867,21.92954],[89.40429,21.91922],[89.40775,21.92945],[89.39372,21.92691],[89.38407,21.92044],[89.38401,21.87719],[89.34978,21.80873],[89.35067,21.80173],[89.35703,21.79779],[89.36224,21.75013],[89.36853,21.74157],[89.3714,21.74419],[89.37609,21.73268],[89.40084,21.72326],[89.42431,21.73488],[89.42521,21.74391],[89.44234,21.75539],[89.446,21.76949],[89.45279,21.76562],[89.4721,21.78937],[89.47157,21.81052],[89.45646,21.82886]],[[89.40249,21.9139],[89.41718,21.89597],[89.40193,21.91223],[89.40249,21.9139]],[[89.41804,21.89505],[89.45112,21.87508],[89.44971,21.87315],[89.42716,21.88533],[89.41804,21.89505]]]},"properties":{"set":"overview"}},{"type":"Feature","geometry":{"type":"Polygon","coordinates":[[[89.45367,21.90934],[89.50223,21.91433],[89.50867,21.94527],[89.49394,21.9716],[89.48673,22.0092],[89.47248,22.03005],[89.47024,22.04491],[89.45428,22.04914],[89.44095,22.06112],[89.43209,22.05183],[89.42938,22.04133],[89.4387,21.98992],[89.42214,21.97017],[89.43785,21.95021],[89.45289,21.94554],[89.46067,21.93855],[89.46227,21.92857],[89.4525,21.91433],[89.45367,21.90934]]]},"properties":{"set":"overview"}},{"type":"Feature","geometry":{"type":"Polygon","coordinates":[[[89.4972,22.03053],[89.51883,22.06346],[89.51557,22.07555],[89.49342,22.05646],[89.47917,22.05057],[89.48055,22.03896],[89.4972,22.03053]]]},"properties":{"set":"overview"}},{"type":"Feature","geometry":{"type":"Polygon","coordinates":[[[89.47176,22.04774],[89.51148,22.0764],[89.5064,22.08453],[89.48883,22.08905],[89.46924,22.07476],[89.44339,22.06495],[89.45365,22.05203],[89.47176,22.04774]]]},"properties":{"set":"overview"}},{"type":"Feature","geometry":{"type":"Polygon","coordinates":[[[89.54608,21.88324],[89.56942,21.9354],[89.5602,21.93934],[89.54338,21.95987],[89.54873,21.91931],[89.54608,21.88324]]]},"properties":{"set":"overview"}},{"type":"Feature","geometry":{"type":"Polygon","coordinates":[[[89.57251,21.94205],[89.58211,21.94998],[89.58181,21.95432],[89.56128,21.97559],[89.59436,21.99281],[89.60294,22.00124],[89.60706,22.01413],[89.59995,22.02451],[89.5681,22.03652],[89.55213,21.98883],[89.54887,21.96097],[89.56615,21.94289],[89.57251,21.94205]]]},"properties":{"set":"overview"}},{"type":"Feature","geometry":{"type":"Polygon","coordinates":[[[89.45639,22.2457],[89.41953,22.22975],[89.41736,22.22712],[89.40631,22.24257],[89.41146,22.25808],[89.39325,22.26197],[89.38434,22.26919],[89.37761,22.25727],[89.3698,22.26779],[89.3599,22.26919],[89.33994,22.25426],[89.35645,22.24962],[89.35757,22.2422],[89.34831,22.23514],[89.34559,22.21773],[89.33163,22.21209],[89.32523,22.19244],[89.33699,22.1795],[89.34052,22.15523],[89.32901,22.13458],[89.33377,22.1277],[89.34324,22.13593],[89.35086,22.13577],[89.35414,22.12973],[89.35115,22.11743],[89.37382,22.09903],[89.37888,22.10042],[89.37696,22.11358],[89.38055,22.12018],[89.40469,22.12951],[89.37578,22.13702],[89.38371,22.15619],[89.36935,22.15857],[89.3689,22.16388],[89.36987,22.15968],[89.38514,22.15712],[89.37786,22.13759],[89.40553,22.13344],[89.40543,22.15363],[89.42782,22.16563],[89.41467,22.18124],[89.41126,22.19402],[89.3905,22.20062],[89.40204,22.20938],[89.39197,22.21758],[89.39204,22.22225],[89.40089,22.22388],[89.40911,22.21951],[89.41406,22.22313],[89.41001,22.21823],[89.39371,22.22039],[89.40594,22.20982],[89.39345,22.20113],[89.41406,22.19671],[89.41726,22.18244],[89.43527,22.1669],[89.44545,22.16302],[89.46085,22.14724],[89.46257,22.15187],[89.45619,22.1539],[89.45389,22.16079],[89.44152,22.16872],[89.44223,22.17462],[89.43325,22.18213],[89.43779,22.18555],[89.43437,22.1817],[89.44284,22.17559],[89.44171,22.16993],[89.45506,22.16109],[89.45746,22.15404],[89.46331,22.15314],[89.47027,22.16103],[89.45448,22.20592],[89.45982,22.24327],[89.45639,22.2457]]]},"properties":{"set":"overview"}},{"type":"Feature","geometry":{"type":"Polygon","coordinates":[[[89.47326,22.15798],[89.46605,22.15512],[89.46897,22.14765],[89.47756,22.1486],[89.47326,22.15798]]]},"properties":{"set":"overview"}},{"type":"Feature","geometry":{"type":"Polygon","coordinates":[[[89.49541,22.12793],[89.48099,22.14209],[89.47155,22.13891],[89.46932,22.12841],[89.48648,22.0931],[89.50897,22.08642],[89.50125,22.10169],[89.49541,22.12793]]]},"properties":{"set":"overview"}},{"type":"Feature","geometry":{"type":"Polygon","coordinates":[[[89.64414,21.90004],[89.63009,21.87944],[89.63239,21.87039],[89.65189,21.85835],[89.65893,21.8697],[89.64414,21.90004]]]},"properties":{"set":"overview"}},{"type":"Feature","geometry":{"type":"Polygon","coordinates":[[[89.57164,22.045],[89.56854,22.03788],[89.5926,22.02775],[89.60488,22.03279],[89.60939,22.03217],[89.61557,22.02565],[89.63875,22.03185],[89.6372,22.02915],[89.61557,22.02453],[89.60836,22.0309],[89.59904,22.02807],[89.60819,22.01881],[89.60716,22.00528],[89.59291,21.98857],[89.56373,21.97392],[89.5857,21.95115],[89.60933,21.95286],[89.62465,21.94886],[89.64375,21.96323],[89.64474,21.98294],[89.62494,21.97933],[89.62124,22.00146],[89.62639,22.00512],[89.63943,21.99239],[89.65339,22.00341],[89.65986,22.02024],[89.65177,22.038],[89.65698,22.05298],[89.6662,22.05439],[89.65917,22.07131],[89.6487,22.06797],[89.64561,22.07115],[89.64956,22.08038],[89.64905,22.0974],[89.63531,22.0966],[89.62999,22.09994],[89.62827,22.09485],[89.61425,22.09123],[89.62561,22.08801],[89.62335,22.08768],[89.62245,22.08842],[89.62021,22.08797],[89.61467,22.09019],[89.61506,22.08395],[89.61365,22.08207],[89.61384,22.09106],[89.59451,22.0834],[89.57185,22.04652],[89.59087,22.03844],[89.59053,22.0374],[89.57164,22.045]],[[89.59107,22.03904],[89.58917,22.05264],[89.60101,22.05316],[89.58979,22.05087],[89.59382,22.04125],[89.59562,22.04298],[89.59731,22.0425],[89.59969,22.04558],[89.60064,22.04011],[89.5997,22.04548],[89.59911,22.04418],[89.59726,22.0423],[89.59679,22.04226],[89.596,22.04286],[89.59561,22.04274],[89.59545,22.04141],[89.59385,22.04038],[89.59396,22.03952],[89.59359,22.0378],[89.59335,22.0384],[89.59384,22.0394],[89.59371,22.0403],[89.59401,22.04084],[89.59232,22.0428],[89.59107,22.03904]],[[89.60283,22.05353],[89.5997,22.07402],[89.6015,22.07505],[89.60378,22.05373],[89.60283,22.05353]],[[89.60541,22.0773],[89.60618,22.07774],[89.60743,22.07414],[89.60959,22.06528],[89.60932,22.06551],[89.60916,22.06691],[89.60859,22.0679],[89.60605,22.07748],[89.60541,22.0773]],[[89.60621,22.07775],[89.6136,22.082],[89.6086,22.07531],[89.61303,22.0724],[89.62163,22.07827],[89.61854,22.0813],[89.62325,22.08363],[89.6253,22.08165],[89.62388,22.08207],[89.62334,22.08256],[89.62307,22.08341],[89.62166,22.07794],[89.61321,22.07203],[89.61221,22.07205],[89.60842,22.07508],[89.607,22.07795],[89.60621,22.07775]]]},"properties":{"set":"overview"}},{"type":"Feature","geometry":{"type":"Polygon","coordinates":[[[89.87819,22.0767],[89.88556,22.08498],[89.88723,22.09709],[89.87525,22.0843],[89.87819,22.0767]]]},"properties":{"set":"overview"}},{"type":"Feature","geometry":{"type":"Polygon","coordinates":[[[89.34603,21.97331],[89.349,21.98545],[89.33879,22.01487],[89.34013,22.03013],[89.36066,22.05146],[89.3839,22.08904],[89.36653,22.09629],[89.35904,22.10689],[89.34736,22.11362],[89.34795,22.13151],[89.33287,22.1234],[89.32485,22.12844],[89.32596,22.14039],[89.33651,22.15231],[89.33126,22.18059],[89.32343,22.18346],[89.31159,22.1675],[89.28959,22.15207],[89.27725,22.11561],[89.31812,22.10765],[89.32488,22.0854],[89.34377,22.06394],[89.34321,22.05898],[89.32299,22.08368],[89.31671,22.10693],[89.27719,22.11366],[89.26459,22.09131],[89.28257,22.09928],[89.29829,22.09822],[89.30746,22.0744],[89.32917,22.05768],[89.33814,22.05567],[89.3432,22.05884],[89.34285,22.05574],[89.33121,22.05462],[89.30442,22.07272],[89.28923,22.06123],[89.32445,21.99381],[89.34603,21.97331]]]},"properties":{"set":"overview"}},{"type":"Feature","geometry":{"type":"Polygon","coordinates":[[[88.504,21.76344],[88.52391,21.77389],[88.53591,21.79332],[88.54148,21.78712],[88.55018,21.78889],[88.56221,21.78296],[88.57184,21.78799],[88.55689,21.80682],[88.54168,21.81087],[88.51277,21.78651],[88.504,21.76344]]]},"properties":{"set":"overview"}},{"type":"Feature","geometry":{"type":"Polygon","coordinates":[[[88.50188,21.77751],[88.50641,21.78358],[88.50722,21.78777],[88.49922,21.78024],[88.50188,21.77751]]]},"properties":{"set":"overview"}},{"type":"Feature","geometry":{"type":"Polygon","coordinates":[[[88.36439,21.73232],[88.38555,21.74035],[88.38988,21.75831],[88.38534,21.76359],[88.37764,21.76568],[88.36738,21.7562],[88.36114,21.74476],[88.36114,21.73509],[88.35934,21.74612],[88.37032,21.76333],[88.35459,21.76395],[88.34467,21.75409],[88.34955,21.72],[88.34002,21.7133],[88.35064,21.69283],[88.35977,21.68755],[88.39043,21.70509],[88.39443,21.71417],[88.38842,21.71837],[88.37062,21.71716],[88.36302,21.72358],[88.36131,21.73402],[88.36439,21.73232]]]},"properties":{"set":"overview"}},{"type":"Feature","geometry":{"type":"Polygon","coordinates":[[[89.02167,22.14936],[89.01413,22.16495],[89.01368,22.19505],[88.99726,22.19925],[88.9734,22.19442],[88.97593,22.17144],[88.99447,22.14821],[88.99701,22.12371],[88.99593,22.12413],[88.9792,22.07648],[88.9635,22.06033],[88.96596,22.05561],[88.96238,22.05112],[88.96379,22.05599],[88.95949,22.05946],[88.93754,22.05955],[88.94811,22.04289],[88.94784,22.04274],[88.93688,22.05888],[88.93385,22.04635],[88.93735,22.01936],[88.94604,22.00512],[88.95136,22.00356],[88.95644,22.0085],[88.95593,22.00623],[88.95196,22.00341],[88.95004,22.00321],[88.94656,22.00436],[88.96728,21.99474],[88.97217,21.98905],[88.97513,22.00497],[88.96535,22.01771],[88.96021,22.01322],[88.95367,22.01555],[88.95442,22.01672],[88.96084,22.01409],[88.97693,22.03861],[88.96153,22.04818],[88.96233,22.05093],[88.97821,22.03986],[88.98439,22.04626],[88.98427,22.05712],[88.98894,22.05632],[88.9848,22.05536],[88.98557,22.04579],[88.96804,22.01528],[88.97914,22.00515],[88.97434,21.99381],[88.97719,21.99248],[89.00073,22.00839],[88.99953,22.0113],[88.99368,22.00718],[88.9904,22.00812],[88.98959,22.01955],[88.99191,22.0081],[88.99869,22.0121],[89.00165,22.01088],[89.00117,22.00741],[88.98289,21.9928],[88.97652,21.99119],[88.98972,21.9858],[88.9923,21.97402],[89.00404,21.98769],[89.01837,21.9968],[89.03039,21.9993],[89.02214,21.9997],[89.01939,22.00173],[89.02375,22.01139],[89.0227,22.01964],[89.01782,22.02155],[89.02242,22.02107],[89.02392,22.01923],[89.02485,22.01102],[89.02084,22.0029],[89.0224,22.00083],[89.03135,22.00214],[89.04342,22.0145],[89.0674,22.01252],[89.04697,22.03485],[89.03741,22.03488],[89.02404,22.04202],[89.02019,22.03975],[89.02216,22.04249],[89.02477,22.0427],[89.02956,22.04115],[89.03703,22.03576],[89.0434,22.03721],[89.04717,22.03581],[89.03944,22.04942],[89.01697,22.05074],[89.01508,22.06284],[89.00837,22.0511],[89.00171,22.05925],[88.99864,22.05855],[89.00162,22.05991],[89.00834,22.05228],[89.01518,22.06414],[89.0173,22.0517],[89.02663,22.05272],[89.02739,22.07735],[89.01245,22.07772],[89.00464,22.08489],[88.99729,22.08018],[88.98883,22.08622],[88.99981,22.09242],[88.99453,22.10152],[89.00412,22.10656],[89.00382,22.1203],[89.00575,22.11951],[89.00479,22.10653],[88.99524,22.10117],[89.00055,22.09209],[88.98975,22.08643],[88.99717,22.08122],[89.00481,22.08587],[89.01261,22.07886],[89.02793,22.07897],[89.02751,22.05385],[89.0379,22.05338],[89.03128,22.08768],[89.03585,22.10915],[89.02085,22.11051],[89.01487,22.11323],[89.01668,22.11611],[89.02967,22.12205],[89.00896,22.14144],[89.03095,22.12153],[89.0292,22.11962],[89.01648,22.11485],[89.01987,22.11202],[89.03631,22.11059],[89.05005,22.13113],[89.00948,22.15268],[89.0107,22.16103],[88.99909,22.16049],[88.99908,22.16872],[88.99234,22.1708],[88.99696,22.17055],[88.99907,22.16964],[88.9997,22.1681],[88.99929,22.16102],[89.00796,22.16222],[89.0112,22.1616],[89.01181,22.16015],[89.00992,22.15323],[89.02167,22.14936]],[[88.95773,22.02185],[88.95859,22.0232],[88.95028,22.02295],[88.951,22.0239],[88.95917,22.02364],[88.95773,22.02185]],[[88.96132,22.0381],[88.95231,22.04524],[88.95001,22.04395],[88.95216,22.04542],[88.96159,22.03846],[88.96132,22.0381]]]},"properties":{"set":"overview"}},{"type":"Feature","geometry":{"type":"Polygon","coordinates":[[[88.92343,22.12246],[88.9319,22.09916],[88.90909,22.07889],[88.90149,22.06504],[88.91027,22.04836],[88.90848,22.03489],[88.91633,22.01262],[88.91354,21.99272],[88.91849,21.98148],[88.93486,21.99135],[88.92407,22.02349],[88.9221,22.06],[88.937,22.07295],[88.96604,22.07779],[88.96331,22.09135],[88.95679,22.09573],[88.9554,22.10145],[88.95202,22.10251],[88.95118,22.10458],[88.96315,22.10724],[88.96701,22.11367],[88.96337,22.10675],[88.95166,22.10381],[88.95606,22.10178],[88.95701,22.0967],[88.96322,22.09273],[88.96863,22.0827],[88.98317,22.11963],[88.96674,22.12395],[88.96784,22.12831],[88.96768,22.12432],[88.97684,22.12305],[88.98364,22.12114],[88.98584,22.13824],[88.98162,22.13206],[88.9782,22.13181],[88.96894,22.142],[88.96964,22.15542],[88.96332,22.15953],[88.95826,22.15776],[88.96314,22.16031],[88.97014,22.15603],[88.96977,22.14289],[88.98031,22.13232],[88.98497,22.1481],[88.96754,22.16706],[88.96058,22.18948],[88.94264,22.19058],[88.94584,22.18241],[88.9264,22.17579],[88.92568,22.16499],[88.91982,22.16083],[88.92269,22.15913],[88.89525,22.17175],[88.89444,22.16429],[88.90701,22.14951],[88.90925,22.13421],[88.92155,22.12481],[88.93816,22.12712],[88.92343,22.12246]],[[88.93919,22.12745],[88.92987,22.13633],[88.93072,22.1372],[88.94058,22.12789],[88.93919,22.12745]],[[88.93271,22.13927],[88.93608,22.14276],[88.92932,22.14611],[88.93007,22.15139],[88.92995,22.1462],[88.93679,22.14318],[88.93271,22.13927]],[[88.93028,22.15287],[88.93057,22.1549],[88.92343,22.15101],[88.92344,22.15337],[88.93036,22.15551],[88.93475,22.15193],[88.93616,22.15574],[88.93618,22.15297],[88.93532,22.15183],[88.93366,22.15201],[88.93165,22.15396],[88.93028,22.15287]],[[88.92345,22.15562],[88.92347,22.15867],[88.92469,22.15795],[88.92345,22.15562]]]},"properties":{"set":"overview"}},{"type":"Feature","geometry":{"type":"Polygon","coordinates":[[[88.8927,22.05925],[88.89293,22.07343],[88.90477,22.0863],[88.89643,22.08938],[88.88225,22.08406],[88.86988,22.08707],[88.87113,22.06376],[88.8927,22.05925]]]},"properties":{"set":"overview"}},{"type":"Feature","geometry":{"type":"Polygon","coordinates":[[[88.86353,22.02848],[88.87256,22.02581],[88.87683,22.01508],[88.90069,22.01827],[88.90337,22.04882],[88.88606,22.05791],[88.89196,22.04974],[88.89011,22.04583],[88.85218,22.04286],[88.86353,22.02848]]]},"properties":{"set":"overview"}},{"type":"Feature","geometry":{"type":"Polygon","coordinates":[[[88.72069,21.63734],[88.71491,21.61975],[88.7084,21.61364],[88.71045,21.59258],[88.71527,21.58426],[88.73403,21.57597],[88.7353,21.58323],[88.7444,21.58343],[88.75011,21.59039],[88.75297,21.58355],[88.78523,21.58319],[88.79243,21.58747],[88.79465,21.59733],[88.7815,21.5962],[88.77704,21.6071],[88.77015,21.60563],[88.77426,21.60777],[88.77774,21.60744],[88.7812,21.59717],[88.78973,21.6016],[88.77256,21.61955],[88.76947,21.63298],[88.7749,21.64351],[88.76954,21.65405],[88.72948,21.64032],[88.73603,21.61195],[88.75826,21.5998],[88.75588,21.59742],[88.75721,21.59903],[88.73582,21.60986],[88.72829,21.63852],[88.72069,21.63734]]]},"properties":{"set":"overview"}},{"type":"Feature","geometry":{"type":"Polygon","coordinates":[[[88.75065,21.64846],[88.70705,21.68043],[88.69673,21.70429],[88.68982,21.68346],[88.69991,21.66937],[88.71142,21.66309],[88.72075,21.63876],[88.75065,21.64846]]]},"properties":{"set":"overview"}},{"type":"Feature","geometry":{"type":"Polygon","coordinates":[[[89.01756,21.92722],[88.99566,21.94109],[88.99059,21.95141],[88.99637,21.96286],[89.01364,21.97663],[89.01277,21.98051],[89.00798,21.98141],[88.99269,21.96977],[88.98738,21.9742],[88.987,21.98417],[88.97293,21.9871],[88.96635,21.98435],[88.97251,21.98763],[88.96717,21.99399],[88.94695,22.00157],[88.94701,21.98621],[88.94176,21.97545],[88.9266,21.96126],[88.93735,21.93596],[88.96592,21.92308],[88.97021,21.92889],[88.95906,21.93719],[88.95941,21.94614],[88.96284,21.93565],[88.97522,21.93968],[88.97676,21.95892],[88.96263,21.96227],[88.96914,21.97231],[88.96504,21.97482],[88.97005,21.97215],[88.96332,21.96282],[88.97784,21.95922],[88.97728,21.94056],[88.96461,21.93506],[88.97174,21.92912],[88.96835,21.92129],[88.99492,21.9063],[89.01286,21.90311],[89.02131,21.91998],[89.01756,21.92722]],[[88.95838,21.97889],[88.95731,21.97955],[88.95869,21.98028],[88.95838,21.97889]]]},"properties":{"set":"overview"}},{"type":"Feature","geometry":{"type":"Polygon","coordinates":[[[89.0676,22.01126],[89.04222,22.01314],[89.03137,21.99727],[89.01988,21.99528],[89.00523,21.98605],[89.01595,21.98362],[89.01845,21.97693],[89.00042,21.95552],[89.00035,21.94853],[89.03087,21.92687],[89.04955,21.92958],[89.04142,21.93216],[89.04106,21.94478],[89.04218,21.93421],[89.05178,21.93069],[89.06003,21.93264],[89.06748,21.94639],[89.07165,21.96748],[89.0698,21.98386],[89.05214,21.98385],[89.06373,21.98559],[89.06949,21.98502],[89.07084,21.98303],[89.07215,21.96993],[89.07694,21.98958],[89.0676,22.01126]]]},"properties":{"set":"overview"}},{"type":"Feature","geometry":{"type":"Polygon","coordinates":[[[88.8932,21.91579],[88.89182,21.9077],[88.89811,21.91071],[88.9011,21.90833],[88.89435,21.90099],[88.91425,21.88979],[88.92015,21.89772],[88.93352,21.89851],[88.93722,21.89596],[88.93641,21.88267],[88.9499,21.88615],[88.9586,21.87018],[88.952,21.86284],[88.95545,21.8534],[88.96444,21.86332],[88.97689,21.86762],[88.96572,21.88924],[88.972,21.89779],[88.92014,21.92502],[88.8932,21.91579]]]},"properties":{"set":"overview"}},{"type":"Feature","geometry":{"type":"Polygon","coordinates":[[[88.92228,21.76101],[88.92922,21.73836],[88.92318,21.72002],[88.94968,21.70293],[88.97217,21.69859],[88.9831,21.70593],[88.96878,21.72175],[88.97691,21.73459],[88.98712,21.74113],[88.98638,21.74548],[88.96834,21.73889],[88.96381,21.75216],[88.92228,21.76101]]]},"properties":{"set":"overview"}},{"type":"Feature","geometry":{"type":"Polygon","coordinates":[[[88.8901,21.91383],[88.88582,21.91044],[88.88654,21.91465],[88.87488,21.91686],[88.84888,21.9113],[88.82035,21.92798],[88.82429,21.91526],[88.84019,21.90634],[88.85699,21.88771],[88.85371,21.88832],[88.85466,21.86917],[88.86816,21.86475],[88.86739,21.87352],[88.86971,21.86472],[88.86012,21.86382],[88.857,21.85902],[88.87749,21.85414],[88.88212,21.83091],[88.89132,21.83605],[88.88633,21.84976],[88.90181,21.85101],[88.9146,21.84576],[88.9146,21.84474],[88.90195,21.85023],[88.88707,21.84914],[88.8929,21.8348],[88.88325,21.82998],[88.8806,21.8213],[88.887,21.81265],[88.91375,21.82732],[88.92238,21.82444],[88.91527,21.82573],[88.88318,21.80635],[88.8958,21.78839],[88.90486,21.7946],[88.90185,21.78948],[88.89774,21.78709],[88.90105,21.77773],[88.89519,21.75338],[88.91094,21.75461],[88.92257,21.78726],[88.91769,21.79256],[88.92662,21.79845],[88.92711,21.80571],[88.93701,21.81647],[88.93511,21.82212],[88.9227,21.82438],[88.92319,21.83652],[88.93191,21.83836],[88.93462,21.84318],[88.93263,21.83656],[88.92472,21.83499],[88.92648,21.8238],[88.93564,21.8235],[88.93839,21.81611],[88.92856,21.80528],[88.92759,21.79732],[88.9197,21.79167],[88.92424,21.78682],[88.91352,21.75687],[88.92228,21.76645],[88.94753,21.7645],[88.96085,21.77076],[88.95908,21.77538],[88.94165,21.78115],[88.93881,21.79083],[88.95295,21.80768],[88.96996,21.80295],[88.97593,21.82055],[88.95336,21.82526],[88.94036,21.84728],[88.93579,21.84526],[88.93871,21.85044],[88.92718,21.85236],[88.93991,21.85346],[88.94768,21.84114],[88.95243,21.85197],[88.95002,21.86292],[88.95638,21.86931],[88.94863,21.88488],[88.9361,21.88135],[88.93344,21.89716],[88.92111,21.89698],[88.91413,21.88883],[88.89364,21.90041],[88.90014,21.90898],[88.89207,21.90668],[88.8901,21.91383]],[[88.92677,21.85243],[88.91459,21.85446],[88.9146,21.84693],[88.91298,21.85441],[88.92048,21.85502],[88.91526,21.86099],[88.91383,21.87903],[88.90472,21.87819],[88.8938,21.89391],[88.88279,21.90002],[88.87971,21.89272],[88.86911,21.89817],[88.87056,21.90263],[88.87446,21.89905],[88.87784,21.90354],[88.88451,21.90293],[88.8853,21.90746],[88.88499,21.90214],[88.87844,21.90274],[88.87406,21.89795],[88.87087,21.90168],[88.87022,21.89846],[88.87913,21.89378],[88.8798,21.90039],[88.88353,21.90083],[88.8948,21.89452],[88.90544,21.87912],[88.91446,21.88036],[88.91769,21.86082],[88.92677,21.85243]]]},"properties":{"set":"overview"}},{"type":"Feature","geometry":{"type":"Polygon","coordinates":[[[88.81561,21.8998],[88.80829,21.88569],[88.80902,21.89595],[88.8143,21.90194],[88.80091,21.91686],[88.78766,21.90621],[88.79959,21.9186],[88.78772,21.91694],[88.77242,21.92366],[88.77236,21.91579],[88.77035,21.91564],[88.77145,21.91614],[88.77112,21.92507],[88.75519,21.92673],[88.7372,21.9175],[88.72244,21.93101],[88.71791,21.91347],[88.72493,21.90314],[88.7483,21.89798],[88.75489,21.8859],[88.74911,21.8885],[88.74828,21.89606],[88.72669,21.89892],[88.71736,21.9053],[88.6981,21.8497],[88.70284,21.85736],[88.71254,21.85472],[88.7277,21.85973],[88.72998,21.87152],[88.73017,21.86541],[88.74534,21.85992],[88.75199,21.85227],[88.75894,21.85957],[88.76921,21.85394],[88.78009,21.85924],[88.77439,21.86501],[88.7655,21.86589],[88.77457,21.8662],[88.77194,21.87543],[88.75649,21.87926],[88.75657,21.88283],[88.7578,21.88057],[88.76718,21.87934],[88.76756,21.88227],[88.77654,21.86935],[88.78711,21.87896],[88.79241,21.87846],[88.79336,21.87274],[88.78691,21.86625],[88.78938,21.86478],[88.78579,21.86624],[88.79254,21.87313],[88.7898,21.87859],[88.77683,21.86661],[88.7824,21.85957],[88.77147,21.85325],[88.77105,21.84698],[88.78417,21.84284],[88.79068,21.85311],[88.80037,21.85572],[88.80402,21.84952],[88.82312,21.85093],[88.82091,21.84076],[88.82102,21.85031],[88.80312,21.84833],[88.79963,21.85455],[88.79131,21.85235],[88.78521,21.84173],[88.77417,21.84557],[88.76883,21.84254],[88.76585,21.82794],[88.78719,21.8241],[88.79475,21.81065],[88.79504,21.7996],[88.78877,21.79597],[88.79437,21.79118],[88.82073,21.82534],[88.82091,21.8402],[88.8293,21.86173],[88.82143,21.87127],[88.81429,21.86981],[88.82277,21.87219],[88.83014,21.86495],[88.8397,21.8793],[88.83996,21.88816],[88.82843,21.89823],[88.81561,21.8998]],[[88.80558,21.86803],[88.80239,21.86738],[88.80195,21.87006],[88.80558,21.86803]],[[88.80153,21.87266],[88.80067,21.87792],[88.79102,21.86412],[88.78972,21.86465],[88.79838,21.87796],[88.80735,21.88388],[88.80153,21.87266]],[[88.76775,21.8838],[88.76925,21.89559],[88.75738,21.90978],[88.75882,21.91043],[88.75834,21.9088],[88.76705,21.90333],[88.77109,21.88944],[88.76775,21.8838]],[[88.76114,21.91148],[88.76552,21.91346],[88.76556,21.91054],[88.76114,21.91148]]]},"properties":{"set":"overview"}},{"type":"Feature","geometry":{"type":"Polygon","coordinates":[[[88.99523,21.81236],[88.98998,21.79054],[89.01093,21.78066],[88.98953,21.78866],[88.95121,21.7575],[88.96568,21.75255],[88.96903,21.74044],[88.98296,21.74777],[88.98798,21.74666],[88.98897,21.73986],[88.97695,21.72829],[88.99353,21.72356],[89.00301,21.71594],[89.01486,21.71855],[89.01335,21.73219],[89.00097,21.74542],[88.99622,21.76533],[88.99802,21.77207],[89.01114,21.78057],[89.01304,21.77967],[88.99871,21.76719],[89.01479,21.76595],[89.02218,21.75966],[89.01291,21.78907],[89.01577,21.81188],[88.99523,21.81236]]]},"properties":{"set":"overview"}},{"type":"Feature","geometry":{"type":"Polygon","coordinates":[[[88.96938,21.89085],[88.98012,21.8677],[88.9654,21.85929],[88.95552,21.84731],[88.95057,21.83941],[88.95378,21.83048],[88.95734,21.82655],[88.96372,21.82728],[88.97115,21.84231],[88.96527,21.82796],[88.97966,21.82119],[88.97634,21.80389],[88.9679,21.79898],[88.95368,21.80271],[88.94259,21.78496],[88.95488,21.78414],[88.95775,21.79245],[88.95761,21.78662],[88.95697,21.7853],[88.95558,21.78383],[88.97277,21.7759],[88.98651,21.79084],[88.99216,21.81268],[88.99699,21.81542],[88.99357,21.82274],[88.98453,21.82449],[88.99284,21.82409],[89.00343,21.8132],[89.01805,21.81723],[89.02889,21.83344],[89.02896,21.84389],[89.00918,21.85117],[88.99672,21.87024],[88.9915,21.86706],[88.98861,21.87003],[88.99838,21.87111],[89.0045,21.86392],[89.00642,21.85609],[89.0153,21.85025],[89.02797,21.85085],[89.02914,21.86476],[88.98301,21.89161],[88.96938,21.89085]],[[88.98413,21.82457],[88.98247,21.82489],[88.98803,21.83442],[88.98919,21.8347],[88.98413,21.82457]],[[88.98458,21.83358],[88.97757,21.83145],[88.97628,21.83451],[88.97794,21.83195],[88.98458,21.83358]],[[88.97292,21.84245],[88.97214,21.8443],[88.97344,21.84693],[88.97292,21.84245]]]},"properties":{"set":"overview"}},{"type":"Feature","geometry":{"type":"Polygon","coordinates":[[[89.03213,21.72145],[89.0554,21.72441],[89.0553,21.72875],[89.03583,21.73961],[89.02925,21.73123],[89.029,21.73456],[89.03756,21.74142],[89.01535,21.76373],[88.99973,21.76265],[89.00248,21.74822],[89.01707,21.73164],[89.01739,21.71898],[89.03008,21.72059],[89.02927,21.73104],[89.03213,21.72145]]]},"properties":{"set":"overview"}},{"type":"Feature","geometry":{"type":"Polygon","coordinates":[[[89.00298,21.65263],[89.00782,21.65282],[89.0135,21.65812],[89.00614,21.65742],[89.00298,21.65263]]]},"properties":{"set":"overview"}},{"type":"Feature","geometry":{"type":"Polygon","coordinates":[[[89.08191,21.67697],[89.07956,21.67389],[89.08076,21.67683],[89.07454,21.68933],[89.05612,21.68797],[89.06512,21.68908],[89.05862,21.70147],[89.06756,21.69026],[89.06923,21.70128],[89.05815,21.7217],[89.02357,21.71632],[89.02095,21.70913],[89.01079,21.70727],[89.01026,21.70383],[89.01914,21.70255],[89.02424,21.69712],[89.02642,21.68754],[89.02119,21.66281],[89.032,21.65547],[89.02654,21.65821],[89.02645,21.64398],[89.02869,21.63595],[89.03284,21.63466],[89.03553,21.63737],[89.03535,21.63295],[89.0511,21.62147],[89.07609,21.62638],[89.08489,21.635],[89.07636,21.64201],[89.08447,21.63695],[89.08528,21.63513],[89.08492,21.63349],[89.09131,21.63768],[89.09187,21.66501],[89.08817,21.67827],[89.08191,21.67697]],[[89.03666,21.63851],[89.03986,21.64174],[89.06465,21.64461],[89.06298,21.65164],[89.06925,21.65878],[89.06413,21.65981],[89.06821,21.66043],[89.07018,21.65751],[89.0636,21.65172],[89.06481,21.64382],[89.03666,21.63851]],[[89.06037,21.66057],[89.05809,21.66103],[89.06342,21.66457],[89.06138,21.66828],[89.06379,21.66431],[89.06037,21.66057]],[[89.06073,21.66944],[89.06053,21.66981],[89.06851,21.67526],[89.06882,21.67483],[89.06073,21.66944]],[[89.07011,21.67304],[89.0724,21.66985],[89.07182,21.66982],[89.07011,21.67304]],[[89.07243,21.66985],[89.07779,21.67157],[89.07665,21.67008],[89.07243,21.66985]],[[89.03488,21.65401],[89.04222,21.65937],[89.04636,21.6702],[89.04776,21.67045],[89.04305,21.65923],[89.03576,21.65357],[89.03488,21.65401]],[[89.0439,21.66977],[89.03471,21.6673],[89.03296,21.67201],[89.03408,21.67248],[89.03443,21.66811],[89.0439,21.66977]],[[89.03468,21.67273],[89.03873,21.67442],[89.03906,21.677],[89.0392,21.67404],[89.03468,21.67273]],[[89.03977,21.6826],[89.04003,21.68463],[89.04563,21.68086],[89.05186,21.68744],[89.05435,21.68775],[89.04513,21.68025],[89.03977,21.6826]]]},"properties":{"set":"overview"}},{"type":"Feature","geometry":{"type":"Polygon","coordinates":[[[88.99123,21.70402],[88.996,21.67248],[88.98992,21.66415],[88.99021,21.65363],[89.00205,21.65234],[89.00576,21.6575],[89.0179,21.66118],[89.02246,21.69183],[89.01905,21.6988],[89.00641,21.70531],[89.00851,21.70965],[89.01951,21.7132],[89.01449,21.7173],[89.00207,21.71503],[88.99178,21.72282],[88.97601,21.7268],[88.97117,21.71997],[88.99123,21.70402]]]},"properties":{"set":"overview"}},{"type":"Feature","geometry":{"type":"Polygon","coordinates":[[[88.9514,21.70074],[88.96317,21.66238],[88.9635,21.6546],[88.96226,21.66334],[88.95509,21.67668],[88.94099,21.64694],[88.94174,21.63978],[88.9579,21.62047],[88.99055,21.61585],[88.99501,21.62621],[88.99219,21.64273],[88.97109,21.64206],[88.98245,21.64584],[88.99285,21.6438],[88.99978,21.60428],[89.02238,21.60597],[89.03385,21.6124],[89.03569,21.61641],[89.03452,21.62422],[89.02606,21.62763],[89.02104,21.63782],[89.02189,21.65364],[88.99532,21.6488],[88.98756,21.65321],[88.98765,21.66498],[88.99343,21.67387],[88.98659,21.70377],[88.97308,21.69748],[88.9514,21.70074]],[[88.96845,21.64198],[88.9653,21.64188],[88.96496,21.64429],[88.96845,21.64198]]]},"properties":{"set":"overview"}},{"type":"Feature","geometry":{"type":"Polygon","coordinates":[[[88.58358,21.8752],[88.58111,21.86941],[88.58314,21.86555],[88.58469,21.86974],[88.58358,21.8752]]]},"properties":{"set":"overview"}},{"type":"Feature","geometry":{"type":"Polygon","coordinates":[[[88.75249,22.05268],[88.76194,22.02234],[88.78007,22.02189],[88.79152,22.03034],[88.77883,22.03697],[88.78021,22.04582],[88.77501,22.05014],[88.75249,22.05268]]]},"properties":{"set":"overview"}},{"type":"Feature","geometry":{"type":"Polygon","coordinates":[[[88.69344,21.96952],[88.71492,22.00102],[88.6997,22.00434],[88.67501,22.01858],[88.65646,22.01785],[88.64751,22.00572],[88.65041,22.00356],[88.63489,21.99577],[88.62853,21.96552],[88.63458,21.95205],[88.65691,21.95545],[88.6783,21.94406],[88.68532,21.95276],[88.66947,21.95145],[88.66506,21.95833],[88.66632,21.96589],[88.65652,21.96341],[88.6499,21.97335],[88.65674,21.96388],[88.66358,21.96699],[88.66683,21.96655],[88.67031,21.95203],[88.68462,21.9549],[88.69253,21.96228],[88.69268,21.9675],[88.68485,21.97344],[88.69195,21.98471],[88.68395,21.99284],[88.67991,21.99302],[88.67708,21.98347],[88.67457,21.98248],[88.67934,21.9935],[88.68484,21.99344],[88.69294,21.9851],[88.68609,21.97356],[88.69344,21.96952]],[[88.67402,21.98227],[88.67168,21.98134],[88.6623,21.98421],[88.66011,21.99539],[88.65293,21.99881],[88.6521,22.0023],[88.6601,21.99633],[88.66258,21.98484],[88.67402,21.98227]]]},"properties":{"set":"overview"}},{"type":"Feature","geometry":{"type":"Polygon","coordinates":[[[88.7602,21.9973],[88.75372,21.98798],[88.76327,21.98652],[88.77638,21.9912],[88.78541,21.98435],[88.78223,21.97459],[88.80529,21.97075],[88.83902,21.98027],[88.84489,21.97303],[88.84046,21.94806],[88.84441,21.9402],[88.86875,21.93205],[88.87386,21.92298],[88.88988,21.92131],[88.9067,21.92868],[88.90007,21.94402],[88.89608,21.94517],[88.9004,21.94524],[88.90471,21.93914],[88.90651,21.9716],[88.88921,21.96674],[88.90516,21.97432],[88.90185,22.01069],[88.87875,22.01116],[88.86953,22.0153],[88.86705,22.0055],[88.85218,22.00756],[88.85103,22.00792],[88.86664,22.0068],[88.86683,22.01496],[88.87038,22.0172],[88.86705,22.02403],[88.8526,22.01774],[88.81427,22.01967],[88.80181,22.02932],[88.77937,22.01585],[88.76304,22.01512],[88.7602,21.9973]]]},"properties":{"set":"overview"}},{"type":"Feature","geometry":{"type":"Polygon","coordinates":[[[88.74403,21.98408],[88.75746,21.99443],[88.75855,22.00671],[88.74252,21.98938],[88.74403,21.98408]]]},"properties":{"set":"overview"}},{"type":"Feature","geometry":{"type":"Polygon","coordinates":[[[88.80979,21.93968],[88.81174,21.95504],[88.81115,21.93941],[88.82867,21.93893],[88.84426,21.92373],[88.85418,21.91994],[88.86933,21.92336],[88.86722,21.9305],[88.84631,21.93681],[88.83906,21.94294],[88.84298,21.97183],[88.83866,21.97842],[88.80535,21.96926],[88.78177,21.97269],[88.78296,21.98234],[88.7739,21.98977],[88.76504,21.98454],[88.7506,21.98386],[88.75727,21.97433],[88.75176,21.95659],[88.77596,21.94324],[88.78711,21.9551],[88.78988,21.94188],[88.80979,21.93968]]]},"properties":{"set":"overview"}},{"type":"Feature","geometry":{"type":"Polygon","coordinates":[[[88.74432,21.97971],[88.72626,21.97884],[88.72451,21.97421],[88.72285,21.94419],[88.73356,21.92486],[88.74105,21.92243],[88.75145,21.93017],[88.76378,21.93141],[88.78923,21.92055],[88.7993,21.92734],[88.80532,21.93705],[88.78872,21.94037],[88.78655,21.95279],[88.77528,21.94117],[88.75047,21.95485],[88.75502,21.97382],[88.74432,21.97971]]]},"properties":{"set":"overview"}},{"type":"Feature","geometry":{"type":"Polygon","coordinates":[[[88.85351,21.8649],[88.83766,21.84303],[88.8417,21.81327],[88.83514,21.78202],[88.85492,21.78028],[88.8685,21.77394],[88.87726,21.76572],[88.88065,21.74813],[88.91346,21.72834],[88.91954,21.74428],[88.89853,21.74618],[88.89079,21.75415],[88.89698,21.77996],[88.88168,21.79769],[88.87938,21.80804],[88.88272,21.81422],[88.87825,21.81887],[88.86487,21.81565],[88.86742,21.81884],[88.87857,21.8198],[88.8754,21.84435],[88.86695,21.84131],[88.87635,21.85225],[88.85794,21.85489],[88.85458,21.85901],[88.85677,21.86419],[88.85351,21.8649]]]},"properties":{"set":"overview"}},{"type":"Feature","geometry":{"type":"Polygon","coordinates":[[[88.88179,21.74356],[88.87334,21.71965],[88.87377,21.69445],[88.87742,21.68948],[88.88297,21.69007],[88.89052,21.68503],[88.8854,21.70009],[88.88875,21.69965],[88.88595,21.69984],[88.89132,21.6841],[88.87866,21.68944],[88.8861,21.67471],[88.88749,21.65906],[88.90132,21.65372],[88.92052,21.63466],[88.93482,21.66647],[88.94104,21.6887],[88.93913,21.69578],[88.92001,21.70945],[88.91239,21.7268],[88.88179,21.74356]]]},"properties":{"set":"overview"}},{"type":"Feature","geometry":{"type":"Polygon","coordinates":[[[88.74907,21.81345],[88.73738,21.79773],[88.72729,21.7935],[88.72823,21.77981],[88.73187,21.77829],[88.72657,21.77404],[88.72678,21.79176],[88.72172,21.79439],[88.71802,21.80499],[88.71272,21.80644],[88.71143,21.78263],[88.69618,21.74574],[88.70444,21.72687],[88.7113,21.69079],[88.74736,21.65957],[88.75439,21.66538],[88.7301,21.68204],[88.72901,21.68692],[88.74135,21.69079],[88.74499,21.68362],[88.75714,21.68351],[88.76251,21.69282],[88.75636,21.70016],[88.75866,21.7097],[88.74911,21.7058],[88.74622,21.70615],[88.74201,21.71023],[88.74129,21.71665],[88.73387,21.72005],[88.74229,21.71721],[88.74366,21.70989],[88.74935,21.70694],[88.77461,21.71891],[88.77463,21.72329],[88.75131,21.73251],[88.74873,21.75166],[88.75228,21.74943],[88.75837,21.75902],[88.73616,21.77651],[88.74591,21.77246],[88.75541,21.78028],[88.7508,21.79005],[88.74907,21.81345]]]},"properties":{"set":"overview"}},{"type":"Feature","geometry":{"type":"Polygon","coordinates":[[[88.69733,21.84109],[88.7024,21.82712],[88.70612,21.82995],[88.71389,21.82679],[88.71873,21.83374],[88.74255,21.84241],[88.75134,21.85171],[88.7445,21.85988],[88.73058,21.8648],[88.72759,21.8583],[88.71417,21.85378],[88.70279,21.85569],[88.69733,21.84109]]]},"properties":{"set":"overview"}},{"type":"Feature","geometry":{"type":"Polygon","coordinates":[[[88.70838,21.81156],[88.71853,21.80836],[88.72585,21.79461],[88.73613,21.79847],[88.74863,21.8151],[88.744,21.82051],[88.7524,21.81437],[88.75079,21.80095],[88.75709,21.78121],[88.77401,21.80885],[88.77671,21.82261],[88.76377,21.82863],[88.7685,21.85279],[88.75925,21.85846],[88.74555,21.84288],[88.72021,21.8332],[88.71661,21.82617],[88.70552,21.82798],[88.70838,21.81156]]]},"properties":{"set":"overview"}},{"type":"Feature","geometry":{"type":"Polygon","coordinates":[[[88.78103,21.82442],[88.76609,21.78593],[88.74951,21.76975],[88.7656,21.76102],[88.75447,21.74415],[88.75558,21.73447],[88.77649,21.7311],[88.78515,21.73615],[88.78316,21.74038],[88.78865,21.7482],[88.78188,21.7665],[88.79528,21.78609],[88.78654,21.79668],[88.79356,21.80098],[88.79303,21.81042],[88.78576,21.82324],[88.78103,21.82442]]]},"properties":{"set":"overview"}},{"type":"Feature","geometry":{"type":"Polygon","coordinates":[[[88.82247,21.82213],[88.79721,21.79046],[88.7969,21.78158],[88.78397,21.7659],[88.79242,21.74943],[88.81071,21.7505],[88.83019,21.76688],[88.82059,21.78524],[88.82958,21.80835],[88.82247,21.82213]]]},"properties":{"set":"overview"}},{"type":"Feature","geometry":{"type":"Polygon","coordinates":[[[88.78787,21.65951],[88.79517,21.65673],[88.8062,21.66579],[88.81106,21.70041],[88.80726,21.70534],[88.76453,21.69216],[88.75754,21.68202],[88.74485,21.682],[88.74109,21.68934],[88.73057,21.68633],[88.75939,21.6638],[88.76875,21.66653],[88.78359,21.66122],[88.79222,21.66255],[88.78649,21.67289],[88.79026,21.67801],[88.78752,21.67237],[88.79414,21.66345],[88.78787,21.65951]]]},"properties":{"set":"overview"}},{"type":"Feature","geometry":{"type":"Polygon","coordinates":[[[88.78188,21.71115],[88.81253,21.71999],[88.80612,21.71559],[88.81951,21.70412],[88.81878,21.68661],[88.82404,21.66811],[88.81038,21.64095],[88.81652,21.63083],[88.8439,21.6219],[88.8419,21.64315],[88.82953,21.65012],[88.83172,21.64047],[88.82784,21.64948],[88.83285,21.65717],[88.83079,21.65119],[88.84051,21.64705],[88.8441,21.64232],[88.84369,21.62739],[88.85851,21.63983],[88.84175,21.68021],[88.83899,21.71469],[88.85065,21.7407],[88.86294,21.75095],[88.86426,21.75924],[88.83196,21.76553],[88.81031,21.74903],[88.79111,21.74883],[88.78705,21.74101],[88.79317,21.73588],[88.78034,21.7307],[88.78188,21.71115]]]},"properties":{"set":"overview"}},{"type":"Feature","geometry":{"type":"Polygon","coordinates":[[[88.50819,21.54876],[88.52809,21.5495],[88.53729,21.56646],[88.52945,21.58247],[88.50334,21.59257],[88.4969,21.59915],[88.48587,21.5868],[88.48264,21.56124],[88.50459,21.54972],[88.50952,21.55867],[88.50105,21.56041],[88.50395,21.56153],[88.50104,21.56984],[88.50251,21.56864],[88.50473,21.56198],[88.51159,21.56369],[88.50819,21.54876]]]},"properties":{"set":"overview"}},{"type":"Feature","geometry":{"type":"Polygon","coordinates":[[[88.525,21.59598],[88.53618,21.58911],[88.54249,21.59068],[88.55623,21.60114],[88.55602,21.61378],[88.55653,21.60435],[88.5612,21.60728],[88.56665,21.60605],[88.55869,21.60549],[88.55627,21.59962],[88.543,21.58994],[88.53721,21.58787],[88.54448,21.56777],[88.5495,21.56594],[88.55846,21.57199],[88.57235,21.574],[88.58118,21.58234],[88.59027,21.60895],[88.55802,21.63154],[88.54037,21.63608],[88.52461,21.65221],[88.52173,21.63504],[88.52551,21.62678],[88.51042,21.60252],[88.52312,21.59652],[88.53979,21.60795],[88.5389,21.60558],[88.531,21.59911],[88.525,21.59598]]]},"properties":{"set":"overview"}},{"type":"Feature","geometry":{"type":"Polygon","coordinates":[[[89.05174,21.92172],[89.03515,21.9192],[89.03257,21.9051],[89.03364,21.89609],[89.05426,21.87606],[89.06043,21.85143],[89.05942,21.83421],[89.04511,21.78734],[89.07101,21.7693],[89.10642,21.72498],[89.12133,21.71986],[89.13508,21.72271],[89.14607,21.7367],[89.1432,21.75396],[89.13261,21.7582],[89.12979,21.76956],[89.09271,21.78837],[89.07926,21.80503],[89.07605,21.82194],[89.08327,21.85672],[89.06095,21.88437],[89.05777,21.91897],[89.05174,21.92172]]]},"properties":{"set":"overview"}},{"type":"Feature","geometry":{"type":"Polygon","coordinates":[[[89.10339,22.15668],[89.09797,22.14281],[89.05733,22.11164],[89.04814,22.0977],[89.05329,22.06811],[89.06272,22.06023],[89.08574,22.05602],[89.09621,22.09197],[89.09158,22.09642],[89.07956,22.09786],[89.07595,22.10263],[89.08128,22.1136],[89.09209,22.11106],[89.09449,22.11456],[89.09381,22.10978],[89.08316,22.11281],[89.07716,22.10199],[89.09913,22.09531],[89.08986,22.05856],[89.08471,22.05411],[89.06823,22.0557],[89.08986,22.01879],[89.09398,22.05109],[89.10102,22.04759],[89.10943,22.05379],[89.12368,22.074],[89.1302,22.07447],[89.13724,22.06843],[89.14737,22.07766],[89.12848,22.09786],[89.11464,22.1229],[89.12015,22.13005],[89.14002,22.12927],[89.12831,22.13714],[89.12509,22.15154],[89.10339,22.15668]]]},"properties":{"set":"overview"}},{"type":"Feature","geometry":{"type":"Polygon","coordinates":[[[88.50897,21.85908],[88.51458,21.8292],[88.52769,21.83505],[88.52857,21.84231],[88.52226,21.85369],[88.50897,21.85908]]]},"properties":{"set":"overview"}},{"type":"Feature","geometry":{"type":"Polygon","coordinates":[[[89.4559,21.71205],[89.46305,21.71516],[89.46489,21.73075],[89.46023,21.74109],[89.4564,21.73102],[89.45531,21.73948],[89.4416,21.73588],[89.43749,21.72868],[89.4559,21.71205]]]},"properties":{"set":"overview"}},{"type":"Feature","geometry":{"type":"Polygon","coordinates":[[[93.88685,19.20583],[93.89652,19.20175],[93.91851,19.20348],[93.9229,19.21051],[93.91613,19.22709],[93.9228,19.21919],[93.92019,19.23162],[93.9238,19.23221],[93.92449,19.22069],[93.92033,19.21696],[93.92395,19.21086],[93.9286,19.23043],[93.92886,19.22475],[93.92692,19.21519],[93.92452,19.21023],[93.92866,19.20551],[93.92989,19.22168],[93.94681,19.23055],[93.93405,19.22287],[93.93528,19.2161],[93.93335,19.22207],[93.92946,19.2108],[93.9346,19.20564],[93.93776,19.20841],[93.93595,19.21401],[93.93865,19.20851],[93.95369,19.20767],[93.96046,19.23991],[93.94768,19.25037],[93.9382,19.24919],[93.94934,19.24191],[93.95128,19.23324],[93.94708,19.23071],[93.94913,19.23849],[93.93263,19.24946],[93.92742,19.25764],[93.93242,19.25652],[93.93602,19.25042],[93.95495,19.25391],[93.96276,19.2505],[93.96573,19.24312],[93.96042,19.25103],[93.94888,19.25087],[93.96301,19.23834],[93.95751,19.21251],[93.95447,19.20617],[93.93749,19.20525],[93.93592,19.19444],[93.94543,19.1927],[93.95414,19.18616],[93.97185,19.19639],[93.9693,19.19211],[93.95479,19.18511],[93.94369,19.19149],[93.93431,19.18729],[93.93239,19.17872],[93.93981,19.15819],[93.95212,19.14491],[93.97355,19.13903],[94.00064,19.15013],[94.00908,19.15865],[94.00708,19.17153],[93.99279,19.19193],[93.98395,19.24888],[93.97981,19.24333],[93.97074,19.24535],[93.96625,19.24234],[93.96575,19.24309],[93.97112,19.24624],[93.97902,19.24404],[93.98737,19.25495],[94.00635,19.26067],[94.01658,19.27578],[94.02549,19.27706],[94.02474,19.29672],[94.03049,19.3083],[94.03476,19.34268],[94.05756,19.35535],[94.07047,19.36974],[94.06932,19.39072],[94.05029,19.38332],[94.04123,19.40007],[94.03156,19.39937],[94.02684,19.39528],[94.02771,19.37943],[94.02258,19.37231],[93.99465,19.38552],[93.97561,19.38582],[93.9758,19.36518],[93.97031,19.352],[93.948,19.33898],[93.94161,19.31292],[93.91139,19.27869],[93.88959,19.26228],[93.88697,19.24483],[93.89919,19.24514],[93.88715,19.24188],[93.88556,19.26136],[93.87145,19.25303],[93.87055,19.24174],[93.88473,19.22156],[93.88549,19.21595],[93.86988,19.23703],[93.86842,19.2528],[93.85792,19.23042],[93.85638,19.21314],[93.85614,19.22936],[93.86346,19.25205],[93.85381,19.25036],[93.83128,19.23617],[93.82384,19.2125],[93.81818,19.21061],[93.81363,19.22558],[93.80473,19.21899],[93.80495,19.21265],[93.81331,19.21304],[93.81186,19.2073],[93.82182,19.19985],[93.82354,19.19469],[93.81871,19.19484],[93.81271,19.20161],[93.81709,19.19066],[93.7916,19.20302],[93.78171,19.19812],[93.77255,19.20094],[93.77203,19.20573],[93.78012,19.20829],[93.7791,19.21279],[93.7667,19.21758],[93.76522,19.22346],[93.7521,19.22256],[93.76158,19.23949],[93.75669,19.24231],[93.75328,19.23465],[93.74728,19.23518],[93.74255,19.22653],[93.74529,19.22555],[93.73464,19.22335],[93.73834,19.21906],[93.73107,19.21921],[93.73196,19.22818],[93.72518,19.22538],[93.72219,19.23087],[93.73002,19.23408],[93.73238,19.22824],[93.73672,19.23005],[93.73433,19.23274],[93.73847,19.23735],[93.73242,19.24397],[93.7352,19.24966],[93.74047,19.248],[93.74236,19.25624],[93.73621,19.25532],[93.72484,19.24476],[93.72217,19.25607],[93.71105,19.25602],[93.7123,19.26559],[93.71742,19.26528],[93.71122,19.26694],[93.71691,19.27243],[93.71378,19.2763],[93.72344,19.28269],[93.70967,19.28214],[93.70153,19.27673],[93.69848,19.27997],[93.69157,19.27463],[93.69164,19.2876],[93.68442,19.28274],[93.68761,19.28173],[93.68403,19.28006],[93.68479,19.27417],[93.6774,19.27053],[93.67621,19.27508],[93.68208,19.27474],[93.68307,19.28365],[93.6751,19.29208],[93.66296,19.28448],[93.66622,19.27767],[93.65863,19.27694],[93.66479,19.27525],[93.66821,19.27267],[93.6712,19.27572],[93.66584,19.26769],[93.66332,19.26905],[93.66641,19.27398],[93.65764,19.27469],[93.65923,19.24532],[93.66664,19.23978],[93.67432,19.24166],[93.67824,19.23426],[93.69233,19.2343],[93.68943,19.21491],[93.68598,19.22269],[93.68626,19.23199],[93.68308,19.2318],[93.6691,19.19459],[93.66681,19.19654],[93.66116,19.19185],[93.6558,19.19795],[93.65986,19.19997],[93.65018,19.20659],[93.64717,19.20327],[93.64364,19.21141],[93.63939,19.20621],[93.63994,19.19043],[93.63264,19.19111],[93.63826,19.18218],[93.63191,19.18327],[93.63166,19.17418],[93.62782,19.17837],[93.62469,19.17253],[93.62003,19.17459],[93.62976,19.18172],[93.62354,19.18599],[93.62052,19.17944],[93.61436,19.1777],[93.6118,19.18058],[93.61687,19.18279],[93.61633,19.18798],[93.62284,19.19509],[93.62848,19.19458],[93.61422,19.19924],[93.6159,19.20499],[93.6109,19.20595],[93.6149,19.20708],[93.6136,19.21149],[93.60901,19.21203],[93.61416,19.21816],[93.62239,19.20347],[93.62888,19.21026],[93.62301,19.22572],[93.61558,19.22921],[93.62469,19.23296],[93.61463,19.23749],[93.63234,19.24595],[93.62964,19.25496],[93.62184,19.2572],[93.61798,19.25331],[93.6068,19.25803],[93.61967,19.2727],[93.62539,19.27032],[93.62416,19.27693],[93.62994,19.27336],[93.63282,19.27547],[93.62007,19.28219],[93.61897,19.27432],[93.60596,19.27773],[93.60413,19.28251],[93.61478,19.28402],[93.61696,19.28954],[93.60898,19.28867],[93.61058,19.29209],[93.60547,19.2972],[93.6002,19.29406],[93.60384,19.30433],[93.59866,19.30875],[93.59989,19.31434],[93.59414,19.3113],[93.59509,19.3206],[93.58385,19.31912],[93.57978,19.31307],[93.58559,19.30941],[93.5803,19.30949],[93.58041,19.30641],[93.57407,19.30928],[93.57662,19.31343],[93.57026,19.31085],[93.56785,19.31167],[93.56546,19.30661],[93.55923,19.30962],[93.56058,19.31055],[93.56253,19.31055],[93.56547,19.30703],[93.56633,19.31561],[93.57017,19.31155],[93.57104,19.31494],[93.57665,19.31606],[93.57679,19.31961],[93.56829,19.31779],[93.57072,19.32925],[93.55897,19.32487],[93.56125,19.32943],[93.55588,19.33212],[93.56071,19.3367],[93.55928,19.34406],[93.56458,19.34163],[93.57611,19.34464],[93.5775,19.33046],[93.59591,19.32282],[93.61197,19.33596],[93.61821,19.34689],[93.632,19.33667],[93.63568,19.36225],[93.62517,19.37105],[93.62574,19.37664],[93.61939,19.37518],[93.62041,19.37052],[93.61354,19.37999],[93.60657,19.38031],[93.61407,19.38987],[93.60138,19.41482],[93.57581,19.40385],[93.56732,19.41911],[93.54712,19.43732],[93.52297,19.42966],[93.5148,19.43397],[93.48773,19.41576],[93.47622,19.39835],[93.4757,19.37904],[93.46865,19.36672],[93.48948,19.33063],[93.5677,19.22446],[93.59705,19.15954],[93.6014,19.15391],[93.62818,19.15056],[93.63685,19.14379],[93.66346,19.06769],[93.65787,19.05941],[93.66738,19.0154],[93.6845,19.00449],[93.66904,19.02005],[93.67567,19.02037],[93.68223,19.01524],[93.68215,19.01909],[93.68998,19.02385],[93.68946,19.03151],[93.69271,19.02592],[93.69877,19.02753],[93.69493,19.02552],[93.69859,19.01838],[93.70651,19.01853],[93.71758,19.00818],[93.70908,19.01395],[93.71535,19.0062],[93.71031,19.008],[93.71524,19.00439],[93.71277,19.00296],[93.70297,19.00935],[93.71807,18.99635],[93.72557,18.97469],[93.73406,18.969],[93.76071,18.9753],[93.77559,18.97154],[93.77894,18.96219],[93.79058,18.95452],[93.80104,18.95379],[93.83564,18.93039],[93.85214,18.91339],[93.86507,18.90652],[93.86632,18.89916],[93.8908,18.8948],[93.91313,18.88002],[93.9343,18.84619],[93.9406,18.85071],[93.94506,18.86614],[93.94173,18.87672],[93.9364,18.87974],[93.94092,18.89469],[93.9498,18.9029],[93.95429,18.89972],[93.96046,18.90383],[93.95525,18.90909],[93.95794,18.91829],[93.95424,18.92131],[93.94807,18.91835],[93.94449,18.92249],[93.94566,18.94085],[93.93302,18.94102],[93.9296,18.95376],[93.92151,18.95766],[93.91436,18.95567],[93.90963,18.96134],[93.90946,18.95746],[93.90373,18.95478],[93.90474,18.95801],[93.90933,18.95771],[93.90712,18.95997],[93.90617,18.96255],[93.90837,18.95918],[93.90901,18.96171],[93.91191,18.96101],[93.91461,18.95634],[93.92069,18.95846],[93.9302,18.95485],[93.92551,18.96471],[93.93075,18.95564],[93.93316,18.94208],[93.93717,18.94381],[93.94209,18.94307],[93.94558,18.94196],[93.94756,18.93954],[93.94862,18.93009],[93.94479,18.92379],[93.94849,18.91934],[93.97232,18.93187],[93.97456,18.94086],[93.97158,18.94521],[93.97702,18.9431],[93.98685,18.96637],[93.97408,18.9848],[93.97414,18.99294],[93.9655,18.99974],[93.96782,19.00267],[93.96008,19.00754],[93.9625,19.01294],[93.95849,19.0307],[93.95045,19.03194],[93.95167,19.02741],[93.9481,19.02502],[93.93028,19.03219],[93.94855,19.02566],[93.94961,19.0321],[93.95684,19.03361],[93.95427,19.04889],[93.94282,19.04682],[93.95039,19.05033],[93.95393,19.04998],[93.95434,19.09201],[93.93455,19.08713],[93.92981,19.09744],[93.92311,19.09783],[93.91182,19.08792],[93.90462,19.09258],[93.90448,19.09997],[93.89965,19.10107],[93.90478,19.10097],[93.90569,19.09264],[93.91258,19.08901],[93.9202,19.09815],[93.92887,19.09918],[93.93611,19.08816],[93.95443,19.09687],[93.95616,19.10799],[93.96883,19.12582],[93.93792,19.1448],[93.92166,19.18671],[93.90341,19.17841],[93.8971,19.16823],[93.90221,19.17903],[93.91955,19.19034],[93.90957,19.19859],[93.89575,19.19783],[93.88535,19.2024],[93.88574,19.21411],[93.88685,19.20583]],[[93.90182,19.2452],[93.90913,19.24539],[93.92405,19.25839],[93.92729,19.25767],[93.90898,19.24354],[93.90182,19.2452]]]},"properties":{"set":"overview"}},{"type":"Feature","geometry":{"type":"Polygon","coordinates":[[[94.03504,19.06904],[94.01742,19.04896],[94.02161,19.03785],[94.04117,19.04514],[94.04129,19.06603],[94.03504,19.06904]]]},"properties":{"set":"overview"}},{"type":"Feature","geometry":{"type":"Polygon","coordinates":[[[94.06042,19.04108],[94.04471,19.04377],[94.02999,19.03349],[94.02865,19.02288],[94.04658,19.02332],[94.06042,19.04108]]]},"properties":{"set":"overview"}},{"type":"Feature","geometry":{"type":"Polygon","coordinates":[[[94.00124,19.09363],[94.00938,19.09484],[94.01726,19.1069],[94.01034,19.11412],[93.99508,19.10713],[93.99552,19.09859],[94.00124,19.09363]]]},"properties":{"set":"overview"}},{"type":"Feature","geometry":{"type":"Polygon","coordinates":[[[93.98736,19.25118],[93.99545,19.21676],[93.9959,19.19263],[94.00289,19.18404],[94.0134,19.18141],[94.03006,19.20084],[94.0335,19.21338],[94.02547,19.27485],[94.01725,19.27479],[94.0086,19.2604],[93.98736,19.25118]]]},"properties":{"set":"overview"}},{"type":"Feature","geometry":{"type":"Polygon","coordinates":[[[94.05368,19.35182],[94.03776,19.34366],[94.03903,19.33708],[94.0498,19.3433],[94.05368,19.35182]]]},"properties":{"set":"overview"}},{"type":"Feature","geometry":{"type":"Polygon","coordinates":[[[93.97159,19.45932],[93.97071,19.44609],[93.9891,19.45378],[93.97159,19.45932]]]},"properties":{"set":"overview"}},{"type":"Feature","geometry":{"type":"Polygon","coordinates":[[[93.82765,19.26511],[93.81599,19.26074],[93.82924,19.25533],[93.83625,19.26188],[93.82765,19.26511]]]},"properties":{"set":"overview"}},{"type":"Feature","geometry":{"type":"Polygon","coordinates":[[[93.58747,19.83927],[93.56198,19.84058],[93.56016,19.82885],[93.55051,19.82395],[93.5662,19.82216],[93.55987,19.82152],[93.55054,19.82276],[93.54376,19.81773],[93.54653,19.80176],[93.56152,19.80932],[93.57344,19.80373],[93.58935,19.81483],[93.5942,19.82877],[93.58747,19.83927]]]},"properties":{"set":"overview"}},{"type":"Feature","geometry":{"type":"Polygon","coordinates":[[[93.53547,19.92373],[93.53588,19.91877],[93.54117,19.92001],[93.54103,19.92101],[93.53547,19.92373]]]},"properties":{"set":"overview"}},{"type":"Feature","geometry":{"type":"Polygon","coordinates":[[[93.54475,19.94035],[93.55916,19.95317],[93.55127,19.94976],[93.54475,19.94035]]]},"properties":{"set":"overview"}},{"type":"Feature","geometry":{"type":"Polygon","coordinates":[[[93.50304,19.93605],[93.49061,19.92026],[93.502,19.91862],[93.50971,19.92276],[93.50304,19.93605]]]},"properties":{"set":"overview"}},{"type":"Feature","geometry":{"type":"Polygon","coordinates":[[[93.56933,19.88817],[93.57849,19.87977],[93.58901,19.88352],[93.60567,19.90646],[93.59242,19.90993],[93.5829,19.90096],[93.59006,19.91336],[93.59767,19.91359],[93.60288,19.90842],[93.61195,19.91331],[93.61388,19.91731],[93.60898,19.9224],[93.5963,19.9207],[93.58676,19.92717],[93.58476,19.91828],[93.58056,19.9185],[93.58005,19.92599],[93.57173,19.91968],[93.55417,19.91677],[93.55821,19.9091],[93.55374,19.91218],[93.55269,19.91661],[93.54253,19.91147],[93.53908,19.90191],[93.54678,19.89085],[93.55913,19.88793],[93.56129,19.88859],[93.56126,19.89354],[93.56504,19.89959],[93.56528,19.89867],[93.56425,19.89641],[93.56138,19.89296],[93.563,19.88858],[93.5819,19.90002],[93.56933,19.88817]]]},"properties":{"set":"overview"}},{"type":"Feature","geometry":{"type":"Polygon","coordinates":[[[93.69943,19.60478],[93.71074,19.59124],[93.71972,19.59245],[93.71118,19.60008],[93.69943,19.60478]]]},"properties":{"set":"overview"}},{"type":"Feature","geometry":{"type":"Polygon","coordinates":[[[93.60992,19.9425],[93.60768,19.93998],[93.60632,19.94759],[93.60075,19.94572],[93.60766,19.93996],[93.60702,19.93924],[93.60006,19.94536],[93.58461,19.93851],[93.58228,19.92935],[93.5985,19.92187],[93.59776,19.93037],[93.60271,19.93073],[93.60443,19.93673],[93.60325,19.93075],[93.59798,19.92912],[93.59991,19.92567],[93.60047,19.92196],[93.60577,19.92237],[93.61028,19.93391],[93.61621,19.93378],[93.60992,19.9425]]]},"properties":{"set":"overview"}},{"type":"Feature","geometry":{"type":"Polygon","coordinates":[[[93.71804,19.94774],[93.71546,19.94268],[93.71903,19.94018],[93.72193,19.94651],[93.71804,19.94774]]]},"properties":{"set":"overview"}},{"type":"Feature","geometry":{"type":"Polygon","coordinates":[[[93.69964,19.96878],[93.69909,19.96577],[93.70689,19.96125],[93.70426,19.96647],[93.69964,19.96878]]]},"properties":{"set":"overview"}},{"type":"Feature","geometry":{"type":"Polygon","coordinates":[[[93.71167,19.95158],[93.70787,19.94437],[93.71417,19.94369],[93.71647,19.9512],[93.71167,19.95158]]]},"properties":{"set":"overview"}},{"type":"Feature","geometry":{"type":"Polygon","coordinates":[[[93.70747,19.94291],[93.71205,19.93302],[93.72158,19.93124],[93.72119,19.93532],[93.70747,19.94291]]]},"properties":{"set":"overview"}},{"type":"Feature","geometry":{"type":"Polygon","coordinates":[[[93.58043,19.92636],[93.58061,19.91906],[93.58386,19.91836],[93.58644,19.9273],[93.58043,19.92636]]]},"properties":{"set":"overview"}},{"type":"Feature","geometry":{"type":"Polygon","coordinates":[[[93.62338,19.92426],[93.61365,19.92365],[93.61636,19.91718],[93.61241,19.91141],[93.63279,19.91947],[93.62338,19.92426]]]},"properties":{"set":"overview"}},{"type":"Feature","geometry":{"type":"Polygon","coordinates":[[[93.74626,19.87993],[93.7544,19.87435],[93.76037,19.87394],[93.75947,19.87722],[93.74626,19.87993]]]},"properties":{"set":"overview"}},{"type":"Feature","geometry":{"type":"Polygon","coordinates":[[[93.61679,19.93255],[93.61169,19.92545],[93.62067,19.92589],[93.62374,19.93214],[93.62885,19.93161],[93.61344,19.94708],[93.61206,19.94598],[93.61679,19.93255]]]},"properties":{"set":"overview"}},{"type":"Feature","geometry":{"type":"Polygon","coordinates":[[[93.59793,19.9498],[93.59185,19.95392],[93.58482,19.9526],[93.57184,19.9426],[93.56166,19.94741],[93.53696,19.92454],[93.54237,19.92062],[93.56447,19.92205],[93.56474,19.92526],[93.56606,19.92387],[93.56562,19.92223],[93.57334,19.92282],[93.58256,19.9393],[93.59417,19.94407],[93.59793,19.9498]]]},"properties":{"set":"overview"}},{"type":"Feature","geometry":{"type":"Polygon","coordinates":[[[93.48457,20.0488],[93.47027,20.04358],[93.47019,20.04015],[93.47958,20.01205],[93.47938,20.00104],[93.48286,20.00071],[93.47832,19.99942],[93.49591,19.98427],[93.52174,20.011],[93.51756,20.02381],[93.50085,20.04177],[93.48457,20.0488]]]},"properties":{"set":"overview"}},{"type":"Feature","geometry":{"type":"Polygon","coordinates":[[[93.51446,19.91654],[93.49782,19.90601],[93.50445,19.89799],[93.50415,19.88905],[93.51314,19.8868],[93.51819,19.88123],[93.50992,19.88696],[93.49945,19.8798],[93.49871,19.88029],[93.50913,19.88728],[93.50357,19.88903],[93.50284,19.89993],[93.49563,19.90636],[93.47791,19.90645],[93.46328,19.91292],[93.44829,19.92803],[93.43082,19.95739],[93.41455,19.9599],[93.40925,19.95529],[93.40923,19.9473],[93.40603,19.95278],[93.40811,19.95892],[93.39797,19.96628],[93.39403,19.95414],[93.40407,19.93611],[93.40094,19.92918],[93.39653,19.93181],[93.39619,19.92864],[93.40653,19.92121],[93.4104,19.90688],[93.4274,19.87803],[93.43016,19.8665],[93.4257,19.86207],[93.43122,19.82371],[93.44256,19.79785],[93.44278,19.78657],[93.48424,19.76172],[93.49167,19.76569],[93.49364,19.7771],[93.50047,19.77844],[93.50167,19.76692],[93.49571,19.76355],[93.50483,19.74224],[93.51321,19.73319],[93.52176,19.75487],[93.51542,19.76756],[93.5099,19.76838],[93.51161,19.77715],[93.50097,19.801],[93.49949,19.82038],[93.48868,19.82884],[93.48454,19.83598],[93.4761,19.82219],[93.47561,19.82378],[93.47706,19.82874],[93.47194,19.82822],[93.46772,19.83393],[93.46895,19.8352],[93.47243,19.83263],[93.47586,19.83545],[93.47265,19.83225],[93.47129,19.83238],[93.46839,19.83461],[93.47277,19.82857],[93.48238,19.83688],[93.48646,19.83611],[93.4905,19.8292],[93.50284,19.82853],[93.51359,19.86195],[93.50357,19.87626],[93.49818,19.87495],[93.50364,19.87694],[93.51921,19.86731],[93.52731,19.87138],[93.53602,19.89447],[93.53074,19.91988],[93.51446,19.91654]]]},"properties":{"set":"overview"}},{"type":"Feature","geometry":{"type":"Polygon","coordinates":[[[93.48381,19.95054],[93.45755,19.93841],[93.48351,19.93171],[93.49922,19.93641],[93.50575,19.9565],[93.49952,19.97001],[93.49487,19.96929],[93.49254,19.95942],[93.48381,19.95054]]]},"properties":{"set":"overview"}},{"type":"Feature","geometry":{"type":"Polygon","coordinates":[[[93.75306,19.85951],[93.74811,19.85823],[93.74251,19.85352],[93.74857,19.85335],[93.75306,19.85951]]]},"properties":{"set":"overview"}},{"type":"Feature","geometry":{"type":"Polygon","coordinates":[[[93.7272,19.8895],[93.7218,19.89365],[93.707,19.89728],[93.71631,19.88741],[93.7272,19.8895]]]},"properties":{"set":"overview"}},{"type":"Feature","geometry":{"type":"Polygon","coordinates":[[[89.54188,21.84976],[89.53314,21.82224],[89.54944,21.79407],[89.54141,21.78142],[89.54602,21.7793],[89.54189,21.77856],[89.54434,21.77508],[89.53734,21.77749],[89.53631,21.77048],[89.55706,21.72665],[89.57314,21.71745],[89.58883,21.71582],[89.60474,21.72171],[89.60244,21.72964],[89.58605,21.74634],[89.58576,21.75357],[89.58796,21.76894],[89.60239,21.77856],[89.60404,21.79996],[89.54188,21.84976]]]},"properties":{"set":"overview"}},{"type":"Feature","geometry":{"type":"Polygon","coordinates":[[[89.59226,22.14987],[89.60403,22.12777],[89.60848,22.13061],[89.60672,22.14161],[89.6125,22.14771],[89.60938,22.1581],[89.61394,22.16772],[89.63477,22.16525],[89.6461,22.15654],[89.64901,22.14812],[89.66049,22.14859],[89.65707,22.13835],[89.6635,22.13778],[89.67084,22.14441],[89.67664,22.14255],[89.68118,22.13233],[89.67854,22.1209],[89.66508,22.09853],[89.68273,22.09882],[89.685,22.09554],[89.68086,22.09048],[89.66801,22.08664],[89.68479,22.06742],[89.70381,22.07094],[89.70438,22.09411],[89.70917,22.10443],[89.70788,22.12798],[89.68937,22.17371],[89.69204,22.18914],[89.6872,22.19996],[89.73505,22.27775],[89.7069,22.27122],[89.69937,22.27347],[89.70512,22.30599],[89.69172,22.31352],[89.68731,22.32778],[89.6771,22.33391],[89.66415,22.36603],[89.6399,22.36349],[89.62995,22.32336],[89.61318,22.29737],[89.59327,22.27598],[89.59768,22.25325],[89.58643,22.22279],[89.57711,22.21481],[89.55302,22.20734],[89.5577,22.19071],[89.59226,22.14987]]]},"properties":{"set":"overview"}},{"type":"Feature","geometry":{"type":"Polygon","coordinates":[[[89.82532,22.09919],[89.83385,22.10511],[89.83887,22.11668],[89.83491,22.1125],[89.82532,22.09919]]]},"properties":{"set":"overview"}},{"type":"Feature","geometry":{"type":"Polygon","coordinates":[[[89.7252,21.98001],[89.72881,21.96939],[89.74616,21.97585],[89.73334,21.9906],[89.73671,21.99526],[89.74925,21.99858],[89.74178,22.01806],[89.75539,22.02408],[89.75801,22.03255],[89.74319,22.03541],[89.7391,22.05195],[89.7491,22.0562],[89.74969,22.06486],[89.76951,22.07933],[89.77358,22.08793],[89.76465,22.11644],[89.75202,22.13441],[89.71262,22.1282],[89.71082,22.074],[89.70268,22.06359],[89.68633,22.05978],[89.67754,22.05169],[89.70403,22.03574],[89.70563,22.02579],[89.69835,22.01146],[89.70692,22.00748],[89.70841,21.98669],[89.71344,21.98016],[89.7252,21.98001]]]},"properties":{"set":"overview"}},{"type":"Feature","geometry":{"type":"Polygon","coordinates":[[[89.66176,22.01783],[89.65774,22.00693],[89.64505,21.99332],[89.63556,21.99151],[89.62519,22.00198],[89.62359,21.99747],[89.62611,21.98101],[89.64168,21.98629],[89.6481,21.98216],[89.6454,21.95965],[89.62852,21.94553],[89.65748,21.90309],[89.66934,21.90874],[89.6763,21.92192],[89.6857,21.9558],[89.67615,21.9888],[89.6987,22.03275],[89.67898,22.04041],[89.67182,22.04922],[89.67253,22.05807],[89.68108,22.06632],[89.66593,22.08791],[89.6825,22.09558],[89.66711,22.09516],[89.66297,22.09936],[89.66941,22.11481],[89.6766,22.12081],[89.67925,22.13229],[89.67507,22.14017],[89.67092,22.14272],[89.66423,22.13626],[89.65755,22.13592],[89.6545,22.14025],[89.65849,22.1477],[89.64797,22.14713],[89.64499,22.15559],[89.63319,22.16423],[89.61378,22.16616],[89.61023,22.15734],[89.61319,22.14747],[89.60762,22.14154],[89.60983,22.13204],[89.60375,22.12478],[89.59797,22.08716],[89.62693,22.09614],[89.62821,22.10156],[89.635,22.09822],[89.64972,22.09924],[89.65135,22.08192],[89.64695,22.07069],[89.65982,22.07277],[89.66785,22.05612],[89.66631,22.05222],[89.6574,22.05106],[89.65391,22.03541],[89.66176,22.01783]]]},"properties":{"set":"overview"}},{"type":"Feature","geometry":{"type":"Polygon","coordinates":[[[90.47619,21.90636],[90.4839,21.91116],[90.48573,21.91885],[90.47619,21.90636]]]},"properties":{"set":"overview"}},{"type":"Feature","geometry":{"type":"Polygon","coordinates":[[[92.72467,20.57131],[92.71272,20.60172],[92.69799,20.61165],[92.69656,20.58963],[92.71409,20.57211],[92.72467,20.57131]]]},"properties":{"set":"overview"}},{"type":"Feature","geometry":{"type":"Polygon","coordinates":[[[92.31635,20.632],[92.31487,20.62727],[92.32493,20.6175],[92.32363,20.59527],[92.32984,20.58604],[92.32723,20.59018],[92.33119,20.59117],[92.33213,20.60125],[92.32607,20.61806],[92.3295,20.63587],[92.31635,20.632]]]},"properties":{"set":"overview"}},{"type":"Feature","geometry":{"type":"Polygon","coordinates":[[[86.99815,20.83164],[87.00994,20.82809],[87.01683,20.81756],[87.01838,20.80817],[87.0133,20.79538],[87.01786,20.80189],[87.02095,20.8005],[87.01686,20.81982],[87.01073,20.82788],[87.00802,20.83015],[86.99815,20.83164]]]},"properties":{"set":"overview"}},{"type":"Feature","geometry":{"type":"Polygon","coordinates":[[[88.62012,21.72619],[88.59875,21.71569],[88.60399,21.71072],[88.6099,21.71127],[88.61837,21.7182],[88.62012,21.72619]]]},"properties":{"set":"overview"}},{"type":"Feature","geometry":{"type":"Polygon","coordinates":[[[93.8194,18.71784],[93.81365,18.7311],[93.80702,18.71614],[93.81199,18.71404],[93.8194,18.71784]]]},"properties":{"set":"overview"}},{"type":"Feature","geometry":{"type":"Polygon","coordinates":[[[91.34915,22.60644],[91.35345,22.60194],[91.36451,22.59932],[91.35652,22.60823],[91.34915,22.60644]]]},"properties":{"set":"overview"}},{"type":"Feature","geometry":{"type":"Polygon","coordinates":[[[91.37612,22.34634],[91.38645,22.34149],[91.39953,22.34153],[91.43002,22.3627],[91.43243,22.38159],[91.4193,22.39921],[91.40342,22.39964],[91.39421,22.3894],[91.37405,22.38056],[91.36333,22.37039],[91.37612,22.34634]]]},"properties":{"set":"overview"}},{"type":"Feature","geometry":{"type":"Polygon","coordinates":[[[90.60657,21.97879],[90.62193,21.99289],[90.59916,22.02409],[90.59114,22.02936],[90.58216,22.02186],[90.58774,22.01554],[90.58888,21.98454],[90.59195,21.98854],[90.60657,21.97879]]]},"properties":{"set":"overview"}},{"type":"Feature","geometry":{"type":"Polygon","coordinates":[[[90.55707,21.99039],[90.5659,21.99873],[90.56464,22.00756],[90.55384,21.99634],[90.55707,21.99039]]]},"properties":{"set":"overview"}},{"type":"Feature","geometry":{"type":"Polygon","coordinates":[[[88.78015,21.70886],[88.77656,21.71067],[88.76292,21.70127],[88.77025,21.70091],[88.78015,21.70886]]]},"properties":{"set":"overview"}},{"type":"Feature","geometry":{"type":"Polygon","coordinates":[[[88.16874,21.84154],[88.16968,21.83597],[88.17246,21.83212],[88.17307,21.83882],[88.16874,21.84154]]]},"properties":{"set":"overview"}},{"type":"Feature","geometry":{"type":"Polygon","coordinates":[[[88.44232,21.90848],[88.45216,21.90608],[88.45621,21.91348],[88.44581,21.91105],[88.44232,21.90848]]]},"properties":{"set":"overview"}},{"type":"Feature","geometry":{"type":"Polygon","coordinates":[[[88.17151,21.80954],[88.16408,21.80065],[88.17006,21.7814],[88.16957,21.78903],[88.17151,21.80954]]]},"properties":{"set":"overview"}},{"type":"Feature","geometry":{"type":"Polygon","coordinates":[[[89.10226,22.15846],[89.09986,22.1665],[89.08109,22.17986],[89.07597,22.1938],[89.06639,22.17271],[89.07162,22.15273],[89.07491,22.14984],[89.08914,22.16268],[89.10226,22.15846]]]},"properties":{"set":"overview"}},{"type":"Feature","geometry":{"type":"Polygon","coordinates":[[[91.41271,22.342],[91.4223,22.34859],[91.42513,22.35561],[91.41964,22.35363],[91.41271,22.342]]]},"properties":{"set":"overview"}},{"type":"Feature","geometry":{"type":"Polygon","coordinates":[[[91.35522,22.26789],[91.36166,22.28028],[91.3584,22.28874],[91.35973,22.28064],[91.35522,22.26789]]]},"properties":{"set":"overview"}},{"type":"Feature","geometry":{"type":"Polygon","coordinates":[[[90.54467,21.98108],[90.55378,21.99023],[90.55019,21.99191],[90.54467,21.98108]]]},"properties":{"set":"overview"}},{"type":"Feature","geometry":{"type":"Polygon","coordinates":[[[89.21695,22.08533],[89.21241,22.08024],[89.19965,22.07751],[89.17772,22.07772],[89.17517,22.05662],[89.15244,22.03938],[89.16256,22.02742],[89.18791,22.02408],[89.20319,22.00189],[89.24454,22.05482],[89.23796,22.07225],[89.21695,22.08533]]]},"properties":{"set":"overview"}},{"type":"Feature","geometry":{"type":"Polygon","coordinates":[[[92.73362,20.21543],[92.7297,20.21657],[92.72784,20.21244],[92.7323,20.20776],[92.73525,20.20671],[92.7429,20.20932],[92.74229,20.21839],[92.73899,20.21163],[92.74225,20.21074],[92.73568,20.20807],[92.73117,20.21196],[92.73362,20.21543]]]},"properties":{"set":"overview"}},{"type":"Feature","geometry":{"type":"Polygon","coordinates":[[[88.11761,21.91556],[88.12953,21.90163],[88.14081,21.91362],[88.12918,21.92488],[88.11761,21.91556]]]},"properties":{"set":"overview"}},{"type":"Feature","geometry":{"type":"Polygon","coordinates":[[[89.84803,21.85761],[89.85476,21.82886],[89.87182,21.82888],[89.871,21.83425],[89.87024,21.83045],[89.86603,21.83546],[89.85748,21.83405],[89.85374,21.83746],[89.86273,21.8362],[89.86379,21.85923],[89.85546,21.86219],[89.84803,21.85761]]]},"properties":{"set":"overview"}},{"type":"Feature","geometry":{"type":"Polygon","coordinates":[[[92.90821,20.33565],[92.91131,20.33369],[92.9164,20.33361],[92.91268,20.33957],[92.90821,20.33565]]]},"properties":{"set":"overview"}},{"type":"Feature","geometry":{"type":"Polygon","coordinates":[[[92.87625,20.32673],[92.8844,20.33137],[92.88555,20.32724],[92.88731,20.33413],[92.88047,20.34107],[92.88043,20.33168],[92.87412,20.33355],[92.86925,20.34262],[92.87625,20.32673]]]},"properties":{"set":"overview"}},{"type":"Feature","geometry":{"type":"Polygon","coordinates":[[[93.06143,20.48554],[93.07859,20.50587],[93.07841,20.51067],[93.06143,20.48554]]]},"properties":{"set":"overview"}},{"type":"Feature","geometry":{"type":"Polygon","coordinates":[[[90.67871,21.93273],[90.69497,21.97279],[90.66227,21.97639],[90.65197,21.98423],[90.64135,21.98258],[90.62341,21.96905],[90.62073,21.9174],[90.61556,21.89421],[90.62343,21.89323],[90.65077,21.90369],[90.66478,21.9185],[90.66472,21.92465],[90.67871,21.93273]]]},"properties":{"set":"overview"}},{"type":"Feature","geometry":{"type":"Polygon","coordinates":[[[90.7012,21.9907],[90.69476,21.99253],[90.65888,21.98583],[90.66603,21.97849],[90.69276,21.97508],[90.7012,21.9907]]]},"properties":{"set":"overview"}},{"type":"Feature","geometry":{"type":"Polygon","coordinates":[[[90.60761,21.96449],[90.60204,21.92747],[90.61083,21.91216],[90.61733,21.92082],[90.616,21.94127],[90.62055,21.96855],[90.61553,21.97587],[90.60761,21.96449]]]},"properties":{"set":"overview"}},{"type":"Feature","geometry":{"type":"Polygon","coordinates":[[[90.63615,21.98246],[90.61648,21.97681],[90.61933,21.9704],[90.63615,21.98246]]]},"properties":{"set":"overview"}},{"type":"Feature","geometry":{"type":"Polygon","coordinates":[[[92.74511,20.4596],[92.74739,20.45848],[92.74547,20.46674],[92.74511,20.4596]]]},"properties":{"set":"overview"}},{"type":"Feature","geometry":{"type":"Polygon","coordinates":[[[90.58383,22.02856],[90.59032,22.03142],[90.59062,22.03481],[90.58791,22.0345],[90.58383,22.02856]]]},"properties":{"set":"overview"}},{"type":"Feature","geometry":{"type":"Polygon","coordinates":[[[93.58756,19.48483],[93.58817,19.4809],[93.59368,19.47821],[93.59452,19.48233],[93.58756,19.48483]]]},"properties":{"set":"overview"}},{"type":"Feature","geometry":{"type":"Polygon","coordinates":[[[93.22373,20.16535],[93.22545,20.15494],[93.23186,20.15552],[93.23076,20.15923],[93.22373,20.16535]]]},"properties":{"set":"overview"}},{"type":"Feature","geometry":{"type":"Polygon","coordinates":[[[90.59946,22.11523],[90.59377,22.10158],[90.59948,22.08916],[90.60641,22.1069],[90.59946,22.11523]]]},"properties":{"set":"overview"}},{"type":"Feature","geometry":{"type":"Polygon","coordinates":[[[93.70008,19.91162],[93.70545,19.91554],[93.70402,19.92342],[93.69894,19.91814],[93.70008,19.91162]]]},"properties":{"set":"overview"}},{"type":"Feature","geometry":{"type":"Polygon","coordinates":[[[91.31532,22.63835],[91.32543,22.64437],[91.33246,22.64193],[91.3296,22.64672],[91.33609,22.64911],[91.36108,22.65358],[91.37371,22.65117],[91.38943,22.65758],[91.39412,22.66221],[91.39925,22.68653],[91.39445,22.69837],[91.39702,22.70343],[91.38986,22.70949],[91.38599,22.70803],[91.35261,22.73118],[91.32819,22.73799],[91.3089,22.73744],[91.29613,22.73266],[91.27793,22.6958],[91.28377,22.67305],[91.31532,22.63835]]]},"properties":{"set":"overview"}},{"type":"Feature","geometry":{"type":"Polygon","coordinates":[[[91.41875,22.78639],[91.43365,22.78385],[91.43557,22.79013],[91.42594,22.79435],[91.42005,22.79179],[91.41875,22.78639]]]},"properties":{"set":"overview"}},{"type":"Feature","geometry":{"type":"Polygon","coordinates":[[[92.30027,20.97875],[92.3022,20.97381],[92.30496,20.97095],[92.30613,20.97601],[92.30027,20.97875]]]},"properties":{"set":"overview"}},{"type":"Feature","geometry":{"type":"Polygon","coordinates":[[[93.77482,19.36425],[93.77938,19.36191],[93.78023,19.36662],[93.7783,19.36728],[93.77482,19.36425]]]},"properties":{"set":"overview"}},{"type":"Feature","geometry":{"type":"Polygon","coordinates":[[[90.46444,21.85262],[90.47908,21.85571],[90.487,21.86186],[90.48928,21.87047],[90.4841,21.88767],[90.46984,21.87081],[90.46444,21.85262]]]},"properties":{"set":"overview"}},{"type":"Feature","geometry":{"type":"Polygon","coordinates":[[[90.77905,21.91915],[90.82054,21.96014],[90.82763,21.98695],[90.8228,21.98438],[90.80748,21.95612],[90.78422,21.93075],[90.77905,21.91915]]]},"properties":{"set":"overview"}},{"type":"Feature","geometry":{"type":"Polygon","coordinates":[[[93.81955,19.28269],[93.82721,19.28307],[93.82712,19.28965],[93.82359,19.28524],[93.81955,19.28269]]]},"properties":{"set":"overview"}},{"type":"Feature","geometry":{"type":"Polygon","coordinates":[[[93.6042,19.61842],[93.59856,19.61324],[93.60109,19.60645],[93.60266,19.60841],[93.6042,19.61842]]]},"properties":{"set":"overview"}},{"type":"Feature","geometry":{"type":"Polygon","coordinates":[[[92.32703,20.94313],[92.31895,20.93302],[92.32661,20.92785],[92.33074,20.93088],[92.32703,20.94313]]]},"properties":{"set":"overview"}},{"type":"Feature","geometry":{"type":"Polygon","coordinates":[[[94.18884,18.78523],[94.19082,18.7668],[94.19697,18.76473],[94.2007,18.76804],[94.18884,18.78523]]]},"properties":{"set":"overview"}},{"type":"Feature","geometry":{"type":"Polygon","coordinates":[[[92.8862,20.27433],[92.89619,20.27287],[92.89213,20.27944],[92.88675,20.2797],[92.8862,20.27433]]]},"properties":{"set":"overview"}},{"type":"Feature","geometry":{"type":"Polygon","coordinates":[[[92.9,20.27742],[92.90777,20.28048],[92.90499,20.28538],[92.89819,20.28387],[92.9,20.27742]]]},"properties":{"set":"overview"}},{"type":"Feature","geometry":{"type":"Polygon","coordinates":[[[90.60348,21.97691],[90.5913,21.98208],[90.59135,21.98178],[90.60348,21.97691]]]},"properties":{"set":"overview"}},{"type":"Feature","geometry":{"type":"Polygon","coordinates":[[[88.39623,21.75341],[88.39032,21.73487],[88.3706,21.72695],[88.39461,21.72668],[88.40649,21.71527],[88.40267,21.70077],[88.38263,21.6823],[88.38198,21.66283],[88.39143,21.64072],[88.38561,21.63409],[88.39475,21.62038],[88.39096,21.61103],[88.38493,21.61689],[88.38692,21.61318],[88.4008,21.60172],[88.40488,21.61451],[88.42791,21.62868],[88.42624,21.63702],[88.41164,21.65269],[88.40988,21.67919],[88.41277,21.69839],[88.42819,21.70224],[88.41361,21.72881],[88.40042,21.73817],[88.4003,21.74921],[88.39623,21.75341]]]},"properties":{"set":"overview"}},{"type":"Feature","geometry":{"type":"Polygon","coordinates":[[[88.45693,21.71018],[88.43752,21.70733],[88.41964,21.68965],[88.41808,21.68243],[88.42131,21.65136],[88.44107,21.62824],[88.44808,21.62545],[88.45809,21.64017],[88.46702,21.67891],[88.45693,21.71018]]]},"properties":{"set":"overview"}},{"type":"Feature","geometry":{"type":"Polygon","coordinates":[[[88.63105,21.65644],[88.63461,21.67221],[88.63395,21.67169],[88.63281,21.66946],[88.63277,21.66816],[88.63207,21.66821],[88.63232,21.667],[88.63105,21.65644]]]},"properties":{"set":"overview"}},{"type":"Feature","geometry":{"type":"Polygon","coordinates":[[[93.92899,19.20403],[93.92387,19.21013],[93.92037,19.20262],[93.92512,19.19924],[93.92899,19.20403]]]},"properties":{"set":"overview"}},{"type":"Feature","geometry":{"type":"Polygon","coordinates":[[[87.7,24.0005],[87.7,23.0005],[87.7,21.9995],[87.7,21.66154],[87.71597,21.66767],[87.71665,21.66827],[87.72814,21.67319],[87.73335,21.67536],[87.73457,21.67561],[87.74906,21.68244],[87.7535,21.68504],[87.75822,21.68918],[87.75496,21.6905],[87.7554,21.69113],[87.75007,21.69471],[87.74974,21.69523],[87.75107,21.69707],[87.75175,21.69746],[87.75312,21.69804],[87.75295,21.69765],[87.75327,21.69752],[87.75448,21.6978],[87.76018,21.70026],[87.76355,21.69644],[87.76617,21.69522],[87.7648,21.6952],[87.76257,21.69617],[87.76265,21.69547],[87.76364,21.69449],[87.76642,21.69297],[87.77354,21.69149],[87.77693,21.69113],[87.78284,21.69136],[87.78501,21.69169],[87.78958,21.69342],[87.80127,21.69967],[87.80813,21.70459],[87.82172,21.71286],[87.82538,21.71606],[87.82642,21.71744],[87.82683,21.71879],[87.82678,21.71905],[87.82125,21.72011],[87.82083,21.72411],[87.82922,21.7315],[87.83672,21.73748],[87.84125,21.74265],[87.84434,21.74456],[87.86211,21.75729],[87.86494,21.76255],[87.86884,21.76504],[87.87157,21.76741],[87.87445,21.76899],[87.87546,21.77001],[87.87891,21.77222],[87.88127,21.77465],[87.88165,21.77581],[87.88516,21.77969],[87.88677,21.78211],[87.88945,21.78527],[87.8897,21.78683],[87.88882,21.78988],[87.89551,21.79507],[87.89758,21.7962],[87.90322,21.79838],[87.91309,21.80116],[87.91534,21.80142],[87.91625,21.80231],[87.91974,21.80395],[87.92181,21.80549],[87.92232,21.80629],[87.92287,21.80841],[87.92366,21.80903],[87.92291,21.8101],[87.92296,21.81056],[87.92632,21.81295],[87.93183,21.81772],[87.93684,21.82134],[87.93806,21.82257],[87.94058,21.82437],[87.94168,21.82564],[87.94503,21.82758],[87.94815,21.83015],[87.95362,21.83542],[87.95723,21.83983],[87.95727,21.84099],[87.95824,21.84415],[87.96219,21.84755],[87.96203,21.84791],[87.96449,21.85096],[87.96669,21.8526],[87.96817,21.85412],[87.97071,21.85795],[87.97177,21.86018],[87.9725,21.86058],[87.97323,21.86059],[87.97491,21.86279],[87.97602,21.86299],[87.97724,21.86391],[87.97843,21.86721],[87.97959,21.86805],[87.97999,21.86874],[87.97993,21.86922],[87.98169,21.8736],[87.98413,21.87659],[87.99214,21.88788],[87.9955,21.89393],[87.99935,21.89997],[88.00014,21.90188],[88.00054,21.90249],[88.0034,21.90673],[88.00502,21.91082],[88.00793,21.91632],[88.0085,21.91621],[88.00812,21.9164],[88.0085,21.91669],[88.00804,21.91696],[88.00865,21.91902],[88.00867,21.92024],[88.01093,21.9261],[88.01294,21.93307],[88.01711,21.94157],[88.01932,21.9453],[88.02005,21.94581],[88.01855,21.94645],[88.01907,21.94799],[88.01992,21.94761],[88.02022,21.94821],[88.02102,21.951],[88.0201,21.95154],[88.02013,21.95178],[88.0208,21.95268],[88.02184,21.95232],[88.02258,21.95393],[88.02346,21.95493],[88.02528,21.95936],[88.02623,21.96041],[88.02698,21.96253],[88.02682,21.9637],[88.028,21.9647],[88.02938,21.96668],[88.03138,21.97098],[88.03597,21.98223],[88.03594,21.98293],[88.03808,21.98671],[88.03836,21.988],[88.03948,21.98976],[88.03989,21.98972],[88.04028,21.99032],[88.0399,21.99082],[88.04359,21.99532],[88.04513,21.9995],[88.04641,22.00199],[88.04716,22.00223],[88.04905,22.00498],[88.04951,22.00512],[88.05207,22.00952],[88.05255,22.01109],[88.06103,22.0152],[88.06324,22.015],[88.06548,22.0152],[88.06719,22.0157],[88.0727,22.01843],[88.07411,22.01856],[88.0779,22.02009],[88.07865,22.02091],[88.07946,22.02082],[88.08367,22.02218],[88.08659,22.02392],[88.08624,22.02435],[88.08654,22.02472],[88.08866,22.02538],[88.08956,22.02633],[88.09267,22.02792],[88.10446,22.03601],[88.11131,22.04036],[88.11341,22.04213],[88.11641,22.04375],[88.1434,22.03584],[88.15452,22.02563],[88.17994,21.9995],[88.18701,21.99223],[88.18623,21.99091],[88.18447,21.98826],[88.17785,21.97993],[88.17421,21.97644],[88.17037,21.97187],[88.16854,21.9711],[88.16708,21.9709],[88.16458,21.9692],[88.16274,21.96858],[88.15987,21.9656],[88.1578,21.96208],[88.15664,21.96134],[88.15477,21.95933],[88.15497,21.95911],[88.15479,21.95819],[88.15524,21.95705],[88.1568,21.95535],[88.15678,21.95423],[88.15963,21.94863],[88.16505,21.94262],[88.16699,21.94123],[88.16963,21.9399],[88.17165,21.93782],[88.17384,21.93634],[88.17546,21.93476],[88.17699,21.93197],[88.17806,21.92769],[88.17742,21.92194],[88.1753,21.91459],[88.17491,21.91225],[88.17219,21.90653],[88.17152,21.9044],[88.17134,21.90267],[88.16947,21.89823],[88.16964,21.8976],[88.16884,21.89619],[88.16887,21.89547],[88.16761,21.89217],[88.16693,21.89069],[88.16639,21.89042],[88.16644,21.88944],[88.16559,21.88886],[88.16543,21.88843],[88.16492,21.88258],[88.16434,21.88215],[88.16439,21.88136],[88.1651,21.88024],[88.16508,21.87922],[88.16574,21.87904],[88.16625,21.87743],[88.16682,21.8774],[88.16736,21.87686],[88.16742,21.87656],[88.16654,21.87578],[88.16812,21.8735],[88.16861,21.87376],[88.16874,21.87306],[88.16938,21.87228],[88.16873,21.8712],[88.16959,21.87019],[88.17057,21.8701],[88.17184,21.86858],[88.17115,21.86572],[88.17123,21.86436],[88.17646,21.856],[88.17801,21.85411],[88.19522,21.83738],[88.19877,21.831],[88.20286,21.821],[88.20364,21.81767],[88.20438,21.81644],[88.20458,21.8149],[88.20518,21.814],[88.20519,21.81269],[88.2068,21.80991],[88.20694,21.8087],[88.20851,21.80693],[88.2105,21.8024],[88.21079,21.80231],[88.21174,21.79958],[88.2117,21.79829],[88.21377,21.79212],[88.21359,21.79189],[88.21392,21.79151],[88.2135,21.79102],[88.21411,21.78893],[88.21512,21.78746],[88.21624,21.7868],[88.21654,21.78631],[88.21938,21.77972],[88.22007,21.77632],[88.21957,21.77404],[88.21959,21.77264],[88.22037,21.77185],[88.22048,21.77124],[88.21991,21.76619],[88.2201,21.76388],[88.22933,21.76355],[88.22988,21.76427],[88.23087,21.76424],[88.23235,21.76255],[88.23495,21.76137],[88.23741,21.76074],[88.25754,21.75756],[88.27061,21.75729],[88.27285,21.75658],[88.27466,21.7551],[88.27521,21.75361],[88.27507,21.75235],[88.27393,21.74981],[88.27323,21.74907],[88.27168,21.74395],[88.26929,21.73978],[88.26478,21.7345],[88.26303,21.7316],[88.26323,21.73093],[88.26555,21.73032],[88.26992,21.73079],[88.27134,21.73129],[88.27168,21.73671],[88.27466,21.74321],[88.27665,21.74636],[88.27849,21.75097],[88.27931,21.75114],[88.27953,21.75194],[88.2789,21.7521],[88.27884,21.75244],[88.27956,21.75264],[88.27994,21.75664],[88.27952,21.75806],[88.27844,21.75915],[88.2786,21.76],[88.27785,21.76031],[88.27739,21.75985],[88.27477,21.7617],[88.27506,21.7622],[88.2747,21.76242],[88.27435,21.76207],[88.27316,21.76327],[88.26974,21.76568],[88.26762,21.76807],[88.26626,21.77032],[88.2639,21.77322],[88.2592,21.77856],[88.25769,21.77948],[88.25467,21.78226],[88.25384,21.78385],[88.25163,21.80058],[88.25162,21.80456],[88.253,21.81232],[88.25386,21.81473],[88.25726,21.81803],[88.26448,21.82284],[88.26758,21.82617],[88.27028,21.82858],[88.27666,21.8317],[88.28141,21.83305],[88.28437,21.83508],[88.28535,21.83515],[88.28991,21.83688],[88.29992,21.83867],[88.30026,21.83857],[88.3003,21.83785],[88.3035,21.83822],[88.30404,21.83712],[88.30617,21.83646],[88.30873,21.83673],[88.30971,21.83862],[88.31087,21.84242],[88.31235,21.84259],[88.31116,21.84393],[88.31104,21.84443],[88.31123,21.84711],[88.31085,21.84974],[88.30742,21.85322],[88.31003,21.85604],[88.31061,21.85588],[88.31546,21.8594],[88.32085,21.86136],[88.3211,21.8618],[88.32198,21.86206],[88.32724,21.86272],[88.33023,21.86272],[88.33633,21.86247],[88.34273,21.86006],[88.34329,21.86049],[88.34352,21.85995],[88.34682,21.85932],[88.3523,21.85907],[88.35317,21.85924],[88.35313,21.86015],[88.35481,21.8599],[88.35457,21.86161],[88.35578,21.86225],[88.35627,21.8621],[88.35623,21.86157],[88.35682,21.86221],[88.35722,21.86285],[88.35914,21.86999],[88.36006,21.87215],[88.36134,21.87271],[88.36176,21.8748],[88.36439,21.88251],[88.36531,21.88318],[88.36482,21.88388],[88.36585,21.88982],[88.36642,21.89047],[88.36781,21.89079],[88.36744,21.89172],[88.36644,21.89266],[88.36688,21.89713],[88.36573,21.89723],[88.3658,21.90247],[88.36473,21.90856],[88.36053,21.91483],[88.35906,21.91906],[88.35654,21.9213],[88.35671,21.92186],[88.35751,21.92234],[88.35692,21.92234],[88.35574,21.92169],[88.35473,21.9219],[88.35454,21.92283],[88.35118,21.92545],[88.3506,21.9266],[88.34934,21.92707],[88.34834,21.9283],[88.34742,21.92888],[88.34646,21.93104],[88.34677,21.93124],[88.34658,21.9335],[88.34681,21.93439],[88.34579,21.93888],[88.34682,21.93942],[88.34704,21.9403],[88.3459,21.94427],[88.34591,21.94597],[88.34701,21.94771],[88.34845,21.94876],[88.35209,21.95011],[88.35504,21.94995],[88.35341,21.94884],[88.35281,21.94886],[88.35237,21.94841],[88.3507,21.94795],[88.34979,21.94774],[88.34871,21.94829],[88.34939,21.94754],[88.34874,21.94676],[88.34877,21.94461],[88.34756,21.94333],[88.34823,21.93921],[88.34792,21.93332],[88.3487,21.93318],[88.35009,21.93007],[88.35115,21.92901],[88.35244,21.92838],[88.35466,21.92632],[88.35515,21.92626],[88.35535,21.92575],[88.357,21.92424],[88.35853,21.92414],[88.35858,21.92346],[88.35782,21.92351],[88.35779,21.92329],[88.35871,21.9231],[88.35873,21.92241],[88.36009,21.92067],[88.36129,21.91973],[88.36419,21.91495],[88.36513,21.91453],[88.36557,21.91222],[88.36627,21.91213],[88.36681,21.9096],[88.3682,21.90665],[88.36914,21.9055],[88.37042,21.90045],[88.37053,21.89478],[88.37099,21.89443],[88.37005,21.8934],[88.3697,21.8903],[88.36921,21.88924],[88.36913,21.88464],[88.36845,21.88036],[88.368,21.87915],[88.36792,21.87724],[88.36824,21.87699],[88.36762,21.87639],[88.36653,21.87371],[88.36715,21.87287],[88.36537,21.86971],[88.36496,21.86979],[88.36461,21.86898],[88.36522,21.86827],[88.36305,21.86412],[88.36203,21.8628],[88.36147,21.86108],[88.361,21.86036],[88.36025,21.86003],[88.36015,21.85925],[88.35914,21.85727],[88.35778,21.85606],[88.35648,21.85398],[88.35705,21.85076],[88.35706,21.84742],[88.35662,21.84538],[88.35849,21.84376],[88.35768,21.84197],[88.35685,21.84134],[88.35568,21.83296],[88.35489,21.83058],[88.35543,21.82758],[88.35521,21.827],[88.35537,21.82647],[88.35578,21.82647],[88.35721,21.82184],[88.35952,21.81668],[88.35958,21.81631],[88.35919,21.81607],[88.35961,21.816],[88.36029,21.81439],[88.36191,21.81225],[88.36529,21.81002],[88.36557,21.80697],[88.36517,21.80423],[88.36432,21.80297],[88.36452,21.79832],[88.36505,21.79742],[88.36584,21.79768],[88.37266,21.79633],[88.37731,21.79484],[88.38011,21.79316],[88.38302,21.79281],[88.38386,21.79326],[88.38464,21.79441],[88.39012,21.79913],[88.39093,21.8015],[88.39065,21.80426],[88.38916,21.80436],[88.38911,21.80499],[88.39054,21.80678],[88.39093,21.80817],[88.39073,21.80955],[88.39016,21.80982],[88.38982,21.81334],[88.38813,21.81816],[88.38897,21.8188],[88.38746,21.81842],[88.38672,21.81889],[88.38662,21.8194],[88.38762,21.81967],[88.3876,21.821],[88.38618,21.82088],[88.38548,21.82269],[88.38659,21.82295],[88.3866,21.82332],[88.38511,21.8237],[88.38496,21.82451],[88.38546,21.82454],[88.38551,21.82504],[88.3849,21.82826],[88.38385,21.82849],[88.38372,21.82965],[88.38326,21.82961],[88.38296,21.83034],[88.3835,21.83547],[88.38309,21.83599],[88.3832,21.8364],[88.38499,21.84],[88.38572,21.84237],[88.38628,21.8431],[88.38639,21.84497],[88.38592,21.84816],[88.38905,21.8476],[88.38963,21.84725],[88.38977,21.8479],[88.39128,21.84952],[88.393,21.85225],[88.39373,21.85409],[88.39313,21.85556],[88.39218,21.85558],[88.39258,21.85627],[88.39232,21.85637],[88.39111,21.85967],[88.39132,21.86001],[88.39062,21.86013],[88.39081,21.86102],[88.3899,21.86337],[88.38939,21.86366],[88.38986,21.86478],[88.38993,21.86723],[88.38933,21.8679],[88.38975,21.8683],[88.38983,21.8693],[88.38976,21.86975],[88.38887,21.87061],[88.39081,21.87705],[88.39155,21.87825],[88.39405,21.88024],[88.39696,21.88448],[88.3977,21.88458],[88.39733,21.8848],[88.40516,21.88573],[88.40559,21.88552],[88.40709,21.88583],[88.4074,21.88551],[88.4074,21.88588],[88.40917,21.88645],[88.41086,21.88741],[88.41293,21.88951],[88.41367,21.88972],[88.41551,21.89434],[88.41538,21.89902],[88.41595,21.89995],[88.4161,21.90407],[88.41989,21.90742],[88.42149,21.90825],[88.42344,21.90852],[88.42508,21.90829],[88.42683,21.90721],[88.43041,21.9041],[88.43145,21.90357],[88.43248,21.90344],[88.43352,21.90541],[88.43399,21.90552],[88.43517,21.90756],[88.43478,21.90809],[88.43589,21.90823],[88.43685,21.90875],[88.43741,21.90976],[88.44104,21.91193],[88.44218,21.91204],[88.4426,21.91168],[88.44266,21.91205],[88.44332,21.91229],[88.44597,21.91232],[88.44764,21.91288],[88.44881,21.91384],[88.45005,21.91424],[88.45371,21.91695],[88.45409,21.91959],[88.4564,21.91953],[88.45647,21.92164],[88.45603,21.92337],[88.45418,21.92693],[88.45305,21.92686],[88.45266,21.92804],[88.45159,21.92798],[88.45133,21.9292],[88.45083,21.92929],[88.45128,21.92958],[88.4515,21.93055],[88.45116,21.93105],[88.4511,21.93198],[88.45135,21.93223],[88.45094,21.9324],[88.45018,21.93385],[88.44935,21.93658],[88.45035,21.93987],[88.44994,21.9415],[88.45081,21.94237],[88.45116,21.94384],[88.45227,21.94574],[88.45381,21.947],[88.45401,21.94796],[88.45558,21.94853],[88.46074,21.95162],[88.46135,21.95133],[88.46372,21.95284],[88.46417,21.95257],[88.46399,21.95311],[88.46462,21.95393],[88.46623,21.95438],[88.46764,21.95676],[88.46779,21.95779],[88.46689,21.9594],[88.46569,21.95893],[88.465,21.95964],[88.46264,21.96084],[88.45988,21.96163],[88.45176,21.96166],[88.45055,21.96193],[88.45024,21.96168],[88.44735,21.96232],[88.44608,21.96276],[88.44424,21.96478],[88.44386,21.96635],[88.44402,21.96734],[88.44538,21.97267],[88.447,21.97749],[88.44669,21.98129],[88.44703,21.98452],[88.44665,21.98588],[88.44595,21.98668],[88.44307,21.98768],[88.44273,21.98878],[88.44178,21.98966],[88.44144,21.99104],[88.44261,21.99316],[88.44329,21.9938],[88.44522,21.99449],[88.44762,21.9964],[88.44867,21.9995],[88.44879,21.99991],[88.44927,22.00211],[88.44872,22.00748],[88.44933,22.00874],[88.45089,22.00966],[88.4563,22.01016],[88.45808,22.01068],[88.4601,22.01223],[88.46109,22.01408],[88.46042,22.0207],[88.46004,22.02213],[88.45944,22.02252],[88.4589,22.02658],[88.4592,22.02725],[88.45885,22.02772],[88.46061,22.03441],[88.46083,22.03627],[88.46157,22.03724],[88.46396,22.04543],[88.46526,22.04722],[88.46608,22.04732],[88.46952,22.04526],[88.46961,22.04491],[88.4716,22.04466],[88.47097,22.04396],[88.46986,22.0442],[88.46694,22.04576],[88.46584,22.04597],[88.46413,22.04229],[88.46317,22.03834],[88.46143,22.03341],[88.4605,22.02766],[88.45997,22.02733],[88.46038,22.02704],[88.46073,22.02401],[88.46354,22.01694],[88.46319,22.01396],[88.46282,22.01298],[88.46109,22.01074],[88.45933,22.0094],[88.45606,22.00848],[88.45181,22.00799],[88.4513,22.00769],[88.45052,22.00617],[88.451,22.00282],[88.4505,22.00204],[88.45043,21.9995],[88.44986,21.9979],[88.44708,21.99397],[88.44505,21.99273],[88.4432,21.99076],[88.4434,21.99016],[88.44581,21.99001],[88.44863,21.98729],[88.4497,21.98692],[88.44926,21.98611],[88.44996,21.98504],[88.44986,21.98066],[88.44899,21.97477],[88.44778,21.97072],[88.44765,21.96842],[88.44709,21.96809],[88.44693,21.96751],[88.44703,21.96504],[88.45088,21.96418],[88.45243,21.96434],[88.4529,21.96389],[88.4535,21.96443],[88.45664,21.96446],[88.45688,21.96483],[88.46129,21.96412],[88.46413,21.96411],[88.46855,21.96184],[88.47013,21.96046],[88.47154,21.95803],[88.47087,21.95453],[88.47005,21.95431],[88.46963,21.95356],[88.46748,21.95165],[88.46709,21.95184],[88.46707,21.95142],[88.45931,21.94696],[88.45783,21.94582],[88.45804,21.94527],[88.45661,21.94365],[88.45597,21.94331],[88.45448,21.93901],[88.45446,21.93501],[88.45468,21.9346],[88.45645,21.93339],[88.45765,21.93214],[88.45729,21.9317],[88.45762,21.93051],[88.45929,21.9293],[88.46061,21.92678],[88.46179,21.92568],[88.46268,21.92361],[88.46327,21.92338],[88.46279,21.92293],[88.46297,21.92164],[88.46262,21.91971],[88.46268,21.91804],[88.46193,21.91621],[88.46135,21.91589],[88.46111,21.91401],[88.46048,21.91232],[88.46066,21.91184],[88.45999,21.911],[88.45929,21.91076],[88.45875,21.90971],[88.45885,21.90919],[88.45757,21.90763],[88.4567,21.90454],[88.45618,21.90421],[88.4561,21.9029],[88.45665,21.9011],[88.45866,21.89977],[88.4597,21.89848],[88.46079,21.89821],[88.46069,21.89747],[88.46116,21.89814],[88.462,21.89851],[88.46501,21.89809],[88.46866,21.89825],[88.46936,21.898],[88.47042,21.89682],[88.47202,21.89681],[88.47367,21.8962],[88.47414,21.89651],[88.47432,21.89886],[88.47488,21.90012],[88.47456,21.90095],[88.47546,21.90157],[88.47613,21.90367],[88.477,21.90512],[88.47694,21.90581],[88.4778,21.90652],[88.47833,21.9066],[88.47983,21.90877],[88.4817,21.90939],[88.4827,21.91017],[88.48829,21.91212],[88.49306,21.91336],[88.50419,21.9147],[88.50838,21.9144],[88.51399,21.913],[88.51519,21.91295],[88.51825,21.91373],[88.51976,21.91447],[88.52102,21.91581],[88.52137,21.91698],[88.52254,21.93198],[88.52225,21.93789],[88.52122,21.94072],[88.51958,21.94277],[88.51648,21.94505],[88.50814,21.94904],[88.4996,21.95235],[88.49717,21.9528],[88.4965,21.95364],[88.49473,21.95433],[88.49432,21.95498],[88.49448,21.95545],[88.49333,21.95612],[88.49272,21.95612],[88.49126,21.95777],[88.49044,21.95925],[88.48983,21.96143],[88.4901,21.96462],[88.49046,21.96635],[88.49365,21.9719],[88.4965,21.97575],[88.5017,21.9802],[88.50311,21.98173],[88.507,21.98439],[88.50856,21.98458],[88.51184,21.98636],[88.51311,21.98737],[88.51327,21.98803],[88.51519,21.98912],[88.51689,21.98876],[88.51875,21.98958],[88.52088,21.98995],[88.52342,21.98982],[88.52473,21.98946],[88.5277,21.98771],[88.53083,21.98384],[88.53477,21.98061],[88.53713,21.97961],[88.53955,21.97979],[88.54095,21.98075],[88.54206,21.98197],[88.54383,21.98489],[88.54626,21.99098],[88.54927,21.99725],[88.54996,21.9995],[88.55098,22.00143],[88.55241,22.00287],[88.55365,22.0048],[88.5544,22.00561],[88.55576,22.00603],[88.55755,22.00509],[88.5582,22.00533],[88.55832,22.00482],[88.5588,22.00451],[88.56605,22.0012],[88.57291,21.9995],[88.57544,21.99879],[88.57871,21.99732],[88.57939,21.998],[88.57964,21.99785],[88.57983,21.99692],[88.5815,21.99578],[88.58417,21.99309],[88.58562,21.98916],[88.58785,21.98988],[88.59373,21.9875],[88.59495,21.98725],[88.59574,21.98772],[88.59683,21.98988],[88.59841,21.99003],[88.5991,21.9905],[88.60147,21.99404],[88.60176,21.99605],[88.60379,21.99751],[88.60407,21.99828],[88.6046,21.99854],[88.6052,21.9995],[88.60959,22.00689],[88.60973,22.00783],[88.61298,22.01226],[88.61332,22.01354],[88.6114,22.01719],[88.61108,22.01728],[88.61043,22.01672],[88.60947,22.01693],[88.61014,22.01819],[88.60971,22.01869],[88.60431,22.01982],[88.59999,22.02195],[88.59918,22.02337],[88.59864,22.02311],[88.59925,22.02408],[88.599,22.02703],[88.59985,22.02905],[88.60074,22.03277],[88.60044,22.0381],[88.60069,22.03949],[88.60178,22.04206],[88.60517,22.04602],[88.60572,22.04792],[88.60492,22.0499],[88.59963,22.05692],[88.59767,22.05874],[88.59671,22.06005],[88.5959,22.06294],[88.59583,22.06455],[88.59658,22.06699],[88.60006,22.07102],[88.60107,22.0727],[88.60109,22.07332],[88.60033,22.07424],[88.59897,22.0751],[88.59523,22.07469],[88.59285,22.07423],[88.59238,22.07386],[88.59082,22.0744],[88.59015,22.07514],[88.58976,22.07655],[88.58997,22.07668],[88.59015,22.07933],[88.58979,22.08124],[88.58925,22.08236],[88.58942,22.08262],[88.58906,22.08295],[88.58867,22.0829],[88.58772,22.08378],[88.58591,22.08421],[88.5862,22.08439],[88.58863,22.08399],[88.5905,22.08223],[88.5912,22.08025],[88.591,22.07815],[88.59131,22.07788],[88.59166,22.07572],[88.5924,22.07544],[88.59445,22.07549],[88.59786,22.07637],[88.60068,22.0759],[88.60145,22.07612],[88.60284,22.07238],[88.60271,22.07098],[88.60155,22.07109],[88.59756,22.06591],[88.5972,22.06328],[88.59753,22.06193],[88.59906,22.05966],[88.6004,22.05835],[88.60114,22.0584],[88.60317,22.05645],[88.60274,22.05588],[88.60364,22.05341],[88.60598,22.04994],[88.60692,22.04793],[88.60646,22.04534],[88.60704,22.04515],[88.60722,22.04316],[88.60591,22.04102],[88.60241,22.03727],[88.6027,22.03572],[88.60265,22.03143],[88.60183,22.02872],[88.60164,22.0264],[88.6029,22.02622],[88.60327,22.02449],[88.60479,22.02306],[88.60677,22.02327],[88.60996,22.02307],[88.61394,22.02189],[88.6156,22.02179],[88.61563,22.02142],[88.61582,22.02176],[88.61744,22.02153],[88.61883,22.02347],[88.61937,22.02364],[88.61964,22.02423],[88.62031,22.02468],[88.62066,22.02607],[88.62162,22.02781],[88.62488,22.03179],[88.64216,22.02781],[88.66375,22.02448],[88.6639,22.02409],[88.66437,22.02392],[88.67542,22.02272],[88.68081,22.02039],[88.68261,22.01878],[88.68409,22.01849],[88.6858,22.01747],[88.68952,22.01635],[88.69439,22.01431],[88.69709,22.01244],[88.70178,22.00796],[88.70554,22.00743],[88.71159,22.00958],[88.71575,22.01036],[88.71896,22.00748],[88.72087,22.00614],[88.72157,22.0061],[88.72196,22.00658],[88.72294,22.00657],[88.72426,22.00722],[88.72494,22.00767],[88.72491,22.00805],[88.72572,22.00783],[88.73376,22.01219],[88.73431,22.013],[88.73517,22.01357],[88.73549,22.01445],[88.73776,22.01599],[88.73986,22.01929],[88.73964,22.02106],[88.73645,22.02933],[88.73568,22.03119],[88.73429,22.03293],[88.73462,22.03443],[88.73431,22.03486],[88.73893,22.05764],[88.73913,22.05984],[88.73942,22.0602],[88.73988,22.06635],[88.74072,22.06709],[88.74131,22.06825],[88.74219,22.07235],[88.74293,22.07371],[88.74737,22.07823],[88.74823,22.08021],[88.75129,22.0834],[88.75448,22.08607],[88.76032,22.0891],[88.76892,22.09215],[88.76949,22.0926],[88.77014,22.10041],[88.77154,22.10671],[88.77285,22.1073],[88.77737,22.11126],[88.78083,22.11312],[88.78493,22.11424],[88.78731,22.11445],[88.78772,22.11476],[88.79177,22.11438],[88.79434,22.11447],[88.79512,22.11549],[88.79548,22.1167],[88.79559,22.12059],[88.79728,22.12281],[88.79774,22.12409],[88.80092,22.12817],[88.80215,22.12933],[88.80512,22.13085],[88.80841,22.13141],[88.81105,22.1313],[88.81518,22.12991],[88.81786,22.12846],[88.82104,22.1273],[88.83165,22.1271],[88.83307,22.12638],[88.8375,22.12557],[88.84315,22.12409],[88.84518,22.12294],[88.84717,22.12082],[88.84891,22.11767],[88.84973,22.11482],[88.84982,22.10836],[88.851,22.1051],[88.85252,22.10274],[88.85395,22.1011],[88.86216,22.09441],[88.86681,22.09146],[88.86799,22.09034],[88.87135,22.08812],[88.87961,22.08574],[88.8822,22.08565],[88.88441,22.086],[88.8905,22.08989],[88.89392,22.09084],[88.89678,22.09101],[88.8987,22.0904],[88.89978,22.0905],[88.90204,22.09014],[88.9077,22.08765],[88.91468,22.09027],[88.91756,22.09225],[88.92098,22.09626],[88.92232,22.09826],[88.92457,22.10426],[88.92491,22.1058],[88.92451,22.1082],[88.92355,22.11015],[88.92135,22.11313],[88.91762,22.11695],[88.91389,22.12132],[88.90948,22.12555],[88.90578,22.13043],[88.90154,22.1386],[88.89978,22.14773],[88.89624,22.15132],[88.89304,22.15577],[88.8895,22.15989],[88.88636,22.16493],[88.88616,22.16826],[88.88719,22.17148],[88.88851,22.17357],[88.89011,22.17515],[88.89356,22.17741],[88.89688,22.17829],[88.89967,22.17832],[88.90339,22.1769],[88.90524,22.17569],[88.90801,22.17273],[88.90806,22.1722],[88.91026,22.16938],[88.9117,22.16804],[88.91486,22.16635],[88.91652,22.16586],[88.9186,22.16578],[88.91936,22.16693],[88.91919,22.16733],[88.92009,22.1681],[88.91992,22.16927],[88.92041,22.17005],[88.92148,22.17454],[88.92522,22.1796],[88.92663,22.17998],[88.92763,22.17983],[88.93203,22.17772],[88.93349,22.1804],[88.9355,22.18198],[88.93802,22.18285],[88.94363,22.18373],[88.94488,22.18429],[88.9445,22.18514],[88.9405,22.18879],[88.9401,22.18972],[88.94035,22.19126],[88.94198,22.19272],[88.94384,22.19304],[88.9488,22.19183],[88.95222,22.19147],[88.9573,22.19228],[88.95753,22.19197],[88.95817,22.19214],[88.9581,22.19261],[88.95965,22.19277],[88.96097,22.1939],[88.96131,22.19589],[88.96106,22.19897],[88.95752,22.20719],[88.96477,22.21168],[88.9764,22.20788],[88.97917,22.20655],[88.98415,22.20583],[88.98581,22.20599],[88.98904,22.20789],[88.9957,22.21087],[88.99608,22.21197],[88.997,22.21299],[88.99912,22.21303],[89.00054,22.21233],[89.00104,22.21172],[89.00206,22.21165],[89.00236,22.2121],[89.00363,22.21182],[89.00538,22.21197],[89.01088,22.21037],[89.01282,22.21028],[89.01488,22.20945],[89.01538,22.21032],[89.01591,22.21028],[89.01552,22.21044],[89.01573,22.2116],[89.01665,22.21346],[89.02003,22.21497],[89.02301,22.21558],[89.025,22.21556],[89.02617,22.21521],[89.02886,22.21364],[89.03148,22.21512],[89.03254,22.21411],[89.03465,22.21112],[89.03481,22.20978],[89.0339,22.20776],[89.03445,22.20666],[89.04089,22.20584],[89.04175,22.2062],[89.04307,22.20764],[89.04389,22.20788],[89.04454,22.20774],[89.04565,22.20661],[89.04646,22.20507],[89.04667,22.20252],[89.04715,22.2022],[89.04802,22.20247],[89.05137,22.20454],[89.05256,22.20459],[89.05342,22.20365],[89.05397,22.20209],[89.05361,22.19962],[89.05384,22.19907],[89.05504,22.19827],[89.05919,22.19688],[89.06013,22.19497],[89.06161,22.19439],[89.06201,22.19352],[89.06188,22.19269],[89.06054,22.19096],[89.05758,22.19138],[89.05533,22.19266],[89.05502,22.19207],[89.05537,22.19181],[89.05469,22.19029],[89.05417,22.19011],[89.05444,22.18992],[89.05387,22.18865],[89.05372,22.18656],[89.05458,22.18429],[89.06084,22.17989],[89.06169,22.17966],[89.06316,22.17988],[89.06753,22.18683],[89.06873,22.18982],[89.06875,22.19274],[89.06675,22.19669],[89.07287,22.20107],[89.07329,22.20113],[89.07263,22.20429],[89.0728,22.20712],[89.07376,22.20966],[89.07549,22.21223],[89.08281,22.21989],[89.08704,22.22267],[89.08883,22.2232],[89.09088,22.22339],[89.09791,22.22169],[89.10009,22.2216],[89.10195,22.22214],[89.10315,22.22281],[89.10409,22.2239],[89.10443,22.22523],[89.10426,22.22616],[89.10362,22.22704],[89.10167,22.22839],[89.08683,22.23572],[89.08166,22.23739],[89.07415,22.23836],[89.07132,22.23918],[89.06663,22.24189],[89.06524,22.24308],[89.06465,22.24377],[89.06368,22.24612],[89.06262,22.25237],[89.06097,22.25528],[89.05981,22.2563],[89.05817,22.25716],[89.05431,22.25787],[89.05256,22.25848],[89.05164,22.25909],[89.05116,22.26002],[89.05121,22.26121],[89.05197,22.26303],[89.05475,22.26726],[89.05636,22.26886],[89.05838,22.27195],[89.05889,22.2716],[89.0569,22.26851],[89.05259,22.263],[89.05177,22.26137],[89.05159,22.26025],[89.05211,22.2594],[89.05311,22.25879],[89.05886,22.25755],[89.06125,22.25599],[89.06308,22.25312],[89.06439,22.24605],[89.06497,22.2445],[89.066,22.24301],[89.0705,22.24024],[89.07303,22.23925],[89.0822,22.23797],[89.08788,22.23607],[89.10263,22.229],[89.10457,22.22715],[89.10529,22.22556],[89.10509,22.22407],[89.10418,22.22273],[89.10269,22.22146],[89.10095,22.22077],[89.09842,22.22063],[89.09185,22.22211],[89.08986,22.22225],[89.08768,22.2218],[89.08527,22.22029],[89.07738,22.2122],[89.07471,22.20861],[89.07414,22.20698],[89.07397,22.20507],[89.07436,22.20206],[89.07487,22.20064],[89.07616,22.19948],[89.07834,22.19835],[89.07919,22.19744],[89.08071,22.19786],[89.08238,22.1974],[89.08382,22.196],[89.08518,22.1929],[89.08574,22.19257],[89.08705,22.19259],[89.09459,22.19626],[89.09795,22.19974],[89.09848,22.20099],[89.09789,22.20589],[89.09815,22.2069],[89.09872,22.20761],[89.10261,22.20936],[89.10602,22.21222],[89.10775,22.21331],[89.10948,22.21385],[89.11176,22.21371],[89.11273,22.21299],[89.11327,22.21179],[89.11278,22.20736],[89.1129,22.20434],[89.11483,22.19785],[89.1156,22.19657],[89.11969,22.19224],[89.12396,22.18515],[89.12511,22.18413],[89.12666,22.18447],[89.12878,22.18651],[89.13504,22.19539],[89.13458,22.19549],[89.13466,22.19579],[89.135,22.1959],[89.13518,22.19552],[89.1393,22.19748],[89.14495,22.20202],[89.15413,22.20566],[89.15771,22.20645],[89.16108,22.20881],[89.16709,22.20911],[89.16945,22.21073],[89.16971,22.21221],[89.16935,22.21295],[89.16868,22.21345],[89.16361,22.21521],[89.1616,22.21547],[89.15857,22.21633],[89.15509,22.21873],[89.15397,22.22057],[89.15368,22.22208],[89.15331,22.22226],[89.15371,22.22232],[89.15435,22.22582],[89.155,22.22642],[89.15562,22.22772],[89.15677,22.22879],[89.15836,22.22956],[89.16197,22.23045],[89.16209,22.23024],[89.16534,22.22985],[89.16776,22.2292],[89.16942,22.22917],[89.1708,22.22991],[89.17311,22.23285],[89.17568,22.23433],[89.17715,22.23412],[89.17798,22.23368],[89.1789,22.23241],[89.1803,22.22897],[89.18093,22.22881],[89.18181,22.2294],[89.18231,22.23316],[89.18282,22.23469],[89.18413,22.23618],[89.18558,22.23712],[89.18781,22.23753],[89.18988,22.23744],[89.19866,22.23586],[89.19937,22.23607],[89.19949,22.23778],[89.19607,22.24331],[89.19428,22.24883],[89.19216,22.2515],[89.19119,22.25464],[89.19109,22.25586],[89.19175,22.25853],[89.1937,22.26134],[89.19719,22.27006],[89.19867,22.27139],[89.20133,22.27224],[89.20148,22.27351],[89.20107,22.27533],[89.20169,22.27515],[89.20212,22.27345],[89.2021,22.27245],[89.20169,22.2715],[89.20241,22.27152],[89.20398,22.26665],[89.2054,22.2664],[89.20774,22.26748],[89.21027,22.26817],[89.21281,22.26827],[89.21477,22.26784],[89.21629,22.26709],[89.21736,22.26588],[89.21929,22.26219],[89.21977,22.26041],[89.21934,22.25802],[89.21864,22.25704],[89.21772,22.2566],[89.21215,22.25583],[89.20747,22.2543],[89.20551,22.25332],[89.20437,22.2524],[89.20395,22.25147],[89.20448,22.25027],[89.2063,22.25001],[89.21891,22.2519],[89.22738,22.25477],[89.22905,22.25481],[89.22999,22.25471],[89.23127,22.25316],[89.23321,22.24988],[89.23458,22.24892],[89.23722,22.24852],[89.23776,22.24792],[89.23795,22.24832],[89.23929,22.24832],[89.23954,22.24822],[89.23958,22.2476],[89.24018,22.24765],[89.24144,22.24892],[89.24303,22.25121],[89.24304,22.25186],[89.244,22.2536],[89.24388,22.25398],[89.2444,22.25508],[89.24288,22.26003],[89.24266,22.26218],[89.24312,22.26473],[89.24657,22.27228],[89.24978,22.27711],[89.25215,22.27914],[89.25231,22.27985],[89.25513,22.28141],[89.25771,22.28425],[89.2646,22.28559],[89.27093,22.2872],[89.27459,22.28991],[89.27565,22.2912],[89.27545,22.29287],[89.27447,22.29613],[89.27388,22.30186],[89.27314,22.30459],[89.27301,22.30885],[89.26884,22.31296],[89.26481,22.31785],[89.26397,22.31812],[89.26335,22.31922],[89.261,22.32172],[89.25982,22.32236],[89.25895,22.32409],[89.25626,22.32637],[89.25318,22.33112],[89.25193,22.33206],[89.24877,22.33538],[89.2476,22.33792],[89.24783,22.33859],[89.24713,22.3446],[89.24886,22.34825],[89.25041,22.34963],[89.25051,22.35023],[89.25171,22.35059],[89.25467,22.35239],[89.25682,22.35218],[89.25769,22.3515],[89.26102,22.35163],[89.26076,22.35257],[89.25865,22.35554],[89.25869,22.35605],[89.25916,22.35649],[89.26049,22.35516],[89.26115,22.35498],[89.2623,22.3526],[89.26289,22.35239],[89.26334,22.35267],[89.26374,22.35229],[89.26445,22.35228],[89.26533,22.35013],[89.26759,22.34891],[89.27035,22.34575],[89.27252,22.34511],[89.2735,22.34561],[89.27367,22.34669],[89.27332,22.34713],[89.27317,22.34907],[89.27168,22.35212],[89.269,22.35583],[89.2668,22.3602],[89.26597,22.36024],[89.26511,22.36106],[89.26506,22.36154],[89.2659,22.36203],[89.26483,22.36477],[89.26426,22.36492],[89.26372,22.36753],[89.26135,22.37291],[89.25941,22.37587],[89.25888,22.3761],[89.2581,22.37707],[89.25703,22.37732],[89.25563,22.37715],[89.25231,22.37435],[89.24763,22.36931],[89.24613,22.36835],[89.24512,22.36807],[89.24487,22.36726],[89.24349,22.36741],[89.24112,22.36694],[89.23581,22.36865],[89.23561,22.36931],[89.23311,22.37214],[89.23263,22.37491],[89.23227,22.37529],[89.23291,22.38013],[89.23353,22.38158],[89.23409,22.38153],[89.23485,22.38272],[89.23636,22.38306],[89.23679,22.38364],[89.23789,22.38374],[89.23834,22.3845],[89.23885,22.38439],[89.23994,22.3851],[89.24047,22.38493],[89.24413,22.38519],[89.24594,22.3856],[89.24757,22.38659],[89.24913,22.38689],[89.25277,22.38913],[89.25259,22.38963],[89.25331,22.39008],[89.25424,22.39176],[89.2545,22.39339],[89.25517,22.39479],[89.25526,22.39639],[89.25562,22.39685],[89.25525,22.39714],[89.25528,22.39764],[89.25584,22.398],[89.25552,22.39812],[89.25552,22.40104],[89.25502,22.4011],[89.25393,22.40385],[89.25696,22.40456],[89.25852,22.39967],[89.25873,22.39692],[89.25832,22.39441],[89.25598,22.38885],[89.25242,22.3852],[89.24922,22.38328],[89.24755,22.38304],[89.24397,22.38156],[89.2437,22.38212],[89.24136,22.38197],[89.24058,22.38223],[89.23903,22.38203],[89.23811,22.38159],[89.23778,22.38172],[89.23628,22.37933],[89.23563,22.37884],[89.23521,22.37666],[89.23559,22.37618],[89.23605,22.37617],[89.2361,22.37572],[89.23674,22.37564],[89.23675,22.37498],[89.23622,22.37487],[89.23654,22.37333],[89.23706,22.37321],[89.23743,22.37216],[89.23857,22.37069],[89.23908,22.37037],[89.24033,22.37027],[89.24171,22.37049],[89.24173,22.37085],[89.24387,22.37141],[89.2462,22.37256],[89.24845,22.37541],[89.24929,22.37752],[89.25137,22.37964],[89.25228,22.38016],[89.25317,22.38027],[89.25297,22.38068],[89.25322,22.38107],[89.25834,22.38009],[89.25877,22.37972],[89.2612,22.37918],[89.26297,22.37836],[89.26362,22.37854],[89.26493,22.3774],[89.26648,22.37664],[89.26856,22.37433],[89.26967,22.36885],[89.27371,22.35994],[89.27442,22.35897],[89.27487,22.35765],[89.27474,22.3569],[89.27526,22.35647],[89.27529,22.35518],[89.27635,22.35357],[89.27611,22.3527],[89.27706,22.35115],[89.27761,22.34937],[89.27772,22.34649],[89.27713,22.3448],[89.27707,22.34367],[89.27585,22.34319],[89.27307,22.34081],[89.2718,22.34061],[89.27052,22.34089],[89.26854,22.34063],[89.26667,22.34137],[89.26135,22.34253],[89.25611,22.34312],[89.25429,22.34299],[89.25405,22.3433],[89.25259,22.34286],[89.25259,22.34106],[89.25365,22.33789],[89.2551,22.33585],[89.25497,22.33533],[89.25637,22.33363],[89.25706,22.33346],[89.25746,22.33265],[89.25817,22.3323],[89.25922,22.33072],[89.2618,22.32852],[89.26274,22.32831],[89.26493,22.327],[89.2667,22.3255],[89.27153,22.3233],[89.27395,22.32133],[89.27408,22.32069],[89.2748,22.32027],[89.27485,22.3198],[89.27722,22.3166],[89.27934,22.31165],[89.28029,22.3103],[89.28047,22.30904],[89.28152,22.30729],[89.28182,22.30593],[89.28255,22.30561],[89.28278,22.30486],[89.28356,22.30142],[89.28368,22.30008],[89.28332,22.29951],[89.2836,22.29634],[89.28387,22.29525],[89.28442,22.29525],[89.28465,22.29457],[89.28457,22.2943],[89.28406,22.29422],[89.28411,22.29339],[89.28496,22.29303],[89.28487,22.29254],[89.28427,22.29224],[89.28426,22.29141],[89.28464,22.29083],[89.28445,22.28793],[89.28588,22.28775],[89.28628,22.28737],[89.28698,22.28742],[89.28713,22.28785],[89.28799,22.28809],[89.28836,22.288],[89.28853,22.28751],[89.29379,22.28796],[89.29435,22.28824],[89.29457,22.28886],[89.2955,22.28876],[89.29604,22.28926],[89.29749,22.28968],[89.30067,22.29134],[89.30431,22.2926],[89.30991,22.29259],[89.31626,22.29122],[89.31839,22.29056],[89.32058,22.28948],[89.32283,22.28653],[89.32414,22.28429],[89.32448,22.28252],[89.324,22.27873],[89.3214,22.27285],[89.32066,22.27193],[89.31719,22.26947],[89.31581,22.26906],[89.31313,22.26748],[89.31005,22.2667],[89.30919,22.26528],[89.30893,22.26367],[89.30761,22.26333],[89.30709,22.26524],[89.30661,22.26506],[89.30617,22.26557],[89.30487,22.26529],[89.29981,22.26269],[89.29877,22.26174],[89.29888,22.26153],[89.29749,22.25984],[89.29781,22.2594],[89.29612,22.25741],[89.29571,22.25558],[89.29604,22.25395],[89.29688,22.25227],[89.29966,22.249],[89.30093,22.24795],[89.30179,22.24785],[89.30202,22.24737],[89.30423,22.24594],[89.30612,22.24546],[89.30636,22.24497],[89.3081,22.2441],[89.30976,22.24231],[89.31097,22.24166],[89.31249,22.23942],[89.3148,22.2326],[89.31493,22.22876],[89.31458,22.22595],[89.31379,22.22409],[89.31041,22.21958],[89.30906,22.2184],[89.3087,22.21669],[89.3139,22.21351],[89.31447,22.21264],[89.31625,22.21156],[89.31709,22.21071],[89.31823,22.20902],[89.31903,22.20858],[89.32044,22.2058],[89.32121,22.20526],[89.321,22.20464],[89.32127,22.20397],[89.32183,22.20361],[89.32188,22.20277],[89.32243,22.20243],[89.32366,22.19961],[89.32561,22.20021],[89.32595,22.20083],[89.32584,22.20258],[89.32407,22.20733],[89.32497,22.21023],[89.32638,22.21294],[89.32898,22.21578],[89.33214,22.21735],[89.33864,22.21787],[89.34111,22.21744],[89.3421,22.21797],[89.34264,22.21983],[89.34203,22.22045],[89.34207,22.22223],[89.34147,22.22334],[89.34125,22.22465],[89.341,22.22504],[89.34039,22.22515],[89.33989,22.22752],[89.33764,22.22752],[89.33761,22.22838],[89.33919,22.23015],[89.34009,22.23056],[89.34065,22.23047],[89.34152,22.23144],[89.34196,22.23436],[89.3444,22.23661],[89.3443,22.23733],[89.34482,22.23819],[89.34586,22.23815],[89.34749,22.24002],[89.35016,22.24212],[89.35201,22.24407],[89.35275,22.24569],[89.35267,22.24705],[89.35132,22.2476],[89.34643,22.24829],[89.34614,22.24806],[89.34495,22.24855],[89.34425,22.2482],[89.34278,22.24808],[89.34179,22.24656],[89.34106,22.24628],[89.34011,22.24483],[89.33896,22.24455],[89.33762,22.2448],[89.33773,22.24707],[89.33857,22.2475],[89.33865,22.24843],[89.33925,22.24939],[89.33762,22.25042],[89.33688,22.25194],[89.33592,22.25285],[89.33552,22.25387],[89.33505,22.25427],[89.33515,22.25463],[89.33631,22.25648],[89.33797,22.25772],[89.33836,22.25767],[89.33896,22.2585],[89.34168,22.25982],[89.34465,22.26072],[89.34725,22.26107],[89.34731,22.26178],[89.34613,22.26288],[89.34328,22.26399],[89.33887,22.26656],[89.33451,22.26857],[89.334,22.2688],[89.33264,22.26852],[89.3328,22.26918],[89.3296,22.27034],[89.32951,22.2707],[89.32719,22.27212],[89.32579,22.27552],[89.32604,22.2775],[89.32743,22.27977],[89.33167,22.28427],[89.33185,22.28497],[89.33156,22.28552],[89.33195,22.28609],[89.33023,22.2873],[89.32986,22.28662],[89.32797,22.2875],[89.32677,22.289],[89.31125,22.29568],[89.30996,22.29682],[89.30915,22.29799],[89.3083,22.29976],[89.30823,22.30074],[89.3096,22.30303],[89.31048,22.30359],[89.31186,22.30386],[89.31562,22.30348],[89.32313,22.30198],[89.32577,22.302],[89.32813,22.30247],[89.33089,22.30377],[89.33172,22.30434],[89.33152,22.30484],[89.33201,22.30453],[89.33431,22.30649],[89.33931,22.30957],[89.34234,22.31061],[89.35037,22.31208],[89.35148,22.31265],[89.35156,22.31332],[89.35073,22.31537],[89.34705,22.32115],[89.34368,22.32873],[89.3424,22.33088],[89.34133,22.33175],[89.33977,22.33245],[89.33142,22.33397],[89.3281,22.33488],[89.32692,22.33586],[89.32666,22.33727],[89.32756,22.33968],[89.33065,22.34326],[89.33143,22.34467],[89.33142,22.34565],[89.33106,22.34586],[89.33139,22.34596],[89.33134,22.34628],[89.33004,22.35021],[89.3298,22.35436],[89.33024,22.36069],[89.33108,22.36512],[89.32921,22.3662],[89.32905,22.36434],[89.3288,22.36394],[89.3283,22.36383],[89.32691,22.36462],[89.3271,22.36576],[89.32631,22.3674],[89.32726,22.36811],[89.32759,22.36774],[89.32721,22.36706],[89.3277,22.36676],[89.32816,22.36814],[89.33007,22.36851],[89.33144,22.36813],[89.3335,22.37124],[89.3349,22.3719],[89.33725,22.37254],[89.34098,22.37266],[89.34184,22.37301],[89.3422,22.37356],[89.34283,22.37649],[89.34347,22.38198],[89.3443,22.38378],[89.34624,22.38673],[89.34671,22.38642],[89.34406,22.38172],[89.34351,22.37605],[89.34245,22.37262],[89.34562,22.37076],[89.34787,22.37006],[89.35008,22.37025],[89.35226,22.37153],[89.3539,22.37434],[89.3547,22.3777],[89.35481,22.37979],[89.3542,22.38536],[89.35271,22.39338],[89.35285,22.39561],[89.35386,22.39709],[89.35523,22.39731],[89.3583,22.39667],[89.36061,22.39533],[89.36502,22.39208],[89.36641,22.39159],[89.3649,22.39531],[89.36408,22.39954],[89.36232,22.40434],[89.36155,22.40863],[89.36176,22.41261],[89.36145,22.41388],[89.35666,22.41512],[89.35601,22.41626],[89.35577,22.41778],[89.35695,22.4193],[89.36012,22.42221],[89.36131,22.4273],[89.36216,22.42848],[89.36408,22.42998],[89.36488,22.43128],[89.36501,22.43321],[89.36339,22.43903],[89.36317,22.44145],[89.36673,22.45221],[89.36824,22.45503],[89.36823,22.45613],[89.36776,22.45689],[89.36576,22.4576],[89.36364,22.4578],[89.36178,22.45761],[89.36089,22.45689],[89.35825,22.45348],[89.35496,22.45152],[89.35321,22.45139],[89.34971,22.45265],[89.34723,22.45473],[89.34652,22.45622],[89.34468,22.46284],[89.34363,22.46414],[89.34283,22.46393],[89.33841,22.45978],[89.33673,22.45913],[89.33497,22.45885],[89.33355,22.45909],[89.33098,22.46083],[89.32914,22.46165],[89.32454,22.46305],[89.32172,22.46335],[89.31565,22.46284],[89.3156,22.46435],[89.32264,22.46485],[89.32564,22.46438],[89.33069,22.46266],[89.33425,22.46023],[89.33519,22.46004],[89.3365,22.46041],[89.33802,22.46138],[89.34187,22.46485],[89.34303,22.46547],[89.34389,22.46548],[89.34498,22.46499],[89.34605,22.46348],[89.34761,22.45749],[89.34853,22.45541],[89.35,22.45405],[89.35181,22.453],[89.3537,22.45278],[89.35667,22.45401],[89.35823,22.45549],[89.35971,22.45788],[89.36059,22.45866],[89.36344,22.45923],[89.36712,22.45867],[89.36826,22.45829],[89.36916,22.45761],[89.37028,22.4558],[89.37414,22.45348],[89.3756,22.45337],[89.37797,22.45466],[89.37895,22.4546],[89.37955,22.45388],[89.37996,22.45179],[89.38069,22.45019],[89.38185,22.44861],[89.38306,22.44762],[89.38388,22.44737],[89.38477,22.44756],[89.38666,22.44949],[89.38812,22.44978],[89.38894,22.44932],[89.38936,22.44867],[89.39011,22.44579],[89.39065,22.44482],[89.39441,22.44466],[89.39737,22.44344],[89.39846,22.44332],[89.39965,22.44381],[89.40058,22.44577],[89.40144,22.44668],[89.40563,22.44816],[89.41166,22.45152],[89.41483,22.45559],[89.41623,22.45668],[89.41749,22.45722],[89.41746,22.46155],[89.42588,22.46145],[89.43509,22.462],[89.43573,22.4601],[89.43585,22.45869],[89.43644,22.45823],[89.43597,22.45665],[89.43699,22.45567],[89.43607,22.4552],[89.43579,22.44911],[89.43438,22.43934],[89.43603,22.43091],[89.43628,22.42773],[89.43808,22.42405],[89.43979,22.42187],[89.44355,22.41923],[89.4443,22.41758],[89.44549,22.41658],[89.44895,22.41059],[89.44851,22.4096],[89.44824,22.40741],[89.44958,22.39664],[89.44862,22.39142],[89.44845,22.38385],[89.44794,22.38063],[89.44694,22.37661],[89.44661,22.37329],[89.44497,22.36825],[89.4441,22.36598],[89.44255,22.36361],[89.43914,22.35947],[89.4359,22.35632],[89.43555,22.35546],[89.43707,22.35272],[89.44156,22.34702],[89.44577,22.33969],[89.44756,22.33721],[89.45109,22.33379],[89.45935,22.32689],[89.46692,22.31864],[89.46988,22.31521],[89.47147,22.31135],[89.47413,22.30716],[89.47858,22.3089],[89.48034,22.31032],[89.48087,22.31243],[89.48061,22.31399],[89.47976,22.31579],[89.47858,22.31754],[89.47692,22.31921],[89.47427,22.32132],[89.46184,22.32944],[89.45745,22.33325],[89.45636,22.33462],[89.45542,22.33672],[89.45517,22.33787],[89.45543,22.34051],[89.45699,22.34271],[89.45793,22.34324],[89.46252,22.3438],[89.46631,22.34334],[89.47401,22.34131],[89.4794,22.33958],[89.48359,22.33784],[89.48467,22.33799],[89.48511,22.33837],[89.48533,22.33922],[89.48423,22.348],[89.48434,22.35746],[89.48535,22.36278],[89.4868,22.36661],[89.48826,22.36871],[89.48812,22.37011],[89.487,22.37047],[89.48028,22.36911],[89.47594,22.36873],[89.47221,22.36886],[89.47177,22.36959],[89.47241,22.36991],[89.47888,22.37002],[89.48731,22.37151],[89.48899,22.3709],[89.48967,22.36965],[89.48956,22.36877],[89.48728,22.36433],[89.48586,22.35955],[89.48582,22.34658],[89.48682,22.33911],[89.48777,22.33716],[89.48719,22.33654],[89.48309,22.33607],[89.47152,22.34004],[89.46238,22.34185],[89.46073,22.34172],[89.4584,22.34106],[89.45752,22.34016],[89.45713,22.3386],[89.45801,22.33592],[89.45996,22.33349],[89.46177,22.33201],[89.47621,22.3226],[89.48032,22.31867],[89.48207,22.31602],[89.48271,22.31449],[89.4829,22.31305],[89.48258,22.31017],[89.48136,22.30821],[89.47701,22.3044],[89.47619,22.30268],[89.47606,22.30146],[89.47955,22.29435],[89.48093,22.2926],[89.48431,22.28981],[89.48719,22.28645],[89.48895,22.28274],[89.49088,22.2761],[89.49161,22.26798],[89.49202,22.2666],[89.49264,22.267],[89.49312,22.26787],[89.49501,22.27638],[89.49506,22.28151],[89.49569,22.28699],[89.49509,22.28885],[89.49373,22.2904],[89.4871,22.29546],[89.48501,22.29747],[89.48414,22.29964],[89.48435,22.30133],[89.4849,22.3026],[89.48952,22.30687],[89.49021,22.30701],[89.49281,22.3054],[89.49554,22.29883],[89.49619,22.29794],[89.49847,22.29681],[89.50185,22.29641],[89.50651,22.29655],[89.50807,22.29695],[89.51531,22.30153],[89.51609,22.30135],[89.51564,22.30068],[89.51204,22.29876],[89.5086,22.2961],[89.50581,22.29561],[89.50135,22.29539],[89.49815,22.29584],[89.4954,22.29706],[89.49429,22.29845],[89.49341,22.30154],[89.4921,22.30428],[89.49098,22.30544],[89.48967,22.30522],[89.48879,22.30476],[89.48593,22.3022],[89.4854,22.30112],[89.48524,22.29961],[89.48605,22.29795],[89.4878,22.29629],[89.49523,22.29077],[89.49657,22.28862],[89.49697,22.28631],[89.49579,22.27225],[89.49501,22.26816],[89.49379,22.26432],[89.49044,22.25826],[89.48703,22.25037],[89.48468,22.24617],[89.48222,22.23965],[89.47709,22.23072],[89.47668,22.22946],[89.47915,22.22064],[89.48492,22.20674],[89.4886,22.19695],[89.49232,22.18275],[89.49655,22.17228],[89.50076,22.15972],[89.50292,22.15192],[89.50818,22.13765],[89.51084,22.13164],[89.51236,22.12739],[89.51449,22.11826],[89.51685,22.11056],[89.51838,22.10277],[89.52088,22.10005],[89.52304,22.09824],[89.52424,22.09767],[89.52571,22.09806],[89.52848,22.09746],[89.53572,22.09697],[89.54073,22.0961],[89.54236,22.09727],[89.54307,22.09742],[89.5452,22.10471],[89.5473,22.1097],[89.54776,22.11172],[89.54658,22.11341],[89.5443,22.11476],[89.54037,22.11798],[89.5392,22.1195],[89.53825,22.12141],[89.53683,22.12786],[89.53677,22.13284],[89.53721,22.1351],[89.53907,22.1368],[89.53961,22.1363],[89.53842,22.13497],[89.53788,22.13334],[89.53777,22.13154],[89.53799,22.12842],[89.53924,22.12191],[89.54021,22.12001],[89.54178,22.1181],[89.54567,22.11524],[89.54818,22.11427],[89.54908,22.11175],[89.54909,22.10976],[89.54781,22.10693],[89.5451,22.09763],[89.54349,22.09457],[89.5427,22.0942],[89.54161,22.09435],[89.54037,22.09398],[89.53971,22.09437],[89.53703,22.09494],[89.53247,22.09549],[89.52952,22.09566],[89.52711,22.09548],[89.52661,22.09509],[89.52683,22.09439],[89.52851,22.09234],[89.53114,22.09059],[89.53379,22.08448],[89.53539,22.07491],[89.53555,22.07156],[89.53518,22.06533],[89.53412,22.05796],[89.53218,22.05263],[89.52918,22.04679],[89.52767,22.04207],[89.51984,22.03052],[89.5154,22.02311],[89.51057,22.01683],[89.51052,22.01525],[89.5109,22.01442],[89.51203,22.0137],[89.51257,22.01279],[89.51359,22.01259],[89.51409,22.01216],[89.51883,22.00636],[89.52041,22.00543],[89.52105,22.00421],[89.52192,22.00383],[89.52224,22.00317],[89.52351,22.00229],[89.52434,22.00196],[89.52448,22.00138],[89.52531,22.00115],[89.52675,21.99982],[89.52753,21.9995],[89.52777,21.99918],[89.52972,21.999],[89.53046,21.99847],[89.53056,21.99736],[89.53117,21.99761],[89.53126,21.99655],[89.53182,21.99523],[89.53255,21.9963],[89.53288,21.99782],[89.53401,21.99895],[89.53404,21.9995],[89.53508,22.00189],[89.53773,22.00635],[89.54102,22.00993],[89.54297,22.01586],[89.54544,22.0298],[89.5466,22.03482],[89.5482,22.04099],[89.55135,22.05089],[89.55737,22.06634],[89.55994,22.07134],[89.56522,22.07973],[89.56803,22.08553],[89.57472,22.09734],[89.57729,22.103],[89.58105,22.11533],[89.58234,22.12079],[89.58278,22.12432],[89.58197,22.128],[89.57969,22.13377],[89.57319,22.14329],[89.56197,22.16105],[89.56005,22.16451],[89.55298,22.17287],[89.54964,22.17728],[89.54581,22.18115],[89.54323,22.18461],[89.54156,22.18821],[89.54084,22.19056],[89.54017,22.19394],[89.53962,22.20001],[89.53914,22.20114],[89.53824,22.20138],[89.53558,22.20014],[89.53045,22.19664],[89.52832,22.19555],[89.52684,22.19544],[89.52561,22.19578],[89.5247,22.19643],[89.52379,22.19771],[89.52453,22.20498],[89.52529,22.20628],[89.52715,22.20762],[89.52995,22.20772],[89.53164,22.20809],[89.53251,22.20884],[89.53273,22.2095],[89.53244,22.21043],[89.52957,22.21443],[89.52694,22.21956],[89.52656,22.22088],[89.52762,22.22092],[89.53044,22.21533],[89.53344,22.21096],[89.53383,22.20969],[89.53353,22.20808],[89.5327,22.20722],[89.53147,22.20673],[89.52744,22.20638],[89.52659,22.20596],[89.52613,22.20534],[89.5256,22.20317],[89.52512,22.19801],[89.52611,22.19687],[89.52724,22.19662],[89.52914,22.19729],[89.534,22.20071],[89.53953,22.20371],[89.54146,22.2072],[89.54715,22.21435],[89.5571,22.22335],[89.56178,22.22712],[89.56517,22.23038],[89.57075,22.23483],[89.57201,22.23967],[89.57188,22.24652],[89.57125,22.25059],[89.57027,22.25254],[89.56635,22.25316],[89.56033,22.25363],[89.55754,22.25432],[89.55522,22.25564],[89.5531,22.25923],[89.55063,22.26851],[89.55032,22.27878],[89.55059,22.28417],[89.54856,22.29182],[89.54958,22.29567],[89.55178,22.29914],[89.55185,22.30015],[89.55153,22.3011],[89.54943,22.30285],[89.54193,22.30746],[89.53543,22.3131],[89.53279,22.31655],[89.52955,22.32232],[89.5268,22.3297],[89.52544,22.32996],[89.52418,22.3295],[89.51856,22.32573],[89.51585,22.32475],[89.51434,22.32467],[89.51303,22.325],[89.51164,22.32593],[89.51083,22.327],[89.50982,22.33028],[89.50956,22.3334],[89.51037,22.33499],[89.51261,22.33714],[89.51662,22.33836],[89.52053,22.33891],[89.5319,22.33896],[89.5341,22.33982],[89.53474,22.34101],[89.53427,22.34236],[89.53268,22.34486],[89.5262,22.35228],[89.52377,22.35464],[89.51816,22.35866],[89.51053,22.36212],[89.50823,22.36344],[89.50629,22.36491],[89.50405,22.3677],[89.50251,22.37089],[89.50248,22.37206],[89.50329,22.3751],[89.50599,22.37989],[89.50992,22.38472],[89.51065,22.38434],[89.51053,22.38371],[89.50638,22.37809],[89.50434,22.37351],[89.50403,22.37103],[89.50523,22.36801],[89.50748,22.36547],[89.50905,22.36431],[89.51948,22.35937],[89.52299,22.35702],[89.52571,22.35477],[89.53281,22.34713],[89.53552,22.34343],[89.53662,22.34082],[89.53626,22.33909],[89.53424,22.33722],[89.51881,22.33664],[89.51652,22.33632],[89.51419,22.33551],[89.51248,22.33413],[89.51177,22.33206],[89.5119,22.32995],[89.5126,22.32798],[89.51334,22.32687],[89.51485,22.32629],[89.52338,22.33167],[89.52589,22.33185],[89.52792,22.33131],[89.53018,22.3285],[89.5328,22.32201],[89.53445,22.31885],[89.5378,22.31402],[89.54126,22.31096],[89.55116,22.30517],[89.55252,22.30387],[89.55386,22.30095],[89.55411,22.29904],[89.55298,22.29626],[89.55092,22.29299],[89.55076,22.29205],[89.55288,22.28602],[89.55364,22.28227],[89.55319,22.27483],[89.55462,22.26256],[89.55525,22.26027],[89.55647,22.25789],[89.55776,22.2564],[89.56099,22.25582],[89.5659,22.25595],[89.56904,22.25559],[89.57103,22.25489],[89.57371,22.25293],[89.57445,22.25166],[89.57486,22.24977],[89.5747,22.24541],[89.57809,22.24048],[89.58197,22.24149],[89.58268,22.24192],[89.58308,22.24299],[89.58284,22.24391],[89.58057,22.24764],[89.57945,22.25033],[89.57791,22.25695],[89.57752,22.26066],[89.57738,22.26439],[89.57769,22.2675],[89.5791,22.27395],[89.58052,22.278],[89.58322,22.28353],[89.58719,22.29042],[89.59017,22.29356],[89.59604,22.29844],[89.60426,22.30642],[89.60666,22.30962],[89.6164,22.32502],[89.62349,22.34186],[89.62439,22.34584],[89.62413,22.34876],[89.6356,22.35254],[89.63598,22.35332],[89.6362,22.36091],[89.6359,22.36097],[89.63564,22.36034],[89.63544,22.36051],[89.63586,22.36114],[89.63621,22.36107],[89.63641,22.36207],[89.63794,22.36488],[89.63997,22.36647],[89.64146,22.36711],[89.64347,22.36742],[89.64837,22.36624],[89.65013,22.36613],[89.65177,22.36655],[89.65374,22.368],[89.6556,22.3689],[89.65814,22.36945],[89.65968,22.36943],[89.66192,22.36924],[89.66436,22.36847],[89.66658,22.36709],[89.66881,22.36507],[89.6697,22.36376],[89.67167,22.35947],[89.67283,22.3553],[89.67344,22.35033],[89.67403,22.34823],[89.67723,22.34173],[89.67872,22.3373],[89.67896,22.33508],[89.67932,22.33437],[89.68057,22.33339],[89.68528,22.33202],[89.68851,22.32945],[89.69015,22.32647],[89.691,22.32144],[89.69246,22.317],[89.69312,22.3161],[89.69917,22.31192],[89.70094,22.31143],[89.70261,22.31163],[89.70427,22.31142],[89.70521,22.3098],[89.70608,22.30934],[89.70623,22.30887],[89.70689,22.30866],[89.70707,22.30816],[89.7081,22.30728],[89.70941,22.30447],[89.70998,22.30207],[89.71009,22.29775],[89.70585,22.28513],[89.70263,22.27735],[89.70249,22.27642],[89.70291,22.27565],[89.7038,22.27518],[89.70794,22.27562],[89.72127,22.27976],[89.72733,22.28247],[89.73054,22.28293],[89.73501,22.28262],[89.73525,22.28225],[89.73677,22.2817],[89.73824,22.2794],[89.73861,22.27607],[89.73776,22.27247],[89.73647,22.26967],[89.73284,22.26364],[89.72806,22.25768],[89.72468,22.24917],[89.72197,22.24368],[89.71801,22.23805],[89.7067,22.22515],[89.70247,22.21827],[89.69715,22.21154],[89.69721,22.21027],[89.70009,22.20849],[89.70193,22.20822],[89.7035,22.20896],[89.7088,22.21304],[89.71461,22.21645],[89.71822,22.21895],[89.72082,22.22008],[89.72539,22.22122],[89.73032,22.22178],[89.73284,22.22163],[89.73422,22.22081],[89.73818,22.21312],[89.73851,22.21157],[89.73686,22.209],[89.73614,22.20881],[89.73548,22.20804],[89.73397,22.20464],[89.73124,22.20071],[89.73034,22.19857],[89.73043,22.19734],[89.73265,22.19546],[89.7385,22.19312],[89.74359,22.19067],[89.74625,22.18772],[89.74701,22.18504],[89.74683,22.18122],[89.74414,22.17352],[89.74373,22.167],[89.74217,22.16045],[89.74221,22.15781],[89.74361,22.15393],[89.74413,22.15011],[89.74407,22.14614],[89.74299,22.13879],[89.74333,22.1381],[89.74387,22.13778],[89.74809,22.13752],[89.75034,22.1371],[89.75405,22.13612],[89.75466,22.1356],[89.75772,22.1343],[89.76167,22.12741],[89.76701,22.11984],[89.76934,22.11525],[89.77094,22.1097],[89.77233,22.10042],[89.77446,22.09436],[89.77541,22.09264],[89.7765,22.09162],[89.7769,22.09078],[89.77885,22.08993],[89.78506,22.08612],[89.79063,22.0833],[89.79138,22.08158],[89.79579,22.07572],[89.79776,22.07384],[89.79952,22.07315],[89.80033,22.07347],[89.80155,22.07612],[89.80329,22.0789],[89.8116,22.08965],[89.81606,22.09391],[89.82148,22.09852],[89.82592,22.1035],[89.83078,22.11064],[89.83652,22.11797],[89.83883,22.12189],[89.83904,22.12265],[89.83863,22.12354],[89.83569,22.12578],[89.81981,22.13117],[89.81693,22.13283],[89.81477,22.13454],[89.81077,22.13893],[89.80998,22.14026],[89.80942,22.14296],[89.80967,22.14446],[89.81049,22.14586],[89.81292,22.14857],[89.81585,22.15122],[89.81868,22.15286],[89.83034,22.15764],[89.83396,22.16056],[89.83492,22.16233],[89.83377,22.16511],[89.82917,22.17003],[89.82434,22.17674],[89.82023,22.18424],[89.81497,22.19601],[89.80574,22.20847],[89.8024,22.21381],[89.80122,22.21631],[89.80059,22.22036],[89.80139,22.2253],[89.80141,22.22728],[89.79927,22.24379],[89.79634,22.26032],[89.79676,22.26419],[89.79806,22.27047],[89.80059,22.27837],[89.80052,22.2808],[89.79987,22.2814],[89.7957,22.28212],[89.79159,22.28357],[89.78509,22.28631],[89.78272,22.28785],[89.78036,22.29043],[89.77757,22.29418],[89.77069,22.3052],[89.76599,22.30857],[89.76339,22.31091],[89.76186,22.31179],[89.76076,22.31312],[89.76016,22.31502],[89.7602,22.31698],[89.76211,22.3269],[89.76386,22.33007],[89.76426,22.33788],[89.76348,22.34127],[89.7604,22.34611],[89.76068,22.34623],[89.76376,22.34133],[89.76458,22.33751],[89.76401,22.32954],[89.76247,22.32724],[89.76218,22.32636],[89.76067,22.318],[89.7606,22.3151],[89.76147,22.31272],[89.76707,22.30811],[89.77061,22.30565],[89.7783,22.29395],[89.78198,22.28923],[89.78351,22.28775],[89.78556,22.28659],[89.79279,22.28394],[89.79784,22.28231],[89.79984,22.28214],[89.80089,22.2814],[89.80151,22.28022],[89.80147,22.27741],[89.79816,22.26569],[89.79836,22.25964],[89.80047,22.24839],[89.80225,22.24239],[89.80366,22.23581],[89.80371,22.23104],[89.80249,22.22365],[89.80271,22.22165],[89.80425,22.21738],[89.80757,22.21225],[89.80879,22.21125],[89.8094,22.21117],[89.80973,22.21145],[89.8103,22.21113],[89.81048,22.21137],[89.81225,22.21155],[89.81625,22.21164],[89.82636,22.21281],[89.83363,22.21301],[89.8376,22.21531],[89.83816,22.21597],[89.83851,22.21711],[89.87974,22.22346],[89.88397,22.21547],[89.88539,22.2155],[89.88515,22.21442],[89.88445,22.21407],[89.88781,22.20846],[89.8912,22.19995],[89.89183,22.20002],[89.89206,22.1996],[89.8929,22.19653],[89.8936,22.19649],[89.89332,22.19616],[89.89287,22.19621],[89.89277,22.19584],[89.89358,22.19237],[89.89488,22.18912],[89.89644,22.1842],[89.89636,22.18363],[89.89717,22.18213],[89.89886,22.17721],[89.90022,22.17191],[89.90171,22.16845],[89.90211,22.16573],[89.90282,22.16364],[89.90345,22.16247],[89.90689,22.15974],[89.90757,22.15655],[89.90962,22.15101],[89.91211,22.13777],[89.91218,22.13115],[89.91111,22.12464],[89.91036,22.11176],[89.90926,22.10114],[89.90778,22.09518],[89.9068,22.09269],[89.90549,22.08591],[89.90369,22.0811],[89.90313,22.07739],[89.90125,22.07258],[89.90122,22.0714],[89.90308,22.06784],[89.90536,22.05976],[89.90831,22.04735],[89.90838,22.04591],[89.9102,22.03977],[89.91264,22.03366],[89.91421,22.03054],[89.91532,22.0274],[89.91649,22.02612],[89.91687,22.0244],[89.91864,22.02393],[89.92023,22.02286],[89.92327,22.0196],[89.92464,22.01708],[89.92635,22.0165],[89.92874,22.01438],[89.93082,22.01004],[89.93083,22.0085],[89.93115,22.00755],[89.931,22.00603],[89.93161,22.00185],[89.93154,21.9995],[89.93139,21.99857],[89.9316,21.99841],[89.93101,21.99757],[89.93102,21.99015],[89.93084,21.989],[89.9304,21.98872],[89.93039,21.98802],[89.92975,21.98673],[89.93028,21.98487],[89.93028,21.982],[89.9323,21.9799],[89.9347,21.97883],[89.93557,21.97766],[89.9365,21.97536],[89.93873,21.97305],[89.93852,21.97094],[89.94064,21.96628],[89.94108,21.96368],[89.94184,21.96319],[89.9424,21.96157],[89.94516,21.95936],[89.94645,21.95787],[89.94906,21.95646],[89.95067,21.95491],[89.95265,21.95462],[89.95641,21.95499],[89.95713,21.95402],[89.95708,21.95254],[89.95812,21.95189],[89.95958,21.95146],[89.96016,21.95057],[89.96192,21.9507],[89.96365,21.9517],[89.97142,21.9535],[89.97764,21.95669],[89.98155,21.95991],[89.98294,21.96316],[89.98484,21.96428],[89.9862,21.96551],[89.98618,21.9663],[89.98685,21.96783],[89.98754,21.97089],[89.98743,21.9714],[89.99946,21.97537],[90.01509,21.97849],[90.01664,21.9771],[90.01782,21.97648],[90.02077,21.97628],[90.02608,21.97774],[90.0281,21.97932],[90.02874,21.97921],[90.02911,21.9796],[90.02993,21.97976],[90.03031,21.98029],[90.03246,21.97985],[90.03622,21.97973],[90.04073,21.98009],[90.04128,21.98072],[90.04283,21.98037],[90.04685,21.98046],[90.05113,21.97998],[90.05453,21.98021],[90.05601,21.97988],[90.0673,21.96721],[90.06326,21.96346],[90.06281,21.96297],[90.06286,21.96253],[90.05754,21.95808],[90.05718,21.95748],[90.05442,21.95531],[90.05316,21.95467],[90.05251,21.95386],[90.04077,21.94906],[90.03146,21.94625],[90.02958,21.94481],[90.02882,21.94335],[90.02664,21.94093],[90.02652,21.93617],[90.02506,21.93041],[90.02469,21.9266],[90.02476,21.91645],[90.02596,21.91379],[90.02617,21.9127],[90.02552,21.90883],[90.02591,21.90801],[90.02515,21.90526],[90.02522,21.90339],[90.02662,21.89658],[90.0279,21.89529],[90.02811,21.89461],[90.02647,21.89273],[90.02601,21.89179],[90.02632,21.89135],[90.02594,21.89027],[90.02638,21.88849],[90.02597,21.88709],[90.02681,21.88517],[90.02794,21.88372],[90.03164,21.88026],[90.03444,21.87693],[90.04399,21.87021],[90.04519,21.8697],[90.04582,21.86901],[90.04758,21.86792],[90.04818,21.86789],[90.04952,21.86688],[90.05151,21.86678],[90.05242,21.86574],[90.05997,21.86383],[90.06301,21.86347],[90.06431,21.8635],[90.06501,21.86382],[90.06568,21.86352],[90.06803,21.86355],[90.07075,21.8629],[90.08426,21.84784],[90.0851,21.8435],[90.08685,21.84026],[90.09521,21.8301],[90.10631,21.82139],[90.11272,21.8178],[90.11937,21.81486],[90.12557,21.81263],[90.13512,21.80955],[90.15282,21.80445],[90.15423,21.80349],[90.16692,21.80072],[90.16966,21.80041],[90.17399,21.80049],[90.17575,21.80087],[90.17646,21.80153],[90.1782,21.80198],[90.17963,21.80168],[90.18032,21.80113],[90.18226,21.80054],[90.18499,21.80008],[90.18766,21.79997],[90.1954,21.80046],[90.19658,21.80114],[90.1978,21.80341],[90.19866,21.80401],[90.20359,21.80444],[90.21089,21.80448],[90.2139,21.80482],[90.21966,21.80618],[90.22285,21.80768],[90.22957,21.81214],[90.2372,21.81893],[90.2397,21.82167],[90.23909,21.82361],[90.23921,21.82397],[90.23977,21.82409],[90.24127,21.8236],[90.24389,21.82459],[90.24607,21.82636],[90.24673,21.82795],[90.24778,21.82903],[90.24905,21.83363],[90.25192,21.83819],[90.25279,21.84034],[90.25286,21.84079],[90.25218,21.84087],[90.25201,21.84162],[90.2526,21.84386],[90.25366,21.84521],[90.25426,21.84696],[90.25549,21.84743],[90.25622,21.8486],[90.25707,21.85053],[90.25676,21.85116],[90.25759,21.85298],[90.25842,21.85666],[90.25927,21.85819],[90.26015,21.86079],[90.26147,21.86261],[90.26137,21.8634],[90.26253,21.86541],[90.26313,21.86947],[90.26398,21.8723],[90.26364,21.87293],[90.26366,21.87503],[90.26315,21.87664],[90.26353,21.87864],[90.26402,21.8804],[90.26698,21.88668],[90.26841,21.89134],[90.26804,21.89223],[90.26731,21.89271],[90.26054,21.89408],[90.25072,21.89549],[90.2457,21.89531],[90.24489,21.89557],[90.2431,21.89787],[90.2425,21.90012],[90.24224,21.90264],[90.243,21.90698],[90.24474,21.90999],[90.24666,21.91202],[90.24875,21.91369],[90.25179,21.9153],[90.25647,21.91639],[90.25632,21.91611],[90.25184,21.91496],[90.24969,21.91388],[90.24705,21.91194],[90.24497,21.90976],[90.24368,21.90763],[90.24292,21.905],[90.24272,21.90228],[90.24325,21.89885],[90.24452,21.89649],[90.24548,21.89587],[90.25103,21.89605],[90.25862,21.89508],[90.26653,21.89353],[90.26869,21.89257],[90.2692,21.8913],[90.26919,21.8898],[90.26821,21.88635],[90.26541,21.88061],[90.26563,21.87951],[90.26609,21.8792],[90.26746,21.8826],[90.26982,21.88677],[90.27218,21.89289],[90.27401,21.89508],[90.27595,21.89873],[90.27693,21.90127],[90.27864,21.90399],[90.27925,21.90627],[90.28052,21.90848],[90.28062,21.90994],[90.28151,21.912],[90.28232,21.91543],[90.2839,21.91885],[90.28392,21.91978],[90.28465,21.92003],[90.28494,21.92044],[90.28568,21.92232],[90.28775,21.92589],[90.28834,21.92976],[90.29003,21.93188],[90.29115,21.93517],[90.29298,21.93777],[90.29542,21.9453],[90.29606,21.94508],[90.29853,21.95081],[90.29833,21.95105],[90.30181,21.96098],[90.30196,21.96206],[90.30136,21.96263],[90.30213,21.96273],[90.30297,21.96704],[90.30277,21.97158],[90.30311,21.97392],[90.30256,21.97519],[90.30261,21.97617],[90.30651,21.98271],[90.30724,21.9833],[90.30738,21.98414],[90.30857,21.98511],[90.30974,21.98692],[90.31122,21.9901],[90.31123,21.99112],[90.31171,21.99118],[90.31176,21.99185],[90.31283,21.99401],[90.31468,21.9995],[90.31485,22.00008],[90.31761,22.01022],[90.31776,22.01185],[90.31828,22.01246],[90.31802,22.01442],[90.31968,22.01637],[90.3208,22.01891],[90.32272,22.02046],[90.32344,22.02169],[90.32349,22.02365],[90.32481,22.02766],[90.32565,22.03548],[90.32703,22.04066],[90.33238,22.04929],[90.33729,22.05539],[90.33866,22.05764],[90.34391,22.06204],[90.34735,22.06386],[90.34818,22.06458],[90.35007,22.06533],[90.35479,22.06797],[90.36177,22.07104],[90.37095,22.07666],[90.37687,22.08098],[90.37806,22.08277],[90.37801,22.08483],[90.39161,22.09024],[90.39747,22.08897],[90.40282,22.08669],[90.41827,22.08319],[90.42271,22.08153],[90.42892,22.08036],[90.4313,22.07937],[90.43225,22.07927],[90.43399,22.07974],[90.4373,22.08179],[90.45006,22.09297],[90.45924,22.10276],[90.46537,22.10995],[90.46769,22.11361],[90.46836,22.11561],[90.46945,22.11656],[90.47197,22.1208],[90.47711,22.12822],[90.48147,22.13354],[90.48601,22.1381],[90.4921,22.14636],[90.49585,22.15244],[90.49765,22.15843],[90.49709,22.16106],[90.50421,22.16828],[90.50701,22.17179],[90.51242,22.18254],[90.51417,22.18734],[90.52019,22.19782],[90.52235,22.20041],[90.52356,22.20272],[90.52668,22.20695],[90.53158,22.21233],[90.53273,22.21311],[90.5328,22.21348],[90.53162,22.21293],[90.53149,22.21313],[90.53411,22.21412],[90.53669,22.21694],[90.53981,22.21908],[90.54409,22.22331],[90.54417,22.22393],[90.54702,22.22688],[90.54705,22.22791],[90.54718,22.22669],[90.54767,22.22787],[90.54849,22.2281],[90.54957,22.22898],[90.55061,22.23012],[90.55067,22.23093],[90.55184,22.23153],[90.55467,22.23438],[90.55458,22.23539],[90.56084,22.2394],[90.57247,22.2486],[90.57764,22.25215],[90.58184,22.2546],[90.58298,22.25582],[90.59136,22.24989],[90.59521,22.24757],[90.59868,22.24593],[90.60099,22.24531],[90.60904,22.2444],[90.66485,22.24291],[90.65869,22.23221],[90.65708,22.22765],[90.65512,22.22401],[90.65319,22.21758],[90.65273,22.21665],[90.65217,22.21627],[90.65227,22.21602],[90.64808,22.20865],[90.64138,22.19889],[90.63378,22.19111],[90.62126,22.1752],[90.62124,22.17171],[90.62257,22.16436],[90.62178,22.15236],[90.62034,22.14211],[90.62083,22.13672],[90.62099,22.1293],[90.62292,22.11791],[90.62237,22.11212],[90.62235,22.10607],[90.62174,22.10344],[90.6214,22.09984],[90.6201,22.09618],[90.6187,22.09024],[90.61474,22.0778],[90.61065,22.0707],[90.6041,22.06047],[90.60208,22.05568],[90.60171,22.05368],[90.60081,22.05184],[90.60064,22.05041],[90.59967,22.04892],[90.59831,22.04354],[90.59858,22.04132],[90.59817,22.04089],[90.59717,22.04137],[90.59686,22.04108],[90.59705,22.0365],[90.59775,22.03306],[90.59916,22.03168],[90.60446,22.02418],[90.60879,22.02263],[90.60942,22.02204],[90.61541,22.00913],[90.62039,22.00146],[90.62218,21.9995],[90.62516,21.99719],[90.62829,21.99394],[90.63183,21.99377],[90.63936,21.99446],[90.64316,21.99516],[90.65232,21.99545],[90.65584,21.99583],[90.65661,21.99605],[90.65818,21.99755],[90.66081,21.99804],[90.66174,21.9995],[90.6655,22.0063],[90.66651,22.00887],[90.6664,22.00985],[90.66526,22.01188],[90.6653,22.01635],[90.66478,22.01854],[90.6651,22.01877],[90.6657,22.01647],[90.66563,22.01158],[90.66667,22.01033],[90.67002,22.01233],[90.67265,22.01328],[90.66936,22.01182],[90.66706,22.01033],[90.66694,22.00854],[90.66641,22.00704],[90.6625,21.9995],[90.66167,21.99682],[90.67216,21.99856],[90.67625,21.9995],[90.68035,22.00096],[90.68306,22.00158],[90.69095,22.00496],[90.69808,22.01064],[90.70355,22.01251],[90.70473,22.01373],[90.70532,22.01638],[90.70637,22.01766],[90.71113,22.02238],[90.71551,22.02764],[90.71833,22.02982],[90.72363,22.03607],[90.72418,22.03737],[90.7222,22.03912],[90.72131,22.04063],[90.72116,22.04158],[90.72112,22.04279],[90.72249,22.04925],[90.72261,22.05186],[90.72201,22.05222],[90.71752,22.05295],[90.71628,22.0539],[90.71762,22.05309],[90.72233,22.05235],[90.72287,22.05181],[90.72263,22.04729],[90.72158,22.04332],[90.72157,22.04134],[90.72253,22.03933],[90.72437,22.03794],[90.72511,22.03772],[90.72957,22.04139],[90.73617,22.04879],[90.73795,22.05152],[90.7396,22.0533],[90.74423,22.0564],[90.75017,22.05839],[90.75312,22.05993],[90.75847,22.0638],[90.75986,22.06561],[90.83118,22.02391],[90.95272,22.01691],[91.00054,22.01824],[91.04473,22.01945],[91.09039,22.03473],[91.15288,22.11427],[91.25004,22.33007],[91.13393,22.45801],[91.1365,22.45944],[91.13961,22.46181],[91.1436,22.46589],[91.14531,22.46846],[91.14896,22.47273],[91.15183,22.47668],[91.15851,22.48757],[91.16348,22.49474],[91.16535,22.49835],[91.16476,22.49871],[91.16781,22.50308],[91.17399,22.51024],[91.17794,22.51358],[91.18069,22.51648],[91.18229,22.51745],[91.18481,22.51964],[91.18521,22.52013],[91.18513,22.52051],[91.17906,22.51901],[91.17308,22.51999],[91.1685,22.52015],[91.16411,22.51855],[91.16111,22.51622],[91.1567,22.51553],[91.15517,22.51474],[91.15413,22.5133],[91.15389,22.51183],[91.15431,22.51026],[91.15527,22.50885],[91.15643,22.50804],[91.1633,22.5055],[91.16406,22.50498],[91.16453,22.50417],[91.16457,22.50264],[91.16389,22.50124],[91.16141,22.49946],[91.15833,22.49782],[91.15675,22.49728],[91.14936,22.49757],[91.13942,22.49661],[91.13381,22.49637],[91.12931,22.49553],[91.12081,22.49309],[91.11782,22.49166],[91.11442,22.48949],[91.11241,22.48782],[91.11035,22.48543],[91.10962,22.48391],[91.10805,22.48573],[91.10908,22.48639],[91.11106,22.48923],[91.11225,22.49032],[91.11811,22.49347],[91.12273,22.49535],[91.12541,22.49575],[91.12867,22.49684],[91.13397,22.49776],[91.14228,22.49836],[91.14589,22.49905],[91.15378,22.49924],[91.16188,22.50095],[91.16207,22.50174],[91.16178,22.50271],[91.16028,22.50453],[91.15235,22.50763],[91.14993,22.50936],[91.1492,22.5103],[91.14942,22.51262],[91.15242,22.51693],[91.15275,22.51885],[91.15175,22.52155],[91.15175,22.52283],[91.15245,22.52402],[91.15453,22.526],[91.15562,22.52643],[91.15712,22.5265],[91.15752,22.52629],[91.15757,22.52387],[91.15564,22.5219],[91.15536,22.52115],[91.15551,22.5208],[91.15652,22.5206],[91.16041,22.52133],[91.16561,22.52274],[91.17626,22.52474],[91.17792,22.52533],[91.17938,22.5252],[91.18188,22.5259],[91.1855,22.52611],[91.18856,22.52691],[91.19013,22.52674],[91.19334,22.52801],[91.19448,22.52892],[91.19697,22.53258],[91.19989,22.53604],[91.20949,22.54643],[91.21613,22.55287],[91.22322,22.55902],[91.22872,22.56315],[91.24262,22.57036],[91.24765,22.57186],[91.25054,22.57482],[91.25306,22.57617],[91.25453,22.57876],[91.25721,22.58143],[91.25792,22.58177],[91.25895,22.58165],[91.26019,22.58233],[91.26143,22.58431],[91.26137,22.58533],[91.261,22.58571],[91.26123,22.58602],[91.26509,22.58932],[91.26737,22.59043],[91.2685,22.59134],[91.27323,22.59771],[91.27607,22.60023],[91.27831,22.60151],[91.28125,22.60531],[91.28215,22.60735],[91.28527,22.6174],[91.28485,22.62785],[91.28324,22.63648],[91.28151,22.64099],[91.27712,22.64909],[91.27455,22.65319],[91.27052,22.65864],[91.26998,22.66003],[91.26827,22.66227],[91.26471,22.66879],[91.25922,22.67594],[91.25792,22.67679],[91.25761,22.67716],[91.25764,22.67778],[91.25545,22.67986],[91.25259,22.67985],[91.251,22.68082],[91.2503,22.6809],[91.24687,22.67957],[91.24405,22.67796],[91.2404,22.67789],[91.23642,22.67734],[91.23462,22.67746],[91.23478,22.67794],[91.24224,22.67873],[91.24352,22.67915],[91.24579,22.68052],[91.24841,22.68115],[91.24841,22.68509],[91.24712,22.68967],[91.24642,22.69069],[91.24488,22.69193],[91.24287,22.69476],[91.24538,22.70182],[91.24644,22.70284],[91.24716,22.70245],[91.24762,22.71159],[91.24846,22.71521],[91.2489,22.71561],[91.25089,22.72194],[91.25322,22.72717],[91.2581,22.73436],[91.26664,22.74294],[91.2672,22.74446],[91.26803,22.74517],[91.27248,22.74727],[91.27415,22.74746],[91.27673,22.74847],[91.27941,22.7453],[91.28025,22.74512],[91.28194,22.74643],[91.28558,22.7481],[91.28884,22.74919],[91.29413,22.75377],[91.29668,22.75524],[91.30175,22.75744],[91.31248,22.76077],[91.32148,22.76258],[91.328,22.76321],[91.34029,22.76243],[91.35437,22.7604],[91.36321,22.75981],[91.36802,22.75988],[91.3686,22.75957],[91.36927,22.75839],[91.37008,22.7582],[91.37628,22.75853],[91.38075,22.75939],[91.3814,22.75974],[91.38095,22.76115],[91.3786,22.76506],[91.37628,22.76655],[91.37212,22.76691],[91.37173,22.76765],[91.36378,22.76954],[91.36353,22.7692],[91.36235,22.76993],[91.35898,22.77116],[91.35714,22.77207],[91.35447,22.77409],[91.35323,22.7744],[91.3534,22.77498],[91.3527,22.7753],[91.35254,22.77632],[91.35123,22.7765],[91.34949,22.7772],[91.34837,22.77867],[91.34546,22.78082],[91.34167,22.78127],[91.34109,22.78087],[91.34134,22.78131],[91.33693,22.78258],[91.33443,22.78395],[91.33161,22.78369],[91.32983,22.78455],[91.32843,22.7859],[91.32679,22.78918],[91.32638,22.79208],[91.32633,22.79717],[91.32602,22.79813],[91.3318,22.79957],[91.33225,22.79676],[91.33275,22.79586],[91.33354,22.79499],[91.33548,22.7936],[91.33594,22.79364],[91.33617,22.79322],[91.33907,22.79178],[91.34236,22.79188],[91.34529,22.79124],[91.34899,22.78986],[91.35166,22.7885],[91.35231,22.78862],[91.35182,22.78831],[91.35264,22.78798],[91.35328,22.7887],[91.35289,22.78781],[91.35406,22.78693],[91.35458,22.78687],[91.35485,22.78719],[91.35463,22.78675],[91.35409,22.78673],[91.35502,22.78644],[91.35529,22.78665],[91.35502,22.78626],[91.35664,22.78452],[91.35808,22.78454],[91.35888,22.78414],[91.36226,22.78133],[91.36315,22.7809],[91.36823,22.78005],[91.38308,22.77582],[91.38441,22.77507],[91.38531,22.77391],[91.38701,22.77266],[91.39693,22.76679],[91.40053,22.76523],[91.40452,22.76283],[91.40726,22.76094],[91.40931,22.75903],[91.41012,22.75894],[91.41307,22.75962],[91.41779,22.75978],[91.42018,22.76044],[91.42343,22.76252],[91.42608,22.76539],[91.42742,22.77039],[91.42976,22.77538],[91.43001,22.77872],[91.42919,22.78013],[91.42608,22.783],[91.42551,22.7842],[91.42419,22.78361],[91.4227,22.7836],[91.4193,22.78477],[91.41848,22.78532],[91.41708,22.78759],[91.41649,22.79055],[91.41699,22.79238],[91.41799,22.79365],[91.41944,22.79462],[91.42312,22.79598],[91.42888,22.80229],[91.43609,22.79779],[91.4385,22.79556],[91.44362,22.7895],[91.44565,22.78843],[91.44746,22.78667],[91.44857,22.78495],[91.45003,22.78068],[91.45053,22.77529],[91.44958,22.77347],[91.44754,22.77216],[91.44511,22.77204],[91.44031,22.77341],[91.43968,22.77328],[91.43899,22.77251],[91.43494,22.76557],[91.43587,22.76479],[91.43551,22.76437],[91.43574,22.76399],[91.4354,22.76378],[91.43409,22.76531],[91.42831,22.75974],[91.42835,22.75711],[91.42538,22.75271],[91.42426,22.7445],[91.427,22.74307],[91.43048,22.74196],[91.43259,22.74068],[91.4334,22.74058],[91.43472,22.74157],[91.43713,22.74459],[91.43868,22.74574],[91.44055,22.74622],[91.44375,22.74611],[91.44598,22.7468],[91.44719,22.74654],[91.44973,22.74318],[91.45055,22.74292],[91.45154,22.74367],[91.45582,22.7499],[91.45807,22.75125],[91.45904,22.75133],[91.4596,22.75181],[91.46137,22.75246],[91.46313,22.75429],[91.46429,22.761],[91.462,22.76447],[91.46209,22.76511],[91.46283,22.76517],[91.46288,22.76442],[91.46451,22.76191],[91.46692,22.76039],[91.4692,22.7601],[91.47116,22.76079],[91.47093,22.76162],[91.47218,22.76148],[91.47206,22.76096],[91.4738,22.75968],[91.47426,22.75833],[91.47574,22.75785],[91.47799,22.75829],[91.47832,22.75905],[91.47814,22.75936],[91.47726,22.75926],[91.47641,22.75957],[91.47549,22.76208],[91.47564,22.76261],[91.47884,22.76438],[91.48051,22.76555],[91.481,22.76629],[91.48085,22.76541],[91.47576,22.76245],[91.47656,22.7598],[91.47844,22.75935],[91.47847,22.7585],[91.4779,22.75784],[91.47606,22.75732],[91.47474,22.75748],[91.47359,22.75814],[91.47272,22.75983],[91.47154,22.76055],[91.47117,22.76046],[91.47097,22.75983],[91.46979,22.7594],[91.46769,22.75924],[91.46676,22.75947],[91.46556,22.76045],[91.46505,22.76052],[91.4645,22.75865],[91.4642,22.75413],[91.46223,22.75188],[91.45758,22.74996],[91.4567,22.74933],[91.45558,22.74795],[91.4541,22.74528],[91.45131,22.74203],[91.45027,22.74161],[91.4495,22.74209],[91.44768,22.74497],[91.44667,22.74586],[91.44388,22.74514],[91.43978,22.7451],[91.43867,22.74459],[91.4372,22.74332],[91.43403,22.73913],[91.43369,22.73766],[91.43438,22.73622],[91.43603,22.73533],[91.43864,22.73479],[91.43926,22.73435],[91.44229,22.73187],[91.44458,22.72897],[91.44885,22.72688],[91.45656,22.724],[91.46734,22.7178],[91.46958,22.71697],[91.46989,22.71599],[91.46933,22.71559],[91.47017,22.71584],[91.47479,22.71389],[91.47578,22.71425],[91.476,22.71473],[91.47664,22.7147],[91.47693,22.71428],[91.47655,22.71323],[91.47818,22.71217],[91.47773,22.7114],[91.47813,22.7112],[91.47871,22.71222],[91.48595,22.70922],[91.48908,22.70667],[91.49772,22.70278],[91.50597,22.69855],[91.50852,22.6965],[91.51686,22.69094],[91.52331,22.68755],[91.52368,22.68688],[91.52361,22.6861],[91.52408,22.68547],[91.53824,22.67148],[91.54212,22.66835],[91.54417,22.66789],[91.54874,22.66959],[91.55161,22.669],[91.55392,22.66792],[91.55903,22.66363],[91.56214,22.66169],[91.56418,22.6609],[91.56566,22.6598],[91.56775,22.65665],[91.57349,22.64981],[91.57616,22.64794],[91.57815,22.64588],[91.57968,22.64497],[91.58134,22.64274],[91.58292,22.64143],[91.58393,22.63924],[91.58574,22.6375],[91.58887,22.63289],[91.59091,22.63056],[91.59219,22.62791],[91.59242,22.62667],[91.59413,22.62516],[91.59521,22.62135],[91.59607,22.62075],[91.59768,22.61849],[91.60323,22.61258],[91.60688,22.6075],[91.60898,22.60336],[91.61369,22.59825],[91.61597,22.59431],[91.62128,22.58934],[91.62443,22.58736],[91.62713,22.58502],[91.6295,22.58406],[91.63029,22.58102],[91.63293,22.57935],[91.63441,22.57799],[91.63445,22.5764],[91.63506,22.57554],[91.63837,22.57293],[91.64058,22.57074],[91.64709,22.56272],[91.6587,22.55051],[91.66616,22.54477],[91.66631,22.54252],[91.66686,22.54133],[91.67039,22.5382],[91.6713,22.53767],[91.67185,22.53786],[91.67343,22.5357],[91.67923,22.52956],[91.68164,22.52536],[91.68245,22.52176],[91.68298,22.5208],[91.68935,22.51641],[91.69199,22.51524],[91.69399,22.51386],[91.69478,22.51215],[91.69671,22.50974],[91.6979,22.50695],[91.69816,22.50709],[91.69779,22.50598],[91.69738,22.50577],[91.69748,22.50536],[91.69835,22.50439],[91.6998,22.50116],[91.70156,22.49908],[91.7012,22.49845],[91.70187,22.49753],[91.70219,22.49766],[91.70445,22.49511],[91.70491,22.4941],[91.70524,22.49422],[91.70607,22.49252],[91.70694,22.49243],[91.70789,22.49163],[91.70943,22.49157],[91.71,22.491],[91.71006,22.49071],[91.70978,22.49061],[91.71066,22.48829],[91.71057,22.48793],[91.70995,22.48765],[91.70996,22.48688],[91.70968,22.48678],[91.71009,22.48665],[91.71046,22.48582],[91.71034,22.48481],[91.71097,22.48455],[91.71079,22.48423],[91.71204,22.48232],[91.71225,22.48148],[91.71257,22.48146],[91.71344,22.47906],[91.71433,22.47825],[91.71548,22.4761],[91.71524,22.47486],[91.71599,22.47431],[91.7159,22.4737],[91.71647,22.47385],[91.71775,22.47154],[91.71782,22.47113],[91.71715,22.47106],[91.7173,22.47052],[91.7177,22.47061],[91.71796,22.46944],[91.71883,22.46962],[91.71906,22.46932],[91.71954,22.46938],[91.72045,22.4682],[91.72096,22.46823],[91.72109,22.46681],[91.72195,22.46556],[91.72253,22.46537],[91.7224,22.46492],[91.72282,22.46482],[91.72329,22.46364],[91.72335,22.46303],[91.72283,22.46257],[91.72376,22.46201],[91.72336,22.46138],[91.72411,22.46014],[91.72497,22.46022],[91.72529,22.45979],[91.72541,22.4594],[91.72413,22.4589],[91.72451,22.45881],[91.72442,22.45801],[91.72517,22.45631],[91.7258,22.4532],[91.72694,22.45146],[91.72721,22.45149],[91.72716,22.45078],[91.72773,22.45038],[91.72885,22.44846],[91.72841,22.44811],[91.72909,22.44738],[91.72904,22.4469],[91.72932,22.44691],[91.72974,22.44563],[91.73032,22.44531],[91.72979,22.44492],[91.7301,22.44434],[91.7303,22.44217],[91.73123,22.44219],[91.73123,22.44078],[91.73067,22.44049],[91.73119,22.43825],[91.73227,22.4359],[91.73233,22.43508],[91.73266,22.43485],[91.73263,22.43426],[91.73309,22.4342],[91.73355,22.43356],[91.73306,22.43251],[91.73374,22.4319],[91.73435,22.43185],[91.73588,22.43026],[91.73648,22.43029],[91.73724,22.42851],[91.73642,22.4281],[91.73631,22.42668],[91.73655,22.42644],[91.73777,22.42654],[91.73805,22.42605],[91.73816,22.4254],[91.73618,22.42513],[91.73604,22.4249],[91.73688,22.42491],[91.73691,22.42454],[91.73662,22.42448],[91.73689,22.42381],[91.73926,22.4243],[91.73872,22.42287],[91.73916,22.42226],[91.73995,22.42229],[91.7403,22.42122],[91.74105,22.42019],[91.74089,22.41915],[91.73997,22.41885],[91.74008,22.41807],[91.74074,22.41708],[91.74024,22.4161],[91.74022,22.41445],[91.74179,22.41416],[91.74262,22.41309],[91.7402,22.41192],[91.73969,22.40916],[91.74071,22.40715],[91.74074,22.40558],[91.74127,22.40363],[91.74242,22.40219],[91.74319,22.40204],[91.74359,22.40161],[91.7444,22.39961],[91.74717,22.40077],[91.74767,22.40058],[91.74886,22.39948],[91.74853,22.39939],[91.74747,22.4006],[91.74662,22.40005],[91.74576,22.39983],[91.74499,22.39828],[91.7441,22.39759],[91.74367,22.39654],[91.74385,22.3959],[91.74283,22.39402],[91.74322,22.39068],[91.74437,22.3895],[91.74523,22.38576],[91.7469,22.38392],[91.74806,22.3811],[91.74793,22.38084],[91.74848,22.38071],[91.74952,22.37978],[91.74895,22.37864],[91.74921,22.37658],[91.75019,22.37524],[91.75107,22.37506],[91.75154,22.37457],[91.75097,22.37287],[91.75132,22.37115],[91.75052,22.37011],[91.75067,22.36554],[91.75041,22.36506],[91.75036,22.36267],[91.75146,22.36245],[91.75139,22.36106],[91.75264,22.3577],[91.75351,22.35695],[91.75334,22.35571],[91.75404,22.35408],[91.75592,22.35324],[91.75591,22.35242],[91.75809,22.35213],[91.75781,22.35147],[91.75802,22.35082],[91.75884,22.3502],[91.75834,22.35004],[91.7583,22.34919],[91.75738,22.34887],[91.7575,22.34761],[91.75791,22.34742],[91.75801,22.34693],[91.7585,22.34686],[91.75864,22.34579],[91.75857,22.34549],[91.7578,22.34526],[91.75762,22.34373],[91.75805,22.34322],[91.75791,22.34277],[91.75738,22.34264],[91.75823,22.3409],[91.75853,22.33946],[91.75842,22.33791],[91.75921,22.3362],[91.75919,22.33533],[91.76038,22.33391],[91.76099,22.33171],[91.76236,22.33144],[91.76276,22.3298],[91.76443,22.32969],[91.76449,22.32653],[91.76197,22.3261],[91.76271,22.31895],[91.76325,22.31837],[91.76331,22.3168],[91.76018,22.31635],[91.75864,22.31589],[91.75825,22.31546],[91.75751,22.31252],[91.75728,22.31002],[91.75876,22.30082],[91.76163,22.29812],[91.76242,22.29398],[91.76582,22.29025],[91.76603,22.28785],[91.76725,22.28429],[91.76721,22.27909],[91.76777,22.27716],[91.76852,22.27579],[91.77133,22.27292],[91.77183,22.27037],[91.77406,22.2672],[91.77557,22.2595],[91.77992,22.25088],[91.78346,22.24565],[91.78764,22.24127],[91.78951,22.23789],[91.79205,22.23424],[91.7939,22.23241],[91.79668,22.23065],[91.79661,22.22914],[91.79963,22.22596],[91.81174,22.22325],[91.8098,22.20403],[91.81285,22.19294],[91.81625,22.18401],[91.8179,22.18136],[91.82229,22.16561],[91.8235,22.15787],[91.82647,22.15076],[91.82738,22.14446],[91.8318,22.13821],[91.83159,22.13756],[91.83301,22.13425],[91.83324,22.13278],[91.83582,22.12818],[91.83983,22.12235],[91.84154,22.12155],[91.84292,22.12021],[91.84391,22.11738],[91.8458,22.11676],[91.84717,22.11549],[91.84806,22.11543],[91.85171,22.11728],[91.85813,22.11673],[91.86449,22.11656],[91.86636,22.11113],[91.86659,22.10961],[91.86628,22.10693],[91.86367,22.10041],[91.86311,22.09804],[91.86255,22.09739],[91.86178,22.09543],[91.86115,22.09327],[91.86115,22.09166],[91.86496,22.08393],[91.86581,22.0798],[91.87421,22.06038],[91.8756,22.05512],[91.87593,22.05511],[91.87613,22.0544],[91.87662,22.05398],[91.87776,22.05033],[91.87773,22.04791],[91.87683,22.04241],[91.87684,22.03821],[91.87705,22.03628],[91.87862,22.03103],[91.87903,22.02735],[91.87881,22.02337],[91.87685,22.01397],[91.87567,22.01107],[91.87522,22.01065],[91.87321,22.01023],[91.8727,22.00987],[91.87232,22.00913],[91.87075,22.00801],[91.86998,22.00619],[91.87212,22.00364],[91.87349,21.9995],[91.8739,21.99813],[91.87593,21.99472],[91.87585,21.99348],[91.87796,21.9914],[91.87836,21.99061],[91.87881,21.98879],[91.87872,21.98772],[91.87991,21.98505],[91.87948,21.98455],[91.88,21.98253],[91.87986,21.97613],[91.87926,21.9747],[91.87975,21.97393],[91.88014,21.97385],[91.88486,21.97419],[91.88534,21.97401],[91.8861,21.96658],[91.88585,21.96629],[91.88401,21.96656],[91.88394,21.96599],[91.88581,21.96593],[91.88582,21.9646],[91.88716,21.96128],[91.88764,21.95835],[91.88912,21.95325],[91.89156,21.94876],[91.89324,21.94672],[91.89405,21.94636],[91.89677,21.94627],[91.89779,21.94594],[91.89792,21.94507],[91.89675,21.94138],[91.90009,21.9396],[91.9016,21.93743],[91.90254,21.93464],[91.90282,21.92875],[91.90405,21.92321],[91.90471,21.92278],[91.90576,21.92292],[91.90728,21.92262],[91.90696,21.91987],[91.9049,21.91996],[91.90654,21.91974],[91.90597,21.9138],[91.90615,21.91222],[91.90667,21.9115],[91.90732,21.90841],[91.90842,21.90542],[91.90821,21.90514],[91.90837,21.90442],[91.91237,21.89358],[91.91206,21.89332],[91.91271,21.89334],[91.9131,21.89259],[91.91247,21.89188],[91.91277,21.89077],[91.91346,21.89072],[91.9142,21.88658],[91.91369,21.88643],[91.91424,21.88026],[91.9151,21.87624],[91.91578,21.8699],[91.91662,21.86648],[91.9166,21.8647],[91.91733,21.86276],[91.91731,21.85908],[91.91793,21.85852],[91.91859,21.85854],[91.91804,21.85686],[91.91709,21.85673],[91.91676,21.85554],[91.9167,21.8469],[91.9156,21.84309],[91.91607,21.84258],[91.91271,21.82803],[91.91202,21.82324],[91.91124,21.8225],[91.91159,21.8214],[91.9099,21.81715],[91.90849,21.81018],[91.90707,21.80815],[91.90508,21.80374],[91.90418,21.8036],[91.90356,21.8024],[91.90235,21.79963],[91.9033,21.79899],[91.90178,21.79542],[91.89859,21.78947],[91.89532,21.78513],[91.89412,21.78404],[91.8939,21.78334],[91.89417,21.78251],[91.89415,21.7795],[91.89335,21.7784],[91.89167,21.77725],[91.89128,21.77572],[91.88983,21.77347],[91.89004,21.77223],[91.89036,21.77177],[91.89886,21.76637],[91.90206,21.76488],[91.90421,21.76466],[91.91042,21.76567],[91.91555,21.76524],[91.92449,21.76559],[91.93034,21.76344],[91.93108,21.76331],[91.9324,21.76368],[91.93725,21.76272],[91.94093,21.76095],[91.94119,21.76025],[91.94118,21.75764],[91.94085,21.7562],[91.94093,21.75178],[91.93937,21.75154],[91.93859,21.75093],[91.93771,21.74947],[91.93749,21.74787],[91.93945,21.74615],[91.94004,21.74658],[91.94174,21.7453],[91.94229,21.74531],[91.94398,21.74326],[91.94479,21.74286],[91.94557,21.74039],[91.94591,21.74014],[91.9464,21.73601],[91.94578,21.73577],[91.94619,21.73073],[91.94687,21.73061],[91.94731,21.72562],[91.94944,21.72516],[91.9495,21.72481],[91.94688,21.72482],[91.94738,21.72079],[91.94842,21.72074],[91.94836,21.7204],[91.94719,21.72025],[91.94752,21.71775],[91.9478,21.71767],[91.94796,21.71612],[91.94858,21.71597],[91.94951,21.71104],[91.95232,21.70266],[91.95201,21.70236],[91.95298,21.69967],[91.95334,21.69964],[91.95362,21.69888],[91.95337,21.69829],[91.95409,21.69742],[91.95444,21.69539],[91.95505,21.69425],[91.95638,21.68912],[91.95685,21.6891],[91.95762,21.6853],[91.9608,21.67816],[91.96109,21.67641],[91.96189,21.67487],[91.96157,21.67433],[91.96173,21.67317],[91.963,21.67031],[91.96782,21.66377],[91.97008,21.66148],[91.9709,21.66119],[91.97369,21.65914],[91.97657,21.65848],[91.97805,21.65646],[91.9787,21.65608],[91.98604,21.65816],[91.99412,21.65913],[91.99548,21.65969],[91.99473,21.66366],[91.99496,21.66804],[91.99553,21.66963],[91.99754,21.67191],[91.99751,21.67275],[91.99687,21.6735],[91.99434,21.67521],[91.99322,21.67519],[91.99112,21.67408],[91.99088,21.67436],[91.99331,21.67561],[91.99437,21.67555],[91.99666,21.6742],[91.99803,21.67229],[91.99776,21.67128],[91.99587,21.66927],[91.99547,21.66793],[91.99524,21.66504],[91.99601,21.66034],[91.99582,21.65921],[91.99946,21.65913],[92.00653,21.65858],[92.01475,21.65878],[92.01683,21.65907],[92.01918,21.65966],[92.02097,21.66064],[92.02209,21.66182],[92.02322,21.66429],[92.02359,21.66755],[92.02327,21.67062],[92.02179,21.67437],[92.01889,21.67984],[92.01814,21.68358],[92.01834,21.68844],[92.018,21.69139],[92.01856,21.6928],[92.01691,21.69444],[92.01725,21.69444],[92.01821,21.69338],[92.01887,21.69313],[92.02169,21.69589],[92.02553,21.69849],[92.02684,21.70095],[92.02735,21.70446],[92.02658,21.7073],[92.02127,21.71674],[92.01842,21.72443],[92.0173,21.7258],[92.01743,21.7269],[92.02011,21.72826],[92.0251,21.72872],[92.0301,21.73003],[92.03561,21.73358],[92.03634,21.73532],[92.03553,21.73693],[92.03577,21.73792],[92.03637,21.73857],[92.04031,21.73966],[92.04271,21.74153],[92.04452,21.74408],[92.0457,21.74642],[92.04623,21.74989],[92.04717,21.75124],[92.04864,21.75207],[92.05644,21.75389],[92.05847,21.75483],[92.05997,21.7561],[92.06066,21.75706],[92.06103,21.75889],[92.06061,21.76141],[92.05953,21.76297],[92.05954,21.76391],[92.06198,21.76697],[92.06234,21.76687],[92.06272,21.76667],[92.06247,21.76621],[92.06045,21.76342],[92.06188,21.75941],[92.06122,21.75655],[92.05966,21.75493],[92.05773,21.75372],[92.05398,21.75242],[92.04961,21.75161],[92.0473,21.7505],[92.04676,21.74925],[92.04682,21.74696],[92.04461,21.74251],[92.04236,21.73985],[92.03674,21.73742],[92.03652,21.73683],[92.03707,21.73506],[92.03629,21.73296],[92.0356,21.73214],[92.03019,21.72878],[92.02047,21.72727],[92.01801,21.72638],[92.01802,21.72592],[92.01943,21.72477],[92.02036,21.72312],[92.02294,21.7164],[92.02811,21.70676],[92.02836,21.70416],[92.0278,21.70011],[92.02977,21.70028],[92.0314,21.69989],[92.03116,21.69966],[92.0295,21.69993],[92.02761,21.69957],[92.02621,21.69775],[92.02125,21.69384],[92.0189,21.69135],[92.0196,21.68781],[92.01969,21.68228],[92.02027,21.67997],[92.02096,21.67823],[92.0234,21.67477],[92.02339,21.67434],[92.02361,21.67501],[92.02429,21.67562],[92.02473,21.67538],[92.02408,21.67505],[92.02363,21.67401],[92.0249,21.66939],[92.02449,21.66466],[92.02368,21.66249],[92.02254,21.66067],[92.02109,21.65945],[92.01915,21.65842],[92.01702,21.65784],[92.01253,21.65731],[92.00217,21.65688],[91.99946,21.65613],[91.99724,21.6543],[91.99634,21.65255],[91.99583,21.6435],[91.99642,21.64389],[91.99701,21.64509],[91.99842,21.64976],[91.99946,21.65048],[92.00169,21.65174],[92.00287,21.65313],[92.00499,21.65335],[92.00594,21.65317],[92.00584,21.65287],[92.00294,21.65259],[92.00199,21.6513],[91.99946,21.65002],[91.99899,21.64978],[91.99867,21.64905],[91.99746,21.64442],[91.99595,21.64259],[91.99565,21.64084],[91.9982,21.6307],[91.99946,21.62761],[92.00036,21.62587],[92.00429,21.62118],[92.00603,21.61846],[92.00789,21.61499],[92.00947,21.61089],[92.01006,21.60623],[92.00967,21.60403],[92.00835,21.60218],[92.00693,21.60084],[92.00784,21.60055],[92.01293,21.6006],[92.01432,21.60095],[92.0165,21.60234],[92.01768,21.60372],[92.01856,21.60599],[92.01809,21.60847],[92.0165,21.61181],[92.01126,21.61804],[92.00881,21.62315],[92.0084,21.62582],[92.00862,21.62746],[92.01109,21.63074],[92.01348,21.62982],[92.01189,21.62811],[92.01153,21.62837],[92.0104,21.62698],[92.00991,21.62553],[92.01027,21.6233],[92.01347,21.61897],[92.01418,21.61884],[92.01617,21.61654],[92.0162,21.61533],[92.01893,21.61046],[92.02018,21.61006],[92.02256,21.61204],[92.02479,21.61309],[92.02715,21.61339],[92.03149,21.61172],[92.03351,21.61152],[92.03642,21.61249],[92.04041,21.61488],[92.04192,21.61666],[92.04234,21.61831],[92.04183,21.61935],[92.0413,21.61938],[92.0402,21.62109],[92.03982,21.6211],[92.03967,21.62144],[92.03997,21.6215],[92.03776,21.62597],[92.03734,21.6263],[92.03761,21.62666],[92.03749,21.62965],[92.04056,21.63175],[92.04215,21.63236],[92.04612,21.63249],[92.04642,21.63227],[92.0461,21.63187],[92.04303,21.6317],[92.04069,21.63106],[92.03955,21.6302],[92.03869,21.62875],[92.03858,21.62689],[92.03899,21.62486],[92.04251,21.62038],[92.04356,21.62007],[92.04361,21.61785],[92.04334,21.61678],[92.04141,21.61437],[92.04048,21.61376],[92.04021,21.61324],[92.03709,21.61133],[92.03469,21.61046],[92.03244,21.61023],[92.03096,21.61041],[92.02803,21.61192],[92.0267,21.6123],[92.02523,21.6122],[92.02327,21.61136],[92.02063,21.60887],[92.02011,21.60701],[92.01998,21.60454],[92.0189,21.60246],[92.01664,21.59953],[92.01536,21.59912],[92.01263,21.59699],[92.009,21.59606],[92.00783,21.59651],[92.0065,21.5966],[92.00448,21.59567],[92.00477,21.59451],[92.0019,21.59148],[92.00127,21.58971],[92.00013,21.5888],[91.99946,21.58779],[91.9982,21.58563],[91.9982,21.58413],[91.99719,21.58399],[91.99558,21.58141],[91.99483,21.57785],[91.99597,21.56948],[91.99628,21.56457],[91.9967,21.56334],[91.99662,21.56169],[91.99602,21.56146],[91.99609,21.55939],[91.99674,21.55911],[91.99706,21.55464],[91.99881,21.55428],[91.99874,21.55092],[91.99809,21.55071],[91.99804,21.55036],[91.99906,21.54461],[91.99946,21.54441],[91.99979,21.54311],[91.9996,21.54227],[92.00017,21.54199],[92.00035,21.54137],[91.99982,21.53998],[91.99979,21.53892],[92.00077,21.53819],[92.00066,21.53476],[92.00153,21.52945],[92.00209,21.52916],[92.00168,21.52874],[92.00174,21.52813],[92.00229,21.52736],[92.00223,21.52589],[92.00156,21.5256],[92.00182,21.5223],[92.00143,21.52122],[92.00184,21.51964],[92.00731,21.51896],[92.00706,21.51775],[92.00727,21.51625],[92.00967,21.5118],[92.01055,21.50889],[92.01093,21.50848],[92.01188,21.50836],[92.01326,21.50908],[92.01548,21.51156],[92.01763,21.51318],[92.01817,21.51283],[92.02071,21.51287],[92.02479,21.51138],[92.02858,21.51151],[92.029,21.51129],[92.02912,21.51165],[92.03003,21.51203],[92.03247,21.5139],[92.0337,21.5144],[92.03672,21.51434],[92.03785,21.51372],[92.03954,21.51339],[92.04099,21.51668],[92.04228,21.51753],[92.04409,21.51935],[92.04483,21.51927],[92.04537,21.51865],[92.04374,21.51762],[92.04338,21.51706],[92.04354,21.51658],[92.04303,21.51602],[92.0418,21.51586],[92.04117,21.51542],[92.04081,21.51425],[92.04114,21.5131],[92.04041,21.51195],[92.03676,21.51236],[92.03619,21.51338],[92.03469,21.51377],[92.03318,21.51335],[92.02971,21.51111],[92.02842,21.51074],[92.02322,21.51079],[92.02265,21.51094],[92.02196,21.51164],[92.02033,21.51186],[92.01866,21.51182],[92.01737,21.51142],[92.01322,21.50798],[92.01179,21.50592],[92.01143,21.5045],[92.0094,21.50441],[92.00872,21.50275],[92.00908,21.5013],[92.00996,21.50104],[92.01159,21.50131],[92.01205,21.50101],[92.01351,21.50149],[92.01488,21.50151],[92.01529,21.50199],[92.0185,21.50066],[92.02091,21.49832],[92.02059,21.49763],[92.02305,21.49394],[92.02593,21.49179],[92.02809,21.49105],[92.02972,21.49081],[92.03067,21.49103],[92.03077,21.49193],[92.03152,21.4923],[92.032,21.4937],[92.03319,21.49536],[92.0348,21.49606],[92.03622,21.49574],[92.03737,21.4948],[92.03798,21.49373],[92.03892,21.48962],[92.03966,21.48794],[92.03954,21.48693],[92.04127,21.48282],[92.04241,21.48147],[92.04759,21.47881],[92.04997,21.47628],[92.05159,21.47567],[92.05358,21.47596],[92.05809,21.47847],[92.06232,21.47849],[92.06268,21.47815],[92.06261,21.47746],[92.06076,21.47534],[92.06025,21.47345],[92.05963,21.47291],[92.05881,21.47275],[92.05405,21.47376],[92.05382,21.47286],[92.0542,21.47231],[92.0553,21.47165],[92.05488,21.47138],[92.05335,21.47287],[92.05349,21.47389],[92.05411,21.47421],[92.05796,21.47346],[92.05971,21.47366],[92.06015,21.47568],[92.06199,21.47773],[92.06188,21.47798],[92.05826,21.47769],[92.05381,21.47541],[92.05154,21.47515],[92.04991,21.47564],[92.04748,21.47796],[92.04325,21.47986],[92.04153,21.48105],[92.04033,21.48264],[92.03838,21.48724],[92.03676,21.49372],[92.03562,21.4949],[92.03484,21.49512],[92.03405,21.49475],[92.03284,21.49212],[92.03292,21.49144],[92.03215,21.49068],[92.03045,21.48981],[92.0292,21.48987],[92.02594,21.49072],[92.02376,21.49177],[92.02077,21.49442],[92.01738,21.49928],[92.01594,21.50017],[92.01462,21.50037],[92.01351,21.5001],[92.01245,21.4993],[92.01239,21.49848],[92.01018,21.49878],[92.00931,21.49769],[92.00697,21.50015],[92.00564,21.50294],[92.00788,21.50616],[92.00856,21.5079],[92.00835,21.50902],[92.00673,21.51226],[92.00444,21.51475],[92.00193,21.51646],[92.00097,21.51658],[92.00026,21.51601],[91.99946,21.51165],[91.99716,21.50794],[91.99283,21.49952],[91.98599,21.48929],[91.98022,21.48213],[91.97565,21.47908],[91.97565,21.47584],[91.97498,21.46998],[91.96972,21.45407],[91.97006,21.4524],[91.97105,21.4523],[91.97426,21.45282],[91.97403,21.45153],[91.9726,21.4515],[91.97129,21.45085],[91.97164,21.44906],[91.97219,21.44833],[91.97288,21.44808],[91.97195,21.44833],[91.97123,21.4498],[91.97046,21.45018],[91.97001,21.44961],[91.96994,21.45029],[91.96936,21.45041],[91.96944,21.45079],[91.96847,21.45178],[91.96773,21.455],[91.96777,21.45792],[91.9684,21.45997],[91.96889,21.46355],[91.97217,21.46956],[91.97276,21.47131],[91.97276,21.47473],[91.97214,21.47733],[91.97174,21.47774],[91.97063,21.47815],[91.96905,21.47754],[91.9667,21.47522],[91.96292,21.47052],[91.96208,21.47437],[91.96177,21.47468],[91.96136,21.47482],[91.95755,21.47407],[91.95722,21.47337],[91.95793,21.47014],[91.95769,21.46997],[91.95795,21.46862],[91.9576,21.46901],[91.95691,21.46864],[91.95792,21.4675],[91.95675,21.46687],[91.95448,21.46708],[91.9542,21.46793],[91.95349,21.46835],[91.94776,21.4682],[91.9462,21.46777],[91.94546,21.46717],[91.94373,21.4665],[91.94301,21.46448],[91.94369,21.46205],[91.94545,21.4588],[91.94741,21.45667],[91.95016,21.45265],[91.952,21.44925],[91.9655,21.43363],[91.969,21.42899],[91.98612,21.40979],[91.99618,21.39583],[91.99744,21.3952],[91.99741,21.39492],[91.9969,21.39497],[91.99698,21.3946],[91.99946,21.39119],[92.00615,21.3822],[92.00713,21.38034],[92.00924,21.37794],[92.01727,21.36713],[92.02214,21.35834],[92.02215,21.3579],[92.02462,21.35434],[92.02815,21.34652],[92.0296,21.34398],[92.02947,21.34368],[92.02874,21.34351],[92.02831,21.34273],[92.02809,21.34085],[92.02735,21.33972],[92.02684,21.33797],[92.02696,21.33621],[92.03033,21.32841],[92.03153,21.323],[92.03293,21.32035],[92.03496,21.31777],[92.03808,21.31233],[92.03995,21.3098],[92.03902,21.30791],[92.03558,21.3118],[92.03461,21.31158],[92.03465,21.3101],[92.03558,21.30811],[92.03889,21.30327],[92.04112,21.29899],[92.04339,21.29554],[92.04648,21.28936],[92.04735,21.28658],[92.04748,21.28388],[92.04625,21.28051],[92.04553,21.27721],[92.04572,21.27463],[92.04704,21.26892],[92.04724,21.26451],[92.04701,21.25372],[92.0463,21.24968],[92.04532,21.23411],[92.04704,21.22592],[92.0477,21.22124],[92.04729,21.2141],[92.04835,21.20948],[92.04876,21.20515],[92.04874,21.20254],[92.04789,21.19751],[92.04795,21.18854],[92.04729,21.18582],[92.05012,21.17881],[92.05492,21.17193],[92.05556,21.16878],[92.05691,21.16658],[92.05864,21.1651],[92.05948,21.16356],[92.0634,21.15882],[92.06482,21.1573],[92.06644,21.15628],[92.06754,21.15358],[92.0705,21.14993],[92.07946,21.14067],[92.08416,21.13349],[92.09391,21.12141],[92.09974,21.11508],[92.10142,21.11251],[92.10548,21.10803],[92.10802,21.1047],[92.1112,21.10175],[92.11261,21.09902],[92.13466,21.07356],[92.13935,21.06849],[92.14256,21.06553],[92.1448,21.06228],[92.15476,21.05097],[92.16412,21.04104],[92.16623,21.03954],[92.16806,21.03684],[92.16938,21.03594],[92.16993,21.03417],[92.1709,21.03258],[92.17907,21.0222],[92.18588,21.01296],[92.18826,21.00722],[92.19081,20.9995],[92.19328,20.99249],[92.19439,20.98815],[92.1968,20.98186],[92.19776,20.97678],[92.19993,20.97204],[92.20165,20.96719],[92.20286,20.95948],[92.20514,20.95532],[92.20839,20.95089],[92.21115,20.94588],[92.21337,20.94086],[92.2143,20.93739],[92.21992,20.92522],[92.22708,20.91234],[92.23217,20.9045],[92.2355,20.90052],[92.23703,20.89944],[92.24103,20.89328],[92.24251,20.89178],[92.24653,20.88545],[92.25081,20.88023],[92.25229,20.87916],[92.25249,20.8781],[92.25468,20.87361],[92.26079,20.86431],[92.27397,20.84311],[92.28932,20.81495],[92.29269,20.80805],[92.29631,20.80215],[92.29751,20.79912],[92.29889,20.7973],[92.30204,20.78976],[92.30406,20.78602],[92.30663,20.78195],[92.31141,20.77587],[92.31455,20.77059],[92.31911,20.76545],[92.32644,20.7588],[92.32768,20.758],[92.32985,20.7573],[92.33333,20.75517],[92.34085,20.74979],[92.34158,20.74936],[92.34239,20.74934],[92.34509,20.75044],[92.34686,20.75488],[92.34554,20.75707],[92.34447,20.75758],[92.34177,20.75785],[92.33972,20.75987],[92.33847,20.76287],[92.33825,20.76408],[92.33942,20.76864],[92.33771,20.7709],[92.33677,20.77331],[92.33506,20.78898],[92.33443,20.79256],[92.33317,20.79419],[92.3322,20.79476],[92.33264,20.79551],[92.3312,20.79792],[92.32803,20.80581],[92.32618,20.80933],[92.32308,20.80963],[92.32471,20.80971],[92.32568,20.81033],[92.32475,20.81443],[92.32334,20.81771],[92.32294,20.81791],[92.3211,20.8177],[92.32331,20.81813],[92.32351,20.81843],[92.32182,20.82584],[92.3216,20.82965],[92.32114,20.83007],[92.31957,20.83021],[92.31961,20.83061],[92.32117,20.83032],[92.32151,20.83073],[92.31989,20.83983],[92.31921,20.84056],[92.31802,20.84043],[92.31953,20.8409],[92.31867,20.84448],[92.31738,20.84701],[92.31613,20.84698],[92.31472,20.8515],[92.31273,20.85479],[92.31341,20.85535],[92.31048,20.86061],[92.3093,20.86025],[92.30823,20.862],[92.3095,20.86259],[92.30543,20.87201],[92.30349,20.875],[92.30319,20.87767],[92.30243,20.88033],[92.30097,20.8846],[92.30012,20.88476],[92.29964,20.88788],[92.29737,20.89063],[92.29172,20.89293],[92.28952,20.8945],[92.28757,20.89651],[92.28577,20.89744],[92.28448,20.8995],[92.28303,20.90102],[92.28038,20.90308],[92.28053,20.9035],[92.27765,20.9068],[92.27329,20.91299],[92.26956,20.91972],[92.2677,20.92503],[92.26617,20.93416],[92.26517,20.93715],[92.26377,20.93902],[92.26212,20.94683],[92.26145,20.94877],[92.26004,20.95856],[92.25936,20.95947],[92.25987,20.97228],[92.26039,20.97375],[92.26156,20.97437],[92.26161,20.97564],[92.26099,20.98],[92.25992,20.98019],[92.25936,20.98391],[92.25979,20.98432],[92.25968,20.98518],[92.25821,20.99216],[92.25786,20.9995],[92.25793,21.00044],[92.25824,21.00358],[92.25669,21.01193],[92.2528,21.01866],[92.25168,21.02279],[92.25107,21.02877],[92.25114,21.03327],[92.25162,21.03756],[92.2534,21.04727],[92.25427,21.04985],[92.25565,21.05215],[92.25798,21.05479],[92.26293,21.05856],[92.26378,21.05938],[92.26435,21.06052],[92.26422,21.06286],[92.26298,21.06623],[92.25836,21.07612],[92.25659,21.07904],[92.25457,21.08111],[92.24975,21.08451],[92.23945,21.09003],[92.23653,21.09229],[92.23301,21.09588],[92.22973,21.10085],[92.22805,21.1025],[92.22527,21.10997],[92.22376,21.11213],[92.22262,21.11286],[92.21729,21.11507],[92.21591,21.11603],[92.21479,21.11635],[92.21076,21.11522],[92.20864,21.1155],[92.20453,21.1179],[92.20103,21.12186],[92.20007,21.12345],[92.1988,21.12763],[92.19749,21.13327],[92.1974,21.13558],[92.1967,21.13874],[92.19774,21.14199],[92.19843,21.14229],[92.20016,21.14433],[92.20117,21.14439],[92.20278,21.14609],[92.20341,21.14782],[92.2033,21.14866],[92.20298,21.14876],[92.20296,21.15039],[92.20009,21.15964],[92.19934,21.16102],[92.1984,21.1615],[92.19729,21.16184],[92.18995,21.16247],[92.18833,21.16187],[92.18405,21.15952],[92.18045,21.15886],[92.18051,21.15962],[92.18491,21.16084],[92.18877,21.16294],[92.19038,21.16326],[92.19366,21.16307],[92.19713,21.16262],[92.19956,21.16177],[92.2016,21.15876],[92.20278,21.15563],[92.20407,21.15081],[92.20595,21.14714],[92.20873,21.14535],[92.21399,21.1428],[92.21854,21.14125],[92.22362,21.13824],[92.22469,21.13702],[92.22656,21.14001],[92.22736,21.14405],[92.2276,21.14406],[92.2272,21.14082],[92.22501,21.13689],[92.22418,21.13238],[92.22392,21.12843],[92.22433,21.12771],[92.22391,21.12319],[92.22528,21.12012],[92.22816,21.11528],[92.23047,21.10925],[92.23368,21.10278],[92.23617,21.09578],[92.23727,21.0942],[92.23995,21.09206],[92.24285,21.09034],[92.24896,21.08759],[92.2526,21.08562],[92.25547,21.0834],[92.25753,21.08133],[92.2593,21.07895],[92.26111,21.0758],[92.26497,21.06663],[92.26626,21.06184],[92.26601,21.05968],[92.26459,21.05632],[92.26235,21.05402],[92.26594,21.05023],[92.26429,21.04851],[92.26351,21.04872],[92.26211,21.04637],[92.26245,21.04439],[92.26418,21.04084],[92.2651,21.03741],[92.26604,21.03224],[92.26606,21.02933],[92.26579,21.02828],[92.26853,21.02773],[92.27237,21.02589],[92.27366,21.02559],[92.27681,21.02587],[92.28094,21.02769],[92.28321,21.02804],[92.28596,21.0276],[92.28943,21.02604],[92.29109,21.02563],[92.2919,21.02686],[92.2919,21.02779],[92.28951,21.03119],[92.28967,21.03218],[92.29065,21.03343],[92.29238,21.03435],[92.29642,21.03496],[92.2958,21.03453],[92.29354,21.03431],[92.29152,21.03354],[92.2907,21.033],[92.28986,21.03185],[92.28987,21.03121],[92.29174,21.02897],[92.29234,21.02767],[92.29178,21.02595],[92.29099,21.02526],[92.2893,21.02558],[92.28589,21.02721],[92.28283,21.02755],[92.28152,21.02735],[92.27736,21.02544],[92.27372,21.02507],[92.27236,21.0253],[92.26738,21.02749],[92.2662,21.02778],[92.26571,21.02756],[92.26559,21.02463],[92.26659,21.01996],[92.26723,21.01434],[92.26974,21.0069],[92.27122,21.00062],[92.27216,21.00111],[92.27325,21.00116],[92.27727,21.0003],[92.27978,21.00029],[92.28218,21.00076],[92.28715,21.00275],[92.29157,21.00592],[92.29219,21.00668],[92.29452,21.00765],[92.29787,21.00552],[92.29935,21.00574],[92.30141,21.00838],[92.3042,21.01555],[92.30399,21.01808],[92.30238,21.02278],[92.30254,21.0232],[92.30302,21.02313],[92.30467,21.01937],[92.30503,21.01559],[92.30463,21.01382],[92.30249,21.0087],[92.30088,21.00615],[92.29967,21.0052],[92.29814,21.00477],[92.29711,21.00496],[92.29483,21.00634],[92.29395,21.00655],[92.29323,21.00609],[92.29108,21.00359],[92.28777,21.00124],[92.28522,21.00018],[92.28216,20.9995],[92.27845,20.99903],[92.27363,20.99889],[92.27206,20.99811],[92.27169,20.99736],[92.27561,20.98841],[92.27734,20.98256],[92.27823,20.975],[92.27804,20.97126],[92.27767,20.97006],[92.28133,20.96964],[92.28441,20.96802],[92.28624,20.9667],[92.28727,20.96666],[92.28802,20.96695],[92.2892,20.96821],[92.28985,20.97007],[92.29071,20.97561],[92.29279,20.97934],[92.29551,20.98209],[92.30283,20.98782],[92.30294,20.98889],[92.3022,20.98972],[92.29563,20.99251],[92.29549,20.99311],[92.29644,20.99345],[92.2967,20.99298],[92.29769,20.99251],[92.30321,20.99004],[92.30528,20.9894],[92.30839,20.99146],[92.31039,20.99322],[92.31435,20.99402],[92.31591,20.99411],[92.31738,20.99378],[92.32217,20.99087],[92.32166,20.99075],[92.31671,20.9936],[92.31185,20.99325],[92.31019,20.99258],[92.30824,20.99069],[92.30438,20.98802],[92.30233,20.98608],[92.30252,20.98567],[92.30393,20.98519],[92.30632,20.98258],[92.30597,20.97913],[92.30677,20.97826],[92.3083,20.97734],[92.30909,20.9763],[92.30982,20.97344],[92.30905,20.97064],[92.30991,20.96966],[92.31029,20.9684],[92.31075,20.96812],[92.31146,20.96607],[92.31226,20.96539],[92.31403,20.96513],[92.31517,20.96463],[92.31695,20.96279],[92.31941,20.96347],[92.32038,20.96322],[92.32064,20.96258],[92.3231,20.96167],[92.3271,20.96178],[92.33013,20.96095],[92.33205,20.96173],[92.3322,20.96221],[92.33171,20.96324],[92.33328,20.9642],[92.3348,20.9656],[92.33648,20.96787],[92.3353,20.96956],[92.33459,20.96945],[92.33452,20.96979],[92.33521,20.97032],[92.3364,20.96941],[92.33684,20.96863],[92.33714,20.96754],[92.33705,20.96658],[92.3358,20.96584],[92.33533,20.96521],[92.33731,20.9644],[92.3368,20.96314],[92.33619,20.96351],[92.33571,20.9632],[92.33518,20.96364],[92.33429,20.96314],[92.33411,20.96266],[92.33354,20.9627],[92.33297,20.96169],[92.33009,20.96036],[92.32649,20.96129],[92.32312,20.96096],[92.32258,20.96039],[92.32178,20.96132],[92.32001,20.96196],[92.31822,20.9613],[92.31772,20.96039],[92.31781,20.95556],[92.31857,20.95524],[92.31803,20.95501],[92.31788,20.95393],[92.32052,20.95326],[92.32084,20.95358],[92.32193,20.95357],[92.32204,20.95231],[92.32281,20.95222],[92.32271,20.95143],[92.32213,20.95108],[92.32222,20.95013],[92.32067,20.94928],[92.32121,20.94842],[92.32216,20.94847],[92.32257,20.94818],[92.32343,20.94881],[92.32442,20.94883],[92.32296,20.94793],[92.32173,20.9479],[92.32173,20.94732],[92.32217,20.94673],[92.32331,20.94667],[92.32476,20.9472],[92.32516,20.9469],[92.32514,20.94725],[92.32592,20.94733],[92.32626,20.9468],[92.32676,20.94762],[92.32764,20.9474],[92.3275,20.94662],[92.32702,20.94663],[92.3268,20.94534],[92.32606,20.94639],[92.32449,20.94609],[92.32443,20.9458],[92.3254,20.94477],[92.32814,20.94454],[92.32871,20.943],[92.32994,20.94376],[92.32949,20.94242],[92.32966,20.94163],[92.3304,20.94137],[92.33236,20.94246],[92.3323,20.94317],[92.33277,20.94327],[92.33362,20.9427],[92.33438,20.94318],[92.33413,20.94374],[92.33489,20.94586],[92.33542,20.94591],[92.33558,20.94559],[92.33589,20.9458],[92.33681,20.94567],[92.33622,20.9453],[92.33662,20.94471],[92.33683,20.94535],[92.33727,20.94559],[92.33871,20.9452],[92.33848,20.94493],[92.33719,20.94525],[92.3372,20.94444],[92.33643,20.94407],[92.3355,20.9447],[92.3352,20.9446],[92.33501,20.94411],[92.336,20.94244],[92.33507,20.94225],[92.3349,20.94181],[92.33316,20.94139],[92.33055,20.93906],[92.32977,20.93884],[92.32933,20.93806],[92.32923,20.93687],[92.3297,20.93575],[92.32924,20.93494],[92.33028,20.93479],[92.33147,20.93392],[92.331,20.93364],[92.33026,20.93445],[92.32942,20.93444],[92.33141,20.93075],[92.3309,20.9298],[92.33022,20.92963],[92.32877,20.92846],[92.32789,20.9283],[92.32777,20.92777],[92.33067,20.92705],[92.33075,20.92653],[92.33325,20.9272],[92.33369,20.9269],[92.33587,20.92783],[92.33926,20.92789],[92.33946,20.92876],[92.33991,20.92869],[92.34056,20.92982],[92.34051,20.93009],[92.33967,20.93038],[92.33964,20.93097],[92.34105,20.93161],[92.34157,20.93314],[92.34126,20.93335],[92.3404,20.93293],[92.34062,20.93389],[92.33984,20.93389],[92.34,20.93446],[92.3393,20.93498],[92.33871,20.93602],[92.33902,20.93621],[92.33952,20.93599],[92.33996,20.93527],[92.34057,20.93506],[92.34087,20.93421],[92.34163,20.93398],[92.34206,20.93417],[92.3436,20.93746],[92.34318,20.93788],[92.34304,20.93892],[92.34398,20.93894],[92.34454,20.94025],[92.34422,20.94148],[92.34484,20.94233],[92.34563,20.94211],[92.3467,20.94422],[92.34826,20.94611],[92.34794,20.94661],[92.3479,20.94768],[92.34709,20.94894],[92.34647,20.94882],[92.34614,20.94943],[92.34647,20.94964],[92.34624,20.95001],[92.34656,20.95094],[92.34527,20.95276],[92.34528,20.95457],[92.34613,20.95619],[92.34645,20.95625],[92.34649,20.95592],[92.346,20.95535],[92.34581,20.95408],[92.3462,20.95294],[92.34701,20.95251],[92.34685,20.95163],[92.34724,20.95],[92.34764,20.94967],[92.34805,20.94972],[92.3488,20.95004],[92.34936,20.95068],[92.34963,20.9499],[92.3492,20.94906],[92.35045,20.94723],[92.35218,20.94808],[92.35382,20.94808],[92.35437,20.94892],[92.35424,20.95111],[92.35507,20.95265],[92.35507,20.95391],[92.35469,20.9549],[92.35363,20.9555],[92.35351,20.95698],[92.35313,20.95774],[92.35209,20.95822],[92.35229,20.95938],[92.3519,20.96001],[92.35103,20.96076],[92.34952,20.96098],[92.3495,20.96177],[92.34886,20.96321],[92.34813,20.96362],[92.34826,20.96665],[92.34758,20.96694],[92.34746,20.96727],[92.34847,20.96768],[92.34842,20.96877],[92.34731,20.97012],[92.34659,20.97049],[92.34522,20.97013],[92.34515,20.96884],[92.34472,20.96891],[92.34489,20.97027],[92.34656,20.97103],[92.34738,20.97174],[92.34683,20.97685],[92.34578,20.97809],[92.34485,20.98311],[92.34418,20.98335],[92.34369,20.98397],[92.34449,20.9844],[92.34463,20.98478],[92.34426,20.98749],[92.34442,20.98832],[92.34656,20.99171],[92.34695,20.99173],[92.34757,20.991],[92.34674,20.98974],[92.34698,20.98386],[92.34736,20.9837],[92.34747,20.98281],[92.34939,20.98259],[92.35,20.98155],[92.34969,20.9808],[92.34862,20.98039],[92.348,20.97958],[92.34895,20.97903],[92.34928,20.9785],[92.34955,20.97657],[92.34919,20.97487],[92.34948,20.97431],[92.34998,20.97422],[92.35133,20.97575],[92.35198,20.97607],[92.35455,20.97531],[92.35545,20.97566],[92.35626,20.97809],[92.35482,20.97906],[92.35499,20.97953],[92.35639,20.98028],[92.35692,20.98022],[92.3572,20.97979],[92.35716,20.97854],[92.35765,20.97831],[92.35807,20.97847],[92.35873,20.97958],[92.36019,20.98041],[92.3602,20.98078],[92.3595,20.9814],[92.35758,20.98156],[92.35701,20.98207],[92.35633,20.98219],[92.35625,20.98251],[92.35677,20.98292],[92.35629,20.98473],[92.35592,20.98462],[92.35609,20.98303],[92.35563,20.98288],[92.35455,20.98315],[92.35453,20.98413],[92.35403,20.9846],[92.35497,20.98588],[92.35508,20.98778],[92.35446,20.98922],[92.35306,20.98989],[92.35255,20.98927],[92.35161,20.98934],[92.35002,20.99003],[92.34938,20.99084],[92.34837,20.99123],[92.34852,20.99188],[92.35023,20.9917],[92.35196,20.9911],[92.3522,20.99149],[92.35345,20.99135],[92.3548,20.99185],[92.35507,20.99226],[92.35463,20.99395],[92.35368,20.9944],[92.35401,20.99519],[92.35219,20.99611],[92.35181,20.99533],[92.3505,20.99496],[92.34942,20.99569],[92.34948,20.99706],[92.34732,20.99751],[92.34571,20.99627],[92.344,20.99658],[92.34314,20.99637],[92.34269,20.99694],[92.34219,20.99673],[92.34245,20.99637],[92.34113,20.99631],[92.34024,20.99559],[92.33982,20.99597],[92.3397,20.99673],[92.34016,20.99715],[92.34093,20.99729],[92.34106,20.9979],[92.34167,20.99841],[92.34318,20.99783],[92.34529,20.99811],[92.34548,20.99866],[92.34696,20.99914],[92.34738,20.99798],[92.34969,20.99778],[92.3516,20.99684],[92.3537,20.99707],[92.3536,20.99668],[92.35417,20.99653],[92.35625,20.99267],[92.35723,20.99266],[92.35655,20.99187],[92.35693,20.99198],[92.35686,20.99149],[92.35768,20.98994],[92.35828,20.99023],[92.35749,20.99156],[92.35755,20.99195],[92.35868,20.99109],[92.35886,20.98929],[92.35806,20.9891],[92.35796,20.98884],[92.3585,20.98845],[92.35832,20.98808],[92.35923,20.98743],[92.35841,20.98595],[92.35912,20.98549],[92.36022,20.98681],[92.36061,20.98596],[92.36152,20.98621],[92.36311,20.98553],[92.36381,20.98395],[92.36481,20.98345],[92.36501,20.98245],[92.36415,20.98185],[92.36269,20.98222],[92.36221,20.98167],[92.36261,20.98021],[92.36347,20.97985],[92.3637,20.97944],[92.36414,20.97721],[92.36399,20.97654],[92.36301,20.97535],[92.36269,20.97414],[92.36135,20.97308],[92.36147,20.97233],[92.36215,20.97123],[92.36146,20.97084],[92.35988,20.97107],[92.35924,20.97014],[92.35848,20.96968],[92.35797,20.96992],[92.35749,20.96978],[92.3567,20.96899],[92.35573,20.96913],[92.35538,20.96858],[92.35593,20.96789],[92.35625,20.96818],[92.35829,20.968],[92.35889,20.96838],[92.35958,20.96772],[92.3595,20.96705],[92.35849,20.96697],[92.35848,20.96587],[92.35935,20.96542],[92.35961,20.96405],[92.35939,20.96278],[92.36048,20.96173],[92.36105,20.96048],[92.36201,20.96009],[92.3626,20.96087],[92.36338,20.96132],[92.36295,20.96243],[92.36305,20.96298],[92.36408,20.96148],[92.36415,20.96087],[92.36502,20.96056],[92.36603,20.959],[92.3678,20.95868],[92.36737,20.95771],[92.36768,20.95696],[92.36701,20.95649],[92.36716,20.95546],[92.36508,20.9545],[92.36478,20.95394],[92.36482,20.95293],[92.36571,20.95251],[92.36592,20.9521],[92.36704,20.95247],[92.36788,20.95192],[92.36896,20.95204],[92.36922,20.95096],[92.36968,20.95035],[92.37023,20.95021],[92.37016,20.94939],[92.37093,20.94795],[92.37143,20.94783],[92.37274,20.94844],[92.37358,20.9483],[92.37424,20.94784],[92.37409,20.9474],[92.37449,20.94646],[92.37346,20.94635],[92.37263,20.94692],[92.37255,20.94663],[92.37302,20.94634],[92.37312,20.9459],[92.37296,20.94521],[92.36977,20.94506],[92.36967,20.94458],[92.36821,20.94421],[92.36752,20.94333],[92.36586,20.94349],[92.36543,20.94265],[92.3656,20.94238],[92.36511,20.94234],[92.36473,20.94173],[92.36468,20.94228],[92.36432,20.94216],[92.36396,20.94011],[92.36443,20.93976],[92.36487,20.94003],[92.36564,20.93992],[92.36628,20.94043],[92.36736,20.94075],[92.36914,20.93937],[92.36987,20.93924],[92.37036,20.93996],[92.3702,20.94037],[92.37058,20.9412],[92.37018,20.94158],[92.37132,20.94163],[92.37295,20.94221],[92.37375,20.94206],[92.37399,20.9424],[92.37377,20.94345],[92.37462,20.9431],[92.37449,20.94243],[92.37547,20.94189],[92.37555,20.94086],[92.37502,20.94083],[92.37417,20.94169],[92.37385,20.94164],[92.3736,20.94075],[92.37286,20.94047],[92.37272,20.9399],[92.37316,20.9387],[92.37319,20.93927],[92.37369,20.93935],[92.37354,20.93978],[92.37412,20.94029],[92.37514,20.94018],[92.37547,20.93962],[92.37506,20.93948],[92.37469,20.93975],[92.3743,20.93953],[92.37417,20.93813],[92.37459,20.93796],[92.3733,20.93647],[92.37366,20.93574],[92.37302,20.93561],[92.37291,20.93501],[92.37261,20.93495],[92.37289,20.93332],[92.37342,20.93298],[92.37419,20.93391],[92.3749,20.93401],[92.37507,20.93438],[92.37612,20.93433],[92.37728,20.93309],[92.37778,20.93127],[92.37839,20.93024],[92.37862,20.92997],[92.37863,20.93038],[92.37932,20.92985],[92.37952,20.93],[92.37943,20.92962],[92.37975,20.92924],[92.38051,20.92911],[92.38073,20.92859],[92.38003,20.92838],[92.38014,20.92788],[92.38186,20.92795],[92.3818,20.92724],[92.38151,20.92711],[92.38204,20.92541],[92.38334,20.9254],[92.38291,20.92462],[92.38337,20.92392],[92.38244,20.92385],[92.38229,20.92361],[92.38252,20.92313],[92.38342,20.92281],[92.38348,20.9217],[92.38415,20.92153],[92.38366,20.92103],[92.3837,20.92018],[92.38512,20.91975],[92.38589,20.91752],[92.38717,20.9174],[92.38662,20.91681],[92.38696,20.91623],[92.38635,20.91527],[92.38661,20.91424],[92.3875,20.91431],[92.38779,20.91362],[92.38686,20.91335],[92.38573,20.91247],[92.38618,20.91223],[92.38722,20.91262],[92.38793,20.91208],[92.38944,20.91264],[92.38963,20.91215],[92.38926,20.91149],[92.38965,20.91073],[92.39041,20.91056],[92.38984,20.90866],[92.3901,20.90784],[92.3894,20.90795],[92.38859,20.90661],[92.38994,20.90598],[92.391,20.90619],[92.39152,20.90577],[92.3903,20.90579],[92.38984,20.90478],[92.38888,20.90526],[92.38874,20.90403],[92.38817,20.9037],[92.38717,20.9037],[92.38692,20.90328],[92.38715,20.90285],[92.38666,20.90204],[92.38593,20.9025],[92.3854,20.90241],[92.38513,20.90118],[92.38631,20.9006],[92.38676,20.90076],[92.38709,20.9015],[92.38689,20.90063],[92.38644,20.90013],[92.38568,20.89998],[92.38471,20.90048],[92.38402,20.90044],[92.38316,20.90174],[92.38309,20.90238],[92.38088,20.90348],[92.37985,20.90339],[92.37893,20.90295],[92.3773,20.90093],[92.37803,20.90003],[92.37901,20.89974],[92.37965,20.89705],[92.3796,20.89617],[92.38096,20.89376],[92.38191,20.89325],[92.38518,20.89312],[92.38542,20.89401],[92.38988,20.89326],[92.39001,20.89409],[92.39141,20.89562],[92.39107,20.89604],[92.39161,20.89728],[92.3928,20.8971],[92.39349,20.89668],[92.39459,20.89674],[92.3948,20.8965],[92.39474,20.89619],[92.39418,20.89615],[92.39426,20.89505],[92.39378,20.89546],[92.39309,20.89549],[92.39377,20.89576],[92.39388,20.89615],[92.39218,20.89665],[92.39204,20.89557],[92.39134,20.89534],[92.39015,20.89397],[92.39035,20.89302],[92.39195,20.89282],[92.39219,20.89128],[92.38846,20.89164],[92.38774,20.89144],[92.38764,20.89088],[92.38705,20.89177],[92.38592,20.89147],[92.38546,20.89175],[92.38399,20.89158],[92.38306,20.8912],[92.38677,20.88701],[92.38856,20.88789],[92.38882,20.88728],[92.38957,20.88752],[92.39094,20.88646],[92.39018,20.88616],[92.38937,20.8852],[92.39029,20.88444],[92.39034,20.88346],[92.3909,20.88288],[92.39075,20.88206],[92.39126,20.88194],[92.39161,20.88249],[92.39194,20.88252],[92.39348,20.88197],[92.39341,20.88157],[92.39263,20.88089],[92.39185,20.88141],[92.39265,20.88104],[92.39299,20.88171],[92.39186,20.88195],[92.39144,20.88164],[92.39216,20.87933],[92.39122,20.88168],[92.39041,20.8823],[92.39041,20.88281],[92.3901,20.88251],[92.38848,20.88253],[92.3881,20.88378],[92.3867,20.88352],[92.38479,20.88484],[92.38382,20.88743],[92.38268,20.88865],[92.38174,20.88916],[92.38103,20.89027],[92.38017,20.89051],[92.37859,20.8888],[92.37833,20.88785],[92.37909,20.88727],[92.38095,20.88775],[92.38107,20.88745],[92.37965,20.88686],[92.37767,20.88652],[92.37721,20.88569],[92.37707,20.88418],[92.37495,20.88408],[92.37451,20.88373],[92.37522,20.88218],[92.38011,20.87508],[92.38102,20.87015],[92.38058,20.86757],[92.37934,20.867],[92.37735,20.86668],[92.37392,20.86725],[92.37386,20.86652],[92.37319,20.86647],[92.37233,20.86575],[92.37211,20.86341],[92.37128,20.86346],[92.37072,20.86206],[92.37009,20.86209],[92.36869,20.86285],[92.36722,20.86161],[92.36604,20.8617],[92.36185,20.86321],[92.36113,20.86393],[92.36006,20.86435],[92.35942,20.86392],[92.35938,20.86169],[92.35875,20.86152],[92.3585,20.86173],[92.35727,20.8616],[92.35528,20.86191],[92.35433,20.86077],[92.35478,20.85949],[92.35312,20.85945],[92.35217,20.85882],[92.35184,20.85775],[92.34939,20.85464],[92.34782,20.85334],[92.34695,20.85331],[92.34585,20.85266],[92.34544,20.8527],[92.34537,20.85308],[92.34311,20.85325],[92.33827,20.85447],[92.33727,20.85414],[92.33671,20.85335],[92.33782,20.8512],[92.3392,20.84957],[92.34107,20.84443],[92.34337,20.83363],[92.34434,20.83049],[92.34746,20.82778],[92.34949,20.82482],[92.35249,20.81857],[92.35283,20.81573],[92.35508,20.81167],[92.35557,20.80826],[92.35743,20.80532],[92.35808,20.79966],[92.35868,20.79735],[92.36143,20.79329],[92.36108,20.78623],[92.36259,20.78235],[92.36427,20.78068],[92.36705,20.77856],[92.36841,20.77621],[92.36994,20.77263],[92.37121,20.77109],[92.37355,20.76978],[92.3741,20.76884],[92.37491,20.76881],[92.37476,20.76928],[92.37513,20.76982],[92.37414,20.77102],[92.372,20.77158],[92.36984,20.77522],[92.37027,20.776],[92.3695,20.77624],[92.36904,20.77675],[92.3682,20.77853],[92.36831,20.77925],[92.36962,20.77943],[92.36998,20.78024],[92.3707,20.78056],[92.37078,20.78014],[92.37013,20.77912],[92.37106,20.77819],[92.37381,20.77828],[92.37428,20.77783],[92.37527,20.77783],[92.37669,20.77847],[92.37751,20.77841],[92.37798,20.77753],[92.37788,20.77474],[92.37686,20.77403],[92.37673,20.7728],[92.37715,20.77223],[92.37794,20.77191],[92.37779,20.7712],[92.37806,20.77001],[92.37866,20.76896],[92.3805,20.76798],[92.38155,20.76779],[92.38227,20.76838],[92.3833,20.76748],[92.38521,20.7683],[92.38492,20.76996],[92.38262,20.77075],[92.3807,20.77096],[92.37989,20.77208],[92.37944,20.77394],[92.37983,20.77451],[92.38101,20.77486],[92.38182,20.77467],[92.38335,20.7736],[92.38462,20.77364],[92.38185,20.77509],[92.38134,20.7768],[92.38533,20.77776],[92.38615,20.77745],[92.38668,20.77616],[92.3873,20.77606],[92.38738,20.77671],[92.38657,20.77773],[92.38768,20.779],[92.38795,20.77876],[92.38887,20.77897],[92.38754,20.78096],[92.3879,20.78215],[92.38823,20.78226],[92.38877,20.78193],[92.38923,20.78286],[92.38893,20.78153],[92.38983,20.78221],[92.39061,20.7821],[92.39106,20.78239],[92.39191,20.78221],[92.3923,20.78244],[92.39199,20.78125],[92.39138,20.78115],[92.39097,20.78025],[92.3904,20.7799],[92.39043,20.77912],[92.39104,20.77887],[92.39073,20.77787],[92.38943,20.77776],[92.389,20.7775],[92.38877,20.77688],[92.38955,20.77636],[92.38968,20.7747],[92.38935,20.77455],[92.38862,20.77489],[92.38716,20.7747],[92.3868,20.77443],[92.38651,20.77322],[92.38687,20.77273],[92.38731,20.77265],[92.38738,20.77223],[92.38856,20.77337],[92.39161,20.7741],[92.3916,20.77379],[92.38789,20.7723],[92.38783,20.77161],[92.38847,20.7713],[92.39255,20.77227],[92.39401,20.77196],[92.395,20.77224],[92.39497,20.77191],[92.39339,20.77126],[92.39279,20.77031],[92.39342,20.76676],[92.39292,20.76474],[92.39177,20.76374],[92.39088,20.76358],[92.39071,20.7641],[92.38985,20.76396],[92.38945,20.76308],[92.38954,20.76203],[92.38997,20.76145],[92.38916,20.76075],[92.38825,20.76072],[92.38802,20.76038],[92.38812,20.75955],[92.38911,20.75773],[92.38941,20.75565],[92.38989,20.75533],[92.39126,20.75524],[92.39782,20.75647],[92.39736,20.75763],[92.39477,20.76037],[92.39458,20.76114],[92.39479,20.76152],[92.39659,20.7629],[92.39935,20.76391],[92.40025,20.76373],[92.40142,20.76248],[92.40205,20.7622],[92.40283,20.76235],[92.40441,20.76345],[92.40465,20.7632],[92.40433,20.76279],[92.40286,20.76186],[92.40225,20.76178],[92.40112,20.76215],[92.39954,20.7636],[92.3957,20.76185],[92.39507,20.76113],[92.39516,20.76043],[92.39795,20.75785],[92.39842,20.75674],[92.39817,20.75598],[92.39977,20.75601],[92.40145,20.757],[92.40287,20.75617],[92.40343,20.75472],[92.40581,20.75323],[92.40639,20.75318],[92.40824,20.7542],[92.40888,20.7542],[92.40989,20.75365],[92.41006,20.75305],[92.40902,20.75163],[92.40926,20.74937],[92.41301,20.74884],[92.41375,20.74736],[92.41372,20.74707],[92.41262,20.74676],[92.41025,20.74668],[92.40983,20.7452],[92.40889,20.74499],[92.40802,20.74544],[92.40753,20.74653],[92.40759,20.747],[92.40846,20.74761],[92.40843,20.74826],[92.40786,20.74853],[92.40583,20.74738],[92.40571,20.74587],[92.40492,20.74502],[92.40515,20.74449],[92.40687,20.74486],[92.40736,20.74415],[92.40694,20.7436],[92.40625,20.74384],[92.40514,20.74355],[92.40431,20.74426],[92.40357,20.74542],[92.4034,20.74725],[92.40207,20.74712],[92.40101,20.74579],[92.39934,20.74507],[92.3981,20.74502],[92.39632,20.74554],[92.3954,20.74511],[92.39471,20.74438],[92.39479,20.7435],[92.39534,20.74279],[92.39656,20.74275],[92.39669,20.74141],[92.39624,20.74171],[92.39551,20.74159],[92.39462,20.74217],[92.39418,20.74199],[92.39437,20.7387],[92.3936,20.73789],[92.3921,20.73733],[92.39207,20.7367],[92.3928,20.73573],[92.39282,20.73451],[92.39238,20.73299],[92.3917,20.73247],[92.39056,20.73213],[92.3889,20.73241],[92.3873,20.73212],[92.38794,20.7345],[92.38751,20.73469],[92.38774,20.73491],[92.38694,20.73574],[92.38759,20.73619],[92.38707,20.73641],[92.38609,20.73598],[92.38705,20.72665],[92.38733,20.7163],[92.3891,20.71113],[92.38861,20.7097],[92.38756,20.70855],[92.38619,20.70815],[92.3838,20.70834],[92.38145,20.70775],[92.3806,20.70663],[92.38144,20.7049],[92.38287,20.70339],[92.38492,20.7021],[92.38955,20.69786],[92.39095,20.69703],[92.39591,20.69645],[92.39684,20.69589],[92.39877,20.69544],[92.40044,20.69468],[92.40213,20.69457],[92.40456,20.69319],[92.40785,20.69273],[92.41238,20.69094],[92.41342,20.69104],[92.41539,20.69239],[92.41714,20.69225],[92.4189,20.6916],[92.41931,20.69066],[92.41956,20.68845],[92.41936,20.68818],[92.41898,20.68873],[92.41841,20.69105],[92.4159,20.69186],[92.41503,20.6918],[92.41306,20.69036],[92.41017,20.69086],[92.40802,20.69161],[92.407,20.69104],[92.40354,20.68996],[92.40242,20.68975],[92.40077,20.68996],[92.40064,20.68977],[92.40098,20.68878],[92.40169,20.68801],[92.40481,20.68609],[92.41241,20.68357],[92.415,20.68205],[92.42249,20.67882],[92.42948,20.67512],[92.43635,20.67079],[92.44506,20.66456],[92.4473,20.66357],[92.44762,20.66362],[92.44766,20.66419],[92.448,20.66424],[92.45178,20.66284],[92.45653,20.65745],[92.4572,20.65562],[92.47277,20.64239],[92.48879,20.62676],[92.49311,20.62349],[92.4961,20.62168],[92.4976,20.62097],[92.4992,20.62064],[92.49965,20.61977],[92.4986,20.61884],[92.49893,20.61714],[92.50519,20.61055],[92.50747,20.60886],[92.513,20.60591],[92.5149,20.60385],[92.51576,20.60154],[92.51958,20.60026],[92.52219,20.59866],[92.52321,20.59853],[92.52304,20.59822],[92.52174,20.59853],[92.51888,20.59993],[92.51486,20.60111],[92.51464,20.60161],[92.51417,20.6017],[92.51455,20.59993],[92.52165,20.58967],[92.52292,20.58603],[92.52366,20.58452],[92.52424,20.58408],[92.52405,20.58335],[92.52445,20.58164],[92.5269,20.57586],[92.52712,20.56957],[92.52746,20.56866],[92.52792,20.56845],[92.5282,20.56651],[92.52952,20.56395],[92.5297,20.56015],[92.53011,20.55812],[92.53093,20.55694],[92.53246,20.55667],[92.53333,20.55609],[92.53308,20.55504],[92.53511,20.55618],[92.53563,20.55621],[92.53607,20.55585],[92.53595,20.55562],[92.53513,20.55574],[92.53271,20.55419],[92.53095,20.55363],[92.52911,20.55411],[92.52895,20.5552],[92.52957,20.55576],[92.52967,20.5564],[92.53016,20.55634],[92.52886,20.5573],[92.52816,20.55658],[92.52739,20.55485],[92.52825,20.55171],[92.53044,20.54913],[92.53115,20.54715],[92.53255,20.54522],[92.5376,20.54025],[92.53965,20.53897],[92.54159,20.53823],[92.5429,20.53814],[92.54345,20.53888],[92.54496,20.53922],[92.54541,20.53966],[92.54544,20.54021],[92.54482,20.54068],[92.5449,20.54162],[92.54639,20.54244],[92.54775,20.54227],[92.54761,20.54195],[92.54565,20.54115],[92.54622,20.53935],[92.5453,20.53791],[92.5445,20.53784],[92.54399,20.5381],[92.54399,20.53714],[92.5444,20.53681],[92.54424,20.53617],[92.54388,20.53655],[92.5436,20.53648],[92.54337,20.53699],[92.54282,20.53656],[92.54312,20.5356],[92.54466,20.5336],[92.54739,20.531],[92.54719,20.53024],[92.55676,20.52259],[92.55948,20.52116],[92.56134,20.51833],[92.56294,20.5166],[92.57463,20.50576],[92.57821,20.50292],[92.5858,20.49469],[92.59035,20.49089],[92.59911,20.48013],[92.6039,20.47497],[92.61256,20.4646],[92.61689,20.46011],[92.62231,20.45278],[92.62652,20.44775],[92.64134,20.42604],[92.64578,20.41888],[92.64851,20.4175],[92.64902,20.41502],[92.64974,20.41331],[92.65364,20.40617],[92.65922,20.39451],[92.66044,20.39299],[92.66348,20.38773],[92.66448,20.38742],[92.66418,20.38653],[92.66427,20.3855],[92.66579,20.38126],[92.66709,20.37886],[92.66848,20.37751],[92.6692,20.37606],[92.66894,20.37532],[92.67068,20.37214],[92.6705,20.37186],[92.66972,20.37178],[92.66966,20.37128],[92.67405,20.36135],[92.67746,20.35607],[92.67735,20.35563],[92.67657,20.35531],[92.67654,20.3543],[92.67712,20.35288],[92.67925,20.35023],[92.67852,20.34963],[92.67837,20.34895],[92.68048,20.34322],[92.68895,20.32644],[92.68936,20.32618],[92.68943,20.32536],[92.69072,20.32229],[92.69199,20.32057],[92.69259,20.32055],[92.69381,20.32144],[92.6945,20.32025],[92.69421,20.32004],[92.69356,20.32021],[92.6925,20.31854],[92.69244,20.31765],[92.69509,20.31134],[92.69682,20.30848],[92.69691,20.30728],[92.69759,20.30567],[92.70769,20.2859],[92.71232,20.2778],[92.71499,20.27407],[92.71556,20.27365],[92.71663,20.27359],[92.71739,20.27401],[92.7176,20.27466],[92.71633,20.27451],[92.71525,20.27509],[92.7121,20.27959],[92.71223,20.27991],[92.71359,20.27946],[92.72134,20.274],[92.72441,20.27101],[92.72724,20.26638],[92.72863,20.26526],[92.73053,20.26408],[92.73238,20.26366],[92.73479,20.26374],[92.736,20.26438],[92.73566,20.26798],[92.73481,20.27025],[92.73292,20.27221],[92.72975,20.27469],[92.72845,20.27742],[92.72652,20.27753],[92.72591,20.278],[92.72521,20.28052],[92.72443,20.28172],[92.72324,20.28522],[92.72157,20.28841],[92.72148,20.28952],[92.72065,20.2897],[92.72036,20.29007],[92.7203,20.29152],[92.72005,20.29091],[92.71932,20.29099],[92.71865,20.29052],[92.71796,20.29158],[92.71871,20.29286],[92.71736,20.29322],[92.71703,20.2924],[92.71587,20.29238],[92.7155,20.2935],[92.71542,20.29529],[92.71367,20.29495],[92.71319,20.29579],[92.71347,20.29704],[92.71168,20.29851],[92.71141,20.30001],[92.70949,20.30227],[92.70831,20.3051],[92.70659,20.30603],[92.70624,20.30694],[92.70559,20.30749],[92.70627,20.3071],[92.70677,20.30603],[92.70834,20.30531],[92.70965,20.30233],[92.71148,20.30019],[92.7118,20.29856],[92.71359,20.29715],[92.71333,20.29584],[92.71378,20.29504],[92.71435,20.29535],[92.71556,20.29536],[92.71601,20.29252],[92.71698,20.29254],[92.71705,20.29316],[92.71737,20.29337],[92.71883,20.29304],[92.71896,20.29264],[92.71816,20.29154],[92.71878,20.29072],[92.71931,20.29117],[92.71988,20.29108],[92.71994,20.2917],[92.7205,20.29168],[92.72067,20.29012],[92.72184,20.28949],[92.72189,20.28849],[92.72574,20.28035],[92.72637,20.27814],[92.72842,20.27793],[92.73057,20.27475],[92.73368,20.27291],[92.73784,20.26923],[92.7396,20.26896],[92.74082,20.26911],[92.74477,20.2707],[92.74586,20.27054],[92.7461,20.27076],[92.74632,20.27219],[92.74469,20.27271],[92.74368,20.27264],[92.74267,20.27425],[92.7427,20.27528],[92.74398,20.27939],[92.74402,20.28344],[92.74343,20.28498],[92.74191,20.28746],[92.74105,20.2877],[92.74137,20.28808],[92.74121,20.28846],[92.73963,20.28964],[92.73843,20.29124],[92.73499,20.29757],[92.73438,20.2982],[92.73349,20.30137],[92.7325,20.30906],[92.73169,20.32255],[92.73157,20.33111],[92.73336,20.36868],[92.73318,20.37048],[92.73262,20.37092],[92.73263,20.37166],[92.73205,20.3724],[92.73149,20.37406],[92.73137,20.37657],[92.73213,20.3807],[92.73545,20.38863],[92.7382,20.39331],[92.74662,20.40327],[92.74765,20.40494],[92.74798,20.40604],[92.74827,20.414],[92.74715,20.42733],[92.74578,20.4335],[92.74465,20.43676],[92.74134,20.44427],[92.73772,20.45113],[92.73455,20.45878],[92.73047,20.46987],[92.7272,20.48222],[92.72662,20.48347],[92.72457,20.48472],[92.72337,20.488],[92.72268,20.49234],[92.72226,20.49725],[92.72217,20.50493],[92.72261,20.50915],[92.72468,20.52141],[92.72484,20.52486],[92.72457,20.52788],[92.7249,20.5317],[92.72547,20.53405],[92.72485,20.53564],[92.72524,20.5367],[92.72502,20.53998],[92.72551,20.5445],[92.72705,20.54804],[92.72872,20.55084],[92.73073,20.55356],[92.73332,20.55637],[92.73347,20.55688],[92.732,20.55858],[92.7288,20.56066],[92.71617,20.56363],[92.71585,20.56594],[92.71621,20.56652],[92.70991,20.57099],[92.70691,20.57374],[92.70248,20.5791],[92.69668,20.58453],[92.69433,20.58782],[92.69294,20.59206],[92.69271,20.5953],[92.69344,20.59997],[92.69509,20.60457],[92.69531,20.60734],[92.69404,20.60966],[92.68986,20.61361],[92.69497,20.62037],[92.69802,20.619],[92.69826,20.61927],[92.69914,20.61848],[92.70593,20.61486],[92.71115,20.61044],[92.71381,20.60746],[92.71398,20.6068],[92.71693,20.60254],[92.71824,20.599],[92.72034,20.59473],[92.72622,20.58581],[92.72734,20.58254],[92.72794,20.57948],[92.72776,20.57908],[92.73379,20.57073],[92.73648,20.56602],[92.73887,20.56063],[92.7415,20.5532],[92.74303,20.5477],[92.74421,20.54731],[92.74219,20.54163],[92.7392,20.53156],[92.73921,20.52882],[92.73842,20.52677],[92.7365,20.52422],[92.73582,20.52254],[92.73562,20.52135],[92.73585,20.51819],[92.73703,20.51369],[92.74527,20.49464],[92.74934,20.48353],[92.74987,20.48253],[92.75093,20.48172],[92.75165,20.48035],[92.75404,20.47861],[92.7526,20.47594],[92.75264,20.47468],[92.75502,20.47005],[92.75729,20.46448],[92.75912,20.45815],[92.76016,20.45102],[92.75981,20.44757],[92.7667,20.44488],[92.77178,20.44411],[92.776,20.44408],[92.77886,20.4446],[92.78612,20.44517],[92.78877,20.44572],[92.78727,20.44794],[92.78827,20.44888],[92.78749,20.45028],[92.78714,20.45047],[92.78662,20.45022],[92.78647,20.45074],[92.78506,20.4516],[92.77974,20.45429],[92.77816,20.45585],[92.77647,20.45906],[92.77601,20.46173],[92.77613,20.46282],[92.7767,20.46521],[92.77729,20.46641],[92.77847,20.46813],[92.78009,20.46944],[92.78339,20.47092],[92.79128,20.4725],[92.79411,20.47377],[92.79972,20.48317],[92.79975,20.48442],[92.79814,20.48518],[92.79772,20.48572],[92.79836,20.48592],[92.80005,20.48522],[92.80066,20.48385],[92.80115,20.48361],[92.8039,20.4867],[92.80718,20.48978],[92.80782,20.49084],[92.80753,20.49334],[92.80587,20.49775],[92.80569,20.49982],[92.80461,20.50137],[92.80272,20.5032],[92.79278,20.5099],[92.7948,20.51227],[92.79556,20.51494],[92.80022,20.51503],[92.80377,20.51562],[92.80488,20.51816],[92.8072,20.51928],[92.80759,20.52007],[92.80844,20.52746],[92.8093,20.52939],[92.81029,20.53003],[92.81038,20.53048],[92.80982,20.53241],[92.80879,20.53401],[92.80364,20.53963],[92.8037,20.54018],[92.80532,20.54189],[92.80543,20.5437],[92.80587,20.54396],[92.8057,20.54197],[92.80394,20.53969],[92.80928,20.53404],[92.8105,20.53201],[92.81079,20.53058],[92.81059,20.52957],[92.80928,20.52782],[92.8087,20.52495],[92.8087,20.52165],[92.80988,20.51713],[92.80958,20.51613],[92.80815,20.51411],[92.80098,20.51042],[92.80141,20.50739],[92.80274,20.50538],[92.80426,20.50387],[92.80643,20.5025],[92.80752,20.50218],[92.81033,20.50218],[92.81065,20.5019],[92.81104,20.50031],[92.81226,20.49925],[92.81357,20.49882],[92.81492,20.49959],[92.81527,20.50176],[92.81609,20.5033],[92.81677,20.50395],[92.8184,20.50417],[92.81995,20.50391],[92.82065,20.50427],[92.82093,20.50491],[92.82078,20.50542],[92.81638,20.50743],[92.81555,20.50831],[92.81535,20.5101],[92.81656,20.51128],[92.81716,20.51144],[92.81784,20.51118],[92.81812,20.50996],[92.81874,20.50897],[92.82031,20.50829],[92.82223,20.50859],[92.82449,20.50972],[92.82529,20.5097],[92.82589,20.50927],[92.8263,20.50747],[92.82595,20.50437],[92.82557,20.50318],[92.82507,20.5029],[92.82258,20.50247],[92.81815,20.50346],[92.81712,20.50344],[92.81644,20.50303],[92.81505,20.49691],[92.81436,20.49559],[92.81324,20.49472],[92.81135,20.49442],[92.81021,20.49487],[92.80888,20.49626],[92.80749,20.49906],[92.80721,20.49932],[92.80689,20.49918],[92.8087,20.49398],[92.80893,20.49221],[92.80871,20.48979],[92.80556,20.48546],[92.8038,20.48379],[92.80334,20.48247],[92.80368,20.47988],[92.80528,20.47574],[92.80723,20.47234],[92.80753,20.47213],[92.80967,20.47271],[92.81236,20.47247],[92.81421,20.47129],[92.8157,20.46969],[92.81696,20.46881],[92.81875,20.46827],[92.82016,20.4684],[92.82116,20.46888],[92.82177,20.4696],[92.82351,20.47385],[92.82494,20.47577],[92.82537,20.47588],[92.82862,20.47505],[92.83248,20.47571],[92.83355,20.47637],[92.83552,20.47911],[92.83778,20.48118],[92.83948,20.48135],[92.84101,20.48085],[92.84168,20.47917],[92.84459,20.4749],[92.84667,20.46908],[92.84993,20.4643],[92.85086,20.46171],[92.85073,20.46067],[92.84989,20.45949],[92.84575,20.45731],[92.84567,20.4569],[92.84705,20.45592],[92.84899,20.45546],[92.84976,20.45486],[92.85042,20.45322],[92.85144,20.44787],[92.8537,20.44629],[92.8551,20.444],[92.85668,20.44326],[92.85965,20.44284],[92.86128,20.44185],[92.8617,20.44125],[92.8618,20.4373],[92.8612,20.43575],[92.85896,20.43354],[92.85491,20.43075],[92.85385,20.42943],[92.85366,20.42871],[92.85391,20.42644],[92.85483,20.42448],[92.85708,20.42275],[92.86238,20.42098],[92.86517,20.41932],[92.8662,20.41766],[92.86807,20.41118],[92.87095,20.41332],[92.87368,20.41472],[92.87409,20.41518],[92.87408,20.41591],[92.87276,20.41849],[92.87209,20.42109],[92.87111,20.42206],[92.86835,20.42292],[92.86784,20.4239],[92.86821,20.42499],[92.87011,20.42628],[92.87069,20.42707],[92.87021,20.42838],[92.86758,20.4307],[92.86719,20.43152],[92.86743,20.43322],[92.86841,20.43406],[92.86748,20.43262],[92.86762,20.43122],[92.87043,20.42872],[92.87108,20.42736],[92.87077,20.42635],[92.86839,20.42445],[92.86861,20.42342],[92.87207,20.42202],[92.87294,20.42256],[92.87375,20.42212],[92.87371,20.42256],[92.87444,20.42306],[92.87648,20.42379],[92.87747,20.42304],[92.87744,20.42171],[92.87964,20.4215],[92.88019,20.42095],[92.88012,20.41923],[92.87953,20.41787],[92.87958,20.41588],[92.8792,20.41511],[92.87995,20.41467],[92.88037,20.4132],[92.88024,20.41246],[92.87992,20.41159],[92.87954,20.41134],[92.8779,20.41114],[92.87659,20.41137],[92.87562,20.40993],[92.87532,20.40878],[92.87591,20.40711],[92.87729,20.40588],[92.87889,20.40516],[92.88357,20.40475],[92.8876,20.40485],[92.88884,20.40526],[92.88938,20.40608],[92.88881,20.41103],[92.88747,20.41617],[92.8858,20.41792],[92.88538,20.41899],[92.88504,20.42145],[92.88574,20.42329],[92.88307,20.4268],[92.88306,20.42726],[92.88345,20.42722],[92.88644,20.42294],[92.88575,20.42096],[92.88614,20.41854],[92.88658,20.4178],[92.88733,20.41718],[92.88783,20.41718],[92.88942,20.41831],[92.89017,20.41922],[92.89054,20.41897],[92.88804,20.41653],[92.88933,20.4129],[92.89072,20.40465],[92.89033,20.40252],[92.88871,20.40076],[92.88855,20.40019],[92.88914,20.399],[92.892,20.39625],[92.89207,20.39453],[92.8925,20.39359],[92.89209,20.38846],[92.90047,20.38619],[92.90571,20.38395],[92.90695,20.38384],[92.91298,20.38139],[92.91482,20.38131],[92.91637,20.38203],[92.91704,20.38333],[92.9169,20.38624],[92.91421,20.39305],[92.90919,20.40254],[92.90719,20.40744],[92.90505,20.41574],[92.90421,20.42086],[92.90305,20.42291],[92.903,20.42546],[92.90568,20.42828],[92.90919,20.4296],[92.91327,20.42995],[92.91822,20.42937],[92.91926,20.42967],[92.91609,20.43343],[92.91493,20.43548],[92.91339,20.44213],[92.91352,20.44293],[92.91408,20.44339],[92.91676,20.44377],[92.91776,20.44449],[92.91988,20.44534],[92.92018,20.44478],[92.92203,20.44332],[92.92584,20.44188],[92.9286,20.44038],[92.93226,20.4372],[92.93297,20.436],[92.93324,20.43345],[92.93305,20.43232],[92.93265,20.43142],[92.93088,20.42982],[92.93158,20.42842],[92.93259,20.42754],[92.93268,20.4257],[92.93355,20.42476],[92.93469,20.42458],[92.93569,20.42599],[92.93627,20.42626],[92.93624,20.4273],[92.93658,20.42791],[92.93729,20.42856],[92.93805,20.42874],[92.93806,20.42844],[92.9373,20.42822],[92.93666,20.42755],[92.93647,20.42602],[92.93582,20.42563],[92.93484,20.42433],[92.93425,20.4242],[92.93296,20.42451],[92.93195,20.42602],[92.93136,20.42658],[92.93087,20.42661],[92.93038,20.42611],[92.92969,20.4242],[92.92809,20.4226],[92.92115,20.42019],[92.92009,20.4206],[92.91893,20.42283],[92.91809,20.42336],[92.91761,20.4233],[92.91681,20.42254],[92.91616,20.42109],[92.91609,20.41818],[92.91705,20.41891],[92.91795,20.41887],[92.91946,20.41715],[92.92015,20.41696],[92.92088,20.41708],[92.9229,20.41878],[92.92434,20.41938],[92.92616,20.41965],[92.92792,20.41934],[92.92632,20.41943],[92.9235,20.41873],[92.9212,20.41688],[92.92042,20.41662],[92.91934,20.41683],[92.91788,20.41863],[92.91678,20.41846],[92.91548,20.4168],[92.91408,20.4165],[92.9127,20.41672],[92.90875,20.41861],[92.91081,20.4151],[92.91258,20.41471],[92.91528,20.4128],[92.92013,20.41165],[92.92129,20.41165],[92.92227,20.41201],[92.92295,20.41359],[92.92369,20.41394],[92.9252,20.41373],[92.92733,20.41243],[92.92821,20.41232],[92.92883,20.41275],[92.9289,20.41341],[92.93106,20.4164],[92.93237,20.41678],[92.93091,20.41579],[92.92918,20.41352],[92.92918,20.4124],[92.9284,20.41199],[92.92746,20.4121],[92.92541,20.41337],[92.92368,20.41366],[92.92301,20.41316],[92.92252,20.4119],[92.92203,20.41153],[92.9212,20.41129],[92.91866,20.41157],[92.91588,20.41223],[92.91245,20.41436],[92.911,20.41453],[92.91384,20.40882],[92.9186,20.40093],[92.92204,20.39453],[92.92285,20.3939],[92.92559,20.39279],[92.92687,20.39313],[92.92817,20.39436],[92.92921,20.39478],[92.92795,20.39818],[92.92869,20.39902],[92.92919,20.40044],[92.93008,20.40163],[92.93178,20.40265],[92.93675,20.40378],[92.94019,20.40507],[92.94457,20.40784],[92.94869,20.40956],[92.9503,20.41111],[92.95092,20.41239],[92.95197,20.41255],[92.95132,20.41195],[92.95055,20.4105],[92.94865,20.40851],[92.94479,20.40674],[92.94119,20.40436],[92.9367,20.40274],[92.93202,20.40178],[92.93079,20.40112],[92.93026,20.40044],[92.92957,20.39819],[92.92965,20.39702],[92.9303,20.39549],[92.93159,20.39453],[92.9375,20.39249],[92.94109,20.39041],[92.94458,20.3872],[92.94545,20.38519],[92.94602,20.38283],[92.94925,20.38096],[92.95089,20.37913],[92.95194,20.37646],[92.95229,20.37333],[92.95189,20.36812],[92.95209,20.36633],[92.9529,20.36475],[92.95473,20.3631],[92.95699,20.36184],[92.95877,20.36141],[92.95943,20.36164],[92.96042,20.363],[92.96366,20.366],[92.96594,20.36866],[92.96664,20.37029],[92.96662,20.37176],[92.96772,20.3735],[92.96952,20.37466],[92.97134,20.37484],[92.97398,20.37389],[92.97557,20.37254],[92.97644,20.3714],[92.97701,20.3696],[92.97787,20.3636],[92.97882,20.36108],[92.97964,20.35982],[92.98166,20.35857],[92.9844,20.35833],[92.98629,20.35916],[92.9881,20.36129],[92.98964,20.36233],[92.99049,20.36331],[92.99203,20.36709],[92.99258,20.37274],[92.99215,20.37361],[92.99113,20.37431],[92.98623,20.37468],[92.98541,20.37496],[92.98427,20.3759],[92.98371,20.37729],[92.98422,20.38273],[92.98408,20.38515],[92.98342,20.38736],[92.98012,20.39249],[92.97947,20.39468],[92.9802,20.39567],[92.98176,20.39615],[92.98884,20.39495],[92.99104,20.3948],[92.99183,20.39509],[92.99204,20.3958],[92.9906,20.39938],[92.99034,20.40131],[92.99156,20.40453],[92.98984,20.40582],[92.98724,20.40664],[92.98534,20.40767],[92.98195,20.41134],[92.98011,20.4143],[92.98,20.41535],[92.98032,20.41611],[92.98438,20.41911],[92.98488,20.41975],[92.9855,20.42153],[92.98553,20.42295],[92.98504,20.42422],[92.98195,20.42809],[92.98123,20.43],[92.98071,20.43265],[92.98169,20.43605],[92.98111,20.43874],[92.98001,20.43911],[92.97481,20.43917],[92.97377,20.43979],[92.9711,20.44246],[92.97088,20.44393],[92.97148,20.44514],[92.97229,20.44564],[92.9736,20.44537],[92.97389,20.44566],[92.97337,20.44774],[92.97148,20.44991],[92.97186,20.4501],[92.97323,20.44905],[92.9743,20.44702],[92.97447,20.4457],[92.97411,20.44504],[92.97257,20.44517],[92.97164,20.44475],[92.97138,20.44406],[92.97156,20.44272],[92.97226,20.44188],[92.97554,20.43942],[92.97949,20.43986],[92.98057,20.43972],[92.98161,20.43907],[92.98253,20.43556],[92.98166,20.43259],[92.98167,20.43063],[92.98322,20.42782],[92.98602,20.42388],[92.98626,20.42117],[92.98562,20.41938],[92.98076,20.41512],[92.9825,20.412],[92.98658,20.4079],[92.9878,20.40715],[92.99085,20.40619],[92.99198,20.4052],[92.99224,20.40373],[92.99141,20.40236],[92.99122,20.4013],[92.99333,20.39543],[92.99311,20.39483],[92.9924,20.39432],[92.99071,20.39387],[92.98842,20.39383],[92.98177,20.39526],[92.98087,20.39514],[92.98038,20.39451],[92.98122,20.39251],[92.98324,20.38968],[92.98505,20.38608],[92.98542,20.38245],[92.98482,20.37656],[92.98583,20.37571],[92.98986,20.37557],[92.99197,20.37486],[92.99315,20.3736],[92.99352,20.37204],[92.99301,20.36635],[92.99212,20.36388],[92.99107,20.36239],[92.98803,20.35941],[92.98809,20.35894],[92.98974,20.35795],[92.9905,20.35654],[92.99077,20.35511],[92.99033,20.35327],[92.98949,20.3529],[92.9872,20.35278],[92.98185,20.35406],[92.98101,20.35365],[92.98095,20.35281],[92.98191,20.34997],[92.98303,20.34827],[92.98514,20.34672],[92.98638,20.34653],[92.98726,20.34607],[92.98834,20.34485],[92.99052,20.33904],[92.99374,20.33184],[92.99482,20.33129],[92.99656,20.33201],[92.99745,20.33177],[92.99839,20.33006],[92.99947,20.3265],[93,20.32565],[93,20.9995],[93,22.0005],[93,23.0005],[93,24.0005],[93,25.0005],[93,26.0005],[93,27],[92.00056,27],[90.99944,27],[89.99944,27],[88.99944,27],[88.00056,27],[87.7,27],[87.7,26.0005],[87.7,25.0005],[87.7,24.0005]]]},"properties":{"set":"detail"}},{"type":"Feature","geometry":{"type":"Polygon","coordinates":[[[90.38585,22.0005],[90.3845,21.99927],[90.3799,21.99675],[90.37699,21.99449],[90.37176,21.98952],[90.36114,21.98058],[90.3579,21.97753],[90.35622,21.97546],[90.35552,21.97398],[90.35412,21.96777],[90.35037,21.96183],[90.34708,21.95762],[90.34231,21.95058],[90.34129,21.94831],[90.33978,21.94625],[90.33722,21.93979],[90.3367,21.93668],[90.3352,21.93247],[90.33309,21.92918],[90.33081,21.92373],[90.32899,21.91833],[90.32881,21.91537],[90.32835,21.91389],[90.3218,21.90126],[90.31871,21.89679],[90.3175,21.89404],[90.31719,21.89225],[90.31625,21.89109],[90.31295,21.88822],[90.31235,21.88716],[90.31113,21.88687],[90.31018,21.88491],[90.31004,21.88325],[90.30941,21.88321],[90.30877,21.88447],[90.30853,21.8846],[90.30837,21.88435],[90.30806,21.88459],[90.3082,21.88352],[90.30793,21.88222],[90.30877,21.87782],[90.31019,21.87462],[90.31249,21.87187],[90.31354,21.86982],[90.31445,21.86354],[90.31368,21.85955],[90.31393,21.85782],[90.3153,21.8558],[90.31681,21.8545],[90.31833,21.852],[90.32189,21.84928],[90.32348,21.8493],[90.32617,21.84852],[90.33895,21.84813],[90.34307,21.84878],[90.34594,21.84982],[90.3471,21.85049],[90.3501,21.85339],[90.35956,21.8561],[90.36766,21.85949],[90.36789,21.86123],[90.37026,21.86408],[90.3702,21.86599],[90.37053,21.8672],[90.36998,21.86806],[90.37009,21.8687],[90.37342,21.87022],[90.37393,21.87079],[90.37419,21.87186],[90.37496,21.87262],[90.37503,21.8735],[90.37444,21.87476],[90.37463,21.87527],[90.3759,21.87613],[90.37568,21.87825],[90.37428,21.87961],[90.36874,21.8832],[90.36563,21.88684],[90.35632,21.9072],[90.35519,21.9099],[90.35465,21.91229],[90.35485,21.91839],[90.35669,21.9236],[90.35876,21.92658],[90.36156,21.92889],[90.36758,21.9353],[90.37047,21.93721],[90.37157,21.93864],[90.37233,21.94031],[90.37292,21.945],[90.37248,21.94653],[90.37284,21.94726],[90.37531,21.95098],[90.37837,21.95475],[90.38319,21.9594],[90.38525,21.96199],[90.3858,21.96336],[90.38687,21.97274],[90.38804,21.9769],[90.38951,21.9804],[90.39234,21.98542],[90.40013,21.9934],[90.40088,21.99556],[90.40051,22.00017],[90.40052,22.0005],[90.40034,22.00545],[90.39971,22.0072],[90.39806,22.01],[90.39645,22.00845],[90.38585,22.0005]]]},"properties":{"set":"detail"}},{"type":"Feature","geometry":{"type":"Polygon","coordinates":[[[90.40204,22.0005],[90.40203,22.00015],[90.40229,21.99584],[90.40436,21.9953],[90.40662,21.9942],[90.40366,21.99513],[90.40224,21.99524],[90.40174,21.99266],[90.40039,21.9905],[90.39807,21.9882],[90.39487,21.98575],[90.39346,21.98415],[90.39158,21.98073],[90.38963,21.97482],[90.38767,21.96377],[90.38694,21.96121],[90.38488,21.95787],[90.37664,21.94936],[90.3736,21.9436],[90.37264,21.93958],[90.37155,21.93721],[90.37398,21.93703],[90.37657,21.93744],[90.38056,21.93893],[90.38642,21.94179],[90.38993,21.94303],[90.40058,21.94514],[90.40203,21.94572],[90.40367,21.94715],[90.40721,21.95407],[90.41022,21.96211],[90.41051,21.96508],[90.40935,21.9709],[90.40937,21.97454],[90.41106,21.98056],[90.4142,21.98697],[90.41646,21.99253],[90.4171,22.0005],[90.41781,22.00491],[90.42061,22.01153],[90.42089,22.01351],[90.4193,22.01782],[90.4175,22.02084],[90.41466,22.02465],[90.41333,22.02537],[90.41126,22.02375],[90.40586,22.01845],[90.40174,22.01335],[90.40025,22.01207],[90.40028,22.01056],[90.40221,22.00462],[90.40204,22.0005]]]},"properties":{"set":"detail"}},{"type":"Feature","geometry":{"type":"Polygon","coordinates":[[[90.35145,22.00017],[90.35962,22.00747],[90.37491,22.02366],[90.37872,22.02843],[90.38143,22.03266],[90.38944,22.04363],[90.39021,22.04523],[90.39012,22.04581],[90.38429,22.04972],[90.38143,22.05315],[90.38044,22.0529],[90.3771,22.04771],[90.37219,22.0423],[90.36639,22.0384],[90.36479,22.03686],[90.36177,22.02952],[90.36126,22.02929],[90.36195,22.02884],[90.36195,22.02855],[90.36078,22.02669],[90.35527,22.01312],[90.35305,22.00881],[90.34863,22.00261],[90.3438,21.9995],[90.34262,21.99768],[90.34134,21.99367],[90.34286,21.9938],[90.34436,21.99459],[90.35035,21.99891],[90.35076,21.9995],[90.35145,22.00017]]]},"properties":{"set":"detail"}},{"type":"Feature","geometry":{"type":"Polygon","coordinates":[[[90.41814,22.0005],[90.41756,21.99342],[90.41635,21.98923],[90.41162,21.97952],[90.41044,21.97574],[90.41047,21.97236],[90.41127,21.96548],[90.41122,21.96077],[90.41251,21.96042],[90.41496,21.9605],[90.41668,21.96102],[90.42181,21.96339],[90.42607,21.96621],[90.43027,21.96971],[90.43221,21.97196],[90.43407,21.97534],[90.43637,21.97744],[90.43857,21.97851],[90.44211,21.97949],[90.44542,21.98152],[90.44957,21.98214],[90.44579,21.98152],[90.44221,21.97938],[90.43869,21.97836],[90.43687,21.97751],[90.43444,21.97545],[90.43298,21.9726],[90.43013,21.96927],[90.42597,21.96587],[90.42192,21.9632],[90.41579,21.96043],[90.41328,21.96002],[90.41084,21.96042],[90.40792,21.95215],[90.40388,21.94615],[90.40152,21.94395],[90.3991,21.94285],[90.3919,21.94154],[90.38688,21.93997],[90.38167,21.93767],[90.37361,21.93508],[90.36957,21.93293],[90.36488,21.92954],[90.35941,21.92412],[90.35769,21.92182],[90.35671,21.91938],[90.35667,21.91618],[90.35732,21.91305],[90.3588,21.90926],[90.36123,21.9044],[90.36151,21.90444],[90.36305,21.90805],[90.366,21.90979],[90.3632,21.90778],[90.36181,21.90352],[90.36481,21.89428],[90.36626,21.89096],[90.37014,21.88623],[90.37269,21.88411],[90.37751,21.88077],[90.37838,21.88229],[90.37866,21.88501],[90.37936,21.88725],[90.37821,21.88085],[90.37835,21.88006],[90.38014,21.87863],[90.38124,21.87875],[90.38226,21.87845],[90.38577,21.87651],[90.38716,21.8761],[90.39444,21.87668],[90.39639,21.87715],[90.39762,21.87906],[90.39994,21.88417],[90.39917,21.88574],[90.40066,21.88526],[90.40493,21.89136],[90.40738,21.89383],[90.41322,21.89671],[90.4136,21.89712],[90.41372,21.89795],[90.41619,21.89936],[90.41698,21.89951],[90.41756,21.90021],[90.419,21.90055],[90.4193,21.90007],[90.42438,21.90116],[90.43018,21.90372],[90.44339,21.90865],[90.45174,21.91246],[90.45296,21.91349],[90.45664,21.91497],[90.46376,21.91915],[90.47065,21.92646],[90.4753,21.93044],[90.48082,21.93461],[90.48377,21.9373],[90.48608,21.93997],[90.49724,21.95539],[90.50001,21.96052],[90.5008,21.96442],[90.49997,21.96649],[90.49131,21.97542],[90.48739,21.98111],[90.48565,21.98467],[90.48336,21.99073],[90.48137,22],[90.48128,22.0005],[90.48042,22.005],[90.47943,22.01429],[90.47916,22.02061],[90.47986,22.03035],[90.47953,22.03326],[90.47793,22.03969],[90.47577,22.04445],[90.47209,22.04973],[90.46986,22.05176],[90.46527,22.05501],[90.4647,22.05515],[90.46243,22.05469],[90.45794,22.05243],[90.45208,22.05004],[90.43634,22.04514],[90.43338,22.04321],[90.43137,22.04162],[90.42974,22.03972],[90.4238,22.03563],[90.41731,22.03032],[90.41506,22.02714],[90.4151,22.02574],[90.4187,22.02108],[90.42072,22.01715],[90.42173,22.01356],[90.42148,22.01126],[90.41873,22.00479],[90.41814,22.0005]]]},"properties":{"set":"detail"}},{"type":"Feature","geometry":{"type":"Polygon","coordinates":[[[90.48417,22.03203],[90.48256,22.03412],[90.48327,22.0325],[90.48417,22.03203]]]},"properties":{"set":"detail"}},{"type":"Feature","geometry":{"type":"Polygon","coordinates":[[[90.48199,22.03665],[90.48269,22.03504],[90.48384,22.03361],[90.48458,22.03312],[90.48548,22.0333],[90.48592,22.03431],[90.48601,22.03642],[90.48535,22.03825],[90.48354,22.04103],[90.48026,22.04493],[90.48012,22.04316],[90.48133,22.03824],[90.48199,22.03665]]]},"properties":{"set":"detail"}},{"type":"Feature","geometry":{"type":"Polygon","coordinates":[[[90.40453,22.08167],[90.39297,22.08553],[90.39229,22.08553],[90.39089,22.08482],[90.38944,22.08294],[90.38675,22.07776],[90.3857,22.07702],[90.38373,22.07441],[90.37717,22.06828],[90.37014,22.06307],[90.36505,22.06011],[90.36298,22.05803],[90.35691,22.04812],[90.35386,22.04206],[90.35121,22.03773],[90.34804,22.03359],[90.34211,22.02867],[90.34128,22.02747],[90.34042,22.02526],[90.34014,22.0238],[90.34006,22.0191],[90.34031,22.01347],[90.34123,22.00989],[90.34081,22.00777],[90.34106,22.00649],[90.34146,22.00601],[90.34214,22.00592],[90.34145,22.00566],[90.34134,22.0053],[90.34224,22.00304],[90.34267,22.00264],[90.34485,22.00252],[90.34766,22.00379],[90.34947,22.00554],[90.35119,22.00785],[90.35457,22.01413],[90.35471,22.01759],[90.35819,22.02847],[90.36132,22.03587],[90.3624,22.03766],[90.36329,22.03778],[90.3659,22.03944],[90.36475,22.04052],[90.3646,22.04138],[90.36677,22.04778],[90.36645,22.04828],[90.36466,22.04935],[90.3638,22.05052],[90.36353,22.05135],[90.36393,22.05229],[90.36414,22.05217],[90.36387,22.05099],[90.36474,22.04969],[90.3671,22.04846],[90.36863,22.04996],[90.36962,22.05058],[90.37336,22.05167],[90.375,22.05284],[90.37635,22.05263],[90.37807,22.05318],[90.38036,22.05485],[90.38107,22.05499],[90.38347,22.05314],[90.38544,22.05012],[90.38824,22.04844],[90.39027,22.04781],[90.39553,22.05318],[90.40004,22.05706],[90.40474,22.0605],[90.40729,22.06278],[90.41082,22.06511],[90.41399,22.06795],[90.41565,22.06988],[90.41764,22.07106],[90.41948,22.07263],[90.41941,22.07311],[90.41459,22.07697],[90.41227,22.08017],[90.40453,22.08167]]]},"properties":{"set":"detail"}},{"type":"Feature","geometry":{"type":"Polygon","coordinates":[[[90.36492,22.04056],[90.36624,22.03971],[90.36664,22.03973],[90.37164,22.04292],[90.37561,22.04732],[90.37797,22.05144],[90.37838,22.05274],[90.37084,22.05083],[90.36837,22.04953],[90.36683,22.0475],[90.36616,22.04593],[90.36579,22.04403],[90.36472,22.0414],[90.36492,22.04056]]]},"properties":{"set":"detail"}},{"type":"Feature","geometry":{"type":"Polygon","coordinates":[[[90.47733,22.04464],[90.47947,22.04005],[90.47846,22.04312],[90.47826,22.04699],[90.47956,22.05319],[90.47931,22.05336],[90.47964,22.05348],[90.48024,22.05597],[90.48041,22.05756],[90.48021,22.05798],[90.48058,22.05809],[90.48164,22.0617],[90.48182,22.06296],[90.48142,22.06386],[90.47986,22.06491],[90.47807,22.06542],[90.47706,22.0654],[90.47658,22.06519],[90.47648,22.0644],[90.47705,22.06411],[90.47625,22.06412],[90.47629,22.06523],[90.47541,22.06513],[90.47304,22.06386],[90.47036,22.06289],[90.46634,22.06197],[90.46452,22.06182],[90.46286,22.06122],[90.46213,22.06009],[90.46591,22.05613],[90.46935,22.05356],[90.47277,22.05225],[90.47261,22.05408],[90.47207,22.05574],[90.4722,22.05743],[90.47251,22.05796],[90.47237,22.05657],[90.47338,22.0518],[90.47512,22.04953],[90.47733,22.04464]]]},"properties":{"set":"detail"}},{"type":"Feature","geometry":{"type":"Polygon","coordinates":[[[90.55632,22.0005],[90.5553,21.9993],[90.55384,21.99634],[90.55359,21.99508],[90.55439,21.99168],[90.55541,21.98902],[90.55814,21.99131],[90.55918,21.99181],[90.56325,21.99489],[90.56541,21.99767],[90.56622,22.00018],[90.56633,22.0005],[90.56683,22.00266],[90.56641,22.00422],[90.56464,22.00756],[90.56104,22.00512],[90.55632,22.0005]]]},"properties":{"set":"detail"}},{"type":"Feature","geometry":{"type":"Polygon","coordinates":[[[90.58607,22.0005],[90.58518,22.00369],[90.58579,22.0076],[90.58718,22.012],[90.58754,22.01535],[90.58614,22.01728],[90.58395,22.01906],[90.5818,22.02134],[90.58118,22.02156],[90.57681,22.01891],[90.57411,22.01643],[90.56985,22.00241],[90.5698,21.9995],[90.57005,21.9949],[90.56957,21.99146],[90.57682,21.98855],[90.58032,21.98743],[90.58238,21.9872],[90.58601,21.98739],[90.58687,21.98842],[90.58648,21.99226],[90.58569,21.99458],[90.58604,21.99598],[90.58622,21.9995],[90.58607,22.0005]]]},"properties":{"set":"detail"}},{"type":"Feature","geometry":{"type":"Polygon","coordinates":[[[90.53222,22.00046],[90.54945,22.0158],[90.55242,22.0191],[90.55753,22.0256],[90.56262,22.03019],[90.5651,22.03314],[90.56975,22.04041],[90.57318,22.04489],[90.57621,22.05012],[90.57674,22.05196],[90.57599,22.05572],[90.57522,22.05775],[90.57407,22.0587],[90.57023,22.06069],[90.56926,22.06183],[90.56878,22.06306],[90.56793,22.06949],[90.56897,22.07617],[90.56878,22.07802],[90.5681,22.08007],[90.56819,22.08096],[90.56934,22.0816],[90.5699,22.08138],[90.57014,22.08085],[90.56852,22.08009],[90.56943,22.07752],[90.5694,22.07529],[90.56857,22.0705],[90.56864,22.06743],[90.56926,22.0629],[90.57031,22.06152],[90.5745,22.05916],[90.57593,22.058],[90.57632,22.05929],[90.57771,22.06175],[90.58152,22.06638],[90.58186,22.06714],[90.5813,22.06843],[90.57971,22.06996],[90.57858,22.07057],[90.5762,22.07115],[90.57841,22.07088],[90.57965,22.07033],[90.5808,22.06946],[90.5821,22.06757],[90.58237,22.06756],[90.58488,22.07131],[90.5854,22.07266],[90.58522,22.07353],[90.58409,22.07486],[90.58402,22.07575],[90.58536,22.07857],[90.58815,22.08287],[90.59209,22.08724],[90.59547,22.08737],[90.59667,22.08819],[90.59692,22.08797],[90.59718,22.08821],[90.59902,22.08822],[90.59854,22.08903],[90.5964,22.09011],[90.59533,22.09181],[90.59385,22.09729],[90.59347,22.10101],[90.59448,22.10568],[90.59608,22.10896],[90.59693,22.11152],[90.59905,22.1148],[90.59996,22.11697],[90.59617,22.12608],[90.59493,22.13112],[90.59453,22.1314],[90.5937,22.14203],[90.59382,22.14495],[90.59418,22.14646],[90.59386,22.14634],[90.5938,22.14666],[90.59425,22.14688],[90.59457,22.15142],[90.59567,22.15393],[90.59623,22.15778],[90.59667,22.15823],[90.59746,22.16076],[90.59723,22.16149],[90.59754,22.16174],[90.5972,22.16244],[90.59746,22.16226],[90.59764,22.16248],[90.59781,22.16663],[90.59899,22.17002],[90.59356,22.16754],[90.59336,22.16723],[90.59311,22.16732],[90.59028,22.16564],[90.58384,22.15824],[90.58272,22.15745],[90.57624,22.15371],[90.5725,22.15209],[90.57056,22.15077],[90.56967,22.14907],[90.56942,22.14469],[90.56825,22.14164],[90.56927,22.14117],[90.57001,22.1412],[90.57002,22.14086],[90.5697,22.1407],[90.5681,22.14128],[90.56271,22.13478],[90.56098,22.13325],[90.5593,22.13224],[90.55749,22.13148],[90.55486,22.13096],[90.55074,22.13085],[90.54402,22.13223],[90.54233,22.13333],[90.54083,22.13491],[90.54028,22.13499],[90.53838,22.1343],[90.53642,22.13298],[90.53248,22.12839],[90.53063,22.12576],[90.52594,22.12046],[90.518,22.1104],[90.51736,22.1084],[90.51636,22.10747],[90.51002,22.09901],[90.50508,22.09154],[90.50327,22.08791],[90.49938,22.08235],[90.49598,22.07838],[90.49307,22.07572],[90.48486,22.07013],[90.48243,22.05596],[90.48037,22.04696],[90.48301,22.04687],[90.48567,22.0432],[90.48741,22.04182],[90.48971,22.04065],[90.49024,22.04063],[90.49253,22.04164],[90.49262,22.04218],[90.49211,22.04284],[90.49283,22.04351],[90.49339,22.04365],[90.49416,22.0434],[90.49515,22.04193],[90.49387,22.04151],[90.49168,22.03817],[90.49323,22.03297],[90.49452,22.02973],[90.49531,22.02899],[90.49704,22.02914],[90.49838,22.02957],[90.50185,22.03145],[90.50303,22.03062],[90.50368,22.02927],[90.50426,22.02897],[90.50673,22.0309],[90.50959,22.03448],[90.51152,22.03896],[90.51253,22.04281],[90.51216,22.04503],[90.51,22.046],[90.50861,22.04591],[90.50702,22.04619],[90.50629,22.04596],[90.50435,22.04448],[90.50361,22.04296],[90.50251,22.04258],[90.50171,22.04262],[90.49882,22.04377],[90.4969,22.04382],[90.49631,22.0443],[90.49612,22.04584],[90.49641,22.04671],[90.49944,22.05028],[90.50206,22.0555],[90.50428,22.05891],[90.50667,22.06164],[90.51096,22.06542],[90.51243,22.06714],[90.51309,22.06687],[90.51363,22.06733],[90.51396,22.06723],[90.51732,22.07055],[90.51876,22.07351],[90.52065,22.07877],[90.52229,22.08044],[90.52405,22.08118],[90.52424,22.08073],[90.52245,22.07991],[90.52171,22.07899],[90.51967,22.07335],[90.51775,22.0697],[90.50961,22.06172],[90.50728,22.06004],[90.50659,22.059],[90.50503,22.05823],[90.5045,22.05645],[90.5022,22.052],[90.5001,22.04946],[90.49729,22.04686],[90.49686,22.04618],[90.49699,22.04536],[90.49775,22.0448],[90.50209,22.04341],[90.50258,22.04356],[90.50366,22.04493],[90.50533,22.04627],[90.50671,22.04671],[90.51039,22.04617],[90.51244,22.04533],[90.51178,22.04803],[90.51168,22.04951],[90.51193,22.05034],[90.51551,22.05407],[90.52046,22.0577],[90.52132,22.05907],[90.52297,22.06387],[90.52384,22.06482],[90.5262,22.06486],[90.53372,22.06306],[90.5362,22.06211],[90.53783,22.06207],[90.54033,22.06503],[90.54317,22.07018],[90.54622,22.07968],[90.54605,22.08131],[90.54558,22.08233],[90.54218,22.08837],[90.54227,22.08986],[90.54349,22.09151],[90.54972,22.09745],[90.55452,22.10111],[90.55732,22.10391],[90.557,22.10685],[90.55565,22.10987],[90.55476,22.11358],[90.55412,22.11382],[90.55081,22.11353],[90.54767,22.11476],[90.54584,22.11636],[90.54365,22.11945],[90.54177,22.12104],[90.5409,22.12137],[90.54093,22.12171],[90.54201,22.12139],[90.54436,22.11941],[90.54597,22.117],[90.54839,22.11484],[90.55004,22.11425],[90.55405,22.11427],[90.55531,22.11382],[90.55579,22.11313],[90.55611,22.11122],[90.55772,22.1061],[90.55764,22.10364],[90.55828,22.10279],[90.55736,22.10289],[90.55555,22.10066],[90.55002,22.09628],[90.54295,22.08951],[90.54299,22.08888],[90.54691,22.08214],[90.54725,22.07953],[90.5471,22.07835],[90.54431,22.06984],[90.54103,22.06415],[90.53869,22.06151],[90.53742,22.0606],[90.53641,22.06043],[90.52691,22.06343],[90.52613,22.06436],[90.52443,22.06463],[90.5238,22.06441],[90.52283,22.06117],[90.52067,22.0573],[90.51264,22.05061],[90.5125,22.04846],[90.51357,22.04438],[90.51521,22.0468],[90.52008,22.04977],[90.51613,22.04718],[90.51472,22.04586],[90.51362,22.04393],[90.51299,22.04],[90.5118,22.03662],[90.50886,22.0319],[90.50728,22.03009],[90.50322,22.02708],[90.49966,22.02555],[90.49314,22.02413],[90.49151,22.02284],[90.48996,22.02101],[90.48996,22.01966],[90.49062,22.01701],[90.49273,22.0114],[90.49429,22.00885],[90.49666,22.00583],[90.49763,22.00376],[90.49956,22.00462],[90.5,22.00642],[90.50198,22.00579],[90.50194,22.00523],[90.50163,22.00501],[90.49993,22.00531],[90.49962,22.00453],[90.49775,22.00352],[90.49902,21.9995],[90.50015,21.9919],[90.50348,21.99427],[90.50557,21.99476],[90.50835,21.99415],[90.5135,21.99223],[90.51931,21.99123],[90.52183,21.99107],[90.52476,21.99156],[90.52792,21.99642],[90.52926,21.99791],[90.53125,21.9995],[90.53222,22.00046]]]},"properties":{"set":"detail"}},{"type":"Feature","geometry":{"type":"Polygon","coordinates":[[[90.54596,22.14763],[90.54362,22.14282],[90.5406,22.13782],[90.54026,22.13665],[90.54206,22.13483],[90.54255,22.13449],[90.55043,22.1323],[90.55389,22.13181],[90.55744,22.13243],[90.56041,22.13393],[90.56209,22.13541],[90.56766,22.14274],[90.56815,22.14377],[90.56888,22.14901],[90.56991,22.15086],[90.57197,22.15255],[90.57934,22.15625],[90.58267,22.15829],[90.58469,22.16013],[90.58695,22.1631],[90.58957,22.16581],[90.5985,22.17098],[90.60066,22.17301],[90.6004,22.17344],[90.60113,22.17362],[90.60134,22.17482],[90.60193,22.17501],[90.60329,22.17823],[90.60269,22.18222],[90.60187,22.18544],[90.60117,22.18695],[90.60016,22.18773],[90.59897,22.18774],[90.59139,22.18534],[90.59122,22.18552],[90.58663,22.18462],[90.58201,22.1842],[90.58101,22.18429],[90.58117,22.186],[90.58101,22.1865],[90.58056,22.18653],[90.57807,22.18596],[90.57642,22.18488],[90.57398,22.18272],[90.57206,22.1802],[90.56883,22.17811],[90.56426,22.17274],[90.56208,22.17085],[90.55749,22.16547],[90.55346,22.16136],[90.55192,22.15908],[90.54596,22.14763]]]},"properties":{"set":"detail"}},{"type":"Feature","geometry":{"type":"Polygon","coordinates":[[[90.55057,22.19189],[90.55071,22.19052],[90.55162,22.18889],[90.55363,22.187],[90.55424,22.18689],[90.5569,22.19349],[90.55669,22.19546],[90.55552,22.19786],[90.5552,22.1979],[90.55358,22.19632],[90.55057,22.19189]]]},"properties":{"set":"detail"}},{"type":"Feature","geometry":{"type":"Polygon","coordinates":[[[90.56766,22.2012],[90.5671,22.19945],[90.56639,22.19267],[90.56681,22.19168],[90.5687,22.19128],[90.57271,22.19327],[90.57533,22.19543],[90.57978,22.20202],[90.584,22.2073],[90.58538,22.20974],[90.58578,22.21081],[90.58712,22.22095],[90.58892,22.22639],[90.5892,22.22845],[90.58894,22.23096],[90.58748,22.23583],[90.5866,22.23759],[90.58257,22.23439],[90.58076,22.23253],[90.5774,22.22664],[90.57222,22.22087],[90.5676,22.21414],[90.56731,22.21174],[90.56589,22.20626],[90.56624,22.20364],[90.56761,22.20204],[90.56766,22.2012]]]},"properties":{"set":"detail"}},{"type":"Feature","geometry":{"type":"Polygon","coordinates":[[[90.58774,22.01554],[90.58726,22.01138],[90.58567,22.00507],[90.58581,22.00347],[90.58708,21.9995],[90.5877,21.99669],[90.58777,21.99535],[90.58742,21.99389],[90.58777,21.98872],[90.58807,21.98794],[90.58979,21.98715],[90.58888,21.98454],[90.59032,21.98733],[90.59195,21.98854],[90.59234,21.98838],[90.59163,21.98732],[90.59173,21.98629],[90.59607,21.98361],[90.59747,21.98433],[90.59739,21.98286],[90.6015,21.9795],[90.60657,21.97879],[90.61356,21.98392],[90.61896,21.98728],[90.61953,21.98828],[90.61935,21.98893],[90.62156,21.98987],[90.62193,21.99289],[90.61786,21.9995],[90.6129,22.00506],[90.60393,22.0171],[90.59916,22.02409],[90.59536,22.02844],[90.59255,22.02946],[90.59114,22.02936],[90.58734,22.02579],[90.58216,22.02186],[90.58309,22.02028],[90.58623,22.01746],[90.58774,22.01554]]]},"properties":{"set":"detail"}},{"type":"Feature","geometry":{"type":"Polygon","coordinates":[[[90.58542,22.03108],[90.58383,22.02856],[90.58357,22.0277],[90.58387,22.02731],[90.58495,22.02751],[90.59056,22.03165],[90.5911,22.03244],[90.59127,22.03337],[90.59062,22.03481],[90.58945,22.03518],[90.58791,22.0345],[90.58542,22.03108]]]},"properties":{"set":"detail"}},{"type":"Feature","geometry":{"type":"Polygon","coordinates":[[[90.73524,22.02536],[90.74111,22.03109],[90.74322,22.03245],[90.75025,22.04068],[90.75111,22.04204],[90.75253,22.04547],[90.75458,22.0523],[90.75068,22.05321],[90.74621,22.05337],[90.74514,22.05316],[90.74314,22.05216],[90.74085,22.05033],[90.7351,22.04154],[90.72817,22.03289],[90.72557,22.02879],[90.72184,22.02148],[90.72084,22.01886],[90.72124,22.01751],[90.72291,22.01521],[90.72363,22.01508],[90.72452,22.01537],[90.72788,22.019],[90.73066,22.02105],[90.73524,22.02536]]]},"properties":{"set":"detail"}},{"type":"Feature","geometry":{"type":"Polygon","coordinates":[[[90.57801,22.05365],[90.57853,22.05259],[90.57892,22.05255],[90.58335,22.05568],[90.58509,22.05644],[90.58569,22.05705],[90.5882,22.05849],[90.58951,22.05992],[90.59171,22.06349],[90.59331,22.06688],[90.59507,22.07231],[90.59698,22.0793],[90.59686,22.07974],[90.59612,22.07985],[90.59111,22.07912],[90.58859,22.07713],[90.58702,22.07533],[90.586,22.07359],[90.58573,22.07206],[90.58487,22.07008],[90.58172,22.06424],[90.58063,22.06375],[90.57718,22.05938],[90.57677,22.05721],[90.57707,22.05572],[90.57801,22.05365]]]},"properties":{"set":"detail"}},{"type":"Feature","geometry":{"type":"Polygon","coordinates":[[[90.58485,22.07698],[90.58422,22.07549],[90.58564,22.07333],[90.58644,22.07497],[90.58901,22.07771],[90.58977,22.0783],[90.5897,22.07852],[90.59069,22.0789],[90.59072,22.07926],[90.59624,22.08007],[90.59723,22.07987],[90.59874,22.08508],[90.59911,22.08772],[90.59798,22.08791],[90.59782,22.08754],[90.59596,22.0871],[90.59202,22.08689],[90.58843,22.08296],[90.58843,22.0826],[90.5878,22.08218],[90.58485,22.07698]]]},"properties":{"set":"detail"}},{"type":"Feature","geometry":{"type":"Polygon","coordinates":[[[90.60005,22.11658],[90.59922,22.1147],[90.59678,22.11086],[90.59627,22.109],[90.59438,22.10455],[90.59377,22.10158],[90.59396,22.09845],[90.59501,22.09442],[90.59537,22.09448],[90.59527,22.09479],[90.59556,22.0946],[90.59525,22.09403],[90.59572,22.09218],[90.59686,22.09074],[90.59948,22.08916],[90.60066,22.09326],[90.60243,22.09737],[90.60475,22.104],[90.60458,22.10459],[90.60533,22.10584],[90.60641,22.1069],[90.60401,22.11049],[90.60337,22.11242],[90.60005,22.11658]]]},"properties":{"set":"detail"}},{"type":"Feature","geometry":{"type":"Polygon","coordinates":[[[90.60573,22.19422],[90.6051,22.19485],[90.60161,22.19666],[90.59897,22.19853],[90.59788,22.19957],[90.59657,22.20167],[90.59458,22.20258],[90.58975,22.20334],[90.58593,22.20455],[90.58497,22.20398],[90.58259,22.20138],[90.58024,22.19801],[90.57895,22.19477],[90.57901,22.19201],[90.57963,22.19107],[90.58156,22.19085],[90.58453,22.18993],[90.58933,22.18989],[90.60116,22.19188],[90.60483,22.19318],[90.60563,22.19369],[90.60573,22.19422]]]},"properties":{"set":"detail"}},{"type":"Feature","geometry":{"type":"Polygon","coordinates":[[[90.60584,22.24353],[90.60292,22.24348],[90.59767,22.24286],[90.59654,22.24255],[90.59556,22.24181],[90.59557,22.24082],[90.59611,22.23959],[90.59798,22.23719],[90.59804,22.23468],[90.59668,22.23196],[90.59458,22.23027],[90.59253,22.22933],[90.59203,22.2262],[90.58858,22.21649],[90.5873,22.20844],[90.58598,22.20499],[90.5894,22.20361],[90.59382,22.20296],[90.59653,22.20183],[90.59698,22.2015],[90.59776,22.1999],[90.5992,22.19844],[90.60543,22.19499],[90.60658,22.19402],[90.61304,22.19636],[90.61971,22.19942],[90.62173,22.20142],[90.6217,22.20189],[90.62044,22.20328],[90.61747,22.20581],[90.61485,22.21002],[90.61436,22.21207],[90.61524,22.21658],[90.61523,22.21444],[90.61463,22.21176],[90.61498,22.21056],[90.61828,22.20569],[90.62202,22.20238],[90.623,22.20281],[90.62512,22.20539],[90.62944,22.21189],[90.63066,22.21517],[90.63109,22.21733],[90.63101,22.22057],[90.63065,22.22116],[90.63075,22.22324],[90.63039,22.22411],[90.63067,22.22456],[90.63,22.22746],[90.63111,22.23908],[90.63077,22.24217],[90.63044,22.24273],[90.62951,22.24312],[90.62415,22.2434],[90.61994,22.24289],[90.61773,22.24313],[90.60945,22.24289],[90.60789,22.24347],[90.60584,22.24353]]]},"properties":{"set":"detail"}},{"type":"Feature","geometry":{"type":"Polygon","coordinates":[[[90.5904,22.23625],[90.59222,22.22978],[90.59309,22.22999],[90.59589,22.2316],[90.59747,22.23355],[90.598,22.2357],[90.59781,22.23692],[90.59459,22.24164],[90.59042,22.24088],[90.59012,22.23897],[90.5904,22.23625]]]},"properties":{"set":"detail"}},{"type":"Feature","geometry":{"type":"Polygon","coordinates":[[[91.42118,22.3551],[91.41814,22.35172],[91.41674,22.34942],[91.41612,22.34767],[91.41271,22.342],[91.41432,22.34222],[91.41568,22.34283],[91.42093,22.34714],[91.42397,22.35053],[91.42425,22.35176],[91.42591,22.35375],[91.42573,22.35498],[91.42513,22.35561],[91.42393,22.35591],[91.42224,22.35573],[91.42118,22.3551]]]},"properties":{"set":"detail"}},{"type":"Feature","geometry":{"type":"Polygon","coordinates":[[[91.37024,22.35671],[91.37004,22.35533],[91.37106,22.35253],[91.37162,22.35174],[91.37612,22.34634],[91.381,22.3435],[91.38645,22.34149],[91.39265,22.34106],[91.39737,22.34108],[91.39953,22.34153],[91.40293,22.34354],[91.40623,22.34636],[91.40891,22.34794],[91.41127,22.34892],[91.41358,22.35325],[91.41636,22.35609],[91.42149,22.35982],[91.43003,22.3627],[91.43131,22.36508],[91.43277,22.36952],[91.43346,22.3754],[91.43243,22.38159],[91.4308,22.38706],[91.42642,22.39214],[91.42187,22.39627],[91.4193,22.39921],[91.41333,22.40121],[91.40681,22.40137],[91.40342,22.39964],[91.4006,22.39565],[91.39421,22.3894],[91.37784,22.38198],[91.37505,22.37961],[91.37405,22.38056],[91.37312,22.37962],[91.37398,22.3786],[91.37298,22.37856],[91.37248,22.37801],[91.37246,22.37712],[91.37169,22.37668],[91.37162,22.37727],[91.37139,22.37706],[91.37159,22.37667],[91.37104,22.37628],[91.37015,22.37628],[91.37012,22.37593],[91.37035,22.37592],[91.36941,22.37544],[91.36771,22.37326],[91.36698,22.37278],[91.36653,22.37298],[91.36575,22.37252],[91.3648,22.37109],[91.36389,22.37097],[91.36333,22.37039],[91.36258,22.36877],[91.36297,22.36866],[91.36277,22.36752],[91.36422,22.36369],[91.36671,22.36047],[91.36701,22.3615],[91.36691,22.36036],[91.36732,22.35833],[91.36863,22.35597],[91.36898,22.35592],[91.36918,22.35654],[91.36962,22.35902],[91.37095,22.35892],[91.37001,22.35669],[91.37024,22.35671]]]},"properties":{"set":"detail"}},{"type":"Feature","geometry":{"type":"Polygon","coordinates":[[[91.33357,22.24908],[91.33209,22.2491],[91.3308,22.24952],[91.33038,22.24942],[91.32999,22.24879],[91.33269,22.24839],[91.33664,22.24898],[91.33952,22.25097],[91.34102,22.25397],[91.3399,22.25379],[91.33842,22.25151],[91.33731,22.25065],[91.33619,22.24998],[91.33357,22.24908]]]},"properties":{"set":"detail"}},{"type":"Feature","geometry":{"type":"Polygon","coordinates":[[[91.32746,22.25032],[91.324,22.25141],[91.32089,22.25453],[91.32069,22.25595],[91.32038,22.25439],[91.32222,22.25165],[91.32458,22.25018],[91.32724,22.24918],[91.32787,22.2499],[91.32746,22.25032]]]},"properties":{"set":"detail"}},{"type":"Feature","geometry":{"type":"Polygon","coordinates":[[[91.34505,22.26021],[91.34466,22.25892],[91.34544,22.25828],[91.34698,22.25931],[91.34896,22.26126],[91.34833,22.2628],[91.34713,22.26328],[91.3469,22.26277],[91.34736,22.26222],[91.34725,22.26181],[91.34505,22.26021]]]},"properties":{"set":"detail"}},{"type":"Feature","geometry":{"type":"Polygon","coordinates":[[[91.36011,22.28789],[91.3584,22.28874],[91.35973,22.28064],[91.35909,22.27695],[91.35724,22.27127],[91.35522,22.26789],[91.35758,22.26916],[91.35879,22.27067],[91.36003,22.27309],[91.36166,22.28028],[91.36145,22.2837],[91.36011,22.28789]]]},"properties":{"set":"detail"}},{"type":"Feature","geometry":{"type":"Polygon","coordinates":[[[91.25886,22.41877],[91.25954,22.4197],[91.26161,22.42086],[91.26327,22.42435],[91.26292,22.4264],[91.26135,22.43038],[91.25844,22.43437],[91.25743,22.43492],[91.25631,22.43504],[91.25433,22.43479],[91.25106,22.43317],[91.24832,22.43085],[91.2467,22.42895],[91.24648,22.42825],[91.24662,22.42595],[91.2486,22.42252],[91.24898,22.42074],[91.24952,22.42011],[91.25066,22.41949],[91.25229,22.41752],[91.25362,22.41697],[91.25886,22.41877]]]},"properties":{"set":"detail"}},{"type":"Feature","geometry":{"type":"Polygon","coordinates":[[[91.27204,22.44318],[91.27414,22.44106],[91.27469,22.44101],[91.27613,22.44317],[91.27619,22.444],[91.27554,22.44526],[91.27464,22.44649],[91.27356,22.44718],[91.27143,22.44407],[91.27162,22.4434],[91.27204,22.44318]]]},"properties":{"set":"detail"}},{"type":"Feature","geometry":{"type":"Polygon","coordinates":[[[91.31338,22.51249],[91.31369,22.51581],[91.31544,22.5196],[91.3164,22.52307],[91.31737,22.52442],[91.31831,22.52483],[91.32109,22.5248],[91.3228,22.52685],[91.32264,22.52876],[91.32111,22.53096],[91.32098,22.53165],[91.32264,22.533],[91.32385,22.53444],[91.32679,22.5344],[91.32778,22.53474],[91.32918,22.53873],[91.32927,22.54109],[91.33157,22.54195],[91.33196,22.54338],[91.33337,22.5447],[91.33465,22.54747],[91.3384,22.55319],[91.33892,22.55455],[91.33894,22.55794],[91.33864,22.55844],[91.33752,22.55897],[91.33715,22.55998],[91.33767,22.56175],[91.33651,22.56278],[91.33512,22.56324],[91.33539,22.56399],[91.33619,22.56365],[91.3379,22.56429],[91.33738,22.56522],[91.33414,22.56588],[91.33234,22.56529],[91.33107,22.56442],[91.32949,22.56496],[91.32874,22.56469],[91.32833,22.56517],[91.32719,22.56441],[91.32562,22.56408],[91.3245,22.56592],[91.32518,22.56612],[91.32587,22.56698],[91.33023,22.57011],[91.33461,22.56972],[91.33589,22.57016],[91.33592,22.5695],[91.33735,22.57068],[91.34031,22.57228],[91.34035,22.57851],[91.33759,22.57851],[91.33759,22.58358],[91.3321,22.58358],[91.33209,22.58611],[91.3148,22.58636],[91.31116,22.57771],[91.3098,22.5752],[91.30677,22.57094],[91.30113,22.56431],[91.29705,22.56042],[91.29225,22.55686],[91.29257,22.55861],[91.29221,22.55966],[91.28111,22.55081],[91.28052,22.54987],[91.27667,22.54686],[91.27544,22.5452],[91.27142,22.54113],[91.26819,22.53689],[91.2651,22.52987],[91.26612,22.52568],[91.26638,22.52199],[91.26703,22.52109],[91.26973,22.51867],[91.27501,22.51679],[91.27743,22.51546],[91.28087,22.51475],[91.28493,22.51012],[91.28771,22.5057],[91.28939,22.50376],[91.28976,22.50366],[91.29096,22.50429],[91.29481,22.50872],[91.29678,22.50939],[91.29832,22.51049],[91.29937,22.5105],[91.30191,22.50948],[91.3031,22.50997],[91.30354,22.51087],[91.30363,22.51239],[91.30458,22.51168],[91.30545,22.51192],[91.30552,22.51397],[91.30607,22.51452],[91.30723,22.51414],[91.30809,22.51238],[91.30906,22.51163],[91.31074,22.5113],[91.31258,22.51145],[91.31315,22.51182],[91.31338,22.51249]]]},"properties":{"set":"detail"}},{"type":"Feature","geometry":{"type":"Polygon","coordinates":[[[91.35889,22.60712],[91.35652,22.60823],[91.35299,22.60815],[91.3505,22.60756],[91.34915,22.60644],[91.35021,22.60388],[91.35345,22.60194],[91.36284,22.59892],[91.36451,22.59932],[91.36194,22.60346],[91.35889,22.60712]]]},"properties":{"set":"detail"}},{"type":"Feature","geometry":{"type":"Polygon","coordinates":[[[91.30954,22.64311],[91.31532,22.63835],[91.31636,22.63871],[91.31847,22.64014],[91.32207,22.64308],[91.32543,22.64437],[91.32638,22.64412],[91.32636,22.64359],[91.32757,22.64268],[91.32996,22.64167],[91.33158,22.64214],[91.33246,22.64193],[91.3296,22.64672],[91.33167,22.64782],[91.33609,22.64911],[91.34338,22.65088],[91.35346,22.65235],[91.35384,22.65265],[91.35787,22.65286],[91.36108,22.65358],[91.36604,22.65322],[91.37129,22.6516],[91.37371,22.65117],[91.37986,22.65304],[91.38983,22.65784],[91.39298,22.66033],[91.39412,22.66221],[91.39466,22.66614],[91.3932,22.6699],[91.39406,22.67307],[91.39642,22.67576],[91.39758,22.6779],[91.39792,22.68011],[91.39784,22.68249],[91.39925,22.68653],[91.39857,22.68882],[91.39724,22.69033],[91.39668,22.69156],[91.39677,22.69267],[91.39544,22.69746],[91.39445,22.69837],[91.39488,22.70007],[91.39655,22.70177],[91.39702,22.70343],[91.39531,22.70462],[91.39342,22.70474],[91.3902,22.70605],[91.39046,22.70759],[91.38986,22.70949],[91.3887,22.70989],[91.38599,22.70803],[91.38479,22.70941],[91.38316,22.71005],[91.38162,22.71155],[91.37218,22.71864],[91.36853,22.72208],[91.36484,22.72394],[91.35965,22.72735],[91.35501,22.7294],[91.35261,22.73118],[91.34771,22.7317],[91.33741,22.7357],[91.33385,22.73605],[91.33123,22.73593],[91.32819,22.73799],[91.32252,22.73843],[91.32063,22.73815],[91.31646,22.73832],[91.3089,22.73744],[91.29916,22.73438],[91.29696,22.73328],[91.29556,22.73203],[91.28889,22.72307],[91.288,22.72141],[91.28706,22.71455],[91.28572,22.71034],[91.28432,22.7075],[91.27824,22.69742],[91.27772,22.69411],[91.27777,22.68819],[91.27854,22.68557],[91.28042,22.68248],[91.28031,22.68086],[91.28077,22.67889],[91.28377,22.67305],[91.28537,22.67192],[91.28859,22.66626],[91.28949,22.66666],[91.29195,22.66485],[91.29649,22.65812],[91.29685,22.65714],[91.29967,22.65451],[91.30095,22.65392],[91.30142,22.65325],[91.30249,22.65304],[91.30535,22.64859],[91.30892,22.64478],[91.30954,22.64311]]]},"properties":{"set":"detail"}},{"type":"Feature","geometry":{"type":"Polygon","coordinates":[[[91.47571,22.41807],[91.47405,22.41917],[91.47423,22.41822],[91.47481,22.41797],[91.47529,22.41675],[91.47577,22.41695],[91.4768,22.41646],[91.47663,22.41728],[91.47571,22.41807]]]},"properties":{"set":"detail"}},{"type":"Feature","geometry":{"type":"Polygon","coordinates":[[[91.49282,22.40251],[91.49667,22.40149],[91.50016,22.40119],[91.50296,22.39872],[91.50376,22.39838],[91.50967,22.3979],[91.51108,22.39819],[91.51174,22.39789],[91.51237,22.39811],[91.51295,22.39796],[91.51409,22.39911],[91.516,22.39881],[91.51691,22.39911],[91.51794,22.39883],[91.51888,22.3991],[91.51911,22.39984],[91.52343,22.40014],[91.52554,22.40085],[91.52992,22.40119],[91.53262,22.40293],[91.53464,22.40577],[91.53624,22.40708],[91.53968,22.40852],[91.54118,22.41064],[91.54407,22.41274],[91.54664,22.41531],[91.54835,22.41643],[91.55181,22.4179],[91.55266,22.41883],[91.55365,22.42187],[91.55413,22.42401],[91.55438,22.42841],[91.55568,22.43283],[91.55649,22.43458],[91.55851,22.43698],[91.55908,22.44238],[91.55894,22.44393],[91.55806,22.4448],[91.55904,22.44555],[91.55859,22.44659],[91.55907,22.44797],[91.55832,22.44947],[91.55855,22.45149],[91.55721,22.45505],[91.55457,22.46913],[91.54334,22.49724],[91.54216,22.49942],[91.5428,22.50128],[91.54215,22.50276],[91.54244,22.50473],[91.54213,22.5057],[91.54061,22.50788],[91.54026,22.50932],[91.53944,22.50998],[91.53847,22.51317],[91.53375,22.52132],[91.52617,22.53692],[91.52592,22.53717],[91.52465,22.53714],[91.52418,22.53626],[91.52315,22.53616],[91.52266,22.53495],[91.52229,22.53478],[91.51855,22.53614],[91.51792,22.53814],[91.51552,22.54055],[91.51283,22.54269],[91.50582,22.55057],[91.50412,22.55176],[91.50418,22.55381],[91.50263,22.55416],[91.50115,22.55606],[91.50087,22.55706],[91.50145,22.55772],[91.50028,22.558],[91.49934,22.55866],[91.49946,22.55912],[91.49893,22.55933],[91.49588,22.56509],[91.48734,22.57478],[91.479,22.58127],[91.47275,22.58566],[91.45877,22.59726],[91.45134,22.60274],[91.44495,22.60628],[91.44182,22.60656],[91.43774,22.6043],[91.43475,22.60218],[91.4326,22.59906],[91.43037,22.59352],[91.43029,22.59089],[91.43109,22.59025],[91.43121,22.58972],[91.43064,22.58724],[91.4306,22.58354],[91.43148,22.57364],[91.43205,22.55622],[91.43204,22.54658],[91.4309,22.53868],[91.42825,22.53195],[91.42704,22.52001],[91.43022,22.50152],[91.43209,22.49394],[91.4362,22.48078],[91.43957,22.47261],[91.44451,22.46551],[91.44947,22.4596],[91.45803,22.44782],[91.45938,22.44499],[91.46091,22.43967],[91.46212,22.43775],[91.46236,22.43681],[91.463,22.43617],[91.46439,22.43565],[91.46572,22.43468],[91.46968,22.42949],[91.46999,22.42798],[91.4716,22.42524],[91.4729,22.41999],[91.47547,22.41879],[91.47724,22.41751],[91.4778,22.4159],[91.47844,22.41509],[91.47906,22.41294],[91.47979,22.41213],[91.48012,22.4104],[91.48139,22.40889],[91.48264,22.40829],[91.48303,22.40702],[91.48561,22.40572],[91.4865,22.40473],[91.48811,22.40434],[91.48913,22.40478],[91.49038,22.40447],[91.49201,22.40347],[91.49282,22.40251]]]},"properties":{"set":"detail"}},{"type":"Feature","geometry":{"type":"Polygon","coordinates":[[[91.41893,22.7873],[91.41846,22.7872],[91.41878,22.78633],[91.41969,22.78656],[91.42073,22.78618],[91.42297,22.78611],[91.42442,22.78565],[91.42812,22.78575],[91.43365,22.78385],[91.43509,22.7862],[91.43553,22.78794],[91.43557,22.79013],[91.43382,22.79121],[91.43011,22.79241],[91.42594,22.79435],[91.42206,22.79252],[91.42224,22.79194],[91.4214,22.79196],[91.42117,22.79223],[91.42005,22.79179],[91.42004,22.7892],[91.41905,22.78817],[91.41893,22.7873]]]},"properties":{"set":"detail"}},{"type":"Feature","geometry":{"type":"Polygon","coordinates":[[[89.00054,21.64924],[88.99532,21.6488],[88.99147,21.64949],[88.98887,21.65117],[88.98703,21.65433],[88.98668,21.65673],[88.98711,21.66279],[88.98765,21.66498],[88.98977,21.66887],[88.99219,21.67043],[88.99308,21.67135],[88.99343,21.67212],[88.99343,21.67387],[88.99198,21.6778],[88.99129,21.68073],[88.99181,21.68728],[88.98964,21.69229],[88.99008,21.69673],[88.9899,21.69788],[88.98905,21.70094],[88.98659,21.70377],[88.98562,21.70478],[88.98481,21.70509],[88.97978,21.70319],[88.97804,21.70193],[88.97576,21.6991],[88.97459,21.6981],[88.97308,21.69748],[88.97159,21.69757],[88.97002,21.69831],[88.96771,21.69994],[88.96631,21.7005],[88.96469,21.70066],[88.9607,21.70023],[88.95309,21.70156],[88.95177,21.7015],[88.95133,21.69992],[88.95167,21.69821],[88.95203,21.69794],[88.95235,21.69648],[88.95398,21.69317],[88.95575,21.68655],[88.95576,21.67773],[88.95722,21.67694],[88.95814,21.67566],[88.96317,21.66238],[88.96349,21.6591],[88.96251,21.65387],[88.96245,21.64969],[88.96275,21.64791],[88.96392,21.64499],[88.96495,21.64334],[88.96591,21.6425],[88.96706,21.64178],[88.96925,21.64145],[88.97182,21.64215],[88.97531,21.64396],[88.97854,21.64516],[88.98245,21.64584],[88.98661,21.64605],[88.99036,21.64558],[88.99152,21.64505],[88.99285,21.6438],[88.99427,21.64027],[88.99493,21.63774],[88.99588,21.63165],[88.99851,21.62079],[88.99828,21.61317],[88.99932,21.61069],[88.99939,21.60485],[88.99978,21.60428],[89.00054,21.60405],[89.00299,21.6043],[89.00456,21.60525],[89.00961,21.60491],[89.01181,21.60525],[89.01481,21.60626],[89.01627,21.60641],[89.01729,21.60616],[89.0193,21.6068],[89.02041,21.60664],[89.02137,21.60591],[89.02238,21.60597],[89.02356,21.6066],[89.0238,21.60733],[89.02454,21.60759],[89.02482,21.6084],[89.02614,21.60878],[89.02725,21.60978],[89.02989,21.61125],[89.03047,21.61199],[89.03135,21.6123],[89.0317,21.61199],[89.03222,21.61211],[89.03382,21.61373],[89.03399,21.61344],[89.03364,21.6125],[89.03385,21.6124],[89.0344,21.61378],[89.03541,21.61453],[89.03571,21.61715],[89.0344,21.62443],[89.03233,21.6259],[89.03008,21.62696],[89.02606,21.62763],[89.02574,21.62877],[89.02439,21.63014],[89.02237,21.63411],[89.02104,21.63782],[89.02063,21.63965],[89.02056,21.64205],[89.02238,21.65225],[89.02189,21.65364],[89.02024,21.65465],[89.01848,21.65493],[89.01268,21.65133],[89.00996,21.65037],[89.0068,21.64972],[89.00054,21.64924]]]},"properties":{"set":"detail"}},{"type":"Feature","geometry":{"type":"Polygon","coordinates":[[[89.08585,21.67871],[89.08456,21.6785],[89.08124,21.67649],[89.07955,21.67414],[89.07896,21.67161],[89.0779,21.67061],[89.07665,21.67008],[89.07368,21.66945],[89.07182,21.66982],[89.07105,21.67075],[89.07025,21.67425],[89.06987,21.67477],[89.06906,21.67499],[89.06822,21.6746],[89.06776,21.6723],[89.06724,21.67154],[89.0664,21.6712],[89.06302,21.67143],[89.0617,21.67066],[89.06069,21.66941],[89.06025,21.66772],[89.0632,21.66607],[89.06385,21.66499],[89.06379,21.66431],[89.06306,21.66352],[89.05999,21.66231],[89.0588,21.66136],[89.05851,21.65981],[89.05897,21.65904],[89.06049,21.65869],[89.0643,21.65951],[89.06677,21.66046],[89.06821,21.66043],[89.06931,21.65966],[89.07018,21.65751],[89.06974,21.65569],[89.06865,21.65446],[89.06474,21.65274],[89.0636,21.65172],[89.06364,21.65102],[89.06561,21.6472],[89.06577,21.64627],[89.06568,21.64533],[89.06481,21.64382],[89.06319,21.64285],[89.06234,21.64269],[89.05804,21.6439],[89.05111,21.64362],[89.03859,21.64058],[89.03629,21.63923],[89.03556,21.63831],[89.03433,21.6349],[89.03452,21.63404],[89.03535,21.63295],[89.03883,21.63101],[89.03952,21.63008],[89.04334,21.62743],[89.04709,21.62381],[89.04874,21.62332],[89.05026,21.62248],[89.0511,21.62147],[89.05178,21.62142],[89.05395,21.62228],[89.05677,21.62087],[89.06034,21.62123],[89.06368,21.62261],[89.06609,21.6227],[89.06832,21.62481],[89.06899,21.62473],[89.07008,21.62397],[89.07418,21.62648],[89.07494,21.62616],[89.07609,21.62638],[89.07787,21.6291],[89.07897,21.62942],[89.07981,21.63022],[89.08094,21.63062],[89.08261,21.63256],[89.08377,21.63301],[89.08489,21.635],[89.08452,21.63609],[89.08326,21.63739],[89.07769,21.64032],[89.07655,21.64129],[89.07636,21.64201],[89.07821,21.64048],[89.0828,21.63817],[89.08447,21.63695],[89.08528,21.63513],[89.08492,21.63349],[89.08613,21.63363],[89.08755,21.63494],[89.09026,21.63621],[89.09076,21.63677],[89.09209,21.63921],[89.09228,21.6407],[89.09205,21.64289],[89.09383,21.64886],[89.09389,21.65217],[89.09336,21.6553],[89.09339,21.65786],[89.09162,21.66588],[89.08807,21.66958],[89.08795,21.67101],[89.08845,21.67625],[89.08817,21.67827],[89.0872,21.67874],[89.08585,21.67871]]]},"properties":{"set":"detail"}},{"type":"Feature","geometry":{"type":"Polygon","coordinates":[[[89.00405,21.6555],[89.0038,21.65381],[89.0028,21.65234],[89.00541,21.65217],[89.00661,21.65237],[89.00782,21.65282],[89.01289,21.65676],[89.0135,21.65812],[89.00955,21.65795],[89.00614,21.65742],[89.00454,21.65634],[89.00405,21.6555]]]},"properties":{"set":"detail"}},{"type":"Feature","geometry":{"type":"Polygon","coordinates":[[[89.03095,21.63435],[89.03166,21.63474],[89.03284,21.63466],[89.03464,21.63833],[89.03615,21.6401],[89.03986,21.64174],[89.05099,21.64439],[89.05761,21.64472],[89.06293,21.64348],[89.0639,21.6438],[89.06465,21.64461],[89.06499,21.64658],[89.06312,21.65054],[89.06298,21.65164],[89.06339,21.65251],[89.06419,21.65316],[89.06802,21.65479],[89.06906,21.65559],[89.06956,21.65699],[89.06925,21.65878],[89.06872,21.6596],[89.06742,21.65996],[89.06406,21.65891],[89.05998,21.65819],[89.05873,21.6587],[89.05822,21.6594],[89.05809,21.66103],[89.05963,21.66266],[89.06295,21.66401],[89.06342,21.66457],[89.06308,21.66553],[89.06002,21.6674],[89.05988,21.6685],[89.06053,21.66981],[89.06156,21.67101],[89.06282,21.67174],[89.06581,21.67152],[89.06723,21.67193],[89.06773,21.67451],[89.06851,21.67526],[89.0698,21.67524],[89.07058,21.67458],[89.07118,21.67139],[89.07185,21.67015],[89.07241,21.66985],[89.07371,21.66974],[89.07643,21.67033],[89.07793,21.67109],[89.07874,21.67188],[89.07935,21.67473],[89.08076,21.67683],[89.07892,21.67876],[89.07965,21.68092],[89.07749,21.68419],[89.0757,21.68815],[89.07454,21.68933],[89.0734,21.69001],[89.07244,21.69005],[89.06819,21.68872],[89.06196,21.68833],[89.05815,21.68855],[89.05447,21.68784],[89.05028,21.68617],[89.04645,21.68093],[89.04513,21.68025],[89.04457,21.68057],[89.04316,21.68284],[89.04182,21.68433],[89.04125,21.68445],[89.04016,21.68406],[89.03879,21.68303],[89.03846,21.68132],[89.03943,21.67553],[89.0392,21.67404],[89.0388,21.67348],[89.0374,21.67286],[89.03495,21.6729],[89.03407,21.67255],[89.03317,21.67065],[89.03443,21.66811],[89.03522,21.66794],[89.0401,21.67013],[89.04364,21.67078],[89.04689,21.6713],[89.04739,21.6712],[89.04776,21.67045],[89.04736,21.66978],[89.04431,21.66735],[89.04312,21.66558],[89.0428,21.66399],[89.04352,21.66076],[89.04305,21.65923],[89.04161,21.65788],[89.03576,21.65357],[89.03484,21.65313],[89.03391,21.65314],[89.03301,21.65356],[89.02894,21.65795],[89.02816,21.65843],[89.02735,21.65852],[89.02654,21.65821],[89.02633,21.65716],[89.02671,21.65602],[89.02796,21.65413],[89.02849,21.65179],[89.02838,21.65075],[89.0264,21.64492],[89.02645,21.64398],[89.028,21.64166],[89.02839,21.63915],[89.02835,21.63705],[89.02869,21.63595],[89.02988,21.63465],[89.03095,21.63435]]]},"properties":{"set":"detail"}},{"type":"Feature","geometry":{"type":"Polygon","coordinates":[[[89.00017,21.65222],[89.00205,21.65234],[89.0027,21.65276],[89.00361,21.65388],[89.00424,21.65644],[89.00576,21.6575],[89.00918,21.65823],[89.01356,21.65853],[89.01517,21.65992],[89.0179,21.66118],[89.01761,21.66469],[89.01892,21.66681],[89.02038,21.67175],[89.02052,21.67828],[89.02089,21.68048],[89.02326,21.68658],[89.02337,21.68747],[89.02246,21.69183],[89.01967,21.69822],[89.01905,21.6988],[89.01727,21.69956],[89.01094,21.70045],[89.00899,21.70113],[89.00725,21.70255],[89.00658,21.70413],[89.00641,21.70531],[89.00675,21.70695],[89.0076,21.70864],[89.00851,21.70965],[89.01024,21.71063],[89.01142,21.71093],[89.01892,21.71108],[89.01966,21.71197],[89.01916,21.71396],[89.0169,21.71591],[89.01449,21.7173],[89.01085,21.71686],[89.00369,21.71491],[89.00207,21.71503],[88.99946,21.71596],[88.99654,21.71791],[88.99404,21.72135],[88.99178,21.72282],[88.98887,21.72397],[88.98015,21.72588],[88.97723,21.72686],[88.97601,21.7268],[88.97097,21.72138],[88.97117,21.71997],[88.9753,21.71659],[88.98105,21.71317],[88.98668,21.709],[88.99047,21.70515],[88.99223,21.70181],[88.99286,21.69975],[88.99202,21.69375],[88.99256,21.69139],[88.9941,21.68785],[88.99423,21.68546],[88.99368,21.68219],[88.99389,21.68045],[88.99603,21.67478],[88.996,21.67248],[88.99503,21.6699],[88.99095,21.66589],[88.98992,21.66415],[88.98971,21.66155],[88.99008,21.65432],[88.99065,21.65271],[88.99248,21.65165],[88.99426,21.65151],[88.99946,21.65216],[89.00017,21.65222]]]},"properties":{"set":"detail"}},{"type":"Feature","geometry":{"type":"Polygon","coordinates":[[[89.0215,21.66386],[89.02119,21.66281],[89.02185,21.66156],[89.02901,21.65888],[89.03094,21.65732],[89.03297,21.65458],[89.03389,21.6538],[89.03514,21.65395],[89.04222,21.65937],[89.04277,21.66112],[89.04212,21.66395],[89.0426,21.66618],[89.04355,21.66761],[89.04656,21.67025],[89.04619,21.67059],[89.04558,21.67053],[89.04017,21.66952],[89.03526,21.66738],[89.03471,21.6673],[89.03391,21.66789],[89.03263,21.6706],[89.03321,21.67237],[89.034,21.67337],[89.03745,21.67342],[89.03845,21.67393],[89.03873,21.67442],[89.03879,21.67559],[89.03788,21.68159],[89.03834,21.68337],[89.04003,21.68463],[89.04176,21.68498],[89.04364,21.68299],[89.0448,21.68121],[89.04563,21.68086],[89.04982,21.68636],[89.05186,21.68744],[89.05736,21.68895],[89.0625,21.68878],[89.06512,21.68908],[89.06519,21.68937],[89.06303,21.69188],[89.06056,21.69558],[89.05862,21.70147],[89.0592,21.70129],[89.0596,21.70064],[89.06119,21.69608],[89.06467,21.69065],[89.06594,21.68964],[89.06698,21.6898],[89.06756,21.69026],[89.06965,21.69805],[89.06923,21.70128],[89.06764,21.70572],[89.06393,21.71416],[89.06049,21.71915],[89.05815,21.7217],[89.04821,21.72136],[89.03781,21.72037],[89.03485,21.71964],[89.03039,21.71778],[89.02791,21.71706],[89.02357,21.71632],[89.02281,21.71594],[89.02246,21.71535],[89.02323,21.71311],[89.02299,21.71123],[89.02222,21.71015],[89.02095,21.70913],[89.01972,21.70837],[89.01737,21.70774],[89.01228,21.70809],[89.01139,21.70781],[89.01079,21.70727],[89.0101,21.70594],[89.00994,21.7046],[89.01026,21.70383],[89.0145,21.70344],[89.01914,21.70255],[89.0205,21.70187],[89.0227,21.70004],[89.02348,21.699],[89.02424,21.69712],[89.02565,21.69177],[89.02642,21.68754],[89.0262,21.68554],[89.02408,21.67943],[89.02333,21.66906],[89.0215,21.66386]]]},"properties":{"set":"detail"}},{"type":"Feature","geometry":{"type":"Polygon","coordinates":[[[89.03073,21.72275],[89.03213,21.72145],[89.03902,21.72288],[89.04558,21.72322],[89.05291,21.7242],[89.05397,21.72413],[89.05555,21.72449],[89.05589,21.72673],[89.0553,21.72875],[89.05473,21.72928],[89.0505,21.73187],[89.05015,21.73233],[89.04497,21.73518],[89.04292,21.73745],[89.04026,21.73944],[89.03932,21.73984],[89.03824,21.73967],[89.03682,21.73988],[89.03491,21.73925],[89.03403,21.7386],[89.03116,21.736],[89.0301,21.73432],[89.02922,21.73119],[89.02904,21.7276],[89.02938,21.72557],[89.03073,21.72275]]]},"properties":{"set":"detail"}},{"type":"Feature","geometry":{"type":"Polygon","coordinates":[[[89.00054,21.7464],[88.99943,21.74938],[88.99855,21.75341],[88.99755,21.76015],[88.99622,21.76533],[88.99614,21.76751],[88.99639,21.76949],[88.997,21.77091],[88.99802,21.77207],[89.00054,21.77353],[89.00897,21.77689],[89.01075,21.77818],[89.01143,21.77947],[89.01116,21.78058],[89.01072,21.781],[89.00774,21.78284],[89.00054,21.78488],[88.99499,21.78663],[88.99004,21.78857],[88.9887,21.78848],[88.97582,21.77523],[88.97327,21.77354],[88.97081,21.77248],[88.96942,21.77207],[88.96717,21.77191],[88.96602,21.77073],[88.96432,21.76733],[88.96244,21.7645],[88.96119,21.76338],[88.9594,21.76198],[88.95382,21.75941],[88.95117,21.75782],[88.95121,21.7575],[88.95224,21.75674],[88.95403,21.75603],[88.96179,21.75509],[88.96644,21.75181],[88.96687,21.74826],[88.9665,21.7447],[88.96663,21.74309],[88.96734,21.74141],[88.96903,21.74044],[88.96988,21.74044],[88.973,21.74196],[88.97916,21.74601],[88.98296,21.74777],[88.98454,21.74797],[88.9866,21.74763],[88.98798,21.74666],[88.98941,21.74429],[88.98967,21.74307],[88.98953,21.74112],[88.98897,21.73986],[88.98826,21.73887],[88.98539,21.73632],[88.98,21.73299],[88.9778,21.73111],[88.97666,21.72857],[88.97695,21.72829],[88.98779,21.72594],[88.99353,21.72356],[88.99435,21.72293],[88.99586,21.72082],[89.00003,21.71737],[89.00054,21.71705],[89.00301,21.71594],[89.00428,21.71599],[89.00866,21.7178],[89.01492,21.71861],[89.01464,21.72778],[89.01335,21.73219],[89.01215,21.73373],[89.00449,21.74092],[89.00218,21.74367],[89.00054,21.7464]]]},"properties":{"set":"detail"}},{"type":"Feature","geometry":{"type":"Polygon","coordinates":[[[89.00025,21.76018],[89.0009,21.7572],[89.00149,21.75089],[89.00248,21.74822],[89.00668,21.74274],[89.01454,21.73529],[89.01639,21.73299],[89.01707,21.73164],[89.01771,21.72942],[89.01788,21.72676],[89.01711,21.71992],[89.01739,21.71898],[89.0181,21.7183],[89.02056,21.71713],[89.02252,21.71838],[89.03008,21.72059],[89.03037,21.7213],[89.0291,21.72333],[89.02797,21.72757],[89.02797,21.72988],[89.029,21.73456],[89.03003,21.73626],[89.03338,21.73947],[89.03395,21.73996],[89.03736,21.74116],[89.03758,21.74137],[89.03732,21.74176],[89.03071,21.74902],[89.02604,21.75518],[89.02508,21.75611],[89.0233,21.75657],[89.02195,21.75734],[89.01722,21.76236],[89.01535,21.76373],[89.01229,21.76472],[89.00089,21.76455],[88.99976,21.76374],[88.99965,21.76327],[89.00025,21.76018]]]},"properties":{"set":"detail"}},{"type":"Feature","geometry":{"type":"Polygon","coordinates":[[[88.9997,21.76663],[89.00155,21.76609],[89.01111,21.76653],[89.01479,21.76595],[89.01728,21.76453],[89.01938,21.76257],[89.02143,21.7601],[89.02222,21.75972],[89.02118,21.76084],[89.02185,21.76122],[89.02053,21.76283],[89.02028,21.7636],[89.02062,21.76396],[89.01945,21.76466],[89.01982,21.76518],[89.01944,21.76592],[89.01892,21.76617],[89.01926,21.7665],[89.01924,21.76873],[89.01873,21.76965],[89.01774,21.77045],[89.01828,21.77127],[89.01722,21.7724],[89.01705,21.77497],[89.01639,21.77597],[89.01643,21.7766],[89.01526,21.7792],[89.01419,21.78559],[89.01349,21.78654],[89.01291,21.78907],[89.01286,21.79036],[89.01324,21.79156],[89.01263,21.79256],[89.01301,21.79327],[89.01253,21.79381],[89.0128,21.79419],[89.01245,21.79504],[89.01271,21.79554],[89.01231,21.79631],[89.01249,21.7971],[89.01221,21.79761],[89.01337,21.79934],[89.01399,21.80113],[89.01377,21.80212],[89.01432,21.80304],[89.01447,21.80599],[89.015,21.80743],[89.01577,21.81188],[89.01526,21.81224],[89.01465,21.8122],[89.00663,21.81013],[89.00486,21.8101],[89.0026,21.81049],[88.99946,21.81145],[88.99583,21.81253],[88.99475,21.81194],[88.99488,21.80386],[88.99414,21.79921],[88.99313,21.79666],[88.98995,21.79073],[88.99082,21.78995],[88.99299,21.78957],[88.99946,21.78761],[89.00974,21.78375],[89.01223,21.78187],[89.01304,21.77967],[89.01252,21.7778],[89.01028,21.7756],[88.99946,21.77062],[88.99865,21.77007],[88.99819,21.76863],[88.99886,21.76694],[88.99946,21.76669],[88.9997,21.76663]]]},"properties":{"set":"detail"}},{"type":"Feature","geometry":{"type":"Polygon","coordinates":[[[89.05724,21.91998],[89.05584,21.92073],[89.05174,21.92172],[89.04872,21.92211],[89.04444,21.92185],[89.03744,21.92044],[89.03515,21.9192],[89.03419,21.91822],[89.03332,21.91634],[89.03304,21.91376],[89.03257,21.90511],[89.03284,21.89754],[89.03447,21.89516],[89.04215,21.88889],[89.04441,21.8868],[89.05021,21.88048],[89.0519,21.87942],[89.05398,21.87656],[89.05473,21.87497],[89.05608,21.86962],[89.05886,21.86156],[89.06043,21.85143],[89.0605,21.84314],[89.05942,21.83421],[89.05711,21.82597],[89.04949,21.80591],[89.04756,21.79889],[89.04526,21.79234],[89.0449,21.78939],[89.04511,21.78734],[89.0455,21.78682],[89.04947,21.78473],[89.05832,21.77866],[89.06472,21.77419],[89.07101,21.7693],[89.07719,21.76259],[89.08354,21.75384],[89.09133,21.74172],[89.09335,21.73967],[89.09895,21.73574],[89.10045,21.73403],[89.10258,21.72869],[89.10369,21.72725],[89.10642,21.72498],[89.11112,21.72216],[89.11614,21.72065],[89.12133,21.71986],[89.12322,21.71997],[89.12749,21.72147],[89.13508,21.72271],[89.13579,21.72305],[89.13702,21.7245],[89.13768,21.72661],[89.1382,21.72731],[89.14493,21.73439],[89.14607,21.7367],[89.14613,21.73891],[89.14572,21.7405],[89.14327,21.74571],[89.14327,21.74731],[89.1443,21.75066],[89.14379,21.75288],[89.1432,21.75396],[89.14176,21.75523],[89.13448,21.75679],[89.13378,21.75707],[89.13261,21.7582],[89.13149,21.76069],[89.13046,21.76856],[89.12979,21.76956],[89.12657,21.7711],[89.12442,21.77271],[89.11903,21.77532],[89.11644,21.77646],[89.11056,21.77837],[89.10326,21.78144],[89.09955,21.78349],[89.09271,21.78837],[89.08805,21.79236],[89.0853,21.79523],[89.08128,21.80113],[89.07926,21.80503],[89.07681,21.81176],[89.07597,21.81778],[89.07605,21.82194],[89.07691,21.82919],[89.08136,21.8431],[89.08226,21.8518],[89.08327,21.85672],[89.08191,21.85847],[89.0757,21.86423],[89.06818,21.87276],[89.06587,21.87694],[89.06318,21.88071],[89.06043,21.88548],[89.05763,21.894],[89.05666,21.90169],[89.05787,21.91809],[89.05724,21.91998]]]},"properties":{"set":"detail"}},{"type":"Feature","geometry":{"type":"Polygon","coordinates":[[[89.00054,21.86638],[88.99852,21.86801],[88.99656,21.87034],[88.99505,21.86979],[88.99317,21.86768],[88.99236,21.86718],[88.9915,21.86706],[88.99051,21.86711],[88.98945,21.8678],[88.9885,21.86928],[88.98861,21.87003],[88.98923,21.86992],[88.99031,21.86822],[88.99155,21.86795],[88.99292,21.86867],[88.99501,21.87094],[88.99571,21.87121],[88.99808,21.87129],[88.99838,21.87111],[88.99833,21.87026],[88.99881,21.86936],[89.00043,21.86793],[89.00054,21.86788],[89.00177,21.86719],[89.0045,21.86392],[89.00514,21.86134],[89.00557,21.85722],[89.00642,21.85609],[89.01101,21.85193],[89.01304,21.85082],[89.0153,21.85025],[89.02504,21.8495],[89.02606,21.84968],[89.0266,21.85036],[89.02797,21.85085],[89.02828,21.85126],[89.02981,21.856],[89.03013,21.85969],[89.03016,21.86243],[89.02863,21.8654],[89.02617,21.86784],[89.01614,21.87452],[89.00849,21.87903],[89.00054,21.88306],[88.98301,21.89161],[88.97831,21.89302],[88.97615,21.89302],[88.97358,21.89194],[88.9708,21.89159],[88.96948,21.89105],[88.97003,21.88905],[88.97575,21.87658],[88.97955,21.87129],[88.98014,21.86878],[88.97997,21.86726],[88.97762,21.86488],[88.97585,21.86387],[88.96867,21.8613],[88.9654,21.85929],[88.96078,21.85374],[88.95842,21.85035],[88.95552,21.84731],[88.95074,21.84023],[88.95051,21.83864],[88.95127,21.83605],[88.95378,21.83048],[88.95708,21.82667],[88.96005,21.82635],[88.96252,21.82684],[88.96372,21.82728],[88.96884,21.83446],[88.96927,21.83547],[88.96996,21.84116],[88.97055,21.84303],[88.97115,21.8444],[88.97253,21.84561],[88.97297,21.84673],[88.97344,21.84693],[88.97415,21.84628],[88.97319,21.84518],[88.97346,21.84227],[88.97265,21.84011],[88.97398,21.83901],[88.97412,21.83717],[88.97552,21.83614],[88.97764,21.83228],[88.97831,21.83176],[88.97884,21.83189],[88.97929,21.83396],[88.97981,21.83463],[88.98645,21.8359],[88.9886,21.83564],[88.98919,21.8347],[88.98917,21.83363],[88.98401,21.82619],[88.98395,21.82465],[88.98466,21.8244],[88.98738,21.82518],[88.98857,21.82523],[88.9903,21.82502],[88.99284,21.82409],[88.99607,21.82176],[88.99743,21.81966],[88.99825,21.81543],[88.99875,21.81491],[89.00054,21.81413],[89.00223,21.81346],[89.00493,21.81314],[89.00976,21.8138],[89.01331,21.81482],[89.01408,21.81535],[89.01434,21.81597],[89.01423,21.81711],[89.01588,21.81643],[89.01646,21.81716],[89.01762,21.81701],[89.01873,21.8179],[89.02417,21.82425],[89.02754,21.83017],[89.02915,21.8347],[89.02935,21.84282],[89.02853,21.84459],[89.02772,21.84541],[89.02504,21.84707],[89.021,21.84838],[89.01434,21.84881],[89.01266,21.84924],[89.00918,21.85117],[89.00643,21.85338],[89.0042,21.85609],[89.00352,21.858],[89.00271,21.86413],[89.00054,21.86638]]]},"properties":{"set":"detail"}},{"type":"Feature","geometry":{"type":"Polygon","coordinates":[[[89.1302,21.99969],[89.13071,21.99682],[89.12865,21.99523],[89.12539,21.99491],[89.12144,21.99332],[89.11921,21.99157],[89.11612,21.98998],[89.11595,21.98855],[89.11647,21.98679],[89.11956,21.98138],[89.12041,21.97931],[89.11801,21.97708],[89.11509,21.97661],[89.10926,21.97645],[89.10788,21.97549],[89.1084,21.9739],[89.11011,21.97199],[89.11114,21.9696],[89.11132,21.96706],[89.11114,21.96371],[89.10874,21.96037],[89.11029,21.9591],[89.11578,21.95671],[89.11698,21.9548],[89.11732,21.95225],[89.11612,21.94938],[89.11389,21.94652],[89.10685,21.94126],[89.10308,21.93983],[89.09913,21.93776],[89.09673,21.9376],[89.09535,21.93824],[89.09381,21.94047],[89.09209,21.94636],[89.0914,21.94747],[89.08986,21.94492],[89.08917,21.94047],[89.08591,21.93665],[89.08643,21.93426],[89.08419,21.92805],[89.08437,21.92661],[89.08591,21.92645],[89.08763,21.92709],[89.08728,21.92566],[89.08608,21.92518],[89.08402,21.92375],[89.08299,21.92215],[89.08162,21.91881],[89.08059,21.91324],[89.08025,21.90432],[89.08093,21.90113],[89.08179,21.89938],[89.089,21.89269],[89.09261,21.88743],[89.09587,21.88106],[89.09896,21.87405],[89.10136,21.86688],[89.1029,21.85908],[89.10479,21.85302],[89.10514,21.84792],[89.10445,21.84362],[89.10325,21.82594],[89.10411,21.82402],[89.11423,21.81733],[89.11612,21.81717],[89.11835,21.8202],[89.11818,21.8253],[89.11681,21.82833],[89.11458,21.83199],[89.1132,21.83597],[89.11303,21.839],[89.11423,21.84203],[89.11921,21.84585],[89.12659,21.84761],[89.12934,21.84872],[89.129,21.85446],[89.12677,21.85971],[89.12402,21.86338],[89.12265,21.86625],[89.11973,21.86991],[89.1187,21.87294],[89.11921,21.8774],[89.1223,21.88154],[89.12453,21.88329],[89.12625,21.88648],[89.12574,21.88887],[89.12642,21.88982],[89.12745,21.88791],[89.12728,21.88536],[89.12179,21.87883],[89.12076,21.87644],[89.12076,21.87278],[89.12299,21.86864],[89.12642,21.86354],[89.13089,21.85509],[89.1314,21.85],[89.13003,21.84697],[89.12574,21.84585],[89.12213,21.84442],[89.1187,21.84346],[89.11698,21.84139],[89.11629,21.83821],[89.11681,21.83231],[89.1199,21.82562],[89.12024,21.82195],[89.11921,21.81845],[89.11595,21.81542],[89.1132,21.81574],[89.10926,21.81797],[89.10702,21.81988],[89.10428,21.82147],[89.10273,21.82147],[89.10119,21.81829],[89.10016,21.81494],[89.10033,21.81303],[89.11183,21.80856],[89.11561,21.80777],[89.11956,21.80633],[89.12471,21.80378],[89.12814,21.80251],[89.13415,21.80235],[89.13792,21.80299],[89.1417,21.80378],[89.14599,21.80522],[89.14702,21.80665],[89.14805,21.80633],[89.14668,21.80458],[89.13363,21.80012],[89.13964,21.79677],[89.14393,21.79629],[89.1508,21.79374],[89.1556,21.79597],[89.15578,21.79773],[89.15715,21.8006],[89.16419,21.80171],[89.16659,21.80235],[89.16814,21.80362],[89.16865,21.80697],[89.1702,21.81255],[89.17054,21.81685],[89.17346,21.82354],[89.17586,21.82737],[89.17792,21.8296],[89.17844,21.83151],[89.17861,21.83757],[89.17775,21.83916],[89.1762,21.84075],[89.17174,21.84299],[89.17088,21.84585],[89.16934,21.84729],[89.16608,21.84729],[89.16264,21.84824],[89.16127,21.85016],[89.16196,21.85239],[89.16384,21.85398],[89.16436,21.85573],[89.16522,21.85621],[89.16539,21.85494],[89.1635,21.85191],[89.16333,21.85063],[89.16487,21.8492],[89.16814,21.84888],[89.1714,21.84808],[89.17329,21.84394],[89.17861,21.84107],[89.18032,21.83805],[89.18118,21.83422],[89.18204,21.83311],[89.18324,21.8355],[89.18513,21.83709],[89.1829,21.85494],[89.18427,21.86832],[89.18633,21.87596],[89.19011,21.88584],[89.19286,21.89221],[89.19972,21.90591],[89.20092,21.90989],[89.20075,21.91276],[89.19749,21.91387],[89.18513,21.91547],[89.17809,21.91451],[89.1726,21.91324],[89.15904,21.91292],[89.14857,21.91483],[89.14479,21.9161],[89.14222,21.91833],[89.13947,21.92311],[89.13689,21.929],[89.13586,21.93457],[89.13346,21.94142],[89.13106,21.94652],[89.13071,21.94906],[89.13106,21.95734],[89.13501,21.96944],[89.14153,21.97597],[89.15612,21.98807],[89.1599,21.99061],[89.16196,21.9938],[89.16247,21.99714],[89.16199,22.0005],[89.16161,22.00319],[89.15543,22.01815],[89.15183,22.02324],[89.14754,22.03008],[89.14599,22.03486],[89.14599,22.03899],[89.14874,22.04806],[89.15166,22.05236],[89.15526,22.05538],[89.16178,22.05825],[89.16985,22.06047],[89.17191,22.06143],[89.17243,22.06286],[89.16899,22.06572],[89.15801,22.07129],[89.14908,22.07638],[89.14565,22.07352],[89.13964,22.06604],[89.13638,22.06556],[89.13501,22.06811],[89.13312,22.07002],[89.12917,22.07193],[89.12608,22.07225],[89.12196,22.0705],[89.11973,22.06795],[89.11784,22.06461],[89.11509,22.06111],[89.11286,22.05618],[89.11235,22.05331],[89.11029,22.05125],[89.10788,22.04981],[89.10617,22.04981],[89.10445,22.04552],[89.10187,22.04472],[89.0981,22.04711],[89.09621,22.0495],[89.09501,22.04838],[89.09535,22.04425],[89.09312,22.03899],[89.09329,22.03629],[89.09552,22.02929],[89.0957,22.02547],[89.09535,22.02038],[89.09329,22.01735],[89.09089,22.01497],[89.09089,22.01162],[89.09312,21.9995],[89.09449,21.9887],[89.09449,21.98504],[89.09655,21.98138],[89.09398,21.97358],[89.09364,21.96992],[89.09364,21.95448],[89.09501,21.94747],[89.09604,21.94477],[89.09655,21.94174],[89.09741,21.93999],[89.09896,21.94015],[89.10496,21.94317],[89.10943,21.94604],[89.11217,21.94843],[89.11578,21.95305],[89.11492,21.95416],[89.1108,21.95559],[89.10617,21.9591],[89.10617,21.96085],[89.10754,21.9626],[89.1084,21.96546],[89.10891,21.96944],[89.10737,21.97231],[89.10617,21.97374],[89.10565,21.97629],[89.10788,21.97868],[89.11132,21.97868],[89.11423,21.9782],[89.11698,21.97884],[89.11853,21.97963],[89.11629,21.98186],[89.11475,21.98441],[89.11372,21.98759],[89.11441,21.98934],[89.1187,21.993],[89.12247,21.99491],[89.12797,21.99634],[89.12917,21.9981],[89.12856,21.9995],[89.12711,22.00255],[89.12831,22.00462],[89.13003,22.00605],[89.13054,22.00796],[89.12986,22.00987],[89.1278,22.01258],[89.12659,22.01481],[89.12728,22.01592],[89.12986,22.01258],[89.13192,22.00908],[89.13295,22.00637],[89.129,22.00271],[89.12988,22.0005],[89.1302,21.99969]]]},"properties":{"set":"detail"}},{"type":"Feature","geometry":{"type":"Polygon","coordinates":[[[89.00054,21.93835],[88.99575,21.94103],[88.99383,21.94322],[88.99343,21.9433],[88.99165,21.9466],[88.99059,21.95141],[88.99153,21.95569],[88.99305,21.95886],[88.99637,21.96286],[88.99986,21.96534],[89.00054,21.96582],[89.01051,21.97312],[89.01364,21.97663],[89.01398,21.97816],[89.01277,21.98051],[89.01178,21.98119],[89.01033,21.98158],[89.00798,21.98141],[89.00627,21.98021],[89.00054,21.97491],[88.99765,21.97216],[88.99549,21.97054],[88.99452,21.97002],[88.99269,21.96977],[88.99191,21.97004],[88.98933,21.97179],[88.98738,21.9742],[88.98697,21.97648],[88.98723,21.984],[88.9851,21.98452],[88.9775,21.98525],[88.97516,21.98602],[88.97315,21.98709],[88.9725,21.9868],[88.9702,21.98358],[88.96865,21.98264],[88.96372,21.98187],[88.96004,21.98198],[88.9584,21.98072],[88.95796,21.97959],[88.95827,21.97842],[88.96031,21.97755],[88.96305,21.97545],[88.96437,21.9748],[88.96888,21.9736],[88.96962,21.97313],[88.96991,21.97258],[88.97,21.97178],[88.96963,21.97113],[88.96856,21.97025],[88.96635,21.96924],[88.96307,21.96586],[88.9626,21.96417],[88.96332,21.96282],[88.96534,21.96201],[88.9694,21.96265],[88.9733,21.96097],[88.97652,21.96109],[88.97707,21.96082],[88.97784,21.95922],[88.97643,21.94503],[88.97677,21.94223],[88.97745,21.94108],[88.97728,21.94056],[88.97584,21.93872],[88.97441,21.93789],[88.96976,21.93688],[88.96461,21.93506],[88.96503,21.93389],[88.96838,21.93262],[88.96985,21.93172],[88.97146,21.92996],[88.97174,21.92912],[88.97172,21.92686],[88.97042,21.92467],[88.96848,21.92226],[88.96835,21.92129],[88.9748,21.9183],[88.98677,21.91114],[88.98975,21.90889],[88.99202,21.9076],[88.99492,21.9063],[89.00054,21.90465],[89.00969,21.90316],[89.01286,21.90311],[89.01471,21.90394],[89.01487,21.90779],[89.01664,21.9102],[89.01964,21.9157],[89.02135,21.92038],[89.02118,21.92138],[89.02026,21.92316],[89.01645,21.92898],[89.01372,21.93213],[89.01136,21.93387],[89.00856,21.93545],[89.00275,21.93753],[89.00227,21.93737],[89.00174,21.93796],[89.00054,21.93835]]]},"properties":{"set":"detail"}},{"type":"Feature","geometry":{"type":"Polygon","coordinates":[[[89.17164,21.99958],[89.17154,21.99734],[89.17239,21.99691],[89.17244,21.99656],[89.1709,21.99538],[89.169,21.99148],[89.16612,21.98678],[89.15637,21.97548],[89.14372,21.9637],[89.14076,21.95949],[89.13998,21.95759],[89.13962,21.95443],[89.14008,21.95086],[89.1403,21.94389],[89.14168,21.93753],[89.14284,21.93553],[89.14904,21.92805],[89.15281,21.92621],[89.15372,21.92643],[89.15387,21.92571],[89.1544,21.92542],[89.15772,21.92491],[89.16444,21.92516],[89.17724,21.92648],[89.1777,21.92678],[89.17817,21.92811],[89.18036,21.92974],[89.18108,21.93107],[89.18123,21.93379],[89.17978,21.9364],[89.17993,21.93666],[89.18039,21.93664],[89.18118,21.93629],[89.18197,21.93531],[89.18277,21.93315],[89.18252,21.93085],[89.18084,21.92716],[89.18078,21.92657],[89.18131,21.92575],[89.18571,21.92519],[89.19042,21.92532],[89.19694,21.92484],[89.19722,21.92487],[89.19739,21.92541],[89.19862,21.92467],[89.2009,21.92413],[89.20134,21.92409],[89.20189,21.9246],[89.20201,21.924],[89.20753,21.92147],[89.21127,21.91806],[89.21166,21.91672],[89.21229,21.91615],[89.21351,21.9128],[89.21375,21.90986],[89.21342,21.90683],[89.21079,21.90028],[89.20942,21.89887],[89.20395,21.89143],[89.2025,21.88882],[89.20142,21.88576],[89.20014,21.87378],[89.20239,21.87161],[89.20182,21.87106],[89.19981,21.87167],[89.19999,21.86355],[89.20015,21.86268],[89.20066,21.86246],[89.20002,21.86038],[89.20025,21.85995],[89.20017,21.85634],[89.19948,21.84891],[89.19844,21.8427],[89.19808,21.84212],[89.19803,21.84089],[89.19663,21.83636],[89.19697,21.83547],[89.19594,21.8358],[89.19418,21.82933],[89.20066,21.82812],[89.20941,21.82488],[89.2121,21.82433],[89.21719,21.82396],[89.22607,21.82435],[89.23138,21.82399],[89.23487,21.82147],[89.23653,21.82077],[89.24251,21.81949],[89.24631,21.81836],[89.24956,21.81859],[89.25051,21.81895],[89.25162,21.8199],[89.25331,21.8227],[89.25381,21.82551],[89.25366,21.82851],[89.25482,21.83219],[89.25407,21.83285],[89.25404,21.8332],[89.25452,21.83356],[89.25547,21.83355],[89.25677,21.83442],[89.25914,21.83526],[89.26252,21.83577],[89.26311,21.83634],[89.26415,21.83674],[89.26466,21.83747],[89.26458,21.83955],[89.26561,21.84042],[89.26574,21.84187],[89.26617,21.8419],[89.26642,21.84228],[89.26629,21.84289],[89.26694,21.84288],[89.26664,21.84358],[89.26771,21.84385],[89.26926,21.84342],[89.26975,21.84444],[89.27202,21.84714],[89.2729,21.85051],[89.27331,21.85418],[89.27325,21.85537],[89.27224,21.85837],[89.26731,21.86835],[89.26727,21.87164],[89.26868,21.88152],[89.26745,21.88264],[89.26613,21.88322],[89.25571,21.88589],[89.25505,21.88632],[89.25504,21.88688],[89.25608,21.8871],[89.26696,21.88435],[89.2691,21.88413],[89.27029,21.88637],[89.27266,21.88855],[89.27971,21.89641],[89.28384,21.90275],[89.28442,21.90428],[89.284,21.90499],[89.28211,21.90542],[89.26227,21.90654],[89.25645,21.90845],[89.25352,21.9106],[89.25138,21.9115],[89.25054,21.91116],[89.2502,21.91182],[89.24808,21.91315],[89.24518,21.91609],[89.24129,21.92755],[89.24034,21.92873],[89.23559,21.92929],[89.23116,21.92931],[89.22786,21.92889],[89.22586,21.92896],[89.22472,21.92932],[89.22252,21.92899],[89.22147,21.92915],[89.22032,21.92855],[89.22044,21.92972],[89.22001,21.9302],[89.21335,21.93275],[89.21296,21.93327],[89.21127,21.93417],[89.20462,21.94249],[89.2028,21.94576],[89.20162,21.94872],[89.20119,21.95172],[89.20125,21.95403],[89.20168,21.95704],[89.20275,21.9604],[89.20252,21.96232],[89.2043,21.96299],[89.21087,21.96875],[89.21978,21.97207],[89.22185,21.97236],[89.22396,21.97304],[89.23093,21.97627],[89.23125,21.97724],[89.23257,21.97721],[89.23419,21.97807],[89.23801,21.98048],[89.24124,21.98309],[89.2417,21.9841],[89.24165,21.98538],[89.2413,21.98613],[89.24075,21.98649],[89.22983,21.99002],[89.22663,21.99168],[89.21363,21.99682],[89.21123,21.99738],[89.20945,21.99723],[89.20469,21.99788],[89.19699,22.0005],[89.19471,22.00142],[89.19217,22.00342],[89.18942,22.00668],[89.18684,22.01195],[89.18632,22.0165],[89.18538,22.02002],[89.18453,22.02149],[89.18399,22.02169],[89.18178,22.02147],[89.17689,22.02159],[89.1727,22.02214],[89.1658,22.02118],[89.16438,22.01999],[89.16526,22.01728],[89.16937,22.00945],[89.17085,22.00557],[89.17165,22.0005],[89.17164,21.99958]]]},"properties":{"set":"detail"}},{"type":"Feature","geometry":{"type":"Polygon","coordinates":[[[89.00035,21.94853],[89.00198,21.94639],[89.00516,21.94373],[89.01236,21.94124],[89.01605,21.9396],[89.01889,21.93796],[89.02779,21.9291],[89.03087,21.92687],[89.03342,21.92706],[89.03885,21.92859],[89.04281,21.92895],[89.04663,21.9288],[89.04955,21.92958],[89.04929,21.93067],[89.04752,21.93203],[89.04593,21.93216],[89.04258,21.93155],[89.04142,21.93216],[89.04092,21.93421],[89.04101,21.93664],[89.04051,21.9432],[89.0405,21.944],[89.04106,21.94478],[89.04165,21.94408],[89.04207,21.93445],[89.04365,21.933],[89.04769,21.93317],[89.04956,21.93238],[89.05003,21.93148],[89.05097,21.93129],[89.05178,21.93069],[89.05487,21.93212],[89.05772,21.93263],[89.06003,21.93264],[89.06002,21.93303],[89.06058,21.93322],[89.06306,21.93674],[89.06748,21.94639],[89.06894,21.95039],[89.0697,21.95405],[89.07032,21.95827],[89.07069,21.96405],[89.07165,21.96748],[89.07149,21.96862],[89.07006,21.97239],[89.06959,21.97506],[89.07005,21.98307],[89.06977,21.98391],[89.06889,21.98462],[89.06766,21.98493],[89.06319,21.98505],[89.05245,21.98361],[89.05214,21.98385],[89.0601,21.98529],[89.06373,21.98559],[89.06819,21.98553],[89.06949,21.98502],[89.0705,21.98414],[89.07084,21.98303],[89.07049,21.97518],[89.07089,21.97243],[89.07215,21.96993],[89.07647,21.98065],[89.07707,21.9838],[89.07694,21.98958],[89.0765,21.99204],[89.07394,22.0005],[89.0728,22.00456],[89.07049,22.00821],[89.06803,22.01116],[89.06682,22.01143],[89.06134,22.01161],[89.0523,22.01378],[89.04711,22.01381],[89.04358,22.01365],[89.04066,22.01218],[89.03882,22.00836],[89.03289,22.00292],[89.03271,22.0023],[89.03306,22.0005],[89.03287,21.9993],[89.03222,21.99819],[89.03137,21.99727],[89.03015,21.99656],[89.02795,21.99564],[89.02522,21.99593],[89.01988,21.99528],[89.01852,21.99464],[89.01483,21.99112],[89.01236,21.98954],[89.00523,21.98605],[89.00527,21.98519],[89.00918,21.98567],[89.01073,21.98557],[89.01341,21.98496],[89.01595,21.98362],[89.01812,21.98031],[89.01861,21.97813],[89.01845,21.97693],[89.01739,21.97291],[89.01656,21.97175],[89.01117,21.96624],[89.0039,21.9599],[89.00042,21.95552],[88.99961,21.95225],[89.00035,21.94853]]]},"properties":{"set":"detail"}},{"type":"Feature","geometry":{"type":"Polygon","coordinates":[[[89.03048,21.9995],[89.03049,21.99952],[89.02964,22.00042],[89.02448,21.99962],[89.02214,21.9997],[89.02097,22.00021],[89.01939,22.00173],[89.01942,22.00293],[89.02058,22.00574],[89.02164,22.00785],[89.02317,22.0098],[89.02375,22.01139],[89.02335,22.01263],[89.02176,22.0153],[89.0229,22.01853],[89.0227,22.01964],[89.02173,22.02028],[89.01857,22.02045],[89.01782,22.02155],[89.02242,22.02107],[89.02357,22.02012],[89.02392,22.01923],[89.02391,22.0183],[89.02304,22.01564],[89.02469,22.01239],[89.02485,22.01102],[89.02411,22.00922],[89.02187,22.00577],[89.02084,22.0029],[89.02096,22.00172],[89.02156,22.00113],[89.0224,22.00083],[89.02373,22.00076],[89.03135,22.00214],[89.03258,22.0043],[89.03781,22.00897],[89.04017,22.01289],[89.04214,22.01412],[89.04342,22.0145],[89.04665,22.01481],[89.04793,22.0152],[89.04834,22.01482],[89.04945,22.01459],[89.05336,22.01458],[89.05803,22.01315],[89.06253,22.01231],[89.06595,22.01227],[89.06722,22.01244],[89.06738,22.0128],[89.06616,22.01458],[89.0627,22.01852],[89.05516,22.02627],[89.05044,22.03158],[89.04697,22.03485],[89.04309,22.03636],[89.04198,22.03605],[89.04029,22.03468],[89.03741,22.03488],[89.03183,22.03719],[89.03079,22.03823],[89.02941,22.04051],[89.02404,22.04202],[89.02247,22.0418],[89.02019,22.03975],[89.02039,22.04068],[89.02216,22.04249],[89.02339,22.04279],[89.02477,22.0427],[89.02956,22.04115],[89.03067,22.04013],[89.03129,22.03886],[89.03225,22.03786],[89.03703,22.03576],[89.03922,22.03553],[89.03976,22.03605],[89.04166,22.03685],[89.0434,22.03721],[89.04717,22.03581],[89.04589,22.0374],[89.0419,22.0468],[89.03999,22.04918],[89.03235,22.05107],[89.02895,22.05128],[89.0264,22.0518],[89.02029,22.0504],[89.01841,22.05037],[89.01697,22.05074],[89.01582,22.05169],[89.01561,22.05249],[89.01557,22.05484],[89.01632,22.06175],[89.01576,22.06257],[89.01508,22.06284],[89.01393,22.06243],[89.01289,22.06121],[89.01029,22.05335],[89.00942,22.05194],[89.00837,22.0511],[89.00792,22.05114],[89.00643,22.05218],[89.00543,22.05326],[89.0022,22.05902],[89.00129,22.05923],[88.99946,22.05797],[88.99652,22.05614],[88.99401,22.05525],[88.99038,22.05473],[88.98591,22.05585],[88.9848,22.05536],[88.98468,22.05484],[88.9859,22.04992],[88.98608,22.04774],[88.98557,22.04579],[88.98412,22.04381],[88.97955,22.03891],[88.97958,22.03782],[88.97903,22.03739],[88.97725,22.03291],[88.97565,22.03106],[88.97385,22.02828],[88.97312,22.02514],[88.97159,22.02178],[88.9681,22.01572],[88.96813,22.01455],[88.96869,22.01336],[88.97567,22.00963],[88.97598,22.00902],[88.97734,22.00825],[88.9775,22.00767],[88.97842,22.00687],[88.9793,22.00474],[88.9796,22.00301],[88.97847,21.9995],[88.97451,21.99475],[88.97434,21.99381],[88.9746,21.99285],[88.97618,21.99283],[88.97719,21.99248],[88.98059,21.99277],[88.98364,21.99481],[88.98649,21.99831],[88.98794,21.9995],[88.99161,22.00112],[88.99266,22.00184],[88.99399,22.00511],[88.99469,22.00597],[88.99848,22.00698],[89.00032,22.00796],[89.00054,22.00819],[89.00111,22.00947],[89.00094,22.01041],[89.00054,22.01091],[88.99953,22.0113],[88.99801,22.01082],[88.99368,22.00718],[88.99296,22.00697],[88.99124,22.00739],[88.9903,22.0084],[88.98963,22.01298],[88.98851,22.0158],[88.9884,22.01775],[88.98901,22.01896],[88.99023,22.02001],[88.991,22.02006],[88.98912,22.01791],[88.98911,22.01735],[88.99074,22.01292],[88.99132,22.00919],[88.99191,22.0081],[88.99241,22.00793],[88.99342,22.00816],[88.99684,22.01118],[88.99825,22.01197],[88.99946,22.01213],[89.0003,22.01208],[89.00123,22.01154],[89.00188,22.0104],[89.00203,22.00934],[89.00172,22.00814],[89.00117,22.00741],[88.99946,22.00638],[88.99656,22.00583],[88.99535,22.00525],[88.99453,22.00423],[88.99332,22.00135],[88.9923,22.0005],[88.98949,21.99927],[88.98785,21.9982],[88.98519,21.99499],[88.98289,21.9928],[88.98114,21.99191],[88.97679,21.99136],[88.97656,21.99093],[88.98586,21.98859],[88.98799,21.98728],[88.98972,21.9858],[88.9914,21.98327],[88.9921,21.9807],[88.99185,21.98029],[88.99227,21.97761],[88.99208,21.97672],[88.9923,21.97402],[88.99532,21.97644],[88.99937,21.98116],[89.00054,21.98215],[89.00301,21.98426],[89.00239,21.98508],[89.00227,21.98592],[89.00366,21.98743],[89.00727,21.98966],[89.01063,21.99119],[89.01837,21.9968],[89.02093,21.99767],[89.02298,21.99794],[89.02742,21.9974],[89.02823,21.99757],[89.03048,21.9995]]]},"properties":{"set":"detail"}},{"type":"Feature","geometry":{"type":"Polygon","coordinates":[[[89.23239,21.69593],[89.23125,21.69769],[89.23101,21.69893],[89.23021,21.70046],[89.22674,21.69958],[89.22508,21.69877],[89.22497,21.69767],[89.22545,21.69694],[89.22458,21.69648],[89.22487,21.69575],[89.22388,21.69537],[89.2241,21.69458],[89.22318,21.69424],[89.22324,21.69374],[89.22253,21.69317],[89.22194,21.69028],[89.22105,21.68925],[89.22056,21.68782],[89.22004,21.68742],[89.22016,21.68707],[89.221,21.6867],[89.22096,21.68641],[89.21929,21.68534],[89.21964,21.68478],[89.21858,21.68439],[89.21821,21.68338],[89.21844,21.68242],[89.21783,21.68068],[89.21847,21.68017],[89.2185,21.67967],[89.21716,21.67764],[89.21703,21.67635],[89.21625,21.67565],[89.21636,21.67467],[89.21523,21.67306],[89.21539,21.67251],[89.21502,21.67167],[89.21355,21.67037],[89.21343,21.66943],[89.21274,21.66868],[89.21233,21.66665],[89.2107,21.66376],[89.2106,21.66067],[89.21007,21.65935],[89.21035,21.65803],[89.21139,21.6576],[89.21131,21.65611],[89.21161,21.65592],[89.2117,21.65626],[89.21235,21.6563],[89.21286,21.65525],[89.21533,21.65669],[89.21577,21.6565],[89.21589,21.65601],[89.21723,21.65605],[89.21802,21.65629],[89.21848,21.65682],[89.21909,21.65687],[89.22082,21.65657],[89.22173,21.65605],[89.2226,21.65615],[89.22326,21.65572],[89.2268,21.65507],[89.22902,21.65495],[89.22996,21.65521],[89.23257,21.65451],[89.23369,21.65465],[89.23477,21.65423],[89.23551,21.6547],[89.23685,21.6544],[89.23737,21.65396],[89.2389,21.65389],[89.23963,21.65505],[89.24011,21.65479],[89.241,21.65501],[89.24288,21.65489],[89.24379,21.65576],[89.24509,21.65601],[89.24745,21.65725],[89.2505,21.65745],[89.25327,21.65814],[89.25643,21.65837],[89.25768,21.65873],[89.2607,21.66037],[89.2625,21.66267],[89.26215,21.66352],[89.26108,21.66465],[89.26034,21.66643],[89.25899,21.66792],[89.2584,21.66778],[89.25729,21.66679],[89.25332,21.66191],[89.25226,21.66092],[89.25034,21.65987],[89.24915,21.66],[89.24564,21.66248],[89.24083,21.66887],[89.2397,21.66993],[89.23823,21.66958],[89.23568,21.66669],[89.23406,21.6654],[89.2319,21.66459],[89.23156,21.66456],[89.23141,21.66497],[89.23423,21.66629],[89.23815,21.67029],[89.23877,21.6706],[89.23993,21.67058],[89.24131,21.66938],[89.24428,21.66506],[89.24608,21.66306],[89.24878,21.66107],[89.24987,21.66074],[89.25119,21.66154],[89.25284,21.66315],[89.25586,21.66708],[89.25781,21.6688],[89.25908,21.66936],[89.25985,21.6695],[89.26107,21.66925],[89.26204,21.66851],[89.26272,21.66741],[89.26437,21.66711],[89.26925,21.6666],[89.2715,21.66665],[89.27422,21.66707],[89.27585,21.66763],[89.27873,21.66972],[89.27986,21.67216],[89.28294,21.67615],[89.2879,21.68048],[89.28919,21.68397],[89.29078,21.68628],[89.29079,21.68731],[89.28978,21.68889],[89.28859,21.68958],[89.28738,21.68972],[89.28606,21.69112],[89.28396,21.69261],[89.28285,21.6929],[89.28184,21.69365],[89.28054,21.69368],[89.27702,21.69496],[89.27413,21.69553],[89.27159,21.69543],[89.26726,21.69626],[89.25778,21.69684],[89.25579,21.69582],[89.25306,21.69215],[89.25155,21.69068],[89.24985,21.6897],[89.24727,21.6891],[89.24499,21.68934],[89.23675,21.69184],[89.2345,21.69333],[89.23239,21.69593]]]},"properties":{"set":"detail"}},{"type":"Feature","geometry":{"type":"Polygon","coordinates":[[[89.33141,21.69206],[89.33389,21.6904],[89.33706,21.68968],[89.34274,21.68962],[89.3459,21.69049],[89.34728,21.69236],[89.34817,21.69445],[89.34862,21.6988],[89.34805,21.702],[89.34579,21.69849],[89.34476,21.69759],[89.34169,21.69597],[89.34119,21.69624],[89.33909,21.69601],[89.33988,21.69574],[89.33765,21.69535],[89.33499,21.69573],[89.33156,21.69705],[89.33067,21.69687],[89.33062,21.69637],[89.33053,21.69817],[89.33118,21.69906],[89.33087,21.69994],[89.33035,21.70022],[89.32923,21.69864],[89.32884,21.6965],[89.32963,21.69419],[89.33141,21.69206]]]},"properties":{"set":"detail"}},{"type":"Feature","geometry":{"type":"Polygon","coordinates":[[[89.3384,21.71411],[89.33827,21.71496],[89.3371,21.71598],[89.33594,21.71602],[89.33553,21.71478],[89.33577,21.71362],[89.33451,21.71051],[89.33407,21.70822],[89.331,21.70162],[89.33252,21.69836],[89.33427,21.69703],[89.33523,21.69658],[89.3374,21.69622],[89.34062,21.69652],[89.34177,21.6961],[89.34461,21.69787],[89.34549,21.69879],[89.3462,21.7003],[89.34704,21.70121],[89.34788,21.7039],[89.34653,21.70522],[89.34495,21.708],[89.34449,21.70838],[89.34308,21.70864],[89.34124,21.71082],[89.34066,21.71108],[89.34048,21.71187],[89.33947,21.71285],[89.33916,21.71362],[89.3384,21.71411]]]},"properties":{"set":"detail"}},{"type":"Feature","geometry":{"type":"Polygon","coordinates":[[[89.28744,21.733],[89.28641,21.73603],[89.2871,21.73778],[89.28744,21.74129],[89.28641,21.74416],[89.28469,21.74624],[89.28504,21.74783],[89.28469,21.74974],[89.27972,21.75325],[89.27474,21.75564],[89.26976,21.7566],[89.26186,21.7574],[89.25448,21.75516],[89.25053,21.755],[89.24762,21.75612],[89.24435,21.7558],[89.24126,21.75389],[89.23268,21.75229],[89.22976,21.75102],[89.22581,21.74831],[89.22324,21.74783],[89.22169,21.74639],[89.22358,21.74273],[89.2229,21.74177],[89.22049,21.74129],[89.21998,21.7397],[89.21998,21.73826],[89.22187,21.73635],[89.22341,21.73364],[89.22238,21.73141],[89.22255,21.72949],[89.2229,21.7279],[89.22444,21.72678],[89.2229,21.72487],[89.22564,21.72104],[89.22616,21.71817],[89.22787,21.71386],[89.22822,21.71004],[89.22633,21.70844],[89.2253,21.70701],[89.22564,21.70589],[89.2265,21.70445],[89.22787,21.70477],[89.23096,21.70445],[89.23526,21.70238],[89.23611,21.69967],[89.23611,21.6976],[89.23663,21.69568],[89.23972,21.69473],[89.24332,21.69297],[89.24624,21.69249],[89.24813,21.69138],[89.25071,21.69409],[89.25191,21.69648],[89.25431,21.69807],[89.25912,21.69967],[89.26255,21.69967],[89.26427,21.70111],[89.26255,21.70222],[89.25757,21.70254],[89.25397,21.70589],[89.25397,21.7078],[89.25757,21.71227],[89.25843,21.71434],[89.25912,21.71817],[89.25809,21.72168],[89.25689,21.72822],[89.25706,21.7338],[89.2574,21.73491],[89.25809,21.73316],[89.25792,21.73045],[89.25998,21.71642],[89.2598,21.71386],[89.25586,21.70764],[89.2562,21.70605],[89.2586,21.70525],[89.26118,21.70493],[89.26564,21.70366],[89.26736,21.70222],[89.27079,21.70238],[89.27457,21.70302],[89.27783,21.70302],[89.27954,21.70461],[89.2804,21.70748],[89.28057,21.7102],[89.28126,21.71355],[89.28366,21.71769],[89.28435,21.72216],[89.28487,21.72375],[89.28847,21.73061],[89.28744,21.733]]]},"properties":{"set":"detail"}},{"type":"Feature","geometry":{"type":"Polygon","coordinates":[[[89.44045,21.72264],[89.44532,21.71843],[89.45109,21.71403],[89.4559,21.71205],[89.45899,21.71124],[89.46082,21.71167],[89.46305,21.71516],[89.46489,21.73075],[89.46431,21.73504],[89.4632,21.73956],[89.46146,21.74076],[89.46023,21.74109],[89.45816,21.74028],[89.45826,21.73781],[89.4564,21.73102],[89.45623,21.73157],[89.45571,21.73114],[89.45548,21.73305],[89.45513,21.73304],[89.45657,21.7367],[89.45695,21.73872],[89.45655,21.73947],[89.45531,21.73948],[89.45002,21.73808],[89.44383,21.73688],[89.4416,21.73588],[89.43811,21.73118],[89.43749,21.72868],[89.43811,21.72627],[89.44045,21.72264]]]},"properties":{"set":"detail"}},{"type":"Feature","geometry":{"type":"Polygon","coordinates":[[[89.27783,21.80458],[89.27371,21.81096],[89.26993,21.821],[89.26804,21.82418],[89.26839,21.82769],[89.26787,21.83008],[89.26684,21.83167],[89.26341,21.83151],[89.2586,21.83183],[89.25706,21.82896],[89.25689,21.82514],[89.25534,21.82084],[89.25294,21.81749],[89.2495,21.81558],[89.24556,21.81669],[89.24144,21.81701],[89.23835,21.81797],[89.23405,21.8186],[89.23319,21.82004],[89.23256,21.82055],[89.22987,21.82191],[89.22301,21.82206],[89.21772,21.82163],[89.21213,21.82191],[89.2078,21.82285],[89.20335,21.82439],[89.20058,21.82466],[89.1968,21.82562],[89.1932,21.8253],[89.18994,21.82354],[89.18462,21.81637],[89.18496,21.8151],[89.18959,21.81223],[89.19062,21.81032],[89.19011,21.80777],[89.19045,21.80554],[89.19045,21.80235],[89.18908,21.799],[89.19165,21.78816],[89.19337,21.78386],[89.19663,21.77987],[89.20298,21.77525],[89.20522,21.77477],[89.20762,21.77206],[89.20933,21.76872],[89.20933,21.76521],[89.21054,21.76329],[89.21397,21.7617],[89.21466,21.75963],[89.215,21.75708],[89.21706,21.75453],[89.2186,21.75166],[89.22135,21.75134],[89.22942,21.75484],[89.23835,21.7566],[89.24161,21.75756],[89.24435,21.75947],[89.24968,21.75803],[89.25259,21.75803],[89.25517,21.75947],[89.25895,21.76074],[89.26135,21.76106],[89.2653,21.76011],[89.26959,21.76042],[89.27268,21.75995],[89.27697,21.75883],[89.28298,21.7558],[89.28624,21.75469],[89.28744,21.7558],[89.28675,21.75883],[89.28538,21.76186],[89.28487,21.76553],[89.28572,21.76744],[89.28487,21.77302],[89.28487,21.77716],[89.2859,21.78067],[89.28521,21.78561],[89.28435,21.78768],[89.28263,21.79039],[89.28092,21.79199],[89.28065,21.79345],[89.28212,21.79677],[89.27783,21.80458]]]},"properties":{"set":"detail"}},{"type":"Feature","geometry":{"type":"Polygon","coordinates":[[[89.46958,21.81555],[89.46891,21.81697],[89.46706,21.81744],[89.46528,21.81746],[89.46628,21.81858],[89.46479,21.82142],[89.46199,21.82373],[89.4607,21.82399],[89.45873,21.82723],[89.45646,21.82886],[89.45755,21.8302],[89.45909,21.83084],[89.45943,21.83227],[89.45611,21.83636],[89.45686,21.83783],[89.45804,21.83674],[89.45904,21.83758],[89.45942,21.84045],[89.46187,21.84055],[89.46386,21.84486],[89.46281,21.84631],[89.46034,21.84734],[89.45603,21.84796],[89.44932,21.84827],[89.43459,21.84632],[89.4246,21.84691],[89.4227,21.84805],[89.42064,21.85044],[89.41909,21.85378],[89.41875,21.85729],[89.41927,21.86064],[89.42081,21.86287],[89.42253,21.8643],[89.42527,21.86541],[89.43214,21.86605],[89.43935,21.86765],[89.44501,21.86844],[89.44948,21.87067],[89.45016,21.8729],[89.44965,21.87434],[89.44845,21.87577],[89.44347,21.87816],[89.4378,21.88023],[89.433,21.8831],[89.42716,21.88533],[89.41909,21.89265],[89.41068,21.90285],[89.40193,21.91223],[89.40103,21.91661],[89.40164,21.91882],[89.40312,21.92089],[89.40638,21.92389],[89.40799,21.92635],[89.40822,21.92832],[89.40775,21.92945],[89.40664,21.92992],[89.40305,21.93028],[89.39665,21.92847],[89.39372,21.92691],[89.39306,21.92622],[89.39265,21.92481],[89.39155,21.92332],[89.38923,21.92195],[89.38655,21.9209],[89.38428,21.9209],[89.38406,21.91702],[89.38466,21.91618],[89.38457,21.91485],[89.38506,21.91334],[89.38495,21.91255],[89.38553,21.91123],[89.38535,21.91084],[89.38578,21.91041],[89.38553,21.9098],[89.38596,21.90834],[89.38578,21.90794],[89.38641,21.90166],[89.38494,21.88897],[89.3852,21.88821],[89.38403,21.88311],[89.38256,21.8785],[89.38417,21.87821],[89.38401,21.87719],[89.38219,21.87714],[89.37931,21.86871],[89.36832,21.8489],[89.36497,21.84027],[89.36389,21.83454],[89.36107,21.82765],[89.354,21.81763],[89.35229,21.81455],[89.34978,21.80873],[89.34962,21.80571],[89.34987,21.80524],[89.35052,21.80538],[89.34991,21.80439],[89.35069,21.80431],[89.35087,21.80378],[89.35048,21.80337],[89.35117,21.80333],[89.35041,21.80231],[89.3512,21.80234],[89.35067,21.80173],[89.35139,21.80215],[89.35167,21.80204],[89.35116,21.8012],[89.35206,21.80159],[89.35236,21.80142],[89.35226,21.80118],[89.35284,21.80067],[89.35262,21.8002],[89.35308,21.80037],[89.35317,21.79996],[89.35387,21.79956],[89.35358,21.79884],[89.35388,21.79863],[89.35563,21.7997],[89.35642,21.79783],[89.35703,21.79779],[89.3572,21.79678],[89.35535,21.79546],[89.35637,21.79531],[89.35579,21.79456],[89.35702,21.79487],[89.35619,21.79388],[89.35714,21.7941],[89.35631,21.79317],[89.35696,21.79329],[89.35603,21.79217],[89.35673,21.79226],[89.35595,21.79115],[89.35606,21.79084],[89.35659,21.79099],[89.35662,21.79068],[89.35606,21.79018],[89.35631,21.78983],[89.3567,21.78985],[89.35653,21.78928],[89.35763,21.78917],[89.35684,21.7877],[89.35726,21.78765],[89.35734,21.78698],[89.35698,21.78661],[89.35756,21.78642],[89.35718,21.78611],[89.35783,21.78635],[89.35819,21.78614],[89.35694,21.78483],[89.35744,21.78491],[89.35742,21.78396],[89.35836,21.78419],[89.35863,21.78392],[89.3574,21.78259],[89.35742,21.78229],[89.35779,21.78234],[89.3581,21.78199],[89.3587,21.78223],[89.35886,21.78201],[89.35856,21.78158],[89.35891,21.78143],[89.35761,21.78019],[89.35883,21.7803],[89.35841,21.7793],[89.35905,21.77917],[89.35836,21.77843],[89.35978,21.77839],[89.35825,21.77728],[89.35831,21.77693],[89.35949,21.77593],[89.35919,21.77481],[89.35967,21.77483],[89.3592,21.77401],[89.35944,21.77342],[89.35913,21.77276],[89.35965,21.7718],[89.35891,21.77097],[89.35948,21.77104],[89.35922,21.77043],[89.35958,21.77019],[89.35908,21.76977],[89.35959,21.76957],[89.35905,21.76902],[89.35971,21.76895],[89.35923,21.76753],[89.36011,21.76731],[89.36007,21.7667],[89.35926,21.76587],[89.35981,21.76547],[89.35936,21.7649],[89.35961,21.76346],[89.36002,21.76306],[89.35978,21.7619],[89.36081,21.75992],[89.36119,21.75982],[89.36221,21.75861],[89.36262,21.7572],[89.36216,21.75574],[89.36274,21.75547],[89.36278,21.75507],[89.36353,21.75479],[89.36369,21.75348],[89.36291,21.75315],[89.36186,21.75165],[89.36224,21.75013],[89.36395,21.74625],[89.36602,21.7432],[89.36853,21.74157],[89.3691,21.74162],[89.37008,21.74236],[89.37064,21.744],[89.3709,21.74427],[89.3714,21.74419],[89.37147,21.74315],[89.37358,21.73647],[89.37474,21.73413],[89.37609,21.73268],[89.38316,21.72813],[89.3858,21.72769],[89.38771,21.72787],[89.38762,21.72716],[89.38899,21.7266],[89.39036,21.72537],[89.39502,21.72355],[89.40084,21.72326],[89.40269,21.72392],[89.40401,21.72395],[89.40448,21.72422],[89.40463,21.72477],[89.40691,21.72569],[89.40735,21.72677],[89.40832,21.72723],[89.40892,21.72743],[89.41004,21.72588],[89.41372,21.72709],[89.41561,21.72838],[89.42431,21.73488],[89.42568,21.73639],[89.42619,21.73773],[89.42558,21.74068],[89.42441,21.74269],[89.42521,21.74391],[89.42656,21.74518],[89.431,21.74793],[89.43195,21.74759],[89.4373,21.75038],[89.43898,21.7522],[89.44169,21.75438],[89.44383,21.75812],[89.44359,21.75892],[89.44538,21.76344],[89.44555,21.7658],[89.4447,21.7666],[89.44572,21.76735],[89.44614,21.76808],[89.446,21.76949],[89.44679,21.76959],[89.44849,21.76854],[89.45051,21.76633],[89.45171,21.76576],[89.45279,21.76562],[89.4569,21.76946],[89.45983,21.77353],[89.46282,21.77706],[89.46291,21.77749],[89.46512,21.77983],[89.47058,21.78689],[89.4721,21.78937],[89.47266,21.79088],[89.47334,21.79562],[89.47303,21.79678],[89.47099,21.80056],[89.47119,21.80131],[89.4708,21.80457],[89.47107,21.80704],[89.47079,21.80894],[89.47157,21.81052],[89.4709,21.81169],[89.46936,21.81232],[89.46929,21.81431],[89.46958,21.81555]]]},"properties":{"set":"detail"}},{"type":"Feature","geometry":{"type":"Polygon","coordinates":[[[89.36176,21.8829],[89.35704,21.88058],[89.35434,21.87804],[89.35067,21.87532],[89.34187,21.86943],[89.32762,21.8615],[89.32342,21.85995],[89.32166,21.8597],[89.31556,21.86094],[89.31465,21.86062],[89.31349,21.85956],[89.31234,21.8576],[89.31062,21.85354],[89.30943,21.84577],[89.30941,21.84354],[89.31067,21.84019],[89.31152,21.83906],[89.31271,21.83823],[89.31371,21.83683],[89.31507,21.83256],[89.31947,21.82421],[89.32112,21.82005],[89.32363,21.81738],[89.32473,21.81569],[89.32479,21.81244],[89.32526,21.80943],[89.32836,21.80206],[89.33081,21.79893],[89.33162,21.79588],[89.33234,21.7946],[89.33244,21.79305],[89.33381,21.79121],[89.33488,21.79189],[89.33564,21.79398],[89.33526,21.80386],[89.33444,21.80471],[89.33422,21.80565],[89.33483,21.80793],[89.33489,21.81011],[89.33551,21.81304],[89.33601,21.81327],[89.336,21.81413],[89.33641,21.81465],[89.33629,21.81583],[89.33679,21.81598],[89.33672,21.81649],[89.33743,21.8177],[89.33731,21.81871],[89.33786,21.81907],[89.33814,21.8209],[89.33859,21.82107],[89.33983,21.82259],[89.33998,21.82337],[89.34266,21.82579],[89.34373,21.82752],[89.34428,21.82792],[89.34498,21.82961],[89.3464,21.83086],[89.35105,21.8417],[89.35342,21.84838],[89.3541,21.85071],[89.35424,21.85279],[89.35598,21.86195],[89.35917,21.86961],[89.36106,21.87233],[89.36402,21.87551],[89.36408,21.87644],[89.36273,21.88169],[89.36176,21.8829]]]},"properties":{"set":"detail"}},{"type":"Feature","geometry":{"type":"Polygon","coordinates":[[[89.32591,21.8715],[89.32342,21.86964],[89.31593,21.86165],[89.32019,21.86044],[89.32133,21.86025],[89.32328,21.86044],[89.32595,21.86134],[89.33215,21.86436],[89.33645,21.86755],[89.33388,21.86898],[89.32682,21.87162],[89.32591,21.8715]]]},"properties":{"set":"detail"}},{"type":"Feature","geometry":{"type":"Polygon","coordinates":[[[89.32736,21.87231],[89.33024,21.87084],[89.33343,21.86988],[89.33668,21.86828],[89.33778,21.86815],[89.33948,21.86857],[89.34332,21.87157],[89.35001,21.87578],[89.35977,21.88406],[89.35976,21.88455],[89.35934,21.88507],[89.35883,21.88514],[89.33417,21.87619],[89.33006,21.87417],[89.3274,21.8726],[89.32736,21.87231]]]},"properties":{"set":"detail"}},{"type":"Feature","geometry":{"type":"Polygon","coordinates":[[[89.25722,21.90871],[89.25654,21.90893],[89.25661,21.90859],[89.25741,21.9084],[89.25722,21.90871]]]},"properties":{"set":"detail"}},{"type":"Feature","geometry":{"type":"Polygon","coordinates":[[[89.30471,21.9997],[89.30442,22.0005],[89.30076,22.01052],[89.29767,22.018],[89.29316,22.02698],[89.29307,22.02793],[89.29172,22.03143],[89.29086,22.03311],[89.28582,22.03837],[89.28222,22.04315],[89.27844,22.04935],[89.27673,22.05524],[89.2769,22.06065],[89.27776,22.06367],[89.28153,22.07258],[89.28651,22.07735],[89.29303,22.08292],[89.29475,22.08531],[89.29132,22.08642],[89.2872,22.08721],[89.28342,22.08626],[89.27106,22.08149],[89.26763,22.08085],[89.26368,22.08053],[89.26025,22.08085],[89.25716,22.0826],[89.25407,22.0861],[89.25115,22.0923],[89.24909,22.09389],[89.24497,22.09485],[89.23639,22.0993],[89.23158,22.0993],[89.22866,22.09898],[89.22591,22.09755],[89.22488,22.09469],[89.22454,22.09278],[89.2278,22.09087],[89.23759,22.08403],[89.24428,22.07878],[89.24771,22.07544],[89.25132,22.06972],[89.25286,22.06606],[89.25338,22.06208],[89.25269,22.05317],[89.24977,22.04585],[89.24462,22.04044],[89.24016,22.03408],[89.23381,22.0258],[89.22059,22.01021],[89.21905,22.00734],[89.21973,22.00655],[89.22248,22.00479],[89.2278,22.00304],[89.23384,22.0005],[89.23965,21.99795],[89.24377,21.99572],[89.24668,21.99254],[89.25029,21.98713],[89.25132,21.98347],[89.25115,21.97996],[89.24892,21.97598],[89.2448,21.97153],[89.23948,21.96771],[89.23536,21.96516],[89.22094,21.9607],[89.21561,21.95784],[89.21184,21.95433],[89.21029,21.95195],[89.21252,21.9494],[89.2163,21.94621],[89.22042,21.94414],[89.23312,21.94176],[89.2345,21.94191],[89.23261,21.94446],[89.23055,21.94653],[89.22969,21.94796],[89.23038,21.94988],[89.23261,21.95067],[89.2357,21.95035],[89.24222,21.95163],[89.24583,21.95274],[89.25252,21.9564],[89.25098,21.95497],[89.24411,21.95099],[89.23913,21.94988],[89.23467,21.9494],[89.23158,21.9494],[89.23141,21.94796],[89.2333,21.94494],[89.2369,21.94207],[89.24119,21.93953],[89.24874,21.93332],[89.25286,21.92949],[89.25527,21.92551],[89.25681,21.92217],[89.26076,21.91564],[89.2678,21.91803],[89.27552,21.91914],[89.27724,21.91994],[89.27776,21.92153],[89.2769,21.92376],[89.27518,21.92504],[89.27175,21.92583],[89.26866,21.92711],[89.2678,21.92902],[89.269,21.93634],[89.27003,21.93634],[89.26934,21.93379],[89.26917,21.93029],[89.26969,21.92854],[89.27089,21.92726],[89.27415,21.92583],[89.27604,21.92567],[89.27793,21.9244],[89.27913,21.92121],[89.28033,21.91946],[89.28668,21.91755],[89.29458,21.91198],[89.29647,21.90752],[89.2963,21.90035],[89.29509,21.89685],[89.28977,21.88681],[89.286,21.88203],[89.27827,21.8755],[89.27793,21.87359],[89.27896,21.87072],[89.2817,21.86674],[89.28342,21.86196],[89.28462,21.85734],[89.28514,21.84921],[89.28394,21.8429],[89.28514,21.8425],[89.28859,21.84226],[89.2925,21.84149],[89.29331,21.84165],[89.29376,21.84226],[89.29411,21.84381],[89.29464,21.8523],[89.29507,21.85487],[89.29651,21.85838],[89.29951,21.86246],[89.30662,21.86953],[89.30638,21.87036],[89.30138,21.87202],[89.29677,21.87313],[89.29149,21.87582],[89.28959,21.87832],[89.28954,21.87996],[89.29031,21.88197],[89.29386,21.88718],[89.30059,21.89414],[89.30747,21.9025],[89.31305,21.91001],[89.31898,21.91624],[89.31965,21.91838],[89.3194,21.91896],[89.31835,21.91948],[89.30902,21.92273],[89.3035,21.92519],[89.29911,21.92748],[89.29514,21.93047],[89.29136,21.93448],[89.28891,21.93885],[89.28874,21.94144],[89.28977,21.94414],[89.29067,21.94353],[89.29022,21.94271],[89.28981,21.9407],[89.29031,21.93889],[89.29372,21.93363],[89.29685,21.93079],[89.30155,21.92758],[89.30385,21.92654],[89.30606,21.92557],[89.31331,21.9233],[89.3167,21.92183],[89.32,21.91989],[89.32074,21.91892],[89.32091,21.91675],[89.3205,21.91564],[89.31901,21.91348],[89.31365,21.90722],[89.3084,21.90003],[89.29803,21.88771],[89.29162,21.88064],[89.29076,21.8792],[89.29106,21.87801],[89.29544,21.8763],[89.30503,21.87337],[89.30758,21.87132],[89.30818,21.86859],[89.3072,21.86672],[89.30529,21.86435],[89.302,21.86132],[89.29928,21.85764],[89.29758,21.8529],[89.29711,21.84704],[89.2961,21.84256],[89.29494,21.84021],[89.292,21.8379],[89.28752,21.83702],[89.28419,21.83759],[89.28331,21.8374],[89.28242,21.83674],[89.28145,21.83497],[89.28327,21.83432],[89.2845,21.83352],[89.28548,21.83105],[89.28765,21.8289],[89.28926,21.82643],[89.29235,21.82324],[89.29509,21.82101],[89.29733,21.8183],[89.29818,21.82085],[89.30076,21.82372],[89.30196,21.82579],[89.30179,21.82993],[89.3011,21.83455],[89.30196,21.84412],[89.30316,21.84826],[89.30539,21.85447],[89.3114,21.86467],[89.31363,21.86945],[89.31775,21.87216],[89.32479,21.8806],[89.32788,21.88378],[89.33921,21.88984],[89.34573,21.8927],[89.35174,21.89414],[89.35638,21.89653],[89.35929,21.89812],[89.36015,21.90067],[89.35947,21.91134],[89.35826,21.91723],[89.35569,21.92376],[89.35329,21.92679],[89.35243,21.93109],[89.34779,21.94255],[89.33749,21.95991],[89.32788,21.97057],[89.31518,21.98315],[89.30556,21.99731],[89.30471,21.9997]]]},"properties":{"set":"detail"}},{"type":"Feature","geometry":{"type":"Polygon","coordinates":[[[89.41646,21.96993],[89.41652,21.97214],[89.41744,21.97493],[89.41823,21.9763],[89.42074,21.98017],[89.42304,21.98289],[89.42474,21.98437],[89.42427,21.98546],[89.42226,21.98625],[89.41672,21.98605],[89.40992,21.98674],[89.40384,21.98355],[89.40177,21.98178],[89.40038,21.97977],[89.40123,21.97628],[89.40244,21.97323],[89.40296,21.97068],[89.40261,21.96575],[89.40124,21.96336],[89.40004,21.96224],[89.39403,21.95922],[89.39094,21.95858],[89.38802,21.95874],[89.38304,21.96256],[89.3815,21.9632],[89.37978,21.96256],[89.37789,21.96081],[89.3748,21.95524],[89.37412,21.95349],[89.3748,21.95142],[89.37721,21.95014],[89.39231,21.94537],[89.3954,21.94378],[89.39815,21.94171],[89.39952,21.93948],[89.39918,21.93741],[89.39717,21.93601],[89.38923,21.93257],[89.38809,21.93177],[89.38804,21.93143],[89.38874,21.93041],[89.39079,21.92934],[89.39287,21.92734],[89.39727,21.9302],[89.39957,21.931],[89.40144,21.93117],[89.40633,21.9309],[89.4075,21.93047],[89.40867,21.92954],[89.40909,21.92676],[89.40751,21.92392],[89.40452,21.92108],[89.40231,21.91823],[89.40189,21.91629],[89.40219,21.91427],[89.40364,21.91122],[89.41069,21.90451],[89.41782,21.89518],[89.41866,21.89561],[89.4205,21.89284],[89.42476,21.88963],[89.42905,21.88708],[89.4405,21.88232],[89.44745,21.87887],[89.44952,21.87727],[89.45112,21.87508],[89.45163,21.87334],[89.45115,21.87158],[89.44954,21.86971],[89.44536,21.86717],[89.43884,21.86513],[89.43331,21.86403],[89.42345,21.86342],[89.42144,21.86164],[89.421,21.85962],[89.42109,21.85333],[89.42223,21.85087],[89.42441,21.8498],[89.42849,21.84933],[89.44543,21.85067],[89.45354,21.85171],[89.458,21.85144],[89.46011,21.85082],[89.46366,21.8504],[89.46363,21.85168],[89.4624,21.85308],[89.46295,21.85337],[89.46426,21.85333],[89.4675,21.85506],[89.4675,21.87882],[89.46924,21.88465],[89.46997,21.88497],[89.47087,21.88602],[89.47207,21.88961],[89.47208,21.89647],[89.47152,21.89933],[89.46988,21.90014],[89.46982,21.90065],[89.4707,21.90209],[89.47042,21.90245],[89.46579,21.90157],[89.45669,21.90157],[89.45291,21.90253],[89.44999,21.90396],[89.44725,21.90667],[89.44467,21.91033],[89.44484,21.91416],[89.44656,21.91909],[89.45411,21.92833],[89.45634,21.93151],[89.45686,21.93327],[89.45583,21.93438],[89.44622,21.93788],[89.43437,21.94314],[89.4296,21.94786],[89.42754,21.95064],[89.42476,21.95874],[89.41918,21.96364],[89.41725,21.96598],[89.41646,21.96993]]]},"properties":{"set":"detail"}},{"type":"Feature","geometry":{"type":"Polygon","coordinates":[[[89.45435,21.91744],[89.4525,21.91433],[89.45196,21.91049],[89.45228,21.90982],[89.45448,21.90898],[89.45594,21.90859],[89.45784,21.90862],[89.46075,21.90879],[89.46188,21.90933],[89.46698,21.91059],[89.47411,21.91128],[89.47622,21.91124],[89.47635,21.91097],[89.4793,21.9113],[89.48219,21.91103],[89.48375,21.91058],[89.48597,21.91135],[89.48769,21.91255],[89.4936,21.9139],[89.49562,21.91326],[89.49578,21.91241],[89.49619,21.91242],[89.4963,21.91156],[89.49833,21.91229],[89.4992,21.91308],[89.50223,21.91433],[89.50284,21.91537],[89.50318,21.91715],[89.50436,21.91844],[89.50364,21.92052],[89.50388,21.92096],[89.50491,21.92085],[89.50472,21.92268],[89.50727,21.9271],[89.5073,21.92784],[89.50694,21.92856],[89.50607,21.9289],[89.50509,21.92841],[89.50319,21.93023],[89.50452,21.93122],[89.50434,21.93164],[89.505,21.93314],[89.5054,21.93317],[89.50527,21.93354],[89.50565,21.93353],[89.50563,21.93385],[89.50592,21.93394],[89.50579,21.93432],[89.50619,21.93427],[89.50635,21.93473],[89.50671,21.93472],[89.50665,21.93514],[89.50735,21.93503],[89.50709,21.93593],[89.50725,21.93627],[89.50778,21.93629],[89.50747,21.93685],[89.50783,21.9379],[89.50867,21.94527],[89.50775,21.95112],[89.50662,21.95264],[89.50689,21.953],[89.50609,21.95348],[89.50505,21.95617],[89.50353,21.95859],[89.50192,21.96212],[89.49997,21.96392],[89.49999,21.96464],[89.49939,21.96503],[89.49748,21.96842],[89.49394,21.9716],[89.49368,21.97261],[89.49481,21.97259],[89.49535,21.9723],[89.49552,21.97262],[89.49299,21.97695],[89.49036,21.98342],[89.48906,21.98954],[89.48841,21.9962],[89.48769,21.99747],[89.48745,22.0005],[89.48709,22.00372],[89.48761,22.00396],[89.48769,22.0052],[89.48673,22.0092],[89.48508,22.01216],[89.47917,22.02002],[89.47248,22.03005],[89.47128,22.03514],[89.47083,22.03818],[89.47077,22.04297],[89.47024,22.04491],[89.46831,22.04562],[89.45961,22.0466],[89.45428,22.04914],[89.44931,22.05232],[89.44536,22.05598],[89.44095,22.06112],[89.43729,22.05789],[89.43463,22.0551],[89.43209,22.05183],[89.43127,22.05037],[89.42958,22.0449],[89.42938,22.04133],[89.43022,22.03875],[89.43159,22.03249],[89.43721,22.0005],[89.4383,21.99751],[89.43908,21.99279],[89.4387,21.98992],[89.43818,21.98871],[89.43373,21.98189],[89.4331,21.9818],[89.42699,21.97796],[89.4231,21.97452],[89.42202,21.97181],[89.42214,21.97017],[89.42338,21.9675],[89.43586,21.952],[89.43785,21.95021],[89.44066,21.94887],[89.44633,21.94828],[89.45289,21.94554],[89.45741,21.94285],[89.45875,21.94164],[89.46067,21.93855],[89.46215,21.93297],[89.46246,21.92991],[89.46227,21.92857],[89.46024,21.92404],[89.45736,21.92048],[89.45435,21.91744]]]},"properties":{"set":"detail"}},{"type":"Feature","geometry":{"type":"Polygon","coordinates":[[[89.43077,21.9995],[89.42836,22.00602],[89.42768,22.01063],[89.42679,22.02586],[89.42601,22.02694],[89.42684,22.02946],[89.42716,22.03198],[89.42665,22.03562],[89.42527,22.03978],[89.42474,22.04411],[89.42529,22.04809],[89.42755,22.05366],[89.43368,22.06119],[89.43699,22.06392],[89.44242,22.06939],[89.4474,22.07265],[89.4481,22.0738],[89.44722,22.07505],[89.44865,22.07609],[89.44958,22.0749],[89.46476,22.07714],[89.47231,22.0808],[89.47849,22.08446],[89.4845,22.08923],[89.48432,22.09114],[89.48192,22.09257],[89.47591,22.09798],[89.47145,22.10323],[89.46218,22.11325],[89.45926,22.11754],[89.45806,22.12088],[89.45789,22.12661],[89.45858,22.13058],[89.46064,22.13503],[89.46201,22.13996],[89.46149,22.14235],[89.45119,22.15078],[89.4469,22.15507],[89.44227,22.16031],[89.43592,22.1627],[89.43214,22.16063],[89.42768,22.15904],[89.42321,22.15888],[89.41927,22.15825],[89.41549,22.15698],[89.41309,22.15491],[89.40828,22.14903],[89.40897,22.14664],[89.41085,22.14251],[89.41154,22.13742],[89.41051,22.13169],[89.40897,22.12613],[89.40502,22.12343],[89.40193,22.12231],[89.39712,22.12215],[89.39197,22.12072],[89.38631,22.11866],[89.38407,22.11691],[89.38304,22.11452],[89.38304,22.11134],[89.38322,22.1053],[89.38425,22.10021],[89.38562,22.09814],[89.3894,22.09496],[89.39128,22.09162],[89.393,22.08685],[89.39231,22.08207],[89.39094,22.07762],[89.38184,22.06935],[89.37751,22.06503],[89.37722,22.06304],[89.37656,22.06311],[89.37611,22.06277],[89.37377,22.05519],[89.37068,22.0501],[89.36348,22.04055],[89.35575,22.03355],[89.35403,22.03069],[89.353,22.02527],[89.35472,22.01],[89.35592,22.00443],[89.3585,21.99965],[89.35855,21.9995],[89.36279,21.98724],[89.36313,21.98007],[89.36433,21.97291],[89.36399,21.96766],[89.36296,21.96256],[89.36279,21.95922],[89.36536,21.95476],[89.36794,21.95158],[89.37892,21.93279],[89.38064,21.93135],[89.38236,21.92817],[89.38287,21.92514],[89.38545,21.92228],[89.38613,21.92228],[89.38716,21.9226],[89.38922,21.92387],[89.39111,21.92546],[89.38734,21.93056],[89.38734,21.93247],[89.38888,21.9339],[89.39489,21.93741],[89.39661,21.939],[89.39643,21.94027],[89.39523,21.94155],[89.39266,21.94314],[89.38957,21.94441],[89.38116,21.94712],[89.37377,21.95014],[89.3724,21.95174],[89.37223,21.95285],[89.37206,21.95444],[89.37292,21.95635],[89.37583,21.96113],[89.37755,21.9632],[89.37944,21.96447],[89.38167,21.96431],[89.38425,21.9632],[89.38631,21.96129],[89.38871,21.96002],[89.3918,21.96033],[89.39901,21.96304],[89.40124,21.96606],[89.40193,21.96877],[89.40141,21.97243],[89.40004,21.97562],[89.39918,21.97864],[89.39815,21.9796],[89.39635,21.98045],[89.39688,21.98171],[89.39803,21.98115],[89.39901,21.98151],[89.40362,21.98563],[89.40714,21.98767],[89.41048,21.98834],[89.41079,21.98921],[89.41215,21.98905],[89.41236,21.98845],[89.41479,21.9878],[89.4226,21.98826],[89.42596,21.9869],[89.42671,21.98586],[89.42856,21.98638],[89.43242,21.98849],[89.43269,21.98903],[89.43162,21.99679],[89.43077,21.9995]]]},"properties":{"set":"detail"}},{"type":"Feature","geometry":{"type":"Polygon","coordinates":[[[89.34612,21.9995],[89.34508,22.00356],[89.34379,22.005],[89.34377,22.00574],[89.34279,22.00707],[89.34273,22.00769],[89.34188,22.00816],[89.34181,22.00924],[89.34091,22.01033],[89.34112,22.01108],[89.34059,22.01239],[89.33989,22.0127],[89.33879,22.01487],[89.33943,22.01584],[89.33901,22.01655],[89.33951,22.01706],[89.339,22.0176],[89.33916,22.01828],[89.33867,22.01921],[89.33902,22.02053],[89.33845,22.0212],[89.33919,22.02264],[89.33883,22.02429],[89.33945,22.02555],[89.33948,22.02702],[89.34003,22.02813],[89.34018,22.03027],[89.34088,22.03095],[89.34304,22.03557],[89.34603,22.03966],[89.34853,22.04232],[89.35312,22.04601],[89.35785,22.04898],[89.36066,22.05146],[89.36183,22.05396],[89.36462,22.06246],[89.36717,22.06581],[89.36916,22.07003],[89.37478,22.0768],[89.38129,22.08353],[89.38383,22.08829],[89.3839,22.08904],[89.38312,22.09018],[89.38177,22.09117],[89.37829,22.09177],[89.37279,22.0935],[89.3699,22.09455],[89.36653,22.09629],[89.36383,22.09869],[89.36188,22.10116],[89.35904,22.10689],[89.35143,22.11015],[89.34736,22.11362],[89.34565,22.11821],[89.3455,22.12104],[89.34596,22.12357],[89.34758,22.12867],[89.34795,22.13151],[89.34722,22.1316],[89.34607,22.13109],[89.34017,22.12632],[89.33789,22.12494],[89.33513,22.12383],[89.33287,22.1234],[89.33023,22.12387],[89.32883,22.12448],[89.32613,22.12673],[89.32485,22.12844],[89.32416,22.13052],[89.32406,22.13278],[89.32494,22.13798],[89.32596,22.14039],[89.32777,22.1425],[89.33281,22.14634],[89.33537,22.14882],[89.33635,22.15035],[89.33651,22.15231],[89.3344,22.15928],[89.3329,22.1739],[89.33126,22.18059],[89.3301,22.18159],[89.32364,22.18346],[89.3231,22.18332],[89.32249,22.18247],[89.31812,22.17504],[89.3116,22.1675],[89.30291,22.16014],[89.2952,22.15584],[89.28959,22.15207],[89.28757,22.14803],[89.2869,22.14378],[89.28713,22.14349],[89.28679,22.14325],[89.28632,22.14033],[89.28427,22.133],[89.28243,22.1277],[89.27983,22.12314],[89.27773,22.11843],[89.27725,22.11561],[89.27765,22.11469],[89.2807,22.11404],[89.29376,22.11269],[89.30174,22.1115],[89.31008,22.10932],[89.31812,22.10765],[89.31974,22.10569],[89.32115,22.1025],[89.32187,22.0947],[89.3224,22.09191],[89.32316,22.08867],[89.32385,22.08818],[89.32488,22.0854],[89.32924,22.07969],[89.33841,22.07132],[89.34238,22.06634],[89.34412,22.06312],[89.34487,22.06068],[89.34493,22.05923],[89.34408,22.05703],[89.34285,22.05574],[89.34054,22.05463],[89.33768,22.05412],[89.33293,22.05424],[89.33121,22.05462],[89.32653,22.05623],[89.3182,22.06108],[89.31625,22.06273],[89.30868,22.0706],[89.30598,22.07233],[89.30442,22.07272],[89.30094,22.07131],[89.29712,22.06758],[89.29127,22.06356],[89.28923,22.06123],[89.29024,22.05933],[89.29272,22.05595],[89.30049,22.04289],[89.3037,22.0372],[89.3052,22.03387],[89.30661,22.03228],[89.3069,22.02997],[89.31061,22.0234],[89.31308,22.01997],[89.31473,22.01545],[89.31804,22.00939],[89.32016,22.00369],[89.32122,22.00211],[89.32179,21.99961],[89.32182,21.9995],[89.32459,21.9936],[89.33084,21.98606],[89.3339,21.98318],[89.33613,21.98161],[89.34138,21.9762],[89.34657,21.97312],[89.34731,21.97393],[89.3491,21.98334],[89.349,21.98545],[89.3473,21.99217],[89.34612,21.9995]]]},"properties":{"set":"detail"}},{"type":"Feature","geometry":{"type":"Polygon","coordinates":[[[89.64805,21.76167],[89.64763,21.76101],[89.64797,21.75951],[89.64969,21.75652],[89.65109,21.75551],[89.65869,21.75436],[89.66203,21.75532],[89.65654,21.75988],[89.65174,21.76543],[89.65098,21.76552],[89.65036,21.7651],[89.64915,21.76286],[89.64805,21.76167]]]},"properties":{"set":"detail"}},{"type":"Feature","geometry":{"type":"Polygon","coordinates":[[[89.54979,21.84561],[89.54518,21.84716],[89.5431,21.84826],[89.54217,21.84904],[89.54188,21.84976],[89.54122,21.84804],[89.5389,21.84432],[89.53836,21.84296],[89.53545,21.83436],[89.53382,21.82837],[89.53314,21.82224],[89.53343,21.82027],[89.53565,21.81633],[89.53658,21.81615],[89.53697,21.81572],[89.53754,21.81319],[89.53724,21.81184],[89.5389,21.8098],[89.54061,21.80693],[89.54069,21.80608],[89.54308,21.80267],[89.54356,21.8022],[89.54714,21.80229],[89.54846,21.80081],[89.54846,21.79803],[89.54932,21.79669],[89.54944,21.79407],[89.54928,21.79245],[89.5467,21.7921],[89.54325,21.78634],[89.5443,21.78571],[89.54141,21.78142],[89.54159,21.78003],[89.54195,21.7798],[89.54306,21.7808],[89.54416,21.78078],[89.54602,21.7793],[89.54467,21.77713],[89.54356,21.77704],[89.54189,21.77856],[89.54189,21.77762],[89.5424,21.77654],[89.54341,21.77635],[89.54434,21.77508],[89.54282,21.77489],[89.54239,21.77346],[89.54166,21.77346],[89.54003,21.77483],[89.53924,21.77508],[89.53869,21.77485],[89.53821,21.77558],[89.5385,21.77658],[89.53734,21.77749],[89.53655,21.7745],[89.53631,21.77048],[89.53785,21.76807],[89.54096,21.76173],[89.54152,21.75965],[89.54287,21.75776],[89.54559,21.75169],[89.54609,21.7468],[89.55077,21.73819],[89.55265,21.73581],[89.55296,21.73451],[89.55453,21.73233],[89.55526,21.72964],[89.55706,21.72665],[89.56184,21.7228],[89.56306,21.722],[89.56464,21.72152],[89.56552,21.72041],[89.56678,21.71967],[89.57075,21.71851],[89.57248,21.71839],[89.57288,21.71819],[89.57314,21.71745],[89.57531,21.71677],[89.57715,21.71701],[89.5778,21.71653],[89.57852,21.71669],[89.58284,21.71571],[89.58449,21.716],[89.58883,21.71582],[89.58995,21.71714],[89.59565,21.71925],[89.5989,21.72076],[89.59918,21.72045],[89.60017,21.72039],[89.60184,21.72112],[89.60244,21.72185],[89.60445,21.7215],[89.60474,21.72171],[89.60388,21.72339],[89.60298,21.72408],[89.60383,21.72528],[89.60447,21.7269],[89.60244,21.72964],[89.60161,21.73068],[89.60103,21.73084],[89.59261,21.73849],[89.58942,21.74296],[89.58605,21.74634],[89.58576,21.75357],[89.58607,21.75877],[89.58722,21.76057],[89.5865,21.76332],[89.58671,21.76668],[89.58796,21.76894],[89.58979,21.77161],[89.59276,21.77314],[89.59675,21.7749],[89.60093,21.7752],[89.60239,21.77856],[89.60381,21.78407],[89.60484,21.78665],[89.60507,21.79409],[89.60404,21.79996],[89.60284,21.80256],[89.59961,21.80507],[89.59735,21.80668],[89.59566,21.80743],[89.59401,21.80928],[89.58565,21.81527],[89.57372,21.82458],[89.56411,21.83054],[89.55926,21.83388],[89.55681,21.83599],[89.55251,21.84074],[89.55104,21.84278],[89.54979,21.84561]]]},"properties":{"set":"detail"}},{"type":"Feature","geometry":{"type":"Polygon","coordinates":[[[89.64881,21.83596],[89.64509,21.84047],[89.6429,21.84437],[89.64139,21.8463],[89.62936,21.85893],[89.62702,21.86198],[89.62449,21.86703],[89.62391,21.8687],[89.62355,21.8716],[89.62449,21.87912],[89.62541,21.88273],[89.62644,21.88486],[89.63012,21.89081],[89.63466,21.89669],[89.64258,21.90503],[89.6451,21.9081],[89.64601,21.90967],[89.64577,21.91109],[89.64139,21.91642],[89.63199,21.92632],[89.62701,21.93223],[89.62457,21.93665],[89.623,21.94194],[89.62142,21.94483],[89.62031,21.94573],[89.61807,21.94639],[89.6142,21.94691],[89.60594,21.94734],[89.6019,21.94718],[89.5954,21.94645],[89.58961,21.94651],[89.5876,21.94604],[89.58491,21.94419],[89.58181,21.94071],[89.57856,21.93787],[89.5736,21.93532],[89.57405,21.93293],[89.57565,21.93305],[89.57676,21.93282],[89.57806,21.93219],[89.57945,21.93101],[89.57871,21.93069],[89.57718,21.93188],[89.57588,21.93209],[89.57288,21.93088],[89.57172,21.92985],[89.56608,21.9189],[89.55836,21.9066],[89.55175,21.89224],[89.55039,21.88823],[89.54975,21.88527],[89.54978,21.87788],[89.55108,21.87464],[89.55102,21.87342],[89.55138,21.87276],[89.55411,21.8697],[89.55485,21.87077],[89.55549,21.87073],[89.556,21.87028],[89.55524,21.86454],[89.55522,21.86277],[89.55568,21.86169],[89.55793,21.86027],[89.55904,21.86005],[89.56591,21.8607],[89.57608,21.86264],[89.5796,21.86375],[89.58405,21.86588],[89.5927,21.87106],[89.59332,21.87229],[89.59319,21.87439],[89.59113,21.87806],[89.58737,21.88225],[89.57946,21.88796],[89.57847,21.88945],[89.57838,21.89012],[89.57901,21.89124],[89.58053,21.8925],[89.5895,21.89787],[89.59111,21.89822],[89.59213,21.8979],[89.59274,21.89729],[89.5965,21.89009],[89.59733,21.88942],[89.59836,21.88932],[89.59914,21.88982],[89.60068,21.89229],[89.60483,21.90087],[89.60541,21.90357],[89.60462,21.90616],[89.60486,21.90659],[89.6063,21.90679],[89.60927,21.90558],[89.6089,21.90521],[89.60707,21.90575],[89.60605,21.90538],[89.60605,21.90211],[89.60521,21.89954],[89.60038,21.89026],[89.59862,21.88856],[89.59748,21.88849],[89.59639,21.88908],[89.59566,21.88988],[89.59196,21.89641],[89.59083,21.89711],[89.59015,21.89694],[89.58599,21.89422],[89.58176,21.89198],[89.58057,21.89112],[89.57984,21.8901],[89.57984,21.88949],[89.58059,21.88843],[89.58535,21.88573],[89.58772,21.88392],[89.59133,21.8802],[89.59405,21.87584],[89.59474,21.87393],[89.59444,21.8715],[89.59374,21.87059],[89.58816,21.86666],[89.58447,21.86447],[89.58087,21.86275],[89.57758,21.8617],[89.57247,21.86058],[89.55504,21.8576],[89.55457,21.85687],[89.55468,21.85605],[89.5557,21.85354],[89.55673,21.85171],[89.56103,21.84675],[89.56907,21.83966],[89.58177,21.83051],[89.58588,21.82688],[89.59602,21.81911],[89.60746,21.81193],[89.61253,21.80947],[89.61851,21.80437],[89.6196,21.80378],[89.62095,21.80343],[89.62286,21.80358],[89.62599,21.80554],[89.63244,21.80806],[89.63487,21.80981],[89.63572,21.81097],[89.63642,21.81325],[89.6368,21.81337],[89.6366,21.81129],[89.63612,21.81038],[89.63384,21.80809],[89.62646,21.80496],[89.62245,21.8025],[89.62261,21.80193],[89.62599,21.79848],[89.62999,21.79559],[89.62992,21.79514],[89.62772,21.79634],[89.62503,21.79861],[89.62208,21.80189],[89.61766,21.80358],[89.61228,21.80855],[89.60921,21.80968],[89.61468,21.80294],[89.61731,21.79843],[89.61788,21.79647],[89.61877,21.78689],[89.61854,21.78384],[89.61598,21.7757],[89.6096,21.76591],[89.60971,21.76534],[89.61179,21.7643],[89.61942,21.763],[89.62149,21.76179],[89.62867,21.76078],[89.62881,21.75996],[89.62994,21.75903],[89.63334,21.75762],[89.6359,21.75729],[89.63748,21.75745],[89.64062,21.75851],[89.64109,21.75918],[89.64024,21.75958],[89.6404,21.76086],[89.64178,21.76192],[89.64225,21.76327],[89.6449,21.76409],[89.64704,21.76374],[89.64977,21.76599],[89.65128,21.76631],[89.65326,21.76534],[89.65759,21.76035],[89.66056,21.75762],[89.66234,21.75663],[89.66495,21.75678],[89.66534,21.75804],[89.66682,21.75845],[89.66678,21.75995],[89.66627,21.76175],[89.66397,21.766],[89.6577,21.7742],[89.65644,21.77631],[89.6563,21.77767],[89.65721,21.77968],[89.65777,21.77952],[89.65693,21.77788],[89.65698,21.77694],[89.66428,21.76697],[89.66646,21.76334],[89.66748,21.76092],[89.66766,21.75752],[89.66979,21.75726],[89.67024,21.75785],[89.67119,21.75809],[89.67201,21.75877],[89.67582,21.75994],[89.67757,21.76153],[89.67939,21.76246],[89.68035,21.76365],[89.68175,21.76427],[89.68269,21.76595],[89.6828,21.76743],[89.6834,21.76913],[89.68439,21.76996],[89.68555,21.77011],[89.6868,21.76861],[89.68743,21.76706],[89.68788,21.767],[89.68989,21.7682],[89.6927,21.77047],[89.69535,21.77193],[89.69702,21.77373],[89.69807,21.77652],[89.69846,21.78016],[89.69766,21.78503],[89.69549,21.78769],[89.69515,21.78853],[89.69622,21.79271],[89.69607,21.79524],[89.69548,21.79654],[89.69482,21.79654],[89.69425,21.79705],[89.69362,21.79666],[89.69236,21.79807],[89.68915,21.79796],[89.68778,21.79823],[89.68356,21.80082],[89.67628,21.8067],[89.67476,21.80715],[89.66427,21.81771],[89.66198,21.81932],[89.65926,21.82274],[89.65814,21.82615],[89.65657,21.82729],[89.65496,21.82911],[89.65278,21.8323],[89.64881,21.83596]]]},"properties":{"set":"detail"}},{"type":"Feature","geometry":{"type":"Polygon","coordinates":[[[89.84968,21.8582],[89.84917,21.85779],[89.84799,21.85753],[89.84806,21.85359],[89.84902,21.84837],[89.85091,21.84142],[89.85192,21.8386],[89.85351,21.8355],[89.85428,21.83036],[89.85476,21.82886],[89.85552,21.82838],[89.86269,21.82729],[89.87182,21.82888],[89.87241,21.82947],[89.87292,21.83064],[89.87297,21.83195],[89.871,21.83425],[89.87048,21.83424],[89.86962,21.83241],[89.86984,21.83138],[89.87038,21.83069],[89.87024,21.83045],[89.86763,21.8343],[89.86603,21.83546],[89.8635,21.83541],[89.85895,21.83401],[89.85748,21.83405],[89.85535,21.83508],[89.85374,21.83746],[89.8543,21.83743],[89.85571,21.83527],[89.85776,21.83439],[89.85981,21.83477],[89.86273,21.83621],[89.8629,21.83706],[89.86187,21.84051],[89.86349,21.84739],[89.86426,21.8572],[89.86422,21.85839],[89.86379,21.85923],[89.861,21.8608],[89.85698,21.86208],[89.85546,21.86219],[89.8526,21.86139],[89.84968,21.8582]]]},"properties":{"set":"detail"}},{"type":"Feature","geometry":{"type":"Polygon","coordinates":[[[89.65884,21.86771],[89.65878,21.87032],[89.65365,21.87751],[89.65266,21.87936],[89.64979,21.88942],[89.64681,21.89526],[89.64533,21.89934],[89.64447,21.9],[89.64374,21.89992],[89.63786,21.89437],[89.63443,21.89035],[89.632,21.88643],[89.63056,21.88306],[89.63009,21.87944],[89.63052,21.8755],[89.63195,21.87109],[89.63239,21.87039],[89.63903,21.86433],[89.64129,21.86268],[89.64897,21.85871],[89.65189,21.85835],[89.65415,21.85869],[89.6549,21.85911],[89.65842,21.86451],[89.65884,21.86771]]]},"properties":{"set":"detail"}},{"type":"Feature","geometry":{"type":"Polygon","coordinates":[[[89.78556,21.83872],[89.78599,21.84063],[89.78531,21.84167],[89.78599,21.8425],[89.78759,21.84322],[89.79579,21.84417],[89.7959,21.84488],[89.7975,21.84493],[89.79875,21.84566],[89.80039,21.84602],[89.80505,21.84563],[89.81091,21.8442],[89.81395,21.84534],[89.81463,21.84544],[89.81478,21.84508],[89.81715,21.84587],[89.82533,21.84751],[89.83129,21.84903],[89.83606,21.85154],[89.83781,21.85349],[89.83813,21.8557],[89.83777,21.85668],[89.83778,21.86174],[89.83733,21.86461],[89.83754,21.8676],[89.83663,21.87201],[89.83639,21.87729],[89.83767,21.88093],[89.83939,21.88406],[89.84083,21.88585],[89.84141,21.88731],[89.84231,21.8885],[89.84475,21.89113],[89.84478,21.89276],[89.83759,21.89698],[89.83418,21.89955],[89.83142,21.90078],[89.82574,21.90451],[89.82325,21.9057],[89.81295,21.91253],[89.80821,21.91641],[89.8069,21.91884],[89.80615,21.92197],[89.8069,21.92871],[89.80778,21.93196],[89.80888,21.93465],[89.81149,21.93811],[89.81501,21.94149],[89.8192,21.94452],[89.82793,21.94993],[89.8339,21.95272],[89.83418,21.95377],[89.83327,21.956],[89.83223,21.95728],[89.83122,21.95771],[89.82905,21.95802],[89.82729,21.95761],[89.82614,21.95688],[89.8232,21.954],[89.8221,21.95358],[89.82069,21.95363],[89.81666,21.9558],[89.81406,21.95583],[89.80686,21.95476],[89.80572,21.95414],[89.80016,21.95338],[89.79552,21.95191],[89.78916,21.95158],[89.78828,21.95073],[89.78841,21.94592],[89.7879,21.94471],[89.787,21.94382],[89.78584,21.94309],[89.78215,21.94173],[89.78054,21.93848],[89.77958,21.93785],[89.77439,21.93714],[89.77288,21.9364],[89.77264,21.93571],[89.77287,21.93454],[89.7749,21.92864],[89.77474,21.92715],[89.77426,21.92597],[89.77355,21.92496],[89.77096,21.92286],[89.77037,21.92167],[89.77106,21.91089],[89.77143,21.90918],[89.77224,21.90866],[89.77264,21.90888],[89.77658,21.91657],[89.77993,21.92004],[89.78233,21.91925],[89.78336,21.91862],[89.78687,21.91325],[89.78799,21.91033],[89.78796,21.90833],[89.78473,21.90619],[89.7798,21.90565],[89.7791,21.90546],[89.77887,21.90511],[89.77975,21.90394],[89.78331,21.90272],[89.7849,21.90173],[89.78607,21.8999],[89.78659,21.89829],[89.78664,21.89717],[89.78488,21.89289],[89.7846,21.89118],[89.78571,21.88729],[89.78568,21.8824],[89.78541,21.88068],[89.78331,21.8745],[89.78299,21.87186],[89.78339,21.86907],[89.78416,21.87021],[89.78499,21.86967],[89.78464,21.86727],[89.78364,21.8651],[89.77956,21.85813],[89.77926,21.85674],[89.77732,21.85312],[89.77284,21.84049],[89.77303,21.83955],[89.77424,21.83812],[89.77496,21.8384],[89.77521,21.83807],[89.77955,21.83695],[89.78084,21.83678],[89.78397,21.83725],[89.7854,21.83813],[89.78556,21.83872]]]},"properties":{"set":"detail"}},{"type":"Feature","geometry":{"type":"Polygon","coordinates":[[[89.70491,21.9858],[89.70439,21.98771],[89.7049,21.98964],[89.70588,21.99161],[89.70561,21.99467],[89.70458,21.99839],[89.70456,22.0005],[89.70435,22.0064],[89.70216,22.00665],[89.69959,22.00554],[89.69701,22.00522],[89.69444,22.00252],[89.69299,22.0005],[89.69066,21.99726],[89.68809,21.99482],[89.68637,21.99265],[89.68701,21.98919],[89.68695,21.9795],[89.68749,21.97698],[89.68877,21.97441],[89.69027,21.9726],[89.69067,21.97131],[89.69375,21.96591],[89.6953,21.95779],[89.69512,21.95046],[89.69392,21.94441],[89.69169,21.93757],[89.68757,21.93135],[89.68448,21.92435],[89.68311,21.91559],[89.68208,21.91256],[89.67916,21.90635],[89.67538,21.90014],[89.66557,21.89229],[89.65976,21.88825],[89.65933,21.88708],[89.66013,21.88575],[89.66358,21.88168],[89.66749,21.87545],[89.66985,21.86875],[89.67002,21.8632],[89.6668,21.8506],[89.66714,21.84677],[89.66817,21.84279],[89.67075,21.83849],[89.67315,21.83658],[89.67762,21.83769],[89.68036,21.83992],[89.68105,21.84311],[89.68311,21.84566],[89.68517,21.8463],[89.68877,21.84454],[89.69238,21.84391],[89.7013,21.84518],[89.70628,21.84518],[89.70783,21.84582],[89.70611,21.84693],[89.70268,21.84837],[89.69015,21.85124],[89.68792,21.85251],[89.68809,21.85394],[89.6898,21.85506],[89.69512,21.85554],[89.69701,21.85617],[89.69736,21.85697],[89.6937,21.86224],[89.69364,21.86356],[89.69429,21.86461],[89.69632,21.86498],[89.70037,21.86241],[89.69968,21.86127],[89.69614,21.86368],[89.69549,21.86387],[89.69494,21.86342],[89.69488,21.86276],[89.69718,21.85984],[89.69804,21.85825],[89.69839,21.85602],[89.69684,21.85458],[89.69392,21.85442],[89.691,21.85394],[89.6898,21.85347],[89.69667,21.85092],[89.70354,21.8498],[89.70783,21.84805],[89.70972,21.8463],[89.70903,21.84422],[89.70268,21.84311],[89.70045,21.84215],[89.70182,21.83753],[89.70525,21.8353],[89.71315,21.83291],[89.7262,21.83275],[89.73306,21.83482],[89.73538,21.83732],[89.73879,21.83986],[89.74044,21.8406],[89.74059,21.84132],[89.74004,21.84292],[89.74074,21.84534],[89.74035,21.84626],[89.74079,21.84713],[89.74036,21.84891],[89.74147,21.85201],[89.74044,21.85633],[89.73847,21.85794],[89.73907,21.85804],[89.73848,21.85932],[89.73896,21.85968],[89.73889,21.86027],[89.73922,21.8605],[89.73909,21.86094],[89.73942,21.8613],[89.73995,21.86347],[89.74003,21.86413],[89.73964,21.86468],[89.74062,21.86532],[89.73804,21.86924],[89.73495,21.87274],[89.7322,21.87657],[89.73083,21.88198],[89.73014,21.8874],[89.72911,21.88915],[89.71881,21.89313],[89.71435,21.89616],[89.71268,21.89786],[89.71143,21.90066],[89.71071,21.90719],[89.71158,21.90964],[89.71612,21.91708],[89.72501,21.92433],[89.72684,21.92897],[89.72689,21.92987],[89.71678,21.94161],[89.71317,21.94681],[89.71072,21.95411],[89.71032,21.96042],[89.71161,21.96394],[89.71335,21.96625],[89.71595,21.96815],[89.72167,21.97081],[89.72208,21.9718],[89.72242,21.97498],[89.72105,21.97721],[89.71909,21.97739],[89.71487,21.97657],[89.71228,21.9776],[89.71131,21.97821],[89.70828,21.98121],[89.7056,21.98428],[89.70491,21.9858]]]},"properties":{"set":"detail"}},{"type":"Feature","geometry":{"type":"Polygon","coordinates":[[[89.54616,21.88371],[89.54592,21.8834],[89.54615,21.88321],[89.55049,21.89624],[89.55288,21.90156],[89.56061,21.91515],[89.56783,21.92584],[89.56844,21.92801],[89.56942,21.9354],[89.56549,21.93619],[89.5633,21.937],[89.5602,21.93934],[89.55868,21.94135],[89.55498,21.94786],[89.55269,21.95018],[89.55037,21.95321],[89.54731,21.95609],[89.54465,21.95917],[89.54338,21.95987],[89.54234,21.95872],[89.54162,21.95694],[89.54265,21.95534],[89.54243,21.95404],[89.54275,21.95359],[89.54237,21.95243],[89.54296,21.95047],[89.54415,21.94843],[89.54386,21.94773],[89.54453,21.94654],[89.54404,21.94596],[89.54511,21.94456],[89.54445,21.94259],[89.54486,21.94244],[89.54469,21.94208],[89.54515,21.94168],[89.54484,21.94107],[89.54539,21.94006],[89.54498,21.93951],[89.54541,21.93911],[89.5459,21.93704],[89.54633,21.93667],[89.54574,21.93618],[89.54614,21.93551],[89.54577,21.9348],[89.54586,21.9326],[89.5462,21.93196],[89.54658,21.92888],[89.54718,21.92791],[89.54695,21.9276],[89.54735,21.92743],[89.54752,21.92696],[89.54681,21.92576],[89.54741,21.92553],[89.54784,21.92343],[89.54765,21.92296],[89.54823,21.92147],[89.54779,21.9205],[89.54835,21.92006],[89.54812,21.9198],[89.54844,21.91961],[89.54784,21.91932],[89.54873,21.91931],[89.54801,21.91839],[89.54866,21.91834],[89.5487,21.9181],[89.5475,21.91638],[89.54883,21.9155],[89.54843,21.91521],[89.54857,21.91491],[89.54717,21.91394],[89.54758,21.91362],[89.5471,21.91299],[89.54763,21.91282],[89.54759,21.91223],[89.54811,21.91205],[89.54779,21.91143],[89.54856,21.91133],[89.54776,21.91043],[89.54832,21.91013],[89.54774,21.9097],[89.54841,21.90935],[89.5478,21.90894],[89.54818,21.90872],[89.54805,21.90842],[89.54735,21.9081],[89.548,21.90795],[89.54765,21.9076],[89.54793,21.90737],[89.54769,21.907],[89.54691,21.90649],[89.54745,21.90598],[89.5466,21.90567],[89.54609,21.90499],[89.54665,21.90471],[89.54614,21.90421],[89.54661,21.90403],[89.54653,21.90361],[89.54705,21.90266],[89.54601,21.90182],[89.54631,21.90119],[89.54616,21.89967],[89.54665,21.89681],[89.54606,21.89613],[89.54633,21.89536],[89.54633,21.89337],[89.54672,21.89333],[89.54652,21.89298],[89.54688,21.89283],[89.54644,21.89233],[89.54671,21.89168],[89.5462,21.89087],[89.54661,21.89081],[89.54635,21.89031],[89.54677,21.89021],[89.54618,21.88971],[89.54665,21.88945],[89.5462,21.88901],[89.54642,21.88874],[89.54697,21.88875],[89.54644,21.88839],[89.54669,21.88785],[89.54622,21.88736],[89.54681,21.88724],[89.5463,21.88683],[89.54678,21.88663],[89.54622,21.88615],[89.54654,21.8858],[89.54618,21.88559],[89.5467,21.88536],[89.54606,21.88503],[89.54643,21.88479],[89.54587,21.88447],[89.54617,21.88425],[89.54616,21.88371]]]},"properties":{"set":"detail"}},{"type":"Feature","geometry":{"type":"Polygon","coordinates":[[[89.83108,21.99965],[89.83324,22.0005],[89.83675,22.00188],[89.83966,22.00538],[89.84138,22.01318],[89.84087,22.01907],[89.83846,22.024],[89.83366,22.02925],[89.82851,22.03387],[89.8261,22.03816],[89.82473,22.04341],[89.82473,22.04819],[89.82284,22.05105],[89.82162,22.05233],[89.8156,22.05183],[89.81193,22.05229],[89.80735,22.05363],[89.80441,22.05371],[89.79848,22.05248],[89.79707,22.05173],[89.79641,22.05038],[89.7964,22.04909],[89.7983,22.04378],[89.79823,22.04279],[89.79754,22.04109],[89.79712,22.03534],[89.79564,22.02888],[89.79504,22.02897],[89.7968,22.03663],[89.79684,22.04077],[89.79726,22.04232],[89.79706,22.04271],[89.79242,22.04469],[89.79017,22.04508],[89.7767,22.04483],[89.77551,22.04509],[89.77553,22.04556],[89.7787,22.04519],[89.79097,22.04545],[89.79599,22.04363],[89.79734,22.0435],[89.79773,22.04379],[89.79757,22.04447],[89.79573,22.04911],[89.7956,22.05138],[89.79673,22.05254],[89.80139,22.05397],[89.80536,22.05472],[89.80997,22.0536],[89.81515,22.05289],[89.81909,22.05309],[89.81941,22.05455],[89.81173,22.05866],[89.80756,22.06298],[89.80155,22.0676],[89.79623,22.07285],[89.78971,22.08112],[89.78473,22.08462],[89.77614,22.08831],[89.77478,22.083],[89.77271,22.07938],[89.7702,22.07705],[89.76561,22.07489],[89.7619,22.07359],[89.75734,22.06803],[89.75639,22.06729],[89.75423,22.06649],[89.75284,22.06561],[89.75211,22.06461],[89.75202,22.06316],[89.75265,22.05959],[89.75253,22.05798],[89.75164,22.05618],[89.74991,22.05435],[89.74371,22.05248],[89.74233,22.05153],[89.74233,22.04914],[89.74508,22.04007],[89.74714,22.03578],[89.75418,22.03657],[89.7583,22.03594],[89.76018,22.03323],[89.76104,22.02973],[89.7607,22.02575],[89.75984,22.02305],[89.75675,22.02114],[89.74576,22.0178],[89.74525,22.01589],[89.74765,22.01254],[89.7516,22.0092],[89.75349,22.00681],[89.75727,22.00602],[89.7619,22.00554],[89.76559,22.00592],[89.76989,22.00753],[89.7734,22.00961],[89.77432,22.01097],[89.77553,22.01154],[89.77411,22.00921],[89.77196,22.00747],[89.76535,22.00493],[89.7607,22.00459],[89.75503,22.00522],[89.75263,22.00475],[89.75383,22.00204],[89.75365,22.0005],[89.75349,21.99917],[89.75068,21.99524],[89.74706,21.99321],[89.73756,21.99123],[89.7376,21.99039],[89.73924,21.98851],[89.74628,21.98389],[89.74885,21.98039],[89.75006,21.97785],[89.74971,21.9745],[89.74662,21.97068],[89.74388,21.96877],[89.73976,21.9667],[89.73375,21.96543],[89.72836,21.96569],[89.72433,21.96485],[89.71854,21.96334],[89.71587,21.96228],[89.7151,21.96056],[89.71595,21.95669],[89.71788,21.95276],[89.72065,21.94575],[89.72246,21.9432],[89.72476,21.94219],[89.7257,21.94233],[89.72596,21.94107],[89.73066,21.93534],[89.73336,21.92735],[89.73178,21.92046],[89.73227,21.91935],[89.7313,21.91892],[89.72936,21.9164],[89.7173,21.90629],[89.71708,21.90567],[89.71783,21.90474],[89.72786,21.89953],[89.73146,21.89674],[89.73138,21.8961],[89.73544,21.89043],[89.73642,21.88843],[89.73903,21.87888],[89.74028,21.8774],[89.74053,21.87761],[89.74136,21.87688],[89.74321,21.8747],[89.74482,21.86942],[89.74752,21.86564],[89.74855,21.86243],[89.7482,21.86105],[89.74848,21.86022],[89.74839,21.8578],[89.74954,21.85769],[89.74984,21.85818],[89.75194,21.85788],[89.75269,21.85742],[89.75371,21.85766],[89.75686,21.85643],[89.75786,21.85714],[89.75869,21.85706],[89.76035,21.8575],[89.76168,21.85662],[89.76407,21.85639],[89.76403,21.85608],[89.76473,21.856],[89.76508,21.85553],[89.76569,21.85557],[89.76628,21.85486],[89.76667,21.85484],[89.7676,21.85578],[89.76819,21.85569],[89.76843,21.85464],[89.76912,21.85446],[89.76921,21.85397],[89.77017,21.8533],[89.77073,21.85389],[89.77314,21.85392],[89.77368,21.85415],[89.77588,21.85831],[89.77959,21.86202],[89.77996,21.86317],[89.77944,21.87005],[89.78016,21.87551],[89.78096,21.8788],[89.78387,21.88428],[89.78333,21.88544],[89.7835,21.88646],[89.78271,21.89345],[89.78461,21.89759],[89.78461,21.89872],[89.78405,21.8995],[89.77863,21.90174],[89.77669,21.90282],[89.77575,21.90485],[89.77608,21.9055],[89.77948,21.90761],[89.78542,21.90871],[89.78598,21.91],[89.78347,21.91423],[89.78164,21.91872],[89.78104,21.91912],[89.78048,21.91903],[89.77859,21.917],[89.77658,21.91396],[89.77466,21.90982],[89.77313,21.90788],[89.7722,21.90747],[89.77103,21.90757],[89.77021,21.90873],[89.7698,21.91094],[89.7693,21.92067],[89.7695,21.92183],[89.77024,21.92338],[89.77372,21.92665],[89.77392,21.92765],[89.77394,21.92899],[89.77351,21.93058],[89.77227,21.93371],[89.77193,21.93716],[89.77342,21.9377],[89.77861,21.93822],[89.77997,21.93881],[89.78199,21.9426],[89.78623,21.94393],[89.78711,21.94467],[89.7877,21.94561],[89.78783,21.95132],[89.78891,21.95213],[89.79142,21.95249],[89.79552,21.95256],[89.79896,21.95355],[89.80621,21.95504],[89.81489,21.95636],[89.81749,21.95607],[89.82003,21.95446],[89.82168,21.954],[89.82258,21.9542],[89.82339,21.9548],[89.82666,21.95781],[89.82908,21.95854],[89.83156,21.9581],[89.83274,21.95743],[89.8335,21.9566],[89.83493,21.95324],[89.83949,21.95412],[89.84258,21.95524],[89.84241,21.95699],[89.84138,21.95874],[89.8352,21.96622],[89.82662,21.97339],[89.80791,21.98373],[89.80413,21.98644],[89.80344,21.98883],[89.80312,21.99067],[89.8042,21.99255],[89.80587,21.994],[89.83108,21.99965]]]},"properties":{"set":"detail"}},{"type":"Feature","geometry":{"type":"Polygon","coordinates":[[[89.83909,22.00034],[89.8269,21.99604],[89.81986,21.99445],[89.81471,21.99413],[89.80973,21.9927],[89.80576,21.99126],[89.80501,21.99023],[89.80544,21.98885],[89.80651,21.98761],[89.81094,21.98538],[89.81626,21.98203],[89.83205,21.97392],[89.83823,21.9685],[89.84304,21.96261],[89.8451,21.95959],[89.84578,21.95593],[89.84475,21.95322],[89.84046,21.95115],[89.83411,21.94908],[89.82827,21.94621],[89.81557,21.9365],[89.81197,21.9314],[89.81008,21.92631],[89.80991,21.92233],[89.81145,21.91787],[89.81643,21.91389],[89.82639,21.90879],[89.84149,21.90003],[89.84613,21.89653],[89.84801,21.89302],[89.84836,21.8892],[89.8463,21.88506],[89.84389,21.88187],[89.84321,21.88028],[89.84475,21.87741],[89.84801,21.8747],[89.85007,21.87375],[89.85402,21.87439],[89.8566,21.87534],[89.86089,21.87757],[89.86501,21.88187],[89.86758,21.88506],[89.86896,21.88904],[89.87222,21.89382],[89.87582,21.89796],[89.8772,21.90465],[89.87685,21.91134],[89.87497,21.91787],[89.87273,21.92774],[89.87205,21.93411],[89.87033,21.93793],[89.87102,21.94144],[89.8693,21.94621],[89.86655,21.95226],[89.86398,21.95704],[89.86261,21.96182],[89.86226,21.96723],[89.86123,21.97328],[89.86123,21.98697],[89.8601,22.0005],[89.85917,22.0153],[89.85831,22.0223],[89.8554,22.03201],[89.85213,22.03742],[89.84836,22.04251],[89.84338,22.04697],[89.83977,22.04935],[89.83325,22.05062],[89.8281,22.04983],[89.82656,22.04681],[89.82673,22.04251],[89.8281,22.03837],[89.83188,22.03408],[89.83806,22.02883],[89.84218,22.02453],[89.84424,22.01832],[89.84321,22.00925],[89.84218,22.00384],[89.83923,22.0005],[89.83909,22.00034]]]},"properties":{"set":"detail"}},{"type":"Feature","geometry":{"type":"Polygon","coordinates":[[[89.62366,21.99964],[89.62377,21.99111],[89.62531,21.98274],[89.62611,21.98101],[89.62745,21.98084],[89.63532,21.98457],[89.63808,21.98554],[89.64168,21.98629],[89.64466,21.98629],[89.64625,21.98589],[89.6481,21.98216],[89.64863,21.9796],[89.64838,21.97419],[89.64871,21.96955],[89.64696,21.96304],[89.6454,21.95965],[89.64369,21.95712],[89.6409,21.95437],[89.63777,21.95202],[89.62953,21.94698],[89.62852,21.94553],[89.63579,21.93744],[89.64024,21.93161],[89.64035,21.93065],[89.64161,21.92846],[89.64371,21.92564],[89.64917,21.917],[89.65101,21.91316],[89.6514,21.91123],[89.65279,21.90778],[89.65413,21.90611],[89.65748,21.90309],[89.66077,21.90457],[89.66483,21.90537],[89.66767,21.9073],[89.66986,21.90945],[89.67267,21.91538],[89.67462,21.91836],[89.6763,21.92192],[89.67798,21.92988],[89.68509,21.95001],[89.68563,21.95285],[89.68566,21.95688],[89.68535,21.96124],[89.68448,21.96643],[89.68397,21.96816],[89.68284,21.97039],[89.67799,21.97614],[89.67711,21.97814],[89.67585,21.98245],[89.6758,21.98577],[89.6763,21.98941],[89.67808,21.99449],[89.68105,21.9995],[89.68595,22.00698],[89.68699,22.00902],[89.68808,22.01243],[89.69114,22.01846],[89.69793,22.02992],[89.69881,22.03189],[89.69851,22.03342],[89.69694,22.0343],[89.68961,22.03602],[89.68533,22.03744],[89.68001,22.03979],[89.67804,22.04101],[89.6755,22.04314],[89.67343,22.04576],[89.67233,22.0477],[89.67134,22.05145],[89.67138,22.05402],[89.67253,22.05807],[89.67468,22.06119],[89.67716,22.06331],[89.6807,22.06545],[89.68105,22.06575],[89.68108,22.06632],[89.68073,22.06734],[89.67599,22.07091],[89.6737,22.07309],[89.66957,22.07825],[89.66793,22.08084],[89.66673,22.08343],[89.66595,22.08631],[89.66593,22.08791],[89.66705,22.08967],[89.66997,22.09108],[89.67588,22.09156],[89.678,22.09205],[89.68121,22.09366],[89.68206,22.09445],[89.6825,22.09558],[89.68187,22.09671],[89.68021,22.09689],[89.67745,22.09653],[89.67113,22.09499],[89.66711,22.09516],[89.66554,22.09562],[89.66395,22.09669],[89.66302,22.09823],[89.66297,22.09937],[89.66327,22.10072],[89.664,22.10206],[89.66806,22.10658],[89.66849,22.10818],[89.66836,22.11195],[89.66941,22.11481],[89.6704,22.1161],[89.67216,22.11747],[89.67569,22.11952],[89.67646,22.1204],[89.67685,22.12239],[89.67705,22.12647],[89.67745,22.12792],[89.679,22.13078],[89.67913,22.13274],[89.67688,22.1362],[89.67507,22.14017],[89.67393,22.14164],[89.67253,22.14275],[89.67139,22.14282],[89.67055,22.14252],[89.66914,22.14114],[89.66655,22.13767],[89.66423,22.13626],[89.66046,22.13534],[89.65909,22.1354],[89.65683,22.13628],[89.65543,22.13745],[89.65484,22.13842],[89.6545,22.14025],[89.65553,22.14278],[89.65897,22.14606],[89.65901,22.14721],[89.65814,22.14781],[89.65652,22.14783],[89.65317,22.14676],[89.6508,22.14648],[89.64932,22.14655],[89.64797,22.14713],[89.64663,22.14876],[89.64611,22.15314],[89.64499,22.15559],[89.63779,22.16159],[89.63508,22.16333],[89.6326,22.16443],[89.62879,22.1654],[89.62169,22.16595],[89.61648,22.16573],[89.61378,22.16616],[89.61081,22.16023],[89.61023,22.15734],[89.61089,22.15457],[89.613,22.1502],[89.6133,22.14876],[89.61319,22.14747],[89.61197,22.14545],[89.60876,22.14327],[89.60762,22.14154],[89.60783,22.13935],[89.60969,22.13436],[89.60983,22.13204],[89.60868,22.12914],[89.60688,22.12724],[89.60375,22.12478],[89.60401,22.11706],[89.60361,22.11305],[89.60387,22.11264],[89.60362,22.11168],[89.60268,22.11058],[89.60126,22.09952],[89.59797,22.08716],[89.59834,22.08686],[89.59933,22.08695],[89.60173,22.08834],[89.60887,22.09127],[89.61532,22.09293],[89.62221,22.09566],[89.62693,22.09614],[89.6274,22.09696],[89.62646,22.09904],[89.62644,22.10021],[89.62821,22.10156],[89.63013,22.1013],[89.63205,22.09986],[89.63338,22.10014],[89.63405,22.09966],[89.63399,22.09844],[89.635,22.09822],[89.63809,22.09827],[89.64398,22.09979],[89.64673,22.1002],[89.64876,22.09986],[89.65014,22.09879],[89.65068,22.09635],[89.65053,22.09097],[89.65143,22.08411],[89.65135,22.08192],[89.65045,22.07814],[89.64677,22.07195],[89.64695,22.07069],[89.64731,22.07021],[89.64774,22.07014],[89.65042,22.07067],[89.65221,22.07139],[89.65523,22.07328],[89.65796,22.07335],[89.65982,22.07277],[89.66159,22.07066],[89.66444,22.06489],[89.6672,22.05863],[89.66789,22.05561],[89.66726,22.05318],[89.66578,22.05197],[89.66438,22.05177],[89.65897,22.05222],[89.65789,22.05172],[89.6574,22.05106],[89.65671,22.0457],[89.6541,22.03774],[89.65396,22.03484],[89.65475,22.03103],[89.65642,22.02818],[89.65867,22.02565],[89.66103,22.02184],[89.66159,22.02043],[89.66176,22.01783],[89.66107,22.01548],[89.65791,22.0103],[89.65761,22.00768],[89.65781,22.00717],[89.65643,22.00399],[89.65431,22.00118],[89.65209,21.9995],[89.64838,21.99681],[89.64505,21.99332],[89.64194,21.9912],[89.64078,21.99085],[89.63879,21.99082],[89.63602,21.99132],[89.63366,21.99272],[89.63168,21.99471],[89.62695,22.0005],[89.626,22.00173],[89.62491,22.00199],[89.62407,22.00165],[89.62377,22.0005],[89.62366,21.99964]]]},"properties":{"set":"detail"}},{"type":"Feature","geometry":{"type":"Polygon","coordinates":[[[89.54887,21.96097],[89.55419,21.95492],[89.55865,21.95126],[89.56329,21.94664],[89.56615,21.94289],[89.56759,21.94228],[89.56928,21.94198],[89.57251,21.94205],[89.57526,21.94294],[89.58211,21.94998],[89.58181,21.95432],[89.57807,21.95852],[89.56851,21.96536],[89.56577,21.96779],[89.56154,21.97232],[89.56098,21.97391],[89.56128,21.97559],[89.56212,21.97648],[89.56804,21.97955],[89.57397,21.98204],[89.58031,21.98423],[89.59024,21.98947],[89.6002,21.9979],[89.60233,22.0005],[89.60517,22.00554],[89.60672,22.00984],[89.60706,22.01413],[89.60689,22.0178],[89.605,22.02018],[89.60157,22.02273],[89.59995,22.02451],[89.59759,22.02552],[89.59687,22.02558],[89.59558,22.02676],[89.5933,22.02686],[89.58955,22.02862],[89.58709,22.03071],[89.58307,22.03252],[89.5681,22.03652],[89.5655,22.02472],[89.56277,22.01445],[89.55757,22.0005],[89.55213,21.98883],[89.54956,21.96304],[89.54887,21.96097]]]},"properties":{"set":"detail"}},{"type":"Feature","geometry":{"type":"Polygon","coordinates":[[[89.62081,21.9995],[89.62124,22.00146],[89.62347,22.00432],[89.62639,22.00512],[89.63016,22.00305],[89.63342,22.00034],[89.63406,21.9995],[89.63669,21.99605],[89.63789,21.99398],[89.63943,21.99239],[89.64132,21.99302],[89.6439,21.99605],[89.64751,21.9995],[89.64846,22.00041],[89.65339,22.00341],[89.65468,22.00494],[89.6557,22.00689],[89.65632,22.01069],[89.65789,22.01413],[89.65987,22.01752],[89.65986,22.02024],[89.65334,22.02899],[89.65203,22.03176],[89.65158,22.03345],[89.65145,22.03669],[89.65177,22.038],[89.65334,22.04092],[89.65505,22.05007],[89.65698,22.05298],[89.65855,22.05373],[89.66018,22.05435],[89.66179,22.05442],[89.66515,22.05355],[89.6662,22.05439],[89.66621,22.0554],[89.6602,22.06972],[89.65917,22.07131],[89.65729,22.07131],[89.65317,22.06924],[89.6487,22.06797],[89.64681,22.06924],[89.64561,22.07115],[89.64578,22.07322],[89.64956,22.08038],[89.6486,22.08776],[89.64905,22.0974],[89.64767,22.09804],[89.63823,22.09644],[89.63531,22.0966],[89.63154,22.09788],[89.62999,22.09994],[89.62879,22.09963],[89.62879,22.09597],[89.62827,22.09485],[89.62639,22.09438],[89.62312,22.09422],[89.61425,22.09123],[89.61487,22.0903],[89.61676,22.09041],[89.61798,22.09005],[89.62034,22.0881],[89.62252,22.08866],[89.62344,22.08779],[89.62526,22.0882],[89.62561,22.08801],[89.62335,22.08768],[89.62245,22.08842],[89.62085,22.08788],[89.62021,22.08797],[89.61965,22.08822],[89.61837,22.08966],[89.61749,22.09009],[89.61467,22.09019],[89.61567,22.08734],[89.61574,22.08613],[89.61467,22.08303],[89.61339,22.08131],[89.61059,22.07897],[89.60771,22.07794],[89.60761,22.07766],[89.6086,22.07531],[89.61019,22.07432],[89.61223,22.07242],[89.61303,22.0724],[89.61393,22.07339],[89.61679,22.07528],[89.61944,22.07654],[89.61971,22.07736],[89.61877,22.07822],[89.6189,22.07883],[89.61982,22.07878],[89.62061,22.07788],[89.62151,22.07811],[89.62174,22.07892],[89.62075,22.08064],[89.61884,22.08083],[89.61854,22.0813],[89.61898,22.08094],[89.62078,22.08085],[89.62118,22.08161],[89.62238,22.08218],[89.62298,22.08347],[89.62325,22.08363],[89.62349,22.08328],[89.62342,22.08268],[89.62411,22.08208],[89.62516,22.08194],[89.6253,22.08165],[89.62388,22.08207],[89.62334,22.08256],[89.62335,22.08324],[89.62307,22.08341],[89.62262,22.08233],[89.62223,22.0819],[89.62151,22.08167],[89.62092,22.08086],[89.62198,22.07905],[89.62145,22.07774],[89.62043,22.07764],[89.61963,22.07861],[89.61916,22.07869],[89.61911,22.07819],[89.62,22.07722],[89.61967,22.07631],[89.61698,22.0751],[89.61532,22.07374],[89.6143,22.07334],[89.61352,22.07225],[89.61268,22.07193],[89.61183,22.07232],[89.61021,22.07392],[89.60842,22.07508],[89.607,22.07795],[89.60618,22.07775],[89.60743,22.07414],[89.60869,22.06814],[89.6094,22.06668],[89.60959,22.06528],[89.60859,22.0679],[89.6075,22.0732],[89.60605,22.07748],[89.60396,22.07777],[89.60278,22.07739],[89.60138,22.07612],[89.60053,22.07473],[89.59985,22.07143],[89.59996,22.06805],[89.60089,22.06371],[89.6033,22.05631],[89.60378,22.05373],[89.60292,22.05236],[89.6017,22.05176],[89.59921,22.05168],[89.59447,22.0524],[89.59123,22.05255],[89.59031,22.05219],[89.58979,22.05087],[89.59237,22.04318],[89.59307,22.04262],[89.59382,22.04125],[89.59445,22.04103],[89.5954,22.04164],[89.5953,22.04249],[89.59562,22.04298],[89.59625,22.04288],[89.59687,22.0424],[89.59731,22.0425],[89.59773,22.0433],[89.59912,22.04444],[89.59969,22.04558],[89.60025,22.04516],[89.60026,22.04334],[89.60072,22.04296],[89.60084,22.04216],[89.60133,22.04193],[89.6007,22.04109],[89.60064,22.04012],[89.60066,22.04115],[89.6012,22.04185],[89.60075,22.04207],[89.60066,22.04285],[89.60009,22.04349],[89.60014,22.04499],[89.5997,22.04548],[89.59911,22.04418],[89.59792,22.04325],[89.59726,22.0423],[89.59679,22.04226],[89.596,22.04286],[89.59561,22.04274],[89.59545,22.04141],[89.59415,22.04081],[89.59385,22.04038],[89.59396,22.03952],[89.59344,22.03836],[89.59359,22.0378],[89.59335,22.0384],[89.59384,22.0394],[89.59371,22.0403],[89.59401,22.04084],[89.59282,22.04252],[89.59232,22.0428],[89.59247,22.03817],[89.59216,22.03771],[89.59053,22.0374],[89.5887,22.03803],[89.58035,22.04374],[89.57769,22.04471],[89.57301,22.04507],[89.57104,22.04476],[89.57077,22.04283],[89.56871,22.03854],[89.56854,22.03788],[89.5721,22.03637],[89.58424,22.03285],[89.58727,22.03151],[89.59047,22.029],[89.5926,22.02775],[89.59466,22.02751],[89.59562,22.02742],[89.59806,22.02919],[89.60488,22.03279],[89.60682,22.03233],[89.60939,22.03217],[89.61317,22.02708],[89.61557,22.02565],[89.61969,22.02613],[89.6245,22.02772],[89.62896,22.02883],[89.63493,22.02981],[89.63643,22.03027],[89.63748,22.03106],[89.63704,22.0321],[89.63875,22.03185],[89.63892,22.0309],[89.6372,22.02915],[89.6336,22.02835],[89.62948,22.02788],[89.61866,22.02485],[89.61557,22.02453],[89.61231,22.02613],[89.60991,22.02947],[89.60836,22.0309],[89.60544,22.03074],[89.60444,22.03124],[89.59904,22.02807],[89.59842,22.0274],[89.5983,22.02677],[89.60148,22.02547],[89.60441,22.02374],[89.60819,22.01881],[89.60939,22.01339],[89.60716,22.00528],[89.60297,21.9995],[89.59823,21.99398],[89.59291,21.98857],[89.5845,21.98363],[89.57248,21.97822],[89.56442,21.97503],[89.56373,21.97392],[89.57145,21.9666],[89.58227,21.95784],[89.5857,21.95115],[89.58696,21.95079],[89.59277,21.95158],[89.59753,21.95186],[89.60467,21.95302],[89.60933,21.95286],[89.61857,21.95143],[89.62108,21.9506],[89.62465,21.94886],[89.63881,21.95802],[89.64177,21.96064],[89.64375,21.96323],[89.64495,21.96772],[89.64446,21.9785],[89.64474,21.98294],[89.64392,21.98343],[89.63978,21.98124],[89.63479,21.97943],[89.63174,21.97873],[89.62644,21.97842],[89.62494,21.97933],[89.6235,21.98068],[89.62189,21.98381],[89.62021,21.99254],[89.62038,21.99748],[89.62081,21.9995]]]},"properties":{"set":"detail"}},{"type":"Feature","geometry":{"type":"Polygon","coordinates":[[[89.74957,21.9995],[89.74992,22.00137],[89.74928,22.0036],[89.74836,22.00521],[89.74562,22.00838],[89.743,22.0121],[89.74163,22.0155],[89.74178,22.01806],[89.74348,22.02044],[89.74579,22.02174],[89.74907,22.02277],[89.74952,22.02315],[89.75467,22.02361],[89.75539,22.02408],[89.75767,22.0301],[89.75801,22.03255],[89.75734,22.03386],[89.75499,22.03435],[89.75337,22.03421],[89.75003,22.03336],[89.74729,22.03309],[89.74581,22.03355],[89.74319,22.03541],[89.74163,22.03797],[89.74056,22.04313],[89.73933,22.04732],[89.73894,22.05022],[89.7392,22.05235],[89.73985,22.05346],[89.74223,22.05594],[89.7491,22.0562],[89.74962,22.05695],[89.74985,22.05854],[89.74969,22.06486],[89.75034,22.06514],[89.75258,22.06779],[89.75706,22.07032],[89.75817,22.07254],[89.75947,22.07424],[89.76196,22.076],[89.76636,22.07758],[89.76969,22.07951],[89.77192,22.08293],[89.77362,22.08848],[89.77281,22.09145],[89.77,22.09546],[89.76785,22.10095],[89.76723,22.10836],[89.76604,22.11287],[89.76407,22.11767],[89.75881,22.12543],[89.75477,22.13214],[89.75284,22.13409],[89.75163,22.13445],[89.7478,22.13393],[89.74371,22.13433],[89.7417,22.1342],[89.73993,22.13386],[89.73681,22.13232],[89.73295,22.13187],[89.72864,22.13164],[89.72499,22.13226],[89.72308,22.13206],[89.7196,22.13098],[89.71262,22.1282],[89.71209,22.12727],[89.71216,22.12393],[89.71146,22.11824],[89.71213,22.11367],[89.71299,22.11233],[89.71347,22.11069],[89.7131,22.10593],[89.71259,22.10163],[89.71202,22.0994],[89.70902,22.09242],[89.70872,22.0907],[89.70904,22.08708],[89.71054,22.08174],[89.711,22.07889],[89.71082,22.074],[89.70704,22.06783],[89.70268,22.06359],[89.70109,22.06306],[89.69105,22.06144],[89.68633,22.05978],[89.68064,22.05611],[89.67899,22.05421],[89.67754,22.05169],[89.6776,22.05125],[89.67872,22.04988],[89.68227,22.04743],[89.68745,22.04529],[89.69295,22.04378],[89.7,22.04074],[89.70039,22.04039],[89.70053,22.03946],[89.70268,22.03678],[89.70403,22.03574],[89.70532,22.03373],[89.70595,22.03173],[89.70613,22.0296],[89.70601,22.02756],[89.70515,22.02405],[89.70388,22.02114],[89.69831,22.01161],[89.69864,22.01113],[89.69978,22.01051],[89.7025,22.01102],[89.70306,22.01082],[89.70655,22.00805],[89.70748,22.00597],[89.70746,21.99993],[89.70754,21.9995],[89.70815,21.9963],[89.70927,21.99268],[89.70917,21.99085],[89.70834,21.98774],[89.70841,21.98669],[89.70888,21.98591],[89.71054,21.98455],[89.71185,21.98239],[89.71272,21.98173],[89.71344,21.98016],[89.71422,21.97976],[89.72023,21.98096],[89.72318,21.97979],[89.72394,21.98012],[89.7252,21.98001],[89.72535,21.97959],[89.72475,21.97907],[89.72443,21.97824],[89.7253,21.9769],[89.72628,21.97399],[89.72622,21.97063],[89.72795,21.96964],[89.72975,21.96929],[89.73296,21.96992],[89.74592,21.97541],[89.74629,21.97655],[89.74589,21.97735],[89.74176,21.98073],[89.73811,21.98326],[89.73472,21.9864],[89.73356,21.98847],[89.73329,21.99029],[89.73358,21.99127],[89.7348,21.99317],[89.73671,21.99526],[89.73949,21.99612],[89.74721,21.99751],[89.74914,21.99845],[89.74957,21.9995]]]},"properties":{"set":"detail"}},{"type":"Feature","geometry":{"type":"Polygon","coordinates":[[[89.45365,22.05203],[89.45744,22.04973],[89.46216,22.04805],[89.46714,22.0476],[89.47176,22.04774],[89.47268,22.05091],[89.47537,22.05303],[89.4812,22.0553],[89.48912,22.06132],[89.50703,22.07246],[89.50965,22.07457],[89.51148,22.07641],[89.50854,22.08247],[89.5064,22.08453],[89.50307,22.08648],[89.49757,22.08819],[89.4938,22.0885],[89.49067,22.08919],[89.48883,22.08905],[89.48854,22.08785],[89.48443,22.08488],[89.48105,22.08314],[89.47831,22.08132],[89.47278,22.07685],[89.46924,22.07476],[89.46536,22.07329],[89.4525,22.07089],[89.44969,22.06995],[89.44642,22.06683],[89.44339,22.06495],[89.44278,22.06362],[89.44464,22.0608],[89.44743,22.05739],[89.45044,22.05443],[89.45365,22.05203]]]},"properties":{"set":"detail"}},{"type":"Feature","geometry":{"type":"Polygon","coordinates":[[[89.22571,22.07947],[89.21948,22.08309],[89.21673,22.0854],[89.21617,22.08489],[89.21478,22.08197],[89.21241,22.08024],[89.20746,22.07964],[89.19965,22.07751],[89.19744,22.07718],[89.19643,22.07752],[89.19444,22.07763],[89.19384,22.07846],[89.19161,22.07946],[89.18795,22.07878],[89.18495,22.07862],[89.18275,22.07915],[89.17838,22.07809],[89.17589,22.07607],[89.17472,22.07369],[89.17426,22.07147],[89.17772,22.0669],[89.17711,22.06631],[89.1772,22.06273],[89.17695,22.06119],[89.17598,22.05819],[89.17484,22.05613],[89.17158,22.05294],[89.1688,22.05082],[89.16302,22.04777],[89.15774,22.04578],[89.15565,22.04463],[89.15369,22.04217],[89.15262,22.04022],[89.15244,22.03938],[89.15269,22.03775],[89.15367,22.0356],[89.1554,22.03323],[89.16256,22.02742],[89.16734,22.02732],[89.16803,22.02755],[89.17179,22.0266],[89.17322,22.02656],[89.17892,22.02765],[89.18,22.0276],[89.18496,22.02576],[89.18791,22.02408],[89.18939,22.02228],[89.1911,22.01932],[89.19425,22.01076],[89.20022,22.00366],[89.20123,22.00268],[89.20251,22.00205],[89.20429,22.0019],[89.20611,22.00265],[89.20831,22.00467],[89.21066,22.01378],[89.21228,22.01721],[89.22029,22.02427],[89.22174,22.02668],[89.22187,22.02742],[89.22252,22.02779],[89.22766,22.03359],[89.22834,22.03393],[89.23427,22.04285],[89.23651,22.04545],[89.24291,22.05172],[89.24433,22.0541],[89.24453,22.05694],[89.24357,22.06239],[89.24092,22.06787],[89.23887,22.07119],[89.23489,22.07508],[89.23047,22.0774],[89.22571,22.07947]]]},"properties":{"set":"detail"}},{"type":"Feature","geometry":{"type":"Polygon","coordinates":[[[89.00054,22.0818],[88.99879,22.08044],[88.99729,22.08018],[88.99652,22.08039],[88.99226,22.08362],[88.98946,22.08512],[88.98878,22.08652],[88.98915,22.08803],[88.98982,22.08866],[88.99172,22.08952],[88.99822,22.09119],[88.99981,22.09242],[88.99968,22.09379],[88.99687,22.09629],[88.99508,22.09851],[88.99449,22.10105],[88.99464,22.10204],[88.9951,22.10259],[89.00035,22.1045],[89.00054,22.10457],[89.00363,22.10611],[89.00412,22.10656],[89.00452,22.10765],[89.00523,22.11855],[89.00476,22.12038],[89.00381,22.12107],[89.00238,22.12139],[89.00054,22.12103],[88.99903,22.12091],[88.99764,22.12147],[88.99688,22.12227],[88.99593,22.12413],[88.98673,22.10257],[88.98478,22.09666],[88.98129,22.08161],[88.9792,22.07648],[88.97477,22.06971],[88.97,22.06507],[88.96398,22.06098],[88.9635,22.06033],[88.96572,22.05771],[88.96596,22.05561],[88.96504,22.05387],[88.96237,22.05209],[88.96213,22.05132],[88.96343,22.04963],[88.97171,22.04315],[88.97723,22.04076],[88.97821,22.03986],[88.97918,22.04107],[88.98339,22.04478],[88.98439,22.04626],[88.98471,22.04917],[88.98348,22.05476],[88.98405,22.05698],[88.98522,22.0572],[88.98715,22.05692],[88.99067,22.0558],[88.99241,22.05572],[88.99618,22.05689],[89.00054,22.0596],[89.00162,22.05991],[89.00281,22.0593],[89.00369,22.05691],[89.00526,22.05466],[89.00618,22.05402],[89.00742,22.05235],[89.00851,22.05233],[89.01164,22.06069],[89.01367,22.06352],[89.01462,22.06408],[89.01534,22.06412],[89.01683,22.0631],[89.01775,22.06087],[89.01769,22.05882],[89.01656,22.05349],[89.01709,22.05199],[89.01806,22.05133],[89.02403,22.05277],[89.02663,22.05272],[89.02628,22.05382],[89.02636,22.05495],[89.02824,22.05809],[89.02855,22.05997],[89.02725,22.06638],[89.02695,22.06967],[89.02701,22.07369],[89.02758,22.07665],[89.02739,22.07735],[89.02555,22.07784],[89.01954,22.07718],[89.01412,22.07741],[89.01245,22.07772],[89.01064,22.07855],[89.00813,22.08063],[89.00577,22.08427],[89.0049,22.08487],[89.00354,22.08447],[89.00054,22.0818]]]},"properties":{"set":"detail"}},{"type":"Feature","geometry":{"type":"Polygon","coordinates":[[[89.10511,22.15764],[89.10235,22.15596],[89.10162,22.15337],[89.10142,22.1498],[89.10087,22.14758],[89.09961,22.14495],[89.09797,22.14281],[89.09584,22.14081],[89.09044,22.13713],[89.08268,22.13367],[89.0804,22.13239],[89.06346,22.11682],[89.05733,22.11164],[89.05363,22.10741],[89.05093,22.10376],[89.04814,22.0977],[89.05278,22.07956],[89.05347,22.07431],[89.05329,22.06811],[89.06077,22.06135],[89.06272,22.06023],[89.06552,22.05989],[89.06977,22.05809],[89.0751,22.05793],[89.08007,22.05713],[89.08402,22.05586],[89.08574,22.05602],[89.089,22.06],[89.09072,22.06588],[89.09226,22.07304],[89.09226,22.0794],[89.09501,22.08895],[89.09621,22.09197],[89.0957,22.09436],[89.09158,22.09642],[89.07956,22.09786],[89.07664,22.09992],[89.07595,22.10263],[89.07681,22.1047],[89.07939,22.10756],[89.08093,22.10978],[89.08128,22.1136],[89.08334,22.1144],[89.08608,22.11249],[89.09209,22.11106],[89.09312,22.11217],[89.09329,22.11503],[89.09449,22.11456],[89.09467,22.11169],[89.09381,22.10978],[89.09055,22.10978],[89.0866,22.1109],[89.08385,22.11281],[89.08316,22.11281],[89.08213,22.1101],[89.08231,22.10867],[89.07853,22.10565],[89.07733,22.10342],[89.07716,22.10199],[89.07887,22.1004],[89.08162,22.09913],[89.08419,22.09913],[89.08746,22.09833],[89.09158,22.09817],[89.09432,22.0969],[89.09655,22.09642],[89.09913,22.09531],[89.09741,22.09436],[89.09741,22.09133],[89.09501,22.08545],[89.09381,22.0802],[89.09329,22.07177],[89.09226,22.06843],[89.0914,22.06366],[89.08986,22.05856],[89.08849,22.05618],[89.08677,22.05491],[89.08471,22.05411],[89.07578,22.05618],[89.07235,22.05634],[89.06823,22.0557],[89.07098,22.04711],[89.07681,22.03915],[89.08145,22.03183],[89.0854,22.02817],[89.0878,22.02404],[89.08986,22.01879],[89.09295,22.02229],[89.09329,22.03024],[89.09209,22.03374],[89.09037,22.03693],[89.09072,22.04027],[89.09261,22.04297],[89.09278,22.04631],[89.09243,22.04886],[89.09398,22.05109],[89.09655,22.05188],[89.09879,22.05077],[89.09999,22.04806],[89.10102,22.04759],[89.10205,22.04981],[89.10359,22.05188],[89.10617,22.05316],[89.10943,22.05379],[89.11647,22.06684],[89.11887,22.0697],[89.12368,22.074],[89.12505,22.07447],[89.12762,22.07479],[89.1302,22.07447],[89.13415,22.07209],[89.13655,22.06986],[89.13724,22.06843],[89.14445,22.07447],[89.14599,22.07734],[89.14737,22.07766],[89.14376,22.08402],[89.1381,22.08974],[89.13174,22.09483],[89.12848,22.09786],[89.12265,22.10676],[89.11506,22.12075],[89.11464,22.1229],[89.11476,22.12476],[89.11528,22.12649],[89.11624,22.12793],[89.11785,22.1291],[89.12015,22.13005],[89.12322,22.13059],[89.12614,22.13061],[89.12851,22.13003],[89.13396,22.12798],[89.13777,22.12741],[89.13956,22.12779],[89.14014,22.12853],[89.14002,22.12927],[89.13794,22.13076],[89.13164,22.13385],[89.13035,22.13479],[89.12831,22.13714],[89.12716,22.14027],[89.12673,22.14624],[89.1262,22.14917],[89.12509,22.15154],[89.12253,22.15291],[89.12087,22.15345],[89.11378,22.15423],[89.1095,22.15507],[89.10705,22.15617],[89.10511,22.15764]]]},"properties":{"set":"detail"}},{"type":"Feature","geometry":{"type":"Polygon","coordinates":[[[89.00016,22.08303],[89.00335,22.08558],[89.00481,22.08587],[89.00559,22.08573],[89.00671,22.08494],[89.00768,22.08298],[89.00996,22.08031],[89.01261,22.07886],[89.01561,22.07831],[89.01909,22.07829],[89.02475,22.0788],[89.02698,22.07941],[89.02793,22.07897],[89.0289,22.07737],[89.02841,22.06984],[89.02987,22.05984],[89.02939,22.05797],[89.02744,22.05476],[89.02751,22.05385],[89.02818,22.05313],[89.02995,22.05298],[89.03803,22.05341],[89.03833,22.05542],[89.03534,22.06623],[89.03522,22.06768],[89.03258,22.07747],[89.0316,22.08227],[89.03128,22.08768],[89.03164,22.08941],[89.03116,22.09213],[89.03125,22.09391],[89.03397,22.1022],[89.0351,22.10477],[89.03575,22.10732],[89.03585,22.10915],[89.03529,22.1097],[89.03342,22.11],[89.02644,22.11002],[89.02085,22.11051],[89.0174,22.11161],[89.01487,22.11323],[89.01461,22.11388],[89.01507,22.11479],[89.01668,22.11611],[89.02331,22.11876],[89.02935,22.12067],[89.02966,22.12107],[89.02967,22.12205],[89.02801,22.12374],[89.02023,22.13006],[89.01521,22.13404],[89.00979,22.13778],[89.00884,22.13928],[89.00896,22.14144],[89.00922,22.14171],[89.0093,22.13982],[89.00991,22.13846],[89.016,22.13431],[89.02664,22.12585],[89.02949,22.12343],[89.03095,22.12153],[89.03081,22.12096],[89.0292,22.11962],[89.0201,22.11647],[89.01648,22.11485],[89.01622,22.11391],[89.01648,22.11332],[89.01987,22.11202],[89.02427,22.1114],[89.03262,22.11108],[89.03631,22.11059],[89.03981,22.11675],[89.0435,22.12073],[89.0458,22.12377],[89.04889,22.12806],[89.05009,22.13047],[89.05005,22.13113],[89.0493,22.13218],[89.04706,22.13403],[89.04513,22.13478],[89.03947,22.13836],[89.03376,22.14136],[89.02858,22.14455],[89.02743,22.14482],[89.02646,22.1458],[89.02255,22.14802],[89.01667,22.15064],[89.0107,22.15205],[89.00948,22.15268],[89.00888,22.15366],[89.00885,22.15491],[89.01114,22.16032],[89.01023,22.16131],[89.00888,22.16159],[89.00711,22.16152],[89.00057,22.16028],[88.99946,22.16032],[88.99873,22.1608],[88.99813,22.16211],[88.99843,22.16514],[88.99918,22.16802],[88.99908,22.16872],[88.99775,22.16982],[88.99307,22.17035],[88.99234,22.1708],[88.99696,22.17055],[88.99811,22.17026],[88.99907,22.16964],[88.9997,22.1681],[88.9987,22.16217],[88.99929,22.16102],[89.00049,22.16082],[89.00054,22.16083],[89.00796,22.16222],[89.01066,22.1619],[89.01154,22.16123],[89.01181,22.16015],[89.00967,22.15507],[89.00964,22.15352],[89.01105,22.15272],[89.01835,22.15091],[89.02174,22.14937],[89.01905,22.15251],[89.01732,22.15558],[89.015,22.16105],[89.01413,22.16495],[89.01259,22.17788],[89.014,22.19208],[89.01368,22.19505],[89.01182,22.19606],[89.00589,22.19798],[89.00215,22.199],[89.00054,22.19912],[88.99726,22.19925],[88.99274,22.1986],[88.98944,22.19721],[88.98673,22.19567],[88.98012,22.19383],[88.97665,22.19367],[88.97349,22.19446],[88.97329,22.19048],[88.97343,22.18893],[88.97371,22.18856],[88.97363,22.18488],[88.9743,22.17735],[88.97627,22.17071],[88.97768,22.1684],[88.98394,22.16253],[88.98902,22.15686],[88.99197,22.15304],[88.99447,22.14821],[88.99693,22.14122],[88.99752,22.13803],[88.99744,22.1299],[88.99621,22.12493],[88.99752,22.1223],[88.99837,22.12169],[88.99946,22.12146],[89.00211,22.12195],[89.00405,22.12159],[89.00531,22.12056],[89.00584,22.11879],[89.00514,22.1076],[89.00479,22.10653],[89.00304,22.10509],[88.99946,22.10353],[88.99582,22.10227],[88.99524,22.10117],[88.99538,22.09934],[88.99579,22.09867],[88.99946,22.09508],[89.0005,22.09403],[89.00071,22.09319],[89.00055,22.09209],[88.99946,22.09101],[88.99736,22.09011],[88.99111,22.08839],[88.99004,22.08777],[88.98967,22.08685],[88.99045,22.08553],[88.99326,22.08405],[88.99679,22.08136],[88.99808,22.08125],[88.99946,22.08227],[89.00016,22.08303]]]},"properties":{"set":"detail"}},{"type":"Feature","geometry":{"type":"Polygon","coordinates":[[[89.21222,22.08286],[89.21355,22.08497],[89.21438,22.0874],[89.21029,22.09751],[89.20772,22.10585],[89.20769,22.10688],[89.20566,22.11467],[89.20175,22.12228],[89.19356,22.12933],[89.19185,22.13197],[89.19037,22.1353],[89.18947,22.1386],[89.18766,22.14828],[89.18808,22.1508],[89.18896,22.15227],[89.19063,22.15353],[89.19407,22.15405],[89.19481,22.15395],[89.19762,22.15223],[89.20329,22.14688],[89.20429,22.14667],[89.20547,22.14708],[89.20679,22.14939],[89.20759,22.15161],[89.20802,22.15626],[89.20773,22.15932],[89.20885,22.16369],[89.2107,22.16617],[89.21156,22.16689],[89.21273,22.16767],[89.21848,22.17025],[89.21835,22.17185],[89.21793,22.17236],[89.2146,22.17388],[89.20903,22.17523],[89.20371,22.17733],[89.20116,22.17793],[89.19998,22.17731],[89.19903,22.17264],[89.19857,22.17228],[89.19808,22.17232],[89.1979,22.17303],[89.19867,22.17859],[89.19555,22.18141],[89.19484,22.18244],[89.19452,22.18347],[89.19396,22.18407],[89.19333,22.18636],[89.19328,22.18774],[89.194,22.19025],[89.19654,22.19311],[89.19746,22.19545],[89.19741,22.19643],[89.1956,22.20161],[89.19587,22.20602],[89.1951,22.20669],[89.19494,22.20738],[89.19607,22.20811],[89.19708,22.20825],[89.19919,22.21422],[89.19936,22.21547],[89.19864,22.21628],[89.19214,22.2177],[89.19002,22.21919],[89.18991,22.22113],[89.19181,22.22619],[89.19174,22.22744],[89.19115,22.2284],[89.18933,22.22921],[89.18672,22.22928],[89.18392,22.22878],[89.18186,22.2274],[89.18022,22.22741],[89.17851,22.22887],[89.17711,22.23242],[89.17621,22.23293],[89.17512,22.23264],[89.17273,22.22968],[89.17073,22.22824],[89.1678,22.22777],[89.1619,22.22872],[89.15959,22.22857],[89.15725,22.22746],[89.1562,22.22588],[89.15528,22.22286],[89.15549,22.2216],[89.15631,22.22001],[89.1612,22.21732],[89.16533,22.21653],[89.16956,22.21463],[89.1707,22.21342],[89.17124,22.21203],[89.17106,22.20994],[89.16975,22.20812],[89.16807,22.20732],[89.16679,22.20706],[89.16176,22.20707],[89.16073,22.2069],[89.15991,22.20612],[89.15964,22.20451],[89.15995,22.2016],[89.15943,22.19539],[89.15841,22.19124],[89.15726,22.18958],[89.15529,22.18803],[89.15068,22.18564],[89.14912,22.18452],[89.14703,22.18194],[89.14603,22.18013],[89.14405,22.17372],[89.14362,22.17329],[89.14127,22.16758],[89.14047,22.16504],[89.14067,22.16293],[89.14218,22.15518],[89.14256,22.15408],[89.14346,22.15331],[89.14537,22.15279],[89.1498,22.15254],[89.15139,22.1529],[89.15183,22.1524],[89.15262,22.15234],[89.16171,22.15249],[89.16447,22.15086],[89.16732,22.14797],[89.16964,22.14509],[89.17023,22.14389],[89.17066,22.14166],[89.1704,22.13832],[89.16806,22.13257],[89.16779,22.13014],[89.16891,22.12794],[89.17319,22.12404],[89.17512,22.12278],[89.17746,22.12237],[89.18514,22.12385],[89.18705,22.12397],[89.19009,22.12352],[89.19146,22.12288],[89.19319,22.12114],[89.19389,22.11935],[89.19403,22.11708],[89.19341,22.11538],[89.19211,22.11338],[89.18796,22.10883],[89.18159,22.103],[89.17956,22.09977],[89.17895,22.09661],[89.17978,22.09169],[89.17992,22.08668],[89.17919,22.08373],[89.17861,22.08251],[89.17712,22.08062],[89.17517,22.07963],[89.17299,22.07958],[89.17111,22.08002],[89.16853,22.08151],[89.16282,22.08591],[89.15882,22.0875],[89.15619,22.08719],[89.15139,22.0858],[89.15055,22.08547],[89.15038,22.08484],[89.15367,22.08226],[89.1645,22.07646],[89.16908,22.07469],[89.17205,22.07319],[89.17331,22.07608],[89.17554,22.07888],[89.17689,22.07983],[89.17961,22.08074],[89.18282,22.08127],[89.18826,22.0808],[89.19294,22.08204],[89.19802,22.07973],[89.20859,22.08211],[89.21044,22.08201],[89.21222,22.08286]]]},"properties":{"set":"detail"}},{"type":"Feature","geometry":{"type":"Polygon","coordinates":[[[89.15742,22.19552],[89.15809,22.20422],[89.15788,22.20566],[89.15723,22.2059],[89.15357,22.20497],[89.14543,22.2016],[89.13985,22.19714],[89.13609,22.19541],[89.13493,22.19429],[89.12856,22.18539],[89.12648,22.18367],[89.12531,22.18346],[89.12445,22.18367],[89.12338,22.18482],[89.11912,22.19175],[89.11409,22.19735],[89.11232,22.20389],[89.11202,22.20598],[89.11244,22.21178],[89.1119,22.21279],[89.11044,22.21324],[89.10825,22.21277],[89.10342,22.20885],[89.09926,22.20699],[89.0988,22.20576],[89.09933,22.20073],[89.09909,22.19991],[89.09599,22.19626],[89.09226,22.19387],[89.09443,22.19299],[89.09929,22.19204],[89.10298,22.19013],[89.10571,22.18785],[89.10642,22.18628],[89.10628,22.18571],[89.1056,22.18577],[89.10426,22.18811],[89.10185,22.18974],[89.09927,22.19102],[89.09123,22.19299],[89.09016,22.19278],[89.08753,22.19099],[89.08579,22.19099],[89.0838,22.19218],[89.08257,22.19457],[89.08188,22.19534],[89.08131,22.19535],[89.08095,22.19428],[89.08206,22.19007],[89.08223,22.18405],[89.08303,22.18233],[89.08536,22.18011],[89.09502,22.1747],[89.10017,22.17079],[89.10256,22.16796],[89.10481,22.1643],[89.10706,22.15949],[89.10794,22.1588],[89.10913,22.15814],[89.1112,22.15754],[89.11597,22.15746],[89.11865,22.15711],[89.12475,22.15535],[89.12569,22.15481],[89.1281,22.15205],[89.12926,22.15004],[89.12999,22.14742],[89.13013,22.14051],[89.13085,22.13754],[89.13294,22.13623],[89.13573,22.13549],[89.13853,22.13435],[89.14071,22.13272],[89.14283,22.13017],[89.14312,22.12851],[89.143,22.12747],[89.14238,22.1263],[89.14092,22.12486],[89.13847,22.12374],[89.13303,22.12401],[89.12687,22.12593],[89.12305,22.12668],[89.11922,22.12673],[89.11829,22.12578],[89.1183,22.12459],[89.1197,22.12097],[89.12375,22.11478],[89.12812,22.10598],[89.13036,22.10262],[89.13659,22.0976],[89.14002,22.09578],[89.14755,22.08724],[89.14916,22.08843],[89.15111,22.08916],[89.1528,22.09043],[89.15773,22.09034],[89.15974,22.09003],[89.16058,22.09026],[89.16163,22.08948],[89.16484,22.08798],[89.16743,22.08615],[89.1725,22.0818],[89.17391,22.08152],[89.17532,22.082],[89.1759,22.08267],[89.17721,22.08745],[89.17715,22.09144],[89.17652,22.09664],[89.17662,22.09856],[89.17723,22.1009],[89.1788,22.10336],[89.18747,22.11176],[89.19085,22.11551],[89.19175,22.11743],[89.19179,22.11827],[89.19114,22.12012],[89.18974,22.12134],[89.18747,22.12171],[89.17808,22.12043],[89.17571,22.12057],[89.17448,22.12082],[89.17228,22.12193],[89.17034,22.12332],[89.1678,22.12584],[89.16644,22.12778],[89.16539,22.13054],[89.16554,22.13281],[89.16872,22.13939],[89.16886,22.14127],[89.16865,22.14212],[89.16416,22.14825],[89.16269,22.14987],[89.16109,22.15061],[89.1546,22.15043],[89.14776,22.15086],[89.14362,22.1516],[89.1423,22.15214],[89.14145,22.15298],[89.14011,22.15519],[89.13927,22.16177],[89.13825,22.16392],[89.13979,22.16949],[89.14306,22.1772],[89.14395,22.18091],[89.14506,22.18294],[89.14747,22.1857],[89.15295,22.18876],[89.15476,22.1904],[89.15679,22.1935],[89.15742,22.19552]]]},"properties":{"set":"detail"}},{"type":"Feature","geometry":{"type":"Polygon","coordinates":[[[89.21218,22.21091],[89.21109,22.21244],[89.21003,22.21208],[89.2048,22.20885],[89.19893,22.20667],[89.19838,22.20557],[89.19775,22.20211],[89.19982,22.19565],[89.19931,22.19295],[89.19776,22.19104],[89.19626,22.18999],[89.19496,22.18791],[89.19495,22.18674],[89.19573,22.18493],[89.19948,22.18151],[89.20257,22.17976],[89.206,22.17849],[89.20892,22.17769],[89.21441,22.17674],[89.21699,22.17578],[89.21939,22.17451],[89.22145,22.17261],[89.22145,22.17006],[89.22059,22.16847],[89.21252,22.1637],[89.21115,22.16243],[89.21029,22.15989],[89.21115,22.1575],[89.21167,22.15416],[89.21132,22.15098],[89.21029,22.1478],[89.20806,22.1459],[89.20446,22.14447],[89.20291,22.14431],[89.20085,22.14462],[89.19879,22.14685],[89.19416,22.15003],[89.19261,22.15067],[89.19158,22.14924],[89.19141,22.1478],[89.19347,22.13922],[89.19604,22.13302],[89.19725,22.13159],[89.20325,22.12856],[89.20428,22.13],[89.20943,22.13206],[89.22094,22.13254],[89.22265,22.13302],[89.22385,22.13397],[89.22197,22.13492],[89.21802,22.13508],[89.21527,22.13588],[89.21252,22.13731],[89.21064,22.1389],[89.20926,22.14113],[89.20926,22.14319],[89.20978,22.14542],[89.21081,22.14701],[89.2151,22.15035],[89.22746,22.15862],[89.23055,22.15909],[89.23759,22.15925],[89.23896,22.15989],[89.24016,22.15989],[89.24154,22.16084],[89.24085,22.16259],[89.23896,22.16482],[89.23724,22.16831],[89.23381,22.17849],[89.22986,22.18485],[89.2266,22.18882],[89.22437,22.19279],[89.22317,22.19581],[89.22282,22.19915],[89.21956,22.20249],[89.21956,22.20408],[89.22025,22.20646],[89.22229,22.20997],[89.2218,22.21093],[89.22028,22.21115],[89.21887,22.21085],[89.21784,22.20982],[89.21596,22.20869],[89.21338,22.20964],[89.21218,22.21091]]]},"properties":{"set":"detail"}},{"type":"Feature","geometry":{"type":"Polygon","coordinates":[[[89.09549,22.16229],[89.0976,22.16158],[89.09964,22.15979],[89.10097,22.15817],[89.10226,22.15846],[89.10346,22.15914],[89.10222,22.16322],[89.10138,22.16478],[89.09986,22.1665],[89.09214,22.17275],[89.08494,22.17696],[89.08109,22.17986],[89.07959,22.18333],[89.07849,22.19007],[89.07749,22.19225],[89.07597,22.1938],[89.07539,22.18793],[89.07433,22.18484],[89.07125,22.17987],[89.06847,22.17647],[89.0678,22.17606],[89.06681,22.17421],[89.06639,22.17271],[89.0661,22.16837],[89.06644,22.16348],[89.06836,22.15889],[89.07147,22.15295],[89.07491,22.14984],[89.07671,22.15115],[89.07791,22.15257],[89.08201,22.15833],[89.08551,22.1611],[89.08717,22.16205],[89.08914,22.16268],[89.09267,22.16285],[89.09549,22.16229]]]},"properties":{"set":"detail"}},{"type":"Feature","geometry":{"type":"Polygon","coordinates":[[[89.01889,22.21398],[89.01723,22.21287],[89.01671,22.21162],[89.01687,22.20985],[89.01727,22.20901],[89.02305,22.20228],[89.02461,22.1994],[89.02618,22.19552],[89.027,22.19216],[89.02774,22.18612],[89.02686,22.17912],[89.02575,22.17475],[89.02315,22.16805],[89.02298,22.16681],[89.03208,22.15608],[89.03469,22.15367],[89.03666,22.15242],[89.04284,22.14981],[89.04982,22.14734],[89.05124,22.14901],[89.0531,22.14962],[89.05353,22.15035],[89.05305,22.1514],[89.04963,22.15432],[89.05019,22.15442],[89.05351,22.15165],[89.0542,22.15067],[89.05403,22.14948],[89.05357,22.14907],[89.05157,22.14845],[89.05089,22.14704],[89.05438,22.14416],[89.05913,22.13912],[89.0604,22.13564],[89.06107,22.13273],[89.06138,22.12942],[89.06169,22.12918],[89.0653,22.13097],[89.07717,22.13822],[89.08482,22.1423],[89.0897,22.14539],[89.09115,22.14681],[89.09296,22.14966],[89.09629,22.15392],[89.09645,22.15466],[89.09614,22.15557],[89.09522,22.15687],[89.09386,22.15775],[89.09311,22.15765],[89.09143,22.15646],[89.08651,22.15087],[89.08364,22.14815],[89.08081,22.14609],[89.07949,22.14546],[89.07556,22.14459],[89.07289,22.14486],[89.07138,22.14538],[89.06899,22.14681],[89.06734,22.14891],[89.06551,22.15266],[89.0644,22.15606],[89.0611,22.16376],[89.06069,22.1657],[89.06055,22.16971],[89.0608,22.17248],[89.06287,22.179],[89.06088,22.17943],[89.05978,22.18003],[89.0582,22.18137],[89.05433,22.18378],[89.05327,22.18629],[89.05347,22.1884],[89.05306,22.19133],[89.05323,22.19186],[89.05452,22.19181],[89.05497,22.19281],[89.05545,22.19307],[89.05756,22.19165],[89.06047,22.19111],[89.06173,22.19283],[89.06183,22.19355],[89.06162,22.19407],[89.05999,22.19496],[89.05901,22.19677],[89.05484,22.19822],[89.05378,22.19891],[89.05342,22.1999],[89.05379,22.20149],[89.05367,22.2026],[89.05291,22.2042],[89.05222,22.20453],[89.05151,22.2044],[89.04805,22.20198],[89.04688,22.20172],[89.0462,22.20253],[89.04592,22.20533],[89.04531,22.20664],[89.04459,22.20738],[89.0433,22.20738],[89.04198,22.20567],[89.04032,22.20525],[89.03513,22.2059],[89.03389,22.20648],[89.0334,22.20797],[89.03422,22.20971],[89.03418,22.21092],[89.03167,22.21405],[89.03091,22.21412],[89.0292,22.21322],[89.02826,22.21315],[89.02551,22.21483],[89.02397,22.21501],[89.01889,22.21398]]]},"properties":{"set":"detail"}},{"type":"Feature","geometry":{"type":"Polygon","coordinates":[[[89.24178,22.21821],[89.23732,22.22504],[89.23594,22.22917],[89.23611,22.23664],[89.23714,22.23982],[89.23989,22.24554],[89.23629,22.24649],[89.23354,22.2476],[89.22925,22.253],[89.22753,22.253],[89.2083,22.24808],[89.20487,22.24887],[89.20384,22.24999],[89.20367,22.25253],[89.20573,22.25475],[89.21054,22.25634],[89.21706,22.25793],[89.21775,22.25857],[89.21809,22.25984],[89.21689,22.26381],[89.21448,22.26603],[89.21088,22.26619],[89.20745,22.26556],[89.20522,22.2646],[89.20333,22.26571],[89.20144,22.26746],[89.20075,22.26826],[89.20075,22.26905],[89.19972,22.26873],[89.19768,22.2672],[89.19585,22.26142],[89.19312,22.25807],[89.19389,22.25714],[89.19389,22.25523],[89.19715,22.24872],[89.20024,22.24045],[89.20127,22.23712],[89.20092,22.23521],[89.1977,22.23407],[89.18763,22.23608],[89.18615,22.23603],[89.18487,22.23523],[89.18372,22.23206],[89.18379,22.22989],[89.18714,22.23024],[89.18952,22.23014],[89.19101,22.22957],[89.19247,22.22822],[89.19282,22.22703],[89.19282,22.22534],[89.19081,22.22039],[89.1912,22.21953],[89.1925,22.21883],[89.19542,22.21828],[89.19878,22.21817],[89.1989,22.21769],[89.20006,22.21667],[89.20124,22.21395],[89.20089,22.21193],[89.2,22.20949],[89.20013,22.20918],[89.20398,22.21034],[89.20708,22.21184],[89.20888,22.21309],[89.21063,22.21366],[89.21277,22.21264],[89.21486,22.21025],[89.21609,22.21012],[89.21725,22.21083],[89.21792,22.21186],[89.21864,22.2122],[89.22053,22.21251],[89.22216,22.2124],[89.22326,22.21178],[89.22375,22.21074],[89.22358,22.20931],[89.22101,22.20486],[89.22066,22.20343],[89.22238,22.20152],[89.22677,22.20689],[89.22923,22.20787],[89.23182,22.20804],[89.2356,22.20915],[89.24126,22.21614],[89.24178,22.21821]]]},"properties":{"set":"detail"}},{"type":"Feature","geometry":{"type":"Polygon","coordinates":[[[89.27477,22.10684],[89.27155,22.10049],[89.26459,22.09131],[89.26447,22.09062],[89.2656,22.09062],[89.26766,22.09133],[89.2713,22.09324],[89.2726,22.0944],[89.27327,22.09445],[89.27352,22.09494],[89.27481,22.09529],[89.27758,22.09686],[89.27804,22.09761],[89.27894,22.09731],[89.27921,22.09777],[89.28048,22.09805],[89.28257,22.09928],[89.28369,22.09911],[89.28478,22.09964],[89.29038,22.09996],[89.29466,22.09939],[89.29699,22.09843],[89.29829,22.09822],[89.30015,22.09651],[89.3035,22.09035],[89.3047,22.08439],[89.304,22.07772],[89.30505,22.07697],[89.30711,22.07472],[89.31486,22.07011],[89.32291,22.06233],[89.32695,22.05906],[89.32917,22.05768],[89.33485,22.05585],[89.33701,22.05559],[89.34033,22.05628],[89.34252,22.05779],[89.34328,22.05889],[89.34325,22.06075],[89.34021,22.06524],[89.33646,22.06942],[89.32918,22.07578],[89.32544,22.08015],[89.32299,22.08368],[89.32181,22.08649],[89.32095,22.08957],[89.31893,22.10141],[89.31879,22.10393],[89.31671,22.10693],[89.29959,22.11117],[89.29105,22.11236],[89.28279,22.11294],[89.27754,22.11372],[89.27686,22.1135],[89.27655,22.11304],[89.27477,22.10684]]]},"properties":{"set":"detail"}},{"type":"Feature","geometry":{"type":"Polygon","coordinates":[[[89.37875,22.10304],[89.37842,22.10369],[89.37844,22.10682],[89.37763,22.10929],[89.37696,22.11358],[89.3781,22.11712],[89.38055,22.12018],[89.38713,22.12486],[89.38939,22.1259],[89.39303,22.12667],[89.39963,22.12715],[89.4042,22.12876],[89.40469,22.12951],[89.40423,22.13034],[89.40276,22.13109],[89.38826,22.13577],[89.38661,22.13604],[89.38286,22.13582],[89.37884,22.13602],[89.37709,22.13623],[89.37578,22.13702],[89.37591,22.14013],[89.37648,22.14047],[89.37948,22.14797],[89.38176,22.15282],[89.38371,22.15619],[89.3832,22.15697],[89.38133,22.15731],[89.36935,22.15857],[89.36822,22.15981],[89.36797,22.16082],[89.368,22.16198],[89.3689,22.16388],[89.36947,22.16415],[89.36997,22.16384],[89.36905,22.16103],[89.36924,22.1603],[89.36987,22.15968],[89.37126,22.15935],[89.37575,22.15924],[89.38104,22.15865],[89.38419,22.15787],[89.38514,22.15712],[89.38513,22.15581],[89.38283,22.15218],[89.37756,22.1395],[89.3773,22.13824],[89.37786,22.13759],[89.38175,22.1374],[89.38549,22.13774],[89.39002,22.13714],[89.39893,22.13463],[89.40553,22.13344],[89.40595,22.13377],[89.40762,22.13902],[89.40437,22.14832],[89.40429,22.15168],[89.40506,22.15246],[89.40543,22.15363],[89.40874,22.15756],[89.41309,22.16055],[89.41498,22.16134],[89.41656,22.16181],[89.41718,22.16171],[89.41885,22.16233],[89.42527,22.1625],[89.42713,22.16347],[89.42777,22.16462],[89.42782,22.16563],[89.42639,22.1682],[89.42556,22.17061],[89.4234,22.17384],[89.42175,22.1753],[89.4177,22.17788],[89.41467,22.18124],[89.41399,22.18243],[89.41345,22.18486],[89.41259,22.19101],[89.41198,22.19295],[89.41126,22.19402],[89.40635,22.19623],[89.3995,22.1982],[89.39857,22.19822],[89.39561,22.19736],[89.39354,22.19715],[89.39219,22.19752],[89.39134,22.19811],[89.3905,22.20062],[89.39049,22.20178],[89.391,22.20296],[89.39258,22.20434],[89.40049,22.20711],[89.40146,22.20789],[89.40204,22.20938],[89.40131,22.21165],[89.39991,22.21308],[89.39691,22.21494],[89.39381,22.21612],[89.39197,22.21758],[89.39116,22.21979],[89.39155,22.22146],[89.39204,22.22225],[89.39433,22.22326],[89.39836,22.22364],[89.40008,22.22352],[89.40089,22.22388],[89.40248,22.22323],[89.40588,22.22092],[89.40911,22.21951],[89.40992,22.22001],[89.4117,22.22337],[89.41439,22.22471],[89.4175,22.22524],[89.41811,22.22608],[89.41787,22.22849],[89.41749,22.22939],[89.41365,22.23052],[89.411,22.23224],[89.40914,22.23416],[89.408,22.23625],[89.40631,22.24257],[89.40641,22.2453],[89.40762,22.24995],[89.40876,22.25239],[89.41009,22.25427],[89.4115,22.25733],[89.41146,22.25808],[89.4108,22.25817],[89.41016,22.25868],[89.40667,22.25875],[89.40041,22.25968],[89.39325,22.26197],[89.39033,22.26353],[89.38771,22.26589],[89.38522,22.26891],[89.38434,22.26919],[89.3834,22.26838],[89.38146,22.26121],[89.38026,22.2581],[89.37931,22.25734],[89.37761,22.25727],[89.37553,22.25817],[89.3737,22.25992],[89.37102,22.26483],[89.3704,22.26722],[89.3698,22.26779],[89.36763,22.26831],[89.36575,22.26734],[89.36448,22.2673],[89.3628,22.26775],[89.3609,22.2689],[89.3599,22.26919],[89.35864,22.26871],[89.3552,22.26629],[89.35276,22.26407],[89.35189,22.26297],[89.35186,22.26119],[89.35062,22.25941],[89.34898,22.25791],[89.3465,22.25665],[89.34083,22.25497],[89.33994,22.25426],[89.34076,22.25354],[89.34289,22.25287],[89.34661,22.25218],[89.35276,22.25181],[89.35508,22.25095],[89.35683,22.24923],[89.3579,22.24743],[89.35811,22.24519],[89.35792,22.24341],[89.35752,22.24209],[89.35549,22.23984],[89.34961,22.23689],[89.34831,22.23514],[89.3477,22.2333],[89.34723,22.22881],[89.34683,22.22097],[89.34588,22.21831],[89.34476,22.21643],[89.343,22.21466],[89.34068,22.21365],[89.33163,22.21209],[89.33174,22.20588],[89.33108,22.2027],[89.32844,22.19643],[89.32523,22.19244],[89.32532,22.19163],[89.32499,22.19094],[89.32561,22.1897],[89.32978,22.18686],[89.33322,22.18518],[89.33349,22.18446],[89.33536,22.18269],[89.33699,22.1795],[89.33755,22.17623],[89.33738,22.16997],[89.33825,22.16602],[89.33854,22.16169],[89.34052,22.15523],[89.34042,22.15137],[89.33933,22.14768],[89.33685,22.14427],[89.33486,22.14238],[89.33388,22.1418],[89.33082,22.13848],[89.32956,22.13654],[89.32901,22.13458],[89.32964,22.13151],[89.33049,22.12955],[89.3314,22.12855],[89.33377,22.1277],[89.3353,22.12843],[89.33646,22.1294],[89.33729,22.13041],[89.33773,22.13055],[89.34066,22.13425],[89.34324,22.13593],[89.3457,22.13685],[89.3482,22.13701],[89.34907,22.13687],[89.35037,22.13609],[89.35322,22.13351],[89.35385,22.132],[89.35414,22.12973],[89.35374,22.12555],[89.35155,22.1205],[89.35043,22.11887],[89.35132,22.11824],[89.3512,22.11737],[89.35599,22.11502],[89.36193,22.11155],[89.36669,22.10559],[89.36883,22.10028],[89.3698,22.09925],[89.37382,22.09903],[89.37826,22.09995],[89.37894,22.10062],[89.37875,22.10304]]]},"properties":{"set":"detail"}},{"type":"Feature","geometry":{"type":"Polygon","coordinates":[[[89.27518,22.21345],[89.26952,22.21361],[89.25922,22.21314],[89.25407,22.21329],[89.24806,22.21536],[89.246,22.21552],[89.24548,22.21282],[89.24377,22.21043],[89.24068,22.20757],[89.23158,22.20281],[89.22763,22.20169],[89.22677,22.19979],[89.2266,22.19629],[89.22763,22.19359],[89.23038,22.18993],[89.23398,22.18643],[89.23621,22.18262],[89.23913,22.17197],[89.23999,22.1699],[89.24239,22.16704],[89.24462,22.16513],[89.24617,22.16291],[89.24565,22.16021],[89.24411,22.15734],[89.24085,22.15671],[89.23227,22.15639],[89.23003,22.15591],[89.22694,22.15432],[89.22008,22.14939],[89.21287,22.14367],[89.21201,22.14192],[89.21304,22.14081],[89.21544,22.13985],[89.22368,22.13826],[89.22643,22.13667],[89.22729,22.13413],[89.22506,22.13047],[89.22214,22.1292],[89.21888,22.12841],[89.21167,22.12793],[89.20806,22.12618],[89.20823,22.12363],[89.21046,22.11998],[89.21167,22.11664],[89.21304,22.11409],[89.21321,22.11203],[89.21424,22.10853],[89.21458,22.10519],[89.2139,22.10296],[89.21544,22.10137],[89.21613,22.1001],[89.21802,22.09787],[89.21973,22.10026],[89.22197,22.10169],[89.22471,22.1028],[89.22763,22.10312],[89.23518,22.10471],[89.24188,22.10264],[89.24445,22.10073],[89.24737,22.10042],[89.24995,22.10057],[89.25338,22.1028],[89.2563,22.10582],[89.26025,22.10884],[89.26351,22.11218],[89.26488,22.11489],[89.26437,22.12904],[89.26402,22.13159],[89.26316,22.13381],[89.26334,22.1354],[89.26265,22.13715],[89.26093,22.1389],[89.26025,22.14097],[89.26248,22.14606],[89.26231,22.14733],[89.2611,22.1486],[89.26179,22.14924],[89.26299,22.1478],[89.26368,22.14621],[89.26213,22.14113],[89.26248,22.1397],[89.26454,22.13699],[89.26522,22.13779],[89.27346,22.15305],[89.27638,22.15639],[89.27861,22.15846],[89.28222,22.16307],[89.29252,22.16974],[89.30213,22.17531],[89.31037,22.18357],[89.31174,22.18643],[89.31174,22.19232],[89.31003,22.1974],[89.30574,22.20789],[89.30556,22.20964],[89.30368,22.21186],[89.30093,22.21298],[89.29578,22.21329],[89.27518,22.21345]]]},"properties":{"set":"detail"}},{"type":"Feature","geometry":{"type":"Polygon","coordinates":[[[89.2991,22.22088],[89.30254,22.22028],[89.30391,22.2239],[89.30629,22.22757],[89.30662,22.22914],[89.30744,22.2297],[89.30802,22.23162],[89.30116,22.23844],[89.30082,22.23928],[89.29972,22.2401],[89.29924,22.24015],[89.29483,22.2436],[89.29174,22.24564],[89.29127,22.24568],[89.2895,22.24763],[89.28935,22.24786],[89.28996,22.24807],[89.28767,22.25114],[89.28695,22.25334],[89.28636,22.25355],[89.28623,22.25419],[89.2866,22.25466],[89.28677,22.25648],[89.28637,22.25734],[89.28648,22.25927],[89.28727,22.26031],[89.28736,22.26246],[89.28763,22.26299],[89.2926,22.26742],[89.29679,22.26985],[89.29698,22.26957],[89.29814,22.26973],[89.3006,22.27119],[89.30095,22.27095],[89.30307,22.27138],[89.30396,22.27102],[89.30524,22.27151],[89.30689,22.27237],[89.31079,22.27523],[89.3126,22.27692],[89.31365,22.27882],[89.31389,22.28045],[89.31364,22.28156],[89.31192,22.28349],[89.30915,22.28484],[89.30704,22.28514],[89.30533,22.28508],[89.30201,22.2843],[89.2942,22.28158],[89.28824,22.28098],[89.28618,22.28122],[89.28486,22.2817],[89.28436,22.28146],[89.28402,22.28205],[89.28034,22.28444],[89.27632,22.28968],[89.27525,22.28871],[89.27388,22.28823],[89.27113,22.28588],[89.27086,22.2845],[89.27116,22.28353],[89.27096,22.28137],[89.27059,22.28064],[89.26689,22.27677],[89.26373,22.27482],[89.26027,22.27373],[89.25969,22.27329],[89.2553,22.27168],[89.25225,22.26958],[89.25171,22.26891],[89.25108,22.2654],[89.25167,22.26168],[89.25124,22.25741],[89.25185,22.25645],[89.25144,22.25575],[89.25068,22.25573],[89.25001,22.2495],[89.24949,22.24815],[89.24903,22.24364],[89.2468,22.23004],[89.24703,22.22734],[89.24826,22.22521],[89.25077,22.22333],[89.25329,22.222],[89.25791,22.2208],[89.26073,22.22085],[89.26753,22.2219],[89.27196,22.22156],[89.27436,22.22165],[89.27832,22.2212],[89.27881,22.22155],[89.27995,22.22148],[89.28042,22.22174],[89.28783,22.22119],[89.2991,22.22088]]]},"properties":{"set":"detail"}},{"type":"Feature","geometry":{"type":"Polygon","coordinates":[[[89.36188,22.32179],[89.36465,22.31912],[89.36995,22.3162],[89.37679,22.3162],[89.37776,22.3164],[89.37847,22.31704],[89.37885,22.31696],[89.37895,22.31639],[89.3784,22.31572],[89.379,22.31481],[89.3784,22.31465],[89.37858,22.31297],[89.37829,22.30932],[89.37723,22.30521],[89.37837,22.30366],[89.38122,22.30317],[89.38332,22.30182],[89.38357,22.30098],[89.38421,22.30038],[89.38396,22.29773],[89.38428,22.29693],[89.38559,22.29667],[89.3903,22.29853],[89.3939,22.29821],[89.39535,22.2977],[89.40181,22.29425],[89.40579,22.28961],[89.40734,22.28978],[89.40915,22.29224],[89.41028,22.29296],[89.41134,22.29321],[89.41357,22.29277],[89.41615,22.29102],[89.41811,22.29034],[89.41746,22.29108],[89.41064,22.29569],[89.40852,22.29761],[89.40662,22.30035],[89.40564,22.30378],[89.40523,22.30419],[89.40513,22.30966],[89.40536,22.31015],[89.40495,22.3109],[89.40553,22.31123],[89.40605,22.31085],[89.40655,22.31167],[89.40967,22.31463],[89.41329,22.31769],[89.41584,22.32041],[89.41618,22.32128],[89.41283,22.32344],[89.40629,22.32696],[89.39967,22.32977],[89.39752,22.33122],[89.39536,22.33353],[89.39472,22.33551],[89.39545,22.33919],[89.39676,22.34203],[89.39976,22.34598],[89.39949,22.34729],[89.39855,22.34769],[89.39672,22.34769],[89.38709,22.34647],[89.38604,22.34672],[89.38265,22.34841],[89.38119,22.34996],[89.38048,22.35136],[89.3798,22.35444],[89.3805,22.36003],[89.38044,22.36212],[89.3815,22.36644],[89.38228,22.37142],[89.38187,22.37243],[89.38065,22.37285],[89.37431,22.37139],[89.36862,22.37093],[89.36488,22.37129],[89.36425,22.37001],[89.36462,22.36765],[89.36395,22.36724],[89.36305,22.37099],[89.36311,22.37192],[89.36343,22.37228],[89.36242,22.37431],[89.36232,22.37806],[89.36301,22.37999],[89.36524,22.38379],[89.36644,22.38689],[89.3668,22.39009],[89.36614,22.39092],[89.36441,22.39183],[89.35981,22.39521],[89.35747,22.3964],[89.35539,22.39671],[89.35449,22.39649],[89.35379,22.39592],[89.35332,22.39295],[89.35457,22.3866],[89.35543,22.37877],[89.35438,22.37421],[89.35273,22.37139],[89.35143,22.37032],[89.34831,22.36938],[89.34606,22.36999],[89.34228,22.37202],[89.3381,22.37152],[89.33599,22.37118],[89.33472,22.37066],[89.33403,22.37011],[89.33301,22.36846],[89.33251,22.36383],[89.33161,22.36003],[89.33132,22.35114],[89.33168,22.34913],[89.33307,22.3474],[89.33317,22.34524],[89.33263,22.34306],[89.32828,22.33721],[89.32853,22.33679],[89.32956,22.33644],[89.34028,22.33391],[89.34342,22.33196],[89.35286,22.31589],[89.35338,22.31358],[89.35283,22.31173],[89.35183,22.31079],[89.35041,22.31016],[89.34479,22.30898],[89.34192,22.30787],[89.33051,22.30145],[89.32763,22.3003],[89.32359,22.30006],[89.31438,22.30133],[89.31222,22.30137],[89.31102,22.30084],[89.31073,22.3003],[89.31079,22.29948],[89.31125,22.29894],[89.31364,22.29771],[89.33124,22.28992],[89.33275,22.28913],[89.33437,22.28782],[89.3356,22.28639],[89.33583,22.28502],[89.33542,22.28398],[89.3337,22.28164],[89.3287,22.2762],[89.32833,22.27539],[89.32855,22.27485],[89.33679,22.27115],[89.34299,22.26764],[89.34795,22.26552],[89.35055,22.26383],[89.35409,22.26756],[89.35918,22.27021],[89.35999,22.27032],[89.36166,22.26997],[89.36415,22.26848],[89.3671,22.26936],[89.36905,22.26946],[89.37157,22.2684],[89.37256,22.26932],[89.37266,22.27096],[89.37296,22.27146],[89.37352,22.27103],[89.37386,22.26883],[89.37301,22.26728],[89.37198,22.26707],[89.37249,22.26453],[89.37497,22.2603],[89.37757,22.25823],[89.37864,22.25818],[89.37937,22.25875],[89.38249,22.26919],[89.38284,22.26963],[89.38425,22.2701],[89.38596,22.26956],[89.3894,22.26566],[89.39114,22.26429],[89.39624,22.26199],[89.40152,22.26062],[89.40907,22.2596],[89.41039,22.25951],[89.41104,22.26012],[89.41165,22.25971],[89.41257,22.26044],[89.4134,22.26002],[89.41674,22.26367],[89.42235,22.26848],[89.42394,22.27065],[89.42587,22.27409],[89.4257,22.27481],[89.42376,22.27466],[89.42009,22.27277],[89.41697,22.27264],[89.41521,22.27309],[89.4128,22.27417],[89.40875,22.27698],[89.40774,22.27724],[89.40702,22.2762],[89.40639,22.2722],[89.40553,22.27145],[89.40425,22.27123],[89.40283,22.27203],[89.40126,22.27701],[89.40078,22.27794],[89.39987,22.2784],[89.39903,22.27802],[89.39689,22.27571],[89.39555,22.27483],[89.39426,22.27476],[89.39365,22.27499],[89.39296,22.27543],[89.39217,22.27693],[89.39186,22.27883],[89.39253,22.28038],[89.39242,22.2817],[89.38994,22.28407],[89.38912,22.2855],[89.3891,22.28745],[89.38957,22.28947],[89.38994,22.28975],[89.38977,22.29048],[89.39015,22.29074],[89.39066,22.29062],[89.39172,22.28932],[89.39035,22.28781],[89.38998,22.28617],[89.39041,22.2851],[89.39239,22.28342],[89.3933,22.28204],[89.39356,22.2805],[89.39316,22.27772],[89.39363,22.27645],[89.39459,22.27597],[89.39567,22.27626],[89.39898,22.27945],[89.40084,22.27968],[89.40241,22.27732],[89.40376,22.27364],[89.40465,22.27262],[89.40531,22.27296],[89.40556,22.27366],[89.40575,22.27742],[89.40629,22.27808],[89.40743,22.27854],[89.40822,22.2785],[89.40961,22.27783],[89.41433,22.27466],[89.41741,22.27386],[89.42033,22.27431],[89.42359,22.27607],[89.42632,22.27672],[89.42618,22.28186],[89.42507,22.284],[89.42238,22.28636],[89.41531,22.28967],[89.41294,22.29132],[89.41145,22.29173],[89.41079,22.2914],[89.40849,22.28848],[89.40683,22.28778],[89.40513,22.28783],[89.40334,22.28972],[89.40166,22.29228],[89.39364,22.29676],[89.39084,22.29682],[89.3859,22.29498],[89.38372,22.2953],[89.38292,22.29584],[89.38221,22.29696],[89.38162,22.30061],[89.38122,22.30133],[89.37846,22.30205],[89.37667,22.30322],[89.37601,22.30413],[89.37561,22.30602],[89.37651,22.30948],[89.37676,22.3122],[89.37648,22.31419],[89.37552,22.31485],[89.37002,22.31503],[89.36836,22.3156],[89.36795,22.31503],[89.36695,22.3168],[89.3635,22.31863],[89.36092,22.32111],[89.35966,22.32384],[89.36051,22.32456],[89.361,22.32432],[89.36128,22.32288],[89.36188,22.32179]]]},"properties":{"set":"detail"}},{"type":"Feature","geometry":{"type":"Polygon","coordinates":[[[89.48055,22.03896],[89.48553,22.03641],[89.49188,22.03228],[89.49291,22.02989],[89.49617,22.02909],[89.50201,22.0361],[89.50527,22.04087],[89.51162,22.04867],[89.51488,22.05423],[89.51694,22.05885],[89.51883,22.06346],[89.51952,22.06728],[89.51952,22.06982],[89.51797,22.07301],[89.51557,22.07555],[89.51454,22.07317],[89.51093,22.06935],[89.50544,22.06489],[89.4996,22.06108],[89.49342,22.05646],[89.48879,22.05407],[89.48501,22.05264],[89.48106,22.05169],[89.47917,22.05057],[89.47832,22.04787],[89.47952,22.04135],[89.48055,22.03896]]]},"properties":{"set":"detail"}},{"type":"Feature","geometry":{"type":"Polygon","coordinates":[[[89.59694,22.08506],[89.59451,22.0834],[89.59046,22.07857],[89.57798,22.05938],[89.57437,22.05445],[89.57185,22.04652],[89.57238,22.04607],[89.57706,22.0456],[89.57947,22.04494],[89.58229,22.04345],[89.58905,22.03873],[89.59042,22.0381],[89.59109,22.03823],[89.59173,22.03892],[89.59186,22.04037],[89.59116,22.04465],[89.58898,22.05039],[89.58917,22.05264],[89.59183,22.05322],[89.59353,22.05316],[89.5987,22.05233],[89.60076,22.05226],[89.60248,22.05275],[89.60287,22.05325],[89.60305,22.05479],[89.60034,22.06363],[89.59947,22.06783],[89.59937,22.07232],[89.60037,22.07556],[89.60166,22.07707],[89.60295,22.078],[89.60852,22.07845],[89.6103,22.07918],[89.61171,22.08021],[89.61409,22.08263],[89.61507,22.08474],[89.61548,22.08705],[89.61384,22.09106],[89.61025,22.08961],[89.6043,22.08783],[89.60029,22.08607],[89.59878,22.08502],[89.59694,22.08506]]]},"properties":{"set":"detail"}},{"type":"Feature","geometry":{"type":"Polygon","coordinates":[[[89.50657,22.08992],[89.50331,22.09644],[89.50125,22.10169],[89.49816,22.11505],[89.49816,22.12078],[89.49661,22.12603],[89.49541,22.12793],[89.4882,22.13557],[89.48631,22.13732],[89.48528,22.13779],[89.48477,22.1397],[89.48288,22.14113],[89.48099,22.14209],[89.47464,22.1405],[89.47155,22.13891],[89.47,22.13445],[89.46932,22.12841],[89.47172,22.12125],[89.47464,22.1141],[89.47807,22.10758],[89.48185,22.10153],[89.48648,22.0931],[89.49095,22.09135],[89.49781,22.09008],[89.50399,22.08849],[89.50897,22.08642],[89.50657,22.08992]]]},"properties":{"set":"detail"}},{"type":"Feature","geometry":{"type":"Polygon","coordinates":[[[89.46537,22.11553],[89.4712,22.10996],[89.47103,22.11299],[89.46863,22.11919],[89.46811,22.12348],[89.4652,22.13159],[89.46365,22.13095],[89.46125,22.12825],[89.45919,22.12507],[89.45953,22.12205],[89.46537,22.11553]]]},"properties":{"set":"detail"}},{"type":"Feature","geometry":{"type":"Polygon","coordinates":[[[89.4676,22.14892],[89.46897,22.14765],[89.47223,22.14701],[89.47704,22.14749],[89.47756,22.1486],[89.47704,22.15051],[89.47532,22.15369],[89.47429,22.15671],[89.47326,22.15798],[89.47086,22.15719],[89.46794,22.15671],[89.46605,22.15512],[89.46571,22.15385],[89.4676,22.14892]]]},"properties":{"set":"detail"}},{"type":"Feature","geometry":{"type":"Polygon","coordinates":[[[89.45683,22.19505],[89.45709,22.19608],[89.45653,22.19741],[89.45622,22.1995],[89.45585,22.19992],[89.45596,22.20057],[89.45537,22.20153],[89.45568,22.20202],[89.45521,22.20303],[89.45518,22.20533],[89.45448,22.20592],[89.45455,22.20644],[89.45518,22.20662],[89.45533,22.20724],[89.45481,22.20943],[89.45491,22.21035],[89.45446,22.2109],[89.45474,22.21173],[89.45472,22.21428],[89.45556,22.2227],[89.45625,22.22661],[89.45719,22.22984],[89.45809,22.23166],[89.4595,22.23903],[89.45974,22.24406],[89.45902,22.24497],[89.4576,22.2458],[89.45678,22.24581],[89.45497,22.24518],[89.44968,22.24281],[89.43958,22.2372],[89.43537,22.23532],[89.4261,22.23189],[89.42419,22.23143],[89.42295,22.23091],[89.42224,22.23026],[89.42145,22.23031],[89.42086,22.2299],[89.41953,22.22975],[89.41982,22.227],[89.41866,22.22469],[89.41682,22.22352],[89.41345,22.2229],[89.41272,22.22221],[89.41164,22.21994],[89.41001,22.21823],[89.40764,22.21819],[89.40666,22.21849],[89.40072,22.2218],[89.39366,22.22029],[89.39372,22.21958],[89.39631,22.21762],[89.40373,22.21355],[89.40574,22.21119],[89.40594,22.20982],[89.40571,22.20803],[89.40385,22.20534],[89.40079,22.20397],[89.39686,22.20364],[89.39531,22.20276],[89.39346,22.20107],[89.40185,22.20055],[89.40524,22.19968],[89.40861,22.19919],[89.41141,22.19838],[89.41406,22.19671],[89.41627,22.19291],[89.41676,22.1911],[89.41687,22.1878],[89.41645,22.1843],[89.41726,22.18244],[89.42096,22.18009],[89.42969,22.17358],[89.43527,22.1669],[89.43675,22.16625],[89.43912,22.16597],[89.44226,22.165],[89.44545,22.16302],[89.4479,22.1603],[89.44973,22.15765],[89.45171,22.15387],[89.45313,22.15227],[89.45645,22.14952],[89.45853,22.14822],[89.46051,22.14729],[89.46142,22.14727],[89.46194,22.14779],[89.46228,22.14893],[89.46278,22.15124],[89.46257,22.15187],[89.461,22.15258],[89.45817,22.15285],[89.45619,22.1539],[89.455,22.1558],[89.4548,22.1593],[89.45389,22.16079],[89.45242,22.16164],[89.44847,22.16315],[89.44651,22.16447],[89.44152,22.16872],[89.44089,22.16959],[89.44057,22.17084],[89.44234,22.17372],[89.44223,22.17462],[89.43467,22.18009],[89.43327,22.18181],[89.4335,22.18267],[89.43605,22.18407],[89.43631,22.18543],[89.43779,22.18555],[89.43788,22.18508],[89.43735,22.18421],[89.4362,22.18314],[89.43443,22.1823],[89.43437,22.1817],[89.44284,22.17559],[89.44316,22.17351],[89.44152,22.17077],[89.44203,22.16946],[89.44878,22.16397],[89.45387,22.16192],[89.45506,22.16109],[89.45579,22.15945],[89.45587,22.15599],[89.45711,22.15426],[89.45862,22.15363],[89.45995,22.15353],[89.46069,22.15376],[89.46156,22.15334],[89.46331,22.15314],[89.46503,22.15695],[89.46631,22.15833],[89.47007,22.16083],[89.47036,22.1619],[89.46922,22.16579],[89.46791,22.16796],[89.4676,22.16908],[89.46692,22.16954],[89.46705,22.17117],[89.46581,22.17328],[89.46449,22.17751],[89.4631,22.1801],[89.46173,22.18531],[89.46098,22.18662],[89.46101,22.18738],[89.4583,22.19313],[89.45683,22.19505]]]},"properties":{"set":"detail"}},{"type":"Feature","geometry":{"type":"Polygon","coordinates":[[[89.56748,22.18004],[89.57134,22.17594],[89.5721,22.17432],[89.57449,22.17108],[89.58439,22.15961],[89.59028,22.15151],[89.59226,22.14987],[89.59542,22.14499],[89.59834,22.13968],[89.60253,22.13033],[89.60403,22.12777],[89.60694,22.12872],[89.60777,22.12937],[89.60848,22.13061],[89.60859,22.13366],[89.60686,22.13885],[89.60672,22.14161],[89.60742,22.14324],[89.61168,22.14649],[89.6125,22.14771],[89.61218,22.14981],[89.60993,22.15485],[89.60938,22.1581],[89.61032,22.16147],[89.61197,22.16466],[89.61256,22.1665],[89.61394,22.16772],[89.61627,22.16718],[89.62723,22.16716],[89.63115,22.16643],[89.63477,22.16525],[89.63796,22.16352],[89.64308,22.15953],[89.6461,22.15654],[89.64756,22.15395],[89.64799,22.14944],[89.64901,22.14812],[89.6505,22.14784],[89.65548,22.1496],[89.65682,22.1498],[89.65845,22.14965],[89.66049,22.14859],[89.66089,22.14727],[89.66085,22.14565],[89.66014,22.14434],[89.65816,22.1426],[89.65699,22.14112],[89.65649,22.13936],[89.65707,22.13835],[89.66178,22.13742],[89.6635,22.13778],[89.66599,22.14007],[89.66824,22.14319],[89.67084,22.14441],[89.67306,22.14431],[89.67451,22.14373],[89.67591,22.1426],[89.67664,22.14255],[89.6772,22.14079],[89.68013,22.13571],[89.68118,22.13233],[89.67885,22.12558],[89.67854,22.1209],[89.67798,22.11959],[89.67696,22.11836],[89.67193,22.11459],[89.67069,22.11219],[89.67033,22.10763],[89.66974,22.10575],[89.66821,22.10327],[89.66521,22.09985],[89.66508,22.09853],[89.66597,22.09743],[89.66749,22.0971],[89.67222,22.09738],[89.67906,22.09897],[89.68273,22.09882],[89.68371,22.09846],[89.68446,22.0978],[89.68493,22.09687],[89.685,22.09554],[89.68473,22.09461],[89.68348,22.09262],[89.68086,22.09048],[89.67684,22.08929],[89.66883,22.08825],[89.66807,22.08744],[89.66801,22.08664],[89.67219,22.07918],[89.67426,22.07632],[89.6797,22.07156],[89.6837,22.06928],[89.68479,22.06742],[89.69563,22.06874],[89.70297,22.0705],[89.70381,22.07094],[89.70434,22.07233],[89.70484,22.07634],[89.70444,22.08383],[89.70383,22.08789],[89.70438,22.09411],[89.70543,22.09751],[89.70874,22.10274],[89.70917,22.10443],[89.70651,22.12175],[89.70711,22.12548],[89.70788,22.12798],[89.70667,22.13105],[89.70251,22.13803],[89.70053,22.14291],[89.6989,22.14881],[89.6985,22.15519],[89.69772,22.15798],[89.69619,22.16099],[89.69209,22.16737],[89.68937,22.17371],[89.68879,22.17657],[89.68895,22.181],[89.68974,22.18398],[89.69181,22.18796],[89.69204,22.18914],[89.68904,22.19285],[89.68819,22.19449],[89.68731,22.19793],[89.6872,22.19996],[89.68896,22.20485],[89.69539,22.21715],[89.69976,22.22276],[89.70298,22.22795],[89.71297,22.23908],[89.71716,22.24463],[89.72001,22.25064],[89.72248,22.25699],[89.72476,22.26142],[89.73149,22.27063],[89.73505,22.27775],[89.73435,22.27894],[89.73316,22.27918],[89.72751,22.27754],[89.72044,22.275],[89.7069,22.27122],[89.70441,22.27122],[89.70267,22.27163],[89.70128,22.27218],[89.69937,22.27347],[89.69864,22.27523],[89.69852,22.27844],[89.69899,22.28067],[89.69967,22.28154],[89.70152,22.28653],[89.70371,22.29393],[89.7053,22.3036],[89.70512,22.30599],[89.70473,22.30674],[89.70344,22.30777],[89.69589,22.31064],[89.69437,22.31146],[89.69172,22.31352],[89.69127,22.31435],[89.69074,22.31464],[89.68813,22.32003],[89.6877,22.32318],[89.68771,22.32635],[89.68731,22.32778],[89.6867,22.32829],[89.68063,22.33064],[89.67851,22.33216],[89.6771,22.33391],[89.67575,22.33697],[89.6747,22.34077],[89.67128,22.34751],[89.66916,22.3586],[89.66699,22.36327],[89.66546,22.36524],[89.66415,22.36603],[89.66057,22.36714],[89.65888,22.36726],[89.65242,22.36444],[89.65051,22.36392],[89.64718,22.36364],[89.64265,22.3643],[89.6407,22.36405],[89.6399,22.36349],[89.63944,22.35817],[89.63992,22.35592],[89.63929,22.35219],[89.63807,22.34991],[89.63744,22.34928],[89.6365,22.34893],[89.63624,22.34784],[89.63662,22.3409],[89.63429,22.33283],[89.632,22.32733],[89.62995,22.32336],[89.62484,22.31554],[89.61705,22.30553],[89.61318,22.29737],[89.61228,22.2973],[89.61124,22.29649],[89.60731,22.29106],[89.59935,22.28279],[89.59327,22.27598],[89.59345,22.2744],[89.59667,22.26478],[89.59755,22.26123],[89.59798,22.25829],[89.59768,22.25325],[89.59655,22.24768],[89.59515,22.24298],[89.58932,22.22796],[89.58643,22.22279],[89.58189,22.21778],[89.57711,22.21481],[89.57137,22.21242],[89.56806,22.21141],[89.56545,22.21075],[89.56097,22.21033],[89.55527,22.20881],[89.55361,22.20806],[89.55302,22.20734],[89.5526,22.20558],[89.55339,22.20147],[89.55462,22.19753],[89.5577,22.19071],[89.5603,22.18677],[89.56748,22.18004]]]},"properties":{"set":"detail"}},{"type":"Feature","geometry":{"type":"Polygon","coordinates":[[[89.44907,22.32084],[89.44581,22.32577],[89.43448,22.33402],[89.42813,22.34037],[89.42384,22.34593],[89.42264,22.34593],[89.42144,22.34466],[89.42178,22.34244],[89.42281,22.33831],[89.42453,22.33513],[89.4259,22.33037],[89.4259,22.32608],[89.42367,22.32211],[89.42075,22.32068],[89.41766,22.31449],[89.41526,22.31068],[89.41217,22.30782],[89.41011,22.30496],[89.41011,22.30385],[89.41182,22.30179],[89.41749,22.29782],[89.42247,22.2948],[89.42727,22.29083],[89.43191,22.28574],[89.43311,22.28034],[89.43311,22.27447],[89.43071,22.26891],[89.42144,22.26033],[89.41938,22.25651],[89.41423,22.2419],[89.41388,22.2392],[89.41526,22.23681],[89.41817,22.23522],[89.42744,22.2384],[89.435,22.2419],[89.44478,22.24857],[89.45028,22.25016],[89.45611,22.25095],[89.46006,22.25191],[89.46469,22.25683],[89.46899,22.26208],[89.47671,22.26875],[89.47791,22.27113],[89.47602,22.27526],[89.46658,22.28813],[89.46263,22.29496],[89.46075,22.30131],[89.45731,22.31084],[89.45508,22.31465],[89.45131,22.31798],[89.44907,22.32084]]]},"properties":{"set":"detail"}},{"type":"Feature","geometry":{"type":"Polygon","coordinates":[[[89.42607,22.40324],[89.42281,22.41863],[89.42384,22.42561],[89.42264,22.4318],[89.42006,22.44909],[89.41817,22.45465],[89.41543,22.45433],[89.40925,22.44862],[89.40221,22.44592],[89.39981,22.44322],[89.39775,22.44259],[89.39122,22.44354],[89.39019,22.44433],[89.38831,22.44814],[89.3871,22.4483],[89.38556,22.44719],[89.38316,22.44687],[89.38178,22.44782],[89.37989,22.4502],[89.37921,22.45258],[89.37835,22.45306],[89.37732,22.4529],[89.3756,22.45211],[89.37371,22.45227],[89.37251,22.45338],[89.37062,22.45433],[89.36805,22.45147],[89.36479,22.44164],[89.36444,22.43957],[89.36599,22.43497],[89.36616,22.42958],[89.36444,22.42783],[89.36324,22.42736],[89.36273,22.42625],[89.36273,22.42402],[89.36153,22.42101],[89.36015,22.41895],[89.35878,22.41768],[89.35826,22.41625],[89.3629,22.41514],[89.36376,22.41387],[89.3641,22.40816],[89.36668,22.39419],[89.36874,22.38943],[89.36874,22.38609],[89.36805,22.38213],[89.36616,22.37943],[89.36513,22.37705],[89.36479,22.3753],[89.36513,22.37403],[89.3665,22.37308],[89.36891,22.37371],[89.37148,22.37371],[89.37526,22.37435],[89.37835,22.37451],[89.38075,22.37451],[89.38281,22.37371],[89.38419,22.37213],[89.38453,22.37038],[89.38453,22.36514],[89.38384,22.35927],[89.38264,22.35339],[89.38281,22.35228],[89.38367,22.35085],[89.38607,22.34863],[89.38762,22.34911],[89.39122,22.34911],[89.39655,22.34974],[89.39878,22.34974],[89.40067,22.34911],[89.40238,22.34673],[89.40221,22.34466],[89.39843,22.33767],[89.39792,22.33545],[89.40015,22.33371],[89.40221,22.33307],[89.40564,22.33053],[89.40942,22.32894],[89.41268,22.32656],[89.4156,22.32529],[89.41783,22.32386],[89.42058,22.32291],[89.42229,22.32434],[89.4235,22.32608],[89.42401,22.32815],[89.42401,22.33053],[89.42264,22.33466],[89.42092,22.3372],[89.41972,22.34053],[89.4192,22.34323],[89.42092,22.34704],[89.42247,22.348],[89.42126,22.35149],[89.4132,22.35736],[89.41079,22.36054],[89.40787,22.36355],[89.40667,22.36641],[89.40839,22.37546],[89.4077,22.37784],[89.40461,22.38022],[89.40221,22.38308],[89.39981,22.38752],[89.39946,22.38943],[89.39964,22.39086],[89.39861,22.39197],[89.39483,22.39165],[89.39277,22.3926],[89.38916,22.39673],[89.38453,22.39959],[89.38144,22.40006],[89.37972,22.40101],[89.37904,22.40244],[89.37938,22.40355],[89.38058,22.40498],[89.38161,22.40689],[89.38264,22.40657],[89.37989,22.40276],[89.38058,22.40133],[89.38504,22.40022],[89.38779,22.39863],[89.39088,22.39641],[89.39311,22.39355],[89.39517,22.39276],[89.39895,22.39276],[89.39964,22.39292],[89.39964,22.39387],[89.40049,22.39514],[89.40324,22.39593],[89.40461,22.39514],[89.40238,22.39482],[89.40101,22.39403],[89.39964,22.39181],[89.40101,22.38959],[89.40187,22.38594],[89.40358,22.38324],[89.40633,22.38022],[89.40805,22.37879],[89.40873,22.37768],[89.40925,22.37609],[89.40908,22.37308],[89.40839,22.36943],[89.40873,22.3653],[89.41028,22.36308],[89.41354,22.35943],[89.41749,22.35593],[89.42092,22.35403],[89.42229,22.35435],[89.42247,22.35831],[89.4247,22.36403],[89.43002,22.37467],[89.43345,22.37895],[89.43671,22.38181],[89.43809,22.38435],[89.43689,22.38673],[89.43088,22.39308],[89.4283,22.39768],[89.42058,22.4007],[89.4235,22.40006],[89.42693,22.40006],[89.42607,22.40324]]]},"properties":{"set":"detail"}},{"type":"Feature","geometry":{"type":"Polygon","coordinates":[[[89.88505,22.09575],[89.88123,22.09102],[89.87848,22.08823],[89.87462,22.08327],[89.87506,22.08132],[89.87681,22.07736],[89.87773,22.07662],[89.87895,22.07735],[89.88303,22.08176],[89.88556,22.08498],[89.88776,22.08844],[89.88849,22.09034],[89.8888,22.09236],[89.88865,22.09447],[89.88762,22.09674],[89.8868,22.09714],[89.88505,22.09575]]]},"properties":{"set":"detail"}},{"type":"Feature","geometry":{"type":"Polygon","coordinates":[[[89.82496,22.09882],[89.82321,22.09683],[89.82325,22.09635],[89.82496,22.09658],[89.82831,22.09939],[89.8281,22.09955],[89.82496,22.09882]]]},"properties":{"set":"detail"}},{"type":"Feature","geometry":{"type":"Polygon","coordinates":[[[89.82749,22.10205],[89.82532,22.09919],[89.82895,22.09997],[89.83082,22.10162],[89.83385,22.10511],[89.83595,22.10814],[89.83749,22.11113],[89.83851,22.11388],[89.83887,22.11668],[89.83839,22.11647],[89.83491,22.1125],[89.82749,22.10205]]]},"properties":{"set":"detail"}},{"type":"Feature","geometry":{"type":"Polygon","coordinates":[[[89.88546,22.113],[89.88629,22.11714],[89.88611,22.11785],[89.88542,22.1182],[89.88652,22.11847],[89.88693,22.11923],[89.88829,22.12712],[89.88836,22.13268],[89.88763,22.13924],[89.88567,22.1475],[89.88057,22.16189],[89.87822,22.16952],[89.87643,22.17713],[89.87503,22.19021],[89.87394,22.19356],[89.87254,22.19573],[89.8651,22.20425],[89.86162,22.20684],[89.85586,22.21013],[89.85156,22.21147],[89.84637,22.2136],[89.8451,22.21372],[89.84226,22.21478],[89.83998,22.21381],[89.83895,22.21383],[89.83726,22.21328],[89.83442,22.2118],[89.83205,22.21116],[89.82673,22.21146],[89.81728,22.21021],[89.81186,22.20993],[89.81061,22.20954],[89.81022,22.2087],[89.81038,22.20801],[89.81551,22.20231],[89.81964,22.19651],[89.82609,22.18314],[89.83687,22.16467],[89.83661,22.1627],[89.83678,22.16175],[89.83623,22.15971],[89.83479,22.15769],[89.83265,22.15549],[89.82888,22.15265],[89.82375,22.14967],[89.81345,22.14536],[89.81295,22.14464],[89.81324,22.1434],[89.81389,22.14237],[89.81604,22.14043],[89.82209,22.13695],[89.83013,22.13287],[89.83816,22.12755],[89.84017,22.12527],[89.84165,22.12247],[89.84211,22.12022],[89.84217,22.11696],[89.84129,22.11238],[89.83932,22.10786],[89.83575,22.10229],[89.8321,22.098],[89.82605,22.09234],[89.81422,22.08229],[89.80804,22.0774],[89.80446,22.07553],[89.8043,22.07475],[89.80738,22.0731],[89.81383,22.06764],[89.81586,22.06656],[89.81881,22.06562],[89.82608,22.06478],[89.83408,22.0656],[89.84058,22.06429],[89.84242,22.06435],[89.84302,22.06482],[89.84406,22.06488],[89.84475,22.06528],[89.84563,22.0651],[89.84906,22.06871],[89.85308,22.07457],[89.85785,22.08075],[89.8632,22.08656],[89.86483,22.08795],[89.87493,22.09457],[89.877,22.09648],[89.87984,22.10045],[89.88219,22.10501],[89.88404,22.10894],[89.88546,22.113]]]},"properties":{"set":"detail"}},{"type":"Feature","geometry":{"type":"Polygon","coordinates":[[[89.88878,22.16358],[89.88762,22.16671],[89.88682,22.16712],[89.88593,22.16683],[89.88548,22.16571],[89.88569,22.16353],[89.88839,22.15373],[89.88994,22.1512],[89.89023,22.15174],[89.89034,22.15504],[89.88954,22.16088],[89.88878,22.16358]]]},"properties":{"set":"detail"}},{"type":"Feature","geometry":{"type":"Polygon","coordinates":[[[89.72258,22.13305],[89.72642,22.13317],[89.73038,22.13282],[89.73467,22.13312],[89.73829,22.13406],[89.73934,22.13496],[89.74025,22.13522],[89.74075,22.13613],[89.73988,22.13739],[89.7395,22.14034],[89.73969,22.14417],[89.7404,22.1489],[89.73968,22.15619],[89.73975,22.16118],[89.74066,22.16739],[89.7407,22.17375],[89.74134,22.17659],[89.74398,22.18296],[89.74479,22.18606],[89.74395,22.18752],[89.73719,22.1896],[89.73264,22.19202],[89.73015,22.19409],[89.72855,22.19653],[89.72823,22.1982],[89.72834,22.19952],[89.73145,22.20718],[89.7324,22.20854],[89.73406,22.20998],[89.73698,22.2113],[89.73728,22.21224],[89.73311,22.22014],[89.73107,22.2209],[89.72516,22.22029],[89.71942,22.21864],[89.70973,22.21264],[89.70425,22.20846],[89.703,22.20781],[89.70069,22.20749],[89.69616,22.20946],[89.69194,22.19862],[89.69219,22.19736],[89.69291,22.19642],[89.69451,22.19576],[89.69612,22.19664],[89.70071,22.20079],[89.70219,22.20176],[89.70501,22.20277],[89.70698,22.20301],[89.70843,22.2028],[89.71052,22.20183],[89.71191,22.20064],[89.71348,22.19833],[89.71414,22.19586],[89.71409,22.19045],[89.7135,22.18858],[89.71167,22.18554],[89.70913,22.18387],[89.70562,22.18339],[89.70307,22.18382],[89.69774,22.18613],[89.69633,22.18512],[89.69459,22.18286],[89.69389,22.1802],[89.69631,22.16985],[89.69742,22.16748],[89.70064,22.16258],[89.70294,22.15749],[89.70436,22.15262],[89.70544,22.14525],[89.70615,22.14266],[89.70908,22.13676],[89.71121,22.13074],[89.71245,22.12953],[89.71654,22.13084],[89.72026,22.13251],[89.72258,22.13305]]]},"properties":{"set":"detail"}},{"type":"Feature","geometry":{"type":"Polygon","coordinates":[[[89.69621,22.19266],[89.69655,22.19173],[89.69843,22.18944],[89.69875,22.18839],[89.69872,22.18686],[89.69979,22.18589],[89.70205,22.18481],[89.70495,22.18401],[89.70716,22.18402],[89.70913,22.1845],[89.71127,22.1858],[89.71283,22.18809],[89.71364,22.19004],[89.71369,22.19147],[89.71342,22.19175],[89.71282,22.19166],[89.71361,22.19302],[89.71382,22.19508],[89.71324,22.198],[89.71167,22.20021],[89.70979,22.20188],[89.7074,22.20248],[89.70392,22.202],[89.70116,22.20028],[89.6954,22.19545],[89.69529,22.19484],[89.69621,22.19266]]]},"properties":{"set":"detail"}},{"type":"Feature","geometry":{"type":"Polygon","coordinates":[[[88.55163,22.0005],[88.54359,21.98227],[88.54125,21.9798],[88.53842,21.97858],[88.53721,21.97865],[88.53132,21.98069],[88.52349,21.98537],[88.52094,21.98562],[88.52033,21.98431],[88.51999,21.9842],[88.51778,21.98755],[88.51952,21.98456],[88.5178,21.98436],[88.51569,21.98308],[88.51443,21.9829],[88.51386,21.98254],[88.51363,21.98181],[88.51281,21.9814],[88.51226,21.98162],[88.51189,21.98135],[88.51199,21.98091],[88.5081,21.97882],[88.5067,21.97763],[88.50566,21.97748],[88.50417,21.97586],[88.50156,21.97408],[88.501,21.97443],[88.50053,21.97414],[88.49991,21.97461],[88.4994,21.97412],[88.49867,21.97454],[88.49924,21.97244],[88.49684,21.96942],[88.49592,21.96737],[88.49569,21.96521],[88.49791,21.96073],[88.50085,21.95748],[88.50228,21.95709],[88.50358,21.95596],[88.50504,21.95526],[88.50505,21.95472],[88.50411,21.95352],[88.5056,21.95442],[88.50636,21.95438],[88.50841,21.9521],[88.50974,21.95157],[88.51826,21.94649],[88.52244,21.94292],[88.5242,21.93924],[88.52538,21.934],[88.52582,21.9304],[88.52453,21.91995],[88.52392,21.91774],[88.5245,21.91774],[88.52483,21.91657],[88.52336,21.91352],[88.52084,21.90976],[88.52039,21.90963],[88.51885,21.91042],[88.51517,21.9077],[88.51027,21.90501],[88.50706,21.90201],[88.50674,21.90007],[88.50565,21.89723],[88.50299,21.89359],[88.49608,21.88627],[88.496,21.88575],[88.49645,21.88476],[88.49599,21.88368],[88.49636,21.88115],[88.49634,21.87773],[88.49841,21.87558],[88.50063,21.87428],[88.50363,21.87071],[88.51003,21.86683],[88.5116,21.86619],[88.51105,21.8649],[88.51135,21.86495],[88.51192,21.86603],[88.51345,21.86565],[88.51337,21.86487],[88.51604,21.86318],[88.51745,21.86194],[88.51869,21.86162],[88.52011,21.85962],[88.5203,21.85866],[88.52164,21.85747],[88.52222,21.85631],[88.52373,21.85518],[88.5262,21.85428],[88.52653,21.8543],[88.52719,21.85533],[88.52796,21.8549],[88.52892,21.85489],[88.5322,21.85604],[88.5354,21.85673],[88.53551,21.85706],[88.53688,21.85797],[88.53768,21.85992],[88.53735,21.86135],[88.53873,21.86377],[88.53742,21.86796],[88.53776,21.87118],[88.5396,21.87385],[88.54209,21.87616],[88.54336,21.8768],[88.54581,21.87867],[88.54696,21.88072],[88.54732,21.88324],[88.54611,21.89046],[88.54613,21.89302],[88.54108,21.89691],[88.54019,21.89798],[88.53911,21.90111],[88.54002,21.90345],[88.54274,21.90566],[88.54406,21.90606],[88.54633,21.90583],[88.54899,21.90491],[88.55418,21.90244],[88.56043,21.89884],[88.56308,21.89849],[88.56522,21.89918],[88.56836,21.90143],[88.56949,21.90237],[88.57059,21.90408],[88.57057,21.90551],[88.5702,21.9064],[88.56614,21.91017],[88.56193,21.91292],[88.55197,21.91738],[88.55022,21.91892],[88.54937,21.92024],[88.54861,21.92233],[88.54822,21.92651],[88.54837,21.92891],[88.5479,21.93003],[88.54864,21.93121],[88.54879,21.93363],[88.54796,21.93577],[88.54822,21.93627],[88.54719,21.93948],[88.54578,21.94168],[88.54508,21.94171],[88.54315,21.94547],[88.54209,21.94852],[88.5403,21.96366],[88.54033,21.96492],[88.54091,21.96503],[88.54035,21.96513],[88.54049,21.96588],[88.54227,21.97022],[88.54358,21.97239],[88.5441,21.97272],[88.54405,21.97323],[88.54488,21.97304],[88.54854,21.97432],[88.54929,21.97402],[88.5526,21.97445],[88.55499,21.97438],[88.55667,21.97395],[88.55839,21.97305],[88.56008,21.9712],[88.56128,21.96907],[88.56425,21.96134],[88.56673,21.9591],[88.56842,21.95852],[88.57114,21.95857],[88.57408,21.95906],[88.57623,21.95984],[88.57655,21.96066],[88.57642,21.96365],[88.57488,21.97465],[88.5753,21.97787],[88.5762,21.97993],[88.57801,21.98231],[88.57842,21.9834],[88.57915,21.98367],[88.58112,21.9854],[88.58388,21.98721],[88.5841,21.98859],[88.58362,21.9908],[88.58155,21.99381],[88.57767,21.9965],[88.57305,21.99825],[88.56511,22.00041],[88.56473,22.0005],[88.56216,22.00137],[88.55854,22.00353],[88.55725,22.00391],[88.55723,22.00431],[88.55623,22.00453],[88.55423,22.00363],[88.55163,22.0005]]]},"properties":{"set":"detail"}},{"type":"Feature","geometry":{"type":"Polygon","coordinates":[[[88.6414,22.0005],[88.63489,21.99577],[88.63335,21.98836],[88.63179,21.98263],[88.63115,21.97606],[88.62853,21.96552],[88.62923,21.95987],[88.6315,21.9548],[88.63279,21.95328],[88.63458,21.95205],[88.63751,21.95169],[88.63885,21.9522],[88.64117,21.95429],[88.64267,21.95475],[88.64477,21.95481],[88.64505,21.95517],[88.64526,21.95482],[88.64597,21.95472],[88.64649,21.95495],[88.6474,21.95468],[88.64814,21.95505],[88.64852,21.95473],[88.64946,21.95495],[88.64981,21.9547],[88.65143,21.95493],[88.65237,21.95477],[88.65316,21.95521],[88.65401,21.95493],[88.65516,21.95571],[88.65791,21.95522],[88.65813,21.95494],[88.65825,21.9552],[88.65855,21.95435],[88.65961,21.95471],[88.66049,21.95457],[88.66161,21.95365],[88.66218,21.95382],[88.66236,21.95332],[88.66296,21.95396],[88.66373,21.95385],[88.66442,21.95223],[88.66504,21.95195],[88.66578,21.95081],[88.66655,21.95118],[88.66726,21.95011],[88.66758,21.9505],[88.66796,21.95011],[88.66845,21.95049],[88.6689,21.95009],[88.66923,21.95025],[88.66951,21.94966],[88.66993,21.94963],[88.67041,21.9489],[88.67101,21.94886],[88.67152,21.94803],[88.67181,21.94812],[88.67186,21.94777],[88.67297,21.94721],[88.67614,21.94434],[88.67691,21.94434],[88.67758,21.94391],[88.67785,21.94416],[88.6783,21.94406],[88.67896,21.94534],[88.67983,21.94532],[88.68078,21.94706],[88.68147,21.94733],[88.6815,21.94865],[88.68254,21.94905],[88.68289,21.95055],[88.68525,21.95238],[88.68532,21.95276],[88.6827,21.95319],[88.68123,21.95313],[88.67138,21.951],[88.66947,21.95145],[88.66801,21.95263],[88.66564,21.95659],[88.66506,21.95833],[88.66482,21.95946],[88.66499,21.96072],[88.66667,21.9648],[88.66632,21.96589],[88.66584,21.96623],[88.66386,21.96609],[88.65816,21.9633],[88.65761,21.9631],[88.65652,21.96341],[88.65536,21.96433],[88.64995,21.97287],[88.6499,21.97335],[88.6504,21.97337],[88.65128,21.97234],[88.65577,21.96486],[88.65674,21.96388],[88.65783,21.96385],[88.66145,21.96613],[88.66358,21.96699],[88.66608,21.967],[88.66723,21.96613],[88.66772,21.96476],[88.66746,21.96362],[88.66598,21.96063],[88.66603,21.95852],[88.66786,21.95444],[88.66956,21.95234],[88.67031,21.95203],[88.6719,21.95204],[88.67794,21.95368],[88.68295,21.95471],[88.68406,21.95469],[88.68462,21.9549],[88.68542,21.95606],[88.68628,21.95645],[88.68692,21.95745],[88.68743,21.95763],[88.69019,21.96058],[88.6911,21.96194],[88.69158,21.96226],[88.6921,21.96202],[88.69253,21.96228],[88.69277,21.9633],[88.69342,21.96398],[88.69381,21.96552],[88.69332,21.96662],[88.6921,21.96806],[88.69057,21.96925],[88.68666,21.97132],[88.68525,21.97282],[88.68469,21.9739],[88.68493,21.97537],[88.69163,21.98364],[88.69195,21.98471],[88.6914,21.98669],[88.68873,21.98964],[88.68628,21.99153],[88.68301,21.99327],[88.68127,21.9936],[88.68031,21.99332],[88.67952,21.99252],[88.67786,21.98508],[88.67686,21.98317],[88.67567,21.98218],[88.67379,21.98138],[88.67168,21.98134],[88.66454,21.9831],[88.6623,21.98421],[88.6617,21.98552],[88.66066,21.99082],[88.6603,21.99487],[88.65989,21.99578],[88.65872,21.99666],[88.65394,21.99796],[88.65293,21.99881],[88.65266,22.00018],[88.65265,22.0005],[88.65258,22.00266],[88.65204,22.00378],[88.65089,22.00439],[88.6492,22.00455],[88.64644,22.00423],[88.6414,22.0005]]]},"properties":{"set":"detail"}},{"type":"Feature","geometry":{"type":"Polygon","coordinates":[[[88.75383,22.0005],[88.74922,21.99567],[88.74252,21.98938],[88.74224,21.98827],[88.74299,21.98615],[88.74299,21.9853],[88.74396,21.98408],[88.74569,21.98426],[88.74703,21.9854],[88.75109,21.98788],[88.75519,21.99179],[88.7568,21.99353],[88.75857,21.99633],[88.75952,22.00043],[88.75953,22.0005],[88.75951,22.0041],[88.75914,22.00565],[88.75841,22.00674],[88.75383,22.0005]]]},"properties":{"set":"detail"}},{"type":"Feature","geometry":{"type":"Polygon","coordinates":[[[88.65313,22.0005],[88.65338,21.99907],[88.65385,21.99854],[88.65898,21.99697],[88.6601,21.99633],[88.66077,21.99485],[88.66126,21.99082],[88.66258,21.98484],[88.6636,21.98418],[88.66783,21.9827],[88.67289,21.9819],[88.67444,21.98217],[88.67588,21.98309],[88.67713,21.98545],[88.67835,21.99167],[88.67934,21.9935],[88.68033,21.99415],[88.68215,21.9943],[88.68404,21.9938],[88.68571,21.99301],[88.6891,21.99069],[88.69092,21.98883],[88.69238,21.98677],[88.69283,21.98569],[88.69289,21.98456],[88.69253,21.98337],[88.69084,21.98074],[88.68587,21.97436],[88.6863,21.97327],[88.6882,21.97184],[88.69168,21.97054],[88.69344,21.96952],[88.69487,21.97414],[88.69473,21.97476],[88.69527,21.97479],[88.69526,21.97546],[88.69626,21.97718],[88.69695,21.97749],[88.6972,21.97812],[88.69774,21.97832],[88.69771,21.97864],[88.69846,21.97925],[88.69827,21.97995],[88.69871,21.97992],[88.69904,21.98115],[88.69957,21.98129],[88.69946,21.98198],[88.69985,21.98212],[88.70044,21.9831],[88.70034,21.98391],[88.70178,21.98613],[88.70959,21.99389],[88.71226,21.99589],[88.71493,22.00031],[88.71495,22.0005],[88.71471,22.00112],[88.71017,22.00185],[88.70764,22.00182],[88.70506,22.00304],[88.6997,22.00434],[88.69583,22.00709],[88.69209,22.01108],[88.69147,22.01101],[88.69116,22.01145],[88.69125,22.01189],[88.68888,22.0122],[88.68763,22.01293],[88.68163,22.01515],[88.67819,22.01678],[88.67625,22.01806],[88.67507,22.01832],[88.67501,22.01858],[88.67225,22.01875],[88.67141,22.01871],[88.66669,22.01695],[88.66539,22.01686],[88.66081,22.01698],[88.65646,22.01785],[88.65286,22.01341],[88.64751,22.00572],[88.65122,22.00494],[88.65249,22.00414],[88.65318,22.00258],[88.65313,22.0005]]]},"properties":{"set":"detail"}},{"type":"Feature","geometry":{"type":"Polygon","coordinates":[[[88.07774,22.0005],[88.07763,21.99992],[88.0767,21.99973],[88.07497,21.99765],[88.07517,21.99655],[88.0737,21.99494],[88.0738,21.99472],[88.07111,21.99097],[88.07089,21.98964],[88.06961,21.9873],[88.06948,21.98591],[88.06822,21.98408],[88.06495,21.97828],[88.06422,21.97623],[88.06331,21.97495],[88.0583,21.96097],[88.05496,21.9533],[88.05449,21.94999],[88.05368,21.94902],[88.05285,21.94656],[88.05142,21.93937],[88.05151,21.93289],[88.05106,21.93137],[88.05114,21.93028],[88.04985,21.92499],[88.04925,21.92102],[88.04812,21.91726],[88.04845,21.91498],[88.04961,21.91396],[88.05195,21.91389],[88.05317,21.91477],[88.05437,21.9149],[88.055,21.91553],[88.05607,21.91568],[88.05629,21.91607],[88.05821,21.91663],[88.05975,21.91766],[88.06145,21.91822],[88.06236,21.91941],[88.06424,21.92043],[88.06726,21.92177],[88.06847,21.92178],[88.07035,21.92392],[88.07219,21.92503],[88.07489,21.92732],[88.07591,21.92872],[88.07669,21.93083],[88.08,21.93436],[88.0815,21.93712],[88.08339,21.93916],[88.0851,21.94241],[88.08605,21.94329],[88.08739,21.94566],[88.08949,21.94767],[88.08955,21.94826],[88.09247,21.95283],[88.0939,21.95631],[88.09544,21.95663],[88.09588,21.9574],[88.09618,21.95907],[88.09956,21.96301],[88.10046,21.96446],[88.10121,21.96652],[88.10382,21.96947],[88.10502,21.97367],[88.10559,21.9736],[88.10701,21.97476],[88.10885,21.97702],[88.10977,21.98039],[88.1103,21.98139],[88.11125,21.98224],[88.11151,21.98349],[88.11368,21.98442],[88.11574,21.98655],[88.12426,22.0005],[88.12683,22.00429],[88.1283,22.00729],[88.13021,22.00938],[88.13433,22.01517],[88.13984,22.02096],[88.14353,22.02432],[88.14025,22.02508],[88.13819,22.02517],[88.13086,22.02151],[88.13063,22.02182],[88.13069,22.02334],[88.12941,22.02379],[88.12875,22.02358],[88.12848,22.024],[88.12642,22.02394],[88.12621,22.02367],[88.11911,22.02401],[88.11723,22.0238],[88.11556,22.02414],[88.1144,22.0247],[88.10814,22.02326],[88.10142,22.02069],[88.09721,22.01845],[88.09248,22.01401],[88.08843,22.01185],[88.08468,22.00913],[88.08488,22.00771],[88.08244,22.00642],[88.08133,22.00547],[88.07897,22.00225],[88.07817,22.00162],[88.07774,22.0005]]]},"properties":{"set":"detail"}},{"type":"Feature","geometry":{"type":"Polygon","coordinates":[[[88.76094,22.0005],[88.76078,21.99951],[88.75949,21.99567],[88.75709,21.99224],[88.75352,21.98843],[88.75357,21.98811],[88.75742,21.98771],[88.76051,21.98669],[88.76237,21.98639],[88.76457,21.98687],[88.76945,21.99064],[88.77119,21.99138],[88.77424,21.99164],[88.77783,21.99063],[88.77929,21.98985],[88.78244,21.98615],[88.78541,21.98435],[88.78551,21.98296],[88.78488,21.981],[88.78215,21.9783],[88.78149,21.97628],[88.78223,21.97459],[88.78592,21.97291],[88.79046,21.97227],[88.79948,21.9721],[88.80529,21.97075],[88.81439,21.9709],[88.81595,21.97122],[88.8186,21.97239],[88.82334,21.97558],[88.83139,21.97956],[88.83444,21.98036],[88.83656,21.98058],[88.83902,21.98027],[88.84081,21.97944],[88.84375,21.97604],[88.84489,21.97303],[88.84465,21.96398],[88.84404,21.96157],[88.8415,21.95473],[88.84046,21.94806],[88.84097,21.94406],[88.84234,21.94202],[88.84588,21.93921],[88.84763,21.93848],[88.85727,21.93562],[88.86362,21.93405],[88.86685,21.93302],[88.86875,21.93205],[88.86965,21.93139],[88.87122,21.92942],[88.87237,21.92646],[88.87265,21.92376],[88.87337,21.92307],[88.87702,21.9232],[88.88222,21.92273],[88.88556,21.92148],[88.8882,21.92118],[88.88988,21.92131],[88.89671,21.92291],[88.90149,21.92558],[88.9053,21.92707],[88.90632,21.92811],[88.90714,21.92955],[88.90701,21.93111],[88.90596,21.9332],[88.90494,21.93645],[88.90434,21.93723],[88.90093,21.93935],[88.90039,21.94004],[88.90002,21.94165],[88.90007,21.94402],[88.89909,21.94462],[88.89668,21.94476],[88.89608,21.94517],[88.89673,21.94558],[88.89936,21.94555],[88.9004,21.94524],[88.90139,21.94397],[88.90101,21.94164],[88.9012,21.94061],[88.90249,21.93969],[88.90441,21.93903],[88.90471,21.93914],[88.90537,21.9418],[88.90518,21.94425],[88.90564,21.95198],[88.90777,21.96398],[88.90764,21.96516],[88.90735,21.96545],[88.90754,21.96874],[88.90651,21.9716],[88.90524,21.97266],[88.90422,21.97263],[88.90082,21.9712],[88.89606,21.9686],[88.89328,21.96826],[88.89001,21.9665],[88.88921,21.96674],[88.8898,21.9674],[88.89258,21.96891],[88.896,21.96969],[88.90121,21.97258],[88.90516,21.97432],[88.90477,21.9769],[88.90316,21.98137],[88.90233,21.98682],[88.90236,21.99222],[88.90338,22.0005],[88.90386,22.00564],[88.90311,22.00907],[88.90247,22.01025],[88.90025,22.01129],[88.89625,22.01208],[88.89196,22.01139],[88.88915,22.01144],[88.88398,22.01087],[88.88036,22.01094],[88.8769,22.01143],[88.87344,22.01341],[88.87156,22.01513],[88.86953,22.0153],[88.86871,22.01493],[88.86791,22.01409],[88.86773,22.01345],[88.8679,22.00723],[88.86743,22.0059],[88.86682,22.0054],[88.86577,22.00559],[88.86329,22.0069],[88.86234,22.00705],[88.85528,22.00707],[88.85103,22.00792],[88.85231,22.00827],[88.85554,22.0077],[88.86235,22.00791],[88.86443,22.00739],[88.86574,22.00656],[88.86664,22.0068],[88.8668,22.00949],[88.86655,22.01233],[88.86683,22.01496],[88.86788,22.0159],[88.87038,22.0172],[88.86871,22.02139],[88.86756,22.02344],[88.86662,22.02426],[88.86445,22.02369],[88.86098,22.021],[88.85753,22.01896],[88.85522,22.01812],[88.8526,22.01774],[88.84756,22.01749],[88.84214,22.01782],[88.82763,22.0209],[88.82569,22.02103],[88.82061,22.02054],[88.8179,22.01987],[88.81427,22.01967],[88.81263,22.01992],[88.80704,22.02356],[88.80565,22.0249],[88.80324,22.02854],[88.80181,22.02932],[88.79986,22.02866],[88.7967,22.0269],[88.79297,22.02454],[88.7887,22.02129],[88.77937,22.01585],[88.77625,22.01501],[88.77321,22.01479],[88.77047,22.0149],[88.76682,22.0155],[88.76392,22.01535],[88.76218,22.0147],[88.7609,22.01067],[88.76098,22.00937],[88.76173,22.0083],[88.762,22.00731],[88.76108,22.00546],[88.76094,22.0005]]]},"properties":{"set":"detail"}},{"type":"Feature","geometry":{"type":"Polygon","coordinates":[[[88.76653,22.05144],[88.76375,22.05147],[88.76157,22.05184],[88.75617,22.05349],[88.75477,22.05362],[88.75249,22.05268],[88.75195,22.05189],[88.75195,22.04966],[88.7547,22.04483],[88.75542,22.04246],[88.75795,22.03833],[88.75839,22.03724],[88.75827,22.03681],[88.75953,22.03575],[88.75944,22.03432],[88.76076,22.03001],[88.76177,22.0226],[88.76251,22.0221],[88.76486,22.02159],[88.77208,22.02093],[88.77538,22.02098],[88.78007,22.0219],[88.78194,22.0237],[88.7906,22.02932],[88.79155,22.03039],[88.79135,22.03151],[88.79039,22.0329],[88.78846,22.03388],[88.7812,22.03554],[88.77948,22.03634],[88.77883,22.03697],[88.77812,22.03783],[88.77786,22.0387],[88.77791,22.04158],[88.77832,22.04275],[88.78021,22.04582],[88.77596,22.04942],[88.77432,22.05052],[88.77267,22.05114],[88.7686,22.0516],[88.76653,22.05144]]]},"properties":{"set":"detail"}},{"type":"Feature","geometry":{"type":"Polygon","coordinates":[[[88.83039,22.0273],[88.83219,22.02749],[88.83255,22.02878],[88.83217,22.03236],[88.83033,22.04085],[88.83004,22.04383],[88.83009,22.04565],[88.83167,22.04941],[88.83151,22.05014],[88.8306,22.05116],[88.82856,22.05258],[88.82787,22.05348],[88.82083,22.05885],[88.81839,22.0615],[88.81711,22.06153],[88.8137,22.06087],[88.81125,22.06095],[88.80954,22.06177],[88.8059,22.06452],[88.80502,22.06454],[88.80358,22.06357],[88.80224,22.05898],[88.80122,22.05706],[88.80017,22.05597],[88.79839,22.05513],[88.79395,22.05438],[88.79266,22.05448],[88.79061,22.05554],[88.78826,22.05973],[88.78728,22.05988],[88.78661,22.05809],[88.78505,22.04795],[88.78386,22.04647],[88.78194,22.04489],[88.78084,22.04301],[88.77956,22.03912],[88.7796,22.03835],[88.78006,22.0378],[88.78183,22.03712],[88.78685,22.03655],[88.78866,22.03588],[88.79158,22.03408],[88.79331,22.03201],[88.79376,22.03101],[88.79869,22.03355],[88.80011,22.03392],[88.80353,22.03405],[88.80633,22.03342],[88.81173,22.03061],[88.81182,22.03002],[88.81251,22.02983],[88.81249,22.02917],[88.81285,22.02904],[88.81335,22.0279],[88.81424,22.02738],[88.81434,22.02665],[88.81501,22.02567],[88.82113,22.02702],[88.82899,22.02745],[88.83039,22.0273]]]},"properties":{"set":"detail"}},{"type":"Feature","geometry":{"type":"Polygon","coordinates":[[[88.74913,22.05684],[88.7503,22.05609],[88.75227,22.05667],[88.75596,22.05579],[88.75875,22.05462],[88.76356,22.0535],[88.77175,22.05444],[88.77311,22.05433],[88.7778,22.05177],[88.78067,22.04839],[88.78158,22.04797],[88.78236,22.04841],[88.78273,22.04953],[88.7838,22.05448],[88.78434,22.05922],[88.78558,22.06127],[88.78764,22.06159],[88.78934,22.06124],[88.79004,22.06068],[88.79104,22.05775],[88.79185,22.05642],[88.79278,22.05575],[88.794,22.05566],[88.79693,22.05608],[88.7986,22.05682],[88.80043,22.05922],[88.80202,22.06369],[88.80277,22.0647],[88.80394,22.06545],[88.80541,22.06577],[88.80686,22.06551],[88.8082,22.0647],[88.81088,22.06235],[88.81193,22.06196],[88.81646,22.06259],[88.81795,22.06331],[88.82012,22.06619],[88.82447,22.0703],[88.82674,22.07152],[88.8276,22.07171],[88.82936,22.07174],[88.83042,22.07094],[88.83282,22.06736],[88.83341,22.06541],[88.83385,22.06503],[88.8345,22.06507],[88.83603,22.06649],[88.83654,22.06824],[88.83445,22.07283],[88.83494,22.07385],[88.83478,22.0743],[88.83297,22.07741],[88.83124,22.08256],[88.82952,22.08489],[88.82781,22.08646],[88.82665,22.08668],[88.81571,22.08132],[88.81385,22.08083],[88.81244,22.08092],[88.80657,22.08253],[88.80351,22.08498],[88.80235,22.08662],[88.80153,22.08872],[88.8014,22.08954],[88.80213,22.09284],[88.80206,22.09384],[88.80112,22.09538],[88.79946,22.09657],[88.79814,22.0981],[88.79845,22.10059],[88.79993,22.10297],[88.80019,22.10595],[88.79957,22.10734],[88.79836,22.1086],[88.79689,22.10929],[88.7949,22.10937],[88.79139,22.1081],[88.78472,22.10716],[88.78308,22.10663],[88.77922,22.10333],[88.77858,22.10235],[88.77776,22.10056],[88.77675,22.09625],[88.77581,22.09388],[88.77379,22.09043],[88.77137,22.08738],[88.76828,22.08451],[88.75818,22.08],[88.75643,22.0776],[88.75298,22.06934],[88.74793,22.0598],[88.74811,22.05816],[88.74913,22.05684]]]},"properties":{"set":"detail"}},{"type":"Feature","geometry":{"type":"Polygon","coordinates":[[[88.94705,22.0005],[88.9477,21.99417],[88.94701,21.98621],[88.94352,21.97901],[88.94182,21.97623],[88.94176,21.97545],[88.93307,21.96739],[88.92957,21.96547],[88.92842,21.96446],[88.92666,21.96239],[88.9266,21.96126],[88.93047,21.94894],[88.9308,21.94543],[88.93162,21.94312],[88.93313,21.94081],[88.93735,21.93596],[88.94266,21.93159],[88.94667,21.92945],[88.95461,21.92641],[88.96592,21.92308],[88.96989,21.92699],[88.97026,21.92788],[88.97021,21.92889],[88.97004,21.92938],[88.96903,21.9303],[88.96406,21.93265],[88.96284,21.93366],[88.9625,21.93487],[88.96,21.93618],[88.95906,21.93719],[88.9583,21.93891],[88.95809,21.9407],[88.95941,21.94614],[88.95978,21.94669],[88.9603,21.94622],[88.96034,21.94554],[88.9592,21.94199],[88.95932,21.93914],[88.96022,21.93738],[88.96171,21.93617],[88.96284,21.93565],[88.96325,21.93555],[88.96588,21.93696],[88.97522,21.93968],[88.97578,21.94042],[88.97547,21.94653],[88.97606,21.95541],[88.97676,21.95892],[88.97664,21.95933],[88.97544,21.95992],[88.97285,21.96041],[88.96967,21.9618],[88.96852,21.96192],[88.96726,21.96146],[88.96499,21.96119],[88.9638,21.96151],[88.96263,21.96227],[88.96194,21.96333],[88.96172,21.96469],[88.96274,21.9671],[88.96572,21.96971],[88.96877,21.97143],[88.96914,21.97231],[88.96834,21.97292],[88.96442,21.97398],[88.96264,21.97482],[88.95971,21.97725],[88.95776,21.97799],[88.95731,21.97955],[88.95823,21.98151],[88.95923,21.98237],[88.96481,21.98241],[88.96823,21.98299],[88.96904,21.98337],[88.97054,21.98464],[88.97251,21.98763],[88.97036,21.98906],[88.96923,21.99021],[88.96801,21.99304],[88.96717,21.99399],[88.96482,21.99467],[88.9619,21.9947],[88.9583,21.9953],[88.95645,21.99659],[88.95482,21.999],[88.95371,21.99948],[88.95172,21.99945],[88.94999,21.9999],[88.9488,22.0005],[88.94695,22.00157],[88.94705,22.0005]]]},"properties":{"set":"detail"}},{"type":"Feature","geometry":{"type":"Polygon","coordinates":[[[88.97445,21.99979],[88.97572,22.00275],[88.97513,22.00497],[88.97362,22.00652],[88.96923,22.00909],[88.96739,22.01079],[88.96609,22.01341],[88.96535,22.01771],[88.96386,22.01771],[88.96299,22.01659],[88.96231,22.01475],[88.96085,22.01342],[88.95979,22.01318],[88.95697,22.01361],[88.95406,22.01516],[88.95333,22.01605],[88.95319,22.0174],[88.95397,22.01865],[88.95852,22.02083],[88.95907,22.02192],[88.95881,22.02295],[88.95804,22.02344],[88.95703,22.02341],[88.95399,22.0214],[88.95272,22.02102],[88.9511,22.02155],[88.95028,22.02295],[88.95046,22.02459],[88.9513,22.02557],[88.95466,22.02615],[88.95524,22.0267],[88.95503,22.0276],[88.95333,22.02923],[88.95321,22.03015],[88.95369,22.03109],[88.95694,22.03159],[88.95795,22.03199],[88.9585,22.03437],[88.96141,22.0369],[88.96163,22.03741],[88.96136,22.03828],[88.95819,22.03967],[88.95751,22.04056],[88.9571,22.04223],[88.95639,22.04344],[88.95231,22.04524],[88.95119,22.04497],[88.95006,22.04262],[88.94863,22.04244],[88.94784,22.04274],[88.94717,22.04372],[88.9471,22.0458],[88.94661,22.04619],[88.94439,22.04671],[88.94313,22.04785],[88.94221,22.0492],[88.94053,22.0551],[88.93959,22.0569],[88.93794,22.05859],[88.93688,22.05888],[88.93526,22.05552],[88.93448,22.05307],[88.93385,22.04635],[88.93418,22.03722],[88.93498,22.03221],[88.93527,22.02765],[88.9364,22.02206],[88.93849,22.01694],[88.94218,22.0113],[88.94454,22.00685],[88.94604,22.00512],[88.94797,22.0047],[88.95005,22.00355],[88.95167,22.00366],[88.95548,22.0062],[88.95613,22.00727],[88.95602,22.00919],[88.95622,22.00902],[88.95651,22.00795],[88.95593,22.00623],[88.95486,22.00518],[88.95242,22.00361],[88.95063,22.00312],[88.94948,22.00339],[88.94777,22.00439],[88.9465,22.00424],[88.94788,22.00187],[88.95113,22.00031],[88.95424,22.00011],[88.95538,21.9995],[88.95615,21.99873],[88.95699,21.99719],[88.95849,21.99622],[88.96111,21.9956],[88.96576,21.99531],[88.96794,21.99436],[88.96875,21.9933],[88.96994,21.99066],[88.97141,21.9892],[88.97209,21.98896],[88.97137,21.99094],[88.97115,21.9937],[88.97143,21.99495],[88.97271,21.99769],[88.97421,21.9995],[88.97445,21.99979]]]},"properties":{"set":"detail"}},{"type":"Feature","geometry":{"type":"Polygon","coordinates":[[[88.8571,22.03545],[88.86179,22.03086],[88.86353,22.02848],[88.8644,22.02825],[88.86693,22.02839],[88.8699,22.02776],[88.87071,22.02742],[88.87256,22.02581],[88.87332,22.02496],[88.87439,22.02274],[88.87574,22.01686],[88.87617,22.01578],[88.87683,22.01508],[88.87799,22.01537],[88.87868,22.01463],[88.88069,22.01501],[88.88358,22.01513],[88.88646,22.01484],[88.88734,22.01528],[88.89235,22.01542],[88.89653,22.01662],[88.89782,22.01738],[88.90088,22.01851],[88.90169,22.02517],[88.90044,22.03572],[88.90051,22.03821],[88.90088,22.04096],[88.90254,22.04617],[88.90349,22.04799],[88.90348,22.04857],[88.90144,22.05067],[88.89932,22.05152],[88.89514,22.05494],[88.8901,22.05699],[88.88606,22.05791],[88.88523,22.05725],[88.89064,22.05224],[88.8917,22.05047],[88.892,22.04816],[88.8916,22.04712],[88.89084,22.04628],[88.88836,22.04525],[88.88459,22.04442],[88.87518,22.04338],[88.8676,22.04307],[88.86128,22.04387],[88.85342,22.04331],[88.85218,22.04286],[88.85164,22.04238],[88.85159,22.04178],[88.8526,22.03976],[88.85438,22.03779],[88.8571,22.03545]]]},"properties":{"set":"detail"}},{"type":"Feature","geometry":{"type":"Polygon","coordinates":[[[88.93922,22.06123],[88.93841,22.06097],[88.93754,22.05955],[88.93939,22.05792],[88.94058,22.0559],[88.94244,22.04932],[88.94463,22.04685],[88.94629,22.04651],[88.94731,22.04595],[88.94731,22.0441],[88.94821,22.04273],[88.94916,22.04258],[88.95005,22.04283],[88.95072,22.04475],[88.95136,22.04534],[88.95189,22.04547],[88.95297,22.04515],[88.95658,22.04369],[88.95731,22.04272],[88.95819,22.04014],[88.95921,22.03939],[88.96134,22.03868],[88.96173,22.03817],[88.96193,22.03725],[88.96145,22.03632],[88.95877,22.03404],[88.95897,22.03256],[88.95847,22.03175],[88.95759,22.03123],[88.95472,22.0309],[88.95389,22.03027],[88.95401,22.02916],[88.95591,22.02721],[88.95599,22.02678],[88.95551,22.02588],[88.95474,22.02546],[88.95269,22.02544],[88.9517,22.02516],[88.95081,22.0239],[88.95097,22.02267],[88.9516,22.02193],[88.95235,22.02162],[88.95348,22.02184],[88.95585,22.02355],[88.95685,22.02395],[88.95816,22.02415],[88.95917,22.02364],[88.95975,22.02206],[88.95935,22.02079],[88.95735,22.01929],[88.95481,22.01836],[88.95387,22.01747],[88.95378,22.01698],[88.95438,22.01581],[88.95627,22.01459],[88.95894,22.01383],[88.96038,22.01391],[88.96153,22.01479],[88.9624,22.01689],[88.96372,22.01879],[88.96498,22.01885],[88.96584,22.01851],[88.96769,22.02099],[88.96893,22.02311],[88.96998,22.02622],[88.97073,22.02732],[88.97223,22.03094],[88.97364,22.03324],[88.97688,22.03744],[88.97693,22.03861],[88.9708,22.04133],[88.96153,22.04818],[88.96023,22.05036],[88.96004,22.05264],[88.96152,22.05429],[88.96379,22.05599],[88.96319,22.05676],[88.96022,22.0583],[88.95949,22.05946],[88.95357,22.05929],[88.94141,22.06154],[88.93922,22.06123]]]},"properties":{"set":"detail"}},{"type":"Feature","geometry":{"type":"Polygon","coordinates":[[[88.91468,21.99953],[88.91467,21.9995],[88.91377,21.99599],[88.91357,21.99252],[88.91448,21.99031],[88.91651,21.9831],[88.91849,21.98148],[88.92088,21.98206],[88.9234,21.98355],[88.92357,21.98392],[88.92846,21.98624],[88.93232,21.98886],[88.93486,21.99135],[88.93485,21.99206],[88.93172,21.9995],[88.92976,22.00322],[88.92874,22.00592],[88.92731,22.01158],[88.92729,22.01288],[88.92616,22.01527],[88.92407,22.02349],[88.92359,22.02846],[88.9236,22.03349],[88.92197,22.04185],[88.92137,22.04364],[88.92143,22.04565],[88.92096,22.04929],[88.9212,22.05555],[88.92226,22.05942],[88.9221,22.06],[88.92262,22.06017],[88.92343,22.06177],[88.92379,22.06354],[88.92428,22.06375],[88.92431,22.06423],[88.92721,22.06719],[88.93267,22.07082],[88.937,22.07295],[88.94044,22.07388],[88.94381,22.0743],[88.94964,22.07447],[88.95539,22.07423],[88.95903,22.07456],[88.96288,22.07567],[88.96652,22.07833],[88.96725,22.08007],[88.96723,22.08072],[88.96415,22.08631],[88.96331,22.09135],[88.96131,22.09327],[88.95804,22.09474],[88.95679,22.09573],[88.95591,22.09694],[88.95575,22.10058],[88.9554,22.10145],[88.95473,22.102],[88.95202,22.10251],[88.95112,22.10352],[88.95118,22.10458],[88.95171,22.10517],[88.95257,22.10552],[88.95675,22.10546],[88.9596,22.1069],[88.96315,22.10724],[88.96417,22.10858],[88.96501,22.11121],[88.96663,22.11352],[88.96701,22.11367],[88.96703,22.11331],[88.96525,22.1106],[88.96431,22.10782],[88.96337,22.10675],[88.96,22.10651],[88.95685,22.10492],[88.95237,22.10493],[88.95188,22.10456],[88.95166,22.10381],[88.95252,22.10307],[88.95495,22.10259],[88.95606,22.10178],[88.95658,22.10073],[88.95651,22.09802],[88.95701,22.0967],[88.95822,22.09559],[88.96144,22.0942],[88.96322,22.09273],[88.96429,22.09078],[88.9648,22.08687],[88.96552,22.08543],[88.968,22.08256],[88.96863,22.0827],[88.96914,22.08309],[88.96975,22.08484],[88.97354,22.09848],[88.9753,22.10247],[88.98034,22.11188],[88.98188,22.11527],[88.98317,22.11963],[88.98285,22.12022],[88.9771,22.12243],[88.96735,22.1237],[88.96674,22.12395],[88.96661,22.12453],[88.96705,22.12608],[88.96784,22.12831],[88.96811,22.12842],[88.9672,22.12509],[88.96768,22.12432],[88.97133,22.12358],[88.97684,22.12305],[88.98041,22.12175],[88.98358,22.12109],[88.98559,22.13199],[88.98584,22.13824],[88.98498,22.13802],[88.98394,22.13692],[88.98244,22.13329],[88.98162,22.13206],[88.98047,22.13142],[88.97917,22.13137],[88.9782,22.13181],[88.97693,22.13309],[88.97389,22.13755],[88.96899,22.14192],[88.968,22.14941],[88.96965,22.15363],[88.96983,22.15462],[88.96939,22.15568],[88.9686,22.15602],[88.96548,22.15614],[88.96463,22.15713],[88.96399,22.15891],[88.96332,22.15953],[88.96176,22.15927],[88.95891,22.15762],[88.95826,22.15776],[88.95859,22.15822],[88.9612,22.15979],[88.96314,22.16031],[88.96473,22.15945],[88.96529,22.15742],[88.96587,22.1568],[88.96877,22.15689],[88.97014,22.15603],[88.97062,22.15503],[88.97062,22.15404],[88.96873,22.14906],[88.96977,22.14289],[88.97064,22.14151],[88.97439,22.13841],[88.97843,22.1329],[88.97924,22.13225],[88.98031,22.13232],[88.98096,22.13311],[88.98239,22.13685],[88.98559,22.14112],[88.98492,22.1449],[88.98497,22.1481],[88.98158,22.15213],[88.97705,22.15556],[88.97449,22.15797],[88.96859,22.16535],[88.96658,22.16908],[88.96373,22.17687],[88.96243,22.18153],[88.96099,22.18885],[88.96058,22.18948],[88.95905,22.18973],[88.95739,22.18979],[88.95283,22.18912],[88.94994,22.18918],[88.94343,22.19079],[88.94264,22.19058],[88.94271,22.18986],[88.94581,22.18732],[88.94671,22.18603],[88.9469,22.18435],[88.94637,22.18307],[88.94476,22.18157],[88.94367,22.18111],[88.93891,22.18071],[88.93788,22.18029],[88.93673,22.17918],[88.93575,22.17758],[88.93394,22.17624],[88.93002,22.17508],[88.9264,22.17579],[88.92624,22.17522],[88.927,22.17075],[88.92673,22.16755],[88.92568,22.16499],[88.92525,22.16418],[88.92224,22.16184],[88.92194,22.1613],[88.91998,22.16106],[88.91982,22.16083],[88.92129,22.15984],[88.9237,22.15911],[88.92469,22.15795],[88.92453,22.15637],[88.9226,22.15451],[88.92197,22.15339],[88.9227,22.1519],[88.9237,22.15138],[88.92449,22.15142],[88.92522,22.15194],[88.92587,22.15386],[88.9265,22.15478],[88.92831,22.15555],[88.9309,22.1554],[88.93375,22.15231],[88.93444,22.15194],[88.93507,22.15199],[88.93587,22.15268],[88.93592,22.15532],[88.93616,22.15574],[88.93618,22.15297],[88.93532,22.15183],[88.93454,22.15173],[88.93366,22.15201],[88.93165,22.15396],[88.9309,22.15366],[88.9301,22.15273],[88.92965,22.15095],[88.92965,22.14763],[88.92995,22.1462],[88.93129,22.14531],[88.93435,22.14483],[88.93589,22.14429],[88.93667,22.14378],[88.93679,22.14318],[88.93658,22.14166],[88.93601,22.14078],[88.93387,22.13948],[88.93168,22.13872],[88.93073,22.13783],[88.93064,22.13728],[88.93177,22.13554],[88.94029,22.12872],[88.94058,22.12789],[88.94011,22.12687],[88.93869,22.12574],[88.93402,22.1249],[88.93082,22.12273],[88.92749,22.12245],[88.92403,22.12304],[88.92343,22.12246],[88.92343,22.12178],[88.92783,22.11543],[88.93046,22.11054],[88.93186,22.10595],[88.93178,22.10522],[88.93232,22.10472],[88.93182,22.10176],[88.9319,22.09916],[88.93041,22.0958],[88.92854,22.09334],[88.92073,22.08588],[88.91807,22.08384],[88.9118,22.08068],[88.90909,22.07889],[88.90709,22.07512],[88.90488,22.06978],[88.90154,22.06536],[88.90184,22.06443],[88.90508,22.06138],[88.90738,22.05778],[88.90972,22.05094],[88.91027,22.04836],[88.91101,22.04124],[88.90922,22.03771],[88.90848,22.03489],[88.90913,22.03225],[88.91435,22.02211],[88.91623,22.01366],[88.91625,22.00922],[88.9159,22.00587],[88.91482,22.00132],[88.91468,21.99953]]]},"properties":{"set":"detail"}},{"type":"Feature","geometry":{"type":"Polygon","coordinates":[[[88.85732,22.02459],[88.85834,22.02472],[88.85908,22.02529],[88.85951,22.02624],[88.85949,22.02728],[88.85144,22.03701],[88.84976,22.04052],[88.8498,22.04247],[88.85019,22.043],[88.8525,22.04438],[88.8565,22.04566],[88.86031,22.04591],[88.87024,22.04538],[88.87942,22.0455],[88.88832,22.04664],[88.89008,22.04746],[88.89087,22.04842],[88.89065,22.04977],[88.88975,22.05112],[88.88466,22.05524],[88.88272,22.0572],[88.872,22.06155],[88.87048,22.06233],[88.86941,22.06342],[88.86807,22.06642],[88.86778,22.069],[88.86995,22.07645],[88.87026,22.07871],[88.87012,22.07991],[88.86952,22.08096],[88.86828,22.08154],[88.86449,22.08005],[88.86187,22.07949],[88.85505,22.07934],[88.85122,22.07841],[88.84903,22.07716],[88.84439,22.07321],[88.84137,22.07182],[88.83907,22.07177],[88.83609,22.07274],[88.83748,22.0685],[88.83748,22.06696],[88.83663,22.06543],[88.83412,22.06363],[88.83328,22.06378],[88.83255,22.06454],[88.83182,22.06675],[88.8297,22.06947],[88.82809,22.07037],[88.82733,22.07027],[88.825,22.06904],[88.82168,22.06613],[88.81968,22.06396],[88.81899,22.06238],[88.8214,22.05958],[88.82622,22.05603],[88.82979,22.05252],[88.83068,22.05206],[88.83251,22.05153],[88.83411,22.05173],[88.83613,22.05132],[88.83732,22.05179],[88.8388,22.05323],[88.83949,22.05436],[88.84034,22.05488],[88.84036,22.05401],[88.83997,22.05344],[88.83759,22.05088],[88.83613,22.05041],[88.83327,22.05056],[88.83307,22.04888],[88.83162,22.0454],[88.83147,22.04314],[88.83253,22.03676],[88.8343,22.02996],[88.8352,22.02853],[88.83547,22.02719],[88.83509,22.02665],[88.84352,22.02241],[88.84626,22.02203],[88.85153,22.02273],[88.85732,22.02459]]]},"properties":{"set":"detail"}},{"type":"Feature","geometry":{"type":"Polygon","coordinates":[[[88.89058,22.0601],[88.89156,22.05955],[88.89278,22.05932],[88.89217,22.0622],[88.89168,22.06722],[88.89211,22.07069],[88.89364,22.07483],[88.89532,22.07747],[88.8972,22.07955],[88.90033,22.0821],[88.904,22.0845],[88.90479,22.0854],[88.90477,22.0863],[88.90381,22.087],[88.89643,22.08938],[88.89087,22.08805],[88.88804,22.0869],[88.88489,22.08487],[88.88225,22.08406],[88.87789,22.0842],[88.86988,22.08707],[88.86933,22.08534],[88.86939,22.08458],[88.87118,22.08236],[88.87214,22.08048],[88.87233,22.07856],[88.87205,22.07605],[88.87024,22.0698],[88.87014,22.06585],[88.87113,22.06376],[88.87241,22.06293],[88.8779,22.06183],[88.88268,22.0595],[88.88812,22.06013],[88.89058,22.0601]]]},"properties":{"set":"detail"}},{"type":"Feature","geometry":{"type":"Polygon","coordinates":[[[88.80224,22.11704],[88.80188,22.11563],[88.8003,22.1133],[88.79775,22.1111],[88.80066,22.10871],[88.80148,22.10719],[88.80141,22.10322],[88.79977,22.09975],[88.79973,22.09848],[88.8001,22.09779],[88.80259,22.09582],[88.80357,22.09437],[88.80343,22.09177],[88.80288,22.08966],[88.80312,22.08841],[88.80446,22.08623],[88.80598,22.08451],[88.80665,22.08413],[88.81206,22.08219],[88.81321,22.08194],[88.81466,22.08205],[88.82145,22.08564],[88.8257,22.08757],[88.82715,22.08775],[88.82941,22.08621],[88.83143,22.08408],[88.83272,22.08143],[88.83398,22.07765],[88.83577,22.07437],[88.83754,22.07306],[88.83944,22.07269],[88.84143,22.0729],[88.84306,22.07346],[88.84858,22.07809],[88.8512,22.07959],[88.85458,22.08028],[88.86238,22.08048],[88.86502,22.08113],[88.86822,22.0827],[88.86772,22.08465],[88.86764,22.08731],[88.86702,22.08859],[88.85971,22.09373],[88.8566,22.09631],[88.85208,22.10025],[88.84934,22.10328],[88.84801,22.10629],[88.84722,22.11696],[88.84623,22.11885],[88.84334,22.12105],[88.8409,22.12221],[88.83874,22.12283],[88.8333,22.12421],[88.83001,22.12466],[88.82803,22.1245],[88.82265,22.12333],[88.81859,22.12297],[88.81702,22.12309],[88.80862,22.12607],[88.80772,22.12589],[88.80598,22.12455],[88.8034,22.12069],[88.8025,22.11856],[88.80224,22.11704]]]},"properties":{"set":"detail"}},{"type":"Feature","geometry":{"type":"Polygon","coordinates":[[[88.91124,22.13215],[88.91505,22.12912],[88.92139,22.12488],[88.92351,22.1248],[88.92693,22.12371],[88.92955,22.12372],[88.93104,22.12441],[88.93169,22.12518],[88.9322,22.12504],[88.93479,22.12611],[88.93774,22.12648],[88.93936,22.12729],[88.93867,22.12889],[88.9318,22.13406],[88.93049,22.13522],[88.92987,22.13633],[88.92971,22.13725],[88.93034,22.13878],[88.93094,22.13931],[88.93503,22.14102],[88.93566,22.1416],[88.93608,22.14276],[88.93544,22.14376],[88.93096,22.14478],[88.92963,22.14558],[88.92932,22.14611],[88.92896,22.14736],[88.9291,22.15173],[88.93057,22.1549],[88.92866,22.15512],[88.92749,22.15493],[88.92688,22.15455],[88.92632,22.15364],[88.92582,22.15203],[88.9253,22.15136],[88.92343,22.15101],[88.92189,22.15221],[88.92156,22.15355],[88.92244,22.15495],[88.92435,22.15695],[88.92414,22.15801],[88.92347,22.15877],[88.91936,22.16031],[88.91626,22.16016],[88.91463,22.16072],[88.91405,22.16049],[88.91363,22.16107],[88.91308,22.1609],[88.91284,22.16135],[88.91113,22.16208],[88.90668,22.16604],[88.9053,22.16694],[88.89682,22.1713],[88.89525,22.17175],[88.89463,22.1709],[88.89396,22.16827],[88.89444,22.16429],[88.89497,22.16304],[88.89591,22.16199],[88.90003,22.15829],[88.90358,22.1546],[88.90701,22.14951],[88.90889,22.14199],[88.90917,22.13945],[88.90909,22.13475],[88.90925,22.13421],[88.91124,22.13215]]]},"properties":{"set":"detail"}},{"type":"Feature","geometry":{"type":"Polygon","coordinates":[[[88.36136,21.73366],[88.36257,21.73267],[88.36443,21.73232],[88.36989,21.7364],[88.37037,21.73619],[88.37159,21.73714],[88.37294,21.73769],[88.37486,21.73827],[88.38007,21.73805],[88.3821,21.73821],[88.38364,21.73907],[88.38375,21.73979],[88.38503,21.73966],[88.38593,21.74102],[88.38623,21.74245],[88.38687,21.74293],[88.38661,21.74437],[88.38616,21.74493],[88.38669,21.74659],[88.38651,21.74716],[88.38691,21.74753],[88.38702,21.74964],[88.38586,21.74985],[88.38581,21.75084],[88.3862,21.75146],[88.38746,21.75125],[88.38744,21.75174],[88.38659,21.75201],[88.38709,21.75253],[88.38688,21.75367],[88.38745,21.75449],[88.38835,21.75503],[88.38988,21.75831],[88.38957,21.75979],[88.38887,21.76054],[88.38847,21.76156],[88.38534,21.76359],[88.3826,21.76419],[88.38025,21.76514],[88.37919,21.76601],[88.37764,21.76568],[88.37462,21.76377],[88.37399,21.76305],[88.37353,21.76325],[88.37303,21.76282],[88.37131,21.75813],[88.37092,21.75772],[88.36738,21.7562],[88.36698,21.75516],[88.36721,21.75433],[88.36608,21.75176],[88.36604,21.7509],[88.36299,21.74881],[88.36159,21.747],[88.36119,21.74419],[88.36139,21.7435],[88.36176,21.74339],[88.36228,21.74175],[88.36237,21.73914],[88.36272,21.73869],[88.3624,21.73841],[88.36159,21.73565],[88.3616,21.7347],[88.36112,21.7346],[88.36136,21.73366]]]},"properties":{"set":"detail"}},{"type":"Feature","geometry":{"type":"Polygon","coordinates":[[[88.11861,21.85809],[88.11388,21.8476],[88.10252,21.83091],[88.10008,21.82431],[88.09902,21.82265],[88.09901,21.82122],[88.09843,21.81919],[88.09864,21.81834],[88.09805,21.816],[88.09752,21.81537],[88.09685,21.81524],[88.09499,21.81025],[88.09398,21.81045],[88.09275,21.80943],[88.09033,21.80369],[88.0899,21.80148],[88.08769,21.79728],[88.08594,21.79187],[88.08476,21.79038],[88.08509,21.78997],[88.08498,21.78659],[88.08399,21.78303],[88.08115,21.78152],[88.0777,21.77748],[88.07602,21.77064],[88.07497,21.76368],[88.0748,21.75733],[88.07638,21.75228],[88.07623,21.75162],[88.07203,21.74943],[88.07092,21.74599],[88.07064,21.74436],[88.07086,21.74245],[88.07011,21.74003],[88.06934,21.73937],[88.06701,21.73896],[88.06582,21.73641],[88.06494,21.73254],[88.06348,21.73113],[88.06165,21.73059],[88.05825,21.72356],[88.0543,21.71739],[88.05334,21.71521],[88.05068,21.71133],[88.04885,21.70702],[88.0479,21.70125],[88.04763,21.69588],[88.04787,21.69388],[88.04694,21.69268],[88.0461,21.68845],[88.04515,21.68756],[88.04262,21.68751],[88.04184,21.6862],[88.04167,21.68499],[88.0419,21.68152],[88.04282,21.67589],[88.04266,21.66894],[88.0431,21.66666],[88.04414,21.66595],[88.04432,21.66542],[88.04492,21.66175],[88.04483,21.66023],[88.0444,21.65915],[88.04328,21.65833],[88.04288,21.65669],[88.04304,21.65585],[88.04409,21.65385],[88.04537,21.6533],[88.04763,21.65168],[88.04866,21.65004],[88.05732,21.64083],[88.06056,21.63915],[88.06092,21.63815],[88.0622,21.63686],[88.06543,21.63524],[88.06594,21.63472],[88.06844,21.63378],[88.07242,21.6329],[88.0834,21.63119],[88.08875,21.63114],[88.09295,21.63061],[88.09439,21.63096],[88.09603,21.63073],[88.09678,21.63009],[88.10144,21.62917],[88.1077,21.62877],[88.11104,21.62908],[88.11292,21.62965],[88.11565,21.63099],[88.11709,21.63132],[88.12962,21.63301],[88.13121,21.633],[88.13176,21.63358],[88.13567,21.6342],[88.13839,21.63596],[88.13964,21.63568],[88.14256,21.6362],[88.14657,21.63883],[88.15292,21.64825],[88.15348,21.65078],[88.15312,21.65509],[88.15344,21.66732],[88.15294,21.67011],[88.15432,21.67863],[88.15378,21.68126],[88.1529,21.68293],[88.15282,21.68517],[88.15118,21.69318],[88.15241,21.69792],[88.15371,21.69996],[88.15439,21.70219],[88.15462,21.70424],[88.15696,21.70966],[88.15696,21.711],[88.16037,21.71723],[88.16135,21.71746],[88.16386,21.72117],[88.16354,21.72148],[88.16361,21.72234],[88.16327,21.72258],[88.16362,21.72363],[88.16307,21.72374],[88.16324,21.72475],[88.16374,21.72482],[88.16432,21.72805],[88.16563,21.73136],[88.16539,21.73177],[88.16614,21.73222],[88.16584,21.73257],[88.16729,21.73439],[88.16924,21.74301],[88.16863,21.74647],[88.16885,21.74666],[88.16868,21.74783],[88.16942,21.74815],[88.16873,21.7535],[88.17033,21.75467],[88.16922,21.75414],[88.16913,21.75574],[88.16828,21.75591],[88.16833,21.75646],[88.16913,21.75655],[88.16833,21.75677],[88.16848,21.75871],[88.16918,21.75877],[88.16925,21.76021],[88.16867,21.7604],[88.16872,21.76164],[88.16952,21.76182],[88.16951,21.76233],[88.16876,21.7624],[88.16884,21.76407],[88.16943,21.7642],[88.16967,21.76463],[88.16984,21.76627],[88.16875,21.76647],[88.16842,21.78241],[88.16597,21.78697],[88.16407,21.79155],[88.16361,21.79386],[88.16353,21.79973],[88.16374,21.80275],[88.16486,21.80602],[88.16677,21.80842],[88.17106,21.81079],[88.17135,21.81158],[88.17081,21.81338],[88.16935,21.81563],[88.16914,21.81579],[88.16886,21.81556],[88.16779,21.81726],[88.16613,21.81904],[88.16329,21.82138],[88.16274,21.82231],[88.16175,21.82281],[88.16165,21.82343],[88.16111,21.82395],[88.16049,21.82447],[88.15992,21.82454],[88.16004,21.82507],[88.1546,21.83215],[88.15354,21.8328],[88.15091,21.83798],[88.14947,21.84252],[88.14859,21.84419],[88.14832,21.84507],[88.14863,21.84613],[88.14782,21.84852],[88.14725,21.84899],[88.14722,21.85025],[88.14667,21.85125],[88.14622,21.8537],[88.14553,21.85484],[88.145,21.858],[88.13914,21.86771],[88.13749,21.8711],[88.13718,21.87291],[88.13584,21.87592],[88.13068,21.88364],[88.13014,21.88352],[88.12924,21.88263],[88.12701,21.87867],[88.12153,21.86463],[88.11861,21.85809]]]},"properties":{"set":"detail"}},{"type":"Feature","geometry":{"type":"Polygon","coordinates":[[[88.20041,21.76468],[88.20006,21.7651],[88.19942,21.76521],[88.19786,21.7644],[88.19655,21.76277],[88.1956,21.7605],[88.1956,21.75977],[88.19626,21.75926],[88.19789,21.75937],[88.20109,21.76107],[88.20098,21.76354],[88.20041,21.76468]]]},"properties":{"set":"detail"}},{"type":"Feature","geometry":{"type":"Polygon","coordinates":[[[88.4113,21.73495],[88.41196,21.73457],[88.41225,21.73375],[88.41298,21.73332],[88.41643,21.72957],[88.41668,21.7287],[88.41727,21.72839],[88.4179,21.72748],[88.41888,21.72577],[88.41881,21.72535],[88.41993,21.72436],[88.42074,21.72275],[88.42309,21.72028],[88.42351,21.72047],[88.42407,21.72126],[88.42541,21.72544],[88.4249,21.72591],[88.42518,21.72681],[88.42468,21.7298],[88.42439,21.73103],[88.42368,21.73122],[88.42315,21.73348],[88.42191,21.73566],[88.41979,21.74205],[88.42033,21.74507],[88.42377,21.75048],[88.42482,21.7528],[88.424,21.75463],[88.42411,21.755],[88.4213,21.7575],[88.42058,21.75902],[88.41971,21.75988],[88.41977,21.76014],[88.42021,21.76019],[88.41939,21.76404],[88.42047,21.76595],[88.42019,21.76736],[88.42084,21.76926],[88.42137,21.76956],[88.42304,21.77235],[88.42522,21.7735],[88.4278,21.77593],[88.42842,21.77566],[88.42791,21.77606],[88.42814,21.77671],[88.43047,21.77765],[88.43286,21.78001],[88.43328,21.7799],[88.43373,21.78021],[88.43635,21.78363],[88.43802,21.78801],[88.43998,21.79615],[88.44238,21.80023],[88.44186,21.80046],[88.4364,21.79911],[88.4361,21.79848],[88.43397,21.7979],[88.43135,21.79782],[88.43073,21.79827],[88.43087,21.79875],[88.4294,21.79934],[88.42677,21.80146],[88.4268,21.80179],[88.42628,21.80176],[88.42676,21.80245],[88.42672,21.80375],[88.42565,21.80813],[88.4252,21.80851],[88.42536,21.80959],[88.42491,21.8102],[88.42335,21.81085],[88.42158,21.81092],[88.41991,21.81062],[88.4138,21.80405],[88.41328,21.80394],[88.41271,21.80262],[88.41047,21.8018],[88.40802,21.80002],[88.4073,21.79939],[88.40737,21.79897],[88.40477,21.79676],[88.40446,21.79586],[88.40218,21.79374],[88.40178,21.79373],[88.3997,21.79222],[88.39957,21.7915],[88.39864,21.79149],[88.39808,21.79108],[88.39699,21.78981],[88.39437,21.78767],[88.39214,21.78649],[88.39211,21.78611],[88.38997,21.78383],[88.38724,21.78198],[88.38632,21.78183],[88.38434,21.78035],[88.38407,21.7792],[88.38339,21.77869],[88.38559,21.77408],[88.38796,21.77152],[88.38938,21.77105],[88.38995,21.76934],[88.39111,21.76854],[88.39147,21.76774],[88.39356,21.76597],[88.39398,21.76529],[88.3958,21.76179],[88.39648,21.75875],[88.39628,21.75772],[88.39667,21.75627],[88.40049,21.7542],[88.4021,21.75276],[88.40308,21.75114],[88.40362,21.7477],[88.40253,21.74615],[88.4021,21.7449],[88.40195,21.74287],[88.4015,21.74281],[88.40193,21.74277],[88.40183,21.7424],[88.40258,21.74108],[88.40301,21.73929],[88.40461,21.73802],[88.40578,21.73769],[88.4062,21.73811],[88.40673,21.73805],[88.40669,21.73739],[88.40858,21.73691],[88.40992,21.7357],[88.4113,21.73495]]]},"properties":{"set":"detail"}},{"type":"Feature","geometry":{"type":"Polygon","coordinates":[[[88.1808,21.57085],[88.18204,21.56915],[88.18388,21.56866],[88.18541,21.56937],[88.18911,21.57041],[88.19208,21.57208],[88.19309,21.57304],[88.1889,21.57638],[88.18764,21.57794],[88.18664,21.58315],[88.18469,21.58565],[88.18354,21.59029],[88.18373,21.59079],[88.18442,21.59125],[88.18443,21.59231],[88.18254,21.59548],[88.18153,21.59605],[88.18031,21.59613],[88.17653,21.59719],[88.1746,21.5963],[88.17334,21.59531],[88.17081,21.59172],[88.17082,21.59039],[88.17213,21.58733],[88.1751,21.58229],[88.17539,21.58122],[88.17478,21.57886],[88.17473,21.5774],[88.17585,21.57419],[88.17681,21.57296],[88.17864,21.5722],[88.17949,21.57218],[88.1808,21.57085]]]},"properties":{"set":"detail"}},{"type":"Feature","geometry":{"type":"Polygon","coordinates":[[[88.30171,21.65824],[88.30221,21.65832],[88.30304,21.66163],[88.3029,21.66212],[88.30242,21.6622],[88.30247,21.66335],[88.30304,21.66553],[88.30353,21.66591],[88.3031,21.66612],[88.30335,21.67122],[88.30174,21.67828],[88.30202,21.67905],[88.30331,21.67969],[88.30147,21.68376],[88.29905,21.68645],[88.29924,21.68776],[88.29896,21.68871],[88.29791,21.68949],[88.29709,21.6895],[88.29686,21.69152],[88.29656,21.69204],[88.29489,21.6924],[88.29328,21.69367],[88.29106,21.69719],[88.28865,21.69965],[88.28788,21.70006],[88.28381,21.70604],[88.28481,21.70629],[88.28286,21.70638],[88.28148,21.7072],[88.28134,21.70968],[88.28018,21.70976],[88.28024,21.71169],[88.27716,21.71942],[88.27559,21.72569],[88.27511,21.72589],[88.27451,21.72683],[88.27395,21.72702],[88.27126,21.72708],[88.27086,21.72682],[88.27066,21.72709],[88.26837,21.72751],[88.26825,21.72774],[88.26799,21.72726],[88.26678,21.72777],[88.2626,21.72843],[88.26031,21.73059],[88.26034,21.73199],[88.26092,21.73398],[88.26205,21.73561],[88.26476,21.73819],[88.26541,21.73974],[88.26819,21.74361],[88.26956,21.74682],[88.27228,21.75173],[88.27271,21.75282],[88.27262,21.75416],[88.27169,21.75466],[88.2698,21.75506],[88.25293,21.75582],[88.23761,21.75884],[88.23748,21.75915],[88.23505,21.75965],[88.22974,21.76173],[88.22582,21.76167],[88.2257,21.76129],[88.22428,21.76112],[88.22128,21.76168],[88.21929,21.76142],[88.21723,21.75731],[88.21611,21.75314],[88.21574,21.75092],[88.2155,21.74166],[88.21498,21.74082],[88.21205,21.72586],[88.21203,21.72345],[88.21243,21.72197],[88.21211,21.72156],[88.21262,21.71961],[88.21405,21.71684],[88.21637,21.71368],[88.2185,21.71199],[88.22102,21.7078],[88.22207,21.70316],[88.222,21.70182],[88.2203,21.69885],[88.21361,21.69363],[88.21035,21.69212],[88.2102,21.69247],[88.20982,21.69238],[88.20985,21.692],[88.20898,21.69168],[88.20668,21.69121],[88.20624,21.69174],[88.20575,21.69163],[88.20508,21.69119],[88.20542,21.6907],[88.20448,21.69003],[88.20388,21.69038],[88.20409,21.69085],[88.20365,21.69111],[88.20213,21.69074],[88.20104,21.68975],[88.20027,21.68989],[88.20008,21.68942],[88.20173,21.68432],[88.20195,21.68404],[88.20245,21.68415],[88.2031,21.68287],[88.2014,21.68211],[88.20517,21.67744],[88.20448,21.67665],[88.20658,21.67824],[88.20722,21.67797],[88.20855,21.67603],[88.21001,21.67567],[88.21501,21.67521],[88.22004,21.67629],[88.22189,21.67637],[88.22576,21.6758],[88.22851,21.6747],[88.23,21.67368],[88.2314,21.67227],[88.23382,21.669],[88.23373,21.66505],[88.23401,21.66487],[88.23327,21.66465],[88.2331,21.66212],[88.23252,21.65962],[88.23217,21.65928],[88.23201,21.65694],[88.2326,21.65484],[88.23515,21.65195],[88.23631,21.64894],[88.23717,21.64416],[88.23622,21.64092],[88.23589,21.63824],[88.23492,21.63541],[88.2331,21.63291],[88.2296,21.62956],[88.22764,21.62869],[88.22312,21.62534],[88.22185,21.62347],[88.22027,21.62201],[88.21924,21.61978],[88.21902,21.61731],[88.21933,21.61542],[88.21968,21.61492],[88.22498,21.61215],[88.22993,21.61058],[88.23185,21.61043],[88.23431,21.60858],[88.23577,21.60682],[88.23735,21.60721],[88.23928,21.60726],[88.23982,21.60707],[88.24048,21.60628],[88.24064,21.60551],[88.24339,21.60128],[88.24449,21.59865],[88.24691,21.59448],[88.24723,21.59265],[88.24691,21.59186],[88.24777,21.58748],[88.24754,21.58505],[88.24621,21.5834],[88.24494,21.58245],[88.24092,21.58133],[88.23982,21.58064],[88.24015,21.57927],[88.2382,21.57795],[88.23863,21.57509],[88.23952,21.57379],[88.24284,21.57149],[88.2433,21.56931],[88.24396,21.56841],[88.2454,21.56768],[88.25005,21.56401],[88.25711,21.56079],[88.26454,21.55913],[88.27228,21.55895],[88.27756,21.55943],[88.28423,21.56134],[88.28707,21.56305],[88.2898,21.56415],[88.29335,21.56614],[88.29606,21.56907],[88.29968,21.57412],[88.30121,21.57702],[88.30135,21.57923],[88.30292,21.58233],[88.30234,21.58343],[88.30273,21.58446],[88.30288,21.58752],[88.30077,21.58947],[88.29629,21.59044],[88.28671,21.59463],[88.28589,21.59933],[88.28579,21.60259],[88.28581,21.60443],[88.28708,21.61136],[88.28816,21.615],[88.28847,21.61716],[88.28776,21.61959],[88.28683,21.61988],[88.2868,21.62049],[88.28649,21.62068],[88.28682,21.62207],[88.28741,21.623],[88.28656,21.62383],[88.28602,21.6239],[88.28657,21.62442],[88.28774,21.62418],[88.28899,21.62746],[88.29017,21.6294],[88.29181,21.6346],[88.29241,21.63502],[88.29471,21.63923],[88.29814,21.64648],[88.29927,21.64944],[88.29952,21.65229],[88.30014,21.6544],[88.30069,21.65503],[88.30171,21.65824]]]},"properties":{"set":"detail"}},{"type":"Feature","geometry":{"type":"Polygon","coordinates":[[[88.41209,21.67406],[88.41164,21.67526],[88.41119,21.67878],[88.41073,21.67918],[88.40988,21.67919],[88.41027,21.68017],[88.41062,21.68031],[88.411,21.68209],[88.41109,21.6847],[88.4106,21.68599],[88.41149,21.68678],[88.41201,21.68996],[88.41274,21.69124],[88.41328,21.69334],[88.41429,21.69361],[88.41455,21.69425],[88.41429,21.69449],[88.41403,21.69731],[88.41249,21.69777],[88.41248,21.69802],[88.41286,21.69848],[88.41403,21.69849],[88.415,21.69729],[88.41868,21.69979],[88.42138,21.69984],[88.42293,21.70073],[88.42421,21.70109],[88.42758,21.70119],[88.4278,21.70201],[88.42819,21.70224],[88.42793,21.7023],[88.42777,21.70311],[88.42677,21.70426],[88.42416,21.70867],[88.42324,21.71109],[88.4227,21.71385],[88.42071,21.71882],[88.41756,21.72293],[88.41615,21.72252],[88.4154,21.72364],[88.41577,21.72406],[88.41544,21.72436],[88.41498,21.72408],[88.41461,21.72438],[88.41515,21.72597],[88.41408,21.72731],[88.41286,21.72818],[88.41361,21.72881],[88.41258,21.72868],[88.41206,21.72898],[88.41152,21.73028],[88.41033,21.73192],[88.40757,21.73431],[88.40617,21.73516],[88.40487,21.73522],[88.40478,21.73465],[88.4045,21.73467],[88.40448,21.73526],[88.4024,21.73588],[88.40127,21.7372],[88.40096,21.73804],[88.40042,21.73817],[88.40057,21.739],[88.39873,21.74344],[88.39892,21.74577],[88.39987,21.74741],[88.39975,21.74896],[88.4003,21.74921],[88.39935,21.75158],[88.39623,21.75341],[88.39522,21.7529],[88.39466,21.75157],[88.39419,21.7487],[88.39354,21.7468],[88.39359,21.74391],[88.39303,21.74009],[88.39279,21.73943],[88.39206,21.73947],[88.39182,21.73884],[88.39238,21.73842],[88.39206,21.7375],[88.39032,21.73487],[88.38674,21.73221],[88.38231,21.7305],[88.37628,21.72939],[88.37575,21.73013],[88.3726,21.72914],[88.37241,21.72902],[88.37264,21.7284],[88.3708,21.72747],[88.3706,21.72695],[88.37107,21.72573],[88.37302,21.72473],[88.37332,21.7251],[88.37461,21.72548],[88.37716,21.72587],[88.37726,21.72569],[88.37731,21.7259],[88.38186,21.72688],[88.38337,21.72656],[88.38798,21.72725],[88.39004,21.72725],[88.39351,21.72653],[88.39461,21.72668],[88.39482,21.72634],[88.39443,21.7262],[88.40049,21.72422],[88.40392,21.72119],[88.40435,21.72071],[88.40649,21.71527],[88.40587,21.71263],[88.40629,21.70958],[88.40417,21.70448],[88.40266,21.70445],[88.40356,21.70427],[88.40267,21.70077],[88.40214,21.70089],[88.40223,21.70139],[88.40119,21.70161],[88.39966,21.69883],[88.39734,21.69655],[88.39709,21.69571],[88.39611,21.69445],[88.39455,21.69342],[88.39241,21.6914],[88.39192,21.69128],[88.39055,21.68989],[88.38913,21.68992],[88.38849,21.68956],[88.38486,21.68494],[88.3832,21.68358],[88.38263,21.6823],[88.38296,21.68111],[88.38267,21.67933],[88.38294,21.67728],[88.38252,21.67417],[88.38298,21.66563],[88.3828,21.66484],[88.38182,21.664],[88.38198,21.66283],[88.38325,21.65974],[88.38594,21.65555],[88.38584,21.65413],[88.38615,21.65291],[88.38699,21.65201],[88.38819,21.64861],[88.3883,21.64461],[88.38859,21.64345],[88.38933,21.64264],[88.38959,21.64186],[88.39143,21.64072],[88.39111,21.63928],[88.39058,21.63969],[88.38967,21.63941],[88.38907,21.63702],[88.38846,21.63711],[88.38819,21.63665],[88.38607,21.63686],[88.38561,21.63409],[88.38718,21.6301],[88.39017,21.62737],[88.39228,21.62598],[88.39319,21.62279],[88.39384,21.62227],[88.39425,21.62096],[88.39475,21.62038],[88.39096,21.61103],[88.3906,21.61189],[88.38975,21.61246],[88.3892,21.61226],[88.3882,21.61316],[88.38719,21.61463],[88.38603,21.61753],[88.38495,21.6184],[88.38493,21.61689],[88.38583,21.61459],[88.38692,21.61318],[88.39183,21.60946],[88.39457,21.60679],[88.39563,21.60602],[88.39663,21.60575],[88.39929,21.6034],[88.39985,21.60331],[88.4007,21.60173],[88.40167,21.60198],[88.40174,21.60226],[88.40058,21.60354],[88.40042,21.60659],[88.40306,21.61225],[88.40488,21.61451],[88.40747,21.61664],[88.41001,21.61818],[88.41727,21.62071],[88.41948,21.62183],[88.42197,21.62418],[88.4264,21.62708],[88.42791,21.62868],[88.42751,21.63348],[88.42703,21.63447],[88.42689,21.63598],[88.42624,21.63702],[88.42548,21.63707],[88.42551,21.63743],[88.42404,21.6393],[88.42034,21.64188],[88.41781,21.64409],[88.41694,21.64566],[88.41309,21.65014],[88.41164,21.65269],[88.41078,21.65678],[88.41048,21.66107],[88.41091,21.6656],[88.41042,21.6658],[88.41073,21.66634],[88.4104,21.66713],[88.41125,21.66726],[88.41147,21.66757],[88.41248,21.67046],[88.41259,21.67249],[88.41209,21.67406]]]},"properties":{"set":"detail"}},{"type":"Feature","geometry":{"type":"Polygon","coordinates":[[[88.31255,21.60815],[88.31541,21.60819],[88.31755,21.60923],[88.31912,21.61118],[88.32863,21.61659],[88.33067,21.61859],[88.3362,21.62196],[88.33792,21.62403],[88.34025,21.626],[88.34404,21.62773],[88.34532,21.6289],[88.34623,21.63046],[88.34649,21.63274],[88.34786,21.63663],[88.34772,21.63865],[88.34609,21.64643],[88.34621,21.65023],[88.34661,21.65145],[88.3458,21.6522],[88.34741,21.65509],[88.34713,21.65699],[88.34665,21.65791],[88.34648,21.66164],[88.34634,21.66214],[88.3439,21.66388],[88.34355,21.66487],[88.34409,21.66811],[88.34471,21.66947],[88.34455,21.67058],[88.34535,21.67102],[88.34534,21.67235],[88.34711,21.67425],[88.34831,21.67424],[88.34899,21.67583],[88.34853,21.67681],[88.34863,21.67834],[88.34811,21.68118],[88.34534,21.68452],[88.34558,21.68539],[88.34492,21.68656],[88.34471,21.68809],[88.34341,21.69072],[88.34204,21.69263],[88.33337,21.7023],[88.33049,21.70514],[88.33016,21.70581],[88.32914,21.70674],[88.32738,21.70746],[88.32477,21.70728],[88.31797,21.70572],[88.31509,21.70554],[88.30782,21.70641],[88.3037,21.70748],[88.30097,21.70571],[88.30034,21.70469],[88.29989,21.70309],[88.30047,21.70219],[88.30359,21.69934],[88.3079,21.69426],[88.31315,21.68666],[88.31511,21.68209],[88.31708,21.67196],[88.31688,21.66935],[88.31726,21.66672],[88.31709,21.6642],[88.3143,21.65213],[88.30794,21.63817],[88.30684,21.63508],[88.30592,21.63024],[88.3063,21.6231],[88.30621,21.61758],[88.30702,21.61523],[88.30658,21.61528],[88.30623,21.61497],[88.30628,21.6136],[88.31086,21.60889],[88.31255,21.60815]]]},"properties":{"set":"detail"}},{"type":"Feature","geometry":{"type":"Polygon","coordinates":[[[88.21011,21.60684],[88.20903,21.60846],[88.20892,21.60947],[88.20712,21.61418],[88.2084,21.61441],[88.20845,21.61766],[88.20964,21.61962],[88.21021,21.62006],[88.2118,21.6235],[88.21293,21.62532],[88.21954,21.63086],[88.22033,21.63207],[88.22243,21.63346],[88.22454,21.6359],[88.22721,21.6381],[88.22755,21.63942],[88.2286,21.63955],[88.23036,21.64126],[88.23152,21.64291],[88.23086,21.64646],[88.22937,21.64915],[88.22776,21.65326],[88.22672,21.65424],[88.22577,21.65743],[88.22639,21.65828],[88.22635,21.66116],[88.22575,21.66144],[88.22584,21.66244],[88.22629,21.66248],[88.22671,21.66519],[88.22638,21.66661],[88.22638,21.66969],[88.22519,21.67004],[88.22066,21.66984],[88.21687,21.66929],[88.21431,21.66943],[88.21037,21.67018],[88.2083,21.67107],[88.20386,21.67212],[88.20149,21.67341],[88.19793,21.67594],[88.1945,21.68379],[88.19375,21.68678],[88.19397,21.68941],[88.19499,21.69157],[88.19963,21.6963],[88.20605,21.69833],[88.20895,21.69843],[88.21316,21.69916],[88.21412,21.69963],[88.21385,21.7021],[88.2134,21.70218],[88.21368,21.70458],[88.21351,21.70596],[88.2128,21.7073],[88.21189,21.71056],[88.20901,21.71315],[88.20766,21.70962],[88.20564,21.70764],[88.20272,21.7059],[88.19683,21.70335],[88.19257,21.69983],[88.19085,21.69747],[88.18902,21.69326],[88.1868,21.6907],[88.18231,21.68639],[88.18325,21.68182],[88.18304,21.67704],[88.18428,21.6732],[88.18743,21.66691],[88.18971,21.65701],[88.19351,21.64917],[88.19468,21.64549],[88.19535,21.64177],[88.19572,21.6414],[88.19617,21.63772],[88.19711,21.63391],[88.19685,21.63377],[88.19694,21.63342],[88.20144,21.62021],[88.20334,21.61225],[88.20508,21.60877],[88.20789,21.60729],[88.21011,21.60684]]]},"properties":{"set":"detail"}},{"type":"Feature","geometry":{"type":"Polygon","coordinates":[[[88.18567,21.69547],[88.1849,21.69397],[88.18428,21.6912],[88.1844,21.69067],[88.18509,21.69051],[88.18725,21.69201],[88.18869,21.69388],[88.19018,21.69754],[88.19135,21.69914],[88.19392,21.70154],[88.19666,21.70358],[88.20398,21.70684],[88.20624,21.70854],[88.20728,21.70978],[88.20811,21.71183],[88.20835,21.71372],[88.2057,21.71826],[88.20372,21.72077],[88.2006,21.71742],[88.19983,21.71547],[88.19628,21.71077],[88.1895,21.70509],[88.18898,21.70405],[88.18819,21.70028],[88.18752,21.69962],[88.18664,21.6994],[88.1862,21.69671],[88.18567,21.69547]]]},"properties":{"set":"detail"}},{"type":"Feature","geometry":{"type":"Polygon","coordinates":[[[88.37006,21.76141],[88.37031,21.76338],[88.36852,21.76339],[88.36731,21.76372],[88.36551,21.76373],[88.36541,21.76339],[88.36332,21.76337],[88.36311,21.76358],[88.36069,21.76323],[88.35833,21.76256],[88.35641,21.7616],[88.35528,21.76187],[88.35533,21.76378],[88.35459,21.76395],[88.35413,21.76335],[88.355,21.76286],[88.35485,21.76199],[88.35294,21.76201],[88.35265,21.76189],[88.3527,21.76154],[88.3493,21.76068],[88.34648,21.75792],[88.34512,21.75552],[88.34467,21.75409],[88.34516,21.75352],[88.34535,21.75214],[88.34476,21.75109],[88.34457,21.74313],[88.34502,21.74127],[88.34553,21.74093],[88.34547,21.7392],[88.34598,21.73902],[88.3458,21.73843],[88.34539,21.73835],[88.34724,21.73288],[88.34778,21.73221],[88.34883,21.7321],[88.3486,21.73134],[88.34824,21.73132],[88.34801,21.73023],[88.34869,21.72693],[88.34933,21.72602],[88.34927,21.7232],[88.34886,21.72285],[88.34907,21.72188],[88.34856,21.72102],[88.34955,21.72],[88.34878,21.7192],[88.34794,21.7192],[88.34702,21.71799],[88.34631,21.71806],[88.34611,21.71694],[88.34534,21.71701],[88.34487,21.71737],[88.34499,21.71582],[88.34316,21.71593],[88.34266,21.7155],[88.34079,21.71496],[88.33999,21.71429],[88.34052,21.71374],[88.34002,21.7133],[88.3413,21.71078],[88.34248,21.70937],[88.34305,21.70943],[88.34347,21.7065],[88.34498,21.7066],[88.34482,21.70476],[88.34521,21.70456],[88.34524,21.70377],[88.34558,21.70359],[88.3458,21.70236],[88.34611,21.7022],[88.34616,21.70132],[88.34683,21.70007],[88.34755,21.69981],[88.34738,21.69923],[88.34769,21.69783],[88.34948,21.69529],[88.35064,21.69283],[88.35229,21.69144],[88.35428,21.69091],[88.35658,21.68971],[88.35782,21.68847],[88.35977,21.68755],[88.36508,21.68811],[88.36576,21.68895],[88.36577,21.6902],[88.36542,21.69038],[88.36548,21.69186],[88.36603,21.69324],[88.36897,21.69451],[88.37095,21.69392],[88.37221,21.6944],[88.37383,21.69625],[88.37595,21.69755],[88.38267,21.7005],[88.38643,21.70311],[88.38923,21.70576],[88.39043,21.70509],[88.38958,21.70607],[88.39075,21.70704],[88.39114,21.70706],[88.3928,21.71],[88.39307,21.71126],[88.39393,21.71264],[88.39443,21.71417],[88.39446,21.71474],[88.39402,21.71547],[88.39238,21.7173],[88.38842,21.71837],[88.38221,21.7177],[88.37899,21.71681],[88.37062,21.71716],[88.36962,21.71771],[88.36901,21.71846],[88.36639,21.71968],[88.36423,21.72308],[88.36302,21.72358],[88.36327,21.72389],[88.36332,21.72742],[88.36307,21.72771],[88.36354,21.72992],[88.36016,21.73196],[88.35885,21.73337],[88.35921,21.73432],[88.35963,21.73452],[88.35942,21.73484],[88.35963,21.7364],[88.35906,21.73822],[88.36024,21.73852],[88.36059,21.74083],[88.35934,21.74442],[88.35957,21.74464],[88.35929,21.74474],[88.35934,21.74612],[88.36031,21.74818],[88.36427,21.75255],[88.36519,21.75402],[88.36576,21.75683],[88.36684,21.75798],[88.36931,21.75883],[88.37013,21.75954],[88.37061,21.76118],[88.37006,21.76141]]]},"properties":{"set":"detail"}},{"type":"Feature","geometry":{"type":"Polygon","coordinates":[[[88.19835,21.74022],[88.19656,21.73818],[88.19586,21.73688],[88.19589,21.73446],[88.19655,21.73399],[88.19722,21.73415],[88.19789,21.73536],[88.19999,21.74189],[88.19835,21.74022]]]},"properties":{"set":"detail"}},{"type":"Feature","geometry":{"type":"Polygon","coordinates":[[[88.29632,21.70631],[88.2977,21.70603],[88.29863,21.70621],[88.29985,21.70709],[88.30151,21.70897],[88.30013,21.71244],[88.29971,21.71516],[88.29981,21.71764],[88.3015,21.72354],[88.30507,21.73075],[88.3054,21.7323],[88.30536,21.73552],[88.30371,21.74365],[88.30284,21.75376],[88.30203,21.75733],[88.30025,21.76269],[88.29718,21.76973],[88.29596,21.77186],[88.29168,21.77601],[88.28906,21.77976],[88.28833,21.77784],[88.28649,21.77525],[88.28545,21.77312],[88.28457,21.76977],[88.28594,21.76539],[88.28638,21.76114],[88.28638,21.75764],[88.28535,21.75268],[88.28362,21.74882],[88.28206,21.74644],[88.27787,21.7413],[88.27647,21.73902],[88.27585,21.73743],[88.27558,21.73544],[88.27657,21.73105],[88.27828,21.72805],[88.28246,21.72454],[88.28524,21.71993],[88.29115,21.71131],[88.29408,21.70763],[88.29632,21.70631]]]},"properties":{"set":"detail"}},{"type":"Feature","geometry":{"type":"Polygon","coordinates":[[[88.27824,21.7728],[88.28121,21.77119],[88.28362,21.76883],[88.28389,21.77095],[88.28514,21.77409],[88.28871,21.7799],[88.28745,21.78488],[88.28578,21.78781],[88.28344,21.78957],[88.28017,21.79061],[88.27681,21.79101],[88.26924,21.79124],[88.26352,21.79259],[88.26468,21.78898],[88.26645,21.78582],[88.27225,21.77783],[88.27424,21.7755],[88.27824,21.7728]]]},"properties":{"set":"detail"}},{"type":"Feature","geometry":{"type":"Polygon","coordinates":[[[88.29397,21.7756],[88.29662,21.77327],[88.29892,21.77183],[88.30121,21.76698],[88.3032,21.76675],[88.30405,21.76326],[88.30471,21.75839],[88.3055,21.75722],[88.30588,21.75505],[88.30607,21.75371],[88.30586,21.75335],[88.30698,21.74726],[88.30658,21.74673],[88.30724,21.7456],[88.30783,21.74215],[88.30827,21.74191],[88.30824,21.74103],[88.31022,21.73717],[88.31011,21.72862],[88.30697,21.72339],[88.30497,21.71788],[88.30448,21.71529],[88.30526,21.71209],[88.30636,21.71085],[88.30895,21.70992],[88.31913,21.70915],[88.32843,21.71071],[88.33177,21.71038],[88.33199,21.71208],[88.33271,21.71301],[88.33608,21.71587],[88.34272,21.72022],[88.34413,21.7219],[88.34229,21.73042],[88.34107,21.73312],[88.34121,21.73388],[88.34062,21.73603],[88.34008,21.73641],[88.33992,21.7377],[88.33946,21.74411],[88.33974,21.74732],[88.33925,21.74969],[88.3413,21.75879],[88.3428,21.75994],[88.34426,21.76246],[88.34579,21.76369],[88.3459,21.76462],[88.34642,21.76464],[88.34691,21.76402],[88.3506,21.76592],[88.3549,21.76662],[88.35891,21.7677],[88.36067,21.76738],[88.3622,21.76745],[88.36246,21.76775],[88.3639,21.76752],[88.36698,21.76811],[88.36961,21.76782],[88.37459,21.7679],[88.37525,21.7685],[88.37583,21.77027],[88.37504,21.7708],[88.37543,21.77174],[88.37532,21.77414],[88.37575,21.77792],[88.37608,21.77827],[88.37655,21.78087],[88.37885,21.78534],[88.3793,21.78781],[88.3725,21.79161],[88.37185,21.79125],[88.3719,21.79187],[88.37142,21.79225],[88.36539,21.79405],[88.36183,21.79575],[88.36043,21.79775],[88.35974,21.80038],[88.35994,21.80739],[88.35576,21.81414],[88.35451,21.81492],[88.35276,21.81683],[88.35134,21.81978],[88.35063,21.82041],[88.35,21.8224],[88.34948,21.82635],[88.34964,21.83026],[88.35032,21.8338],[88.35025,21.83584],[88.35105,21.83757],[88.35163,21.84203],[88.35106,21.84739],[88.35044,21.84763],[88.35009,21.84865],[88.35128,21.85007],[88.35206,21.85389],[88.34511,21.8546],[88.34256,21.85531],[88.34104,21.8554],[88.34053,21.85591],[88.34103,21.85722],[88.33999,21.85805],[88.3362,21.85983],[88.3331,21.86054],[88.33079,21.86068],[88.32886,21.86039],[88.32389,21.86038],[88.32008,21.85941],[88.31616,21.85768],[88.31344,21.85551],[88.31296,21.85474],[88.31258,21.85279],[88.31315,21.85241],[88.31342,21.85138],[88.31517,21.84901],[88.31555,21.84626],[88.31477,21.84309],[88.31217,21.83781],[88.31125,21.83467],[88.3087,21.83104],[88.30346,21.82664],[88.29685,21.82385],[88.29567,21.82388],[88.29403,21.82344],[88.29514,21.82149],[88.29482,21.82099],[88.28298,21.8142],[88.28139,21.81427],[88.28078,21.81398],[88.27709,21.81144],[88.27678,21.81057],[88.27376,21.80906],[88.27265,21.80961],[88.26986,21.80754],[88.26658,21.80434],[88.26667,21.8037],[88.26591,21.80289],[88.26442,21.80002],[88.26295,21.80054],[88.26286,21.79994],[88.26385,21.79875],[88.26328,21.79637],[88.26552,21.7947],[88.27,21.79374],[88.27307,21.79413],[88.27572,21.79374],[88.27738,21.7929],[88.28612,21.78994],[88.28713,21.78868],[88.28713,21.78788],[88.28895,21.7846],[88.29065,21.77966],[88.29171,21.77796],[88.29397,21.7756]]]},"properties":{"set":"detail"}},{"type":"Feature","geometry":{"type":"Polygon","coordinates":[[[88.18273,21.79187],[88.18202,21.79222],[88.18157,21.7916],[88.18192,21.7891],[88.18301,21.7898],[88.18359,21.79067],[88.18273,21.79187]]]},"properties":{"set":"detail"}},{"type":"Feature","geometry":{"type":"Polygon","coordinates":[[[88.17055,21.7965],[88.17171,21.80306],[88.17199,21.80854],[88.17151,21.80954],[88.16918,21.80914],[88.16662,21.80721],[88.16572,21.80596],[88.16495,21.80377],[88.16455,21.80345],[88.16408,21.80065],[88.16436,21.79557],[88.16539,21.79003],[88.16719,21.78603],[88.17006,21.7814],[88.16957,21.78903],[88.16981,21.7926],[88.17028,21.79251],[88.17055,21.7965]]]},"properties":{"set":"detail"}},{"type":"Feature","geometry":{"type":"Polygon","coordinates":[[[88.17622,21.82703],[88.17728,21.82596],[88.18117,21.82427],[88.1833,21.82404],[88.18386,21.82454],[88.18376,21.82775],[88.1822,21.83002],[88.174,21.83818],[88.17383,21.83765],[88.17563,21.82832],[88.17622,21.82703]]]},"properties":{"set":"detail"}},{"type":"Feature","geometry":{"type":"Polygon","coordinates":[[[88.17246,21.83212],[88.17328,21.83587],[88.17307,21.83882],[88.16887,21.84158],[88.16867,21.8414],[88.16888,21.83931],[88.16968,21.83597],[88.17098,21.83362],[88.17211,21.83212],[88.17246,21.83212]]]},"properties":{"set":"detail"}},{"type":"Feature","geometry":{"type":"Polygon","coordinates":[[[88.12893,21.92499],[88.12643,21.92462],[88.1244,21.92348],[88.12102,21.92046],[88.12027,21.92025],[88.11898,21.91924],[88.11758,21.91763],[88.11814,21.91731],[88.11826,21.91661],[88.11796,21.91583],[88.11761,21.91565],[88.11959,21.91234],[88.12278,21.90872],[88.12532,21.90651],[88.12699,21.90263],[88.12933,21.90163],[88.13045,21.90191],[88.13125,21.90262],[88.13506,21.90463],[88.13714,21.90777],[88.13871,21.90946],[88.14081,21.91349],[88.14062,21.91419],[88.13914,21.9162],[88.13339,21.92072],[88.12893,21.92499]]]},"properties":{"set":"detail"}},{"type":"Feature","geometry":{"type":"Polygon","coordinates":[[[88.16206,21.93279],[88.16278,21.92858],[88.16353,21.92623],[88.16525,21.92227],[88.16663,21.92054],[88.1685,21.92297],[88.17024,21.92657],[88.171,21.92857],[88.17135,21.93079],[88.17116,21.93203],[88.17086,21.93284],[88.1676,21.93503],[88.16209,21.93757],[88.16173,21.93742],[88.16206,21.93279]]]},"properties":{"set":"detail"}},{"type":"Feature","geometry":{"type":"Polygon","coordinates":[[[88.50986,21.55464],[88.50761,21.55256],[88.50733,21.55192],[88.5081,21.55042],[88.50819,21.54876],[88.50994,21.54807],[88.51527,21.5473],[88.51847,21.54756],[88.52809,21.5495],[88.52902,21.55072],[88.52892,21.55286],[88.53059,21.55446],[88.53269,21.55805],[88.53611,21.56201],[88.53731,21.56561],[88.53695,21.56782],[88.53614,21.56955],[88.53313,21.57411],[88.53311,21.57692],[88.5327,21.57839],[88.52903,21.58281],[88.5268,21.58405],[88.52016,21.58587],[88.51446,21.58797],[88.50974,21.59103],[88.50595,21.59153],[88.50334,21.59257],[88.4996,21.59578],[88.49719,21.59903],[88.49675,21.59912],[88.49271,21.59611],[88.48587,21.5868],[88.48567,21.58241],[88.48601,21.5784],[88.48282,21.56616],[88.48264,21.56124],[88.48314,21.55924],[88.48485,21.55743],[88.49118,21.55441],[88.49322,21.55406],[88.49596,21.5522],[88.49931,21.55139],[88.5018,21.55022],[88.50203,21.54973],[88.50271,21.5495],[88.50459,21.54972],[88.50586,21.55232],[88.50876,21.55516],[88.5094,21.55669],[88.50952,21.55867],[88.50889,21.56007],[88.50834,21.56049],[88.50369,21.56095],[88.50105,21.56041],[88.50209,21.56106],[88.50395,21.56153],[88.5032,21.5624],[88.50248,21.5672],[88.50104,21.56984],[88.50196,21.56937],[88.50251,21.56865],[88.50317,21.56724],[88.504,21.56316],[88.50473,21.56198],[88.50879,21.56137],[88.51159,21.56369],[88.5112,21.56282],[88.50939,21.56128],[88.51063,21.5597],[88.51106,21.55814],[88.51076,21.55605],[88.50986,21.55464]]]},"properties":{"set":"detail"}},{"type":"Feature","geometry":{"type":"Polygon","coordinates":[[[88.53296,21.6012],[88.531,21.59911],[88.52544,21.59638],[88.52487,21.59572],[88.52541,21.59521],[88.5339,21.59092],[88.53637,21.5891],[88.53824,21.58973],[88.54111,21.59001],[88.54249,21.59068],[88.54905,21.59639],[88.55594,21.60071],[88.55632,21.60155],[88.55635,21.6027],[88.55491,21.60658],[88.55463,21.60916],[88.55568,21.61345],[88.55602,21.61378],[88.55634,21.6134],[88.55536,21.60939],[88.55533,21.60788],[88.55653,21.60435],[88.55861,21.60623],[88.5612,21.60728],[88.56271,21.60746],[88.56428,21.60721],[88.56665,21.60605],[88.56622,21.60593],[88.56411,21.60661],[88.56213,21.60674],[88.56036,21.60634],[88.55869,21.60549],[88.55742,21.60424],[88.55729,21.60125],[88.55627,21.59962],[88.54913,21.59499],[88.543,21.58994],[88.54155,21.58913],[88.53721,21.58787],[88.53712,21.58719],[88.54091,21.58211],[88.54259,21.57877],[88.54407,21.57133],[88.54396,21.57069],[88.54429,21.5703],[88.54404,21.56869],[88.54448,21.56777],[88.54493,21.56765],[88.54575,21.56825],[88.5482,21.56622],[88.5495,21.56594],[88.55068,21.5665],[88.55176,21.56834],[88.5524,21.56891],[88.55487,21.56936],[88.5552,21.56988],[88.55514,21.5706],[88.55682,21.57078],[88.55846,21.57199],[88.56192,21.57238],[88.56619,21.57155],[88.57235,21.574],[88.57703,21.57816],[88.58118,21.58234],[88.58372,21.58668],[88.58604,21.59347],[88.59003,21.60147],[88.59068,21.60413],[88.59027,21.60895],[88.58954,21.61051],[88.58809,21.61196],[88.58697,21.6123],[88.58296,21.61226],[88.58113,21.61304],[88.5761,21.61735],[88.57391,21.62062],[88.57219,21.62212],[88.56401,21.62815],[88.55802,21.63154],[88.55313,21.63255],[88.55208,21.63255],[88.55132,21.63222],[88.55098,21.63255],[88.54981,21.63242],[88.54825,21.6326],[88.54789,21.633],[88.54724,21.63285],[88.54037,21.63608],[88.53412,21.64129],[88.52762,21.6493],[88.52461,21.65221],[88.52434,21.65193],[88.52453,21.6516],[88.52428,21.65137],[88.52419,21.64976],[88.52326,21.64818],[88.52312,21.64705],[88.5221,21.64598],[88.52173,21.64493],[88.52172,21.64197],[88.52239,21.64006],[88.52307,21.6395],[88.52334,21.63781],[88.52198,21.63665],[88.52173,21.63504],[88.52247,21.6314],[88.5223,21.62969],[88.52342,21.62911],[88.52402,21.62928],[88.52504,21.62888],[88.52529,21.62842],[88.52459,21.62766],[88.52545,21.62718],[88.52551,21.62678],[88.52474,21.62574],[88.52458,21.62382],[88.52055,21.62171],[88.52007,21.62049],[88.51943,21.62015],[88.51942,21.61915],[88.51847,21.61857],[88.51865,21.61744],[88.51786,21.61685],[88.51683,21.61688],[88.5165,21.61664],[88.51668,21.61483],[88.51582,21.61393],[88.51576,21.61291],[88.51589,21.61217],[88.51658,21.61211],[88.51672,21.61175],[88.51629,21.61135],[88.51506,21.61109],[88.51565,21.61014],[88.514,21.61088],[88.51357,21.61072],[88.51308,21.61099],[88.51273,21.61078],[88.51211,21.60945],[88.51248,21.60736],[88.51208,21.60673],[88.51254,21.6063],[88.51129,21.6056],[88.51133,21.60437],[88.51042,21.60252],[88.51149,21.6004],[88.51282,21.59929],[88.52136,21.59663],[88.52356,21.59661],[88.52998,21.59941],[88.53411,21.60324],[88.53826,21.60611],[88.53895,21.60727],[88.53897,21.60798],[88.53816,21.60992],[88.53876,21.60989],[88.53979,21.60795],[88.53942,21.60634],[88.53804,21.60487],[88.53514,21.6031],[88.53296,21.6012]]]},"properties":{"set":"detail"}},{"type":"Feature","geometry":{"type":"Polygon","coordinates":[[[88.60016,21.63172],[88.59959,21.63222],[88.59884,21.63486],[88.59844,21.63529],[88.59885,21.63665],[88.59814,21.64075],[88.59759,21.6423],[88.59533,21.64614],[88.59523,21.6472],[88.59399,21.64811],[88.59264,21.65359],[88.5912,21.65485],[88.59016,21.65446],[88.58856,21.65514],[88.58676,21.65647],[88.58563,21.65807],[88.5849,21.66847],[88.58446,21.67014],[88.58311,21.67348],[88.57986,21.67931],[88.57826,21.6834],[88.57713,21.69065],[88.57657,21.69216],[88.57582,21.69277],[88.57461,21.69198],[88.56742,21.69099],[88.5671,21.69067],[88.56713,21.69007],[88.57006,21.68183],[88.57144,21.67609],[88.57177,21.67119],[88.57139,21.66814],[88.57024,21.66451],[88.56847,21.66154],[88.56681,21.65942],[88.55633,21.64959],[88.55425,21.64664],[88.55341,21.64379],[88.5535,21.64203],[88.55406,21.63981],[88.55567,21.63615],[88.55837,21.63512],[88.56549,21.63433],[88.5706,21.63266],[88.58171,21.62606],[88.5874,21.62131],[88.59126,21.61962],[88.59214,21.61989],[88.59361,21.62175],[88.59816,21.621],[88.60127,21.62296],[88.60262,21.62277],[88.60342,21.62355],[88.60358,21.62409],[88.60331,21.62511],[88.60143,21.62709],[88.60168,21.62827],[88.60095,21.6293],[88.6007,21.63128],[88.60016,21.63172]]]},"properties":{"set":"detail"}},{"type":"Feature","geometry":{"type":"Polygon","coordinates":[[[88.45986,21.69915],[88.45844,21.70353],[88.45787,21.70765],[88.45693,21.71018],[88.44281,21.7095],[88.43972,21.70862],[88.43666,21.7067],[88.43226,21.7031],[88.43103,21.69925],[88.42903,21.69634],[88.42435,21.69224],[88.41964,21.68965],[88.41883,21.68482],[88.41808,21.68243],[88.41818,21.68106],[88.41994,21.67454],[88.41993,21.66454],[88.42039,21.65354],[88.42131,21.65136],[88.42293,21.64913],[88.4252,21.64684],[88.42938,21.64326],[88.43011,21.64233],[88.43111,21.64174],[88.43445,21.63735],[88.43599,21.63665],[88.43631,21.63575],[88.43727,21.63501],[88.43728,21.63452],[88.4387,21.63333],[88.43845,21.63233],[88.43912,21.63184],[88.43944,21.63047],[88.44066,21.63019],[88.44107,21.62824],[88.44205,21.62774],[88.44305,21.62664],[88.4448,21.62663],[88.44808,21.62545],[88.44989,21.62568],[88.45132,21.62635],[88.45313,21.63052],[88.45281,21.63102],[88.45293,21.63175],[88.4533,21.63201],[88.45407,21.63186],[88.45369,21.63244],[88.45403,21.63324],[88.45531,21.63571],[88.45627,21.63657],[88.45647,21.63757],[88.45759,21.63906],[88.45813,21.64037],[88.45842,21.64335],[88.46015,21.64766],[88.45994,21.64862],[88.46028,21.64963],[88.45972,21.65013],[88.4604,21.65039],[88.46028,21.65058],[88.46062,21.65072],[88.46023,21.65084],[88.46075,21.65129],[88.46045,21.65154],[88.46077,21.65238],[88.46027,21.65239],[88.46129,21.65327],[88.46118,21.65371],[88.46153,21.6539],[88.46124,21.65461],[88.46178,21.65431],[88.46172,21.65463],[88.46234,21.6544],[88.46275,21.65477],[88.46263,21.65578],[88.46226,21.65618],[88.4632,21.65656],[88.46333,21.65773],[88.46379,21.65781],[88.46398,21.65817],[88.46384,21.66051],[88.4643,21.6614],[88.4644,21.6633],[88.46387,21.66368],[88.46394,21.66399],[88.4636,21.66405],[88.46365,21.66493],[88.46441,21.66694],[88.46496,21.67354],[88.46702,21.67891],[88.46589,21.68264],[88.4657,21.68574],[88.46199,21.69263],[88.45986,21.69915]]]},"properties":{"set":"detail"}},{"type":"Feature","geometry":{"type":"Polygon","coordinates":[[[88.46907,21.67466],[88.46744,21.67765],[88.46639,21.6744],[88.46576,21.67116],[88.46559,21.66924],[88.46591,21.6693],[88.46646,21.66877],[88.46879,21.67076],[88.46968,21.67294],[88.46907,21.67466]]]},"properties":{"set":"detail"}},{"type":"Feature","geometry":{"type":"Polygon","coordinates":[[[88.56529,21.67746],[88.5671,21.67646],[88.56867,21.67515],[88.56824,21.67803],[88.56617,21.68345],[88.565,21.6877],[88.56504,21.68962],[88.56573,21.69268],[88.56617,21.70034],[88.56572,21.70242],[88.56434,21.70453],[88.56343,21.70516],[88.56158,21.70579],[88.55796,21.70567],[88.55609,21.70482],[88.55097,21.70074],[88.54914,21.69982],[88.5459,21.69883],[88.54322,21.69889],[88.54056,21.69994],[88.53931,21.70113],[88.53661,21.70535],[88.53305,21.70977],[88.52614,21.71681],[88.52197,21.71712],[88.52031,21.71622],[88.51973,21.71458],[88.5187,21.71356],[88.51815,21.71253],[88.51803,21.71089],[88.51848,21.70966],[88.51831,21.70933],[88.51918,21.70865],[88.5194,21.70819],[88.51921,21.70758],[88.52057,21.7066],[88.52112,21.70525],[88.52334,21.70329],[88.52263,21.70199],[88.52293,21.70132],[88.52283,21.70024],[88.52402,21.69918],[88.52395,21.6984],[88.52447,21.69817],[88.5248,21.69689],[88.52918,21.69282],[88.52895,21.68991],[88.52823,21.68865],[88.52866,21.68724],[88.52841,21.68621],[88.52929,21.68456],[88.52983,21.68426],[88.52988,21.68318],[88.53154,21.68126],[88.53134,21.68031],[88.53176,21.67986],[88.53158,21.67935],[88.53264,21.67778],[88.5327,21.67709],[88.53171,21.67534],[88.53202,21.67509],[88.53277,21.67546],[88.5333,21.67502],[88.53219,21.67273],[88.53331,21.6729],[88.53401,21.67247],[88.53378,21.67149],[88.53489,21.6708],[88.53519,21.67017],[88.53517,21.66861],[88.53461,21.6668],[88.53219,21.66405],[88.52977,21.6601],[88.5294,21.6599],[88.52907,21.65736],[88.53021,21.65532],[88.53108,21.65163],[88.53257,21.64911],[88.536,21.64514],[88.54022,21.64106],[88.54292,21.63931],[88.54572,21.63796],[88.54854,21.63719],[88.55152,21.6374],[88.55082,21.64356],[88.5509,21.64487],[88.5517,21.64758],[88.55543,21.65312],[88.56642,21.6648],[88.56835,21.66834],[88.56865,21.6712],[88.56739,21.67275],[88.56564,21.67365],[88.56193,21.67495],[88.55803,21.67558],[88.55928,21.67573],[88.56191,21.67536],[88.56592,21.67393],[88.56879,21.67195],[88.56878,21.67259],[88.56797,21.67447],[88.56674,21.67572],[88.5606,21.67823],[88.55937,21.67907],[88.55703,21.68146],[88.55514,21.68243],[88.54826,21.68432],[88.54526,21.68438],[88.54241,21.68386],[88.54129,21.68434],[88.54745,21.68529],[88.55035,21.68472],[88.55631,21.68282],[88.55791,21.68181],[88.56052,21.67923],[88.56529,21.67746]]]},"properties":{"set":"detail"}},{"type":"Feature","geometry":{"type":"Polygon","coordinates":[[[88.59126,21.68955],[88.58994,21.68842],[88.58633,21.68758],[88.58432,21.6867],[88.5818,21.68514],[88.58013,21.68363],[88.58044,21.68212],[88.58483,21.6734],[88.58658,21.6687],[88.58696,21.66496],[88.58689,21.65855],[88.58833,21.65782],[88.58879,21.6579],[88.59053,21.65954],[88.59208,21.66046],[88.59263,21.66131],[88.59358,21.66183],[88.59394,21.66253],[88.59725,21.66541],[88.59856,21.66722],[88.59983,21.66785],[88.60203,21.67045],[88.6025,21.67066],[88.60258,21.67091],[88.60228,21.67104],[88.60305,21.6713],[88.60294,21.67181],[88.60352,21.67188],[88.60449,21.6744],[88.6036,21.67546],[88.60267,21.67557],[88.6025,21.67596],[88.60377,21.67973],[88.6041,21.68019],[88.60455,21.68021],[88.60435,21.68125],[88.60371,21.68148],[88.60376,21.682],[88.60221,21.68392],[88.60186,21.685],[88.6005,21.68638],[88.5997,21.68642],[88.59758,21.68843],[88.59539,21.68939],[88.59391,21.69112],[88.59411,21.69149],[88.59371,21.69154],[88.5935,21.6923],[88.59177,21.69315],[88.59163,21.69382],[88.59104,21.69393],[88.59056,21.69476],[88.59069,21.69544],[88.59038,21.69596],[88.58987,21.69634],[88.58924,21.69617],[88.58895,21.69645],[88.58913,21.69728],[88.5889,21.69828],[88.58796,21.69948],[88.58849,21.70049],[88.58776,21.70078],[88.58706,21.70034],[88.58741,21.69856],[88.59154,21.69182],[88.59165,21.69017],[88.59126,21.68955]]]},"properties":{"set":"detail"}},{"type":"Feature","geometry":{"type":"Polygon","coordinates":[[[88.56956,21.69337],[88.57425,21.69379],[88.57468,21.69424],[88.57287,21.69547],[88.57094,21.69737],[88.56917,21.70046],[88.5686,21.7033],[88.56897,21.70935],[88.56789,21.71023],[88.56206,21.71093],[88.56039,21.71153],[88.55898,21.7125],[88.55827,21.71344],[88.55773,21.71653],[88.5573,21.71731],[88.55438,21.72164],[88.55274,21.72326],[88.55164,21.72356],[88.55127,21.72338],[88.55138,21.72072],[88.55098,21.72003],[88.55116,21.71895],[88.55155,21.71861],[88.55094,21.71873],[88.54972,21.71804],[88.54972,21.71849],[88.55096,21.71909],[88.5508,21.72006],[88.55024,21.72031],[88.54906,21.71961],[88.55019,21.72042],[88.55086,21.72021],[88.55116,21.72063],[88.55095,21.72233],[88.55121,21.72376],[88.54973,21.72392],[88.54888,21.72205],[88.54758,21.72078],[88.54707,21.72061],[88.54816,21.72176],[88.54755,21.72227],[88.54827,21.72196],[88.54868,21.72213],[88.54933,21.72392],[88.54663,21.7241],[88.54556,21.72353],[88.5454,21.72012],[88.5464,21.71929],[88.54793,21.71864],[88.5486,21.71757],[88.54856,21.71731],[88.54772,21.71861],[88.5466,21.719],[88.54647,21.71674],[88.54691,21.71485],[88.54669,21.71411],[88.54594,21.71594],[88.54518,21.71601],[88.54436,21.71555],[88.54555,21.71636],[88.54631,21.71743],[88.54611,21.71921],[88.54498,21.71991],[88.54446,21.7194],[88.54398,21.7174],[88.54374,21.71774],[88.54427,21.71907],[88.54422,21.71947],[88.54389,21.71951],[88.54476,21.72002],[88.54498,21.72335],[88.54558,21.72424],[88.54319,21.72386],[88.54313,21.72448],[88.54553,21.72484],[88.54493,21.72571],[88.54519,21.72584],[88.54599,21.72503],[88.54621,21.72567],[88.54655,21.7256],[88.54673,21.7251],[88.54859,21.72491],[88.54858,21.72524],[88.54884,21.72521],[88.54906,21.72492],[88.55017,21.72467],[88.5505,21.72466],[88.55088,21.7255],[88.55071,21.72469],[88.55196,21.72434],[88.55258,21.72487],[88.55276,21.72564],[88.55273,21.72509],[88.55378,21.72485],[88.55289,21.72501],[88.55233,21.72426],[88.55432,21.72316],[88.55663,21.71946],[88.5579,21.71793],[88.55859,21.71634],[88.55893,21.71409],[88.5596,21.71313],[88.5617,21.7122],[88.56742,21.71151],[88.56828,21.71119],[88.56933,21.71127],[88.56986,21.71095],[88.57057,21.70849],[88.57008,21.70255],[88.57063,21.70057],[88.57216,21.69825],[88.5749,21.69552],[88.57679,21.69427],[88.57813,21.69233],[88.5792,21.68817],[88.5795,21.68504],[88.57982,21.68504],[88.58436,21.6881],[88.58582,21.68873],[88.59051,21.6899],[88.59099,21.69094],[88.58924,21.69401],[88.58709,21.69693],[88.58634,21.69883],[88.58628,21.70011],[88.58739,21.70632],[88.58726,21.70789],[88.58495,21.71122],[88.58184,21.71404],[88.58019,21.71512],[88.57555,21.72044],[88.57298,21.72502],[88.57155,21.72879],[88.57075,21.73198],[88.56959,21.73273],[88.56746,21.73274],[88.565,21.73194],[88.56082,21.72968],[88.55926,21.72965],[88.55808,21.73072],[88.55666,21.73344],[88.55443,21.73532],[88.55236,21.73593],[88.54872,21.73638],[88.54243,21.73644],[88.53998,21.73571],[88.53618,21.73361],[88.53476,21.73211],[88.53406,21.73084],[88.53046,21.72153],[88.52928,21.71976],[88.52658,21.71694],[88.53297,21.71025],[88.53648,21.7059],[88.53961,21.70103],[88.54125,21.69976],[88.54268,21.69916],[88.54492,21.69892],[88.54677,21.69917],[88.55046,21.70067],[88.55746,21.70625],[88.55882,21.70685],[88.5613,21.7068],[88.56396,21.70582],[88.5663,21.70382],[88.56764,21.70051],[88.56736,21.69306],[88.56956,21.69337]]]},"properties":{"set":"detail"}},{"type":"Feature","geometry":{"type":"Polygon","coordinates":[[[88.62144,21.72419],[88.62147,21.72484],[88.62012,21.72619],[88.61639,21.72383],[88.61181,21.72149],[88.6001,21.71688],[88.59875,21.71569],[88.59947,21.71502],[88.60013,21.71518],[88.60014,21.71451],[88.60143,21.71407],[88.60143,21.71353],[88.60232,21.71357],[88.60354,21.71099],[88.60399,21.71072],[88.6051,21.71095],[88.60492,21.71136],[88.60532,21.71153],[88.60673,21.71131],[88.60747,21.71048],[88.60788,21.71084],[88.6093,21.711],[88.61168,21.71268],[88.61396,21.71373],[88.61464,21.71445],[88.61541,21.71621],[88.61837,21.7182],[88.61847,21.71936],[88.61965,21.72041],[88.61963,21.72159],[88.6218,21.72367],[88.62167,21.72386],[88.62139,21.72369],[88.62144,21.72419]]]},"properties":{"set":"detail"}},{"type":"Feature","geometry":{"type":"Polygon","coordinates":[[[88.48531,21.72511],[88.48564,21.72516],[88.48754,21.72377],[88.48873,21.72244],[88.48752,21.72406],[88.48588,21.72525],[88.48531,21.72511]]]},"properties":{"set":"detail"}},{"type":"Feature","geometry":{"type":"Polygon","coordinates":[[[88.58128,21.72599],[88.58094,21.72577],[88.5816,21.72519],[88.58596,21.72291],[88.59222,21.72015],[88.59744,21.72298],[88.59944,21.72377],[88.60377,21.72486],[88.60732,21.72506],[88.61542,21.72765],[88.61751,21.72897],[88.61875,21.73015],[88.62049,21.7331],[88.62071,21.73476],[88.61963,21.73817],[88.61757,21.73954],[88.60929,21.74287],[88.6045,21.7442],[88.59833,21.7465],[88.59486,21.74845],[88.58923,21.75086],[88.58654,21.75249],[88.58491,21.75402],[88.5835,21.75724],[88.58302,21.76085],[88.5833,21.76322],[88.58414,21.76628],[88.58499,21.77453],[88.58447,21.77572],[88.58296,21.77751],[88.58213,21.77805],[88.57789,21.77619],[88.57429,21.77272],[88.57397,21.77194],[88.57333,21.77143],[88.57054,21.77038],[88.56969,21.76991],[88.56969,21.76964],[88.57155,21.76674],[88.57429,21.76356],[88.57447,21.76292],[88.57776,21.75857],[88.57878,21.75792],[88.57925,21.75674],[88.58165,21.75356],[88.58331,21.75016],[88.58373,21.74539],[88.5835,21.74161],[88.58235,21.73308],[88.58095,21.72759],[88.58156,21.72672],[88.58128,21.72599]]]},"properties":{"set":"detail"}},{"type":"Feature","geometry":{"type":"Polygon","coordinates":[[[88.45296,21.7105],[88.4563,21.71075],[88.45749,21.71168],[88.45815,21.71314],[88.45853,21.71705],[88.458,21.71907],[88.45886,21.71968],[88.4587,21.72144],[88.45821,21.72278],[88.45841,21.72328],[88.45919,21.72369],[88.45874,21.72559],[88.45901,21.72597],[88.46103,21.72646],[88.4623,21.72773],[88.46668,21.73452],[88.46737,21.7364],[88.46787,21.73856],[88.46961,21.76556],[88.47037,21.76879],[88.47076,21.77324],[88.47337,21.78237],[88.47488,21.78593],[88.4749,21.78727],[88.47643,21.79036],[88.47665,21.79181],[88.47619,21.79299],[88.47344,21.79422],[88.46876,21.79384],[88.46769,21.79361],[88.46733,21.79282],[88.46655,21.79252],[88.46612,21.79059],[88.46419,21.78877],[88.46256,21.78834],[88.45856,21.78842],[88.45495,21.78978],[88.45365,21.79056],[88.45299,21.79047],[88.4523,21.79149],[88.4518,21.79144],[88.4513,21.7919],[88.45124,21.79277],[88.44965,21.79405],[88.44844,21.7945],[88.44919,21.79546],[88.44883,21.79617],[88.44815,21.79591],[88.44664,21.79722],[88.44566,21.79734],[88.44444,21.79616],[88.44256,21.79262],[88.44262,21.79018],[88.44202,21.78844],[88.44221,21.78651],[88.44189,21.7864],[88.44222,21.78637],[88.44218,21.78536],[88.44128,21.78334],[88.44097,21.78329],[88.44103,21.78293],[88.43825,21.7788],[88.4387,21.77815],[88.43789,21.77828],[88.43744,21.77757],[88.43717,21.77763],[88.43724,21.77739],[88.43676,21.77726],[88.4367,21.77656],[88.43159,21.77318],[88.43109,21.77259],[88.43034,21.77302],[88.43081,21.77244],[88.43021,21.77119],[88.42948,21.77098],[88.42873,21.7715],[88.42586,21.76948],[88.42559,21.76955],[88.42418,21.7682],[88.42372,21.7669],[88.42457,21.76191],[88.42535,21.76163],[88.42469,21.7615],[88.42485,21.76094],[88.42642,21.758],[88.42715,21.75519],[88.42852,21.7526],[88.42828,21.75197],[88.4285,21.75159],[88.42797,21.75155],[88.42685,21.74883],[88.42444,21.74512],[88.42427,21.74119],[88.42532,21.73811],[88.4284,21.73239],[88.42955,21.72738],[88.43017,21.72724],[88.42989,21.72684],[88.43021,21.72615],[88.42974,21.72601],[88.4296,21.72564],[88.43025,21.72609],[88.43048,21.72549],[88.42979,21.7254],[88.4305,21.72534],[88.42934,21.72457],[88.42867,21.72216],[88.42893,21.72172],[88.42826,21.72154],[88.42759,21.71968],[88.42665,21.71897],[88.42702,21.71728],[88.42673,21.71597],[88.42755,21.71438],[88.43004,21.71122],[88.43259,21.70448],[88.43681,21.7078],[88.43941,21.70934],[88.43946,21.70991],[88.44028,21.71035],[88.44077,21.70975],[88.44316,21.71017],[88.44958,21.71029],[88.44959,21.71077],[88.44971,21.71034],[88.44994,21.71075],[88.45002,21.71042],[88.45043,21.71036],[88.45102,21.71093],[88.45081,21.71039],[88.45274,21.71043],[88.45274,21.71103],[88.45302,21.71095],[88.45296,21.7105]]]},"properties":{"set":"detail"}},{"type":"Feature","geometry":{"type":"Polygon","coordinates":[[[88.51159,21.7628],[88.50625,21.75963],[88.50513,21.75862],[88.50461,21.75573],[88.50549,21.75284],[88.5052,21.75127],[88.50825,21.74591],[88.51056,21.74012],[88.51093,21.74017],[88.51118,21.73936],[88.51177,21.73901],[88.51252,21.73939],[88.51343,21.74059],[88.51494,21.74713],[88.51575,21.74937],[88.51658,21.75085],[88.51698,21.75101],[88.51717,21.75059],[88.51524,21.74572],[88.51486,21.74237],[88.5143,21.74028],[88.51322,21.73808],[88.51356,21.73675],[88.51299,21.73476],[88.51339,21.73417],[88.51418,21.73446],[88.51445,21.73389],[88.51525,21.73387],[88.51522,21.73299],[88.5157,21.73284],[88.51579,21.73243],[88.51555,21.7315],[88.51627,21.73141],[88.51655,21.73045],[88.51719,21.73039],[88.51757,21.72823],[88.51726,21.72753],[88.51719,21.72575],[88.51766,21.72249],[88.5217,21.71966],[88.52578,21.7187],[88.52703,21.71936],[88.52909,21.72227],[88.53,21.72402],[88.53206,21.72966],[88.53441,21.73327],[88.53576,21.73458],[88.53746,21.73563],[88.54016,21.7367],[88.54248,21.7373],[88.54516,21.73747],[88.54893,21.73722],[88.55365,21.73646],[88.55699,21.73423],[88.55851,21.73128],[88.55973,21.73017],[88.56118,21.7305],[88.56293,21.73175],[88.56595,21.73323],[88.56748,21.73356],[88.57002,21.73354],[88.57113,21.73439],[88.57175,21.73682],[88.57183,21.73873],[88.57155,21.74362],[88.5711,21.74603],[88.56919,21.75042],[88.5628,21.75978],[88.56057,21.76112],[88.55668,21.76168],[88.5548,21.76135],[88.54968,21.75958],[88.54738,21.75971],[88.54451,21.76088],[88.54301,21.76083],[88.54228,21.76144],[88.54175,21.76253],[88.54101,21.76297],[88.53829,21.76322],[88.53609,21.76216],[88.53626,21.76049],[88.53415,21.75856],[88.53417,21.75773],[88.53391,21.75854],[88.53613,21.76067],[88.53584,21.76202],[88.53501,21.76152],[88.53372,21.76211],[88.53505,21.76164],[88.53765,21.76319],[88.53961,21.76343],[88.5417,21.76283],[88.54244,21.76149],[88.54321,21.76095],[88.54475,21.76114],[88.54432,21.7622],[88.54555,21.7607],[88.54818,21.7599],[88.54974,21.75997],[88.55456,21.7618],[88.55664,21.76218],[88.55948,21.76197],[88.56332,21.7606],[88.56288,21.76745],[88.5637,21.77437],[88.56629,21.78024],[88.56878,21.78344],[88.57127,21.78573],[88.57177,21.78675],[88.57091,21.78646],[88.56521,21.78295],[88.56248,21.78217],[88.5596,21.78326],[88.55623,21.78541],[88.55223,21.78749],[88.55,21.78825],[88.54691,21.78798],[88.54265,21.78644],[88.54093,21.78654],[88.53968,21.78832],[88.53832,21.79179],[88.53733,21.79256],[88.53585,21.79253],[88.53499,21.79177],[88.53425,21.79033],[88.53278,21.78471],[88.53164,21.782],[88.52649,21.77526],[88.52353,21.77221],[88.51739,21.76811],[88.51159,21.7628]]]},"properties":{"set":"detail"}},{"type":"Feature","geometry":{"type":"Polygon","coordinates":[[[88.62318,21.73125],[88.62173,21.7282],[88.62053,21.72641],[88.62092,21.7255],[88.62178,21.72498],[88.6238,21.72761],[88.6238,21.72837],[88.62546,21.73074],[88.62517,21.73146],[88.62575,21.73228],[88.62516,21.73332],[88.62588,21.73449],[88.62572,21.73553],[88.62776,21.73822],[88.6278,21.73964],[88.62718,21.74044],[88.62794,21.74349],[88.62828,21.74919],[88.62805,21.75291],[88.62718,21.75522],[88.6256,21.75634],[88.62567,21.75917],[88.62448,21.7611],[88.62424,21.76802],[88.62312,21.77229],[88.61867,21.78144],[88.61726,21.78339],[88.61704,21.78509],[88.61539,21.78787],[88.61368,21.78996],[88.61162,21.79076],[88.60936,21.79091],[88.60415,21.79053],[88.5992,21.78944],[88.59658,21.78829],[88.59325,21.78617],[88.59113,21.78366],[88.58947,21.78039],[88.58835,21.776],[88.58776,21.7653],[88.58639,21.76035],[88.58627,21.75668],[88.58752,21.75501],[88.59552,21.75199],[88.59896,21.75015],[88.60141,21.74833],[88.60355,21.74765],[88.61202,21.74645],[88.6171,21.74413],[88.62141,21.7399],[88.62291,21.7373],[88.62375,21.73306],[88.62318,21.73125]]]},"properties":{"set":"detail"}},{"type":"Feature","geometry":{"type":"Polygon","coordinates":[[[88.49893,21.77898],[88.4995,21.77763],[88.5004,21.77679],[88.50111,21.77687],[88.50188,21.77751],[88.50641,21.78358],[88.50749,21.78597],[88.50742,21.78765],[88.50702,21.78779],[88.5061,21.78738],[88.50128,21.78311],[88.49959,21.78092],[88.49893,21.77898]]]},"properties":{"set":"detail"}},{"type":"Feature","geometry":{"type":"Polygon","coordinates":[[[88.50612,21.7704],[88.5056,21.76881],[88.50374,21.76566],[88.50377,21.76399],[88.5044,21.76318],[88.50589,21.76331],[88.51273,21.76609],[88.51758,21.76985],[88.52013,21.77112],[88.52391,21.77389],[88.52576,21.77576],[88.53091,21.78227],[88.53188,21.78398],[88.53423,21.79157],[88.53505,21.79272],[88.53591,21.79332],[88.53746,21.79336],[88.53882,21.79264],[88.54034,21.78881],[88.54148,21.78712],[88.54268,21.78704],[88.54724,21.78863],[88.55018,21.78889],[88.55268,21.78801],[88.55642,21.78609],[88.55939,21.78417],[88.56221,21.78296],[88.56371,21.78297],[88.56559,21.78376],[88.57045,21.78667],[88.57187,21.78773],[88.57184,21.78799],[88.57137,21.78848],[88.57073,21.79043],[88.569,21.79351],[88.56603,21.79647],[88.56266,21.80065],[88.55827,21.80497],[88.55689,21.80682],[88.55539,21.8078],[88.55129,21.80959],[88.54459,21.81046],[88.54373,21.81103],[88.54221,21.81105],[88.53304,21.80618],[88.53003,21.80394],[88.51409,21.78802],[88.51145,21.78474],[88.50843,21.77982],[88.50587,21.77387],[88.50566,21.77291],[88.50612,21.7704]]]},"properties":{"set":"detail"}},{"type":"Feature","geometry":{"type":"Polygon","coordinates":[[[88.4592,21.80249],[88.46068,21.80239],[88.46177,21.80161],[88.46303,21.80117],[88.46403,21.80016],[88.47043,21.80019],[88.47256,21.79987],[88.4742,21.80015],[88.47685,21.79991],[88.47867,21.79997],[88.48161,21.80112],[88.48325,21.80064],[88.49044,21.80486],[88.49575,21.80895],[88.49716,21.81097],[88.49823,21.81423],[88.49653,21.82204],[88.4962,21.82282],[88.49525,21.82355],[88.49384,21.82566],[88.49138,21.82828],[88.48887,21.83351],[88.48786,21.8339],[88.48698,21.83339],[88.48565,21.83381],[88.48492,21.83443],[88.48218,21.83458],[88.47953,21.83454],[88.47878,21.83394],[88.47676,21.83384],[88.47543,21.83226],[88.47482,21.83028],[88.47427,21.82993],[88.47435,21.82952],[88.47364,21.82797],[88.47159,21.8243],[88.4711,21.8244],[88.47085,21.82403],[88.47105,21.8237],[88.46962,21.82184],[88.46895,21.82213],[88.4683,21.82102],[88.46654,21.82057],[88.46593,21.82025],[88.46553,21.8196],[88.4626,21.81854],[88.46151,21.82059],[88.46203,21.81817],[88.46127,21.81787],[88.46079,21.81815],[88.46077,21.81766],[88.45967,21.81718],[88.45857,21.81757],[88.45747,21.8171],[88.45763,21.81624],[88.45667,21.81572],[88.45587,21.81573],[88.45492,21.81654],[88.45084,21.81401],[88.45148,21.81235],[88.45236,21.81196],[88.45418,21.80993],[88.45425,21.8095],[88.45389,21.80899],[88.45446,21.80912],[88.45616,21.80782],[88.45613,21.8074],[88.45676,21.80785],[88.45718,21.80759],[88.45681,21.80702],[88.45724,21.80658],[88.4565,21.80597],[88.45671,21.80521],[88.45852,21.80376],[88.4592,21.80249]]]},"properties":{"set":"detail"}},{"type":"Feature","geometry":{"type":"Polygon","coordinates":[[[88.48903,21.84154],[88.4897,21.84944],[88.48928,21.85198],[88.48988,21.85325],[88.4899,21.85448],[88.48947,21.85685],[88.48778,21.86214],[88.48695,21.8641],[88.48619,21.86397],[88.48599,21.86536],[88.4848,21.86816],[88.48485,21.86867],[88.48641,21.86999],[88.48599,21.87131],[88.48439,21.87421],[88.48601,21.87459],[88.48582,21.87628],[88.48469,21.87931],[88.48476,21.88078],[88.48313,21.88196],[88.48274,21.88282],[88.48042,21.88229],[88.47923,21.88239],[88.4788,21.88372],[88.47923,21.88415],[88.47825,21.88839],[88.47706,21.88828],[88.476,21.88862],[88.47571,21.88955],[88.4711,21.89094],[88.46237,21.89266],[88.45685,21.89513],[88.45439,21.89789],[88.45309,21.89985],[88.45123,21.90418],[88.4501,21.90506],[88.44346,21.90494],[88.44029,21.90591],[88.43791,21.90268],[88.43558,21.90047],[88.43405,21.90015],[88.43261,21.90051],[88.43216,21.90014],[88.43188,21.8991],[88.4312,21.89892],[88.42911,21.89917],[88.4266,21.90017],[88.42567,21.9007],[88.42589,21.90155],[88.42447,21.90215],[88.42379,21.90157],[88.42117,21.90272],[88.41999,21.90184],[88.41903,21.90026],[88.42012,21.89672],[88.42006,21.89529],[88.42064,21.89201],[88.41992,21.89022],[88.41654,21.88572],[88.41584,21.88591],[88.415,21.88505],[88.41227,21.88314],[88.41008,21.88203],[88.40494,21.87827],[88.40208,21.87493],[88.39986,21.87049],[88.39999,21.86834],[88.40038,21.86745],[88.40034,21.86414],[88.40097,21.86027],[88.40099,21.85966],[88.40064,21.85954],[88.40101,21.85937],[88.40119,21.85733],[88.40206,21.85675],[88.40099,21.85216],[88.40138,21.85121],[88.40041,21.84795],[88.40037,21.84595],[88.40005,21.84574],[88.39627,21.84706],[88.39956,21.8456],[88.39974,21.84476],[88.39899,21.84264],[88.39821,21.84272],[88.39542,21.83939],[88.3957,21.83835],[88.39379,21.83491],[88.39365,21.83403],[88.39413,21.83242],[88.39342,21.83134],[88.39382,21.83093],[88.39403,21.82848],[88.39716,21.82267],[88.39729,21.8218],[88.39749,21.82235],[88.39864,21.82241],[88.39844,21.81955],[88.40145,21.81079],[88.40234,21.80989],[88.40197,21.80936],[88.40187,21.80832],[88.40283,21.8045],[88.4029,21.80267],[88.40247,21.79987],[88.40348,21.79894],[88.40519,21.80014],[88.40737,21.80224],[88.41122,21.80474],[88.41434,21.80845],[88.41779,21.81157],[88.41987,21.81265],[88.42283,21.81267],[88.42332,21.81432],[88.42537,21.81439],[88.42494,21.81292],[88.42583,21.81293],[88.42584,21.81206],[88.42793,21.81009],[88.42926,21.80222],[88.4308,21.80043],[88.43194,21.80019],[88.43386,21.80045],[88.43613,21.80106],[88.43631,21.80188],[88.43988,21.8026],[88.4441,21.80292],[88.44512,21.80351],[88.44578,21.80324],[88.44679,21.80195],[88.44819,21.80101],[88.45049,21.79992],[88.45203,21.79822],[88.45304,21.79768],[88.45492,21.79552],[88.45472,21.79517],[88.45506,21.79544],[88.45861,21.79209],[88.4597,21.79177],[88.4605,21.79185],[88.46099,21.79374],[88.46187,21.79353],[88.46201,21.79407],[88.4612,21.79444],[88.46129,21.79508],[88.45912,21.79616],[88.45867,21.79686],[88.45747,21.79747],[88.45418,21.80004],[88.45307,21.80025],[88.4515,21.80166],[88.44918,21.80453],[88.44712,21.80827],[88.44685,21.81073],[88.44657,21.81114],[88.44667,21.81298],[88.44828,21.81708],[88.45036,21.81982],[88.4513,21.82034],[88.45185,21.82112],[88.45354,21.82207],[88.45546,21.82398],[88.46038,21.82456],[88.46152,21.82515],[88.46384,21.82536],[88.46523,21.82641],[88.4667,21.82783],[88.46777,21.8302],[88.46878,21.83018],[88.46924,21.83133],[88.47102,21.83344],[88.47169,21.83601],[88.47237,21.83705],[88.47465,21.83759],[88.47556,21.8365],[88.47529,21.83783],[88.47821,21.83877],[88.48143,21.83872],[88.48382,21.83837],[88.48466,21.83873],[88.48572,21.83835],[88.4873,21.83959],[88.48772,21.84043],[88.48854,21.84033],[88.48903,21.84154]]]},"properties":{"set":"detail"}},{"type":"Feature","geometry":{"type":"Polygon","coordinates":[[[88.61205,21.7986],[88.6126,21.7985],[88.61363,21.79899],[88.61384,21.80038],[88.61263,21.80521],[88.61153,21.80887],[88.61046,21.81056],[88.60922,21.81129],[88.60833,21.81239],[88.60717,21.8155],[88.60782,21.81694],[88.6083,21.81959],[88.60943,21.82188],[88.61548,21.82597],[88.61721,21.82823],[88.6173,21.82894],[88.61667,21.83018],[88.61032,21.83192],[88.60616,21.83454],[88.60378,21.83733],[88.60327,21.83995],[88.60327,21.84202],[88.60241,21.84455],[88.60154,21.84527],[88.59495,21.84786],[88.59304,21.84934],[88.59082,21.85211],[88.59046,21.85217],[88.58905,21.85028],[88.58629,21.84765],[88.58454,21.84548],[88.58272,21.84231],[88.58157,21.83952],[88.57971,21.83255],[88.57938,21.82954],[88.57731,21.82501],[88.57617,21.81999],[88.57617,21.81821],[88.57686,21.81624],[88.58252,21.80751],[88.58497,21.80249],[88.58622,21.8011],[88.58884,21.79918],[88.59114,21.79815],[88.59218,21.79792],[88.59313,21.79827],[88.59364,21.79785],[88.59391,21.79794],[88.59399,21.79748],[88.5948,21.7977],[88.59499,21.79739],[88.59625,21.79772],[88.59703,21.79754],[88.59766,21.79781],[88.59979,21.79793],[88.60277,21.7988],[88.60437,21.79864],[88.60965,21.79923],[88.61161,21.79853],[88.61205,21.7986]]]},"properties":{"set":"detail"}},{"type":"Feature","geometry":{"type":"Polygon","coordinates":[[[88.51637,21.85684],[88.50955,21.86078],[88.50898,21.86037],[88.50922,21.85502],[88.51115,21.8489],[88.51228,21.84786],[88.5126,21.84563],[88.51246,21.84484],[88.51167,21.84421],[88.51077,21.84194],[88.51073,21.83883],[88.51129,21.83693],[88.51172,21.83307],[88.51306,21.82956],[88.51325,21.82923],[88.51388,21.82917],[88.52187,21.83166],[88.52623,21.83397],[88.52833,21.83576],[88.52906,21.83775],[88.52877,21.84121],[88.52786,21.84483],[88.52637,21.84826],[88.52505,21.8503],[88.52226,21.85369],[88.51637,21.85684]]]},"properties":{"set":"detail"}},{"type":"Feature","geometry":{"type":"Polygon","coordinates":[[[88.54223,21.85754],[88.5417,21.85794],[88.53978,21.85559],[88.5361,21.85327],[88.53953,21.85428],[88.54102,21.85504],[88.54202,21.85626],[88.54223,21.85754]]]},"properties":{"set":"detail"}},{"type":"Feature","geometry":{"type":"Polygon","coordinates":[[[88.55189,21.83018],[88.5556,21.82611],[88.55773,21.82464],[88.56058,21.82881],[88.56447,21.83589],[88.56798,21.84789],[88.56983,21.85265],[88.57088,21.85419],[88.57172,21.85756],[88.57195,21.85921],[88.57165,21.86084],[88.57206,21.86339],[88.57256,21.87285],[88.57449,21.88243],[88.57627,21.88765],[88.57469,21.89282],[88.57109,21.90058],[88.57056,21.90112],[88.56818,21.90015],[88.56528,21.89814],[88.56249,21.89739],[88.55972,21.89805],[88.55382,21.90052],[88.54641,21.90469],[88.54412,21.90503],[88.54308,21.90473],[88.54122,21.90308],[88.54037,21.90131],[88.54041,21.90046],[88.54144,21.89895],[88.54639,21.89523],[88.5484,21.89292],[88.54934,21.89028],[88.54951,21.88631],[88.55012,21.88325],[88.55005,21.88057],[88.54881,21.87776],[88.54756,21.87619],[88.54571,21.87443],[88.54251,21.8721],[88.54088,21.87041],[88.54126,21.86818],[88.54273,21.86448],[88.54326,21.86064],[88.54316,21.8582],[88.54208,21.85535],[88.54041,21.85408],[88.53577,21.85245],[88.53266,21.85103],[88.53035,21.84934],[88.53023,21.84857],[88.53257,21.84117],[88.53332,21.83533],[88.53286,21.83293],[88.53309,21.83211],[88.53392,21.83155],[88.53815,21.83075],[88.54202,21.82896],[88.54379,21.8272],[88.54568,21.82467],[88.54863,21.81838],[88.55159,21.81746],[88.55267,21.81786],[88.55483,21.82053],[88.55523,21.82325],[88.55438,21.82533],[88.54995,21.83137],[88.54954,21.83263],[88.54968,21.83408],[88.551,21.83626],[88.55507,21.83982],[88.55666,21.84206],[88.55795,21.84537],[88.55854,21.8506],[88.55812,21.85421],[88.55738,21.85654],[88.55311,21.86489],[88.55138,21.86977],[88.55131,21.87376],[88.55207,21.87645],[88.5516,21.87181],[88.5523,21.86785],[88.55384,21.86453],[88.55711,21.85882],[88.55813,21.85639],[88.55901,21.85295],[88.55917,21.85021],[88.55863,21.84558],[88.55697,21.841],[88.55438,21.83816],[88.55148,21.83569],[88.55055,21.83443],[88.55046,21.83225],[88.55189,21.83018]]]},"properties":{"set":"detail"}},{"type":"Feature","geometry":{"type":"Polygon","coordinates":[[[88.58473,21.87117],[88.58481,21.87537],[88.58456,21.87558],[88.58358,21.8752],[88.58244,21.87409],[88.58178,21.87317],[88.58129,21.87153],[88.58111,21.86941],[88.5815,21.86717],[88.58314,21.86555],[88.58371,21.86576],[88.58413,21.86663],[88.58473,21.87117]]]},"properties":{"set":"detail"}},{"type":"Feature","geometry":{"type":"Polygon","coordinates":[[[88.45015,21.91173],[88.44699,21.91134],[88.44489,21.91071],[88.44317,21.90966],[88.44231,21.90836],[88.44338,21.90791],[88.4449,21.9066],[88.4462,21.90613],[88.45216,21.90608],[88.45361,21.90726],[88.45621,21.91348],[88.45564,21.91381],[88.4548,21.91382],[88.45015,21.91173]]]},"properties":{"set":"detail"}},{"type":"Feature","geometry":{"type":"Polygon","coordinates":[[[88.5772,21.98067],[88.57589,21.97813],[88.57545,21.97456],[88.57715,21.96324],[88.57718,21.95933],[88.57798,21.95869],[88.5816,21.95716],[88.58499,21.95533],[88.59335,21.95004],[88.5955,21.9474],[88.59988,21.93838],[88.60122,21.93655],[88.60283,21.9351],[88.6038,21.93458],[88.60496,21.93457],[88.60636,21.93338],[88.60975,21.93214],[88.61089,21.93209],[88.61281,21.93292],[88.61414,21.93481],[88.6148,21.93707],[88.61351,21.93914],[88.61301,21.93944],[88.61251,21.94061],[88.61127,21.94201],[88.61037,21.9424],[88.61013,21.94329],[88.60934,21.94363],[88.60933,21.94397],[88.60796,21.94546],[88.60759,21.94554],[88.60659,21.94795],[88.60579,21.94906],[88.60526,21.95104],[88.60457,21.9514],[88.60465,21.95224],[88.60402,21.95325],[88.60303,21.95388],[88.60307,21.95486],[88.60256,21.95533],[88.60173,21.95755],[88.6007,21.95874],[88.59881,21.96333],[88.59836,21.96366],[88.59835,21.96561],[88.59765,21.96676],[88.59797,21.96683],[88.59759,21.9674],[88.59793,21.96762],[88.59784,21.96843],[88.59729,21.9691],[88.59767,21.96939],[88.59762,21.96988],[88.59788,21.96979],[88.59762,21.97043],[88.59794,21.97083],[88.59777,21.97144],[88.59812,21.97288],[88.59792,21.97336],[88.59811,21.97492],[88.59848,21.97531],[88.59818,21.97573],[88.59863,21.9765],[88.59864,21.97821],[88.59878,21.97847],[88.5991,21.9784],[88.59937,21.97915],[88.59941,21.98106],[88.59976,21.98188],[88.59926,21.98304],[88.5993,21.984],[88.59946,21.9843],[88.60041,21.98449],[88.60088,21.98706],[88.60192,21.98943],[88.60229,21.99267],[88.60289,21.99301],[88.60351,21.994],[88.60369,21.99455],[88.60346,21.99503],[88.60407,21.9955],[88.60518,21.99835],[88.60425,21.99724],[88.60226,21.99597],[88.60167,21.99329],[88.59954,21.99035],[88.59868,21.9896],[88.59683,21.98925],[88.59587,21.98723],[88.59447,21.98678],[88.59051,21.98814],[88.58812,21.98935],[88.58715,21.98925],[88.58583,21.98846],[88.58502,21.98662],[88.58364,21.9851],[88.57974,21.98306],[88.57863,21.98229],[88.5772,21.98067]]]},"properties":{"set":"detail"}},{"type":"Feature","geometry":{"type":"Polygon","coordinates":[[[88.72177,21.63785],[88.72195,21.63821],[88.72172,21.63833],[88.72069,21.63734],[88.72028,21.63432],[88.71977,21.63335],[88.71978,21.6313],[88.71502,21.62402],[88.71476,21.62311],[88.71491,21.61975],[88.71235,21.61862],[88.71166,21.6173],[88.70916,21.61537],[88.70858,21.61437],[88.70858,21.61224],[88.70976,21.60816],[88.71038,21.60442],[88.71057,21.60196],[88.71013,21.60037],[88.71065,21.59848],[88.7102,21.59374],[88.71045,21.59258],[88.71177,21.59032],[88.71281,21.58929],[88.71354,21.58915],[88.71376,21.5888],[88.71428,21.58628],[88.71563,21.58497],[88.71527,21.58426],[88.71581,21.58421],[88.71633,21.58458],[88.71712,21.58399],[88.7183,21.58379],[88.71865,21.58285],[88.71913,21.58262],[88.71923,21.58175],[88.71991,21.58218],[88.72228,21.58179],[88.7226,21.5814],[88.72247,21.58085],[88.72287,21.58056],[88.72264,21.57998],[88.72292,21.57951],[88.72409,21.57925],[88.72467,21.57971],[88.72529,21.5787],[88.72682,21.57789],[88.72757,21.5777],[88.72772,21.57817],[88.72807,21.57783],[88.72845,21.57823],[88.73016,21.57682],[88.73044,21.57686],[88.7305,21.5773],[88.73153,21.57749],[88.73265,21.57634],[88.73403,21.57597],[88.73427,21.57627],[88.73413,21.57679],[88.73546,21.57768],[88.73628,21.57745],[88.73603,21.57887],[88.73733,21.57961],[88.73706,21.58193],[88.73551,21.58268],[88.7353,21.58323],[88.73578,21.58346],[88.73735,21.58307],[88.73815,21.58328],[88.73961,21.58237],[88.74078,21.58226],[88.74318,21.58346],[88.7444,21.58343],[88.74463,21.58419],[88.74604,21.58493],[88.74707,21.58961],[88.74829,21.592],[88.75114,21.59457],[88.75611,21.59724],[88.75686,21.59791],[88.75721,21.59903],[88.75645,21.60029],[88.75491,21.60148],[88.75076,21.60382],[88.74144,21.60683],[88.73582,21.60986],[88.73489,21.61096],[88.73434,21.61217],[88.7334,21.61545],[88.73341,21.62036],[88.7342,21.62385],[88.73275,21.62653],[88.73041,21.62959],[88.72967,21.6314],[88.7291,21.63321],[88.72829,21.63852],[88.72784,21.63874],[88.72702,21.63783],[88.72436,21.63693],[88.72366,21.63695],[88.72294,21.63757],[88.72172,21.63758],[88.72177,21.63785]]]},"properties":{"set":"detail"}},{"type":"Feature","geometry":{"type":"Polygon","coordinates":[[[88.78251,21.59725],[88.78866,21.60018],[88.78928,21.60063],[88.78973,21.6016],[88.78839,21.60316],[88.78612,21.60448],[88.78607,21.60531],[88.7853,21.60699],[88.78331,21.60878],[88.78209,21.60932],[88.78181,21.61013],[88.7791,21.61308],[88.77813,21.61373],[88.777,21.61389],[88.77616,21.61434],[88.77548,21.61516],[88.77572,21.61609],[88.77487,21.61754],[88.77256,21.61955],[88.77256,21.62171],[88.77172,21.62235],[88.77124,21.62316],[88.77129,21.62626],[88.77063,21.62699],[88.76959,21.62942],[88.76947,21.63298],[88.77045,21.63594],[88.77083,21.63637],[88.77193,21.63676],[88.77235,21.63816],[88.77223,21.6404],[88.77133,21.64137],[88.7713,21.6419],[88.7749,21.64351],[88.77471,21.64401],[88.7733,21.6446],[88.77462,21.64556],[88.77412,21.64635],[88.77435,21.64686],[88.77308,21.64749],[88.77305,21.64785],[88.77337,21.64802],[88.77308,21.64843],[88.77325,21.64909],[88.77258,21.64951],[88.77236,21.65012],[88.77165,21.65044],[88.77109,21.6521],[88.76954,21.65405],[88.76733,21.65409],[88.76464,21.65301],[88.76256,21.65253],[88.74679,21.64535],[88.74342,21.64498],[88.73578,21.64489],[88.72948,21.64032],[88.73038,21.63369],[88.73099,21.63166],[88.73242,21.62889],[88.73442,21.62624],[88.73521,21.62447],[88.73491,21.61533],[88.73525,21.61328],[88.73603,21.61195],[88.73728,21.61055],[88.73876,21.60952],[88.75159,21.60511],[88.7541,21.6039],[88.75559,21.60283],[88.75782,21.60059],[88.75826,21.5998],[88.7585,21.59816],[88.75762,21.5962],[88.75328,21.59417],[88.75029,21.59204],[88.74975,21.59125],[88.74927,21.5885],[88.75297,21.58355],[88.75528,21.58273],[88.75685,21.58152],[88.75782,21.58114],[88.75845,21.5815],[88.75953,21.58118],[88.76034,21.58149],[88.76194,21.5812],[88.76342,21.58154],[88.76731,21.58144],[88.77553,21.58215],[88.77652,21.58245],[88.7772,21.58203],[88.77867,21.58199],[88.78523,21.58319],[88.78813,21.58517],[88.78944,21.58557],[88.79243,21.58747],[88.79352,21.58993],[88.79477,21.5914],[88.7951,21.59568],[88.79465,21.59733],[88.793,21.59889],[88.79055,21.59888],[88.78789,21.59825],[88.78276,21.59622],[88.7815,21.5962],[88.7792,21.59751],[88.77784,21.59979],[88.77726,21.6018],[88.77736,21.60566],[88.7773,21.60685],[88.77704,21.6071],[88.77505,21.60725],[88.7709,21.60563],[88.77015,21.60563],[88.77042,21.60609],[88.77426,21.60777],[88.77631,21.608],[88.77774,21.60744],[88.77828,21.6058],[88.77793,21.60305],[88.77868,21.59989],[88.77944,21.5985],[88.78071,21.59736],[88.78187,21.59708],[88.78251,21.59725]]]},"properties":{"set":"detail"}},{"type":"Feature","geometry":{"type":"Polygon","coordinates":[[[88.63144,21.66598],[88.63042,21.66532],[88.63031,21.66376],[88.62963,21.6622],[88.62986,21.66112],[88.62931,21.6603],[88.62903,21.6585],[88.62966,21.657],[88.63105,21.65644],[88.63181,21.65677],[88.63239,21.65844],[88.63167,21.65978],[88.63139,21.66212],[88.63225,21.66435],[88.63207,21.66485],[88.63339,21.66612],[88.63393,21.66946],[88.63414,21.66949],[88.63406,21.67141],[88.63461,21.67221],[88.63395,21.67169],[88.63281,21.66946],[88.63259,21.66876],[88.63277,21.66816],[88.63207,21.66821],[88.63251,21.66744],[88.63144,21.66598]]]},"properties":{"set":"detail"}},{"type":"Feature","geometry":{"type":"Polygon","coordinates":[[[88.74395,21.64577],[88.74597,21.64596],[88.74796,21.64656],[88.75055,21.64802],[88.75065,21.64846],[88.74904,21.64954],[88.74385,21.6515],[88.74075,21.65364],[88.73286,21.66026],[88.72187,21.66882],[88.71333,21.67455],[88.70705,21.68043],[88.70272,21.68598],[88.70081,21.68949],[88.69919,21.69386],[88.69814,21.6977],[88.69729,21.70355],[88.69702,21.7043],[88.69673,21.70429],[88.69567,21.70118],[88.69517,21.69685],[88.6915,21.68728],[88.68983,21.68472],[88.68982,21.68346],[88.69148,21.68156],[88.69427,21.6791],[88.69644,21.67542],[88.6972,21.67473],[88.69725,21.67403],[88.69842,21.67294],[88.69848,21.67223],[88.69802,21.67182],[88.69827,21.67097],[88.69909,21.67057],[88.69991,21.66937],[88.70177,21.66804],[88.70265,21.66791],[88.70277,21.66703],[88.7032,21.66645],[88.70631,21.66635],[88.70821,21.66488],[88.71036,21.66392],[88.71142,21.66309],[88.71112,21.66207],[88.71023,21.66125],[88.70976,21.66028],[88.71031,21.65914],[88.71415,21.65404],[88.71904,21.64327],[88.72075,21.63876],[88.72292,21.63903],[88.72378,21.63802],[88.72485,21.63789],[88.72561,21.63812],[88.72966,21.6417],[88.73571,21.64565],[88.74395,21.64577]]]},"properties":{"set":"detail"}},{"type":"Feature","geometry":{"type":"Polygon","coordinates":[[[88.79055,21.66069],[88.78994,21.66064],[88.78788,21.65946],[88.78854,21.6595],[88.78929,21.65866],[88.79058,21.65871],[88.79154,21.65843],[88.79166,21.65808],[88.79269,21.65794],[88.79308,21.65716],[88.79367,21.65717],[88.79384,21.65753],[88.79445,21.65765],[88.79486,21.65676],[88.79517,21.65673],[88.79651,21.65841],[88.79736,21.65824],[88.79842,21.65883],[88.79924,21.65872],[88.79922,21.65939],[88.79975,21.6594],[88.79972,21.66043],[88.79997,21.66062],[88.80072,21.66062],[88.8016,21.65979],[88.80231,21.65979],[88.8062,21.66579],[88.80672,21.66847],[88.80643,21.67235],[88.80659,21.67506],[88.80729,21.67884],[88.80888,21.68354],[88.80985,21.68965],[88.81006,21.69581],[88.81106,21.70041],[88.81019,21.70292],[88.80726,21.70534],[88.80378,21.70599],[88.8,21.70554],[88.79571,21.70411],[88.78972,21.70155],[88.77578,21.69412],[88.77028,21.69261],[88.76453,21.69216],[88.7629,21.69027],[88.76257,21.68665],[88.76198,21.68514],[88.75981,21.68295],[88.75754,21.68202],[88.75583,21.68195],[88.7515,21.68324],[88.75064,21.68319],[88.74661,21.68183],[88.74485,21.682],[88.74354,21.68293],[88.74254,21.68447],[88.74234,21.68835],[88.74201,21.6889],[88.74109,21.68934],[88.74024,21.68919],[88.73728,21.68764],[88.73342,21.687],[88.73154,21.68707],[88.73057,21.68633],[88.73057,21.68463],[88.73165,21.68313],[88.73888,21.68001],[88.7443,21.67629],[88.74872,21.67377],[88.75117,21.67166],[88.75856,21.66413],[88.75939,21.6638],[88.76064,21.66391],[88.76154,21.66468],[88.76272,21.66432],[88.76491,21.66461],[88.76536,21.66586],[88.76675,21.66561],[88.76875,21.66653],[88.76925,21.66625],[88.76947,21.66648],[88.77026,21.66601],[88.77203,21.66606],[88.77239,21.66574],[88.77291,21.6658],[88.77339,21.66533],[88.77389,21.66556],[88.77475,21.66507],[88.77528,21.66529],[88.77573,21.66481],[88.77596,21.66516],[88.77629,21.66493],[88.77663,21.66525],[88.77697,21.66482],[88.77705,21.66511],[88.77805,21.66526],[88.77907,21.66448],[88.77982,21.66308],[88.78001,21.66337],[88.78037,21.66285],[88.78079,21.6631],[88.78179,21.66177],[88.78233,21.6619],[88.78359,21.66122],[88.78406,21.66133],[88.78491,21.66239],[88.7853,21.66206],[88.7857,21.66235],[88.78615,21.66178],[88.7882,21.66234],[88.7885,21.6619],[88.79222,21.66255],[88.79316,21.66347],[88.79307,21.66458],[88.79155,21.6665],[88.7876,21.67049],[88.78669,21.6719],[88.78649,21.67289],[88.78713,21.67534],[88.78777,21.67618],[88.79026,21.67801],[88.79047,21.67736],[88.78829,21.67543],[88.78743,21.674],[88.78752,21.67237],[88.79363,21.66535],[88.79414,21.66345],[88.79367,21.66213],[88.7931,21.66168],[88.79055,21.66069]]]},"properties":{"set":"detail"}},{"type":"Feature","geometry":{"type":"Polygon","coordinates":[[[88.77845,21.70649],[88.78093,21.70844],[88.77943,21.70916],[88.77809,21.709],[88.77656,21.71067],[88.77164,21.7079],[88.76494,21.70481],[88.76475,21.70424],[88.76404,21.70411],[88.76309,21.70288],[88.76292,21.70127],[88.76461,21.69981],[88.76613,21.69964],[88.76797,21.69995],[88.77258,21.70199],[88.77845,21.70649]]]},"properties":{"set":"detail"}},{"type":"Feature","geometry":{"type":"Polygon","coordinates":[[[88.76141,21.68954],[88.76173,21.69109],[88.76254,21.69259],[88.76242,21.6931],[88.75927,21.69553],[88.75745,21.69764],[88.75636,21.70016],[88.75607,21.70218],[88.75605,21.70327],[88.75686,21.70636],[88.75866,21.7097],[88.75793,21.71007],[88.75687,21.71001],[88.75237,21.70716],[88.74911,21.7058],[88.74728,21.70582],[88.74622,21.70615],[88.74393,21.7075],[88.74201,21.71023],[88.74165,21.71249],[88.74234,21.71459],[88.74129,21.71665],[88.73881,21.71829],[88.73425,21.71937],[88.73387,21.72005],[88.73468,21.72016],[88.73937,21.71914],[88.74082,21.71843],[88.74229,21.71721],[88.74302,21.7163],[88.74344,21.71505],[88.74289,21.71182],[88.74366,21.70989],[88.74486,21.70845],[88.7469,21.70721],[88.74935,21.70694],[88.75322,21.70914],[88.75535,21.7108],[88.75738,21.71151],[88.75977,21.71098],[88.76206,21.7131],[88.76419,21.71445],[88.77208,21.71754],[88.77461,21.71891],[88.77529,21.71998],[88.7754,21.72091],[88.77491,21.72161],[88.77463,21.72329],[88.77363,21.72457],[88.77305,21.72483],[88.76475,21.72591],[88.75822,21.72742],[88.75302,21.73068],[88.75131,21.73251],[88.7509,21.73363],[88.75037,21.73822],[88.7505,21.74075],[88.75172,21.7454],[88.7517,21.74874],[88.7509,21.74983],[88.74873,21.75166],[88.74941,21.75155],[88.75066,21.75077],[88.75228,21.74943],[88.75324,21.75189],[88.75848,21.7583],[88.75837,21.75902],[88.75777,21.76011],[88.75714,21.76054],[88.75361,21.76139],[88.74979,21.76301],[88.74745,21.76561],[88.74606,21.76798],[88.7453,21.77087],[88.7447,21.77185],[88.74175,21.77292],[88.73585,21.77409],[88.73442,21.77564],[88.73368,21.77815],[88.73287,21.7791],[88.73121,21.7788],[88.73004,21.77803],[88.72862,21.77681],[88.72724,21.7745],[88.72657,21.77404],[88.72644,21.7747],[88.72801,21.77731],[88.72683,21.77957],[88.72665,21.7806],[88.72676,21.7836],[88.72745,21.78644],[88.72678,21.79176],[88.72593,21.79252],[88.723,21.79326],[88.72172,21.79439],[88.72051,21.7969],[88.72008,21.8004],[88.71949,21.80257],[88.71802,21.80499],[88.71607,21.80667],[88.71429,21.80608],[88.71389,21.80648],[88.71353,21.80624],[88.71272,21.80644],[88.71235,21.80594],[88.71264,21.80567],[88.71208,21.80471],[88.71231,21.80452],[88.71212,21.80418],[88.7126,21.8043],[88.71275,21.80405],[88.71166,21.80295],[88.7123,21.8027],[88.71185,21.80205],[88.71306,21.80212],[88.71229,21.80126],[88.71295,21.80086],[88.71282,21.80008],[88.71349,21.79986],[88.71266,21.79865],[88.71303,21.79807],[88.71252,21.79682],[88.71307,21.7963],[88.71243,21.79566],[88.71278,21.79521],[88.71216,21.79435],[88.7131,21.79395],[88.71242,21.79316],[88.71212,21.79212],[88.7128,21.7912],[88.71235,21.78981],[88.71275,21.78944],[88.71246,21.78878],[88.71273,21.78827],[88.71248,21.78731],[88.71194,21.7868],[88.71174,21.78559],[88.7112,21.78513],[88.71154,21.7839],[88.71143,21.78263],[88.71029,21.78096],[88.7098,21.77949],[88.70913,21.77894],[88.70636,21.77365],[88.70587,21.77114],[88.70363,21.76655],[88.70372,21.76498],[88.70316,21.76448],[88.70362,21.76368],[88.7034,21.76255],[88.70253,21.76059],[88.70181,21.76051],[88.70162,21.75983],[88.70322,21.75802],[88.70085,21.75896],[88.69958,21.75852],[88.69645,21.75007],[88.69636,21.74913],[88.69674,21.7481],[88.69618,21.74574],[88.6966,21.74421],[88.69842,21.74281],[88.69919,21.74172],[88.69914,21.74099],[88.69828,21.74007],[88.69867,21.73916],[88.69849,21.73834],[88.69973,21.73679],[88.70104,21.73365],[88.70249,21.7324],[88.70282,21.73099],[88.7026,21.72967],[88.70307,21.72894],[88.70318,21.72799],[88.70346,21.72743],[88.70444,21.72687],[88.70336,21.72551],[88.70445,21.72455],[88.70427,21.72407],[88.70495,21.72377],[88.70416,21.72245],[88.70489,21.72231],[88.70518,21.71997],[88.70613,21.71852],[88.70595,21.71729],[88.70656,21.7169],[88.70755,21.70916],[88.70825,21.70622],[88.70869,21.70081],[88.70962,21.69804],[88.70958,21.69697],[88.7113,21.69079],[88.71281,21.68806],[88.71482,21.68582],[88.71891,21.68277],[88.72685,21.67824],[88.73315,21.67385],[88.73777,21.66968],[88.74569,21.66027],[88.74679,21.65957],[88.74946,21.65991],[88.75461,21.66258],[88.75486,21.66302],[88.75439,21.66538],[88.75012,21.66988],[88.74657,21.67292],[88.74195,21.67554],[88.73696,21.67893],[88.73133,21.6812],[88.7301,21.68204],[88.72921,21.6832],[88.72877,21.68447],[88.72867,21.68571],[88.72901,21.68692],[88.72981,21.68784],[88.73253,21.6895],[88.73355,21.68952],[88.73509,21.6889],[88.73622,21.68888],[88.73955,21.69051],[88.74135,21.69079],[88.74311,21.68993],[88.74377,21.68898],[88.74421,21.68774],[88.74396,21.68497],[88.74499,21.68362],[88.74683,21.68337],[88.75141,21.68466],[88.75247,21.68453],[88.75501,21.68355],[88.75714,21.68351],[88.75908,21.68404],[88.76036,21.68525],[88.7611,21.68715],[88.76141,21.68954]]]},"properties":{"set":"detail"}},{"type":"Feature","geometry":{"type":"Polygon","coordinates":[[[88.78635,21.82249],[88.78507,21.82392],[88.78294,21.82493],[88.78155,21.82472],[88.78047,21.82381],[88.77939,21.82087],[88.77654,21.81675],[88.77634,21.81487],[88.77696,21.81039],[88.77659,21.80835],[88.77477,21.80475],[88.77204,21.80148],[88.77036,21.79845],[88.76818,21.79055],[88.76609,21.78593],[88.76398,21.78306],[88.76112,21.78037],[88.75829,21.7782],[88.75656,21.77632],[88.75683,21.77596],[88.75611,21.77514],[88.74951,21.76975],[88.75013,21.76914],[88.75831,21.76683],[88.76106,21.76561],[88.76319,21.76367],[88.76303,21.76282],[88.76389,21.76176],[88.76431,21.76162],[88.76505,21.76219],[88.7656,21.76102],[88.7655,21.75966],[88.76466,21.75786],[88.76216,21.75453],[88.76008,21.75322],[88.75747,21.75037],[88.75447,21.74415],[88.75436,21.73706],[88.75558,21.73447],[88.75653,21.73385],[88.76032,21.73314],[88.77292,21.73239],[88.77649,21.7311],[88.7785,21.73326],[88.78047,21.73467],[88.78515,21.73615],[88.78498,21.73733],[88.78324,21.73934],[88.78316,21.74038],[88.784,21.7426],[88.78837,21.74667],[88.78865,21.7482],[88.78851,21.7489],[88.78508,21.75337],[88.78303,21.75686],[88.78174,21.76239],[88.78154,21.76413],[88.78188,21.7665],[88.78309,21.77065],[88.78532,21.77379],[88.7936,21.78354],[88.79528,21.78609],[88.79528,21.78707],[88.79447,21.78844],[88.78833,21.79313],[88.78697,21.79515],[88.78659,21.7964],[88.78654,21.79691],[88.78692,21.79747],[88.78818,21.79854],[88.79204,21.79954],[88.79317,21.80029],[88.79374,21.802],[88.7938,21.80463],[88.79303,21.81042],[88.79148,21.81301],[88.78899,21.81572],[88.78814,21.81728],[88.78735,21.82062],[88.78635,21.82249]]]},"properties":{"set":"detail"}},{"type":"Feature","geometry":{"type":"Polygon","coordinates":[[[88.82566,21.81558],[88.82247,21.82213],[88.8219,21.82256],[88.8201,21.82174],[88.81897,21.82009],[88.81365,21.80987],[88.81113,21.80623],[88.80302,21.79787],[88.80071,21.79519],[88.79863,21.79128],[88.79721,21.79046],[88.79715,21.78912],[88.79779,21.78732],[88.79806,21.78536],[88.7976,21.78291],[88.79624,21.78035],[88.78936,21.77319],[88.78464,21.76721],[88.78397,21.7659],[88.78451,21.76227],[88.78661,21.75773],[88.79046,21.75082],[88.79242,21.74943],[88.79412,21.74887],[88.79843,21.74814],[88.80257,21.74809],[88.80711,21.749],[88.81071,21.7505],[88.81487,21.75331],[88.8175,21.75576],[88.82139,21.76038],[88.82511,21.76376],[88.82655,21.76487],[88.83019,21.76688],[88.8297,21.76769],[88.82723,21.76988],[88.82566,21.77348],[88.82204,21.77961],[88.82059,21.78524],[88.82058,21.78738],[88.82144,21.7921],[88.82305,21.79736],[88.82558,21.8026],[88.82958,21.80835],[88.82922,21.81042],[88.82566,21.81558]]]},"properties":{"set":"detail"}},{"type":"Feature","geometry":{"type":"Polygon","coordinates":[[[88.75083,21.81167],[88.75154,21.8132],[88.75146,21.81405],[88.75073,21.81462],[88.7503,21.81456],[88.74741,21.81187],[88.74133,21.80554],[88.74008,21.80395],[88.73906,21.80187],[88.73826,21.79896],[88.73738,21.79773],[88.73588,21.7968],[88.73055,21.79591],[88.72729,21.7935],[88.72787,21.79277],[88.72876,21.79013],[88.72853,21.78808],[88.7288,21.78597],[88.72795,21.78218],[88.72823,21.77981],[88.72965,21.77941],[88.73121,21.78026],[88.73325,21.78028],[88.73485,21.77895],[88.73547,21.77636],[88.73624,21.77532],[88.73785,21.77474],[88.74236,21.77423],[88.74452,21.77337],[88.74591,21.77246],[88.74664,21.77311],[88.74875,21.77635],[88.75451,21.77916],[88.75541,21.78028],[88.7522,21.78559],[88.7508,21.79005],[88.75056,21.79436],[88.74929,21.80438],[88.74966,21.80816],[88.75083,21.81167]]]},"properties":{"set":"detail"}},{"type":"Feature","geometry":{"type":"Polygon","coordinates":[[[88.64351,21.81356],[88.64375,21.81404],[88.64359,21.81597],[88.6439,21.81686],[88.64368,21.81733],[88.64405,21.81762],[88.64422,21.81861],[88.64494,21.81911],[88.64454,21.81962],[88.64515,21.81991],[88.64489,21.82027],[88.64512,21.82071],[88.64468,21.82081],[88.64422,21.82143],[88.6441,21.82268],[88.6451,21.82279],[88.64465,21.82315],[88.64509,21.82306],[88.64505,21.82456],[88.64539,21.82463],[88.64561,21.82607],[88.64589,21.82624],[88.6453,21.82664],[88.64563,21.82697],[88.64635,21.827],[88.64677,21.82747],[88.64684,21.8286],[88.64717,21.82903],[88.647,21.82925],[88.64732,21.82942],[88.64693,21.82964],[88.64719,21.82999],[88.64693,21.83132],[88.64748,21.83174],[88.64807,21.83309],[88.64769,21.83309],[88.64811,21.83492],[88.64746,21.83604],[88.6473,21.83702],[88.64759,21.83684],[88.64756,21.83747],[88.64797,21.83728],[88.64777,21.83782],[88.64815,21.83867],[88.64773,21.83932],[88.64764,21.84075],[88.64791,21.84176],[88.64834,21.84195],[88.64799,21.84231],[88.64805,21.84317],[88.64862,21.84422],[88.64842,21.84648],[88.64874,21.8469],[88.64867,21.8475],[88.64896,21.84749],[88.64859,21.84826],[88.64904,21.84828],[88.64858,21.84913],[88.6488,21.8493],[88.6484,21.85086],[88.64785,21.85097],[88.64818,21.85121],[88.64775,21.85155],[88.64788,21.85189],[88.64835,21.85187],[88.64852,21.85217],[88.64769,21.85366],[88.648,21.85472],[88.64779,21.85511],[88.64822,21.85517],[88.64808,21.85548],[88.64839,21.85573],[88.64834,21.85694],[88.64868,21.85769],[88.64935,21.85806],[88.64867,21.85937],[88.64874,21.85963],[88.64909,21.85942],[88.64938,21.85979],[88.64927,21.86156],[88.65004,21.862],[88.64959,21.86274],[88.65021,21.86335],[88.65122,21.8637],[88.65118,21.86416],[88.65147,21.864],[88.65119,21.86474],[88.65155,21.86546],[88.65218,21.86566],[88.65194,21.86665],[88.65255,21.86705],[88.6522,21.86736],[88.6529,21.86764],[88.65296,21.86813],[88.65217,21.86892],[88.65194,21.86877],[88.65116,21.86905],[88.64837,21.87055],[88.64542,21.87137],[88.64179,21.87191],[88.64012,21.8718],[88.63904,21.87143],[88.6366,21.86955],[88.63468,21.86926],[88.63253,21.86981],[88.63157,21.87109],[88.63137,21.87262],[88.63234,21.87503],[88.63422,21.87727],[88.63412,21.87867],[88.63315,21.87946],[88.63034,21.88075],[88.62858,21.8822],[88.62756,21.88357],[88.62672,21.88646],[88.62647,21.89396],[88.62616,21.89484],[88.62423,21.89639],[88.62131,21.89736],[88.62055,21.89733],[88.61593,21.89384],[88.6146,21.89228],[88.60909,21.8849],[88.60572,21.8798],[88.60335,21.87513],[88.60219,21.87159],[88.60085,21.86937],[88.59957,21.8681],[88.59879,21.86506],[88.59469,21.85528],[88.59454,21.85435],[88.59592,21.85213],[88.5967,21.85149],[88.59833,21.85062],[88.60171,21.84957],[88.60511,21.84767],[88.60629,21.84598],[88.60828,21.842],[88.60813,21.84086],[88.60866,21.83802],[88.61007,21.83679],[88.61279,21.83636],[88.61622,21.83533],[88.61878,21.83387],[88.62111,21.83133],[88.62171,21.82931],[88.62144,21.82757],[88.62107,21.82597],[88.61989,21.82388],[88.6164,21.82042],[88.61314,21.81812],[88.61264,21.81758],[88.61247,21.81672],[88.61446,21.81347],[88.61703,21.81032],[88.61722,21.80933],[88.6183,21.80726],[88.61902,21.80506],[88.61873,21.80363],[88.61895,21.8003],[88.62125,21.79503],[88.62289,21.79252],[88.62587,21.78989],[88.62861,21.78876],[88.63055,21.78941],[88.63414,21.78898],[88.63596,21.7882],[88.63695,21.78687],[88.6389,21.78739],[88.64158,21.78909],[88.6419,21.79032],[88.64133,21.79336],[88.64152,21.79479],[88.64125,21.79498],[88.64167,21.79554],[88.64163,21.79734],[88.64131,21.79801],[88.64181,21.79819],[88.64195,21.79871],[88.64175,21.79942],[88.64128,21.79984],[88.64186,21.80091],[88.64184,21.80233],[88.64237,21.80253],[88.64101,21.80429],[88.64103,21.80556],[88.64062,21.807],[88.64114,21.8084],[88.64181,21.80916],[88.6416,21.80974],[88.64186,21.80998],[88.64183,21.81103],[88.64212,21.811],[88.64238,21.81164],[88.64216,21.81224],[88.64275,21.8133],[88.64351,21.81356]]]},"properties":{"set":"detail"}},{"type":"Feature","geometry":{"type":"Polygon","coordinates":[[[88.70708,21.81837],[88.70764,21.81754],[88.70813,21.81585],[88.70852,21.81337],[88.70838,21.81156],[88.71005,21.81102],[88.712,21.81118],[88.71401,21.81083],[88.71629,21.80989],[88.71853,21.80836],[88.72113,21.80501],[88.72222,21.80272],[88.72385,21.79537],[88.72426,21.79497],[88.72574,21.79459],[88.73026,21.79723],[88.73165,21.79762],[88.73431,21.79777],[88.73613,21.79847],[88.73695,21.79975],[88.73767,21.80249],[88.74043,21.80709],[88.7423,21.80938],[88.74615,21.81315],[88.74863,21.8151],[88.74795,21.81656],[88.74398,21.81915],[88.74343,21.81993],[88.7434,21.82074],[88.74952,21.81681],[88.75031,21.81602],[88.75162,21.81546],[88.7524,21.81437],[88.75254,21.81234],[88.75073,21.80438],[88.7507,21.802],[88.75164,21.79746],[88.75245,21.78951],[88.75344,21.7865],[88.75662,21.78119],[88.75695,21.78113],[88.76019,21.78385],[88.76324,21.7874],[88.76501,21.79183],[88.76642,21.79783],[88.76756,21.80115],[88.76965,21.80417],[88.77256,21.80699],[88.77401,21.80885],[88.77456,21.8105],[88.77458,21.81208],[88.77364,21.81551],[88.77446,21.81671],[88.77482,21.81945],[88.77671,21.82261],[88.77628,21.82356],[88.77564,21.82378],[88.77042,21.82375],[88.76793,21.82453],[88.76476,21.82647],[88.76377,21.82863],[88.76348,21.83139],[88.76386,21.83501],[88.76513,21.84088],[88.76791,21.84724],[88.7685,21.85279],[88.76424,21.85519],[88.76063,21.85818],[88.7598,21.85846],[88.75894,21.85831],[88.75471,21.85319],[88.74972,21.84788],[88.747,21.84404],[88.74555,21.84288],[88.74121,21.84051],[88.73329,21.83824],[88.72153,21.83391],[88.72021,21.8332],[88.7195,21.83249],[88.71925,21.83157],[88.71918,21.82887],[88.7183,21.82766],[88.71661,21.82617],[88.71444,21.82535],[88.71094,21.8255],[88.70682,21.82783],[88.70606,21.82814],[88.70552,21.82798],[88.70501,21.82684],[88.70562,21.82476],[88.70539,21.82302],[88.70564,21.82057],[88.70708,21.81837]]]},"properties":{"set":"detail"}},{"type":"Feature","geometry":{"type":"Polygon","coordinates":[[[88.81996,21.83164],[88.81981,21.83381],[88.81857,21.83871],[88.81857,21.84126],[88.81932,21.84323],[88.82181,21.84772],[88.82215,21.84918],[88.82167,21.84992],[88.82102,21.85031],[88.81958,21.85043],[88.80872,21.84982],[88.80514,21.84826],[88.80312,21.84833],[88.80144,21.84948],[88.80114,21.8503],[88.80107,21.85309],[88.80047,21.85423],[88.79963,21.85455],[88.79685,21.85274],[88.79569,21.85263],[88.79255,21.85305],[88.79131,21.85235],[88.79088,21.8517],[88.79085,21.84945],[88.79039,21.84857],[88.78884,21.84741],[88.78654,21.84678],[88.78651,21.84351],[88.78605,21.84255],[88.78521,21.84173],[88.77835,21.84254],[88.77759,21.84311],[88.77676,21.84477],[88.77534,21.84549],[88.77118,21.84566],[88.77042,21.84541],[88.76883,21.84254],[88.76805,21.83992],[88.76752,21.83635],[88.76556,21.82901],[88.76585,21.82794],[88.7671,21.82702],[88.7684,21.8268],[88.77558,21.82686],[88.78338,21.82628],[88.78514,21.82561],[88.78719,21.8241],[88.78916,21.82058],[88.78915,21.81838],[88.78977,21.817],[88.79408,21.81233],[88.79525,21.80832],[88.79559,21.80457],[88.79537,21.80056],[88.79397,21.79804],[88.79253,21.79677],[88.78951,21.79668],[88.78877,21.79597],[88.78884,21.79546],[88.78948,21.79457],[88.79223,21.79244],[88.79491,21.79103],[88.79957,21.7969],[88.80877,21.80632],[88.81117,21.80948],[88.81636,21.81942],[88.8208,21.82551],[88.81996,21.83164]]]},"properties":{"set":"detail"}},{"type":"Feature","geometry":{"type":"Polygon","coordinates":[[[88.69728,21.8424],[88.69721,21.84137],[88.69781,21.84073],[88.69794,21.83898],[88.69842,21.83793],[88.69974,21.83648],[88.70034,21.83388],[88.70218,21.83013],[88.70201,21.82844],[88.7024,21.82712],[88.70261,21.82711],[88.70381,21.82964],[88.70448,21.82992],[88.70612,21.82995],[88.70699,21.82977],[88.71104,21.82756],[88.71258,21.82693],[88.71389,21.82679],[88.71569,21.82748],[88.71685,21.82851],[88.71776,21.83204],[88.71873,21.83374],[88.72463,21.83656],[88.73289,21.83933],[88.739,21.84097],[88.74255,21.84241],[88.74509,21.84418],[88.74703,21.8462],[88.75134,21.85171],[88.74746,21.85725],[88.7445,21.85988],[88.73672,21.8634],[88.73351,21.86437],[88.73058,21.8648],[88.73004,21.86434],[88.72987,21.86147],[88.72933,21.86006],[88.72759,21.8583],[88.72065,21.85655],[88.71417,21.85378],[88.71305,21.85352],[88.71038,21.8537],[88.70483,21.85622],[88.70389,21.85622],[88.70279,21.85569],[88.70215,21.85443],[88.70123,21.85021],[88.70127,21.84962],[88.70227,21.84883],[88.70228,21.84777],[88.69993,21.84435],[88.69859,21.84327],[88.69823,21.84242],[88.69769,21.84218],[88.69728,21.8424]]]},"properties":{"set":"detail"}},{"type":"Feature","geometry":{"type":"Polygon","coordinates":[[[88.78517,21.87508],[88.78147,21.87051],[88.77755,21.86756],[88.77683,21.86661],[88.77718,21.86531],[88.78169,21.86211],[88.78248,21.86047],[88.78206,21.85844],[88.78159,21.85758],[88.77942,21.85613],[88.77654,21.85501],[88.77199,21.85379],[88.77121,21.85252],[88.77105,21.84698],[88.77677,21.84623],[88.77791,21.84519],[88.77841,21.84389],[88.77931,21.8434],[88.78417,21.84284],[88.78519,21.84296],[88.78596,21.84409],[88.78579,21.8469],[88.78682,21.848],[88.78909,21.84853],[88.79021,21.84946],[88.79046,21.85046],[88.79031,21.85204],[88.79068,21.85311],[88.79221,21.85405],[88.79325,21.85431],[88.79681,21.8538],[88.79899,21.85549],[88.80037,21.85572],[88.80148,21.85527],[88.80223,21.85426],[88.8026,21.85053],[88.80329,21.8498],[88.80402,21.84952],[88.80515,21.84959],[88.8098,21.85139],[88.81812,21.85154],[88.82068,21.85184],[88.82186,21.85164],[88.82312,21.85093],[88.82382,21.8494],[88.82381,21.84815],[88.82323,21.84674],[88.82083,21.84288],[88.82014,21.84026],[88.82022,21.83967],[88.82065,21.83954],[88.82292,21.84395],[88.82594,21.85338],[88.8293,21.86173],[88.82883,21.86264],[88.82515,21.8652],[88.82428,21.86619],[88.82353,21.86759],[88.8229,21.87009],[88.82233,21.87089],[88.82074,21.87136],[88.81872,21.87109],[88.81451,21.86987],[88.80926,21.86727],[88.80766,21.8668],[88.80496,21.86654],[88.80316,21.86698],[88.80011,21.86906],[88.7992,21.87026],[88.79929,21.87335],[88.80081,21.87777],[88.80008,21.87788],[88.79901,21.8771],[88.79762,21.87531],[88.79602,21.87205],[88.79503,21.86903],[88.79345,21.86643],[88.79174,21.86457],[88.79102,21.86412],[88.78899,21.86359],[88.78692,21.86408],[88.78619,21.86479],[88.78579,21.86624],[88.78592,21.86737],[88.78698,21.86874],[88.79137,21.87151],[88.79227,21.87255],[88.79268,21.87392],[88.79232,21.87655],[88.79176,21.87755],[88.79107,21.87809],[88.78921,21.8786],[88.78751,21.87768],[88.78517,21.87508]]]},"properties":{"set":"detail"}},{"type":"Feature","geometry":{"type":"Polygon","coordinates":[[[88.71775,21.90583],[88.71755,21.90591],[88.71723,21.90494],[88.71782,21.90477],[88.71699,21.90417],[88.71722,21.9038],[88.71674,21.9034],[88.71697,21.90307],[88.71756,21.90309],[88.71703,21.90232],[88.71737,21.90206],[88.71661,21.90146],[88.71694,21.90085],[88.71621,21.9],[88.71712,21.89954],[88.71584,21.89831],[88.71664,21.89754],[88.7152,21.89674],[88.71593,21.89637],[88.7152,21.89557],[88.71573,21.89502],[88.71515,21.89455],[88.71466,21.89254],[88.71397,21.89201],[88.71466,21.89089],[88.71301,21.88891],[88.71353,21.88836],[88.71322,21.88761],[88.71358,21.88715],[88.71227,21.8858],[88.71246,21.88506],[88.71164,21.88435],[88.71156,21.88237],[88.70992,21.88017],[88.70795,21.87571],[88.70671,21.87413],[88.70623,21.87395],[88.70663,21.87352],[88.70602,21.87302],[88.7063,21.87262],[88.7054,21.87151],[88.70545,21.87119],[88.70483,21.87088],[88.7051,21.87052],[88.70471,21.87025],[88.70508,21.86993],[88.70467,21.86905],[88.70386,21.86854],[88.70351,21.86755],[88.7038,21.86727],[88.70349,21.86695],[88.70371,21.86663],[88.7018,21.86459],[88.70191,21.86408],[88.70141,21.86295],[88.70017,21.86218],[88.70034,21.86054],[88.69933,21.85941],[88.7004,21.85612],[88.69912,21.8534],[88.6981,21.8497],[88.69865,21.85035],[88.7003,21.85495],[88.70095,21.85601],[88.70284,21.85736],[88.70547,21.85763],[88.70703,21.85729],[88.7115,21.85483],[88.71254,21.85472],[88.71426,21.85511],[88.71948,21.85745],[88.7258,21.85895],[88.7277,21.85973],[88.72849,21.86067],[88.72869,21.86147],[88.7293,21.86954],[88.72951,21.87112],[88.72998,21.87152],[88.73017,21.86541],[88.73318,21.86497],[88.73804,21.86339],[88.74276,21.86142],[88.74534,21.85992],[88.74829,21.85725],[88.75199,21.85227],[88.75306,21.85295],[88.75813,21.85917],[88.75894,21.85957],[88.76066,21.85943],[88.76481,21.8562],[88.76921,21.85394],[88.77142,21.85613],[88.77246,21.85676],[88.77849,21.85843],[88.78009,21.85924],[88.7802,21.86006],[88.77684,21.86264],[88.77439,21.86501],[88.77323,21.86515],[88.76987,21.86464],[88.7655,21.86589],[88.76501,21.86647],[88.7661,21.8664],[88.76975,21.86535],[88.77457,21.8662],[88.7747,21.86911],[88.77194,21.87543],[88.77118,21.87633],[88.76906,21.87744],[88.76596,21.87704],[88.76396,21.87711],[88.7576,21.87842],[88.75649,21.87926],[88.75579,21.88043],[88.75555,21.88172],[88.75663,21.88428],[88.75661,21.88513],[88.75522,21.88589],[88.75198,21.88656],[88.75037,21.88727],[88.74911,21.8885],[88.74857,21.89071],[88.74942,21.89447],[88.74828,21.89606],[88.74556,21.8977],[88.74185,21.89862],[88.73981,21.89874],[88.73246,21.89798],[88.72953,21.89828],[88.72669,21.89892],[88.72491,21.90006],[88.72298,21.90178],[88.71936,21.90557],[88.71775,21.90583]]]},"properties":{"set":"detail"}},{"type":"Feature","geometry":{"type":"Polygon","coordinates":[[[88.81759,21.90005],[88.81619,21.90027],[88.81532,21.89951],[88.81399,21.89753],[88.81163,21.89556],[88.81068,21.89275],[88.81038,21.88575],[88.80973,21.88332],[88.80846,21.88152],[88.80423,21.87925],[88.80299,21.87806],[88.80055,21.87244],[88.80058,21.87083],[88.80145,21.86961],[88.80345,21.86819],[88.80494,21.86763],[88.80637,21.86759],[88.80956,21.86859],[88.81337,21.87066],[88.81604,21.87159],[88.8201,21.87247],[88.82277,21.87219],[88.82493,21.87007],[88.82553,21.86763],[88.82689,21.86584],[88.83014,21.86495],[88.83346,21.86891],[88.83664,21.87332],[88.8397,21.8793],[88.84056,21.88448],[88.84053,21.88583],[88.83996,21.88816],[88.83765,21.89191],[88.83655,21.89306],[88.83209,21.8963],[88.82936,21.89778],[88.82601,21.89901],[88.82024,21.89912],[88.81759,21.90005]]]},"properties":{"set":"detail"}},{"type":"Feature","geometry":{"type":"Polygon","coordinates":[[[88.64967,21.87225],[88.65138,21.87284],[88.6517,21.87346],[88.6521,21.8736],[88.65171,21.87409],[88.65244,21.87509],[88.65194,21.87568],[88.65277,21.87675],[88.65243,21.87877],[88.6527,21.88186],[88.653,21.88189],[88.65318,21.88241],[88.65361,21.88379],[88.65344,21.8842],[88.65381,21.88425],[88.65391,21.88507],[88.65437,21.88546],[88.65429,21.88635],[88.65512,21.8867],[88.65548,21.8887],[88.65625,21.88954],[88.65669,21.89074],[88.65678,21.89153],[88.6561,21.89251],[88.65615,21.8931],[88.65578,21.8932],[88.65596,21.89347],[88.65472,21.8988],[88.65498,21.89881],[88.6552,21.89829],[88.65593,21.89496],[88.65738,21.8937],[88.65762,21.89441],[88.65816,21.89473],[88.65799,21.8949],[88.65853,21.89645],[88.65821,21.89666],[88.6586,21.89669],[88.6584,21.89717],[88.65861,21.89784],[88.65902,21.89866],[88.65954,21.89879],[88.65957,21.89943],[88.66011,21.8997],[88.66092,21.90122],[88.6604,21.90159],[88.66081,21.90206],[88.66142,21.90196],[88.66198,21.9033],[88.66272,21.90317],[88.66287,21.90416],[88.66366,21.9042],[88.66411,21.90462],[88.6644,21.90575],[88.66482,21.9059],[88.66473,21.90811],[88.66595,21.90873],[88.66632,21.91116],[88.66679,21.9116],[88.6666,21.91203],[88.66705,21.91265],[88.6668,21.91295],[88.66582,21.91313],[88.66527,21.91273],[88.66437,21.91335],[88.66252,21.91359],[88.65927,21.91463],[88.65891,21.91449],[88.65744,21.91494],[88.65719,21.91536],[88.65543,21.91567],[88.65464,21.91619],[88.65331,21.91654],[88.64907,21.91648],[88.64703,21.91736],[88.6432,21.92003],[88.64118,21.9207],[88.63852,21.92104],[88.63655,21.91987],[88.63494,21.9155],[88.63392,21.91377],[88.63384,21.91292],[88.63337,21.91253],[88.63337,21.91198],[88.63289,21.91166],[88.63215,21.90997],[88.62831,21.90543],[88.62515,21.9026],[88.62411,21.90131],[88.6248,21.89977],[88.62726,21.89755],[88.62811,21.89639],[88.62887,21.89399],[88.62902,21.88922],[88.62977,21.88394],[88.63028,21.88319],[88.6322,21.88193],[88.635,21.88058],[88.63631,21.87878],[88.63656,21.87693],[88.63593,21.87553],[88.63357,21.87257],[88.63358,21.87148],[88.63441,21.87091],[88.63499,21.87104],[88.63914,21.87344],[88.64093,21.87395],[88.64385,21.87382],[88.64677,21.87282],[88.64967,21.87225]]]},"properties":{"set":"detail"}},{"type":"Feature","geometry":{"type":"Polygon","coordinates":[[[88.77493,21.92412],[88.77326,21.9244],[88.77244,21.924],[88.77284,21.91789],[88.77236,21.91579],[88.77152,21.9152],[88.77027,21.91493],[88.7668,21.91554],[88.7655,21.91529],[88.76491,21.91454],[88.76517,21.91348],[88.7661,21.91195],[88.76556,21.91054],[88.76464,21.90992],[88.76372,21.90983],[88.7626,21.91029],[88.7616,21.91116],[88.75925,21.91188],[88.75875,21.91139],[88.75834,21.9088],[88.75906,21.90782],[88.75969,21.90755],[88.76208,21.90727],[88.76474,21.90509],[88.76635,21.90427],[88.76705,21.90333],[88.76768,21.90064],[88.77035,21.89563],[88.77073,21.89418],[88.77109,21.88944],[88.77035,21.88784],[88.76734,21.8836],[88.76717,21.88283],[88.76883,21.87979],[88.77182,21.87865],[88.77295,21.8779],[88.77381,21.87681],[88.77654,21.86935],[88.77741,21.86936],[88.77831,21.86976],[88.78227,21.87304],[88.78711,21.87896],[88.78959,21.87954],[88.79047,21.87944],[88.79241,21.87847],[88.79369,21.876],[88.79375,21.87447],[88.79336,21.87274],[88.79202,21.87101],[88.7879,21.86796],[88.78691,21.86625],[88.78701,21.8654],[88.78774,21.86477],[88.78969,21.8646],[88.79148,21.86531],[88.79289,21.86675],[88.79428,21.86909],[88.79671,21.87584],[88.79838,21.87796],[88.79986,21.87876],[88.80178,21.87923],[88.80663,21.88281],[88.8082,21.88444],[88.80915,21.88622],[88.80842,21.89019],[88.80902,21.89595],[88.81358,21.9004],[88.81436,21.90169],[88.81361,21.90293],[88.81145,21.90458],[88.80732,21.90908],[88.80356,21.91453],[88.80194,21.91622],[88.80091,21.91686],[88.79679,21.91385],[88.79291,21.90873],[88.78872,21.90621],[88.78766,21.90621],[88.79275,21.90993],[88.79606,21.91431],[88.79937,21.91727],[88.79986,21.91804],[88.79959,21.9186],[88.7992,21.91891],[88.79805,21.91873],[88.79227,21.91699],[88.78874,21.91689],[88.7865,21.91717],[88.78325,21.91831],[88.7817,21.91921],[88.77493,21.92412]]]},"properties":{"set":"detail"}},{"type":"Feature","geometry":{"type":"Polygon","coordinates":[[[88.82144,21.90162],[88.81809,21.9033],[88.81728,21.90358],[88.81685,21.90335],[88.81752,21.90243],[88.8189,21.90157],[88.82034,21.90132],[88.82144,21.90162]]]},"properties":{"set":"detail"}},{"type":"Feature","geometry":{"type":"Polygon","coordinates":[[[88.72349,21.93127],[88.72307,21.93147],[88.72144,21.93064],[88.72119,21.93014],[88.72162,21.93],[88.72162,21.9296],[88.72102,21.92914],[88.72138,21.92874],[88.72051,21.9281],[88.72063,21.92761],[88.72002,21.92726],[88.7194,21.92524],[88.71868,21.9241],[88.7187,21.92322],[88.71839,21.92289],[88.71879,21.92247],[88.71812,21.92192],[88.7187,21.92158],[88.71809,21.92119],[88.71804,21.92083],[88.7185,21.92052],[88.71789,21.91993],[88.71834,21.91931],[88.71762,21.91834],[88.71809,21.91809],[88.71852,21.91732],[88.7181,21.91679],[88.71857,21.91673],[88.71817,21.91572],[88.71777,21.91574],[88.71774,21.9155],[88.71786,21.91509],[88.71821,21.91536],[88.71863,21.91511],[88.71823,21.91454],[88.71853,21.91433],[88.71841,21.9139],[88.71791,21.91347],[88.71855,21.91348],[88.71948,21.91291],[88.71869,21.91178],[88.71953,21.91174],[88.71907,21.9107],[88.71978,21.91073],[88.71957,21.91015],[88.72012,21.91009],[88.72001,21.90912],[88.7232,21.90563],[88.72493,21.90314],[88.72741,21.90115],[88.72955,21.90031],[88.73226,21.89999],[88.74039,21.90077],[88.74172,21.90063],[88.74548,21.89945],[88.7483,21.89798],[88.75007,21.89671],[88.75065,21.89541],[88.75077,21.89428],[88.75001,21.89049],[88.75013,21.88953],[88.7519,21.88865],[88.75569,21.88794],[88.75714,21.88701],[88.75749,21.88645],[88.75813,21.8845],[88.75762,21.88128],[88.7578,21.88057],[88.76535,21.87902],[88.76718,21.87934],[88.76582,21.88254],[88.76581,21.88369],[88.76985,21.88979],[88.76964,21.89409],[88.76925,21.89559],[88.76658,21.9006],[88.76571,21.90382],[88.7638,21.90485],[88.76123,21.90692],[88.75929,21.90711],[88.75817,21.90768],[88.75742,21.90874],[88.75738,21.90978],[88.75775,21.91246],[88.75841,21.91297],[88.75901,21.91293],[88.76139,21.91176],[88.76299,21.91066],[88.76416,21.91055],[88.76465,21.9109],[88.76515,21.91212],[88.7641,21.91426],[88.76409,21.91501],[88.76453,21.91579],[88.76681,21.91612],[88.76963,21.9156],[88.77145,21.91614],[88.77185,21.9174],[88.77112,21.92507],[88.76987,21.92558],[88.76746,21.92601],[88.75519,21.92673],[88.75265,21.92587],[88.7503,21.92421],[88.74544,21.91965],[88.74199,21.91811],[88.73901,21.91741],[88.7372,21.9175],[88.73475,21.91802],[88.73122,21.91997],[88.72889,21.92249],[88.72599,21.92709],[88.72399,21.93098],[88.72349,21.93127]]]},"properties":{"set":"detail"}},{"type":"Feature","geometry":{"type":"Polygon","coordinates":[[[88.75128,21.97791],[88.74919,21.97915],[88.74645,21.97969],[88.74305,21.9797],[88.73657,21.97904],[88.72902,21.97911],[88.72626,21.97884],[88.72539,21.97831],[88.72489,21.97594],[88.72528,21.97532],[88.72468,21.97473],[88.72449,21.97395],[88.72459,21.97344],[88.72533,21.97306],[88.72499,21.97197],[88.72526,21.97123],[88.72391,21.96998],[88.72368,21.96884],[88.724,21.96805],[88.72343,21.96713],[88.72406,21.96591],[88.72385,21.96538],[88.72443,21.96511],[88.72396,21.96465],[88.72397,21.96401],[88.72425,21.96386],[88.72396,21.96321],[88.72426,21.9609],[88.72337,21.96069],[88.72318,21.96037],[88.7237,21.96012],[88.72329,21.95971],[88.72386,21.95949],[88.72363,21.95899],[88.72416,21.95898],[88.72375,21.95855],[88.7246,21.95845],[88.72369,21.95763],[88.7238,21.95726],[88.72412,21.95725],[88.72406,21.95692],[88.72451,21.95697],[88.72463,21.95669],[88.72449,21.95627],[88.72398,21.956],[88.72452,21.95555],[88.72411,21.95492],[88.72417,21.954],[88.72361,21.95321],[88.72452,21.95273],[88.72494,21.95202],[88.72483,21.95126],[88.72515,21.95107],[88.72414,21.94974],[88.72445,21.94965],[88.72431,21.94928],[88.72464,21.94919],[88.72475,21.94871],[88.72377,21.94743],[88.72421,21.94713],[88.72332,21.94604],[88.72373,21.94553],[88.72292,21.945],[88.72328,21.94468],[88.72285,21.94419],[88.7234,21.944],[88.72334,21.94282],[88.72505,21.94004],[88.72502,21.93941],[88.72555,21.939],[88.72517,21.93773],[88.72794,21.93525],[88.73124,21.92965],[88.73356,21.92486],[88.74105,21.92243],[88.74247,21.92326],[88.74667,21.92757],[88.75145,21.93017],[88.75617,21.93154],[88.76289,21.93147],[88.76825,21.93078],[88.77107,21.93011],[88.77518,21.92865],[88.77805,21.92723],[88.78468,21.9227],[88.78797,21.92088],[88.78923,21.92055],[88.79123,21.92142],[88.7993,21.92734],[88.80384,21.9326],[88.80516,21.93525],[88.80532,21.93705],[88.80363,21.93861],[88.80209,21.93941],[88.79765,21.93987],[88.79249,21.93929],[88.79046,21.93963],[88.78872,21.94037],[88.78768,21.94137],[88.78658,21.94326],[88.78714,21.95085],[88.78692,21.95238],[88.7863,21.9529],[88.7857,21.95281],[88.78493,21.9522],[88.78341,21.95057],[88.78032,21.94444],[88.77876,21.94254],[88.77766,21.94171],[88.77528,21.94117],[88.77205,21.94234],[88.76695,21.94525],[88.76132,21.95051],[88.75788,21.95198],[88.75288,21.95326],[88.75047,21.95485],[88.74941,21.95658],[88.74899,21.95933],[88.75098,21.9635],[88.75249,21.96795],[88.75487,21.97297],[88.75502,21.97382],[88.75447,21.97519],[88.75385,21.9759],[88.75128,21.97791]]]},"properties":{"set":"detail"}},{"type":"Feature","geometry":{"type":"Polygon","coordinates":[[[88.80674,21.94001],[88.80934,21.93926],[88.80979,21.93968],[88.81038,21.94115],[88.81116,21.94414],[88.81129,21.94741],[88.81015,21.95178],[88.81051,21.95345],[88.81174,21.95504],[88.81107,21.95175],[88.81228,21.94749],[88.8123,21.94597],[88.81115,21.93941],[88.81481,21.94107],[88.81812,21.9415],[88.82419,21.94053],[88.82867,21.93893],[88.83326,21.93588],[88.8371,21.93189],[88.84153,21.92608],[88.84426,21.92373],[88.84576,21.92289],[88.85418,21.91994],[88.85637,21.91948],[88.85974,21.91992],[88.86778,21.92194],[88.86896,21.9226],[88.86933,21.92336],[88.86965,21.9252],[88.86953,21.92777],[88.8684,21.92957],[88.86722,21.9305],[88.86376,21.93198],[88.8558,21.93387],[88.84631,21.93681],[88.84366,21.93799],[88.84125,21.93984],[88.83906,21.94294],[88.83786,21.94746],[88.83799,21.95095],[88.83871,21.95497],[88.842,21.96231],[88.84298,21.97183],[88.84145,21.97535],[88.83961,21.97783],[88.83866,21.97842],[88.83542,21.97867],[88.8321,21.97804],[88.82678,21.97523],[88.82465,21.97449],[88.82002,21.97138],[88.81626,21.96973],[88.81398,21.96935],[88.80535,21.96926],[88.7988,21.97056],[88.79079,21.97057],[88.78736,21.97085],[88.78412,21.97158],[88.78177,21.97269],[88.77985,21.97513],[88.77967,21.977],[88.7803,21.97892],[88.78271,21.98159],[88.78296,21.98234],[88.78193,21.98356],[88.78056,21.98426],[88.77615,21.98841],[88.7739,21.98977],[88.77247,21.98967],[88.77171,21.98923],[88.76808,21.9862],[88.76504,21.98454],[88.76374,21.98422],[88.76104,21.9842],[88.75423,21.98521],[88.75191,21.98481],[88.7506,21.98386],[88.74987,21.98293],[88.74968,21.98216],[88.75318,21.97991],[88.75549,21.97766],[88.75617,21.9768],[88.75727,21.97433],[88.75712,21.97242],[88.75651,21.97019],[88.75132,21.9575],[88.75176,21.95659],[88.75822,21.95462],[88.76261,21.95266],[88.76597,21.9493],[88.7686,21.94735],[88.77338,21.94443],[88.77596,21.94324],[88.77665,21.94365],[88.78017,21.95022],[88.78197,21.95285],[88.78445,21.95464],[88.78568,21.95507],[88.78711,21.9551],[88.78887,21.95385],[88.78987,21.95221],[88.78997,21.94927],[88.7892,21.9432],[88.7893,21.94254],[88.78988,21.94188],[88.79138,21.94161],[88.79728,21.94241],[88.80057,21.94245],[88.80674,21.94001]]]},"properties":{"set":"detail"}},{"type":"Feature","geometry":{"type":"Polygon","coordinates":[[[88.86612,21.55889],[88.87137,21.55917],[88.8749,21.55892],[88.87814,21.55812],[88.88228,21.55754],[88.88555,21.55751],[88.88781,21.55782],[88.88954,21.559],[88.89229,21.55989],[88.8947,21.56004],[88.896,21.56055],[88.89698,21.56131],[88.89842,21.56474],[88.89853,21.56622],[88.89786,21.56816],[88.896,21.5711],[88.89314,21.57695],[88.89155,21.5782],[88.88944,21.57924],[88.88866,21.58042],[88.88668,21.58021],[88.8859,21.58077],[88.88438,21.58119],[88.88105,21.58525],[88.87836,21.58619],[88.87747,21.58737],[88.87564,21.58857],[88.87391,21.59111],[88.87148,21.5924],[88.87067,21.59252],[88.86927,21.59358],[88.86807,21.5926],[88.86521,21.5947],[88.8632,21.59482],[88.862,21.59536],[88.86111,21.59467],[88.8605,21.59579],[88.85727,21.5972],[88.85518,21.5976],[88.84928,21.59781],[88.84678,21.5985],[88.84504,21.59845],[88.84344,21.59945],[88.84037,21.60049],[88.83952,21.60264],[88.83765,21.60309],[88.83476,21.6058],[88.83409,21.6058],[88.83379,21.60527],[88.83353,21.60274],[88.83275,21.60113],[88.83214,21.59835],[88.83181,21.58938],[88.83116,21.58182],[88.83134,21.58024],[88.83284,21.57604],[88.83337,21.57504],[88.83456,21.57433],[88.83548,21.57162],[88.83726,21.57047],[88.83772,21.56961],[88.83913,21.56913],[88.8396,21.56805],[88.84048,21.56764],[88.8419,21.56634],[88.84226,21.56532],[88.84144,21.56481],[88.84145,21.56454],[88.84295,21.56421],[88.84455,21.56347],[88.84466,21.56246],[88.84506,21.56228],[88.84574,21.56214],[88.84658,21.56253],[88.84698,21.56234],[88.84786,21.56134],[88.84978,21.56015],[88.85059,21.56044],[88.85172,21.55985],[88.85326,21.55959],[88.8542,21.56021],[88.85477,21.56024],[88.85643,21.55965],[88.86032,21.55917],[88.86385,21.55834],[88.86495,21.55765],[88.86532,21.55879],[88.86612,21.55889]]]},"properties":{"set":"detail"}},{"type":"Feature","geometry":{"type":"Polygon","coordinates":[[[88.9589,21.67254],[88.95719,21.67613],[88.95625,21.67678],[88.95533,21.67686],[88.95102,21.66839],[88.9467,21.66135],[88.94253,21.64979],[88.94099,21.64694],[88.94071,21.64529],[88.94113,21.64446],[88.94174,21.63978],[88.9456,21.63454],[88.94854,21.63158],[88.9494,21.62941],[88.95057,21.62768],[88.95515,21.6226],[88.9579,21.62047],[88.96012,21.61962],[88.96398,21.61911],[88.97051,21.61854],[88.97697,21.6186],[88.97958,21.61754],[88.98048,21.61772],[88.98569,21.61669],[88.98746,21.61546],[88.9886,21.6154],[88.99055,21.61585],[88.99172,21.61697],[88.9917,21.61826],[88.99246,21.62009],[88.99262,21.62151],[88.99443,21.62405],[88.99501,21.62621],[88.99383,21.63207],[88.99265,21.64151],[88.99219,21.64273],[88.99162,21.64361],[88.9905,21.64451],[88.98756,21.64509],[88.98225,21.64472],[88.97953,21.64418],[88.97601,21.64296],[88.97322,21.64153],[88.96973,21.64052],[88.96729,21.64079],[88.9653,21.64188],[88.96369,21.64368],[88.96193,21.64812],[88.96163,21.65198],[88.962,21.6551],[88.96272,21.65802],[88.96283,21.66089],[88.96226,21.66334],[88.9589,21.67254]]]},"properties":{"set":"detail"}},{"type":"Feature","geometry":{"type":"Polygon","coordinates":[[[88.84,21.68891],[88.84024,21.68977],[88.83907,21.69795],[88.8394,21.69842],[88.83885,21.6996],[88.83901,21.7032],[88.83866,21.70415],[88.83922,21.71218],[88.83893,21.7128],[88.83915,21.71313],[88.83912,21.71602],[88.83985,21.71691],[88.84036,21.71885],[88.84309,21.72444],[88.84574,21.73191],[88.85065,21.7407],[88.85604,21.74624],[88.86054,21.74871],[88.86249,21.7503],[88.86346,21.75203],[88.86408,21.75396],[88.8645,21.75815],[88.86426,21.75924],[88.8637,21.75978],[88.86006,21.76074],[88.85369,21.76122],[88.84139,21.76369],[88.83648,21.76437],[88.83357,21.76535],[88.83196,21.76553],[88.83125,21.76541],[88.82861,21.7639],[88.82562,21.76183],[88.82281,21.75938],[88.82125,21.75753],[88.81638,21.7529],[88.81272,21.75017],[88.81031,21.74903],[88.80554,21.74744],[88.79918,21.74695],[88.79701,21.74703],[88.79432,21.74758],[88.79105,21.74878],[88.79112,21.74696],[88.79023,21.74471],[88.78913,21.74313],[88.78705,21.74101],[88.78826,21.73969],[88.79047,21.73936],[88.79199,21.73881],[88.79312,21.73757],[88.79317,21.73588],[88.79201,21.73472],[88.79037,21.73401],[88.78258,21.73174],[88.78034,21.7307],[88.78031,21.73001],[88.78155,21.72883],[88.78255,21.72662],[88.78334,21.72264],[88.78314,21.71945],[88.78215,21.71662],[88.78062,21.71371],[88.78049,21.71272],[88.78086,21.71201],[88.78188,21.71115],[88.78318,21.7106],[88.78389,21.71061],[88.79378,21.71506],[88.79746,21.71598],[88.80629,21.71699],[88.80865,21.71776],[88.81155,21.7197],[88.81253,21.71999],[88.81247,21.71908],[88.81072,21.71761],[88.80612,21.71559],[88.80917,21.71441],[88.81599,21.70954],[88.81796,21.70701],[88.81951,21.70412],[88.82018,21.70075],[88.8198,21.69954],[88.81883,21.69128],[88.81878,21.68661],[88.8203,21.68049],[88.82071,21.67967],[88.82108,21.67962],[88.82116,21.6784],[88.82172,21.67846],[88.82153,21.67775],[88.82175,21.67655],[88.82247,21.67524],[88.82339,21.67481],[88.82274,21.67328],[88.82304,21.6725],[88.82397,21.67261],[88.82312,21.67136],[88.82375,21.66831],[88.82404,21.66811],[88.82325,21.66726],[88.82324,21.6666],[88.82382,21.66626],[88.82374,21.66519],[88.82279,21.66359],[88.82215,21.66069],[88.82158,21.66028],[88.82206,21.65968],[88.82202,21.65924],[88.82093,21.65804],[88.82098,21.65707],[88.81975,21.656],[88.81872,21.65396],[88.81905,21.65348],[88.8185,21.65316],[88.81695,21.65109],[88.81038,21.64095],[88.81141,21.63891],[88.81239,21.63891],[88.81268,21.63792],[88.81347,21.63688],[88.81294,21.63642],[88.81312,21.63571],[88.81351,21.63554],[88.81401,21.63423],[88.81534,21.63283],[88.81533,21.63239],[88.81652,21.63083],[88.81836,21.63135],[88.81889,21.631],[88.81952,21.63127],[88.8201,21.6307],[88.82022,21.63001],[88.82086,21.62978],[88.8211,21.629],[88.82186,21.62899],[88.82218,21.62851],[88.82291,21.62856],[88.82323,21.62908],[88.82382,21.62909],[88.8254,21.63055],[88.82564,21.62961],[88.8259,21.62965],[88.82614,21.62923],[88.82849,21.62892],[88.82877,21.62862],[88.8287,21.62695],[88.82968,21.62596],[88.83045,21.62619],[88.83142,21.62596],[88.83171,21.62553],[88.83273,21.62534],[88.83292,21.62451],[88.83461,21.62472],[88.83497,21.62423],[88.83553,21.6251],[88.83599,21.62532],[88.83665,21.62507],[88.83683,21.62433],[88.8366,21.62386],[88.83765,21.62429],[88.8376,21.62378],[88.83792,21.62368],[88.83878,21.62419],[88.83942,21.62379],[88.83969,21.62321],[88.84067,21.623],[88.8414,21.62203],[88.84271,21.6222],[88.8439,21.6219],[88.84415,21.62357],[88.84252,21.62477],[88.84233,21.62584],[88.84104,21.6278],[88.84117,21.63247],[88.84256,21.63863],[88.84252,21.64128],[88.8419,21.64315],[88.84119,21.64433],[88.83856,21.64668],[88.83435,21.64796],[88.82953,21.65012],[88.82917,21.64985],[88.82914,21.6489],[88.83084,21.64513],[88.83193,21.64081],[88.83172,21.64047],[88.83114,21.64106],[88.8301,21.64446],[88.82798,21.649],[88.82794,21.65],[88.82947,21.65153],[88.83022,21.65379],[88.83204,21.6568],[88.83285,21.65717],[88.83299,21.65637],[88.83094,21.65299],[88.83057,21.65166],[88.83079,21.65119],[88.83287,21.65001],[88.83742,21.64873],[88.84051,21.64705],[88.8425,21.64521],[88.8441,21.64232],[88.84443,21.63999],[88.84281,21.63108],[88.84296,21.62822],[88.84369,21.62739],[88.84441,21.6275],[88.84786,21.62934],[88.85136,21.63287],[88.85389,21.63471],[88.85682,21.63805],[88.85798,21.63868],[88.85885,21.6415],[88.85678,21.64724],[88.85556,21.64965],[88.85525,21.6514],[88.8534,21.65608],[88.8524,21.65823],[88.85168,21.65876],[88.85139,21.65994],[88.85082,21.66045],[88.85054,21.66178],[88.84964,21.66286],[88.8497,21.66351],[88.84918,21.66379],[88.84933,21.66429],[88.84874,21.66556],[88.84821,21.6659],[88.84711,21.66784],[88.84689,21.66908],[88.84651,21.66941],[88.84538,21.67261],[88.84403,21.67469],[88.84377,21.67658],[88.84302,21.67744],[88.84247,21.67934],[88.84187,21.67982],[88.84135,21.6842],[88.84,21.68891]]]},"properties":{"set":"detail"}},{"type":"Feature","geometry":{"type":"Polygon","coordinates":[[[88.88483,21.74436],[88.88288,21.74502],[88.88218,21.74481],[88.88117,21.74229],[88.88122,21.74068],[88.88066,21.73744],[88.87973,21.7359],[88.87913,21.73265],[88.8784,21.73082],[88.87851,21.72986],[88.87334,21.71965],[88.873,21.71456],[88.87227,21.71039],[88.87252,21.70458],[88.87324,21.69814],[88.87387,21.69593],[88.87377,21.69445],[88.87441,21.6943],[88.87497,21.69366],[88.8757,21.69208],[88.87645,21.69159],[88.8763,21.6908],[88.87742,21.68948],[88.87763,21.6905],[88.87802,21.69069],[88.88154,21.69049],[88.88297,21.69007],[88.88572,21.68843],[88.88998,21.68513],[88.89052,21.68503],[88.89082,21.68533],[88.89071,21.6858],[88.88904,21.69026],[88.88568,21.69755],[88.8854,21.70009],[88.8858,21.70083],[88.88677,21.70109],[88.88875,21.69965],[88.88886,21.69919],[88.8865,21.70058],[88.88595,21.69984],[88.88645,21.69729],[88.88783,21.69465],[88.89131,21.68569],[88.89152,21.68469],[88.89132,21.6841],[88.88989,21.68435],[88.88502,21.68812],[88.88324,21.68909],[88.88071,21.68993],[88.87891,21.68991],[88.87867,21.68944],[88.8805,21.68775],[88.88135,21.68508],[88.88223,21.68434],[88.88211,21.68343],[88.88269,21.6833],[88.88288,21.68283],[88.8826,21.68263],[88.8834,21.68209],[88.88317,21.6814],[88.88387,21.68105],[88.88385,21.67981],[88.88437,21.67952],[88.88485,21.67868],[88.8845,21.67768],[88.88489,21.67586],[88.8861,21.67471],[88.88588,21.67378],[88.88547,21.67345],[88.88552,21.67249],[88.88626,21.67213],[88.88638,21.6713],[88.8861,21.67081],[88.887,21.67047],[88.88722,21.66998],[88.88642,21.66854],[88.88657,21.66722],[88.886,21.66592],[88.88585,21.66459],[88.88659,21.6626],[88.88666,21.66116],[88.88749,21.65906],[88.88927,21.65746],[88.89435,21.65521],[88.89442,21.65434],[88.89505,21.65371],[88.89783,21.65306],[88.89886,21.65353],[88.89914,21.65412],[88.90132,21.65372],[88.90154,21.65306],[88.90248,21.65216],[88.90595,21.64935],[88.90633,21.64817],[88.90677,21.6479],[88.90646,21.64672],[88.90748,21.6467],[88.90782,21.6461],[88.90896,21.64529],[88.90935,21.64467],[88.9092,21.64376],[88.90952,21.64301],[88.91169,21.64213],[88.91196,21.64162],[88.91302,21.64147],[88.91339,21.64108],[88.91352,21.64011],[88.91407,21.63954],[88.91416,21.63876],[88.91596,21.63791],[88.91758,21.63755],[88.91809,21.63712],[88.91862,21.63472],[88.91944,21.63501],[88.92052,21.63466],[88.9218,21.6357],[88.92187,21.63685],[88.92292,21.63774],[88.92262,21.63831],[88.92362,21.63926],[88.92322,21.63975],[88.92348,21.64009],[88.92318,21.64104],[88.92347,21.64152],[88.92395,21.6416],[88.92399,21.64256],[88.92367,21.64312],[88.92444,21.64352],[88.92425,21.64416],[88.92467,21.6444],[88.92438,21.64546],[88.92494,21.64591],[88.92462,21.6472],[88.92535,21.64788],[88.92545,21.64865],[88.92516,21.64914],[88.92559,21.64978],[88.92644,21.64986],[88.92647,21.65064],[88.92737,21.65199],[88.92709,21.65304],[88.9278,21.65306],[88.92742,21.65382],[88.92805,21.65359],[88.92842,21.65395],[88.92818,21.65552],[88.93003,21.65664],[88.93053,21.65767],[88.9304,21.65857],[88.93118,21.65869],[88.93084,21.65963],[88.93214,21.66055],[88.9342,21.66605],[88.93482,21.66647],[88.93692,21.67462],[88.93886,21.67986],[88.93903,21.68155],[88.94018,21.68485],[88.94104,21.6887],[88.94096,21.68988],[88.9396,21.69444],[88.93854,21.69726],[88.93768,21.69875],[88.93658,21.69981],[88.93347,21.70151],[88.92566,21.70507],[88.92269,21.70686],[88.92127,21.70805],[88.91833,21.71142],[88.91731,21.71281],[88.91522,21.71761],[88.91433,21.72052],[88.91347,21.7258],[88.91239,21.7268],[88.91079,21.72765],[88.90777,21.72851],[88.90534,21.72965],[88.89766,21.7364],[88.88483,21.74436]]]},"properties":{"set":"detail"}},{"type":"Feature","geometry":{"type":"Polygon","coordinates":[[[88.92804,21.76157],[88.92301,21.76203],[88.92224,21.76117],[88.9248,21.75817],[88.92613,21.75578],[88.92825,21.74523],[88.92922,21.73836],[88.9283,21.73056],[88.92526,21.72415],[88.92314,21.721],[88.92318,21.72002],[88.93114,21.71557],[88.93519,21.71368],[88.93741,21.71194],[88.94473,21.70756],[88.94735,21.70561],[88.94968,21.70293],[88.95125,21.70333],[88.96086,21.7017],[88.96215,21.70198],[88.96708,21.70163],[88.96859,21.70099],[88.97217,21.69859],[88.97382,21.69912],[88.97667,21.70278],[88.97863,21.70409],[88.9831,21.70593],[88.98335,21.70654],[88.98213,21.70824],[88.97337,21.71398],[88.9707,21.71657],[88.96921,21.71893],[88.96874,21.72067],[88.96878,21.72175],[88.96977,21.7242],[88.9739,21.72924],[88.97611,21.73249],[88.97595,21.73326],[88.97691,21.73459],[88.97872,21.73501],[88.98374,21.73792],[88.98647,21.7403],[88.98777,21.74252],[88.98766,21.74378],[88.98702,21.74488],[88.9855,21.7459],[88.98405,21.74591],[88.97947,21.74358],[88.97408,21.73987],[88.9714,21.73897],[88.96834,21.73889],[88.96678,21.73962],[88.96473,21.74222],[88.96432,21.74378],[88.96499,21.75027],[88.96455,21.75145],[88.96381,21.75216],[88.96263,21.75272],[88.95952,21.75334],[88.95487,21.75381],[88.95293,21.75436],[88.94739,21.75675],[88.94202,21.75812],[88.9338,21.76091],[88.93219,21.76129],[88.92804,21.76157]]]},"properties":{"set":"detail"}},{"type":"Feature","geometry":{"type":"Polygon","coordinates":[[[88.90183,21.75187],[88.90506,21.75201],[88.91159,21.75483],[88.91213,21.75532],[88.91036,21.75906],[88.91051,21.76073],[88.91084,21.76157],[88.91276,21.76417],[88.91872,21.76984],[88.91886,21.77165],[88.91786,21.77461],[88.91808,21.77641],[88.92257,21.78726],[88.92216,21.78865],[88.92129,21.78899],[88.91912,21.78912],[88.91796,21.78994],[88.91751,21.79146],[88.91769,21.79256],[88.91872,21.79359],[88.92304,21.79568],[88.92707,21.79904],[88.9275,21.80079],[88.92672,21.80409],[88.92711,21.80571],[88.92805,21.80684],[88.93055,21.8081],[88.93169,21.80947],[88.93242,21.81323],[88.9333,21.8147],[88.93511,21.81577],[88.93697,21.81631],[88.93671,21.81776],[88.93585,21.81957],[88.93554,21.82151],[88.93511,21.82212],[88.93102,21.82258],[88.92855,21.8219],[88.9276,21.82194],[88.92447,21.82306],[88.921,21.82261],[88.91919,21.82311],[88.91527,21.82573],[88.91367,21.82562],[88.90843,21.82183],[88.9031,21.82046],[88.90168,21.8196],[88.89201,21.81089],[88.8902,21.81051],[88.88602,21.81035],[88.88393,21.80869],[88.88331,21.80752],[88.88322,21.80491],[88.88489,21.80088],[88.88737,21.79645],[88.89022,21.79278],[88.89482,21.78895],[88.89647,21.78809],[88.9001,21.78952],[88.90132,21.79081],[88.90258,21.79355],[88.9039,21.7946],[88.90486,21.7946],[88.90497,21.79387],[88.90377,21.79275],[88.90185,21.78948],[88.90021,21.78817],[88.89774,21.78709],[88.89968,21.78388],[88.90064,21.78093],[88.90105,21.77773],[88.90014,21.77364],[88.89638,21.7636],[88.89485,21.75467],[88.89492,21.75391],[88.8957,21.75281],[88.8985,21.75212],[88.90183,21.75187]]]},"properties":{"set":"detail"}},{"type":"Feature","geometry":{"type":"Polygon","coordinates":[[[88.85646,21.86464],[88.85619,21.86504],[88.85483,21.86521],[88.85331,21.86481],[88.85059,21.86136],[88.84599,21.85683],[88.84043,21.8497],[88.83847,21.84602],[88.83766,21.84303],[88.83744,21.84098],[88.83772,21.83716],[88.84008,21.82505],[88.8405,21.82046],[88.84113,21.81794],[88.8417,21.81327],[88.84041,21.79939],[88.83897,21.79151],[88.83555,21.7837],[88.83514,21.78202],[88.83639,21.78145],[88.84294,21.77997],[88.85012,21.78047],[88.85492,21.78028],[88.86202,21.77797],[88.8637,21.77694],[88.86455,21.77603],[88.8685,21.77394],[88.87211,21.77141],[88.87497,21.76893],[88.87644,21.7672],[88.87726,21.76572],[88.87915,21.75985],[88.88065,21.74813],[88.88228,21.74722],[88.88304,21.74644],[88.88524,21.74551],[88.8895,21.74309],[88.8977,21.73784],[88.90636,21.73075],[88.91346,21.72834],[88.91419,21.73091],[88.91772,21.73695],[88.91993,21.74141],[88.91999,21.7428],[88.91954,21.74428],[88.91684,21.74682],[88.91569,21.74707],[88.90506,21.74558],[88.90102,21.7456],[88.89853,21.74618],[88.89671,21.74702],[88.89362,21.74957],[88.89212,21.75122],[88.89079,21.75415],[88.89019,21.75836],[88.89057,21.76262],[88.89175,21.76635],[88.89686,21.77817],[88.89698,21.77996],[88.89656,21.78138],[88.89435,21.78348],[88.89358,21.78468],[88.8916,21.78581],[88.88539,21.79169],[88.88272,21.79548],[88.88168,21.79769],[88.88024,21.80276],[88.87994,21.80624],[88.87939,21.8072],[88.87938,21.80804],[88.88269,21.81225],[88.88272,21.81422],[88.87825,21.81887],[88.87677,21.81883],[88.87293,21.8176],[88.8677,21.81812],[88.86637,21.81709],[88.8656,21.81586],[88.86487,21.81565],[88.86486,21.81628],[88.86596,21.81787],[88.86742,21.81884],[88.86868,21.81902],[88.87221,21.81826],[88.87325,21.81836],[88.87655,21.81951],[88.87857,21.8198],[88.87826,21.8224],[88.87846,21.82466],[88.87992,21.82905],[88.87992,21.83023],[88.87779,21.83368],[88.87742,21.83483],[88.87605,21.84227],[88.8754,21.84435],[88.87511,21.84471],[88.87432,21.84482],[88.87,21.84218],[88.86776,21.84125],[88.86695,21.84131],[88.86747,21.84191],[88.87033,21.84321],[88.8736,21.84529],[88.87515,21.84691],[88.87657,21.85173],[88.87635,21.85225],[88.87493,21.85305],[88.87141,21.85236],[88.87022,21.85238],[88.86436,21.85403],[88.8621,21.85401],[88.85935,21.85438],[88.85654,21.8557],[88.85496,21.85764],[88.85456,21.8597],[88.85525,21.86156],[88.85677,21.86387],[88.85646,21.86464]]]},"properties":{"set":"detail"}},{"type":"Feature","geometry":{"type":"Polygon","coordinates":[[[88.91364,21.7623],[88.91274,21.76035],[88.91272,21.75889],[88.91315,21.75758],[88.91403,21.75628],[88.91618,21.75628],[88.91691,21.75807],[88.91666,21.75979],[88.917,21.76146],[88.91963,21.76463],[88.92131,21.76606],[88.92228,21.76645],[88.92517,21.76711],[88.93019,21.76711],[88.94538,21.76456],[88.94753,21.7645],[88.95174,21.76523],[88.95493,21.76677],[88.95716,21.76852],[88.96039,21.77035],[88.96106,21.77121],[88.96096,21.77234],[88.96004,21.77452],[88.95908,21.77538],[88.95403,21.77677],[88.95009,21.77732],[88.94606,21.77858],[88.94312,21.77991],[88.94165,21.78115],[88.94082,21.78195],[88.93915,21.78453],[88.93857,21.7862],[88.93846,21.78955],[88.93881,21.79083],[88.93992,21.79318],[88.943,21.79675],[88.94543,21.80112],[88.94808,21.80484],[88.95295,21.80768],[88.95482,21.80794],[88.96144,21.80695],[88.96583,21.80505],[88.96932,21.80297],[88.96996,21.80295],[88.97249,21.80952],[88.976,21.82106],[88.97557,21.82165],[88.9734,21.82237],[88.96145,21.8224],[88.95965,21.82263],[88.95793,21.82306],[88.95336,21.82526],[88.95081,21.82814],[88.94926,21.831],[88.94699,21.83794],[88.94629,21.83922],[88.94145,21.8465],[88.94036,21.84728],[88.9366,21.846],[88.93516,21.84498],[88.93482,21.84396],[88.93484,21.83945],[88.93353,21.83728],[88.93263,21.83656],[88.93025,21.83597],[88.92612,21.83617],[88.92554,21.836],[88.92472,21.835],[88.92481,21.83352],[88.92603,21.83012],[88.92608,21.8261],[88.92648,21.8238],[88.92806,21.82314],[88.93039,21.82371],[88.93286,21.8237],[88.93404,21.82409],[88.93484,21.82399],[88.93564,21.8235],[88.93691,21.82211],[88.93734,21.81941],[88.93835,21.81742],[88.93839,21.81611],[88.93776,21.81486],[88.93717,21.81445],[88.93484,21.81391],[88.93412,21.81323],[88.93356,21.81186],[88.93283,21.80825],[88.93156,21.80706],[88.92922,21.80596],[88.92856,21.80528],[88.92816,21.80399],[88.92898,21.80073],[88.92873,21.7991],[88.92759,21.79732],[88.92375,21.79431],[88.92031,21.79244],[88.9197,21.79167],[88.9198,21.79125],[88.92241,21.7906],[88.92351,21.78986],[88.92428,21.78881],[88.92424,21.78682],[88.91992,21.77576],[88.92084,21.77129],[88.92048,21.76942],[88.91983,21.76844],[88.91686,21.76578],[88.91364,21.7623]]]},"properties":{"set":"detail"}},{"type":"Feature","geometry":{"type":"Polygon","coordinates":[[[88.99289,21.81365],[88.99444,21.81462],[88.99699,21.81542],[88.99678,21.81841],[88.99598,21.82058],[88.99483,21.82164],[88.99415,21.82184],[88.99357,21.82274],[88.99022,21.82418],[88.98777,21.82454],[88.98537,21.82374],[88.98426,21.82366],[88.98316,21.82416],[88.98247,21.82489],[88.9827,21.82579],[88.9881,21.83348],[88.98834,21.83408],[88.98817,21.83466],[88.98659,21.83521],[88.98017,21.83415],[88.97967,21.83354],[88.97969,21.83245],[88.97927,21.83153],[88.9786,21.8311],[88.97757,21.83145],[88.97512,21.83569],[88.97334,21.83718],[88.97331,21.83883],[88.972,21.83992],[88.972,21.84061],[88.97296,21.84293],[88.97265,21.84449],[88.97205,21.84451],[88.97137,21.84357],[88.9707,21.8413],[88.96987,21.83478],[88.96527,21.82796],[88.96566,21.82761],[88.96996,21.82784],[88.97195,21.8274],[88.97413,21.82648],[88.97776,21.82399],[88.97966,21.82119],[88.98021,21.81919],[88.98006,21.81769],[88.97844,21.81254],[88.97731,21.80673],[88.97634,21.80389],[88.97576,21.80279],[88.97312,21.80082],[88.96997,21.79941],[88.9679,21.79898],[88.96473,21.79932],[88.96308,21.79983],[88.95751,21.80251],[88.95571,21.8029],[88.95368,21.80271],[88.95205,21.80106],[88.94486,21.79046],[88.94254,21.78647],[88.94231,21.78571],[88.94259,21.78496],[88.9438,21.78452],[88.94584,21.78432],[88.95488,21.78414],[88.95666,21.78532],[88.95723,21.7862],[88.95757,21.78818],[88.95712,21.7908],[88.95775,21.79245],[88.95734,21.79049],[88.95779,21.78806],[88.95761,21.78662],[88.95697,21.7853],[88.95558,21.78383],[88.95855,21.78308],[88.96055,21.78221],[88.96554,21.77879],[88.96755,21.77612],[88.96922,21.7761],[88.97058,21.77558],[88.97277,21.7759],[88.97625,21.78013],[88.98519,21.7889],[88.9876,21.7928],[88.99136,21.80112],[88.99175,21.80457],[88.99167,21.81109],[88.99216,21.81268],[88.99289,21.81365]]]},"properties":{"set":"detail"}},{"type":"Feature","geometry":{"type":"Polygon","coordinates":[[[88.89296,21.83514],[88.89251,21.83457],[88.88325,21.82998],[88.88242,21.82798],[88.88194,21.82522],[88.88061,21.82207],[88.88088,21.82052],[88.88381,21.81727],[88.88521,21.81499],[88.88576,21.81304],[88.887,21.81265],[88.88894,21.8124],[88.89064,21.81339],[88.89184,21.81355],[88.89988,21.82055],[88.90293,21.8222],[88.90775,21.82356],[88.90891,21.82418],[88.91005,21.82529],[88.91375,21.82732],[88.9147,21.82746],[88.91656,21.827],[88.92101,21.82447],[88.92304,21.82448],[88.92372,21.82525],[88.92395,21.82612],[88.92365,21.82915],[88.92218,21.8339],[88.92319,21.83652],[88.92428,21.83765],[88.92615,21.83842],[88.92806,21.83857],[88.93039,21.83805],[88.93191,21.83836],[88.93246,21.83947],[88.93248,21.84396],[88.93361,21.84635],[88.93499,21.84759],[88.93866,21.84945],[88.93871,21.85044],[88.93813,21.85121],[88.93622,21.85178],[88.93173,21.85061],[88.92926,21.85027],[88.92551,21.8507],[88.92091,21.85391],[88.91964,21.85417],[88.91794,21.85374],[88.91596,21.85443],[88.91459,21.85446],[88.91357,21.85395],[88.91336,21.85177],[88.91499,21.84986],[88.91608,21.84661],[88.91552,21.84521],[88.9146,21.84474],[88.91374,21.84494],[88.91312,21.84545],[88.91224,21.84659],[88.91146,21.84833],[88.91078,21.84865],[88.90891,21.84799],[88.90707,21.8481],[88.90617,21.84871],[88.90195,21.85023],[88.89846,21.84995],[88.89222,21.85058],[88.88826,21.84956],[88.88648,21.84864],[88.88646,21.84729],[88.89057,21.84023],[88.89296,21.83514]]]},"properties":{"set":"detail"}},{"type":"Feature","geometry":{"type":"Polygon","coordinates":[[[88.89112,21.9073],[88.89045,21.90834],[88.89029,21.9092],[88.89036,21.91219],[88.8901,21.91383],[88.88957,21.91451],[88.88864,21.9145],[88.88656,21.91248],[88.88491,21.90858],[88.88505,21.90695],[88.886,21.9044],[88.88576,21.90305],[88.88499,21.90214],[88.88375,21.90159],[88.88204,21.90152],[88.87968,21.90277],[88.87844,21.90274],[88.87682,21.90159],[88.87536,21.89831],[88.87406,21.89795],[88.87288,21.89859],[88.87192,21.90099],[88.87162,21.90144],[88.87087,21.90168],[88.87004,21.9007],[88.8699,21.89912],[88.87091,21.89765],[88.87855,21.89383],[88.87913,21.89378],[88.87986,21.89402],[88.88017,21.89456],[88.87928,21.89874],[88.8798,21.90039],[88.88059,21.90097],[88.8818,21.90129],[88.88353,21.90083],[88.88503,21.89983],[88.88669,21.89732],[88.88766,21.89648],[88.88967,21.89598],[88.89258,21.89581],[88.89366,21.8954],[88.8948,21.89452],[88.8955,21.89284],[88.89554,21.8896],[88.89599,21.88891],[88.89701,21.88806],[88.90211,21.88677],[88.90286,21.88642],[88.90401,21.88525],[88.90471,21.88274],[88.90473,21.88009],[88.90544,21.87912],[88.90677,21.87904],[88.91034,21.8806],[88.91177,21.88089],[88.91328,21.88079],[88.91446,21.88036],[88.91507,21.87961],[88.91562,21.87817],[88.9153,21.87549],[88.9155,21.8733],[88.91671,21.86806],[88.91731,21.8619],[88.91769,21.86082],[88.91856,21.85979],[88.92152,21.85723],[88.92433,21.85433],[88.9252,21.85302],[88.92687,21.85233],[88.93448,21.85406],[88.93783,21.85419],[88.93991,21.85346],[88.94116,21.85195],[88.94146,21.84917],[88.94295,21.84783],[88.94662,21.84147],[88.9471,21.84112],[88.94794,21.84132],[88.94961,21.84605],[88.95217,21.85066],[88.95243,21.85197],[88.95214,21.85622],[88.95028,21.86125],[88.95002,21.86292],[88.9513,21.86536],[88.95295,21.86675],[88.95593,21.86834],[88.95638,21.86931],[88.95601,21.87045],[88.95179,21.87419],[88.95088,21.87536],[88.9501,21.87747],[88.94863,21.88488],[88.94778,21.88515],[88.9444,21.88356],[88.94065,21.88107],[88.93829,21.88087],[88.9361,21.88135],[88.93476,21.88245],[88.93403,21.88448],[88.93425,21.88682],[88.93561,21.89269],[88.93566,21.89595],[88.9351,21.89658],[88.93344,21.89716],[88.92579,21.89664],[88.92111,21.89698],[88.92026,21.89608],[88.91937,21.89218],[88.91799,21.89007],[88.9174,21.88941],[88.91589,21.8886],[88.91413,21.88883],[88.91233,21.89027],[88.90943,21.89351],[88.90285,21.89643],[88.8977,21.89811],[88.89549,21.8991],[88.89364,21.90041],[88.89298,21.9024],[88.89382,21.90397],[88.89592,21.90507],[88.89897,21.90604],[88.89997,21.90674],[88.90028,21.90834],[88.90014,21.90898],[88.89945,21.9097],[88.89867,21.90993],[88.89772,21.90978],[88.89493,21.90731],[88.89359,21.90672],[88.8924,21.9066],[88.89112,21.9073]]]},"properties":{"set":"detail"}},{"type":"Feature","geometry":{"type":"Polygon","coordinates":[[[88.83118,21.92171],[88.82637,21.92532],[88.82321,21.92727],[88.82113,21.92812],[88.82035,21.92798],[88.82099,21.92243],[88.82429,21.91526],[88.82709,21.91332],[88.83309,21.91108],[88.83635,21.90934],[88.84019,21.90634],[88.84445,21.90183],[88.84708,21.89958],[88.85133,21.89349],[88.85161,21.89245],[88.85247,21.89163],[88.85268,21.89072],[88.85434,21.89009],[88.85486,21.8904],[88.85481,21.88972],[88.85535,21.88903],[88.85699,21.88771],[88.85707,21.88729],[88.85655,21.88735],[88.85481,21.88838],[88.85371,21.88832],[88.85483,21.88431],[88.85442,21.87079],[88.85466,21.86917],[88.85648,21.86777],[88.85753,21.86743],[88.85939,21.86613],[88.86129,21.86524],[88.86607,21.86439],[88.86816,21.86475],[88.86858,21.86512],[88.86872,21.86575],[88.86677,21.86801],[88.86629,21.86967],[88.86643,21.87361],[88.86687,21.87409],[88.86739,21.87352],[88.86715,21.87017],[88.8674,21.86893],[88.87006,21.86584],[88.86971,21.86472],[88.86763,21.86343],[88.86643,21.86328],[88.86408,21.86333],[88.86109,21.86393],[88.86012,21.86382],[88.857,21.8598],[88.857,21.85902],[88.85738,21.85832],[88.85925,21.85674],[88.86049,21.85625],[88.86661,21.85569],[88.86943,21.85449],[88.87447,21.85506],[88.87634,21.85474],[88.87749,21.85414],[88.87841,21.85299],[88.8788,21.85186],[88.87862,21.84963],[88.87771,21.84657],[88.87914,21.84176],[88.87974,21.83701],[88.881,21.83324],[88.88213,21.83091],[88.8908,21.83517],[88.89132,21.83605],[88.89123,21.83668],[88.88708,21.84452],[88.88564,21.84644],[88.88522,21.84816],[88.88567,21.84917],[88.88633,21.84976],[88.892,21.85143],[88.89854,21.85072],[88.90181,21.85101],[88.90797,21.84872],[88.91033,21.84933],[88.91157,21.84917],[88.91238,21.84838],[88.91296,21.84695],[88.91396,21.84571],[88.91445,21.84546],[88.91487,21.84565],[88.91498,21.84697],[88.91448,21.84925],[88.91274,21.8514],[88.91262,21.85294],[88.91298,21.85441],[88.91385,21.85499],[88.91513,21.85516],[88.91625,21.85502],[88.91765,21.8544],[88.92038,21.85481],[88.92048,21.85502],[88.91953,21.85652],[88.91563,21.86031],[88.91526,21.86099],[88.91565,21.86195],[88.91526,21.86575],[88.91371,21.87395],[88.91383,21.87903],[88.91264,21.87963],[88.90718,21.87791],[88.90616,21.87778],[88.90472,21.87819],[88.90351,21.87953],[88.90332,21.8836],[88.90237,21.88518],[88.90164,21.88565],[88.89756,21.88664],[88.89518,21.88791],[88.89441,21.88948],[88.8938,21.89391],[88.89269,21.89465],[88.88892,21.89491],[88.88757,21.89528],[88.88655,21.89587],[88.88462,21.89857],[88.88279,21.90002],[88.881,21.89998],[88.88037,21.89919],[88.88129,21.8949],[88.88067,21.89321],[88.87971,21.89272],[88.87806,21.89296],[88.87058,21.89667],[88.86911,21.89817],[88.86881,21.90048],[88.86967,21.90207],[88.87056,21.90263],[88.87219,21.9023],[88.87302,21.90099],[88.87361,21.89928],[88.87446,21.89905],[88.87618,21.9023],[88.87784,21.90354],[88.87969,21.90372],[88.88263,21.90228],[88.88354,21.90237],[88.88451,21.90293],[88.88502,21.90382],[88.88505,21.90467],[88.88428,21.90655],[88.88403,21.90838],[88.88654,21.91465],[88.88112,21.91567],[88.87721,21.91689],[88.87488,21.91686],[88.87206,21.91623],[88.8689,21.91448],[88.86552,21.9131],[88.85787,21.91107],[88.8534,21.91093],[88.84947,21.9112],[88.84835,21.91144],[88.84423,21.91329],[88.83795,21.91671],[88.83319,21.9199],[88.83118,21.92171]]]},"properties":{"set":"detail"}},{"type":"Feature","geometry":{"type":"Polygon","coordinates":[[[88.89757,21.91683],[88.8932,21.91579],[88.89102,21.91496],[88.8909,21.91391],[88.89126,21.91186],[88.89107,21.90933],[88.89126,21.90832],[88.89182,21.9077],[88.89265,21.90732],[88.89368,21.90751],[88.89466,21.90807],[88.89693,21.91019],[88.89811,21.91071],[88.90012,21.91021],[88.90101,21.90887],[88.90106,21.90769],[88.90054,21.90602],[88.89838,21.90496],[88.89537,21.90403],[88.89415,21.90317],[88.89381,21.90195],[88.89435,21.90099],[88.89527,21.9003],[88.89672,21.89948],[88.90382,21.89703],[88.90957,21.89451],[88.91104,21.89346],[88.91425,21.88979],[88.91498,21.88953],[88.91559,21.88952],[88.91667,21.89006],[88.91803,21.89189],[88.91917,21.8966],[88.92015,21.89772],[88.92137,21.89808],[88.92612,21.89785],[88.93352,21.89851],[88.93448,21.89829],[88.93571,21.89768],[88.93671,21.89669],[88.93722,21.89596],[88.93741,21.89493],[88.93704,21.89182],[88.93556,21.8852],[88.93566,21.88372],[88.93641,21.88267],[88.93802,21.88212],[88.93989,21.88243],[88.94537,21.88604],[88.94799,21.88705],[88.94893,21.88684],[88.9499,21.88615],[88.95066,21.88502],[88.95117,21.88326],[88.95154,21.87928],[88.95228,21.87709],[88.95501,21.87378],[88.95775,21.87144],[88.9586,21.87018],[88.95787,21.86763],[88.95276,21.8642],[88.952,21.86284],[88.9521,21.86131],[88.95491,21.85591],[88.95545,21.8534],[88.95822,21.85576],[88.95993,21.85841],[88.96226,21.86127],[88.96444,21.86332],[88.96806,21.86546],[88.97428,21.86677],[88.97689,21.86762],[88.9722,21.87586],[88.96945,21.88169],[88.96675,21.88595],[88.96572,21.88924],[88.96598,21.89171],[88.96665,21.89316],[88.96836,21.89481],[88.97276,21.89637],[88.97289,21.89709],[88.972,21.89779],[88.96832,21.89974],[88.96443,21.90116],[88.96282,21.90215],[88.95507,21.90572],[88.94427,21.90999],[88.93767,21.91302],[88.9365,21.91395],[88.93171,21.91647],[88.92588,21.92102],[88.92422,21.92264],[88.9227,21.92375],[88.9213,21.92422],[88.92014,21.92502],[88.91697,21.92552],[88.91455,21.9255],[88.9134,21.92517],[88.91153,21.92375],[88.90976,21.9217],[88.90906,21.92159],[88.90763,21.92034],[88.90549,21.91909],[88.90155,21.91747],[88.89978,21.91753],[88.89874,21.91685],[88.89757,21.91683]]]},"properties":{"set":"detail"}},{"type":"Feature","geometry":{"type":"Polygon","coordinates":[[[90.36983,21.84107],[90.37141,21.84028],[90.37338,21.84005],[90.37583,21.84026],[90.37826,21.84088],[90.38349,21.84325],[90.3864,21.84558],[90.38779,21.84731],[90.38716,21.84724],[90.38559,21.84566],[90.38377,21.8452],[90.38278,21.84436],[90.38231,21.84435],[90.38107,21.84504],[90.38072,21.84441],[90.38073,21.84354],[90.38043,21.84437],[90.3782,21.84667],[90.37651,21.85039],[90.37491,21.85041],[90.37068,21.84757],[90.36808,21.84354],[90.36815,21.84239],[90.36983,21.84107]]]},"properties":{"set":"detail"}},{"type":"Feature","geometry":{"type":"Polygon","coordinates":[[[90.43239,21.83648],[90.4361,21.83573],[90.441,21.83596],[90.44225,21.83626],[90.4434,21.83694],[90.45095,21.83863],[90.45595,21.8401],[90.45785,21.84086],[90.45939,21.84199],[90.46021,21.84355],[90.45975,21.84511],[90.45892,21.84518],[90.45915,21.84698],[90.45888,21.85093],[90.45794,21.85631],[90.45655,21.85788],[90.45605,21.85888],[90.45558,21.85899],[90.45183,21.85738],[90.44712,21.85405],[90.43503,21.84693],[90.43496,21.84595],[90.43369,21.84485],[90.43349,21.84261],[90.43302,21.84114],[90.43322,21.83909],[90.43282,21.83805],[90.43174,21.83732],[90.43093,21.83579],[90.43179,21.83577],[90.43239,21.83648]]]},"properties":{"set":"detail"}},{"type":"Feature","geometry":{"type":"Polygon","coordinates":[[[90.46332,21.85694],[90.46305,21.85469],[90.46351,21.85356],[90.46526,21.85191],[90.46646,21.85123],[90.46748,21.85106],[90.47229,21.85324],[90.47972,21.85601],[90.48161,21.85707],[90.48361,21.85902],[90.48536,21.85993],[90.487,21.86186],[90.48831,21.86464],[90.48912,21.86737],[90.48928,21.87047],[90.48704,21.87805],[90.48615,21.88412],[90.48495,21.88679],[90.4841,21.88767],[90.47966,21.88299],[90.47589,21.87814],[90.47182,21.87363],[90.46984,21.87081],[90.46686,21.86464],[90.46451,21.86084],[90.46332,21.85694]]]},"properties":{"set":"detail"}},{"type":"Feature","geometry":{"type":"Polygon","coordinates":[[[90.42508,21.88297],[90.42544,21.88271],[90.42672,21.88273],[90.42854,21.88341],[90.4317,21.88369],[90.43301,21.88415],[90.43733,21.88623],[90.43946,21.88683],[90.44239,21.88871],[90.44335,21.88885],[90.44717,21.89094],[90.44908,21.89133],[90.45176,21.89323],[90.45332,21.89496],[90.45475,21.89741],[90.45736,21.90772],[90.45718,21.90854],[90.45632,21.9089],[90.45503,21.91015],[90.4411,21.90368],[90.42622,21.89922],[90.42213,21.89547],[90.42226,21.89406],[90.42141,21.89235],[90.42147,21.8905],[90.41963,21.8872],[90.41932,21.88594],[90.41933,21.88518],[90.41985,21.88405],[90.42201,21.88272],[90.42375,21.88294],[90.42427,21.88326],[90.42508,21.88297]]]},"properties":{"set":"detail"}},{"type":"Feature","geometry":{"type":"Polygon","coordinates":[[[90.58348,21.78074],[90.58285,21.78107],[90.58182,21.78103],[90.5808,21.78014],[90.58053,21.77763],[90.58112,21.77626],[90.58153,21.77639],[90.58172,21.77736],[90.58144,21.77791],[90.58177,21.77779],[90.58245,21.77896],[90.58326,21.77925],[90.58312,21.77992],[90.58348,21.78074]]]},"properties":{"set":"detail"}},{"type":"Feature","geometry":{"type":"Polygon","coordinates":[[[90.51091,21.86261],[90.50586,21.86318],[90.50223,21.86196],[90.50022,21.86062],[90.49615,21.85718],[90.49129,21.85161],[90.48661,21.84801],[90.48338,21.84478],[90.48007,21.83835],[90.47901,21.83482],[90.47898,21.83047],[90.47817,21.82648],[90.4784,21.82386],[90.47991,21.82185],[90.48287,21.82025],[90.4853,21.8179],[90.49056,21.81503],[90.4933,21.81455],[90.49646,21.81453],[90.5015,21.81521],[90.50302,21.81593],[90.51181,21.81844],[90.51543,21.82049],[90.51639,21.82188],[90.51632,21.8226],[90.51598,21.82287],[90.51499,21.82268],[90.51443,21.82207],[90.51233,21.82123],[90.50961,21.81921],[90.50735,21.81964],[90.50667,21.82012],[90.50643,21.82083],[90.5074,21.822],[90.51,21.82398],[90.51164,21.8259],[90.51566,21.82921],[90.51672,21.8296],[90.51873,21.82963],[90.5211,21.83141],[90.52361,21.83513],[90.52546,21.83689],[90.52714,21.84108],[90.53099,21.84448],[90.53269,21.8471],[90.5341,21.84792],[90.53507,21.85051],[90.53853,21.85529],[90.53849,21.85599],[90.53673,21.85855],[90.53123,21.86074],[90.52477,21.86204],[90.51593,21.86208],[90.51091,21.86261]]]},"properties":{"set":"detail"}},{"type":"Feature","geometry":{"type":"Polygon","coordinates":[[[90.50905,21.86436],[90.51297,21.86399],[90.52119,21.86424],[90.52463,21.86388],[90.53118,21.86262],[90.53719,21.8621],[90.54083,21.86243],[90.54499,21.86339],[90.54682,21.86448],[90.54692,21.86544],[90.54594,21.86805],[90.54163,21.87289],[90.5411,21.87418],[90.54091,21.87582],[90.54123,21.87743],[90.54073,21.87882],[90.53114,21.8865],[90.52991,21.88725],[90.52907,21.88739],[90.52547,21.88649],[90.52015,21.88364],[90.51821,21.88219],[90.5149,21.8787],[90.50567,21.86773],[90.50484,21.86602],[90.50502,21.86519],[90.50905,21.86436]]]},"properties":{"set":"detail"}},{"type":"Feature","geometry":{"type":"Polygon","coordinates":[[[90.49125,21.8744],[90.49563,21.87852],[90.49941,21.88141],[90.50336,21.88366],[90.50527,21.88557],[90.51166,21.89087],[90.51171,21.89221],[90.51127,21.89373],[90.50894,21.89838],[90.50395,21.90575],[90.50279,21.90706],[90.50154,21.90773],[90.49985,21.90932],[90.49639,21.90644],[90.49232,21.901],[90.49062,21.89749],[90.48954,21.89403],[90.48834,21.89219],[90.48766,21.8905],[90.48746,21.88753],[90.48808,21.88138],[90.4908,21.87461],[90.49125,21.8744]]]},"properties":{"set":"detail"}},{"type":"Feature","geometry":{"type":"Polygon","coordinates":[[[90.48559,21.91888],[90.48465,21.91863],[90.48204,21.9171],[90.48036,21.91586],[90.47932,21.91466],[90.47696,21.9101],[90.47619,21.90636],[90.47814,21.90632],[90.48115,21.90792],[90.48371,21.91085],[90.48551,21.91612],[90.48559,21.91888]]]},"properties":{"set":"detail"}},{"type":"Feature","geometry":{"type":"Polygon","coordinates":[[[90.54879,21.95965],[90.54676,21.95996],[90.54507,21.96058],[90.54066,21.96385],[90.53847,21.96432],[90.53679,21.9642],[90.53565,21.96354],[90.52963,21.95783],[90.52456,21.95148],[90.51321,21.93526],[90.50968,21.92803],[90.50898,21.92525],[90.50858,21.91976],[90.50771,21.9172],[90.50732,21.91376],[90.50763,21.91002],[90.50819,21.90742],[90.50845,21.90731],[90.51061,21.9088],[90.51174,21.9091],[90.51332,21.90917],[90.51499,21.9086],[90.51477,21.90838],[90.51241,21.90877],[90.51131,21.90862],[90.50966,21.90794],[90.50865,21.90709],[90.50854,21.90657],[90.51414,21.89986],[90.51783,21.89309],[90.51838,21.89258],[90.52388,21.89199],[90.52614,21.89127],[90.52863,21.89113],[90.53414,21.88995],[90.53852,21.88754],[90.5443,21.88537],[90.55445,21.88232],[90.56007,21.88224],[90.56587,21.8826],[90.57051,21.88364],[90.57382,21.88477],[90.57517,21.88576],[90.5761,21.88709],[90.57642,21.88797],[90.57649,21.89158],[90.57459,21.89517],[90.57451,21.89593],[90.57563,21.89845],[90.58092,21.90681],[90.58165,21.90887],[90.58394,21.9123],[90.58394,21.91364],[90.58662,21.9183],[90.58762,21.92239],[90.58902,21.9261],[90.59016,21.92764],[90.59225,21.93897],[90.59387,21.94476],[90.597,21.95935],[90.59757,21.9601],[90.60049,21.96903],[90.60236,21.97318],[90.59856,21.97728],[90.59569,21.9791],[90.58767,21.98364],[90.58399,21.98402],[90.58099,21.98158],[90.57677,21.97448],[90.57384,21.97075],[90.57221,21.96916],[90.56793,21.96582],[90.56404,21.96361],[90.5609,21.96218],[90.55267,21.96015],[90.54879,21.95965]]]},"properties":{"set":"detail"}},{"type":"Feature","geometry":{"type":"Polygon","coordinates":[[[90.55643,21.9614],[90.56186,21.96275],[90.5668,21.96521],[90.56971,21.96726],[90.57618,21.9739],[90.58044,21.98122],[90.58344,21.98427],[90.57871,21.98552],[90.57745,21.98625],[90.57647,21.98638],[90.57593,21.98693],[90.57492,21.98732],[90.57484,21.98682],[90.57414,21.98698],[90.5732,21.98661],[90.57043,21.98783],[90.56767,21.98768],[90.56562,21.98711],[90.56062,21.98411],[90.55535,21.97923],[90.54204,21.96847],[90.54169,21.96768],[90.53978,21.96572],[90.53997,21.9653],[90.54239,21.96392],[90.54552,21.96104],[90.54702,21.9603],[90.55023,21.96013],[90.55643,21.9614]]]},"properties":{"set":"detail"}},{"type":"Feature","geometry":{"type":"Polygon","coordinates":[[[90.50177,21.97217],[90.50391,21.967],[90.50523,21.96211],[90.50577,21.96183],[90.5074,21.96234],[90.50844,21.96305],[90.50962,21.96443],[90.51524,21.97245],[90.5176,21.97756],[90.51902,21.98278],[90.52041,21.98534],[90.5243,21.99101],[90.52069,21.99088],[90.51471,21.99181],[90.51148,21.9926],[90.50776,21.99405],[90.50495,21.99447],[90.50212,21.99311],[90.50091,21.99209],[90.49937,21.99016],[90.49471,21.98754],[90.49437,21.98702],[90.49463,21.98619],[90.50177,21.97217]]]},"properties":{"set":"detail"}},{"type":"Feature","geometry":{"type":"Polygon","coordinates":[[[90.59226,21.98123],[90.59757,21.97817],[90.60063,21.97588],[90.60247,21.97592],[90.60339,21.97643],[90.60322,21.97776],[90.60277,21.97834],[90.59746,21.98093],[90.59537,21.98105],[90.59137,21.98214],[90.59135,21.98178],[90.59226,21.98123]]]},"properties":{"set":"detail"}},{"type":"Feature","geometry":{"type":"Polygon","coordinates":[[[90.55377,21.98883],[90.55378,21.99023],[90.55208,21.99189],[90.55095,21.99136],[90.55019,21.99191],[90.54678,21.98482],[90.54468,21.98171],[90.54467,21.98108],[90.54519,21.98101],[90.54608,21.9815],[90.54633,21.98213],[90.55097,21.98539],[90.55347,21.98814],[90.55377,21.98883]]]},"properties":{"set":"detail"}},{"type":"Feature","geometry":{"type":"Polygon","coordinates":[[[90.5864,21.99356],[90.58663,21.99316],[90.5862,21.99571],[90.58594,21.99462],[90.5864,21.99356]]]},"properties":{"set":"detail"}},{"type":"Feature","geometry":{"type":"Polygon","coordinates":[[[90.80638,21.8656],[90.81307,21.86784],[90.81628,21.86965],[90.82341,21.8763],[90.82542,21.8788],[90.82593,21.88066],[90.82578,21.88494],[90.8249,21.88714],[90.82453,21.89056],[90.82387,21.89179],[90.82367,21.89349],[90.82211,21.89602],[90.82095,21.89947],[90.81944,21.90125],[90.81831,21.9041],[90.81661,21.90665],[90.81606,21.91079],[90.81533,21.91207],[90.81423,21.91266],[90.81385,21.9132],[90.81402,21.91504],[90.815,21.91748],[90.81258,21.92353],[90.80747,21.92233],[90.80611,21.92162],[90.80186,21.9183],[90.79953,21.91687],[90.79665,21.91395],[90.80151,21.91331],[90.80511,21.91477],[90.80577,21.91494],[90.80594,21.91459],[90.80312,21.91326],[90.80147,21.91287],[90.79987,21.91294],[90.79705,21.91368],[90.79579,21.91281],[90.79376,21.91028],[90.78875,21.90264],[90.78459,21.89252],[90.78029,21.88574],[90.77941,21.8839],[90.77818,21.87881],[90.78122,21.8777],[90.78205,21.87668],[90.78215,21.87579],[90.78149,21.87695],[90.78053,21.87776],[90.77891,21.87828],[90.77799,21.8782],[90.77697,21.87735],[90.77592,21.87583],[90.77234,21.86925],[90.7724,21.86838],[90.77332,21.86618],[90.77484,21.86335],[90.7773,21.86029],[90.78121,21.8575],[90.78275,21.85697],[90.78599,21.8565],[90.7911,21.85618],[90.79548,21.85708],[90.7984,21.85881],[90.79981,21.86038],[90.80436,21.86429],[90.80638,21.8656]]]},"properties":{"set":"detail"}},{"type":"Feature","geometry":{"type":"Polygon","coordinates":[[[90.74705,21.89015],[90.74777,21.89287],[90.74912,21.89541],[90.74927,21.89883],[90.74869,21.90167],[90.74902,21.90436],[90.74959,21.90754],[90.75242,21.91743],[90.75333,21.92183],[90.75314,21.92304],[90.75133,21.92487],[90.74689,21.92213],[90.74272,21.92011],[90.7369,21.91648],[90.73462,21.91492],[90.73498,21.9138],[90.73399,21.91365],[90.7334,21.91323],[90.73336,21.91224],[90.73294,21.91199],[90.73257,21.91106],[90.73352,21.91079],[90.73384,21.91041],[90.73323,21.90836],[90.73289,21.90799],[90.73141,21.90749],[90.73046,21.9061],[90.72911,21.9031],[90.72927,21.90104],[90.72827,21.89976],[90.72784,21.89763],[90.72674,21.89662],[90.72552,21.89408],[90.72312,21.8908],[90.72093,21.88697],[90.71948,21.88268],[90.71594,21.87574],[90.71546,21.87322],[90.71545,21.8696],[90.71658,21.86824],[90.71777,21.86746],[90.7179,21.86521],[90.7193,21.86327],[90.72135,21.86185],[90.72415,21.86098],[90.72945,21.86126],[90.73151,21.86183],[90.73278,21.86252],[90.73564,21.86629],[90.73587,21.86756],[90.73911,21.87157],[90.74023,21.87346],[90.74023,21.87467],[90.74112,21.87744],[90.74133,21.8796],[90.74267,21.88082],[90.74384,21.88363],[90.74568,21.8863],[90.74705,21.89015]]]},"properties":{"set":"detail"}},{"type":"Feature","geometry":{"type":"Polygon","coordinates":[[[90.66583,21.92483],[90.66697,21.92475],[90.66804,21.92539],[90.67871,21.93273],[90.6812,21.93522],[90.6859,21.94449],[90.69107,21.9592],[90.69401,21.96848],[90.69497,21.97279],[90.68817,21.97435],[90.68429,21.97464],[90.67813,21.97576],[90.66701,21.97548],[90.66422,21.97594],[90.66227,21.97639],[90.66103,21.97715],[90.6589,21.97894],[90.65525,21.98274],[90.65197,21.98423],[90.6468,21.98414],[90.64317,21.98336],[90.64135,21.98258],[90.63747,21.97986],[90.63212,21.97397],[90.63101,21.97335],[90.62586,21.97184],[90.62393,21.97009],[90.62341,21.96905],[90.62292,21.96684],[90.6221,21.95926],[90.62118,21.9434],[90.62064,21.94215],[90.62039,21.93964],[90.62036,21.93106],[90.6209,21.92383],[90.62073,21.9174],[90.61449,21.89891],[90.61461,21.89684],[90.61556,21.89421],[90.61605,21.89363],[90.6179,21.8929],[90.62343,21.89323],[90.62854,21.89644],[90.63071,21.8966],[90.6321,21.89724],[90.63427,21.89919],[90.63616,21.90012],[90.63648,21.90008],[90.63519,21.89871],[90.63504,21.89815],[90.64058,21.90042],[90.64686,21.9015],[90.65077,21.90369],[90.65429,21.90665],[90.6583,21.91143],[90.66086,21.91354],[90.66478,21.9185],[90.66545,21.91989],[90.66585,21.92194],[90.6656,21.92334],[90.66472,21.92465],[90.66525,21.92497],[90.66583,21.92483]]]},"properties":{"set":"detail"}},{"type":"Feature","geometry":{"type":"Polygon","coordinates":[[[90.61244,21.97422],[90.60997,21.97193],[90.60871,21.96911],[90.60809,21.9668],[90.60695,21.95966],[90.60562,21.94471],[90.60204,21.92747],[90.60229,21.92534],[90.60309,21.9227],[90.60422,21.91963],[90.60568,21.91688],[90.60716,21.91471],[90.60852,21.91344],[90.60935,21.91268],[90.61083,21.91216],[90.61163,21.91232],[90.61424,21.91423],[90.61652,21.91806],[90.61733,21.92082],[90.61751,21.92638],[90.61618,21.93617],[90.616,21.94127],[90.62055,21.96855],[90.62053,21.96909],[90.61839,21.97088],[90.61553,21.97587],[90.61244,21.97422]]]},"properties":{"set":"detail"}},{"type":"Feature","geometry":{"type":"Polygon","coordinates":[[[90.7785,21.92182],[90.77808,21.92047],[90.77844,21.9196],[90.77962,21.91893],[90.78243,21.91889],[90.78996,21.92919],[90.79788,21.93831],[90.80108,21.94259],[90.80805,21.94828],[90.81949,21.95877],[90.82054,21.96014],[90.82309,21.96637],[90.82844,21.98297],[90.82868,21.98552],[90.82763,21.98695],[90.82563,21.98755],[90.82513,21.98742],[90.8228,21.98438],[90.81746,21.97529],[90.81445,21.96761],[90.81262,21.96513],[90.81156,21.96264],[90.80748,21.95612],[90.80472,21.95348],[90.80218,21.94965],[90.80028,21.94775],[90.79735,21.94357],[90.7939,21.93953],[90.78422,21.93075],[90.78283,21.92819],[90.7808,21.92573],[90.7785,21.92182]]]},"properties":{"set":"detail"}},{"type":"Feature","geometry":{"type":"Polygon","coordinates":[[[90.83777,21.97138],[90.83724,21.97095],[90.83554,21.9677],[90.83542,21.95698],[90.84044,21.95333],[90.84218,21.95305],[90.84405,21.95328],[90.84584,21.95265],[90.84771,21.95381],[90.84862,21.95616],[90.84971,21.95786],[90.84967,21.95903],[90.84859,21.96028],[90.84842,21.96391],[90.84752,21.9662],[90.84747,21.96959],[90.84722,21.97038],[90.84676,21.97131],[90.8462,21.97171],[90.84367,21.97119],[90.84243,21.972],[90.84178,21.97206],[90.83777,21.97138]]]},"properties":{"set":"detail"}},{"type":"Feature","geometry":{"type":"Polygon","coordinates":[[[90.61673,21.97464],[90.61933,21.9704],[90.62081,21.96975],[90.62354,21.97329],[90.62609,21.97432],[90.62845,21.97591],[90.63416,21.9788],[90.63538,21.97967],[90.63575,21.98023],[90.63615,21.98246],[90.63315,21.9825],[90.62991,21.9821],[90.6242,21.98071],[90.62173,21.97981],[90.61648,21.97681],[90.61637,21.97595],[90.61673,21.97464]]]},"properties":{"set":"detail"}},{"type":"Feature","geometry":{"type":"Polygon","coordinates":[[[90.84015,21.97871],[90.83879,21.97598],[90.83785,21.97317],[90.84023,21.97339],[90.84199,21.97392],[90.84374,21.97384],[90.84497,21.97426],[90.84816,21.97663],[90.85498,21.98408],[90.85555,21.98564],[90.8545,21.98595],[90.85344,21.98587],[90.85074,21.98475],[90.84753,21.98411],[90.84388,21.98284],[90.84151,21.98121],[90.84015,21.97871]]]},"properties":{"set":"detail"}},{"type":"Feature","geometry":{"type":"Polygon","coordinates":[[[90.68888,21.97566],[90.69276,21.97508],[90.69444,21.97528],[90.69513,21.97582],[90.69974,21.98336],[90.70081,21.98583],[90.70122,21.98828],[90.7012,21.9907],[90.70075,21.99116],[90.69798,21.992],[90.69476,21.99253],[90.69313,21.99244],[90.67551,21.98897],[90.66135,21.98686],[90.65905,21.98625],[90.65888,21.98583],[90.66114,21.98243],[90.66375,21.98006],[90.66603,21.97849],[90.67116,21.97753],[90.68051,21.97819],[90.68159,21.97763],[90.68888,21.97566]]]},"properties":{"set":"detail"}},{"type":"Feature","geometry":{"type":"Polygon","coordinates":[[[92.99947,20.22613],[92.99715,20.21501],[92.99565,20.20355],[92.99564,20.20159],[92.99566,20.2],[92.99947,20.2],[93,20.2],[93,20.22777],[92.99947,20.22613]]]},"properties":{"set":"detail"}},{"type":"Feature","geometry":{"type":"Polygon","coordinates":[[[92.22164,21.11359],[92.22361,21.11275],[92.22119,21.11821],[92.22028,21.11896],[92.21919,21.11917],[92.21765,21.11881],[92.2142,21.11669],[92.21575,21.11638],[92.21786,21.11513],[92.22164,21.11359]]]},"properties":{"set":"detail"}},{"type":"Feature","geometry":{"type":"Polygon","coordinates":[[[92.22267,21.11889],[92.22361,21.11864],[92.22302,21.11939],[92.2214,21.11988],[92.22046,21.11987],[92.22267,21.11889]]]},"properties":{"set":"detail"}},{"type":"Feature","geometry":{"type":"Polygon","coordinates":[[[92.21412,21.12723],[92.20834,21.12787],[92.20695,21.12867],[92.20582,21.13097],[92.20524,21.13451],[92.20421,21.13697],[92.20355,21.14329],[92.20274,21.14445],[92.19838,21.14109],[92.19765,21.14005],[92.19745,21.13858],[92.20088,21.12606],[92.20463,21.11976],[92.20698,21.11734],[92.20864,21.1166],[92.2102,21.11651],[92.21366,21.11757],[92.21643,21.11937],[92.21959,21.12025],[92.22103,21.12019],[92.22337,21.11956],[92.22248,21.12162],[92.22165,21.1227],[92.21737,21.12577],[92.21412,21.12723]]]},"properties":{"set":"detail"}},{"type":"Feature","geometry":{"type":"Polygon","coordinates":[[[92.22281,21.12724],[92.22281,21.13219],[92.22411,21.13623],[92.22367,21.13743],[92.21743,21.14095],[92.21338,21.14229],[92.20897,21.14424],[92.20471,21.14703],[92.20368,21.14575],[92.20342,21.14491],[92.20417,21.14216],[92.2044,21.13818],[92.20577,21.1345],[92.2061,21.13174],[92.20759,21.12865],[92.2084,21.12821],[92.21224,21.12815],[92.21484,21.12768],[92.21701,21.12666],[92.21987,21.12462],[92.22225,21.12335],[92.22233,21.12563],[92.22281,21.12724]]]},"properties":{"set":"detail"}},{"type":"Feature","geometry":{"type":"Polygon","coordinates":[[[92.01924,21.61019],[92.01889,21.61041],[92.01953,21.60892],[92.02,21.6099],[92.01924,21.61019]]]},"properties":{"set":"detail"}},{"type":"Feature","geometry":{"type":"Polygon","coordinates":[[[92.26436,21.01529],[92.26382,21.01888],[92.26367,21.0231],[92.26472,21.03116],[92.26393,21.03751],[92.26292,21.04133],[92.26015,21.04579],[92.25878,21.04885],[92.25827,21.04919],[92.25704,21.04822],[92.25645,21.04638],[92.25543,21.03883],[92.25536,21.03448],[92.25686,21.02831],[92.25977,21.02067],[92.26203,21.0172],[92.26349,21.01571],[92.26436,21.01529]]]},"properties":{"set":"detail"}},{"type":"Feature","geometry":{"type":"Polygon","coordinates":[[[92.26323,21.04878],[92.26257,21.04861],[92.26201,21.0475],[92.26292,21.04816],[92.26323,21.04878]]]},"properties":{"set":"detail"}},{"type":"Feature","geometry":{"type":"Polygon","coordinates":[[[92.26196,21.04894],[92.26241,21.04971],[92.26141,21.05022],[92.25905,21.04961],[92.25901,21.0491],[92.26001,21.04663],[92.26103,21.04692],[92.26196,21.04894]]]},"properties":{"set":"detail"}},{"type":"Feature","geometry":{"type":"Polygon","coordinates":[[[92.23184,21.10395],[92.23047,21.10573],[92.23049,21.10391],[92.23174,21.1018],[92.23318,21.10026],[92.23184,21.10395]]]},"properties":{"set":"detail"}},{"type":"Feature","geometry":{"type":"Polygon","coordinates":[[[92.22617,21.11509],[92.22479,21.11725],[92.22425,21.1177],[92.2239,21.11765],[92.22378,21.11712],[92.22444,21.11545],[92.22611,21.11223],[92.22646,21.11201],[92.22657,21.11349],[92.22617,21.11509]]]},"properties":{"set":"detail"}},{"type":"Feature","geometry":{"type":"Polygon","coordinates":[[[92.22422,21.11281],[92.22482,21.11212],[92.22515,21.11211],[92.2228,21.11764],[92.22144,21.11858],[92.22422,21.11281]]]},"properties":{"set":"detail"}},{"type":"Feature","geometry":{"type":"Polygon","coordinates":[[[92.33439,20.58976],[92.33392,20.59044],[92.33174,20.5909],[92.33173,20.58986],[92.33236,20.59044],[92.33387,20.59005],[92.3342,20.58961],[92.33475,20.58793],[92.33462,20.58647],[92.33678,20.58232],[92.33726,20.57975],[92.33673,20.57834],[92.33585,20.57784],[92.33551,20.57793],[92.33587,20.57688],[92.3373,20.57589],[92.33639,20.57742],[92.33661,20.57807],[92.33731,20.57861],[92.33772,20.58024],[92.33829,20.58074],[92.33789,20.58198],[92.33643,20.58313],[92.33477,20.58652],[92.33503,20.58772],[92.33439,20.58976]]]},"properties":{"set":"detail"}},{"type":"Feature","geometry":{"type":"Polygon","coordinates":[[[92.3181,20.63408],[92.31763,20.63425],[92.31635,20.632],[92.31467,20.62777],[92.31529,20.6268],[92.31844,20.6251],[92.32046,20.62286],[92.3227,20.62115],[92.32493,20.6175],[92.32532,20.61562],[92.3244,20.6144],[92.32536,20.61294],[92.32558,20.61115],[92.32516,20.60923],[92.32645,20.6067],[92.32666,20.60417],[92.32645,20.60317],[92.32562,20.602],[92.32468,20.6015],[92.32404,20.6017],[92.324,20.59941],[92.32367,20.5989],[92.32313,20.59876],[92.32363,20.59527],[92.32396,20.59434],[92.32466,20.59369],[92.32526,20.59228],[92.32601,20.59154],[92.3275,20.58889],[92.3273,20.58753],[92.32784,20.58699],[92.32902,20.58677],[92.32984,20.58604],[92.32948,20.58677],[92.32797,20.587],[92.32762,20.5873],[92.32772,20.58871],[92.32723,20.59018],[92.32796,20.59101],[92.32953,20.59077],[92.33119,20.59117],[92.33106,20.59542],[92.33213,20.60125],[92.33187,20.60248],[92.33033,20.60548],[92.32919,20.60657],[92.32901,20.60969],[92.32851,20.61057],[92.3282,20.61344],[92.32742,20.61524],[92.32638,20.61665],[92.32607,20.61806],[92.327,20.62228],[92.32662,20.62772],[92.32768,20.63161],[92.32846,20.63282],[92.3295,20.63587],[92.32734,20.63655],[92.32561,20.63653],[92.32252,20.63581],[92.32098,20.63449],[92.32014,20.63412],[92.31905,20.63383],[92.3181,20.63408]]]},"properties":{"set":"detail"}},{"type":"Feature","geometry":{"type":"Polygon","coordinates":[[[92.35564,20.80617],[92.35584,20.80537],[92.35692,20.80565],[92.3565,20.80652],[92.35564,20.80617]]]},"properties":{"set":"detail"}},{"type":"Feature","geometry":{"type":"Polygon","coordinates":[[[92.34257,20.86227],[92.34236,20.86285],[92.34163,20.8631],[92.3412,20.86004],[92.34319,20.8599],[92.34257,20.86227]]]},"properties":{"set":"detail"}},{"type":"Feature","geometry":{"type":"Polygon","coordinates":[[[92.35009,20.86794],[92.34999,20.86899],[92.34947,20.86913],[92.34931,20.86783],[92.34847,20.86715],[92.34846,20.86655],[92.34803,20.86633],[92.3475,20.8668],[92.34651,20.86683],[92.34591,20.86602],[92.34588,20.86529],[92.34443,20.86492],[92.3434,20.86404],[92.34338,20.863],[92.3442,20.85989],[92.34471,20.85951],[92.34482,20.85881],[92.34606,20.85872],[92.34662,20.85961],[92.3476,20.85954],[92.34796,20.86043],[92.34882,20.86101],[92.3494,20.86215],[92.34932,20.8627],[92.34774,20.86225],[92.34741,20.86331],[92.34779,20.86394],[92.34916,20.86384],[92.34927,20.86463],[92.35043,20.86507],[92.35114,20.86654],[92.35071,20.86675],[92.35043,20.86788],[92.35009,20.86794]]]},"properties":{"set":"detail"}},{"type":"Feature","geometry":{"type":"Polygon","coordinates":[[[92.34192,20.86388],[92.3428,20.86508],[92.34527,20.86607],[92.34618,20.86784],[92.34678,20.86794],[92.34757,20.86747],[92.34793,20.86761],[92.34791,20.86835],[92.34848,20.8691],[92.34758,20.87015],[92.34746,20.87125],[92.34793,20.87143],[92.34829,20.87124],[92.34797,20.8704],[92.3483,20.86991],[92.35004,20.87019],[92.3508,20.86988],[92.35152,20.86776],[92.35203,20.86835],[92.35354,20.86916],[92.35405,20.87103],[92.35526,20.87172],[92.3553,20.8711],[92.35435,20.87031],[92.35436,20.86902],[92.35407,20.86911],[92.35374,20.86851],[92.35297,20.86807],[92.35456,20.86867],[92.35641,20.8688],[92.35905,20.86823],[92.36141,20.86674],[92.3621,20.86677],[92.36188,20.86711],[92.36205,20.86731],[92.3626,20.86707],[92.36332,20.86554],[92.36421,20.86469],[92.36628,20.86366],[92.36767,20.86426],[92.36746,20.86658],[92.36815,20.86801],[92.36877,20.86849],[92.37078,20.86907],[92.37553,20.86893],[92.37575,20.86828],[92.37741,20.86799],[92.37751,20.86888],[92.37737,20.86859],[92.37703,20.869],[92.37669,20.86887],[92.37674,20.8698],[92.37553,20.8696],[92.37473,20.86991],[92.37378,20.87168],[92.36711,20.87176],[92.36187,20.87299],[92.3612,20.87362],[92.35936,20.87435],[92.35908,20.8751],[92.35658,20.87723],[92.35473,20.87981],[92.35413,20.87933],[92.35246,20.87945],[92.35319,20.87835],[92.35257,20.87816],[92.35188,20.87997],[92.35241,20.88044],[92.35317,20.87994],[92.35323,20.88022],[92.35473,20.88079],[92.35383,20.88273],[92.35401,20.88441],[92.35465,20.88497],[92.35603,20.88735],[92.35585,20.88933],[92.35457,20.89195],[92.35327,20.89341],[92.35129,20.89457],[92.35071,20.89429],[92.3498,20.8944],[92.34914,20.89391],[92.3487,20.89404],[92.34831,20.8947],[92.34771,20.89437],[92.34715,20.89347],[92.34336,20.89365],[92.34223,20.89315],[92.34186,20.89275],[92.34176,20.89013],[92.34119,20.88883],[92.34085,20.88892],[92.34,20.89063],[92.33926,20.89066],[92.33877,20.89032],[92.33875,20.88801],[92.33753,20.88785],[92.33693,20.88745],[92.33673,20.88684],[92.3359,20.8865],[92.33577,20.88611],[92.33452,20.88556],[92.33395,20.88435],[92.33263,20.8831],[92.33315,20.88239],[92.33328,20.88108],[92.33387,20.88014],[92.33313,20.88005],[92.33276,20.88148],[92.33221,20.88202],[92.33174,20.88183],[92.33156,20.8812],[92.33095,20.88154],[92.32759,20.88032],[92.32669,20.88085],[92.32534,20.88081],[92.32423,20.88176],[92.32217,20.88135],[92.32392,20.87825],[92.32616,20.87803],[92.32706,20.87481],[92.32916,20.87344],[92.33008,20.86997],[92.33072,20.86989],[92.33488,20.86014],[92.33713,20.85806],[92.33793,20.85812],[92.33805,20.8591],[92.33917,20.8612],[92.34021,20.86175],[92.34016,20.86349],[92.33969,20.86392],[92.34036,20.86582],[92.34035,20.8676],[92.3406,20.86772],[92.34092,20.8667],[92.34058,20.86439],[92.34093,20.864],[92.34192,20.86388]]]},"properties":{"set":"detail"}},{"type":"Feature","geometry":{"type":"Polygon","coordinates":[[[92.35583,20.88432],[92.3553,20.8836],[92.35522,20.88264],[92.35619,20.88162],[92.35749,20.8812],[92.35839,20.88269],[92.35831,20.88337],[92.35765,20.8842],[92.35583,20.88432]]]},"properties":{"set":"detail"}},{"type":"Feature","geometry":{"type":"Polygon","coordinates":[[[92.32949,20.8837],[92.33049,20.88528],[92.33105,20.88792],[92.33207,20.88897],[92.33796,20.89193],[92.33926,20.89316],[92.34062,20.89334],[92.34058,20.89384],[92.34278,20.89488],[92.34431,20.8969],[92.34383,20.8971],[92.34226,20.89691],[92.34291,20.89771],[92.34419,20.89761],[92.34465,20.89727],[92.34504,20.89745],[92.34347,20.89974],[92.34195,20.90025],[92.3416,20.90083],[92.34064,20.90096],[92.34074,20.90121],[92.34155,20.90141],[92.3418,20.90204],[92.34152,20.90253],[92.34198,20.90271],[92.34289,20.90233],[92.34353,20.90115],[92.34341,20.90062],[92.34533,20.89824],[92.34655,20.89766],[92.34687,20.89785],[92.34744,20.89762],[92.35244,20.89493],[92.35269,20.89436],[92.35377,20.89411],[92.35427,20.89369],[92.35649,20.88981],[92.35853,20.89],[92.35943,20.88926],[92.35974,20.8894],[92.35998,20.8902],[92.3606,20.89003],[92.36019,20.88894],[92.35914,20.88881],[92.3579,20.88942],[92.35738,20.88919],[92.35761,20.88845],[92.35717,20.88674],[92.35768,20.88511],[92.35976,20.88474],[92.36041,20.88693],[92.36128,20.88724],[92.36196,20.8865],[92.36279,20.88347],[92.3636,20.88355],[92.36483,20.8847],[92.36562,20.88485],[92.3668,20.88405],[92.36707,20.88311],[92.36813,20.88296],[92.36821,20.88321],[92.36758,20.88356],[92.36727,20.88469],[92.36636,20.88512],[92.36587,20.88604],[92.36558,20.88791],[92.36783,20.88754],[92.36858,20.88681],[92.37022,20.88621],[92.37068,20.88706],[92.37157,20.88755],[92.37127,20.88863],[92.37218,20.88964],[92.37263,20.89066],[92.37364,20.8906],[92.37422,20.88984],[92.37522,20.89009],[92.37584,20.89077],[92.37569,20.89232],[92.37633,20.89173],[92.37643,20.89105],[92.37695,20.89071],[92.37825,20.89111],[92.37876,20.89162],[92.37802,20.89241],[92.37856,20.89258],[92.379,20.89327],[92.37819,20.89535],[92.377,20.89529],[92.37664,20.89579],[92.37759,20.8965],[92.3772,20.89663],[92.37692,20.89722],[92.37654,20.89726],[92.37647,20.89788],[92.37689,20.89803],[92.37679,20.89843],[92.37527,20.8991],[92.37449,20.89843],[92.37422,20.89932],[92.37531,20.90047],[92.37516,20.90126],[92.37414,20.90199],[92.37333,20.90352],[92.37215,20.90382],[92.37361,20.90518],[92.37356,20.90666],[92.3739,20.90719],[92.3736,20.90784],[92.37408,20.90837],[92.37387,20.90911],[92.37428,20.90925],[92.37481,20.9092],[92.37498,20.90826],[92.37468,20.90803],[92.37455,20.90708],[92.37509,20.90688],[92.37452,20.90628],[92.37413,20.90477],[92.3746,20.9035],[92.37646,20.90357],[92.37719,20.90385],[92.37882,20.90359],[92.37927,20.90452],[92.38001,20.90452],[92.38046,20.90509],[92.37995,20.90598],[92.37978,20.90861],[92.37881,20.9088],[92.37789,20.91039],[92.37681,20.91096],[92.37644,20.9117],[92.37579,20.91204],[92.37557,20.91288],[92.37622,20.91434],[92.37551,20.91554],[92.37441,20.91598],[92.37379,20.91796],[92.37098,20.91928],[92.37,20.91813],[92.36893,20.91818],[92.36879,20.91895],[92.36818,20.91915],[92.36711,20.91816],[92.36636,20.91822],[92.36607,20.91851],[92.36603,20.9219],[92.36551,20.92246],[92.36419,20.92172],[92.36206,20.92139],[92.36093,20.9208],[92.36069,20.91998],[92.36106,20.91948],[92.3599,20.9187],[92.35924,20.9188],[92.35748,20.91989],[92.35588,20.91976],[92.35338,20.91862],[92.35205,20.91863],[92.34936,20.92031],[92.34629,20.92469],[92.34497,20.92607],[92.34412,20.92648],[92.34368,20.92567],[92.343,20.92205],[92.34068,20.91796],[92.33745,20.9145],[92.3334,20.91141],[92.33004,20.91014],[92.32549,20.90946],[92.31693,20.90916],[92.31376,20.90861],[92.31155,20.90775],[92.31084,20.90687],[92.31096,20.90538],[92.31616,20.89486],[92.31853,20.88849],[92.32051,20.88165],[92.32082,20.88146],[92.32281,20.88208],[92.32762,20.88257],[92.32949,20.8837]]]},"properties":{"set":"detail"}},{"type":"Feature","geometry":{"type":"Polygon","coordinates":[[[92.285,20.90454],[92.28646,20.90402],[92.2874,20.90434],[92.28748,20.90484],[92.28724,20.90601],[92.28553,20.90956],[92.27856,20.92103],[92.27403,20.92599],[92.27224,20.92687],[92.27185,20.92465],[92.27206,20.92289],[92.27492,20.91643],[92.27994,20.9091],[92.28252,20.90642],[92.285,20.90454]]]},"properties":{"set":"detail"}},{"type":"Feature","geometry":{"type":"Polygon","coordinates":[[[92.31109,20.91467],[92.31092,20.91185],[92.31152,20.9114],[92.31375,20.91141],[92.32355,20.91335],[92.32556,20.91443],[92.32772,20.91681],[92.32941,20.92036],[92.33077,20.92111],[92.32995,20.92127],[92.32762,20.92011],[92.32718,20.92079],[92.32726,20.92144],[92.32755,20.92147],[92.32765,20.92063],[92.32763,20.92138],[92.33048,20.92229],[92.33075,20.92271],[92.33229,20.92274],[92.33514,20.92372],[92.33455,20.92422],[92.33468,20.92499],[92.33706,20.92496],[92.33748,20.92409],[92.33831,20.92416],[92.33905,20.92461],[92.33808,20.9262],[92.33646,20.92675],[92.33468,20.92673],[92.33163,20.92575],[92.32742,20.92587],[92.32539,20.92623],[92.32403,20.92611],[92.32368,20.92626],[92.32365,20.92666],[92.3226,20.92705],[92.32169,20.92781],[92.32129,20.9278],[92.31842,20.93057],[92.31707,20.93102],[92.31655,20.93159],[92.31595,20.93277],[92.31589,20.93355],[92.31635,20.93473],[92.31604,20.93499],[92.31605,20.93558],[92.31725,20.93582],[92.31934,20.9369],[92.31861,20.93766],[92.31869,20.93789],[92.32049,20.93779],[92.32116,20.93873],[92.32122,20.94028],[92.32163,20.94041],[92.32165,20.94118],[92.32121,20.94126],[92.31938,20.94106],[92.3185,20.94048],[92.31754,20.94182],[92.31799,20.94167],[92.31834,20.94106],[92.3198,20.9417],[92.32075,20.9417],[92.32114,20.94222],[92.32155,20.94169],[92.32265,20.9419],[92.32194,20.9442],[92.32159,20.94432],[92.32127,20.94397],[92.32026,20.9455],[92.31921,20.94562],[92.31826,20.94722],[92.31739,20.94721],[92.31753,20.94781],[92.31691,20.9491],[92.31705,20.94935],[92.31833,20.94964],[92.31809,20.95078],[92.3178,20.95087],[92.31677,20.95077],[92.3151,20.94977],[92.3116,20.94531],[92.30942,20.94313],[92.30404,20.93923],[92.30279,20.93747],[92.30178,20.93398],[92.30226,20.93049],[92.30881,20.92109],[92.31075,20.91651],[92.31109,20.91467]]]},"properties":{"set":"detail"}},{"type":"Feature","geometry":{"type":"Polygon","coordinates":[[[92.35375,20.92127],[92.3556,20.92129],[92.35589,20.92208],[92.3584,20.92395],[92.36111,20.92539],[92.36313,20.92566],[92.36667,20.92506],[92.36771,20.92526],[92.36773,20.92606],[92.36825,20.92649],[92.36819,20.92775],[92.36778,20.92793],[92.36755,20.92741],[92.36714,20.92731],[92.36638,20.92566],[92.36578,20.92567],[92.3659,20.92695],[92.36671,20.92725],[92.36664,20.92779],[92.36552,20.92862],[92.36534,20.92924],[92.36584,20.9295],[92.36533,20.93054],[92.36564,20.93127],[92.36535,20.93185],[92.36447,20.93243],[92.36425,20.93344],[92.36481,20.93358],[92.36551,20.93456],[92.36542,20.93536],[92.36506,20.93562],[92.36552,20.93593],[92.36553,20.93628],[92.36489,20.93654],[92.36436,20.93633],[92.36376,20.93665],[92.36346,20.93757],[92.36243,20.93874],[92.3604,20.93837],[92.35841,20.93862],[92.35649,20.94009],[92.35339,20.94324],[92.3523,20.94474],[92.35036,20.94581],[92.34901,20.94466],[92.34699,20.93963],[92.34605,20.93593],[92.34564,20.93566],[92.34518,20.93189],[92.34491,20.93151],[92.34499,20.93006],[92.34625,20.92932],[92.34636,20.92863],[92.34719,20.92868],[92.34728,20.92822],[92.34778,20.92785],[92.34943,20.92749],[92.34956,20.92704],[92.35074,20.92674],[92.35149,20.92697],[92.35172,20.92904],[92.3521,20.92962],[92.35247,20.92964],[92.35208,20.92883],[92.35204,20.92779],[92.35236,20.92778],[92.35257,20.92719],[92.35143,20.92634],[92.34962,20.92618],[92.34942,20.92653],[92.34707,20.92733],[92.34629,20.92708],[92.34587,20.92638],[92.34772,20.92438],[92.34809,20.92463],[92.34886,20.92426],[92.34903,20.92318],[92.34946,20.92274],[92.35067,20.92241],[92.35118,20.92284],[92.35121,20.92375],[92.35177,20.9237],[92.35192,20.92319],[92.35254,20.92355],[92.35252,20.92281],[92.35201,20.92282],[92.35162,20.92221],[92.35216,20.92171],[92.35375,20.92127]]]},"properties":{"set":"detail"}},{"type":"Feature","geometry":{"type":"Polygon","coordinates":[[[92.3288,20.93452],[92.32925,20.93566],[92.32836,20.93592],[92.32836,20.93648],[92.32882,20.93657],[92.3289,20.93689],[92.32879,20.93783],[92.32837,20.93806],[92.32809,20.93887],[92.32846,20.94062],[92.32781,20.94218],[92.32703,20.94313],[92.32625,20.9429],[92.32601,20.94226],[92.3263,20.94177],[92.327,20.94175],[92.3273,20.94099],[92.32784,20.94071],[92.32711,20.94056],[92.3263,20.94106],[92.32504,20.94099],[92.32339,20.93846],[92.3233,20.93766],[92.32171,20.93711],[92.32159,20.93601],[92.32086,20.93619],[92.32029,20.935],[92.31916,20.93436],[92.31919,20.93396],[92.3198,20.9337],[92.31895,20.93302],[92.3198,20.93144],[92.32356,20.93103],[92.32359,20.93048],[92.32277,20.92982],[92.32302,20.92879],[92.32648,20.92783],[92.32706,20.92868],[92.32652,20.93067],[92.32696,20.93065],[92.32757,20.92907],[92.32837,20.92893],[92.33074,20.93088],[92.32998,20.93242],[92.32934,20.9327],[92.3288,20.93452]]]},"properties":{"set":"detail"}},{"type":"Feature","geometry":{"type":"Polygon","coordinates":[[[92.32318,20.94548],[92.32366,20.94473],[92.32443,20.94489],[92.32402,20.94568],[92.32318,20.94548]]]},"properties":{"set":"detail"}},{"type":"Feature","geometry":{"type":"Polygon","coordinates":[[[92.31943,20.94654],[92.32051,20.94618],[92.32088,20.94656],[92.32082,20.94719],[92.31956,20.94855],[92.31818,20.94857],[92.31789,20.94793],[92.31863,20.94776],[92.31943,20.94654]]]},"properties":{"set":"detail"}},{"type":"Feature","geometry":{"type":"Polygon","coordinates":[[[92.28023,20.96886],[92.27841,20.9692],[92.27728,20.9689],[92.27663,20.96832],[92.27583,20.96199],[92.27411,20.95568],[92.27418,20.95306],[92.27469,20.95201],[92.27662,20.94929],[92.27967,20.94622],[92.28708,20.94111],[92.29184,20.93742],[92.29396,20.93616],[92.29707,20.9365],[92.29768,20.93711],[92.29771,20.93792],[92.29612,20.94724],[92.29489,20.94975],[92.29312,20.95237],[92.29276,20.95348],[92.29375,20.95615],[92.29349,20.95951],[92.2928,20.96037],[92.28931,20.96075],[92.28842,20.96214],[92.28853,20.96327],[92.28995,20.96584],[92.29002,20.96668],[92.28971,20.96736],[92.28757,20.96604],[92.28569,20.96601],[92.28023,20.96886]]]},"properties":{"set":"detail"}},{"type":"Feature","geometry":{"type":"Polygon","coordinates":[[[92.29258,20.97753],[92.29171,20.97583],[92.29122,20.97347],[92.29113,20.9693],[92.29167,20.9675],[92.2909,20.96581],[92.28916,20.96331],[92.28906,20.9625],[92.2901,20.96136],[92.2909,20.96119],[92.2924,20.96218],[92.29352,20.96233],[92.29423,20.9593],[92.29428,20.95699],[92.29701,20.95652],[92.29805,20.9534],[92.29848,20.94981],[92.30022,20.9495],[92.30035,20.94926],[92.29974,20.94868],[92.29856,20.94865],[92.29769,20.94578],[92.299,20.9456],[92.29971,20.94517],[92.30098,20.94343],[92.30268,20.94206],[92.30489,20.94137],[92.3061,20.94196],[92.30968,20.94481],[92.3134,20.94932],[92.31576,20.95282],[92.31683,20.95611],[92.31682,20.9583],[92.31622,20.96237],[92.31539,20.96359],[92.31348,20.96452],[92.30882,20.96442],[92.30611,20.96527],[92.305,20.96646],[92.30454,20.96759],[92.30212,20.97037],[92.30013,20.97372],[92.29908,20.9746],[92.29859,20.97661],[92.29796,20.97771],[92.29735,20.97783],[92.2953,20.97965],[92.29482,20.97985],[92.29414,20.97963],[92.29258,20.97753]]]},"properties":{"set":"detail"}},{"type":"Feature","geometry":{"type":"Polygon","coordinates":[[[92.355,20.96583],[92.35565,20.96541],[92.35643,20.96575],[92.35545,20.96638],[92.35525,20.96609],[92.35471,20.96661],[92.35432,20.96644],[92.355,20.96583]]]},"properties":{"set":"detail"}},{"type":"Feature","geometry":{"type":"Polygon","coordinates":[[[92.35257,20.96701],[92.352,20.96632],[92.35211,20.9659],[92.3529,20.96582],[92.35235,20.96482],[92.35277,20.96408],[92.35353,20.96408],[92.35383,20.96636],[92.35434,20.96696],[92.35511,20.96713],[92.35555,20.96801],[92.35453,20.96864],[92.35365,20.9686],[92.35244,20.9676],[92.35257,20.96701]]]},"properties":{"set":"detail"}},{"type":"Feature","geometry":{"type":"Polygon","coordinates":[[[92.35653,20.96611],[92.35636,20.96701],[92.35605,20.96648],[92.35653,20.96611]]]},"properties":{"set":"detail"}},{"type":"Feature","geometry":{"type":"Polygon","coordinates":[[[92.3523,20.97327],[92.3525,20.97269],[92.3533,20.97278],[92.3536,20.97465],[92.35341,20.97498],[92.35206,20.97457],[92.3523,20.97327]]]},"properties":{"set":"detail"}},{"type":"Feature","geometry":{"type":"Polygon","coordinates":[[[92.303,20.97963],[92.30267,20.9799],[92.30191,20.97969],[92.30027,20.97875],[92.30019,20.97803],[92.3022,20.97381],[92.30447,20.97112],[92.30496,20.97095],[92.30611,20.9719],[92.30669,20.97295],[92.30633,20.97554],[92.30575,20.97633],[92.30367,20.97771],[92.30308,20.97876],[92.303,20.97963]]]},"properties":{"set":"detail"}},{"type":"Feature","geometry":{"type":"Polygon","coordinates":[[[92.29911,20.97882],[92.30082,20.97941],[92.30309,20.98122],[92.30325,20.98286],[92.30294,20.98396],[92.30183,20.98582],[92.29595,20.98141],[92.29488,20.98027],[92.29721,20.97835],[92.29911,20.97882]]]},"properties":{"set":"detail"}},{"type":"Feature","geometry":{"type":"Polygon","coordinates":[[[92.26454,20.98442],[92.26534,20.98268],[92.26598,20.9825],[92.26643,20.98397],[92.2663,20.98655],[92.26517,20.99016],[92.26401,20.99161],[92.26345,20.99011],[92.26341,20.98832],[92.26454,20.98442]]]},"properties":{"set":"detail"}},{"type":"Feature","geometry":{"type":"Polygon","coordinates":[[[92.35374,20.99066],[92.35353,20.9904],[92.35446,20.98979],[92.35443,20.99124],[92.35374,20.99066]]]},"properties":{"set":"detail"}},{"type":"Feature","geometry":{"type":"Polygon","coordinates":[[[92.35457,20.99111],[92.3549,20.99032],[92.35573,20.99044],[92.35501,20.99147],[92.35457,20.99111]]]},"properties":{"set":"detail"}},{"type":"Feature","geometry":{"type":"Polygon","coordinates":[[[92.38451,20.73915],[92.38521,20.73861],[92.38826,20.73741],[92.38505,20.73897],[92.38375,20.74075],[92.38269,20.74436],[92.38151,20.7471],[92.38051,20.74852],[92.37573,20.75806],[92.37487,20.75886],[92.37521,20.75903],[92.37504,20.76107],[92.37341,20.76268],[92.37332,20.76359],[92.37371,20.76402],[92.37394,20.7652],[92.37374,20.76555],[92.37314,20.76553],[92.37309,20.76586],[92.3734,20.76672],[92.37392,20.7672],[92.37545,20.76721],[92.37372,20.76778],[92.37271,20.76546],[92.37324,20.76294],[92.37403,20.76139],[92.3748,20.75889],[92.37613,20.75586],[92.38127,20.74632],[92.38196,20.74459],[92.3823,20.74246],[92.38451,20.73915]]]},"properties":{"set":"detail"}},{"type":"Feature","geometry":{"type":"Polygon","coordinates":[[[92.38028,20.77235],[92.38062,20.7713],[92.3813,20.77091],[92.38316,20.7712],[92.38374,20.77158],[92.38297,20.77336],[92.38196,20.77405],[92.38043,20.77373],[92.38028,20.77235]]]},"properties":{"set":"detail"}},{"type":"Feature","geometry":{"type":"Polygon","coordinates":[[[92.37023,20.77765],[92.37013,20.77792],[92.36975,20.77784],[92.36942,20.77668],[92.37011,20.77686],[92.37042,20.77749],[92.37023,20.77765]]]},"properties":{"set":"detail"}},{"type":"Feature","geometry":{"type":"Polygon","coordinates":[[[92.35642,20.863],[92.35643,20.86227],[92.35863,20.86226],[92.35928,20.86262],[92.35895,20.86404],[92.35637,20.86337],[92.35642,20.863]]]},"properties":{"set":"detail"}},{"type":"Feature","geometry":{"type":"Polygon","coordinates":[[[92.37711,20.87078],[92.37664,20.87087],[92.3762,20.87052],[92.37629,20.87027],[92.37711,20.87078]]]},"properties":{"set":"detail"}},{"type":"Feature","geometry":{"type":"Polygon","coordinates":[[[92.37471,20.87163],[92.37514,20.87047],[92.37558,20.87021],[92.3764,20.87094],[92.37779,20.87157],[92.37758,20.87188],[92.37555,20.87123],[92.37471,20.87163]]]},"properties":{"set":"detail"}},{"type":"Feature","geometry":{"type":"Polygon","coordinates":[[[92.37368,20.87499],[92.37381,20.87531],[92.37517,20.87548],[92.37581,20.87624],[92.37541,20.87771],[92.3728,20.88054],[92.37012,20.88419],[92.36928,20.88482],[92.36889,20.88479],[92.36874,20.88173],[92.36923,20.88076],[92.3689,20.88041],[92.36875,20.88067],[92.36897,20.88089],[92.36818,20.88227],[92.36713,20.88235],[92.36574,20.88398],[92.36513,20.88379],[92.36476,20.88327],[92.36445,20.88352],[92.3636,20.88289],[92.36257,20.88295],[92.36159,20.88474],[92.36107,20.88478],[92.36099,20.88605],[92.36071,20.88611],[92.36057,20.88419],[92.36015,20.88394],[92.35976,20.88287],[92.35989,20.88207],[92.35909,20.88172],[92.35799,20.88053],[92.35788,20.88022],[92.35867,20.8799],[92.35776,20.87962],[92.35795,20.87879],[92.35924,20.8778],[92.36044,20.87764],[92.36029,20.87661],[92.36181,20.87605],[92.36293,20.87612],[92.36332,20.87522],[92.36701,20.87462],[92.36789,20.87382],[92.36837,20.87391],[92.36874,20.87438],[92.36946,20.87387],[92.37211,20.87404],[92.37205,20.87464],[92.37104,20.87507],[92.37112,20.87545],[92.37159,20.87525],[92.37269,20.87553],[92.37324,20.87479],[92.37368,20.87499]]]},"properties":{"set":"detail"}},{"type":"Feature","geometry":{"type":"Polygon","coordinates":[[[92.36691,20.88703],[92.36663,20.88689],[92.36663,20.88616],[92.3674,20.88575],[92.36759,20.88676],[92.36691,20.88703]]]},"properties":{"set":"detail"}},{"type":"Feature","geometry":{"type":"Polygon","coordinates":[[[92.37792,20.90276],[92.37749,20.90253],[92.37754,20.90224],[92.37813,20.90255],[92.37816,20.9028],[92.37792,20.90276]]]},"properties":{"set":"detail"}},{"type":"Feature","geometry":{"type":"Polygon","coordinates":[[[92.38183,20.90832],[92.38146,20.90793],[92.38131,20.90629],[92.38211,20.90625],[92.38241,20.90726],[92.38434,20.90737],[92.38414,20.90779],[92.3832,20.90827],[92.38183,20.90832]]]},"properties":{"set":"detail"}},{"type":"Feature","geometry":{"type":"Polygon","coordinates":[[[92.35815,20.971],[92.35756,20.97231],[92.3567,20.97104],[92.35743,20.97109],[92.35778,20.9706],[92.35815,20.971]]]},"properties":{"set":"detail"}},{"type":"Feature","geometry":{"type":"Polygon","coordinates":[[[92.37904,20.91246],[92.37793,20.91221],[92.37783,20.91189],[92.38198,20.91231],[92.38257,20.91182],[92.38342,20.91168],[92.3842,20.91197],[92.38468,20.91329],[92.38324,20.91321],[92.38285,20.91397],[92.38246,20.91402],[92.37991,20.91318],[92.37963,20.91232],[92.37904,20.91246]]]},"properties":{"set":"detail"}},{"type":"Feature","geometry":{"type":"Polygon","coordinates":[[[92.37949,20.91597],[92.37979,20.91544],[92.3812,20.91557],[92.38153,20.91598],[92.38232,20.91563],[92.3832,20.91588],[92.38378,20.91707],[92.38298,20.91681],[92.38301,20.91711],[92.3825,20.91709],[92.38224,20.91754],[92.38335,20.91805],[92.38344,20.91923],[92.38158,20.91922],[92.38091,20.91873],[92.38125,20.91826],[92.38096,20.91803],[92.37879,20.91864],[92.37839,20.91808],[92.37949,20.91597]]]},"properties":{"set":"detail"}},{"type":"Feature","geometry":{"type":"Polygon","coordinates":[[[92.38121,20.92055],[92.38146,20.91968],[92.38213,20.91939],[92.38297,20.91948],[92.3818,20.92024],[92.38193,20.92059],[92.38159,20.92092],[92.38131,20.92091],[92.38121,20.92055]]]},"properties":{"set":"detail"}},{"type":"Feature","geometry":{"type":"Polygon","coordinates":[[[92.37948,20.91932],[92.38035,20.91913],[92.38086,20.91954],[92.3803,20.92006],[92.38085,20.92005],[92.38037,20.92096],[92.38036,20.92186],[92.37992,20.92207],[92.38045,20.92221],[92.38081,20.92182],[92.38114,20.92196],[92.38219,20.92091],[92.38272,20.9212],[92.38308,20.92238],[92.38198,20.9229],[92.38138,20.92431],[92.38153,20.92501],[92.38082,20.92543],[92.38051,20.92608],[92.37944,20.92578],[92.37804,20.92612],[92.37763,20.92572],[92.37809,20.92332],[92.3774,20.92262],[92.37632,20.92212],[92.3763,20.92169],[92.37574,20.92155],[92.37583,20.92091],[92.37607,20.92058],[92.37662,20.92103],[92.37767,20.92092],[92.37855,20.9212],[92.37927,20.92029],[92.37923,20.91948],[92.37948,20.91932]]]},"properties":{"set":"detail"}},{"type":"Feature","geometry":{"type":"Polygon","coordinates":[[[92.37184,20.92741],[92.37252,20.92628],[92.37305,20.92683],[92.37264,20.92852],[92.37163,20.92806],[92.37184,20.92741]]]},"properties":{"set":"detail"}},{"type":"Feature","geometry":{"type":"Polygon","coordinates":[[[92.37315,20.92674],[92.37512,20.92889],[92.37648,20.92958],[92.3764,20.93035],[92.37436,20.93066],[92.37411,20.93005],[92.3723,20.92977],[92.37315,20.92674]]]},"properties":{"set":"detail"}},{"type":"Feature","geometry":{"type":"Polygon","coordinates":[[[92.37126,20.92843],[92.37165,20.92821],[92.37261,20.92861],[92.37201,20.93014],[92.37049,20.92981],[92.36991,20.93004],[92.36926,20.9296],[92.36994,20.92891],[92.37126,20.92843]]]},"properties":{"set":"detail"}},{"type":"Feature","geometry":{"type":"Polygon","coordinates":[[[92.36702,20.93364],[92.36825,20.93363],[92.36833,20.934],[92.36756,20.93434],[92.36702,20.93364]]]},"properties":{"set":"detail"}},{"type":"Feature","geometry":{"type":"Polygon","coordinates":[[[92.36624,20.93758],[92.36754,20.93688],[92.36816,20.93712],[92.36803,20.93765],[92.36711,20.93863],[92.36696,20.93939],[92.36618,20.93941],[92.36587,20.93912],[92.36624,20.93758]]]},"properties":{"set":"detail"}},{"type":"Feature","geometry":{"type":"Polygon","coordinates":[[[92.35809,20.9728],[92.35777,20.97241],[92.3582,20.97178],[92.359,20.97167],[92.36024,20.97231],[92.35981,20.97337],[92.35809,20.9728]]]},"properties":{"set":"detail"}},{"type":"Feature","geometry":{"type":"Polygon","coordinates":[[[92.3623,20.976],[92.36194,20.9758],[92.36179,20.97484],[92.36235,20.97525],[92.3623,20.976]]]},"properties":{"set":"detail"}},{"type":"Feature","geometry":{"type":"Polygon","coordinates":[[[92.36999,20.93689],[92.37039,20.93651],[92.37172,20.93678],[92.37315,20.93805],[92.37119,20.94074],[92.37085,20.93965],[92.37111,20.93942],[92.37076,20.93929],[92.37044,20.93826],[92.36924,20.93782],[92.36999,20.93689]]]},"properties":{"set":"detail"}},{"type":"Feature","geometry":{"type":"Polygon","coordinates":[[[92.36861,20.94643],[92.36864,20.94679],[92.37016,20.9473],[92.369,20.94855],[92.36843,20.9484],[92.36751,20.94617],[92.3684,20.94599],[92.36868,20.94614],[92.36861,20.94643]]]},"properties":{"set":"detail"}},{"type":"Feature","geometry":{"type":"Polygon","coordinates":[[[92.36488,20.94979],[92.36561,20.94955],[92.36612,20.94991],[92.36598,20.95088],[92.36511,20.95165],[92.36467,20.95133],[92.36488,20.94979]]]},"properties":{"set":"detail"}},{"type":"Feature","geometry":{"type":"Polygon","coordinates":[[[92.36695,20.95122],[92.36805,20.951],[92.36847,20.95118],[92.36827,20.95156],[92.36769,20.95149],[92.36697,20.95194],[92.36695,20.95122]]]},"properties":{"set":"detail"}},{"type":"Feature","geometry":{"type":"Polygon","coordinates":[[[92.36146,20.95525],[92.36183,20.95502],[92.36304,20.95633],[92.36265,20.9573],[92.36128,20.95654],[92.36146,20.95525]]]},"properties":{"set":"detail"}},{"type":"Feature","geometry":{"type":"Polygon","coordinates":[[[92.35537,20.96148],[92.35628,20.96043],[92.35726,20.96034],[92.35753,20.96048],[92.35736,20.96081],[92.35612,20.96089],[92.35608,20.9611],[92.35836,20.96142],[92.35843,20.96106],[92.35799,20.96086],[92.35808,20.96036],[92.35883,20.95909],[92.3598,20.95949],[92.36063,20.96055],[92.35961,20.96197],[92.35846,20.96248],[92.35762,20.96235],[92.35715,20.96328],[92.35766,20.96476],[92.35735,20.96506],[92.35683,20.96483],[92.35526,20.96518],[92.35528,20.96383],[92.35563,20.96325],[92.35509,20.96308],[92.35537,20.96148]]]},"properties":{"set":"detail"}},{"type":"Feature","geometry":{"type":"Polygon","coordinates":[[[92.3586,20.96509],[92.35825,20.96428],[92.35883,20.96363],[92.35893,20.96492],[92.3586,20.96509]]]},"properties":{"set":"detail"}},{"type":"Feature","geometry":{"type":"Polygon","coordinates":[[[92.35631,20.96778],[92.35599,20.9676],[92.35599,20.967],[92.35645,20.96726],[92.3576,20.9664],[92.35805,20.96718],[92.35801,20.96775],[92.35648,20.96804],[92.35631,20.96778]]]},"properties":{"set":"detail"}},{"type":"Feature","geometry":{"type":"Polygon","coordinates":[[[92.3604,20.97735],[92.36022,20.97694],[92.36088,20.97684],[92.36091,20.97728],[92.3604,20.97735]]]},"properties":{"set":"detail"}},{"type":"Feature","geometry":{"type":"Polygon","coordinates":[[[92.35992,20.97947],[92.35777,20.97784],[92.35793,20.97727],[92.35871,20.97711],[92.36119,20.97806],[92.36108,20.9789],[92.36022,20.97908],[92.35992,20.97947]]]},"properties":{"set":"detail"}},{"type":"Feature","geometry":{"type":"Polygon","coordinates":[[[92.36282,20.97911],[92.36232,20.97797],[92.36315,20.97872],[92.36327,20.97938],[92.36282,20.97911]]]},"properties":{"set":"detail"}},{"type":"Feature","geometry":{"type":"Polygon","coordinates":[[[92.3607,20.98177],[92.36138,20.98028],[92.36191,20.98024],[92.3622,20.98067],[92.36174,20.98233],[92.36129,20.98238],[92.3607,20.98177]]]},"properties":{"set":"detail"}},{"type":"Feature","geometry":{"type":"Polygon","coordinates":[[[92.35891,20.9832],[92.36088,20.98422],[92.3607,20.98509],[92.36103,20.98461],[92.36108,20.9849],[92.36075,20.98576],[92.36053,20.98565],[92.36037,20.98592],[92.35976,20.98432],[92.35881,20.98432],[92.35891,20.9832]]]},"properties":{"set":"detail"}},{"type":"Feature","geometry":{"type":"Polygon","coordinates":[[[92.71744,20.56576],[92.7167,20.56574],[92.71886,20.56534],[92.71744,20.56576]]]},"properties":{"set":"detail"}},{"type":"Feature","geometry":{"type":"Polygon","coordinates":[[[92.69598,20.59441],[92.69588,20.59182],[92.69656,20.58963],[92.69867,20.58698],[92.70527,20.58053],[92.71068,20.57471],[92.71409,20.57211],[92.71839,20.57043],[92.72467,20.57131],[92.72371,20.57334],[92.7231,20.57979],[92.72199,20.58292],[92.71919,20.58984],[92.71272,20.60172],[92.70997,20.60538],[92.7039,20.60947],[92.69799,20.61165],[92.69876,20.60853],[92.69899,20.60366],[92.69648,20.59699],[92.69598,20.59441]]]},"properties":{"set":"detail"}},{"type":"Feature","geometry":{"type":"Polygon","coordinates":[[[92.3894,20.73596],[92.38882,20.73566],[92.38922,20.73522],[92.38975,20.73555],[92.3894,20.73596]]]},"properties":{"set":"detail"}},{"type":"Feature","geometry":{"type":"Polygon","coordinates":[[[92.39227,20.74017],[92.39115,20.74065],[92.39123,20.73949],[92.39232,20.73902],[92.39227,20.74017]]]},"properties":{"set":"detail"}},{"type":"Feature","geometry":{"type":"Polygon","coordinates":[[[92.3907,20.74009],[92.39072,20.73963],[92.39109,20.73957],[92.39105,20.74063],[92.39072,20.74061],[92.3907,20.74009]]]},"properties":{"set":"detail"}},{"type":"Feature","geometry":{"type":"Polygon","coordinates":[[[92.39034,20.74341],[92.3904,20.74271],[92.39196,20.74356],[92.39219,20.74397],[92.39124,20.74421],[92.39034,20.74378],[92.39034,20.74341]]]},"properties":{"set":"detail"}},{"type":"Feature","geometry":{"type":"Polygon","coordinates":[[[92.40869,20.74696],[92.40836,20.74678],[92.40843,20.74633],[92.40914,20.74532],[92.40922,20.74587],[92.40958,20.746],[92.40953,20.74695],[92.40869,20.74696]]]},"properties":{"set":"detail"}},{"type":"Feature","geometry":{"type":"Polygon","coordinates":[[[92.40577,20.7483],[92.40618,20.74797],[92.40652,20.74894],[92.40709,20.74942],[92.40638,20.74938],[92.40578,20.74975],[92.40577,20.7483]]]},"properties":{"set":"detail"}},{"type":"Feature","geometry":{"type":"Polygon","coordinates":[[[92.39102,20.74583],[92.39188,20.74508],[92.39269,20.74486],[92.39496,20.74602],[92.39239,20.74698],[92.39107,20.74825],[92.39135,20.74953],[92.39312,20.75137],[92.39292,20.75185],[92.39167,20.75298],[92.38917,20.75336],[92.38868,20.75303],[92.38871,20.74911],[92.39102,20.74583]]]},"properties":{"set":"detail"}},{"type":"Feature","geometry":{"type":"Polygon","coordinates":[[[92.38427,20.77589],[92.38504,20.77544],[92.38573,20.77557],[92.3851,20.77604],[92.38504,20.77687],[92.38408,20.77661],[92.38427,20.77589]]]},"properties":{"set":"detail"}},{"type":"Feature","geometry":{"type":"Polygon","coordinates":[[[92.39394,20.7494],[92.39423,20.74901],[92.39558,20.74915],[92.39582,20.74896],[92.3967,20.74959],[92.3979,20.74949],[92.39843,20.75015],[92.39848,20.7515],[92.39779,20.75145],[92.3968,20.75049],[92.39436,20.74991],[92.39394,20.7494]]]},"properties":{"set":"detail"}},{"type":"Feature","geometry":{"type":"Polygon","coordinates":[[[92.40642,20.74974],[92.4069,20.74959],[92.40699,20.75025],[92.40762,20.75068],[92.40683,20.75074],[92.40728,20.75119],[92.40711,20.75149],[92.4056,20.75185],[92.40553,20.75086],[92.40584,20.75016],[92.40642,20.74974]]]},"properties":{"set":"detail"}},{"type":"Feature","geometry":{"type":"Polygon","coordinates":[[[92.40443,20.75166],[92.40526,20.75091],[92.40518,20.75192],[92.40676,20.75217],[92.40674,20.75278],[92.40461,20.75339],[92.40412,20.75297],[92.40443,20.75166]]]},"properties":{"set":"detail"}},{"type":"Feature","geometry":{"type":"Polygon","coordinates":[[[92.40854,20.75362],[92.40788,20.75339],[92.40808,20.75275],[92.40905,20.75302],[92.40905,20.75349],[92.40854,20.75362]]]},"properties":{"set":"detail"}},{"type":"Feature","geometry":{"type":"Polygon","coordinates":[[[92.40086,20.7533],[92.40215,20.7532],[92.40176,20.7543],[92.40123,20.75484],[92.40045,20.75465],[92.40047,20.75351],[92.40086,20.7533]]]},"properties":{"set":"detail"}},{"type":"Feature","geometry":{"type":"Polygon","coordinates":[[[92.38472,20.7618],[92.38534,20.762],[92.38541,20.76299],[92.38613,20.76319],[92.38625,20.76603],[92.38534,20.76684],[92.38404,20.76653],[92.38235,20.7655],[92.38283,20.76515],[92.38345,20.76555],[92.38403,20.76484],[92.38415,20.76375],[92.38342,20.76267],[92.38408,20.76245],[92.38415,20.76191],[92.38472,20.7618]]]},"properties":{"set":"detail"}},{"type":"Feature","geometry":{"type":"Polygon","coordinates":[[[92.39135,20.76473],[92.39019,20.76614],[92.38895,20.76635],[92.3888,20.76513],[92.38903,20.76402],[92.39028,20.76439],[92.39189,20.76421],[92.39135,20.76473]]]},"properties":{"set":"detail"}},{"type":"Feature","geometry":{"type":"Polygon","coordinates":[[[92.38618,20.90888],[92.38688,20.90767],[92.38767,20.90759],[92.38883,20.90793],[92.38814,20.90846],[92.38805,20.90893],[92.38893,20.90906],[92.38896,20.90852],[92.38924,20.90828],[92.38944,20.90846],[92.38923,20.90924],[92.38698,20.90924],[92.38618,20.90888]]]},"properties":{"set":"detail"}},{"type":"Feature","geometry":{"type":"Polygon","coordinates":[[[92.38363,20.91143],[92.38398,20.91075],[92.3848,20.91094],[92.38408,20.9117],[92.38363,20.91143]]]},"properties":{"set":"detail"}},{"type":"Feature","geometry":{"type":"Polygon","coordinates":[[[92.38383,20.91586],[92.38447,20.91554],[92.38491,20.91604],[92.38556,20.91613],[92.38512,20.91652],[92.38561,20.91686],[92.38558,20.91726],[92.3847,20.91721],[92.38383,20.91586]]]},"properties":{"set":"detail"}},{"type":"Feature","geometry":{"type":"Polygon","coordinates":[[[92.84507,20.21659],[92.84214,20.21731],[92.84105,20.21991],[92.83829,20.22394],[92.83805,20.22482],[92.83825,20.2258],[92.83889,20.22712],[92.83971,20.22773],[92.84179,20.22833],[92.84276,20.22797],[92.84373,20.22715],[92.84444,20.22587],[92.84399,20.22398],[92.84283,20.22324],[92.84404,20.22267],[92.84441,20.22124],[92.84484,20.22116],[92.84616,20.22373],[92.84805,20.22929],[92.84994,20.23261],[92.85162,20.23636],[92.85523,20.2472],[92.85585,20.2498],[92.85559,20.25107],[92.85479,20.25139],[92.85182,20.25013],[92.84883,20.25008],[92.83992,20.25232],[92.83578,20.25473],[92.82998,20.26003],[92.82635,20.26161],[92.82379,20.26235],[92.82079,20.2627],[92.81323,20.26272],[92.80718,20.26481],[92.80284,20.26544],[92.79759,20.26481],[92.79154,20.26212],[92.78956,20.25996],[92.78889,20.25963],[92.78636,20.25971],[92.7858,20.25959],[92.78514,20.25895],[92.77702,20.24215],[92.77625,20.23932],[92.77544,20.23252],[92.77468,20.22898],[92.77363,20.22587],[92.77214,20.22325],[92.77181,20.22057],[92.77092,20.22001],[92.76825,20.21313],[92.76519,20.20774],[92.76497,20.20706],[92.76513,20.20623],[92.76438,20.20577],[92.76176,20.2],[92.9137,20.2],[92.91258,20.20836],[92.91108,20.21038],[92.90991,20.21115],[92.90393,20.21118],[92.90079,20.21197],[92.90009,20.21221],[92.89687,20.21475],[92.89531,20.21538],[92.89229,20.21533],[92.88765,20.2141],[92.88634,20.21424],[92.88479,20.21506],[92.87612,20.21119],[92.87371,20.21097],[92.8709,20.2113],[92.87016,20.2105],[92.86971,20.21038],[92.86739,20.21101],[92.86512,20.21314],[92.86335,20.21421],[92.85955,20.21467],[92.85741,20.21423],[92.85669,20.21353],[92.8566,20.2129],[92.85804,20.21111],[92.85962,20.21032],[92.86062,20.20886],[92.86177,20.2083],[92.86062,20.20873],[92.85962,20.21016],[92.85798,20.211],[92.85648,20.21286],[92.85657,20.21366],[92.85736,20.2144],[92.85908,20.21484],[92.86309,20.2145],[92.86491,20.21365],[92.86778,20.21111],[92.86966,20.21058],[92.87043,20.21132],[92.86929,20.212],[92.8675,20.21525],[92.8656,20.21685],[92.8642,20.21736],[92.86299,20.21725],[92.86044,20.2185],[92.85706,20.21906],[92.85539,20.22038],[92.85354,20.22387],[92.85258,20.2286],[92.85137,20.23273],[92.84997,20.23131],[92.84849,20.22877],[92.84666,20.22343],[92.84521,20.22089],[92.84425,20.22076],[92.84383,20.22139],[92.84372,20.22247],[92.84152,20.22335],[92.84177,20.22397],[92.84355,20.22417],[92.8439,20.22487],[92.84367,20.22634],[92.84277,20.2273],[92.84129,20.22759],[92.84,20.22725],[92.83922,20.22667],[92.83879,20.22565],[92.83902,20.22401],[92.84142,20.22017],[92.8423,20.21767],[92.84288,20.2173],[92.84501,20.21694],[92.84539,20.21625],[92.84529,20.21473],[92.84569,20.21455],[92.84662,20.21477],[92.84697,20.21452],[92.84699,20.21357],[92.84921,20.2066],[92.84906,20.20616],[92.84847,20.20575],[92.84874,20.20467],[92.84659,20.20353],[92.84857,20.20472],[92.84833,20.20585],[92.849,20.20633],[92.84902,20.20714],[92.84785,20.21009],[92.84665,20.21449],[92.84563,20.21432],[92.845,20.21473],[92.84507,20.21659]]]},"properties":{"set":"detail"}},{"type":"Feature","geometry":{"type":"Polygon","coordinates":[[[92.73248,20.2159],[92.73314,20.21578],[92.73329,20.21541],[92.73366,20.21551],[92.73325,20.2169],[92.73226,20.21741],[92.72942,20.21641],[92.72895,20.2157],[92.72874,20.21405],[92.72784,20.21244],[92.72866,20.21115],[92.7323,20.20776],[92.73525,20.20671],[92.74127,20.20822],[92.7429,20.20932],[92.74395,20.21139],[92.74414,20.21299],[92.74353,20.21578],[92.74229,20.21839],[92.74187,20.21822],[92.74177,20.21761],[92.74297,20.216],[92.74212,20.21455],[92.74212,20.21341],[92.74125,20.21276],[92.73932,20.21213],[92.73899,20.21163],[92.74215,20.21166],[92.74242,20.21134],[92.74225,20.21074],[92.7401,20.21032],[92.73953,20.20947],[92.7379,20.20957],[92.73568,20.20807],[92.73445,20.20816],[92.7329,20.20898],[92.73249,20.2099],[92.73265,20.21168],[92.73117,20.21196],[92.73191,20.21334],[92.73066,20.21459],[92.7306,20.21511],[92.73248,20.2159]]]},"properties":{"set":"detail"}},{"type":"Feature","geometry":{"type":"Polygon","coordinates":[[[92.87603,20.25399],[92.87587,20.25564],[92.8752,20.25578],[92.87515,20.25663],[92.87665,20.25703],[92.87687,20.25744],[92.87587,20.25764],[92.87531,20.25725],[92.87433,20.25735],[92.87361,20.25679],[92.8722,20.25748],[92.87183,20.25808],[92.87161,20.26247],[92.87267,20.26516],[92.87322,20.26515],[92.87383,20.2642],[92.87311,20.26217],[92.87338,20.26107],[92.87287,20.26011],[92.87262,20.25812],[92.87329,20.25787],[92.87493,20.25813],[92.87511,20.25741],[92.87506,20.25825],[92.87624,20.25905],[92.87715,20.25902],[92.87774,20.25943],[92.87876,20.25902],[92.87881,20.25874],[92.87815,20.25851],[92.87825,20.25671],[92.8773,20.2561],[92.87752,20.25499],[92.87818,20.25505],[92.87864,20.25474],[92.87947,20.2549],[92.88032,20.25656],[92.88001,20.25691],[92.88022,20.25788],[92.88255,20.25822],[92.88318,20.25857],[92.88348,20.25927],[92.88245,20.2603],[92.88225,20.25979],[92.88135,20.25998],[92.88002,20.26163],[92.87988,20.2628],[92.88022,20.26379],[92.87974,20.26386],[92.87944,20.26468],[92.8804,20.26629],[92.87965,20.26903],[92.87998,20.26934],[92.87973,20.26983],[92.87883,20.26992],[92.87858,20.27073],[92.87881,20.27198],[92.88066,20.27182],[92.87984,20.2734],[92.88008,20.27368],[92.87914,20.27441],[92.87759,20.27349],[92.87593,20.27377],[92.87519,20.27499],[92.87424,20.2747],[92.87397,20.27546],[92.87338,20.27589],[92.87065,20.27598],[92.86979,20.27405],[92.86878,20.27373],[92.86706,20.27453],[92.86701,20.27493],[92.86721,20.27563],[92.86857,20.27646],[92.86871,20.27773],[92.86896,20.27787],[92.87146,20.27615],[92.87474,20.27667],[92.87869,20.27675],[92.87926,20.28021],[92.88078,20.28112],[92.88279,20.28148],[92.88246,20.28277],[92.88176,20.28281],[92.88052,20.28385],[92.88077,20.28451],[92.88312,20.28583],[92.8857,20.28649],[92.88571,20.28821],[92.88638,20.28943],[92.88754,20.2896],[92.88896,20.28877],[92.89173,20.29102],[92.89309,20.29261],[92.89428,20.29298],[92.89466,20.29396],[92.89421,20.29612],[92.89378,20.29633],[92.89349,20.29604],[92.89309,20.29655],[92.89205,20.29686],[92.89245,20.29783],[92.89164,20.29701],[92.88891,20.29745],[92.88892,20.29832],[92.88814,20.29918],[92.88672,20.29915],[92.88618,20.29875],[92.8857,20.29914],[92.87503,20.30038],[92.87051,20.29926],[92.8674,20.29987],[92.86786,20.2996],[92.86768,20.29881],[92.86692,20.29862],[92.86617,20.29641],[92.86532,20.29585],[92.865,20.29375],[92.86569,20.29211],[92.86754,20.2908],[92.86853,20.29072],[92.86888,20.28988],[92.8687,20.28905],[92.86486,20.29134],[92.86226,20.29388],[92.86186,20.29525],[92.86188,20.29641],[92.86258,20.29672],[92.86472,20.29682],[92.86582,20.29904],[92.86569,20.29949],[92.86442,20.30057],[92.86388,20.30087],[92.86341,20.30077],[92.86117,20.29915],[92.85724,20.29313],[92.85625,20.29283],[92.85559,20.29206],[92.85352,20.28831],[92.85234,20.28782],[92.84396,20.28089],[92.84231,20.27995],[92.84222,20.28017],[92.84153,20.27986],[92.84163,20.27964],[92.83966,20.27831],[92.83764,20.27759],[92.83564,20.27631],[92.8296,20.27365],[92.82367,20.27149],[92.81873,20.26871],[92.81449,20.26718],[92.81069,20.26634],[92.81048,20.26604],[92.8107,20.26511],[92.81238,20.26453],[92.8217,20.26418],[92.82824,20.26229],[92.83025,20.26143],[92.83253,20.25991],[92.83712,20.25576],[92.8399,20.25386],[92.84155,20.25318],[92.84567,20.25214],[92.84951,20.25148],[92.85156,20.25166],[92.85472,20.25266],[92.85496,20.25567],[92.85568,20.25691],[92.85657,20.25744],[92.858,20.25731],[92.86252,20.2546],[92.86325,20.25442],[92.86345,20.25528],[92.86271,20.2577],[92.86307,20.25936],[92.8643,20.2592],[92.86566,20.25685],[92.86637,20.25655],[92.86799,20.25751],[92.8686,20.25879],[92.86869,20.26046],[92.86904,20.26047],[92.86912,20.2586],[92.8687,20.25754],[92.86805,20.25681],[92.86685,20.25613],[92.86517,20.2564],[92.86409,20.25844],[92.86333,20.25873],[92.86409,20.25507],[92.86384,20.25433],[92.86319,20.2539],[92.86151,20.25431],[92.85744,20.25685],[92.85687,20.25689],[92.85586,20.2563],[92.85548,20.25492],[92.85572,20.25261],[92.85684,20.25121],[92.85709,20.25001],[92.85428,20.23967],[92.85204,20.23359],[92.8539,20.22408],[92.85553,20.22081],[92.85734,20.21927],[92.86055,20.21872],[92.8632,20.21742],[92.86382,20.21748],[92.8646,20.21843],[92.86559,20.21884],[92.8676,20.21879],[92.8687,20.21906],[92.86962,20.21978],[92.87064,20.22119],[92.87054,20.22158],[92.87003,20.22186],[92.86705,20.22198],[92.86417,20.22293],[92.86486,20.22687],[92.86633,20.22732],[92.86804,20.22892],[92.86875,20.22898],[92.86887,20.22933],[92.86929,20.22928],[92.86955,20.22795],[92.86948,20.22936],[92.87104,20.22986],[92.87232,20.22975],[92.87244,20.23073],[92.87461,20.23072],[92.87496,20.2289],[92.87365,20.22759],[92.87214,20.22781],[92.87001,20.22705],[92.86953,20.22777],[92.86934,20.2272],[92.86749,20.22637],[92.86655,20.22512],[92.86622,20.2251],[92.86611,20.22444],[92.8667,20.22423],[92.86685,20.22349],[92.86762,20.22308],[92.86985,20.22296],[92.87086,20.22195],[92.87095,20.22141],[92.87031,20.22006],[92.86906,20.21886],[92.86785,20.21841],[92.86543,20.21843],[92.86448,20.2177],[92.86602,20.21696],[92.86772,20.21551],[92.86946,20.21224],[92.87077,20.21165],[92.87449,20.21143],[92.87582,20.2116],[92.88208,20.21454],[92.88499,20.21554],[92.88504,20.21684],[92.88544,20.21779],[92.88872,20.22092],[92.8886,20.22155],[92.88916,20.22258],[92.88886,20.22422],[92.88709,20.22734],[92.88508,20.2275],[92.88338,20.23209],[92.88229,20.23402],[92.88112,20.23521],[92.87989,20.23764],[92.87923,20.24798],[92.87949,20.25115],[92.88015,20.25273],[92.87695,20.25288],[92.87603,20.25399]]]},"properties":{"set":"detail"}},{"type":"Feature","geometry":{"type":"Polygon","coordinates":[[[92.88624,20.27624],[92.88663,20.27526],[92.88618,20.27487],[92.88639,20.27233],[92.88773,20.27248],[92.88791,20.27289],[92.88895,20.27272],[92.89002,20.27337],[92.89168,20.27212],[92.8944,20.27215],[92.89619,20.27287],[92.89572,20.27403],[92.89495,20.27401],[92.8939,20.27324],[92.8935,20.27524],[92.89278,20.27555],[92.89241,20.27607],[92.89259,20.27886],[92.89213,20.27944],[92.89124,20.27936],[92.88957,20.27806],[92.88916,20.27817],[92.88825,20.2799],[92.88675,20.2797],[92.88705,20.2787],[92.88658,20.27828],[92.88678,20.27667],[92.88624,20.27624]]]},"properties":{"set":"detail"}},{"type":"Feature","geometry":{"type":"Polygon","coordinates":[[[92.89484,20.30078],[92.8945,20.30021],[92.89468,20.30008],[92.89718,20.30094],[92.89661,20.30109],[92.89484,20.30078]]]},"properties":{"set":"detail"}},{"type":"Feature","geometry":{"type":"Polygon","coordinates":[[[92.88418,20.30756],[92.88524,20.30541],[92.88618,20.3043],[92.88666,20.30419],[92.8873,20.30437],[92.88754,20.30509],[92.88921,20.30569],[92.89071,20.30668],[92.89125,20.30686],[92.89289,20.30648],[92.89672,20.31051],[92.89779,20.31235],[92.89848,20.31846],[92.90065,20.32569],[92.90062,20.32636],[92.89983,20.32691],[92.89975,20.32741],[92.89986,20.3276],[92.90065,20.32674],[92.90184,20.3272],[92.90123,20.32786],[92.89912,20.32828],[92.89912,20.32755],[92.89773,20.32726],[92.89701,20.32769],[92.89596,20.32765],[92.89659,20.32865],[92.89342,20.33018],[92.89358,20.32938],[92.89151,20.3285],[92.89042,20.3267],[92.88878,20.32657],[92.88796,20.32592],[92.88797,20.32438],[92.88732,20.32389],[92.88605,20.32541],[92.88484,20.32508],[92.88414,20.32566],[92.884,20.32747],[92.88428,20.32979],[92.88387,20.3303],[92.88223,20.32978],[92.88141,20.3285],[92.87915,20.32656],[92.87895,20.32592],[92.87841,20.32592],[92.87841,20.32566],[92.87936,20.3254],[92.88019,20.3218],[92.88142,20.32],[92.87705,20.31948],[92.87773,20.3169],[92.87774,20.31407],[92.8776,20.31381],[92.87678,20.31381],[92.87678,20.3133],[92.87596,20.3133],[92.87514,20.31587],[92.87459,20.31561],[92.87501,20.31227],[92.87542,20.31188],[92.87678,20.31201],[92.87678,20.31253],[92.88088,20.31137],[92.88115,20.31073],[92.88238,20.30995],[92.88388,20.30764],[92.88418,20.30756]]]},"properties":{"set":"detail"}},{"type":"Feature","geometry":{"type":"Polygon","coordinates":[[[92.78452,20.28792],[92.78569,20.28776],[92.78659,20.28798],[92.78815,20.28746],[92.78729,20.2837],[92.78726,20.28235],[92.78872,20.28259],[92.79143,20.28095],[92.79397,20.28067],[92.79627,20.28104],[92.80242,20.28333],[92.80462,20.2849],[92.80949,20.28636],[92.8106,20.2877],[92.81212,20.28717],[92.81723,20.28803],[92.81968,20.2878],[92.82145,20.28867],[92.82204,20.288],[92.82319,20.28802],[92.83027,20.28912],[92.83949,20.29455],[92.84256,20.29729],[92.84675,20.30007],[92.85138,20.30267],[92.85144,20.30324],[92.85196,20.30316],[92.85296,20.30374],[92.85862,20.30788],[92.86617,20.31909],[92.86686,20.32115],[92.86723,20.32368],[92.86698,20.32587],[92.86623,20.32866],[92.86441,20.33255],[92.85774,20.34389],[92.85143,20.35257],[92.84154,20.36475],[92.83899,20.36889],[92.83714,20.3726],[92.8343,20.37689],[92.83332,20.37917],[92.83116,20.38245],[92.83027,20.38763],[92.8312,20.39268],[92.83211,20.39488],[92.8374,20.40296],[92.83758,20.40446],[92.83663,20.40507],[92.83536,20.40501],[92.82547,20.40032],[92.82397,20.39991],[92.82303,20.4001],[92.82176,20.40077],[92.81983,20.40275],[92.81866,20.40462],[92.81698,20.40846],[92.8159,20.40996],[92.81251,20.41211],[92.81126,20.41389],[92.81109,20.41634],[92.81157,20.41766],[92.81288,20.41943],[92.81482,20.42077],[92.81749,20.42169],[92.82294,20.42188],[92.8261,20.42251],[92.82748,20.42386],[92.82875,20.42636],[92.82911,20.42744],[92.82871,20.42854],[92.82395,20.43256],[92.82041,20.43704],[92.81895,20.43758],[92.81689,20.43727],[92.81597,20.43749],[92.81294,20.43939],[92.81155,20.44069],[92.8076,20.44202],[92.80283,20.44409],[92.79841,20.44417],[92.79324,20.44543],[92.79206,20.44515],[92.78979,20.44366],[92.78657,20.4428],[92.78124,20.4428],[92.7795,20.44239],[92.77336,20.44216],[92.76567,20.44288],[92.75913,20.44472],[92.75898,20.44409],[92.76069,20.43928],[92.76102,20.43322],[92.76164,20.42946],[92.7655,20.41706],[92.76836,20.39908],[92.76891,20.39366],[92.76889,20.38784],[92.76793,20.38194],[92.76772,20.37743],[92.76574,20.36388],[92.76553,20.35818],[92.76507,20.35479],[92.76489,20.34236],[92.76365,20.3288],[92.76386,20.32279],[92.76429,20.32219],[92.7639,20.32174],[92.76431,20.31849],[92.76585,20.3112],[92.76805,20.30303],[92.76821,20.2987],[92.7687,20.29717],[92.7689,20.29702],[92.76901,20.29745],[92.76958,20.29758],[92.77063,20.29671],[92.77191,20.29405],[92.77192,20.29295],[92.77255,20.29212],[92.77257,20.29156],[92.77299,20.2916],[92.77347,20.29074],[92.77415,20.29101],[92.77481,20.29091],[92.77775,20.28753],[92.7783,20.28743],[92.77929,20.28633],[92.7807,20.28626],[92.78134,20.2875],[92.78208,20.28797],[92.78296,20.28815],[92.78452,20.28792]]]},"properties":{"set":"detail"}},{"type":"Feature","geometry":{"type":"Polygon","coordinates":[[[92.91442,20.30977],[92.91472,20.31017],[92.91375,20.31055],[92.91352,20.31041],[92.91442,20.30977]]]},"properties":{"set":"detail"}},{"type":"Feature","geometry":{"type":"Polygon","coordinates":[[[92.87163,20.34085],[92.87138,20.34086],[92.87057,20.34236],[92.86988,20.34277],[92.86925,20.34262],[92.87198,20.33403],[92.87257,20.33107],[92.8728,20.33069],[92.87533,20.33143],[92.87564,20.33045],[92.87524,20.32974],[92.8755,20.32939],[92.87478,20.32771],[92.87625,20.32673],[92.87742,20.32681],[92.87929,20.3281],[92.88182,20.33093],[92.88246,20.3314],[92.88352,20.3316],[92.8844,20.33137],[92.88537,20.33031],[92.88577,20.32905],[92.88555,20.32724],[92.88587,20.32734],[92.88633,20.32852],[92.88622,20.32989],[92.88726,20.33065],[92.88697,20.33308],[92.88731,20.33339],[92.88731,20.33413],[92.88667,20.33495],[92.88621,20.33444],[92.88398,20.3345],[92.88403,20.33585],[92.8833,20.33629],[92.88273,20.3378],[92.88208,20.33789],[92.88188,20.33923],[92.88264,20.33957],[92.88337,20.33953],[92.88332,20.33995],[92.88217,20.34005],[92.88047,20.34107],[92.87982,20.34074],[92.87912,20.33929],[92.88011,20.33738],[92.87952,20.33726],[92.8792,20.33675],[92.87995,20.33574],[92.8797,20.33384],[92.87926,20.33313],[92.88072,20.33213],[92.88043,20.33168],[92.87955,20.33164],[92.87939,20.3325],[92.87806,20.33251],[92.8763,20.33317],[92.87585,20.33303],[92.87565,20.33351],[92.87482,20.3339],[92.87461,20.33355],[92.87412,20.33355],[92.87386,20.33456],[92.87359,20.3346],[92.8734,20.33408],[92.87282,20.33426],[92.87291,20.33496],[92.87259,20.33537],[92.8719,20.33544],[92.87215,20.33626],[92.87193,20.33701],[92.87267,20.33894],[92.87163,20.34085]]]},"properties":{"set":"detail"}},{"type":"Feature","geometry":{"type":"Polygon","coordinates":[[[92.88948,20.33998],[92.88868,20.3404],[92.8884,20.33901],[92.88761,20.33882],[92.88704,20.33797],[92.88783,20.33751],[92.88831,20.33783],[92.88891,20.33775],[92.88953,20.33857],[92.88948,20.33998]]]},"properties":{"set":"detail"}},{"type":"Feature","geometry":{"type":"Polygon","coordinates":[[[92.87574,20.33937],[92.87442,20.33951],[92.87416,20.33927],[92.87458,20.33894],[92.87449,20.33851],[92.87393,20.33842],[92.87413,20.33682],[92.87465,20.33678],[92.8749,20.3376],[92.87583,20.33724],[92.87613,20.33607],[92.877,20.33557],[92.87819,20.33546],[92.87691,20.33797],[92.87653,20.34113],[92.87696,20.34251],[92.87772,20.34303],[92.87742,20.34415],[92.87821,20.34419],[92.87899,20.34287],[92.88234,20.34174],[92.88205,20.34273],[92.88043,20.34305],[92.87953,20.34358],[92.87883,20.3445],[92.87872,20.34491],[92.8791,20.3452],[92.87782,20.34634],[92.8763,20.34539],[92.87657,20.34438],[92.87586,20.34407],[92.87634,20.34252],[92.8762,20.34196],[92.87504,20.34147],[92.87536,20.34022],[92.87588,20.34022],[92.87574,20.33937]]]},"properties":{"set":"detail"}},{"type":"Feature","geometry":{"type":"Polygon","coordinates":[[[92.73921,20.34149],[92.73982,20.33987],[92.74076,20.33866],[92.74463,20.33459],[92.74631,20.33351],[92.74743,20.33408],[92.74794,20.3353],[92.74948,20.34642],[92.75634,20.37908],[92.75755,20.38804],[92.75772,20.39451],[92.75723,20.40209],[92.75563,20.40618],[92.75455,20.40821],[92.75378,20.40901],[92.75037,20.40218],[92.74834,20.39359],[92.74664,20.38837],[92.7416,20.37708],[92.73933,20.36923],[92.73899,20.36637],[92.73935,20.35355],[92.73921,20.34149]]]},"properties":{"set":"detail"}},{"type":"Feature","geometry":{"type":"Polygon","coordinates":[[[92.88572,20.36249],[92.89371,20.35803],[92.89602,20.3571],[92.9041,20.35513],[92.90981,20.3527],[92.91261,20.35254],[92.91383,20.35208],[92.91517,20.35198],[92.92041,20.35011],[92.92388,20.34939],[92.92466,20.34955],[92.9244,20.35092],[92.92495,20.35135],[92.92715,20.35097],[92.92865,20.35149],[92.92992,20.35083],[92.93076,20.35138],[92.93154,20.35096],[92.93216,20.35121],[92.93257,20.35073],[92.93317,20.35061],[92.93358,20.35082],[92.93343,20.35237],[92.93438,20.35248],[92.93535,20.35197],[92.93656,20.35219],[92.93743,20.35169],[92.93814,20.35257],[92.93899,20.35213],[92.93992,20.35266],[92.94007,20.35305],[92.94069,20.35286],[92.94061,20.35389],[92.94192,20.35508],[92.93955,20.36074],[92.93593,20.36777],[92.93532,20.3708],[92.93541,20.37329],[92.93594,20.37539],[92.93729,20.37807],[92.94023,20.38054],[92.9438,20.38228],[92.94448,20.38325],[92.94453,20.3844],[92.94246,20.3869],[92.94016,20.38897],[92.93809,20.39021],[92.93542,20.39131],[92.93484,20.39146],[92.93308,20.39105],[92.93192,20.39207],[92.93116,20.39203],[92.93071,20.39271],[92.93013,20.39281],[92.92809,20.39231],[92.92808,20.3919],[92.9273,20.3913],[92.92689,20.39147],[92.9255,20.39089],[92.92437,20.39113],[92.92347,20.39224],[92.9224,20.39232],[92.92205,20.38961],[92.92141,20.38832],[92.92106,20.38646],[92.91905,20.38152],[92.91815,20.38061],[92.91785,20.37974],[92.91673,20.37922],[92.91134,20.37913],[92.9101,20.37884],[92.90454,20.37968],[92.89518,20.38241],[92.89121,20.38256],[92.88479,20.38345],[92.88462,20.38265],[92.88378,20.38269],[92.88279,20.38224],[92.88217,20.38279],[92.88215,20.38363],[92.88146,20.38332],[92.881,20.3836],[92.87797,20.38381],[92.87765,20.38356],[92.87661,20.38394],[92.8755,20.38391],[92.87454,20.38305],[92.8741,20.38321],[92.87343,20.38296],[92.87283,20.38355],[92.87183,20.38354],[92.87145,20.38417],[92.87032,20.38381],[92.86816,20.38483],[92.86721,20.3865],[92.86535,20.38701],[92.86437,20.38831],[92.86072,20.39002],[92.85919,20.39044],[92.85848,20.39155],[92.85535,20.39357],[92.84783,20.39503],[92.84241,20.39546],[92.83722,20.39532],[92.83585,20.39443],[92.83528,20.39297],[92.83525,20.39012],[92.83572,20.38762],[92.83695,20.38437],[92.83808,20.3825],[92.84315,20.37726],[92.84501,20.37447],[92.84583,20.37472],[92.84865,20.37694],[92.85215,20.3782],[92.8643,20.38072],[92.86676,20.38078],[92.86955,20.38022],[92.87283,20.37877],[92.8745,20.3774],[92.87563,20.37594],[92.87704,20.3732],[92.87687,20.37278],[92.87759,20.37007],[92.8787,20.36819],[92.88095,20.36576],[92.88572,20.36249]]]},"properties":{"set":"detail"}},{"type":"Feature","geometry":{"type":"Polygon","coordinates":[[[92.88562,20.39822],[92.88688,20.39589],[92.88768,20.39566],[92.88825,20.39583],[92.88836,20.39698],[92.88698,20.40235],[92.88584,20.40239],[92.88554,20.40337],[92.88501,20.40356],[92.88398,20.40289],[92.88284,20.40343],[92.88201,20.40299],[92.88129,20.40381],[92.87825,20.40443],[92.87651,20.40523],[92.87544,20.40633],[92.87435,20.40827],[92.87413,20.41068],[92.87379,20.41099],[92.87329,20.41089],[92.87298,20.41014],[92.87256,20.40994],[92.87044,20.41037],[92.86961,20.40996],[92.86924,20.40913],[92.86947,20.40807],[92.86917,20.40749],[92.86979,20.40565],[92.87048,20.40543],[92.87105,20.40646],[92.8718,20.40657],[92.87226,20.40615],[92.87194,20.40507],[92.87217,20.4048],[92.87676,20.40356],[92.87763,20.40275],[92.879,20.40242],[92.8835,20.39989],[92.88475,20.3985],[92.88562,20.39822]]]},"properties":{"set":"detail"}},{"type":"Feature","geometry":{"type":"Polygon","coordinates":[[[92.87565,20.41071],[92.87598,20.41148],[92.87535,20.41076],[92.87523,20.41014],[92.87565,20.41071]]]},"properties":{"set":"detail"}},{"type":"Feature","geometry":{"type":"Polygon","coordinates":[[[92.87942,20.41493],[92.87914,20.41484],[92.87907,20.4138],[92.87946,20.41343],[92.8799,20.41355],[92.87942,20.41493]]]},"properties":{"set":"detail"}},{"type":"Feature","geometry":{"type":"Polygon","coordinates":[[[92.87255,20.42208],[92.87226,20.42187],[92.87305,20.41933],[92.8747,20.4161],[92.87486,20.41494],[92.87678,20.41409],[92.87792,20.41173],[92.87937,20.41181],[92.87978,20.41227],[92.87995,20.41316],[92.87924,20.41334],[92.87888,20.41401],[92.87928,20.41594],[92.87904,20.41841],[92.87987,20.41947],[92.8799,20.42091],[92.87931,20.42127],[92.87702,20.42161],[92.87686,20.42183],[92.8773,20.423],[92.87646,20.42362],[92.8739,20.42252],[92.87382,20.42201],[92.87255,20.42208]]]},"properties":{"set":"detail"}},{"type":"Feature","geometry":{"type":"Polygon","coordinates":[[[92.91435,20.33865],[92.91268,20.33957],[92.91019,20.33939],[92.90943,20.3385],[92.90948,20.33807],[92.90871,20.33756],[92.90845,20.33672],[92.90789,20.33652],[92.90821,20.33565],[92.91012,20.33564],[92.91047,20.33438],[92.91131,20.33369],[92.91201,20.33389],[92.9114,20.33501],[92.91235,20.33471],[92.913,20.33379],[92.91324,20.33392],[92.91274,20.33481],[92.91342,20.33491],[92.91517,20.33328],[92.9164,20.33361],[92.91645,20.33399],[92.91499,20.33569],[92.91516,20.33709],[92.91435,20.33865]]]},"properties":{"set":"detail"}},{"type":"Feature","geometry":{"type":"Polygon","coordinates":[[[92.93637,20.34048],[92.93625,20.33972],[92.94284,20.34195],[92.94572,20.34381],[92.94652,20.34681],[92.94611,20.34913],[92.94556,20.34913],[92.94477,20.35026],[92.94321,20.34975],[92.9425,20.35095],[92.93796,20.34982],[92.93866,20.34879],[92.93874,20.34761],[92.93858,20.34719],[92.93782,20.34695],[92.93706,20.34609],[92.93836,20.34591],[92.93861,20.34559],[92.93843,20.3453],[92.93769,20.34573],[92.93663,20.34561],[92.93697,20.34573],[92.93672,20.34629],[92.93758,20.34713],[92.93751,20.34742],[92.93789,20.3472],[92.93839,20.34755],[92.93844,20.34811],[92.93805,20.34879],[92.93729,20.34903],[92.93626,20.34922],[92.93506,20.349],[92.935,20.34864],[92.93637,20.3479],[92.93611,20.34775],[92.93554,20.34816],[92.93429,20.3482],[92.93448,20.34886],[92.93228,20.34807],[92.9294,20.34847],[92.92924,20.34818],[92.92884,20.34859],[92.92071,20.34925],[92.92044,20.34912],[92.9214,20.34809],[92.92194,20.3468],[92.92126,20.34577],[92.91999,20.3456],[92.92003,20.34603],[92.92113,20.3468],[92.92126,20.34732],[92.92072,20.34732],[92.92072,20.34809],[92.92017,20.34809],[92.91962,20.34938],[92.91896,20.34973],[92.91334,20.35041],[92.91334,20.35092],[92.91061,20.3513],[92.91034,20.35156],[92.90952,20.35143],[92.90952,20.35195],[92.90679,20.35285],[92.90542,20.35285],[92.90488,20.35246],[92.90488,20.3522],[92.90706,20.35246],[92.90651,20.35156],[92.90488,20.35143],[92.90488,20.34989],[92.90733,20.35002],[92.9087,20.3495],[92.91007,20.34937],[92.91007,20.34912],[92.90952,20.34912],[92.90952,20.34886],[92.91089,20.34821],[92.91198,20.34809],[92.91211,20.34654],[92.91266,20.34603],[92.91253,20.34551],[92.91307,20.34551],[92.91293,20.34474],[92.91389,20.34448],[92.91526,20.34113],[92.91662,20.34049],[92.9169,20.34049],[92.91703,20.34088],[92.91662,20.34139],[92.91772,20.34139],[92.91772,20.34191],[92.91853,20.34204],[92.91922,20.34294],[92.91921,20.345],[92.91953,20.34517],[92.91963,20.34448],[92.92017,20.34449],[92.9199,20.34114],[92.92208,20.34101],[92.92263,20.34217],[92.92181,20.34243],[92.92236,20.34281],[92.92308,20.34208],[92.92318,20.3414],[92.92591,20.34165],[92.92645,20.34256],[92.92727,20.34256],[92.93224,20.34087],[92.93391,20.34051],[92.93559,20.34102],[92.93637,20.34048]]]},"properties":{"set":"detail"}},{"type":"Feature","geometry":{"type":"Polygon","coordinates":[[[92.84088,20.45182],[92.8406,20.45182],[92.8406,20.45156],[92.84088,20.45156],[92.84129,20.45079],[92.84129,20.4495],[92.84047,20.44873],[92.83992,20.44667],[92.83979,20.44358],[92.84034,20.44358],[92.84075,20.44255],[92.84184,20.44126],[92.84212,20.43843],[92.84267,20.43792],[92.84244,20.43749],[92.84198,20.43766],[92.84199,20.43586],[92.84144,20.43586],[92.84158,20.43483],[92.84212,20.4338],[92.84226,20.43174],[92.84117,20.43148],[92.84213,20.42813],[92.84213,20.42659],[92.84104,20.42452],[92.84104,20.42375],[92.84241,20.4204],[92.8435,20.41963],[92.84364,20.41912],[92.84583,20.41886],[92.84596,20.41938],[92.84637,20.41951],[92.8502,20.41719],[92.85239,20.41488],[92.85539,20.41462],[92.85785,20.41359],[92.85894,20.41359],[92.85922,20.41295],[92.86113,20.41244],[92.86113,20.41192],[92.86236,20.41115],[92.86346,20.40961],[92.86414,20.40793],[92.86496,20.40806],[92.86482,20.40935],[92.86427,20.40986],[92.864,20.41115],[92.86154,20.41604],[92.86099,20.41836],[92.86003,20.41939],[92.85402,20.42196],[92.8532,20.42402],[92.85265,20.42402],[92.85265,20.42556],[92.8521,20.42556],[92.8521,20.42659],[92.85101,20.42685],[92.8506,20.42788],[92.85046,20.42891],[92.85128,20.42891],[92.85182,20.43329],[92.85456,20.43342],[92.8566,20.43484],[92.85769,20.43793],[92.85783,20.44179],[92.85509,20.44269],[92.85455,20.44308],[92.85455,20.44359],[92.854,20.44359],[92.854,20.44411],[92.85291,20.44462],[92.85236,20.44591],[92.85044,20.44694],[92.85031,20.44848],[92.84976,20.45003],[92.84812,20.45337],[92.84771,20.45389],[92.84607,20.45414],[92.84524,20.45543],[92.8436,20.4553],[92.84306,20.45479],[92.84169,20.4544],[92.84088,20.45182]]]},"properties":{"set":"detail"}},{"type":"Feature","geometry":{"type":"Polygon","coordinates":[[[92.81463,20.46532],[92.81381,20.4657],[92.81381,20.46622],[92.81217,20.46699],[92.81217,20.4675],[92.81053,20.46827],[92.81053,20.46879],[92.80889,20.4693],[92.80888,20.46982],[92.80752,20.47007],[92.80752,20.47059],[92.80697,20.47059],[92.80697,20.4711],[92.80506,20.47187],[92.80464,20.47419],[92.80396,20.47548],[92.80369,20.47548],[92.80369,20.47573],[92.80396,20.47574],[92.80272,20.47882],[92.80204,20.4796],[92.80149,20.4796],[92.80108,20.47856],[92.79917,20.4765],[92.79713,20.47444],[92.79631,20.47418],[92.79522,20.47135],[92.79495,20.47135],[92.79467,20.47238],[92.7944,20.47238],[92.79358,20.47109],[92.79112,20.4698],[92.79112,20.46877],[92.78894,20.46799],[92.78785,20.46644],[92.78675,20.46631],[92.78511,20.46657],[92.78402,20.46618],[92.78348,20.46489],[92.78157,20.46438],[92.78034,20.46154],[92.78021,20.45665],[92.78076,20.45652],[92.78117,20.45588],[92.78212,20.45523],[92.78322,20.45485],[92.78336,20.45382],[92.78404,20.45343],[92.78787,20.45254],[92.78787,20.45202],[92.78869,20.4519],[92.78937,20.45151],[92.78951,20.451],[92.79088,20.45048],[92.79252,20.44585],[92.79625,20.44575],[92.79812,20.44817],[92.79864,20.44918],[92.79852,20.45],[92.79896,20.45007],[92.79915,20.44926],[92.79893,20.44857],[92.79679,20.44545],[92.79771,20.44482],[92.80345,20.44432],[92.80345,20.44509],[92.80386,20.44483],[92.80373,20.44406],[92.80482,20.44406],[92.80482,20.44354],[92.80619,20.44316],[92.80673,20.44264],[92.81204,20.44115],[92.81632,20.43817],[92.81858,20.43835],[92.8219,20.43712],[92.82418,20.43357],[92.82464,20.43312],[92.82482,20.43361],[92.82529,20.43369],[92.82484,20.43299],[92.8252,20.43249],[92.82957,20.42835],[92.82997,20.42838],[92.83039,20.42348],[92.82916,20.42194],[92.82752,20.42129],[92.82506,20.42129],[92.82397,20.42077],[92.82233,20.41936],[92.82233,20.41884],[92.82151,20.41923],[92.82042,20.41922],[92.81988,20.41884],[92.8196,20.41806],[92.8166,20.4169],[92.81496,20.41574],[92.81428,20.41471],[92.81414,20.41342],[92.81469,20.41342],[92.81455,20.41265],[92.81592,20.41137],[92.81606,20.41085],[92.81661,20.41085],[92.81715,20.40905],[92.81797,20.40905],[92.81797,20.40879],[92.81743,20.40879],[92.81811,20.40673],[92.8214,20.40184],[92.82263,20.40107],[92.82263,20.40056],[92.82399,20.40043],[92.82509,20.40069],[92.8259,20.40146],[92.82645,20.40146],[92.82891,20.40301],[92.8341,20.40533],[92.83491,20.4061],[92.83764,20.40662],[92.8401,20.4083],[92.84037,20.4083],[92.84037,20.40804],[92.83765,20.40611],[92.83555,20.40581],[92.83519,20.40598],[92.83519,20.40572],[92.83546,20.40546],[92.83737,20.40533],[92.83819,20.40482],[92.83874,20.40482],[92.83956,20.40559],[92.84051,20.40598],[92.84065,20.4065],[92.8412,20.40637],[92.84256,20.40714],[92.84338,20.40701],[92.84256,20.4083],[92.84092,20.40881],[92.84147,20.40997],[92.84229,20.40985],[92.84215,20.40882],[92.84338,20.40817],[92.84393,20.4074],[92.8513,20.40805],[92.85103,20.41088],[92.85021,20.41101],[92.84857,20.41256],[92.84337,20.41384],[92.84173,20.41461],[92.84009,20.41551],[92.83955,20.41654],[92.83818,20.41705],[92.83667,20.42246],[92.83667,20.42787],[92.83775,20.43225],[92.83885,20.43328],[92.84007,20.43611],[92.84062,20.43611],[92.84062,20.43766],[92.84116,20.43766],[92.8413,20.43972],[92.8402,20.44178],[92.83952,20.44255],[92.83897,20.44255],[92.8387,20.44358],[92.83542,20.44422],[92.83433,20.44473],[92.83323,20.44563],[92.83296,20.44641],[92.83187,20.44615],[92.83159,20.44512],[92.83023,20.44627],[92.82859,20.4464],[92.82831,20.44563],[92.82668,20.44511],[92.8264,20.44434],[92.82504,20.44434],[92.8249,20.44769],[92.82571,20.44897],[92.82571,20.45129],[92.82448,20.45361],[92.82393,20.45361],[92.82352,20.4549],[92.82243,20.45593],[92.82202,20.45695],[92.82092,20.45747],[92.82079,20.45798],[92.81942,20.45927],[92.81941,20.46159],[92.81873,20.46313],[92.81709,20.46365],[92.81709,20.46416],[92.81545,20.46442],[92.81518,20.46519],[92.81463,20.46532]]]},"properties":{"set":"detail"}},{"type":"Feature","geometry":{"type":"Polygon","coordinates":[[[92.8257,20.45696],[92.82543,20.4549],[92.8268,20.45129],[92.82681,20.44846],[92.82913,20.44782],[92.83214,20.44782],[92.83487,20.44692],[92.83473,20.44847],[92.83418,20.44976],[92.83386,20.45408],[92.83331,20.45559],[92.8339,20.45722],[92.83458,20.45813],[92.83814,20.45839],[92.84032,20.45813],[92.84169,20.45878],[92.84155,20.45929],[92.84305,20.46007],[92.84374,20.4611],[92.84483,20.46419],[92.84455,20.46599],[92.8451,20.46728],[92.84509,20.46805],[92.84386,20.47114],[92.84332,20.47114],[92.84277,20.47268],[92.8414,20.47294],[92.84126,20.47371],[92.83976,20.47577],[92.83539,20.4759],[92.83074,20.47486],[92.82801,20.47486],[92.82691,20.47512],[92.82473,20.47447],[92.82419,20.47164],[92.82364,20.47164],[92.8235,20.47061],[92.82214,20.46829],[92.82146,20.46751],[92.81982,20.46712],[92.81709,20.46725],[92.81681,20.46828],[92.81599,20.46841],[92.81435,20.46957],[92.81435,20.47008],[92.81298,20.47072],[92.8108,20.47072],[92.8097,20.47033],[92.8097,20.46982],[92.81203,20.46853],[92.81217,20.46802],[92.81367,20.46725],[92.81381,20.46673],[92.8149,20.46673],[92.8149,20.46622],[92.81969,20.46365],[92.81982,20.46313],[92.82037,20.46313],[92.82023,20.46236],[92.82119,20.46107],[92.82065,20.46107],[92.82106,20.4603],[92.82106,20.45901],[92.82147,20.45863],[92.82201,20.4585],[92.82174,20.45901],[92.82256,20.45863],[92.82393,20.45863],[92.82557,20.45786],[92.82666,20.4585],[92.8257,20.45696]]]},"properties":{"set":"detail"}},{"type":"Feature","geometry":{"type":"Polygon","coordinates":[[[92.74499,20.46707],[92.74455,20.46714],[92.74401,20.4667],[92.74286,20.46433],[92.74283,20.46368],[92.74356,20.46192],[92.74511,20.4596],[92.74656,20.45834],[92.74716,20.45834],[92.74749,20.45882],[92.74763,20.46087],[92.74732,20.46318],[92.7466,20.46509],[92.74499,20.46707]]]},"properties":{"set":"detail"}},{"type":"Feature","geometry":{"type":"Polygon","coordinates":[[[92.89996,20.35284],[92.90174,20.35091],[92.90256,20.34937],[92.90297,20.34654],[92.90351,20.34641],[92.90392,20.34551],[92.90543,20.34499],[92.9042,20.34628],[92.90447,20.34834],[92.90392,20.34886],[92.90392,20.35014],[92.90365,20.35066],[92.90488,20.35323],[92.89805,20.35503],[92.89777,20.35581],[92.89067,20.35722],[92.88958,20.35812],[92.88931,20.35889],[92.8863,20.35863],[92.8863,20.35837],[92.88658,20.35837],[92.8863,20.35734],[92.88767,20.35618],[92.88931,20.35554],[92.88945,20.354],[92.88863,20.35297],[92.88863,20.35219],[92.89081,20.35091],[92.89068,20.34704],[92.8915,20.34705],[92.89191,20.34833],[92.89191,20.35039],[92.89177,20.35065],[92.89122,20.35065],[92.89081,20.35168],[92.88999,20.35245],[92.88999,20.35297],[92.8904,20.35335],[92.89122,20.35348],[92.89122,20.35451],[92.89641,20.35452],[92.89573,20.35374],[92.89573,20.35297],[92.89641,20.35271],[92.89641,20.35168],[92.89723,20.35156],[92.8975,20.35246],[92.89832,20.35233],[92.89996,20.35284]]]},"properties":{"set":"detail"}},{"type":"Feature","geometry":{"type":"Polygon","coordinates":[[[92.94076,20.2],[92.97549,20.2],[92.97552,20.21225],[92.97658,20.22025],[92.97834,20.22751],[92.98307,20.24167],[92.9839,20.2454],[92.98379,20.24686],[92.98235,20.24609],[92.9787,20.24299],[92.96416,20.22696],[92.96062,20.22221],[92.95532,20.21403],[92.95128,20.20902],[92.94832,20.20629],[92.94136,20.20101],[92.94076,20.2]]]},"properties":{"set":"detail"}},{"type":"Feature","geometry":{"type":"Polygon","coordinates":[[[92.8868,20.23192],[92.88858,20.22973],[92.88912,20.22986],[92.88858,20.22883],[92.88953,20.22832],[92.89008,20.22755],[92.89008,20.22703],[92.89145,20.22523],[92.89199,20.22369],[92.89281,20.22266],[92.89322,20.22034],[92.89268,20.22034],[92.89241,20.21931],[92.88886,20.21853],[92.88736,20.21621],[92.8875,20.21505],[92.88832,20.21505],[92.89077,20.21583],[92.89623,20.21557],[92.89814,20.21493],[92.89814,20.21442],[92.90169,20.21249],[92.90305,20.21223],[92.9096,20.21223],[92.91001,20.21314],[92.90987,20.21417],[92.91069,20.21417],[92.91082,20.21468],[92.91178,20.21558],[92.91287,20.21584],[92.91478,20.21713],[92.9156,20.21726],[92.91655,20.21881],[92.91682,20.21984],[92.91655,20.22473],[92.916,20.22524],[92.916,20.22602],[92.91546,20.22732],[92.91546,20.22859],[92.91668,20.23027],[92.92065,20.23096],[92.92157,20.2317],[92.92255,20.23478],[92.92309,20.23555],[92.92323,20.23747],[92.91995,20.2396],[92.9191,20.24065],[92.91845,20.24173],[92.91845,20.24276],[92.91777,20.2443],[92.91695,20.24443],[92.91449,20.24585],[92.91367,20.24713],[92.91313,20.24713],[92.91285,20.24894],[92.91149,20.24932],[92.90903,20.24932],[92.90849,20.24906],[92.90712,20.24932],[92.90576,20.25022],[92.90494,20.25408],[92.90439,20.25408],[92.90439,20.2546],[92.9033,20.25369],[92.90193,20.25331],[92.90221,20.25254],[92.9003,20.25176],[92.9003,20.25099],[92.89921,20.25099],[92.89921,20.2515],[92.89866,20.2515],[92.89812,20.25047],[92.8973,20.25099],[92.8973,20.2515],[92.89784,20.2515],[92.89757,20.25202],[92.89893,20.25228],[92.89866,20.25331],[92.8962,20.25369],[92.89566,20.2533],[92.89566,20.25279],[92.89238,20.25304],[92.89238,20.25356],[92.88938,20.25472],[92.88802,20.25472],[92.88692,20.25407],[92.88692,20.25381],[92.88802,20.25381],[92.88747,20.25278],[92.88693,20.25278],[92.88693,20.2533],[92.88502,20.25201],[92.88461,20.25124],[92.88447,20.24969],[92.88393,20.24969],[92.88365,20.24866],[92.88447,20.24853],[92.88475,20.24815],[92.88393,20.24789],[92.88379,20.24712],[92.88311,20.24634],[92.88229,20.24634],[92.88229,20.2448],[92.88175,20.2448],[92.88202,20.24441],[92.88311,20.24441],[92.8872,20.24609],[92.88707,20.2466],[92.88925,20.24866],[92.88938,20.24918],[92.8932,20.24931],[92.8932,20.24867],[92.89375,20.24867],[92.89348,20.24802],[92.88966,20.24712],[92.88966,20.2466],[92.88884,20.24635],[92.8883,20.24506],[92.8872,20.24467],[92.88611,20.2448],[92.88611,20.24403],[92.88529,20.24441],[92.88339,20.24312],[92.88229,20.24274],[92.88216,20.24119],[92.88247,20.24051],[92.88202,20.24016],[92.88243,20.23759],[92.88284,20.23694],[92.88394,20.23694],[92.88462,20.23656],[92.88503,20.23527],[92.88557,20.23553],[92.88544,20.23476],[92.88598,20.23347],[92.88653,20.23295],[92.8868,20.23192]]]},"properties":{"set":"detail"}},{"type":"Feature","geometry":{"type":"Polygon","coordinates":[[[92.94765,20.22036],[92.9482,20.22114],[92.94788,20.22182],[92.94806,20.22242],[92.94888,20.22217],[92.94888,20.22165],[92.94943,20.22165],[92.94997,20.22294],[92.95052,20.22307],[92.95134,20.22436],[92.95188,20.22448],[92.95243,20.22706],[92.95079,20.22783],[92.95065,20.2286],[92.94956,20.22963],[92.94796,20.23284],[92.94738,20.2348],[92.9471,20.23839],[92.94901,20.24998],[92.9488,20.25155],[92.94911,20.25261],[92.94901,20.25436],[92.94778,20.25719],[92.94587,20.25848],[92.94587,20.25899],[92.9445,20.25951],[92.9445,20.26002],[92.94287,20.26079],[92.94273,20.26131],[92.94191,20.26208],[92.94191,20.26388],[92.94273,20.26569],[92.94341,20.26852],[92.94259,20.26852],[92.94344,20.26998],[92.94391,20.27175],[92.94342,20.2741],[92.93922,20.27392],[92.9376,20.27361],[92.93747,20.273],[92.93631,20.27238],[92.93631,20.27187],[92.93604,20.27187],[92.93604,20.27161],[92.93863,20.27006],[92.93904,20.26852],[92.93795,20.26878],[92.93795,20.26749],[92.93713,20.26723],[92.93713,20.26646],[92.93522,20.26607],[92.93468,20.26569],[92.9344,20.2662],[92.93358,20.26556],[92.93304,20.26568],[92.93249,20.26414],[92.93304,20.26414],[92.93304,20.26285],[92.93004,20.26362],[92.93017,20.26105],[92.9299,20.2595],[92.93045,20.25899],[92.93059,20.25821],[92.93113,20.25809],[92.93263,20.25667],[92.93277,20.25616],[92.93372,20.2559],[92.93359,20.25461],[92.93523,20.25435],[92.93468,20.2541],[92.93523,20.25204],[92.93468,20.25204],[92.93495,20.25255],[92.93359,20.25242],[92.93304,20.25294],[92.93032,20.25281],[92.9295,20.25487],[92.92895,20.25487],[92.92895,20.25538],[92.92758,20.25564],[92.92731,20.25667],[92.92513,20.25615],[92.92513,20.25512],[92.92376,20.25461],[92.92377,20.25409],[92.92076,20.2537],[92.92022,20.25332],[92.92036,20.25023],[92.92118,20.24765],[92.91982,20.24411],[92.91991,20.24348],[92.92012,20.24316],[92.92048,20.24321],[92.92028,20.24276],[92.92077,20.24131],[92.92126,20.24091],[92.92194,20.24174],[92.92258,20.24073],[92.92166,20.24061],[92.92391,20.2388],[92.92482,20.23683],[92.92461,20.23512],[92.92361,20.23158],[92.9224,20.23044],[92.92078,20.22949],[92.91668,20.22885],[92.91819,20.22447],[92.91846,20.2219],[92.91806,20.2174],[92.91776,20.21755],[92.91775,20.21799],[92.91598,20.21611],[92.91424,20.21481],[92.91233,20.21391],[92.91233,20.21339],[92.91151,20.21314],[92.91137,20.21185],[92.91356,20.20953],[92.91438,20.20799],[92.9153,20.20532],[92.91533,20.20335],[92.91601,20.2031],[92.91602,20.20181],[92.91663,20.2],[92.92549,20.2],[92.92625,20.20117],[92.92734,20.20156],[92.92816,20.20271],[92.92925,20.2031],[92.92925,20.20362],[92.9317,20.2049],[92.9317,20.20542],[92.93334,20.20581],[92.93879,20.2089],[92.94029,20.21083],[92.94056,20.21212],[92.94097,20.21238],[92.94097,20.21186],[92.94152,20.21199],[92.94152,20.21263],[92.94206,20.21276],[92.94302,20.21392],[92.94302,20.2147],[92.9437,20.21573],[92.94452,20.2156],[92.94506,20.2165],[92.94561,20.2165],[92.94643,20.21817],[92.94697,20.2183],[92.94725,20.21907],[92.94643,20.21882],[92.94643,20.21933],[92.94725,20.21933],[92.94765,20.22036]]]},"properties":{"set":"detail"}},{"type":"Feature","geometry":{"type":"Polygon","coordinates":[[[92.91326,20.24945],[92.91463,20.24688],[92.91667,20.24585],[92.91667,20.24533],[92.91777,20.2452],[92.91831,20.24469],[92.91886,20.24469],[92.91927,20.24533],[92.91981,20.24765],[92.91899,20.24894],[92.91844,20.25151],[92.91858,20.25332],[92.91885,20.25332],[92.91885,20.25383],[92.9194,20.25383],[92.91817,20.25666],[92.91721,20.25769],[92.9164,20.25769],[92.91639,20.25821],[92.91503,20.25859],[92.91339,20.25859],[92.91257,20.25821],[92.91203,20.25589],[92.91067,20.25537],[92.91067,20.2546],[92.90957,20.25408],[92.91026,20.25254],[92.91026,20.25125],[92.90985,20.25022],[92.91176,20.25035],[92.91326,20.24945]]]},"properties":{"set":"detail"}},{"type":"Feature","geometry":{"type":"Polygon","coordinates":[[[93,20.28406],[93,20.32458],[92.99865,20.32624],[92.99713,20.33009],[92.99595,20.33076],[92.99426,20.3308],[92.99317,20.33164],[92.99047,20.33715],[92.98748,20.3448],[92.9866,20.34569],[92.98499,20.3462],[92.9827,20.34763],[92.98154,20.349],[92.98037,20.35181],[92.98016,20.35304],[92.98039,20.3538],[92.98079,20.3543],[92.98168,20.35467],[92.98346,20.35466],[92.98732,20.35378],[92.98913,20.35373],[92.98982,20.35447],[92.98961,20.35638],[92.98854,20.35797],[92.98798,20.35821],[92.98525,20.35745],[92.98292,20.35722],[92.98088,20.35764],[92.97915,20.35865],[92.97721,20.36129],[92.97604,20.36382],[92.97491,20.37084],[92.97388,20.37237],[92.97137,20.37368],[92.96967,20.37362],[92.9689,20.3731],[92.9683,20.37221],[92.96743,20.36911],[92.96654,20.36746],[92.95899,20.35867],[92.95368,20.3542],[92.95221,20.35068],[92.95044,20.34932],[92.949,20.34892],[92.94845,20.34415],[92.94642,20.34148],[92.94425,20.33999],[92.93877,20.33825],[92.93529,20.33615],[92.9311,20.33303],[92.92846,20.33173],[92.92534,20.3287],[92.92187,20.32387],[92.92164,20.32271],[92.92218,20.32209],[92.927,20.32039],[92.9289,20.31907],[92.92986,20.3178],[92.93108,20.31861],[92.93173,20.3185],[92.93082,20.317],[92.93062,20.31417],[92.9295,20.31315],[92.92932,20.31252],[92.92903,20.31269],[92.9279,20.31179],[92.92518,20.3106],[92.92481,20.31071],[92.92466,20.31124],[92.92363,20.31128],[92.92147,20.31111],[92.92114,20.31063],[92.92049,20.31066],[92.92037,20.31111],[92.9206,20.31113],[92.92024,20.3115],[92.91898,20.31126],[92.91739,20.31217],[92.91714,20.31199],[92.91723,20.31122],[92.91379,20.31172],[92.91469,20.31215],[92.91452,20.31281],[92.91263,20.31228],[92.9116,20.31243],[92.91057,20.31125],[92.909,20.31088],[92.90892,20.31021],[92.90736,20.31045],[92.90522,20.30915],[92.90506,20.3099],[92.90435,20.30997],[92.90321,20.30963],[92.90246,20.3086],[92.90388,20.30769],[92.90287,20.30748],[92.90328,20.30618],[92.90388,20.30557],[92.90294,20.30544],[92.90261,20.30471],[92.90288,20.30431],[92.90183,20.30315],[92.90211,20.30126],[92.90172,20.30085],[92.90274,20.30028],[92.90483,20.29836],[92.90792,20.29797],[92.90908,20.29831],[92.90891,20.30161],[92.90824,20.30153],[92.9074,20.30232],[92.90676,20.30397],[92.90682,20.3047],[92.90642,20.3053],[92.91002,20.30828],[92.91086,20.3096],[92.911,20.30941],[92.91259,20.30964],[92.91199,20.31062],[92.91318,20.31142],[92.91432,20.31152],[92.91722,20.31107],[92.91645,20.31001],[92.9156,20.30952],[92.91484,20.30708],[92.91413,20.30607],[92.91483,20.30507],[92.91496,20.30376],[92.9162,20.3052],[92.91714,20.30575],[92.91715,20.30655],[92.91789,20.307],[92.91856,20.3069],[92.91899,20.30629],[92.92367,20.30538],[92.92362,20.30497],[92.92296,20.30475],[92.92137,20.30326],[92.91987,20.30376],[92.91923,20.30361],[92.91941,20.30275],[92.91892,20.30163],[92.91898,20.30111],[92.91808,20.29971],[92.91696,20.29945],[92.91612,20.29972],[92.91335,20.29907],[92.91062,20.30005],[92.90997,20.30001],[92.91008,20.29901],[92.9113,20.29749],[92.91215,20.29725],[92.91257,20.29654],[92.91326,20.29644],[92.91379,20.29565],[92.91493,20.29583],[92.91692,20.29718],[92.91723,20.29627],[92.91804,20.29604],[92.92174,20.29666],[92.92352,20.29745],[92.92392,20.29808],[92.92355,20.30006],[92.92373,20.30144],[92.9248,20.30296],[92.92487,20.30387],[92.92537,20.30379],[92.92536,20.3044],[92.92586,20.30412],[92.92594,20.30466],[92.92635,20.30463],[92.92648,20.30534],[92.92683,20.30434],[92.92624,20.30304],[92.92656,20.30248],[92.92755,20.30222],[92.92792,20.30035],[92.92856,20.29999],[92.929,20.30011],[92.92928,20.29964],[92.93068,20.29914],[92.93092,20.29937],[92.93066,20.30008],[92.93088,20.30051],[92.93126,20.30013],[92.93152,20.29901],[92.93228,20.29815],[92.9322,20.29792],[92.93131,20.29779],[92.93082,20.29726],[92.93016,20.29731],[92.93071,20.29684],[92.93093,20.2958],[92.93136,20.29569],[92.93164,20.29511],[92.93122,20.2941],[92.93239,20.29394],[92.93226,20.29294],[92.93399,20.29289],[92.93485,20.29247],[92.93535,20.2917],[92.93535,20.29128],[92.935,20.29112],[92.93505,20.29029],[92.93456,20.28997],[92.93478,20.2883],[92.9352,20.28813],[92.93512,20.28651],[92.93589,20.28627],[92.93592,20.28602],[92.93638,20.28609],[92.93663,20.28562],[92.9364,20.28504],[92.93671,20.28316],[92.93767,20.28291],[92.93877,20.28414],[92.93914,20.28418],[92.93876,20.28516],[92.93922,20.2855],[92.93969,20.2852],[92.93964,20.28613],[92.93913,20.2866],[92.939,20.28874],[92.94227,20.2926],[92.94202,20.29296],[92.94125,20.29275],[92.94067,20.29294],[92.94118,20.29388],[92.94111,20.29433],[92.94004,20.29382],[92.93965,20.2933],[92.93802,20.29409],[92.93827,20.29479],[92.93644,20.29574],[92.93727,20.29807],[92.93731,20.29929],[92.93812,20.29983],[92.93912,20.29999],[92.93964,20.29964],[92.9404,20.30014],[92.94008,20.30164],[92.94098,20.30141],[92.94107,20.30177],[92.94178,20.30198],[92.94198,20.3016],[92.94253,20.30159],[92.94286,20.3012],[92.94332,20.30162],[92.94363,20.30144],[92.94319,20.30065],[92.94334,20.2997],[92.94381,20.29907],[92.94435,20.29909],[92.94467,20.29868],[92.94523,20.29859],[92.94558,20.2988],[92.94566,20.29932],[92.9453,20.30068],[92.94604,20.30093],[92.94669,20.29933],[92.94725,20.29932],[92.94731,20.30006],[92.94753,20.30011],[92.94826,20.29952],[92.94824,20.29887],[92.94928,20.29807],[92.94908,20.29773],[92.94865,20.29769],[92.9488,20.29688],[92.94926,20.29657],[92.94907,20.29611],[92.94928,20.29481],[92.94829,20.29441],[92.94748,20.29468],[92.94717,20.29411],[92.94805,20.29361],[92.94809,20.29285],[92.94758,20.29244],[92.94838,20.29132],[92.94876,20.29125],[92.94922,20.29219],[92.94983,20.29214],[92.95037,20.29113],[92.94948,20.29037],[92.94989,20.28981],[92.95059,20.28951],[92.95122,20.29004],[92.95257,20.28929],[92.95221,20.28738],[92.95245,20.28668],[92.95318,20.28682],[92.95486,20.28616],[92.95562,20.28697],[92.95673,20.2869],[92.95765,20.28596],[92.9578,20.28415],[92.9585,20.28427],[92.95866,20.28471],[92.9592,20.28469],[92.95976,20.28359],[92.96098,20.28351],[92.961,20.28229],[92.96018,20.28234],[92.96066,20.28154],[92.96038,20.28077],[92.95912,20.28148],[92.9589,20.28087],[92.95949,20.28019],[92.95938,20.27973],[92.95831,20.27967],[92.95818,20.2803],[92.95784,20.28049],[92.95781,20.28201],[92.95793,20.28256],[92.95846,20.28293],[92.95792,20.28373],[92.95581,20.28423],[92.95369,20.2838],[92.95237,20.28505],[92.95184,20.28738],[92.94935,20.28763],[92.94892,20.28707],[92.94893,20.28502],[92.94855,20.2844],[92.94851,20.28358],[92.94759,20.28244],[92.94555,20.28102],[92.94434,20.28069],[92.94308,20.28122],[92.94122,20.28361],[92.94061,20.28375],[92.93772,20.28069],[92.93687,20.27751],[92.93706,20.2762],[92.93766,20.27559],[92.93913,20.27537],[92.94242,20.27563],[92.94349,20.27537],[92.94476,20.27457],[92.94546,20.27294],[92.94575,20.27159],[92.94563,20.27044],[92.94493,20.26813],[92.94335,20.26472],[92.94327,20.26261],[92.94379,20.26164],[92.94846,20.25841],[92.94979,20.25678],[92.95039,20.25552],[92.95045,20.25135],[92.94851,20.24046],[92.94837,20.23575],[92.9488,20.23373],[92.94981,20.23189],[92.95384,20.22826],[92.95607,20.23123],[92.97093,20.24523],[92.98062,20.25618],[92.98319,20.26122],[92.986,20.26403],[92.98646,20.26523],[92.99219,20.27357],[93,20.28406]]]},"properties":{"set":"detail"}},{"type":"Feature","geometry":{"type":"Polygon","coordinates":[[[92.89985,20.28017],[92.89969,20.2796],[92.8987,20.27864],[92.9,20.27742],[92.90099,20.27719],[92.90242,20.27757],[92.90243,20.27903],[92.90301,20.27961],[92.9054,20.27965],[92.9078,20.28055],[92.90631,20.28269],[92.90515,20.28527],[92.90468,20.2855],[92.90383,20.28507],[92.90371,20.28442],[92.90308,20.28412],[92.90203,20.28405],[92.90146,20.28478],[92.90045,20.28504],[92.89964,20.28492],[92.89819,20.28387],[92.89845,20.28212],[92.89957,20.2809],[92.89985,20.28017]]]},"properties":{"set":"detail"}},{"type":"Feature","geometry":{"type":"Polygon","coordinates":[[[92.93605,20.28495],[92.9352,20.28495],[92.93473,20.28538],[92.93457,20.28484],[92.93374,20.28453],[92.93319,20.28379],[92.93451,20.28323],[92.93579,20.28339],[92.9363,20.28427],[92.93605,20.28495]]]},"properties":{"set":"detail"}},{"type":"Feature","geometry":{"type":"Polygon","coordinates":[[[92.94328,20.29118],[92.94226,20.28995],[92.94305,20.28954],[92.94303,20.28802],[92.9423,20.28736],[92.94168,20.28721],[92.94162,20.28548],[92.94497,20.28554],[92.94503,20.28582],[92.94457,20.2862],[92.94468,20.28667],[92.94514,20.28712],[92.94565,20.28667],[92.94589,20.28691],[92.94531,20.28754],[92.94518,20.29116],[92.94328,20.29118]]]},"properties":{"set":"detail"}},{"type":"Feature","geometry":{"type":"Polygon","coordinates":[[[92.90888,20.28164],[92.90901,20.28113],[92.9101,20.28113],[92.90983,20.2819],[92.91024,20.28164],[92.91011,20.28061],[92.91065,20.28061],[92.91065,20.2801],[92.9112,20.28023],[92.91202,20.28151],[92.91256,20.28164],[92.91256,20.28087],[92.91365,20.28113],[92.91365,20.28216],[92.9142,20.28216],[92.9142,20.28164],[92.91474,20.28177],[92.91543,20.28267],[92.91529,20.28422],[92.91611,20.28422],[92.91611,20.28525],[92.91693,20.28512],[92.91802,20.28589],[92.91911,20.28577],[92.91911,20.2868],[92.91856,20.2868],[92.9187,20.28731],[92.92047,20.28783],[92.9202,20.28886],[92.91938,20.2886],[92.91911,20.28783],[92.91884,20.28783],[92.91897,20.28886],[92.91965,20.28911],[92.91938,20.28963],[92.92075,20.28937],[92.92102,20.29143],[92.9202,20.2913],[92.91856,20.2904],[92.91802,20.2886],[92.9142,20.28731],[92.9142,20.28782],[92.91338,20.28795],[92.91256,20.28872],[92.91201,20.2886],[92.91187,20.29091],[92.91119,20.29349],[92.90655,20.29387],[92.90546,20.29452],[92.90532,20.29503],[92.9045,20.2958],[92.90436,20.29709],[92.90327,20.29696],[92.90245,20.29632],[92.90218,20.29554],[92.90054,20.29451],[92.89932,20.29065],[92.89864,20.28962],[92.897,20.28872],[92.89345,20.28859],[92.89345,20.28678],[92.89413,20.28653],[92.89427,20.28601],[92.89318,20.28601],[92.89318,20.28653],[92.89209,20.28614],[92.89127,20.28652],[92.89154,20.28472],[92.89209,20.28498],[92.89209,20.28446],[92.89304,20.28421],[92.89509,20.28485],[92.89645,20.28563],[92.89809,20.28601],[92.89809,20.28653],[92.89918,20.28691],[92.90055,20.2873],[92.90055,20.28679],[92.90218,20.28846],[92.90382,20.28898],[92.90601,20.28885],[92.90628,20.28705],[92.90737,20.28743],[92.90764,20.28679],[92.90628,20.28679],[92.90628,20.2855],[92.90683,20.2855],[92.90683,20.28499],[92.90737,20.28499],[92.90737,20.28447],[92.90901,20.28447],[92.90915,20.28319],[92.9086,20.28216],[92.90888,20.28164]]]},"properties":{"set":"detail"}},{"type":"Feature","geometry":{"type":"Polygon","coordinates":[[[92.94727,20.29009],[92.94705,20.2905],[92.94669,20.28931],[92.94709,20.28807],[92.94795,20.28716],[92.94856,20.28797],[92.94809,20.28813],[92.94786,20.28898],[92.94714,20.28952],[92.94727,20.29009]]]},"properties":{"set":"detail"}},{"type":"Feature","geometry":{"type":"Polygon","coordinates":[[[92.94554,20.29203],[92.94581,20.29241],[92.94507,20.29305],[92.94486,20.29209],[92.94554,20.29203]]]},"properties":{"set":"detail"}},{"type":"Feature","geometry":{"type":"Polygon","coordinates":[[[92.94391,20.29489],[92.94437,20.29516],[92.9441,20.29565],[92.94239,20.29457],[92.94227,20.29397],[92.94255,20.29349],[92.94289,20.29351],[92.94331,20.29455],[92.94391,20.29489]]]},"properties":{"set":"detail"}},{"type":"Feature","geometry":{"type":"Polygon","coordinates":[[[92.94239,20.29831],[92.94003,20.29737],[92.94018,20.29698],[92.94092,20.29669],[92.94219,20.29684],[92.94273,20.29739],[92.94239,20.29831]]]},"properties":{"set":"detail"}},{"type":"Feature","geometry":{"type":"Polygon","coordinates":[[[92.94517,20.35378],[92.94831,20.35038],[92.94931,20.35094],[92.95071,20.35106],[92.95165,20.35215],[92.95219,20.35459],[92.95303,20.35589],[92.95794,20.35939],[92.9588,20.36088],[92.95584,20.36193],[92.95419,20.36291],[92.95318,20.3639],[92.95067,20.36712],[92.94966,20.3706],[92.9482,20.37416],[92.94743,20.37545],[92.94509,20.37746],[92.94384,20.37728],[92.94238,20.37561],[92.94219,20.37187],[92.94242,20.36355],[92.94404,20.35887],[92.94517,20.35378]]]},"properties":{"set":"detail"}},{"type":"Feature","geometry":{"type":"Polygon","coordinates":[[[92.92871,20.39749],[92.92843,20.39813],[92.92834,20.39755],[92.92874,20.39699],[92.92871,20.39749]]]},"properties":{"set":"detail"}},{"type":"Feature","geometry":{"type":"Polygon","coordinates":[[[92.90563,20.42374],[92.90573,20.42256],[92.90865,20.41962],[92.91264,20.41736],[92.91424,20.41696],[92.91537,20.41745],[92.91567,20.4212],[92.91607,20.42237],[92.91723,20.42357],[92.91808,20.42372],[92.91899,20.42339],[92.92031,20.42103],[92.92081,20.42064],[92.92157,20.4207],[92.92793,20.42301],[92.92922,20.42437],[92.9304,20.42723],[92.93126,20.42719],[92.93191,20.42796],[92.93122,20.4284],[92.93055,20.42966],[92.92855,20.42864],[92.9261,20.42791],[92.90976,20.42519],[92.90563,20.42374]]]},"properties":{"set":"detail"}},{"type":"Feature","geometry":{"type":"Polygon","coordinates":[[[92.91415,20.44256],[92.91639,20.43461],[92.92027,20.43012],[92.9233,20.43074],[92.92559,20.43068],[92.92928,20.43134],[92.93053,20.43186],[92.93154,20.43302],[92.93128,20.4339],[92.92743,20.43763],[92.92277,20.44014],[92.91862,20.44296],[92.91483,20.44281],[92.91415,20.44256]]]},"properties":{"set":"detail"}},{"type":"Feature","geometry":{"type":"Polygon","coordinates":[[[91.9249,21.48877],[91.92323,21.48887],[91.91881,21.48981],[91.91445,21.49133],[91.9131,21.49229],[91.90821,21.49748],[91.9043,21.50086],[91.90216,21.50347],[91.90403,21.50877],[91.90382,21.50968],[91.90267,21.51086],[91.90315,21.51179],[91.90463,21.51226],[91.90541,21.5111],[91.90583,21.50889],[91.90524,21.50547],[91.90609,21.50371],[91.90751,21.50264],[91.90974,21.50195],[91.91104,21.50228],[91.91192,21.50286],[91.91262,21.50579],[91.9166,21.504],[91.91792,21.50408],[91.91998,21.50511],[91.92254,21.50397],[91.92411,21.50423],[91.92581,21.50509],[91.92732,21.50481],[91.92904,21.50526],[91.92998,21.50482],[91.93103,21.50483],[91.93138,21.50548],[91.93145,21.50665],[91.93172,21.50678],[91.93245,21.50675],[91.93288,21.506],[91.93434,21.50591],[91.93865,21.50642],[91.93932,21.50702],[91.94095,21.50472],[91.94202,21.50463],[91.94553,21.50345],[91.95164,21.50314],[91.95456,21.50434],[91.95661,21.50455],[91.95943,21.50597],[91.96674,21.5055],[91.96825,21.50604],[91.97034,21.50581],[91.97187,21.507],[91.97201,21.50777],[91.97068,21.50908],[91.97023,21.50995],[91.97261,21.51372],[91.97348,21.51659],[91.97415,21.51781],[91.97258,21.51826],[91.97243,21.51873],[91.97145,21.5195],[91.97173,21.51981],[91.9728,21.51939],[91.97352,21.51991],[91.97355,21.52284],[91.97252,21.52315],[91.97268,21.52377],[91.97442,21.52694],[91.97545,21.52793],[91.97769,21.53185],[91.97999,21.53501],[91.97984,21.53724],[91.9795,21.53797],[91.98041,21.54066],[91.97996,21.54224],[91.98002,21.54322],[91.98128,21.54404],[91.98073,21.55158],[91.98239,21.57302],[91.98347,21.57929],[91.98412,21.58903],[91.98394,21.58972],[91.98442,21.59277],[91.98417,21.59321],[91.98411,21.59524],[91.98498,21.59546],[91.98518,21.59583],[91.98643,21.60171],[91.98739,21.60289],[91.98807,21.60652],[91.98925,21.60729],[91.99215,21.61052],[91.99371,21.61252],[91.994,21.61331],[91.99386,21.61453],[91.99278,21.61739],[91.99268,21.61856],[91.99116,21.62227],[91.98963,21.6242],[91.98755,21.63316],[91.987,21.63424],[91.98656,21.63424],[91.98255,21.64307],[91.97793,21.64968],[91.97464,21.65346],[91.97261,21.65525],[91.97072,21.65606],[91.96686,21.65979],[91.96605,21.66018],[91.96022,21.66872],[91.96007,21.67015],[91.95888,21.67233],[91.9578,21.67689],[91.95338,21.68819],[91.95209,21.69285],[91.94983,21.69882],[91.9496,21.70026],[91.94915,21.70135],[91.94866,21.70142],[91.94714,21.70526],[91.94587,21.71105],[91.94531,21.7172],[91.94478,21.71944],[91.94465,21.72285],[91.94391,21.72677],[91.94398,21.72862],[91.9436,21.72911],[91.94349,21.72997],[91.94347,21.73268],[91.94277,21.73657],[91.94346,21.73682],[91.94335,21.73832],[91.9425,21.74079],[91.94154,21.74221],[91.94075,21.74295],[91.93963,21.7434],[91.93779,21.74318],[91.93552,21.74336],[91.93233,21.73982],[91.92623,21.7321],[91.9244,21.7305],[91.92258,21.72965],[91.92152,21.72979],[91.91855,21.73226],[91.91763,21.73244],[91.91701,21.73384],[91.91656,21.734],[91.91583,21.73379],[91.91503,21.73427],[91.91433,21.73399],[91.91417,21.73457],[91.91382,21.73468],[91.91402,21.73582],[91.91338,21.7363],[91.91096,21.73677],[91.90894,21.7361],[91.90716,21.73351],[91.90681,21.73213],[91.90672,21.73032],[91.90778,21.72722],[91.90989,21.72428],[91.91139,21.72297],[91.91648,21.72102],[91.91716,21.72042],[91.91703,21.72002],[91.91878,21.71918],[91.91873,21.71871],[91.91654,21.71638],[91.91525,21.71068],[91.91401,21.70777],[91.91125,21.70356],[91.90925,21.70137],[91.90598,21.69851],[91.90512,21.69824],[91.90089,21.69552],[91.89833,21.69448],[91.88904,21.69225],[91.88959,21.69067],[91.88823,21.69145],[91.88755,21.69154],[91.8844,21.69039],[91.88304,21.68954],[91.88269,21.68896],[91.88317,21.68875],[91.88551,21.68952],[91.88502,21.68872],[91.88258,21.68667],[91.88186,21.68541],[91.88243,21.67775],[91.88361,21.67736],[91.88644,21.67036],[91.88669,21.6701],[91.88822,21.66999],[91.88952,21.66523],[91.89091,21.66431],[91.89628,21.6619],[91.89716,21.66092],[91.89845,21.65745],[91.89912,21.65741],[91.90172,21.65871],[91.90362,21.65867],[91.90507,21.65795],[91.90479,21.65779],[91.90222,21.65843],[91.89943,21.65686],[91.89825,21.65691],[91.89748,21.65777],[91.8967,21.6606],[91.89417,21.66254],[91.89278,21.66324],[91.89099,21.6637],[91.88934,21.66382],[91.88797,21.66355],[91.88793,21.66292],[91.89076,21.65868],[91.8922,21.65362],[91.89263,21.64891],[91.89229,21.64606],[91.89109,21.64199],[91.89109,21.64089],[91.89278,21.63989],[91.8933,21.63897],[91.89606,21.63706],[91.89761,21.63641],[91.8985,21.63643],[91.9001,21.63724],[91.90135,21.63973],[91.90083,21.641],[91.89966,21.64258],[91.89988,21.64288],[91.90089,21.64186],[91.90176,21.64024],[91.90175,21.6392],[91.90134,21.63823],[91.9031,21.63792],[91.90408,21.63673],[91.90439,21.63561],[91.90391,21.63549],[91.90372,21.63493],[91.90338,21.63484],[91.90326,21.63595],[91.90224,21.63708],[91.89944,21.6358],[91.89843,21.6357],[91.89621,21.63616],[91.89431,21.63727],[91.8928,21.63749],[91.8922,21.63718],[91.89111,21.63554],[91.88655,21.63113],[91.88618,21.63004],[91.88539,21.62974],[91.88505,21.62895],[91.88511,21.62818],[91.88576,21.62777],[91.88601,21.62811],[91.88648,21.62803],[91.88663,21.62504],[91.88634,21.62262],[91.88695,21.62037],[91.88671,21.61908],[91.88582,21.61953],[91.88405,21.61865],[91.88337,21.61773],[91.88339,21.61655],[91.88207,21.61662],[91.88134,21.61535],[91.88134,21.61377],[91.88258,21.61314],[91.88435,21.61284],[91.88206,21.60786],[91.88115,21.60313],[91.87745,21.6035],[91.87717,21.60212],[91.87732,21.60187],[91.88052,21.60108],[91.87943,21.59995],[91.87958,21.59853],[91.88231,21.59833],[91.88286,21.59681],[91.8824,21.59588],[91.88199,21.59595],[91.87962,21.59464],[91.87715,21.59448],[91.87623,21.59405],[91.87484,21.59267],[91.87437,21.59153],[91.87292,21.59032],[91.872,21.58902],[91.87092,21.58835],[91.87058,21.58741],[91.87165,21.58646],[91.87163,21.58594],[91.86968,21.58281],[91.86893,21.58052],[91.86688,21.57851],[91.86714,21.57758],[91.868,21.57675],[91.8696,21.57595],[91.87372,21.57475],[91.87422,21.5745],[91.87437,21.5738],[91.87403,21.57323],[91.8731,21.57309],[91.86865,21.57457],[91.86773,21.57422],[91.8669,21.5747],[91.86569,21.57382],[91.864,21.57441],[91.86432,21.57361],[91.8634,21.57315],[91.86354,21.5724],[91.86271,21.57172],[91.86136,21.56812],[91.86103,21.56632],[91.86187,21.56287],[91.8645,21.55899],[91.86592,21.55827],[91.86654,21.55733],[91.87051,21.55582],[91.87116,21.55424],[91.87461,21.55339],[91.87636,21.55248],[91.87843,21.55058],[91.87879,21.54965],[91.87866,21.54918],[91.87814,21.54886],[91.87553,21.54922],[91.86994,21.5494],[91.86895,21.54997],[91.86708,21.5493],[91.86708,21.54898],[91.86774,21.54841],[91.86973,21.54725],[91.87284,21.54406],[91.8734,21.54293],[91.87272,21.54234],[91.87079,21.54239],[91.86777,21.54372],[91.86545,21.54432],[91.86472,21.54366],[91.86306,21.54435],[91.86177,21.54383],[91.86145,21.54255],[91.86096,21.54198],[91.85978,21.54189],[91.8568,21.54373],[91.8548,21.54441],[91.85407,21.54433],[91.85354,21.54375],[91.85317,21.54171],[91.85278,21.54135],[91.85165,21.54115],[91.84989,21.54151],[91.84931,21.54129],[91.848,21.53974],[91.84791,21.53786],[91.84858,21.53405],[91.85102,21.52832],[91.85388,21.52559],[91.85609,21.52419],[91.86195,21.52159],[91.86188,21.52026],[91.86062,21.51986],[91.85611,21.52155],[91.85424,21.52245],[91.85051,21.52547],[91.84871,21.52754],[91.84629,21.5321],[91.84402,21.53269],[91.84312,21.53373],[91.84232,21.5361],[91.84178,21.54072],[91.84306,21.54351],[91.84298,21.54383],[91.84226,21.54428],[91.84174,21.54416],[91.8413,21.54262],[91.84097,21.53853],[91.84047,21.54222],[91.84027,21.54175],[91.84029,21.53897],[91.84124,21.53539],[91.84291,21.53028],[91.84424,21.52746],[91.8453,21.52381],[91.84666,21.52107],[91.84704,21.51857],[91.84754,21.51749],[91.85408,21.51087],[91.85799,21.50522],[91.86453,21.49965],[91.86454,21.49863],[91.86728,21.49507],[91.87347,21.49033],[91.87678,21.48862],[91.87966,21.48596],[91.88564,21.48237],[91.89345,21.47559],[91.89586,21.47451],[91.89822,21.47476],[91.89982,21.47558],[91.90262,21.47575],[91.9042,21.4752],[91.90735,21.47286],[91.92157,21.47502],[91.92289,21.47592],[91.92648,21.47976],[91.932,21.48484],[91.93275,21.48675],[91.93432,21.48769],[91.93493,21.48937],[91.93423,21.49013],[91.93275,21.49041],[91.92866,21.48905],[91.9249,21.48877]]]},"properties":{"set":"detail"}},{"type":"Feature","geometry":{"type":"Polygon","coordinates":[[[91.86589,21.55159],[91.8659,21.55133],[91.86802,21.55109],[91.87104,21.55129],[91.87646,21.5508],[91.87673,21.55103],[91.87631,21.55172],[91.87523,21.55237],[91.87081,21.55317],[91.86888,21.55293],[91.86589,21.55159]]]},"properties":{"set":"detail"}},{"type":"Feature","geometry":{"type":"Polygon","coordinates":[[[91.85761,21.59906],[91.85728,21.60178],[91.85774,21.60298],[91.85773,21.60439],[91.8575,21.60472],[91.85632,21.60507],[91.85601,21.60496],[91.85649,21.60333],[91.85766,21.59355],[91.85876,21.59253],[91.85982,21.5923],[91.86302,21.5939],[91.86345,21.59436],[91.86314,21.59484],[91.86242,21.59409],[91.86007,21.59366],[91.85968,21.5933],[91.85889,21.59382],[91.85816,21.5946],[91.85761,21.59906]]]},"properties":{"set":"detail"}},{"type":"Feature","geometry":{"type":"Polygon","coordinates":[[[91.85661,21.61486],[91.85719,21.61519],[91.8567,21.61555],[91.8558,21.61397],[91.85504,21.61131],[91.85511,21.60886],[91.8554,21.60676],[91.8558,21.60595],[91.85675,21.60521],[91.85769,21.60514],[91.85822,21.60552],[91.85742,21.60563],[91.85643,21.60622],[91.85585,21.60725],[91.85541,21.60959],[91.85549,21.61139],[91.85661,21.61486]]]},"properties":{"set":"detail"}},{"type":"Feature","geometry":{"type":"Polygon","coordinates":[[[91.86169,21.62004],[91.86107,21.6201],[91.85993,21.61938],[91.85803,21.61737],[91.85884,21.61762],[91.85967,21.61876],[91.86094,21.61933],[91.86169,21.62004]]]},"properties":{"set":"detail"}},{"type":"Feature","geometry":{"type":"Polygon","coordinates":[[[91.87958,21.66766],[91.87804,21.67235],[91.87691,21.67317],[91.87633,21.68139],[91.87681,21.6821],[91.87696,21.68382],[91.87747,21.68381],[91.87836,21.68666],[91.88064,21.69029],[91.88256,21.69174],[91.88301,21.69176],[91.88554,21.69328],[91.89084,21.69533],[91.89586,21.69635],[91.90457,21.70057],[91.9082,21.70429],[91.91154,21.70953],[91.91211,21.71115],[91.91215,21.71385],[91.91164,21.7167],[91.91092,21.71836],[91.90553,21.72718],[91.90489,21.7294],[91.90499,21.73156],[91.90882,21.74199],[91.91146,21.74628],[91.91598,21.75091],[91.91661,21.75191],[91.91684,21.75336],[91.91579,21.75492],[91.90563,21.76296],[91.90144,21.76306],[91.89863,21.7644],[91.89801,21.7632],[91.89584,21.76297],[91.88992,21.7605],[91.88863,21.75881],[91.88729,21.7559],[91.88449,21.75641],[91.88458,21.75712],[91.88328,21.75699],[91.88293,21.75541],[91.88332,21.75219],[91.88304,21.74928],[91.88205,21.74739],[91.88164,21.74493],[91.88002,21.74058],[91.87978,21.73846],[91.87903,21.73693],[91.87718,21.72577],[91.87604,21.72168],[91.87522,21.71519],[91.87415,21.71284],[91.87285,21.71151],[91.87279,21.71072],[91.87057,21.70892],[91.86868,21.70665],[91.86899,21.70545],[91.86886,21.70502],[91.86787,21.70437],[91.86821,21.70387],[91.86482,21.70264],[91.86551,21.70331],[91.8649,21.70329],[91.86388,21.702],[91.8641,21.70178],[91.87025,21.70395],[91.8714,21.70402],[91.87265,21.70542],[91.87255,21.70562],[91.87333,21.70561],[91.87349,21.70521],[91.87424,21.70519],[91.87467,21.70557],[91.87658,21.70564],[91.87674,21.69911],[91.87591,21.69839],[91.87474,21.69837],[91.8744,21.69861],[91.87385,21.6986],[91.87386,21.69836],[91.87285,21.69862],[91.87113,21.69828],[91.8658,21.69836],[91.86253,21.69634],[91.85984,21.69352],[91.85907,21.69068],[91.85863,21.6906],[91.85868,21.69019],[91.85949,21.68996],[91.85965,21.68839],[91.85901,21.68498],[91.8572,21.67884],[91.85766,21.66982],[91.8566,21.66271],[91.85534,21.65976],[91.84924,21.65436],[91.84699,21.64936],[91.84631,21.64555],[91.84598,21.64501],[91.84527,21.63588],[91.84664,21.63356],[91.84961,21.63198],[91.85645,21.63259],[91.85994,21.63189],[91.86057,21.63215],[91.85836,21.63248],[91.85727,21.63301],[91.85424,21.63312],[91.8536,21.63366],[91.85127,21.63306],[91.85038,21.63238],[91.84973,21.63244],[91.84617,21.6351],[91.84624,21.64141],[91.84767,21.64616],[91.84812,21.64948],[91.849,21.65259],[91.8512,21.65515],[91.85617,21.65886],[91.85825,21.66402],[91.86016,21.66492],[91.86012,21.66588],[91.86087,21.66653],[91.8618,21.66592],[91.86127,21.66684],[91.86168,21.66754],[91.86264,21.66709],[91.86354,21.66602],[91.86389,21.66373],[91.86179,21.66303],[91.86029,21.66432],[91.8586,21.66101],[91.85886,21.66018],[91.8662,21.65536],[91.86981,21.65477],[91.87082,21.65357],[91.87078,21.65316],[91.87253,21.65131],[91.87323,21.65105],[91.87491,21.65177],[91.87802,21.64829],[91.87962,21.64795],[91.88194,21.64821],[91.8837,21.64873],[91.88444,21.64996],[91.88415,21.6516],[91.88187,21.6553],[91.88179,21.65617],[91.88206,21.65638],[91.88434,21.65591],[91.8851,21.65659],[91.88311,21.66157],[91.88105,21.6609],[91.88058,21.66149],[91.8807,21.66189],[91.88146,21.66162],[91.88278,21.6623],[91.88055,21.66677],[91.87986,21.66667],[91.87958,21.66766]]]},"properties":{"set":"detail"}},{"type":"Feature","geometry":{"type":"Polygon","coordinates":[[[91.91245,21.71956],[91.91354,21.71191],[91.91392,21.71139],[91.9146,21.71375],[91.91442,21.71718],[91.91353,21.71919],[91.91277,21.71965],[91.91245,21.71956]]]},"properties":{"set":"detail"}},{"type":"Feature","geometry":{"type":"Polygon","coordinates":[[[91.90954,21.76436],[91.90722,21.76387],[91.90698,21.76336],[91.91096,21.75983],[91.91168,21.75983],[91.91281,21.75927],[91.9138,21.75786],[91.91692,21.75473],[91.91804,21.75204],[91.91785,21.74968],[91.91524,21.74635],[91.91424,21.74427],[91.91446,21.74037],[91.91574,21.73856],[91.91464,21.737],[91.9184,21.73414],[91.92156,21.73066],[91.92264,21.73073],[91.92415,21.73163],[91.92632,21.73361],[91.92542,21.73555],[91.9261,21.73577],[91.92689,21.73382],[91.92932,21.73696],[91.92922,21.73719],[91.93034,21.73865],[91.93127,21.74064],[91.93248,21.74189],[91.93299,21.74186],[91.93529,21.74427],[91.9353,21.74452],[91.93484,21.74468],[91.93509,21.74524],[91.93583,21.74522],[91.93591,21.74542],[91.93551,21.74786],[91.93594,21.74804],[91.93592,21.74899],[91.93739,21.75232],[91.9369,21.75276],[91.93725,21.75353],[91.93739,21.75548],[91.93859,21.75622],[91.93938,21.75719],[91.93906,21.75732],[91.93921,21.75778],[91.93755,21.75967],[91.93601,21.76077],[91.93569,21.76066],[91.93085,21.76216],[91.93023,21.76193],[91.92469,21.76371],[91.92461,21.7641],[91.92366,21.76444],[91.91775,21.76408],[91.91643,21.76355],[91.91175,21.76401],[91.91052,21.76381],[91.90954,21.76436]]]},"properties":{"set":"detail"}},{"type":"Feature","geometry":{"type":"Polygon","coordinates":[[[91.86743,21.92094],[91.86507,21.91899],[91.86353,21.91603],[91.86248,21.91489],[91.86106,21.91226],[91.86079,21.91236],[91.85852,21.90929],[91.85452,21.90683],[91.85088,21.9034],[91.84771,21.90127],[91.84615,21.89948],[91.84609,21.89706],[91.84664,21.89188],[91.84616,21.88951],[91.84649,21.88411],[91.84618,21.88195],[91.84537,21.87967],[91.84184,21.87398],[91.84113,21.87212],[91.84098,21.8681],[91.84195,21.86135],[91.84156,21.85943],[91.84155,21.85722],[91.84513,21.84982],[91.84784,21.84231],[91.84874,21.83681],[91.85012,21.83103],[91.85078,21.82471],[91.8502,21.82202],[91.84937,21.82056],[91.84862,21.82001],[91.84646,21.81701],[91.84356,21.81107],[91.84242,21.80783],[91.8431,21.80378],[91.84242,21.80193],[91.84235,21.80026],[91.84424,21.78232],[91.84506,21.77926],[91.84534,21.77509],[91.84406,21.77383],[91.84384,21.77245],[91.843,21.7712],[91.84265,21.76736],[91.84171,21.7649],[91.84082,21.76374],[91.83829,21.76214],[91.8371,21.76081],[91.83566,21.75669],[91.83581,21.75561],[91.83695,21.75311],[91.84016,21.7484],[91.84135,21.74761],[91.84217,21.7478],[91.84265,21.7483],[91.84432,21.75224],[91.84576,21.75316],[91.84889,21.75386],[91.85042,21.75556],[91.85245,21.75885],[91.85491,21.76076],[91.8558,21.76188],[91.85625,21.76357],[91.85613,21.76439],[91.85535,21.76441],[91.85404,21.76392],[91.85128,21.7643],[91.85137,21.76523],[91.8509,21.76597],[91.8507,21.76729],[91.8519,21.76796],[91.8539,21.76853],[91.8541,21.7694],[91.85252,21.7725],[91.85842,21.77665],[91.86139,21.78012],[91.86349,21.78662],[91.86416,21.78675],[91.86446,21.78719],[91.86466,21.78811],[91.86415,21.78859],[91.86416,21.7896],[91.86499,21.78997],[91.86519,21.79082],[91.86568,21.79128],[91.86697,21.79558],[91.87032,21.8044],[91.87378,21.81239],[91.87383,21.81394],[91.87615,21.81838],[91.87768,21.82267],[91.88247,21.83347],[91.88257,21.83463],[91.88408,21.83788],[91.88508,21.83895],[91.88693,21.84242],[91.88884,21.84779],[91.88943,21.84849],[91.88955,21.84956],[91.89054,21.85107],[91.89238,21.85507],[91.89391,21.85889],[91.89487,21.86329],[91.89558,21.87095],[91.89573,21.87601],[91.89542,21.87632],[91.89583,21.87732],[91.89534,21.88001],[91.89582,21.88027],[91.89547,21.88612],[91.89521,21.88626],[91.89446,21.88992],[91.89328,21.89302],[91.89258,21.8939],[91.89124,21.8991],[91.88943,21.90262],[91.88883,21.90259],[91.88857,21.90225],[91.88833,21.90284],[91.88902,21.90324],[91.88804,21.90539],[91.88749,21.90634],[91.88682,21.90616],[91.88636,21.90785],[91.88553,21.90877],[91.88274,21.91493],[91.88044,21.9179],[91.8806,21.91834],[91.88027,21.91921],[91.87852,21.92163],[91.87814,21.92268],[91.8769,21.92311],[91.87238,21.92302],[91.87068,21.9234],[91.86941,21.92283],[91.86743,21.92094]]]},"properties":{"set":"detail"}},{"type":"Feature","geometry":{"type":"Polygon","coordinates":[[[91.72946,21.95436],[91.73165,21.9542],[91.73187,21.95477],[91.73138,21.95542],[91.7304,21.95568],[91.72918,21.95515],[91.72898,21.95467],[91.72946,21.95436]]]},"properties":{"set":"detail"}},{"type":"Feature","geometry":{"type":"Polygon","coordinates":[[[91.99092,21.59881],[91.98951,21.59461],[91.99011,21.59168],[91.99553,21.59703],[91.99582,21.59702],[91.99578,21.59723],[91.99725,21.59834],[91.99852,21.59995],[91.99892,21.60091],[91.99907,21.60215],[91.99855,21.60388],[91.99656,21.6071],[91.99641,21.60793],[91.99403,21.60399],[91.99205,21.60146],[91.99092,21.59881]]]},"properties":{"set":"detail"}},{"type":"Feature","geometry":{"type":"Polygon","coordinates":[[[91.99129,21.60897],[91.99008,21.6077],[91.98943,21.60641],[91.98891,21.60362],[91.98912,21.60274],[91.98992,21.60323],[91.99197,21.60595],[91.99328,21.60885],[91.99356,21.60987],[91.99339,21.61048],[91.9927,21.61051],[91.99129,21.60897]]]},"properties":{"set":"detail"}},{"type":"Feature","geometry":{"type":"Polygon","coordinates":[[[91.99468,21.64883],[91.99388,21.64618],[91.99379,21.64446],[91.99402,21.64422],[91.99538,21.64798],[91.99527,21.6488],[91.99468,21.64883]]]},"properties":{"set":"detail"}},{"type":"Feature","geometry":{"type":"Polygon","coordinates":[[[91.98297,21.65118],[91.98697,21.64676],[91.98742,21.6468],[91.9896,21.65084],[91.99138,21.65333],[91.99265,21.6543],[91.99444,21.65661],[91.99441,21.65691],[91.99181,21.657],[91.98633,21.65648],[91.98167,21.65532],[91.981,21.65498],[91.98082,21.65376],[91.98297,21.65118]]]},"properties":{"set":"detail"}}]}
