{"type":"FeatureCollection","properties":{"licence":"ODbL 1.0 — © OpenStreetMap contributors","system":"padma","batch":"b2","fetched":"2026-09-29","snapshot":"2026-09-29T11:29:01Z"},"features":[{"type":"Feature","properties":{"osm_id":44367137,"group":"mathabhanga","version":25,"timestamp":"2026-02-20T23:11:40Z","tags":{"name":"Mathabhanga River","waterway":"river"},"nodes":[1865782913,2655885478,2655885475,2655885476,2655885477,2655885473,2655885474,1865782892,2655885472,2655885471,2655885467,2655885468,1865782884,2655885469,2655885470,2655885466,1865782868,2655885465,2655885464,2655885463,1865782852,1865782843,2655879037,2430094779,2655879036,2655879035,2430094777,2655879034,2655879033,2655879032,2655879031,8666660453,2655879030,2655879027,2655879029,2655879028,1865782855,2655879026,8666968607,8666968608,2655879024,8666968611,8666968610,8666968609,8667820062,2655879025,2655874591,2655874589,2655874587,1865782839,2655874585,2655874584,2655874582,2655872031,2655872026,2655872029,2655872025,2655872023,2655872018,2655872021]},"geometry":{"type":"LineString","coordinates":[[88.7281085,24.0481357],[88.7241676,24.0479098],[88.7237611,24.0455213],[88.724362,24.0415834],[88.7267124,24.0404375],[88.7294163,24.0395659],[88.7343645,24.0381295],[88.7381559,24.0355031],[88.7423878,24.0330615],[88.747177,24.0329647],[88.7567863,24.0333784],[88.757692,24.0324966],[88.7576567,24.031044],[88.7528321,24.0254592],[88.7501106,24.0228766],[88.7472317,24.0209906],[88.7428069,24.0194105],[88.7397966,24.018521],[88.7355158,24.017982],[88.7315354,24.0135818],[88.7304092,24.0057345],[88.7296504,23.9978904],[88.7293247,23.9956942],[88.7298346,23.9937178],[88.7311701,23.9936946],[88.7326077,23.9940671],[88.735419,23.9948254],[88.7371889,23.995851],[88.7384979,23.9972036],[88.741341,24.0014574],[88.7435082,24.0058483],[88.7442546,24.0068277],[88.7455028,24.0073965],[88.7505678,24.0089649],[88.7523381,24.0091805],[88.7539688,24.0088865],[88.7568871,24.0074556],[88.759108,24.0062599],[88.7611443,24.0054657],[88.7625299,24.0051139],[88.7630544,24.004739],[88.7632649,24.0039344],[88.7631538,24.0031293],[88.7628217,24.0015621],[88.7625582,24.0001313],[88.7625157,23.9985879],[88.7648836,23.9897485],[88.7668041,23.9867392],[88.7689445,23.9836417],[88.7695678,23.9816949],[88.7685636,23.9812351],[88.7674371,23.9809803],[88.7651205,23.9811832],[88.7610811,23.9823203],[88.758179,23.9836583],[88.7553251,23.9845651],[88.7516397,23.985212],[88.7483621,23.9854865],[88.744003,23.9855122],[88.7422086,23.9853023]]}},{"type":"Feature","properties":{"osm_id":328158818,"group":"mathabhanga","version":16,"timestamp":"2021-05-04T07:04:22Z","tags":{"name":"মাথাভাঙ্গা","name:en":"Mathavanga","waterway":"river"},"nodes":[2655872021,3349812072,3349812071,3349812070,3349812069,3349812068,3349812067,3349812066,3349812065,3349812064,3349812051,3349812047,3349812044,3349812041,3349812026,3349812020,3349812012,3349812009,3349812004,3349812000,3349811998,3349811994,3349811990,3349811988,3349811989,3349811992,3349811997,3349812001,3349812005,3349812011,3349812017,3349812022,3349812024,3349812029,3349812031,3349812035,3349812038,3349812040,3349812039,3349812036,3349812034,3349812032,3349812027,3349812023,3349812018,3349812013,3349812010,3349812006,3349811999,3349811993,3349811985,3349811981,3349811979,3349811974,3349811972,3349811968,3349811967,3349811963,3349811960,3349811959,3349811954,3349811952,3349811949,3349811946,3349811947,3349811948,3349811950,3349811951,3349811953,3349811956,3349811958,8670804070,3349811961,3349811964,3349811966,3349811969,3349811971,3349811976,3349811977,3349811982,3349811984,3349811986,3349811987,3349811991,3349811996,3349812002,3349812007,3349812014,3349812016,3349812019,3349812028,3349812037,3349812043,3349812046,3349812049,3349812053,3349812055,3349812058,3349812059,8671592088,3349812061,3349812063,3349812062,3349812060,3349812057,3349812056,3349812054,3349812052,3349812050,3349812048,3349812045,3349812042,3349812033,3349812030,3349812025,3349812021,3349812015,3349812008,3349812003,3349811995,3349811983,3349811980,3349811978,3349811975,3349811973,3349811970,8675787629,3349811965,3349811962,3349811957,3349811955,3349811945,3349811944,3349811943,3349811942,3349811941,3349811921,3349811916,3349811913,3349811907,3349811903,8678022247,3349811899,3349811896,3349811894,3349811891,3349811888,3349811889,3349811890,3349811892,3349811897,3349811900,3349811902,3349811905,3349811908,3349811910,3349811911,3349811918,3349811919,3349811923,3349811934,3349811937,3349811939,3349811940,3349811938,3349811936,3349811935,3349811933,3349811932,3349811931,3349811925,3349811926,3349811928,3349811930,3349811929,3349811927,3349811924,3349811922,3349811920,3349811917,3349811915,3349811914,3349811912,3349811909,3349811906,3349811904,3349811901,3349811898,3349811895,3349811893,3349811887,3349811886,3349811885,3349811884,3349811883,3349811882,3349811881,3349811880,3349811879,3349811878,3349811877,3349811876,3349811875,3349811874,3349811873,3349811872,3349811871,3349811870,3349811869,3349811868,3349811867,3349811866,3349811865,3349811864,3349811863,3349811862,3349811861,3349811860,3349811859,3349811858,3349811857,3349811856,3349811855,3349811854,3349811853,3349811852,3349811851,3349811850,3349811849,3349811848,3349811847,3349811846,3349811845,3349811844,3349811843,3349811842,3349811841,3349811840,3349811839,3349811838,3349811837,3349811836,3349811835,3349811834,3349811833,3349811832,3349811831,3349811830,3349811829,3349811828,3349811827,3349811826,3349811825,3349811824,4054866608,3349811823,3349811822,3349811816,3349811809,3349811806,3349811804,3349811805,3349811807,3349811810,3349811812,8696303091,3349811814,3349811817,3349811821,3349811820,3349811819,3349811818,6716387593,3349811815,3349811813,3349811811,3349811808,3349811803,3349811802,3349811801,3349811800,3349811799,3349811798,3349811797,3349811796,3349811795,3349811794,3349811793,3349811792,3349811791,3349811790,3349811789,3349811788,3349811787,3349811786,3349811785,3349811784,3349811783,3349811782,3349811781,3349811780,3349811779,3349811778,3349811777,3349811776,3349811775,3349811774,3349811773,3349811772,3349811771,3349811770,3349811769,3349811768,3349811767,3349811766,3349811765,3349811764,3349811763,3349811762,3349811761,3349811760,3349811759,3349811758,3349811757,6157102010,3349811756,3349811755,3349811754,3349811753,3349811752,3349811751,3349811750,3349811749,3349811748,3349811747,3349811746,3349811745,3349811744,3349811743,3349811742,3349811741,3349811740,3349811739,3349811738,3349811737,3349811736,3349811735,3349811734,3349811733,3349811732,3349811731,3349811730,3349811729,3349811728,3349811727,3349811726,3349811725,3349811724,3349811723,3349811722,3349811721,3349811720,3349811719,3349811718,3349811717,3349811716,3349811715,3349811714,3349811713,3349811712,3349811711,3349811710,3349811709,3349811708,3349811707,3349811706,3349811705,3349811704,3349811703,3349811702,3349811701,3349811700,3349811699,3349811698,3349811697,3349811696,3349811695,3349811694,3349811693,3349811692,3349811691,3349811690,3349811689,3349811688,3349811687,3349811686,3349811685,3349811684,3349811683,3349811682,3349811681,3349811680,3349811679,3349811678,3349811677,3349811676,3349811675,3349811674,3349811673,3349811672,3349811671,3349811670,3349811669,3349811668,3349811667,3349811666,3349811665,3349811664,3349811663,3349811662,3349811661,3349811660,3349811659,3349811658,3349811657,3349811656,3349811655,3349811654,3349811653,3349811652,3349811651,3349811650,3349811649,3349811648,3349811647,3349811646,3349811645,3349811644,3349811643,3349811642,3349811641,3349811640,3349811639,3349811638,3349811631,3349811627,3349811622,3349811617,3349811615,3349811612,3349811610,3349811608,3349811607,3349811603,3349811599,3349811597,3349811601,3349811605,3349811604,3349811602,3349811596,3349811595,3349811594,3349811593,3349811591,3349811589,3349811588,3349811586,3349811584,3349811582,3349811580,3349811577,3349811578,3349811579,3349811581,3349811583,3349811587,3349811592,3349811600,3349811606,3349811609,3349811613,3349811619,3349811621,3349811624,3349811626,3349811630,3349811633,3349811637,3349811636,3349811635,3349811634,3349811632,3349811629,3349811628,3349811625,3349811623,3349811620,3349811618,3349811616,3349811614,3349811611,3349811598,3349811590,3349811585,3349811576,3349811575,3349811574,3349811570,3349811567,3349811563,3349811559,3349811561,3349811562,3349811564,3349811566,3349811569,3349811571,3349811573,3349811572,3349811568,3349811565,3349811560,3349811558,3349811557,3349811556,3349811555,3349811554,3349811553,3349811552,3349811551,3349811550,3349811549,3349811548,3349811547,3349811546,3349811545,3349811544,3349811543,3349811542,3349811541,3349811540,3349811539,3349811532,3349811528,3349811525,3349811522,3349811521,3349811523,3349811527,3349811529,3349811531,3349811534,3349811535,3349811536,3349811538,3349811537,3374619024,3349811533,3349811530,3349811526,3349811524,3349811520,6156624911,3349811519,3349811518,3349811517,3349811510,3349811508,3349811504]},"geometry":{"type":"LineString","coordinates":[[88.7422086,23.9853023],[88.7402933,23.9849],[88.7396173,23.9846169],[88.738744,23.9840198],[88.7376412,23.9829988],[88.7369162,23.981936],[88.7362071,23.9805457],[88.7354795,23.9786841],[88.7355583,23.9779737],[88.7357611,23.975925],[88.7360541,23.9741645],[88.7364034,23.9727129],[88.7368991,23.9719407],[88.7373247,23.9702027],[88.7372748,23.9682595],[88.7370663,23.9671322],[88.7369086,23.9656444],[88.7368072,23.9648001],[88.7368297,23.9639198],[88.7369311,23.9631167],[88.7371283,23.9624989],[88.7374776,23.96184],[88.7378776,23.9614436],[88.7381987,23.9613458],[88.7388747,23.9614127],[88.7400465,23.9616804],[88.7413085,23.9623754],[88.7426211,23.9633072],[88.7439507,23.9639816],[88.7465478,23.9655826],[88.7479111,23.9666019],[88.7490491,23.9673484],[88.7500744,23.9678889],[88.7518434,23.968728],[88.7532913,23.9692119],[88.7554152,23.9697421],[88.7564686,23.9700355],[88.7574771,23.97019],[88.7585982,23.9701385],[88.7597756,23.9699583],[88.7606488,23.9697061],[88.761584,23.9692325],[88.7627727,23.9683779],[88.7634713,23.9677242],[88.7642994,23.9666637],[88.7645248,23.9662004],[88.764767,23.9652326],[88.7649135,23.963997],[88.764998,23.9629983],[88.7650487,23.9618348],[88.7649924,23.960625],[88.7651219,23.9591732],[88.7652459,23.9583289],[88.7663613,23.9558423],[88.7668571,23.9546633],[88.7674543,23.9537572],[88.767736,23.9533041],[88.7687951,23.9520324],[88.7695556,23.9513271],[88.7707838,23.950354],[88.7727105,23.9490978],[88.7733527,23.9487528],[88.7744344,23.9480886],[88.7754766,23.947687],[88.7762315,23.9477334],[88.7775779,23.9479547],[88.778361,23.9481967],[88.7792286,23.9484851],[88.7798145,23.9487528],[88.780068,23.9492213],[88.7803215,23.950251],[88.7807225,23.9517388],[88.7807959,23.9519541],[88.7809279,23.9524291],[88.7810821,23.9531497],[88.7810595,23.9539683],[88.7807891,23.9546273],[88.7801356,23.957011],[88.7797976,23.9578501],[88.7793695,23.9592453],[88.7791892,23.9599249],[88.7792342,23.960728],[88.7792342,23.9611295],[88.7794371,23.9615157],[88.7794483,23.9621437],[88.7795385,23.9634102],[88.7796793,23.9645685],[88.7800511,23.9662776],[88.7801863,23.9665762],[88.780468,23.9670498],[88.7819102,23.9684346],[88.7835046,23.9699583],[88.7854538,23.9718939],[88.7861129,23.9725168],[88.7874368,23.9734176],[88.7893917,23.9744832],[88.7910649,23.9750134],[88.7938029,23.9754612],[88.7948395,23.9756723],[88.7955995,23.9757544],[88.7958873,23.9757855],[88.7969296,23.9759142],[88.7976563,23.9758524],[88.798845,23.9757289],[88.80009,23.97542],[88.8008956,23.9751626],[88.8018139,23.97472],[88.8023266,23.9743957],[88.8029857,23.9740199],[88.803628,23.973397],[88.8043941,23.9725065],[88.8053631,23.9709673],[88.8059659,23.969598],[88.8062364,23.9690472],[88.8065687,23.9681978],[88.8066476,23.9671579],[88.8066983,23.9664423],[88.8074363,23.9647281],[88.8080448,23.9636315],[88.8087321,23.9621077],[88.8095771,23.9597292],[88.8098419,23.9588798],[88.8099658,23.9580509],[88.8100278,23.9563571],[88.8100785,23.9554304],[88.8099715,23.9540506],[88.8099277,23.9533378],[88.8099095,23.9530415],[88.8097574,23.9519243],[88.809487,23.9499576],[88.8094813,23.9491904],[88.809487,23.9476201],[88.8095715,23.9466676],[88.8097123,23.9454576],[88.809932,23.944397],[88.8105574,23.9418843],[88.8115344,23.9372815],[88.812138,23.9354486],[88.8126732,23.9341201],[88.8135959,23.9325072],[88.8144639,23.9312281],[88.8151116,23.9303579],[88.8158674,23.9295732],[88.8169031,23.9283435],[88.8178595,23.9276125],[88.8190288,23.92707],[88.8195124,23.9271118],[88.8197547,23.9271375],[88.8199349,23.9272199],[88.820149,23.9275186],[88.8204814,23.9285794],[88.8208354,23.9302009],[88.8209142,23.9308497],[88.8213255,23.9319825],[88.8215621,23.9328476],[88.8218381,23.9334449],[88.8221424,23.933862],[88.8241029,23.9359475],[88.8248578,23.9367095],[88.8259056,23.9377908],[88.8265817,23.9384705],[88.8273873,23.9389648],[88.8281253,23.9392017],[88.8285366,23.939212],[88.8290718,23.9391553],[88.8295225,23.9389597],[88.8300802,23.9385684],[88.8303281,23.9384551],[88.8306886,23.938383],[88.8320069,23.9381616],[88.8339618,23.9378423],[88.8350096,23.9378526],[88.8357702,23.9380329],[88.8362209,23.9380843],[88.8365814,23.9380483],[88.8372687,23.9379659],[88.8380631,23.9378166],[88.8395729,23.937312],[88.8405532,23.9368331],[88.8427277,23.935932],[88.8443615,23.9354016],[88.8461474,23.9346962],[88.8476347,23.9339959],[88.8495614,23.9329918],[88.8511557,23.9320907],[88.8521697,23.9314367],[88.8536514,23.9305459],[88.8552964,23.9293667],[88.856733,23.9283059],[88.8574936,23.9276931],[88.8585301,23.9266683],[88.8595555,23.925829],[88.8603836,23.9249638],[88.8609075,23.9242789],[88.8617075,23.9232593],[88.8621019,23.9224972],[88.862485,23.9217093],[88.8625864,23.9210604],[88.8627272,23.9207051],[88.8633075,23.9200665],[88.8642765,23.9193867],[88.864868,23.9188666],[88.865437,23.9181971],[88.8656849,23.9178932],[88.8659046,23.9175328],[88.8662426,23.9172495],[88.8670482,23.9167912],[88.8677074,23.9164719],[88.8681186,23.9160753],[88.8682989,23.915756],[88.868575,23.915138],[88.8686595,23.9147466],[88.8686764,23.9138402],[88.8688059,23.9134025],[88.869144,23.913042],[88.8698087,23.9127227],[88.8702256,23.9125888],[88.871065,23.912357],[88.8715045,23.9121768],[88.8717918,23.912012],[88.8719777,23.9116926],[88.8723608,23.9108686],[88.872603,23.9100034],[88.8727889,23.9093287],[88.8729129,23.9079742],[88.8729523,23.9070832],[88.8728453,23.9067587],[88.8725072,23.9062437],[88.872203,23.9055587],[88.872203,23.9051982],[88.872372,23.9047964],[88.8725974,23.9043123],[88.8730481,23.9038951],[88.8734875,23.9035603],[88.873679,23.9029938],[88.8737804,23.9021234],[88.8737861,23.9009027],[88.8737185,23.8992751],[88.8734931,23.8971891],[88.8734762,23.8965143],[88.8725467,23.8939544],[88.8721974,23.8929345],[88.8717411,23.8921722],[88.8711439,23.890802],[88.8705186,23.8897358],[88.8698087,23.8884738],[88.8687665,23.8868924],[88.8677637,23.8856767],[88.8670482,23.8847392],[88.8664736,23.8839202],[88.864564,23.8824086],[88.8637036,23.881884],[88.8632494,23.8816291],[88.8629467,23.8813668],[88.8629191,23.8809923],[88.8628909,23.8806091],[88.8632654,23.8800045],[88.8639585,23.8785256],[88.8644923,23.8775566],[88.8651058,23.8770758],[88.8656316,23.8769155],[88.8663327,23.8770248],[88.8668267,23.8773454],[88.8671454,23.8777096],[88.86748,23.8779865],[88.8681758,23.8782355],[88.8683962,23.8783143],[88.8692328,23.8785329],[88.8709218,23.8788024],[88.871862,23.8787951],[88.8733837,23.8787077],[88.8743955,23.8785911],[88.8744903,23.8785724],[88.8757261,23.8783289],[88.8772876,23.878052],[88.8782039,23.8777971],[88.8795583,23.8774328],[88.8809127,23.876799],[88.8822034,23.8759247],[88.8828169,23.875473],[88.8837012,23.8738265],[88.8838048,23.8732801],[88.8840199,23.8714806],[88.8839323,23.8704606],[88.8834928,23.869475],[88.8826253,23.8683931],[88.881307,23.866899],[88.8798648,23.8655183],[88.8789859,23.8648898],[88.8783099,23.8641376],[88.8767775,23.8621283],[88.8760339,23.8608815],[88.8755859,23.8604248],[88.8722216,23.8584567],[88.8706779,23.8576632],[88.8690893,23.8570707],[88.868002,23.8567822],[88.8667513,23.8564782],[88.8661992,23.8560969],[88.8653091,23.8554374],[88.8645654,23.8547521],[88.8639232,23.8540514],[88.8634049,23.853057],[88.8630556,23.8522893],[88.8626444,23.8512639],[88.8625148,23.8505529],[88.8623232,23.8490226],[88.8620754,23.8479096],[88.861621,23.8449259],[88.8609181,23.8422261],[88.8603435,23.8404174],[88.8592224,23.8376297],[88.8586534,23.8362796],[88.8584055,23.8352335],[88.8582252,23.8341152],[88.8582759,23.8332134],[88.85849,23.8325023],[88.8586027,23.8320848],[88.8588168,23.831183],[88.8592956,23.8303842],[88.8596844,23.8298895],[88.860197,23.8294154],[88.8609632,23.8289104],[88.8614139,23.8284723],[88.8617855,23.8279767],[88.8624223,23.8271273],[88.8626589,23.8265501],[88.8628786,23.825911],[88.8631434,23.824767],[88.8632899,23.8237878],[88.8633406,23.8226746],[88.8634082,23.8215768],[88.8636279,23.8190103],[88.8636561,23.8180207],[88.8638251,23.8164746],[88.8639603,23.8159798],[88.8642138,23.815619],[88.86458,23.814882],[88.8646251,23.8145161],[88.864518,23.8137327],[88.864518,23.8127534],[88.8643603,23.8119184],[88.8642532,23.811568],[88.8639265,23.8108928],[88.8635096,23.8104134],[88.8623289,23.8097228],[88.8612923,23.8089393],[88.8585205,23.8065478],[88.856098,23.80395],[88.8551516,23.8027851],[88.8539122,23.8010738],[88.8530221,23.7995068],[88.8526277,23.7980326],[88.8520869,23.7965068],[88.852008,23.7954449],[88.8521996,23.7947026],[88.8526277,23.7938572],[88.8534052,23.7929809],[88.8548136,23.7917541],[88.8557488,23.7908055],[88.8563234,23.7899086],[88.8566163,23.7892178],[88.8566501,23.7874754],[88.8565375,23.7866918],[88.8563685,23.784702],[88.8563347,23.782444],[88.8564586,23.781516],[88.8567403,23.7801344],[88.8575628,23.7780413],[88.858464,23.7757124],[88.8593563,23.7733939],[88.861125,23.770317],[88.8614278,23.7694566],[88.8616987,23.7681295],[88.861619,23.7657525],[88.8612047,23.7639879],[88.8606109,23.7612394],[88.8603387,23.7561871],[88.8603443,23.7525109],[88.8602131,23.749264],[88.8601568,23.7471395],[88.859999,23.7451387],[88.8604272,23.7425706],[88.8611595,23.7404357],[88.8615764,23.7395487],[88.8627595,23.7384348],[88.8642468,23.737754],[88.8669735,23.7368464],[88.8674467,23.7364235],[88.867796,23.7361038],[88.8678298,23.7354024],[88.86712,23.733618],[88.8663988,23.7319161],[88.8653172,23.7294922],[88.8646749,23.7276871],[88.8642017,23.7264287],[88.8641341,23.7258201],[88.8642017,23.7250981],[88.8643595,23.7245514],[88.864382,23.7244379],[88.8647989,23.7237468],[88.8654524,23.7229628],[88.867076,23.7214821],[88.8674852,23.7210625],[88.8680853,23.7206579],[88.8692856,23.7199986],[88.8696894,23.7197638],[88.8706605,23.7190245],[88.8710315,23.71849],[88.8712061,23.7178707],[88.8711789,23.7172163],[88.8710643,23.7163921],[88.8709115,23.7150684],[88.8709061,23.7141592],[88.8710697,23.7129204],[88.8715117,23.7118264],[88.8722755,23.7106825],[88.8729629,23.7095635],[88.8740869,23.7082647],[88.8752217,23.7070508],[88.8756126,23.7066187],[88.8767314,23.7056013],[88.8777962,23.7046264],[88.8785986,23.7036656],[88.8788841,23.7030933],[88.8790539,23.7022314],[88.8789844,23.7010586],[88.8788918,23.7004934],[88.8783363,23.6997586],[88.8776419,23.6993488],[88.875628,23.6992994],[88.874733,23.6992146],[88.8731589,23.6991015],[88.872233,23.6989602],[88.8713071,23.6987624],[88.870605,23.698501],[88.8699569,23.6981548],[88.8692084,23.6974412],[88.8689615,23.6971091],[88.8687532,23.6962542],[88.8687995,23.6950743],[88.8689461,23.6944667],[88.8692702,23.6937602],[88.8702501,23.6926721],[88.8706667,23.6917253],[88.8710988,23.6905524],[88.8713843,23.6892241],[88.8713843,23.6876555],[88.8712068,23.6866168],[88.8704584,23.6845111],[88.8697468,23.6837244],[88.8689284,23.682885],[88.867248,23.6820856],[88.86428,23.6812262],[88.8630469,23.6809064],[88.8616065,23.6807865],[88.860068,23.6809464],[88.8565871,23.681446],[88.8550922,23.6813661],[88.8533681,23.6810363],[88.8522769,23.6807365],[88.8518295,23.6805667],[88.8514476,23.6801669],[88.8512621,23.6797672],[88.851273,23.6793875],[88.8513821,23.6790077],[88.8521896,23.6781583],[88.8529207,23.6769791],[88.8531171,23.6764794],[88.8531608,23.6759098],[88.8529862,23.6754301],[88.8512512,23.6747905],[88.8496908,23.6749504],[88.849047,23.6752202],[88.8485014,23.6756999],[88.8480758,23.6763495],[88.8472683,23.6774788],[88.8463736,23.6793975],[88.8459589,23.6809164],[88.8459153,23.6818757],[88.8460026,23.6835645],[88.8461335,23.6859528],[88.8459698,23.6878114],[88.8458061,23.6886608],[88.8456534,23.6894902],[88.8453697,23.6904394],[88.8445513,23.6916385],[88.8440275,23.6919783],[88.8429363,23.692258],[88.8414741,23.692258],[88.8391717,23.6921281],[88.837775,23.6919982],[88.8365965,23.6918583],[88.8353198,23.6915686],[88.8341523,23.6908491],[88.8336285,23.6900298],[88.8336176,23.6894002],[88.8342723,23.6885209],[88.8349379,23.6877815],[88.8353635,23.6871419],[88.835669,23.6861127],[88.8358218,23.6840742],[88.8360618,23.6808165],[88.836291,23.6793775],[88.8367166,23.6769591],[88.837153,23.6745907],[88.8371094,23.6730916],[88.8369894,23.6720423],[88.8367275,23.6714027],[88.8364656,23.670933],[88.8358545,23.6702134],[88.8348943,23.6699536],[88.8333775,23.6700235],[88.8322419,23.6701575],[88.8309224,23.6704433],[88.8288273,23.670823],[88.8275178,23.6712328],[88.8262848,23.6714227],[88.8251609,23.6716225],[88.8241461,23.6716225],[88.8233713,23.6712328],[88.8226512,23.6704533],[88.8223347,23.6699736],[88.822422,23.669314],[88.8227166,23.6688642],[88.8234805,23.6684045],[88.8244843,23.6680247],[88.8253027,23.667635],[88.8269613,23.6669254],[88.8285654,23.6664257],[88.8304204,23.6660759],[88.8321772,23.6657061],[88.832821,23.6654662],[88.8340759,23.6648666],[88.8358873,23.6638072],[88.837284,23.6630076],[88.838266,23.662318],[88.8394445,23.6612486],[88.8399465,23.660559],[88.840372,23.6592197],[88.8399901,23.6578704],[88.8400447,23.6571408],[88.8405248,23.6557915],[88.8413105,23.6539524],[88.8424126,23.652743],[88.8432309,23.6520533],[88.8438638,23.6516535],[88.8445185,23.6515235],[88.8453369,23.6517234],[88.8462317,23.6524331],[88.8468428,23.6531627],[88.8473447,23.6538524],[88.8482068,23.6545821],[88.8486541,23.6549619],[88.8490252,23.6552817],[88.8495162,23.6553917],[88.8500214,23.6552926],[88.8504758,23.655107],[88.8514803,23.6545521],[88.8526915,23.6534026],[88.8532153,23.6522132],[88.8532117,23.6517537],[88.8531345,23.6507797],[88.8529319,23.6503178],[88.8525497,23.6500242],[88.8516876,23.6497843],[88.8490579,23.6490946],[88.8465045,23.648415],[88.8455006,23.6479052],[88.8440493,23.6465558]]}},{"type":"Feature","properties":{"osm_id":658991229,"group":"mathabhanga","version":1,"timestamp":"2018-12-29T07:30:24Z","tags":{"name":"Mathavanga","waterway":"river"},"nodes":[3349811504,6169971010]},"geometry":{"type":"LineString","coordinates":[[88.8440493,23.6465558],[88.8438552,23.6463629]]}},{"type":"Feature","properties":{"osm_id":658991230,"group":"mathabhanga","version":2,"timestamp":"2019-05-05T19:02:49Z","tags":{"name":"মাথাভাঙ্গা","name:en":"Mathavanga","waterway":"river"},"nodes":[6169971010,3349811501,3349811496,3349811493,3349811491,3349811489,3349811485,3349811482,3349811480,3349811479,3349811481,3349811483,3349811486,3349811487,3349811490,3349811495,3349811499,3349811502,3349811505,3349811507,3349811512,3349811513,3349811515,3349811516,3349811514,3349811511,3349811509,3349811506,3349811503,3349811500,3349811498,3349811497,3349811494,3349811492,3349811488,3349811484,3349811478,3349811470,3349811468,3349811464,3349811462,3349811460,3349811456,3349811455,3349811457,3349811459,3349811461,3349811466,3349811471,3349811472,3349811473,3349811475,3349811477,3349811476,3349811474,3349811469,3349811467,3349811465,3349811463,3349811458,3349811454,3349811453,3349811452,3349811445,3349811433,3349811428,3349811421,3349811417,3349811415,3349811411,3349811408,3349811405,3349811402,3349811400,3349811403,3349811404,3349811407,3349811409,3349811412,3349811413,3349811416,3349811418,3349811423,3349811429,3349811435,3349811436,3349811439,3349811446,3349811448,3349811450,3349811451,3349811449,3349811447,3349811441,3349811434,3349811430,3349811425,3349811424,3349811427,3349811431,3349811438,3349811442,3349811444,3349811443,3349811440,3349811437,3349811432,3349811426,3349811422,3349811420,3349811419,3349811414,3349811410,3349811406,3349811401,3349811399,3349811398,3349811397,3349811396,3349811395,3349811394,3349811393,3349811392,3349811391,3349811382,3349811377,3349811374,3349811373,3349811370,3349811371,3349811372,3349811376,3349811379,3349811381,3349811383,3349811385,3349811387,3349811389,3349811390,3349811388,3349811386,3349811384,3349811380,3349811378,3349811375,3349811369,3349811368,3349811367,3349811366,3349811365,3349811364,3349811363,3349811362,3349811361,3349811360,3349811359,3349811358,3349811357,3349811356,3349811355,3349811354,3349811353,3349811352,3349811351,3349811350,3349811349,3349811348,3349811347,3349811346,3349811345,3349811344,3349811343,3349811342,3349811341,3349811340,3349811339,3349811338,3349811337,3349811336,3349811335,3349811332,3349811331,3349811330,3349811334,3349811333,3349811329,3349811328,3349811327,3349811326,3349811325,3349811324,3349811323,3349811322,3349811321,3349811320,3349811319,3349811318,3349811317,3349811316,3349811315,5153907848,3349811313,3349811312,3349811311,3349811310,3349811309,3349811308,3349811307,3349811306,3349811305,3349811304,3349811303,3349811302,3349811301,3349811300,3349811299,3349811298,3349811297,3349811296,3349811295,3349811294,3349811293,3349811292,3349811291,3349811290,3349811289,3349811288,3349811287,3349811286,3349811285,3349811284,3349811283,3349811282,3349811281,3349811280,3349811279,3349811278,3349811277,3349811276,3349811275,3349811274,3349811273,3349811272,3349811271,3349811270,3349811269,3349811268,3349811267,3349811266,3349811265,3349811264,3349811263,3349811262,3349811261,3349811260,3349811258,3349811257,3349811256,3349811255,3349811254,3349811253,3349811252,3349811251,3349811250,3349811249,3349811248,3349811247,3349811246,3349811245,3349811244,3349811243,3349811242,3349811241,3349811240,3349811239,3349811238,3349811237,3349811236,3349811235,3349811234,3349811233,3349811232,3349811231,3349811230,3349811229,3349811221,3349811218,3349811215,3349811213,3349811214,3349811217,3349811219,3349811222,3349811224,3349811226,3349811228,3349811227,3349811225,3349811223,3349811220,3349811216,3349811212,3349811211,3349811210,3349811209,3349811208,3349811207,3349811206,3349811205,3349811204,3349811203,3349811202,3349811201,3349811200,3349811199,3349811198,3349811197,3349811196,3349811195,3349811194,3349811193,3349811192,3349811191,3349811190]},"geometry":{"type":"LineString","coordinates":[[88.8438552,23.6463629],[88.8425108,23.6450264],[88.8409232,23.6431839],[88.8399575,23.6423542],[88.8388499,23.6414646],[88.8380315,23.6408298],[88.836984,23.6401801],[88.8360129,23.6397853],[88.834938,23.6395453],[88.8339451,23.6394904],[88.8331048,23.6396653],[88.8323737,23.6400402],[88.8318227,23.640375],[88.8315826,23.6406149],[88.8313262,23.6412047],[88.830726,23.6427041],[88.8303932,23.6441685],[88.830055,23.6452481],[88.8296785,23.6467274],[88.8291384,23.647792],[88.8284127,23.6485166],[88.8279381,23.6487415],[88.8273761,23.6488015],[88.826705,23.6488315],[88.8263504,23.6487665],[88.8253138,23.6484467],[88.8243863,23.6480468],[88.8228695,23.6470373],[88.8211891,23.6457978],[88.8199888,23.6447783],[88.8192468,23.6440386],[88.8184829,23.6432389],[88.8178391,23.6423842],[88.8175281,23.6417645],[88.8173645,23.6408099],[88.8171462,23.6400701],[88.8167698,23.6392055],[88.8158695,23.637776],[88.8154876,23.6369963],[88.8146856,23.6361816],[88.8140964,23.6356817],[88.8133434,23.6351169],[88.812536,23.6346821],[88.8116466,23.6346271],[88.8111283,23.6347671],[88.8103372,23.635002],[88.8095134,23.6355618],[88.8085749,23.6363165],[88.8072273,23.637821],[88.8065508,23.6383608],[88.8057815,23.6388906],[88.8051432,23.6391355],[88.8041611,23.6392005],[88.8039265,23.6391455],[88.8035937,23.6389905],[88.8014004,23.6374661],[88.8005002,23.6366914],[88.8001564,23.6363015],[88.7999055,23.6356867],[88.7998946,23.634957],[88.8001346,23.6340923],[88.8004729,23.6328427],[88.8005765,23.6321929],[88.8008057,23.6312082],[88.8014331,23.6298087],[88.8017114,23.628789],[88.8020005,23.6279492],[88.802377,23.6265196],[88.8025134,23.6258198],[88.8024807,23.6246951],[88.8024698,23.6237654],[88.8019896,23.6233005],[88.8014277,23.6230256],[88.8008657,23.6229256],[88.7996436,23.6230455],[88.7984706,23.6232505],[88.7974285,23.6236404],[88.7965228,23.6243052],[88.7957589,23.62497],[88.7954207,23.625245],[88.795077,23.6258848],[88.7946623,23.6266396],[88.7945095,23.6280242],[88.794395,23.6289189],[88.7942804,23.6298287],[88.7940622,23.6304535],[88.7935875,23.6308483],[88.7926,23.6313032],[88.7917106,23.6317281],[88.7907613,23.631948],[88.790123,23.632013],[88.7893591,23.631888],[88.7885844,23.6314681],[88.7881643,23.6309233],[88.7876678,23.6298287],[88.7871495,23.6291089],[88.7866257,23.628644],[88.7858892,23.6284491],[88.7848198,23.628754],[88.7842797,23.6292638],[88.782561,23.6305684],[88.7813335,23.6310183],[88.7807278,23.6311333],[88.7799967,23.6310783],[88.779533,23.6308533],[88.7790692,23.6305434],[88.7786982,23.6295737],[88.7781472,23.628724],[88.7775252,23.6279542],[88.7764504,23.6272794],[88.77501,23.6266446],[88.772593,23.6254899],[88.7708526,23.6246251],[88.7684902,23.6234904],[88.7674317,23.6230156],[88.7659641,23.6224457],[88.7643764,23.6221358],[88.7603663,23.6215259],[88.7591878,23.6214109],[88.7584567,23.621266],[88.7571746,23.6206411],[88.7565417,23.6201612],[88.7560943,23.6194764],[88.7559088,23.6188015],[88.7562525,23.6179267],[88.7567054,23.6169869],[88.7575237,23.6162971],[88.7581021,23.6160471],[88.7592806,23.6158722],[88.7604208,23.6159671],[88.7608628,23.6160121],[88.7619867,23.6163321],[88.7645183,23.6172819],[88.7652112,23.6175318],[88.7663842,23.6179817],[88.7679773,23.6183267],[88.7690903,23.6185016],[88.7704161,23.6186566],[88.7717801,23.6187016],[88.772975,23.6186416],[88.7738043,23.6184266],[88.7747318,23.6180117],[88.775943,23.6174868],[88.7767177,23.6169969],[88.7772797,23.6163071],[88.7775143,23.6158622],[88.7776289,23.6155522],[88.777678,23.6151823],[88.7776125,23.6141925],[88.7774706,23.6131877],[88.7771487,23.6116329],[88.7768923,23.611038],[88.7763795,23.6103881],[88.7757575,23.6098282],[88.7748736,23.6091833],[88.7738479,23.6085984],[88.7719547,23.6077485],[88.7708908,23.6070036],[88.770056,23.6063637],[88.7690249,23.6050738],[88.7689157,23.6046089],[88.7688394,23.6042589],[88.7688121,23.603579],[88.769003,23.603229],[88.7708905,23.6003086],[88.7713765,23.5992436],[88.7714529,23.5984137],[88.7713765,23.5979537],[88.7708309,23.5973338],[88.7695542,23.5967038],[88.768223,23.5954439],[88.7656041,23.5937639],[88.7635636,23.5922839],[88.7613151,23.5905245],[88.7585991,23.5880355],[88.7569524,23.5866823],[88.7560542,23.5861835],[88.7547861,23.5854911],[88.7540093,23.5851182],[88.7528997,23.5847357],[88.7518324,23.5845855],[88.7507387,23.5845177],[88.7500412,23.5845129],[88.7489527,23.5846194],[88.7477744,23.5846049],[88.7466648,23.5844403],[88.7461153,23.5842272],[88.7456979,23.5839609],[88.7453069,23.5834572],[88.7443611,23.5822805],[88.7440123,23.5817914],[88.7434893,23.5809682],[88.743093,23.5801304],[88.7428922,23.5791522],[88.7427865,23.578605],[88.7427654,23.577864],[88.7429397,23.5772635],[88.7431194,23.5768713],[88.7436953,23.5759027],[88.7440335,23.5749971],[88.7443347,23.5742465],[88.7449529,23.5731471],[88.7451061,23.5724643],[88.7452593,23.5715441],[88.7453069,23.570871],[88.7452012,23.5699217],[88.7450216,23.5694374],[88.7446834,23.5685463],[88.7437534,23.5674324],[88.7430982,23.5666575],[88.7421524,23.5654322],[88.7412965,23.5644732],[88.7408896,23.5639259],[88.7405356,23.5633544],[88.740488,23.5626619],[88.7404986,23.5624778],[88.7406835,23.5620516],[88.7409583,23.561761],[88.7414972,23.5614559],[88.7423532,23.5611604],[88.7433836,23.5609037],[88.7443928,23.5606809],[88.745867,23.5605114],[88.7471932,23.5603322],[88.7483557,23.5602063],[88.7494388,23.5601385],[88.7504322,23.5598527],[88.7515471,23.5595282],[88.7526778,23.55901],[88.7534176,23.5583319],[88.7536236,23.5579444],[88.753798,23.5572373],[88.7540199,23.5567578],[88.7543686,23.5557988],[88.7547385,23.5549657],[88.7550344,23.5542052],[88.7554254,23.5535271],[88.7559261,23.5530201],[88.7569348,23.5523282],[88.7583247,23.5514583],[88.7597221,23.5506431],[88.7614108,23.5501636],[88.7629128,23.5499376],[88.7645717,23.5498143],[88.7662381,23.5496704],[88.7669405,23.5496225],[88.7675158,23.5492594],[88.7681958,23.5484511],[88.7681286,23.5476359],[88.7679492,23.5471085],[88.7675233,23.5463344],[88.7669704,23.5456219],[88.7659018,23.5445156],[88.7653115,23.5441286],[88.7648449,23.5436823],[88.7644274,23.5431301],[88.7640523,23.5425876],[88.7639572,23.5423211],[88.7638991,23.5416963],[88.7639836,23.5411392],[88.7643587,23.5405967],[88.7653151,23.5400315],[88.7668694,23.539689],[88.7683713,23.5390793],[88.770359,23.5383257],[88.7724513,23.5374556],[88.7736618,23.5366678],[88.7760157,23.5353113],[88.7771365,23.5343865],[88.7786086,23.5332561],[88.7788925,23.5327971],[88.7791317,23.5321805],[88.7793409,23.5315296],[88.7790868,23.53105],[88.7784741,23.5305294],[88.7777642,23.5302553],[88.7761726,23.5300155],[88.7745436,23.5297141],[88.7731537,23.529351],[88.7719506,23.5289879],[88.7707625,23.5284329],[88.7700526,23.5276039],[88.7698658,23.5268571],[88.769963,23.5260007],[88.7704711,23.5252196],[88.771435,23.5239384],[88.7730267,23.523034],[88.7744763,23.5224928],[88.7757466,23.5223489],[88.777966,23.5224243],[88.7792512,23.5225887],[88.7819413,23.523315],[88.7834059,23.5239795],[88.7846762,23.524514],[88.7856551,23.5247812],[88.7865593,23.524925],[88.7872019,23.5249182],[88.7878819,23.5247058],[88.788816,23.5240755],[88.7890775,23.5234931],[88.7891223,23.5225476],[88.788547,23.5211156],[88.7878296,23.5199645],[88.7870375,23.5189162],[88.7862753,23.5178816],[88.7847584,23.516429],[88.7836077,23.5151888],[88.7820235,23.5135718],[88.7809848,23.5117971],[88.7806934,23.5109886],[88.7806037,23.5098648],[88.7806037,23.5091522],[88.7808653,23.5086246],[88.7813958,23.5081381],[88.7823971,23.5075419],[88.7836226,23.5074528],[88.7849751,23.5070485],[88.7860362,23.5067059],[88.7865593,23.5063222],[88.7867386,23.5058494],[88.786761,23.505356],[88.7861707,23.5047461],[88.7854534,23.5041363],[88.7843744,23.5031098]]}},{"type":"Feature","properties":{"osm_id":619854487,"group":"mathabhanga","version":4,"timestamp":"2025-08-18T19:01:55Z","tags":{"name":"Mathavanga","waterway":"river","boundary":"administrative"},"nodes":[3349811190,13078580403,3349811189,3349811188,3349811187,3349811186,3349811185,3349811184,3349811183,3349811182,3349811181,3349811180,3349811179,3349811178,3349811177,3349811176,3349811175,3349811174,3349811173,3349811166,3349811164,3349811161,3349811160,3349811158,3349811156,3349811154,3349811153,3349811150,3349811146,3349811140,3349811138,3349811132,3349811131,3349811128,3349811124,3349811121,3349811115,3349811114,3349811117,3349811118,3349811123,3349811125,3349811127,3349811133,3349811136,3349811147,3349811152,3349811157,3349811163,3349811167,3349811169,3349811170,3349811172,3349811171,3349811168,3349811165,3349811162,3349811159,3349811155,3349811151,3349811149,3349811148,3349811142,3349811134,3349811126,3349811122,3349811116,3349811113,3349811110,3349811106,3349811104,3349811103,3349811105,3349811107,3349811109,3349811112,3349811120,3349811130,3349811135,3349811139,3349811144,3349811145,3349811143,3349811141,3349811137,3349811129]},"geometry":{"type":"LineString","coordinates":[[88.7843744,23.5031098],[88.7834669,23.5023715],[88.7830894,23.5021416],[88.7818218,23.5015871],[88.7801404,23.50108],[88.7786385,23.5005318],[88.7769348,23.5001344],[88.7751115,23.4998328],[88.7736319,23.4994011],[88.772272,23.4988803],[88.7711586,23.4983184],[88.7704561,23.4976742],[88.7701946,23.4972082],[88.7698957,23.4961666],[88.7697313,23.4952346],[88.7697911,23.4944054],[88.769694,23.4933432],[88.7693054,23.492281],[88.7686702,23.4911502],[88.7679529,23.4897796],[88.7677212,23.4891422],[88.7677063,23.4885323],[88.7678632,23.4878675],[88.7684162,23.4874083],[88.7696416,23.4869697],[88.7705309,23.486675],[88.7715845,23.4862227],[88.7725709,23.4854345],[88.773744,23.4841941],[88.7742596,23.4833031],[88.7745286,23.4828782],[88.7748873,23.4820215],[88.7750965,23.4814595],[88.7751115,23.4813772],[88.7750667,23.4808701],[88.7748798,23.480404],[88.774028,23.4799242],[88.7727427,23.4799174],[88.7713379,23.4800545],[88.7703216,23.4802121],[88.7691186,23.4805479],[88.7682294,23.480966],[88.7675867,23.4813155],[88.7667498,23.4820352],[88.7663089,23.4826794],[88.7655318,23.4842009],[88.7646276,23.4862158],[88.7641718,23.4873878],[88.7636263,23.4888132],[88.7631331,23.4898275],[88.7622215,23.4905882],[88.7620123,23.4907184],[88.7615415,23.4908486],[88.7606299,23.490787],[88.7592848,23.4903552],[88.7578202,23.4896151],[88.756662,23.4885597],[88.7559969,23.487422],[88.7559372,23.48686],[88.756109,23.4860788],[88.7565574,23.485181],[88.7575288,23.4842215],[88.7583956,23.4834265],[88.7595239,23.4823504],[88.7607195,23.4811648],[88.7613024,23.4804451],[88.761534,23.4800476],[88.7616162,23.4796364],[88.7613995,23.4791772],[88.7608092,23.47867],[88.7597855,23.4782656],[88.7583209,23.4781971],[88.7571402,23.4784301],[88.7552572,23.4787454],[88.7539121,23.4791772],[88.752851,23.4796227],[88.7516853,23.4803423],[88.7500713,23.4814595],[88.7486142,23.4826726],[88.7476801,23.4832071],[88.7470375,23.4835293],[88.7462678,23.4837075],[88.7452814,23.4834881],[88.7451544,23.483399],[88.7448256,23.4827342],[88.7445267,23.4814595]]}},{"type":"Feature","properties":{"osm_id":975084226,"group":"mathabhanga","version":2,"timestamp":"2022-03-26T23:21:23Z","tags":{"name":"Mathavanga","waterway":"river"},"nodes":[3349811129,3349811119,3349811108,3349811102,9609920289,3349811101,9609920290,3349811100,9609920291,9609920292,3349811099,9609920294,9609920293,3349811098,3349811097,3349811096,3349811095,9609920295,3349811094,3349811093,3349811092,3349811091,3349811090,3349811089,9609920296,3349811088,9609920297,9609920298,3349811087,3349811086,9609920299,3349811080,9609920300,3349811079,9609920301,3349811078,9609920303,9609920302,9609920304,3349811076,9609920305,3349811073,9609920306,3349811072,7042001969,3349811070,3349811068,3349811066,3349811062,3349811060,3349811058,3349811055,3349811054,3349811051,3349811050,3349811049,3349811048,3349811046,3349811045,3349811042,3349811040,3349811037,3349811035,3349811034,3349811036,3349811038,3349811041,3349811043,3349811047,3349811053,3349811057,3349811063,3349811065,3349811069,3349811074,3349811077,3349811082,3349811083,3349811084,3349811085,3349811081,3349811075,3349811071,3349811067,3349811064,3349811061,3349811059,3349811056,3349811052,3349811044,3349811039,3349811033,3349811032,3349811031,3349811030,3349811029,3349811028,3349811027,3349811026,3349811025,3349811024,3349811023,3349811022,3349811021,3349811020,3349811019,3349811018,3349811017,3349811016,3349811015,3349811014,3349811013,3349811012,3349811011,3349811010,3349811009,3349811008,3349811007,3349811006,3349811001,3349810995,3349810991,3349810987,3349810980,3349810971,3349810968,3349810966,3349810964,3349810962,3349810959,3349810957,3349810954,3349810951,3349810949,3349810944]},"geometry":{"type":"LineString","coordinates":[[88.7445267,23.4814595],[88.7440933,23.4802738],[88.7435702,23.4787523],[88.7430562,23.4772469],[88.7430369,23.476962],[88.7430387,23.4765806],[88.7430821,23.4761491],[88.7431255,23.4757852],[88.743277,23.4751461],[88.7433878,23.4748491],[88.7435232,23.474507],[88.7437563,23.4740557],[88.7440314,23.4736173],[88.7445291,23.4728403],[88.7453337,23.4713911],[88.7458246,23.4704642],[88.7463758,23.4695062],[88.7466805,23.4689],[88.7469747,23.4680298],[88.7471717,23.4671827],[88.7472627,23.4661679],[88.7471413,23.4640287],[88.7466631,23.4614282],[88.7462033,23.4589239],[88.7461343,23.4584912],[88.7459109,23.4573597],[88.7458439,23.4570492],[88.7457542,23.4567088],[88.7455733,23.4562783],[88.7451918,23.4556667],[88.7450587,23.4554987],[88.7448555,23.4553308],[88.7446097,23.4551855],[88.7443324,23.4550916],[88.7440389,23.4550449],[88.743542,23.4549982],[88.7432654,23.4549664],[88.7429888,23.4549024],[88.742642,23.4547934],[88.7422496,23.4546424],[88.7414751,23.4542963],[88.7406761,23.4540307],[88.7399133,23.4537998],[88.7393191,23.4535883],[88.7384972,23.4532677],[88.7378837,23.4529795],[88.7364864,23.4523968],[88.7354029,23.4517592],[88.7335198,23.4504088],[88.7318011,23.4491817],[88.7303739,23.4485578],[88.7284535,23.4479066],[88.7262715,23.4473101],[88.7239476,23.4469194],[88.7220645,23.4467891],[88.7202338,23.4466452],[88.7175362,23.446371],[88.7156083,23.446083],[88.7138747,23.4456511],[88.7118123,23.4451027],[88.7111323,23.4448216],[88.7092268,23.444136],[88.7077772,23.443807],[88.7060809,23.4437658],[88.7044146,23.4439372],[88.7029276,23.4442663],[88.701448,23.4448696],[88.7005663,23.445418],[88.699677,23.4461447],[88.6991316,23.4473033],[88.6987355,23.4485236],[88.697794,23.4507173],[88.6974801,23.4514165],[88.6969496,23.4528218],[88.6962995,23.4541723],[88.6957166,23.4549195],[88.6945584,23.4554816],[88.6940876,23.4556324],[88.6939681,23.4556392],[88.6932731,23.4556461],[88.6927202,23.455365],[88.6917488,23.4543573],[88.6907101,23.4530891],[88.6901721,23.4519855],[88.6898657,23.4509366],[88.6897536,23.4499289],[88.6898209,23.4490514],[88.6900974,23.448078],[88.6907699,23.4469674],[88.6919655,23.445514],[88.6928622,23.4447119],[88.6939681,23.4436767],[88.6953505,23.4427032],[88.6962995,23.4420588],[88.6984291,23.4409482],[88.6998937,23.4403106],[88.7016498,23.4395016],[88.7032115,23.4389326],[88.7052889,23.4383704],[88.7074633,23.4376368],[88.7095855,23.4368415],[88.7104673,23.436437],[88.7112444,23.4359502],[88.7118048,23.43534],[88.7121785,23.4348053],[88.71244,23.4341334],[88.7123204,23.4335369],[88.7117525,23.4327073],[88.7107064,23.4313703],[88.7093613,23.4304242],[88.7076576,23.4292037],[88.7062304,23.4282781],[88.7049825,23.4272154],[88.7041605,23.4262006],[88.703488,23.4251173],[88.7031742,23.4242122],[88.7029425,23.4228546],[88.7029948,23.4215244],[88.7032788,23.4205713],[88.703884,23.4190079],[88.704556,23.4172011],[88.7051795,23.415824],[88.7060354,23.41467],[88.707219,23.4133803],[88.7083603,23.4118966],[88.7093008,23.4110529],[88.7098926,23.4104904],[88.7104739,23.409637],[88.7107063,23.4090842],[88.7107697,23.4083666],[88.7110762,23.4071834],[88.7111925,23.4065724],[88.7110973,23.4059809],[88.7108437,23.4053796],[88.7101463,23.4046037]]}},{"type":"Feature","properties":{"osm_id":259726789,"group":"kumar","version":12,"timestamp":"2024-01-09T10:41:23Z","tags":{"name":"কুমার নদ","name:bn":"কুমার নদ","name:en":"Kumar Nod","wikidata":"Q24765069","waterway":"river"},"nodes":[2651790362,2651790360,4395744527,4395715182,2651790358,2651790357,4395744528,2651790356,4395744529,4395744530,6156839035,2651790355,2651790354,2651790353,2651790352,6156839350,2651790351,6156839349,2651790350,6156839348,6156839347,2651790349,6156839345,6156839346,6156839344,2651790348,2651790347,2651790346,6157102371,6157102372,2651790345,6157102364,6157102365,2651790344,6157102363,2651790343,6157102362,6157102361,2651790342,6157102360,2651775826,6157102321,2651775825,6157102358,6157102359,2651775824,6157102357,2651775823,6157102356,6157102355,2651775822,2651775821,2651775820,6157102354,2651775819,6157102353,2651775818,6157102352,2651775817,2651775816,6157102351,6157102350,2651775815,6157102349,2651775814,2651775813,2651775812,2651775811,2651775810,2651775809,2651775808,6157102348,6157102347,6157102231,6157102230,6157102229,6157102228,6157102227,6157102226,6157102225,4383044676,6157102224,4383044675,4383044674,4383044673,4383044672,4383044671,7074263296,4383044670,4383044669,4383044668,4383044667,4383044666,4383044665,4383044664,6157102009,4383044663,4383044662,4383044661,4383044660,4383044659,6157102223,6157102222,6157102221,6157102220,6157102219,6157102218,6157102217,6157102216,6157102215,6157102214,6157102213,10711287223,6157102212,6157102211,6157102210,6157102209,6157102037,6157102208,6157102207,6157102206,6157102205,6157102204,6157102203,6157102202,6157102201,6157102200,6157102199,6157102198,6157102197,6157102196,6157102195,11502819490]},"geometry":{"type":"LineString","coordinates":[[88.905445,23.6133706],[88.9068826,23.6173027],[88.9081114,23.620362],[88.9092565,23.6235555],[88.9095219,23.6243214],[88.9096507,23.6277814],[88.9100855,23.6291694],[88.910702,23.6305925],[88.9120811,23.6332583],[88.9126068,23.6346147],[88.9127934,23.6353149],[88.9127701,23.6359985],[88.9120968,23.6371386],[88.9092,23.640441],[88.9087011,23.6416352],[88.908534,23.6424701],[88.9084652,23.6433454],[88.9090276,23.6450991],[88.9093932,23.6467852],[88.9102399,23.6503276],[88.9102346,23.6521703],[88.9103695,23.6542199],[88.910594,23.6561504],[88.911109,23.6579783],[88.911227,23.6596194],[88.9110883,23.6618949],[88.9105787,23.6682183],[88.9102112,23.671429],[88.9100924,23.6720844],[88.9098805,23.6726961],[88.9092215,23.6738732],[88.908805,23.6744623],[88.9083195,23.6750027],[88.9072528,23.6760522],[88.9056373,23.6775181],[88.9041467,23.678963],[88.9029711,23.680117],[88.9024776,23.6807163],[88.9023014,23.6815324],[88.9022577,23.682706],[88.9024859,23.6837181],[88.9027458,23.6841883],[88.9030062,23.6844881],[88.9039743,23.6852851],[88.9051759,23.686022],[88.9077859,23.6870782],[88.9099395,23.6883014],[88.914588,23.6916959],[88.9184904,23.6945302],[88.919692,23.6954242],[88.9206606,23.6963919],[88.9209717,23.6982684],[88.9211326,23.7023158],[88.9217412,23.7036666],[88.9234179,23.7057738],[88.9250243,23.7079889],[88.9264434,23.7096147],[88.9280176,23.7105724],[88.9296406,23.7111079],[88.9344579,23.7122769],[88.9367401,23.7129103],[88.9376843,23.7133131],[88.9386206,23.7138387],[88.9406669,23.7152286],[88.9429658,23.7169427],[88.9462381,23.719035],[88.9516025,23.7222567],[88.9550143,23.725606],[88.9562695,23.7271383],[88.9567845,23.7293875],[88.9564198,23.7360563],[88.9560196,23.7412078],[88.9558724,23.7418359],[88.9554405,23.7449884],[88.9552045,23.7460785],[88.9545715,23.7480033],[88.9543354,23.7487594],[88.9544642,23.7497218],[88.954668,23.750478],[88.9551616,23.7519215],[88.9553579,23.7528276],[88.9553118,23.7534044],[88.955036,23.7538881],[88.9531424,23.7570791],[88.9525202,23.758061],[88.9498809,23.7631868],[88.9481642,23.7661129],[88.9452518,23.769913],[88.9428213,23.7730842],[88.9418128,23.7746944],[88.9397958,23.7803889],[88.9391306,23.7838644],[88.9390018,23.7854549],[88.9391306,23.7868097],[88.9396072,23.7875089],[88.9423961,23.7894431],[88.9426517,23.7896203],[88.9432311,23.7903664],[88.94351,23.7913088],[88.9431989,23.7921924],[88.9422011,23.7937042],[88.9404845,23.7968309],[88.9376092,23.8021514],[88.9349055,23.807138],[88.934133,23.8085907],[88.9337844,23.8093416],[88.9335966,23.8100974],[88.9335376,23.81209],[88.9335269,23.8150543],[88.9335376,23.8176553],[88.9333069,23.8192846],[88.9328939,23.8200894],[88.9327185,23.8203412],[88.9325237,23.82059],[88.9312631,23.8224303],[88.9296806,23.8246925],[88.9267409,23.8289667],[88.9247884,23.8311749],[88.9217842,23.8344822],[88.91922,23.8374852],[88.9180612,23.8392811],[88.9157116,23.8435892],[88.913995,23.8467097],[88.9135229,23.8479559],[88.9135122,23.849732],[88.9136302,23.8519889],[88.9137268,23.855649],[88.9141023,23.8612418],[88.9143491,23.8650586],[88.9145851,23.8689046],[88.9148426,23.8709355],[88.9156902,23.8729468],[88.9158004,23.8731373]]}},{"type":"Feature","properties":{"osm_id":1238279158,"group":"kumar","version":1,"timestamp":"2024-01-09T10:41:23Z","tags":{"name":"কুমার নদ","name:bn":"কুমার নদ","name:en":"Kumar Nod","wikidata":"Q24765069","waterway":"river"},"nodes":[11502819490,11502819489]},"geometry":{"type":"LineString","coordinates":[[88.9158004,23.8731373],[88.915851,23.8732247]]}},{"type":"Feature","properties":{"osm_id":1238279157,"group":"kumar","version":2,"timestamp":"2025-10-30T02:55:10Z","tags":{"name":"কুমার নদ","name:bn":"কুমার নদ","name:en":"Kumar Nod","wikidata":"Q24765069","waterway":"river"},"nodes":[11502819489,6157102194,6157102193,6157102192,6157102191,6157102190,6157102189,8348791505,2651772049,2651772048,6157102188,2651772047,8348808362,8348808361,2651772046,8348828008,2651772045,2651772044,8348827932,2651772043,8348827996,2651772042,2651772041,2651772040,8348827997,2651772039,2651772038,2651772037,2651772036,2651772035,2651772034,2651772033,2651772032,2651772031,2651772030,2651772029,2651772028,2651772027,2651772026,2651772025,6157101529,6157101528,6157101527,6157101526,6157101525,6157101524,6157101523,6157101522,6157101521,6157101520,6157101519,6157101518,6157101517,6157101516,6157101515,6157101514,6157101513,6157101512,6157101511,6157101510,6157101509,6157101508,3295112102,3295112103,3295112104,13269448820,3295112105,3295112106,3295112107,3295112108,3295112109,3295112110,3295112111,3295112112,3295112116,3295112125,3295112128,3295112132,3295112138,3295112140,3295112144,3295112150,3295112152,8535598367,283680388,3295112156]},"geometry":{"type":"LineString","coordinates":[[88.915851,23.8732247],[88.9172566,23.8756546],[88.9195096,23.8800497],[88.9209795,23.8824336],[88.922621,23.8854747],[88.924638,23.8890946],[88.9269769,23.893244],[88.9287421,23.8960696],[88.9295463,23.8968886],[88.9303724,23.8975555],[88.9342403,23.8994434],[88.9382044,23.9008219],[88.941505,23.9026288],[88.9417089,23.9027404],[88.9479378,23.905615],[88.9522708,23.9076046],[88.9552879,23.9088133],[88.9654054,23.9124037],[88.9657304,23.9125101],[88.9716717,23.9147011],[88.972164,23.9150558],[88.97248,23.9154669],[88.9732598,23.9175107],[88.9732842,23.9184986],[88.9731935,23.9190442],[88.9733585,23.9199647],[88.9753262,23.9215953],[88.9798752,23.9266754],[88.9834372,23.9309707],[88.9860363,23.9333439],[88.9885923,23.9342191],[88.9971057,23.9378743],[89.0006892,23.9394041],[89.0025989,23.9406592],[89.0031353,23.9424635],[89.0028993,23.9441696],[89.0020839,23.9472682],[89.0008823,23.9514059],[89.0006462,23.9538375],[89.0002385,23.9562299],[88.999815,23.9568276],[88.9986187,23.9580433],[88.9975083,23.95921],[88.9968806,23.9601562],[88.996312,23.9614748],[88.9961833,23.9622494],[88.9961672,23.9634651],[88.9961135,23.9654161],[88.9961028,23.9678082],[88.9960813,23.9700434],[88.996076,23.9730237],[88.9957327,23.9751314],[88.9953196,23.977244],[88.9951211,23.9793271],[88.9951426,23.9816356],[88.995105,23.9843607],[88.9950889,23.9863555],[88.9950406,23.9885757],[88.9950675,23.9909086],[88.9950406,23.9933493],[88.9950353,23.9954861],[88.9950138,23.9978482],[88.9949818,24.0000564],[88.9949664,24.0039081],[88.9949627,24.0056806],[88.994978,24.0058544],[88.9950424,24.0065867],[88.9957408,24.0100984],[88.9968012,24.0148585],[88.9977278,24.0179169],[88.9987261,24.0219992],[88.9992791,24.0242905],[88.9998934,24.0255297],[89.000518,24.0263714],[89.0014907,24.0274048],[89.0045727,24.0305563],[89.0089602,24.035003],[89.0124005,24.0385237],[89.016358,24.0425306],[89.0177329,24.0439401],[89.019438,24.0456658],[89.0218924,24.0480064],[89.0226382,24.0487138],[89.0242438,24.0490703],[89.0253876,24.0493646],[89.0307216,24.049956]]}},{"type":"Feature","properties":{"osm_id":550203984,"group":"bhairab","version":7,"timestamp":"2024-08-15T04:30:05Z","tags":{"name":"Bhairab River","waterway":"river"},"nodes":[5468738041,5468738042,5468738043,5468738044,5468738045,5468738046,5468738047,5468738048,5468738049,5468738050,5468738051,5468738052,5468738053,5468738054,5468738055,5468738056,5468738057,5468738058,5468738059,5468738060,5468738061,5468738062,5468738063,5468738064,5468738065,5468738066,5468738067,5468738068,5468738069,5468738070,5468738071,5468738072,5468738073,5468738074,5513059831,5460912153,5513059832,5513059835,5513059834,5513059833,5460912154,5513059837,5513059838,5513059836,5460912155,5513059839,5513059840,5460912156,5513059841,5460912163,5513059933,5460912164,5314395036,5513059931,5513059932,5513059930,5314395035,5513059928,5513059929,5460912162,5513059926,5513059927,5513059925,5314395034,5513059923,5513059924,5513059922,5314395033,5513059921,5314395032,5513059915,5210117341,5513059913,5513059914,5513059912,5210117333,5513059910,5513059911,5513059909,5210116315,5513059907,5513059908,5513059906,5210085627,5513059902,5513059903,5513059904,5513059821,5513059905,5513059900,5513059720,5513059901,5513058931,5210151000,5513059897,5513059898,5513059899,5513059822,5513059896,5210151177,5513059895,5513059719,5513059718,5513059894,5513059893,5314395031,5513059887,5513059890,5513059889,5513059891,5513059888,5513059892,5513059885,5513059886,5513059870,5513059876,5513059871,5513059872,5314395030,5513059875,5513059874,5513059883,5513059873,5513059877,5513059882,5513059881,5513059884,5513059878,5513059879,5513059880,5314395029,5513059823,5513058932,5314395028,5513058933,5460912161,5513059825,5314395027,5513059869,5513059824,5314395026,5513059826,5513059827,5314395025,5513059868,5513059867,5513059830,5314395024,5513059829,5513059866,5513059828,5460912165,5513059862,5513059865,5513059863,5314395023,5513059864,5314395022,5513059853,5460912160,5513059854,5513059856,5513059855,5460912159,5513059857,5513059859,5513059858,5460912158,5513059860,5513059861,5460912157,5519812319,5519812320,5519813321,5519813322,5519813323,5519813324,5519813325,5519813326,5519813327,5519813328,5519813329,5519813330,5519813331,5519813332,5519813333,5519813334,5519813335,5519813336,5519813337,5519813338,5519813339,5519813340,5519813341,5519813342,5519809122,5519809123,5519809124,5519809125,5519809126,5519809127,5519809128,5519809129,5519809130,5519809131,5519809132,5519809133,5519809134,5519809135,5519809136,5519809137,5519809138,5519809139,5519809140,5519809141,5519809142,5519809143,5519809144,5519809145,5519809146,5519809147,5519809148,5519809149,5519809150,5519809151,5519809152,5519809153,5519809154,5519809155,5519809156,5519809157,5519809158,5519809159,5519809160,5519809161,5519809162,5519809163,5519809164,5519809165,5519809166,5519809167,5519809168,5519809169,5519809170,5519809171,5519809172,5519809173,5519809174,5519809175,5519809176,5519809177,5519809178,5519809179,5519809180,5519809181,5519809182,5519809183,5519809184,5519809185,5519809186,5519809187,5519809188,5519809189,5519809190,5519809191,5519809192,5519809193,5519809194,5519809195,5519809196,5519809197,5519809198,5519809199,5519809200,5519809201,5519809202,5519809203,5519809204,5519809205,5519809206,5519809207,5519809208,5519809209,5314395070,5314395071,5519809210,5314395072,5519804641,5519804640,5314395073,5461630225,5461630224,5314395074,5314395075,5519789833,5519789832,5314395076,5314395037,5519789831,5519789830,5314395077,5519779055,5314395078,5519779056,5519789829,5519789827,5314395079,5519779057,5519779058,5314395080,5519789828,5314395081,5314395082,5314395083,5519789834,5519803590,5519779059,5519803589,5314395084,5519789826,5314395085,5314395086,5314395087,5519803591,5519779060,5519803592,5314395088,5519803593,5519779061,5314395089,5519803595,5519803594,5519779063,5519789835,5519779062,5314395090,5314395091,5314395092,5459076225,5459076224,5314395093,5459076226,5459076227,5314395094,5459076222,5459076223,5519779064,5314395095,5314395096,5314395097,5314395098,5461005788,5461005789,5314395099,5461005790,5314395100,5461005791,5314395101,5461005792,5461005793,5461005794,5314395102,5461005795,5314395103,5461005796,5461005797,5314395104,5461005798,5461005799,5461005800,5461005801,5314395105,5461005802,5461005803,5314395106,5461005804,5461005805,5461005806,5314395107,5461005807,5314395108,5461005808,5461005809,5461005810,5461005811,5314395109,5461005813,5461005817,5314395110,5461005812,5461005818,5314395111,5461005814,5314395112,5461005815,5461005816,5314395113,5314395114,5314395115,5314395116,5460858611,5513146658,5513146657,5314395117,5513146655,5513146656,5513146654,5513146653,5513146652,5314395118,5513146650,5513146651,5513146649,5449926125,5513146648,5314395119,5453163862,5449926124,5449926123,5513146647,5513146643,5314395120,5513146646,5449926127,5513146644,5314395321,5513146645,5449926126,5314395322,5513146640,5314395323,5513146641,5314395324,5449992995,5449926122,5314395325,5449926121,5314395326,5513146642,5450094718,5513146639,5314395327,5513146638,5513196370,5314391589,5314391590,5314391591,5314391592,5314391593,5314391594,5513196367,5517849021,5314391595,5517849022,5314391596,5513196368,5513196364,5314391597,5513196365,5513196366,5517846620,5314391598,5517849023,5513196369,5314391599,5314391600,5314391601,5517849024,5314391602,5314391603,5517841382,5513246964,5314391604,5513246963,5314391605,5314391606,5314391607,5513246969,5513246967,5513246968,5513246966,5314391608,5513246965,5513246008,5455798699,5513246010,5455798704,5513246009,5455798703,5513246011,5455798702,5314391609,5513246012,5455798701,5513246013,5513246015,5513246014,5455798700,5513246016,5314391610,5513246017,5513246019,5513246018,5513246922,5513246921,5513246020,5513246924,5513246923,5314391611,5314391612,5513304264,5314391613,5513304263,5513304266,5513304265]},"geometry":{"type":"LineString","coordinates":[[89.3847415,23.1198995],[89.3846342,23.1205582],[89.3845403,23.1213031],[89.3842828,23.1222923],[89.3838349,23.1233801],[89.3832314,23.1248281],[89.3828103,23.1261428],[89.3822819,23.1276352],[89.3819198,23.1283086],[89.3810481,23.1294309],[89.3799618,23.1307776],[89.3790713,23.1317199],[89.3781111,23.1327706],[89.3775505,23.1333379],[89.3770194,23.1339521],[89.3764025,23.1344503],[89.3755791,23.1352692],[89.374592,23.1359944],[89.3738624,23.1364334],[89.3731973,23.1370278],[89.3729344,23.1374249],[89.3725535,23.1380317],[89.3722585,23.1383646],[89.3720895,23.138483],[89.3718347,23.1385422],[89.3715316,23.1385595],[89.3709093,23.1383696],[89.3699545,23.1379454],[89.3693188,23.1374989],[89.3681037,23.1368897],[89.3670014,23.1363545],[89.3659338,23.1360289],[89.3649039,23.1357749],[89.3641314,23.1355504],[89.3635821,23.1354306],[89.3630006,23.1353337],[89.3621391,23.1352441],[89.3614058,23.1351944],[89.3607265,23.1351416],[89.3603481,23.1351292],[89.3600035,23.1350867],[89.3591011,23.134893],[89.358584,23.1347687],[89.357996,23.1346475],[89.3574366,23.1344701],[89.3572424,23.1344455],[89.3571174,23.1344455],[89.3568465,23.1344923],[89.3565834,23.1346164],[89.3563702,23.1347809],[89.3559533,23.134623],[89.3556181,23.1344257],[89.355146,23.1340138],[89.3548322,23.1337548],[89.3545479,23.1334243],[89.3543118,23.133074],[89.3541401,23.1327188],[89.3540221,23.1324722],[89.3539631,23.1322255],[89.353829,23.1315546],[89.35377,23.1311008],[89.3537539,23.1306666],[89.3537807,23.1299365],[89.3538773,23.1289795],[89.3539631,23.1284862],[89.3541026,23.127983],[89.3542421,23.1274354],[89.3544942,23.1268828],[89.3548107,23.1263846],[89.3552399,23.1258765],[89.3558729,23.1250032],[89.3564527,23.1240724],[89.3567526,23.1236071],[89.3570208,23.1231088],[89.3572462,23.1226303],[89.3576121,23.1217801],[89.3576699,23.1214955],[89.3576968,23.1212291],[89.3576592,23.120869],[89.3575874,23.1205677],[89.357509,23.1203855],[89.3573856,23.120198],[89.3571657,23.1199563],[89.3569312,23.1198294],[89.3567312,23.1197984],[89.3565112,23.1197935],[89.3558696,23.1197363],[89.3551648,23.1197491],[89.3547858,23.1197339],[89.3545884,23.1197611],[89.354167,23.1197885],[89.3537861,23.1198527],[89.3532345,23.1199104],[89.352805,23.1199996],[89.3523055,23.1201635],[89.3517637,23.1203411],[89.3506586,23.1208049],[89.3501767,23.1209884],[89.3495053,23.1212933],[89.3485229,23.1217793],[89.3468298,23.1226827],[89.3459956,23.1231577],[89.3454676,23.1234083],[89.3450201,23.1237057],[89.3445518,23.1239902],[89.3442531,23.124279],[89.3440497,23.1244951],[89.3439317,23.1246283],[89.3437225,23.124875],[89.3436044,23.125018],[89.3433094,23.1254127],[89.3430519,23.1257531],[89.3427515,23.126133],[89.342435,23.1266362],[89.3423277,23.126799],[89.3422043,23.1271246],[89.3421668,23.1273318],[89.3420809,23.1275784],[89.3418932,23.1278448],[89.341464,23.1281556],[89.3412924,23.1282987],[89.3412065,23.1283875],[89.3410939,23.1285454],[89.341051,23.128718],[89.3410081,23.1289746],[89.3409759,23.1292459],[89.3409544,23.1295073],[89.3409061,23.1297688],[89.3408096,23.1300303],[89.3406218,23.1304496],[89.3401122,23.1314116],[89.3400174,23.1316553],[89.3400425,23.1318901],[89.3401068,23.1320331],[89.3402034,23.1322305],[89.3404341,23.1324574],[89.3411162,23.1328213],[89.3420648,23.1331777],[89.3429889,23.1333834],[89.3436283,23.1335025],[89.3444145,23.1335822],[89.3452207,23.1335965],[89.3461233,23.133526],[89.3478477,23.1333848],[89.3489528,23.133296],[89.3495214,23.1332664],[89.3498616,23.1332441],[89.350326,23.1333305],[89.3506706,23.1334477],[89.3509698,23.1336611],[89.3512156,23.1338706],[89.3513882,23.1340705],[89.3516672,23.1344306],[89.351871,23.1348154],[89.3520212,23.1352298],[89.3520721,23.1354617],[89.3519959,23.136368],[89.3518388,23.1374151],[89.3518557,23.1377022],[89.3519432,23.1379874],[89.3517611,23.1383517],[89.3516597,23.1386283],[89.3515347,23.1389173],[89.3514365,23.1391218],[89.3512373,23.1394052],[89.3510751,23.1396382],[89.3509433,23.1397874],[89.3507767,23.1399703],[89.3505242,23.1401851],[89.3503113,23.1403374],[89.3498103,23.1406434],[89.3493592,23.1408985],[89.3486737,23.1412195],[89.3483885,23.1413174],[89.3479499,23.1414818],[89.3472687,23.1416619],[89.3468131,23.1417481],[89.3460467,23.1418734],[89.3457146,23.1419399],[89.3454165,23.1419908],[89.3452249,23.1419908],[89.3450248,23.1420065],[89.3447907,23.1419791],[89.3445352,23.1419321],[89.3443351,23.1418929],[89.3442073,23.1418929],[89.344037,23.1419321],[89.343624,23.1419595],[89.3432664,23.1419712],[89.3429258,23.1419908],[89.3426064,23.1419908],[89.3423637,23.1419595],[89.3422232,23.1418812],[89.342087,23.141846],[89.3418954,23.1417833],[89.3414211,23.1416721],[89.3409169,23.1416129],[89.340367,23.1415735],[89.3394899,23.1415981],[89.3388408,23.1415636],[89.3378538,23.1415019],[89.3373871,23.1414526],[89.3367702,23.1414107],[89.3363196,23.1413367],[89.3356034,23.1413367],[89.3351394,23.1413244],[89.3346512,23.1413318],[89.3340343,23.141386],[89.3332967,23.141497],[89.3325859,23.1416524],[89.3320388,23.1418546],[89.3316096,23.1420322],[89.3312529,23.1421309],[89.3304482,23.1423701],[89.3294907,23.1427253],[89.3289703,23.1429596],[89.3286806,23.1431445],[89.3283641,23.1433665],[89.3281898,23.1434454],[89.327876,23.1435515],[89.3276668,23.1435959],[89.3274736,23.1436329],[89.3272725,23.1436501],[89.3270498,23.1436822],[89.3262559,23.1439165],[89.3258241,23.1440645],[89.3251643,23.1443531],[89.3248129,23.1444344],[89.3242845,23.1446317],[89.3240485,23.1447551],[89.3236729,23.1449746],[89.3231767,23.1452903],[89.3226698,23.1456257],[89.3223855,23.1458476],[89.3221199,23.1460819],[89.3220341,23.1461979],[89.321959,23.1463483],[89.3219,23.1464766],[89.3218839,23.1466245],[89.3218785,23.1467232],[89.3219,23.1468539],[89.3219402,23.1469945],[89.3219858,23.1471129],[89.3220717,23.1472485],[89.3222219,23.1473841],[89.3223479,23.1474507],[89.3226108,23.1475124],[89.3235764,23.1476604],[89.3239358,23.1477097],[89.3248075,23.1478305],[89.3254378,23.1478675],[89.3261084,23.1478799],[89.3267414,23.1479292],[89.327184,23.1480032],[89.3275461,23.1482079],[89.3277928,23.1484052],[89.3279806,23.1486839],[89.3281093,23.1489428],[89.3281817,23.1491944],[89.3282238,23.1495468],[89.3282493,23.1500009],[89.3282493,23.1502691],[89.3281855,23.150735],[89.3281408,23.1509307],[89.328062,23.1512439],[89.3279705,23.151518],[89.3278555,23.1518253],[89.3277746,23.1520249],[89.3276788,23.1521815],[89.3275149,23.1523929],[89.3274084,23.1525006],[89.3271743,23.152712],[89.3270359,23.152804],[89.3269081,23.1529077],[89.3268017,23.1530154],[89.3262503,23.1537083],[89.326046,23.1540959],[89.3253881,23.1549923],[89.3245898,23.1561159],[89.324064,23.156844],[89.3239299,23.1570358],[89.3233465,23.1578853],[89.3227079,23.1590245],[89.32242,23.1595669],[89.3219017,23.1606028],[89.3215945,23.1612167],[89.3213581,23.1618457],[89.3212509,23.1635028],[89.3211758,23.1639861],[89.3209505,23.16443],[89.3206608,23.1653375],[89.3207467,23.1660575],[89.3206205,23.1662203],[89.3191695,23.1671327],[89.3182266,23.1676012],[89.3177838,23.1677969],[89.3174743,23.1678232],[89.3171515,23.1677375],[89.3158167,23.1671315],[89.3150844,23.1668888],[89.3143368,23.16674],[89.3129659,23.1667205],[89.3116808,23.166679],[89.3108707,23.1667205],[89.3100603,23.1668496],[89.3097792,23.1668888],[89.3094706,23.1669946],[89.3091675,23.1672797],[89.3090053,23.1676152],[89.309037,23.1680449],[89.3093279,23.168705],[89.3097925,23.1693619],[89.3103719,23.1703482],[89.3107366,23.171305],[89.3107074,23.1715938],[89.3106455,23.1717488],[89.3104922,23.1718778],[89.3103236,23.171951],[89.31005,23.1719461],[89.3093279,23.1717817],[89.3086123,23.1717488],[89.3051791,23.1719264],[89.3029475,23.1719461],[89.3026096,23.1719806],[89.3022735,23.1720642],[89.3019926,23.1721729],[89.3017727,23.1723012],[89.3014347,23.1726266],[89.3012322,23.1729216],[89.3009305,23.173465],[89.3007213,23.1740815],[89.3006676,23.1744069],[89.3006753,23.1747239],[89.3007176,23.1751714],[89.3007969,23.1755709],[89.3009818,23.1760788],[89.3020463,23.1781204],[89.3035912,23.1807439],[89.3038166,23.1818583],[89.3038541,23.1823959],[89.3037415,23.1828989],[89.3035698,23.1832292],[89.3032908,23.1835547],[89.3026042,23.1838604],[89.3019819,23.1839689],[89.3012845,23.1839147],[89.3005028,23.1837699],[89.2999649,23.1836237],[89.2982053,23.1828594],[89.2962742,23.1817104],[89.2950242,23.1808327],[89.2919505,23.178791],[89.2913175,23.1781795],[89.2908132,23.1775434],[89.2905289,23.1769467],[89.2903841,23.1763943],[89.2903787,23.1753242],[89.2906147,23.1742688],[89.2909366,23.1735686],[89.2914838,23.1728782],[89.2923582,23.171951],[89.2939514,23.1703729],[89.2945737,23.1696775],[89.2950994,23.1688095],[89.2956036,23.1676752],[89.2958611,23.1667727],[89.2959845,23.1654509],[89.2959845,23.1648048],[89.2957967,23.1639812],[89.2958075,23.1629948],[89.2956304,23.1622205],[89.2953247,23.1619345],[89.2950189,23.1617865],[89.2945093,23.1617273],[89.2937797,23.1620479],[89.2922616,23.1626989],[89.2905664,23.1634979],[89.2895633,23.1637593],[89.2887426,23.1639763],[89.2877608,23.1642968],[89.2862481,23.164938],[89.2855078,23.1653375],[89.2848158,23.1656433],[89.2838824,23.1660921],[89.2833191,23.1661956],[89.2827612,23.1661562],[89.2827022,23.1660773],[89.282214,23.1659293],[89.2818707,23.1656186],[89.2816025,23.1653523],[89.2814738,23.1649824],[89.2814576,23.1646372],[89.2815274,23.1642229],[89.2818547,23.1627729],[89.282096,23.1615448],[89.2825842,23.1604351],[89.2838287,23.1577816],[89.2859959,23.1528296],[89.2877126,23.1489231],[89.2902016,23.1435762],[89.2913711,23.1416031],[89.2918786,23.1405953],[89.2920543,23.1401727],[89.2922433,23.1396454],[89.2925612,23.1387184],[89.2928654,23.137724],[89.2931155,23.1368352],[89.293325,23.1360708],[89.2934196,23.1356046],[89.2934756,23.1351062],[89.2934737,23.1347158],[89.2934654,23.1342994],[89.2934269,23.1337911],[89.2933146,23.1332754],[89.2931087,23.1325156],[89.2928758,23.1316484],[89.292562,23.1308442],[89.292208,23.1300599],[89.2918003,23.1293101],[89.291588,23.1289791],[89.2914427,23.1288019],[89.2913127,23.1286703],[89.2910811,23.1284383],[89.2908003,23.1282355],[89.2904477,23.1279846],[89.2901238,23.1278676],[89.2898239,23.1278354],[89.2894941,23.1278881],[89.2887477,23.1281033],[89.2863607,23.1289746],[89.2841291,23.1298428],[89.282788,23.1304447],[89.2819404,23.1310465],[89.2808461,23.1319641],[89.2798805,23.133],[89.2779922,23.1350522],[89.276855,23.1365222],[89.2754388,23.1379528],[89.2748809,23.1383277],[89.2743927,23.1385792],[89.2738724,23.138742],[89.2733145,23.1388012],[89.2719734,23.1388505],[89.2712867,23.1387914],[89.2706054,23.1386878],[89.2698759,23.1384756],[89.2673331,23.1376025],[89.2659438,23.1370352],[89.2632562,23.1361769],[89.2619419,23.1358809],[89.2603218,23.1355948],[89.2595752,23.1355052],[89.25897,23.1354764],[89.2583045,23.1354959],[89.2577094,23.1355454],[89.2568875,23.1356858],[89.2562735,23.1358284],[89.2559314,23.1359026],[89.2554017,23.136077],[89.2549353,23.1362696],[89.2545636,23.1364219],[89.2542423,23.136582],[89.2538877,23.1367669],[89.2535957,23.1369662],[89.2531282,23.1372868],[89.2523289,23.1378936],[89.2513633,23.1386384],[89.2506469,23.1392809],[89.24999,23.1399308],[89.2489332,23.1412644],[89.2486006,23.1415981],[89.2480165,23.1419673],[89.247297,23.142486],[89.2463304,23.1431262],[89.2453337,23.1436748],[89.2429089,23.14476],[89.2396688,23.1458452],[89.2375509,23.1464775],[89.2370059,23.1465871],[89.2365546,23.1467672],[89.236214,23.146959],[89.2358045,23.1471549],[89.2354476,23.1473544],[89.2352347,23.1474876],[89.2350715,23.1476801],[89.234677,23.1479652],[89.234396,23.1483269],[89.2342554,23.1485015],[89.2341174,23.14863],[89.2338339,23.1488108],[89.2336821,23.1489846],[89.233201,23.1496105],[89.2328035,23.1502084],[89.2324934,23.1508013],[89.2322969,23.1511676],[89.232233,23.1513672],[89.2321606,23.1516139],[89.2320624,23.1518337],[89.2318583,23.1520288],[89.2317063,23.1523359],[89.2316156,23.152573],[89.2315305,23.152847],[89.2314368,23.1531407],[89.2313602,23.1534343],[89.2312878,23.1538453],[89.2312452,23.1540489],[89.2311643,23.1542525],[89.2310243,23.1543975],[89.2309001,23.1545855],[89.2299592,23.1566373],[89.2295224,23.1579277],[89.2292941,23.1590936],[89.2292791,23.1594688],[89.2292672,23.1599024],[89.2293611,23.1606644]]}},{"type":"Feature","properties":{"osm_id":239063435,"group":"bhairab","version":32,"timestamp":"2026-09-09T09:38:53Z","tags":{"name":"ভৈরব নদ","name:en":"Bhairab","wikidata":"Q4900787","waterway":"river"},"nodes":[2810303986,2810299291,2810299292,2810299293,2810299294,2810299295,2810299296,2810299297,2810299298,2810299299,2810299300,2810302501,2810302502,2810302503,2810302504,2810302505,2810302506,2810302507,2810302508,2810302509,2810302510,2810302511,2810302512,2810302513,2810302514,2810302515,2810302516,2810302517,2810302518,2810302519,2810302520,2810302521,2810302522,2810302523,2810302524,2810302525,2810302526,2810302527,2810302528,2810302529,2810302530,2810302531,2810302532,2810302533,2810302534,2810302535,2810302536,2810302537,2810302538,2810302539,2810302540,2810302541,2810302542,2810302543,2810302544,2810302545,2810302546,2810302547,2810302548,2810302549,5547720587,5547720588,5547720589,5547720590,2810302550,5547720591,2810302551,5547720592,5547720593,5547720594,5547720595,2810302552,5547720596,5547720597,5547720598,5547720599,2810302553,5547720600,2810302554,5547720601,5547720602,2810302555,5547720603,5547720604,2810302556,5547720605,2810302557,5547720606,2810302558,5547720607,5547720608,2810302559,5547720609,5547720610,2810302560,5547720611,5547720612,2810302561,5547720613,2810302562,5547720614,5547720615,5547720616,2810302563,5547720617,2810302564,5547720618,5547720619,5547720620,2810302565,5547726521,5547726522,5547726523,2810302566,5547726524,5547726525,2810302567,5547726526,5547726527,5547726528,5547726529,2810302568,5547726530,2810302569,5547726531,5547726532,5547726533,5547726534,2810302570,5547726535,5547726536,2810302571,5547726537,5547726538,5547726539,5547726540,5547726541,5547726542,2810302572,5547726543,5547726544,5547726545,5547726546,2810302573,5547726547,5547726548,5547726549,2810302574,5547726550,2810302575,5547726551,2810302576,2810302577,2810302578,5547524518,5547524519,2810302579,5547524520,5547524621,2810302580,5547524622,5547524623,2810302581,5547524624,5547524625,2810302582,2810302583,5547524626,5547524646,5547524645,2810302584,5547524629,5547524630,2810302585,5547524631,5547524628,2810302586,5547524627,2810302587,5547524632,5547524633,2810302588,5547524634,5547524635,2810302589,5547524636,5547524637,5547524638,2810302590,2810302591,5547524639,5547524640,2810302592,5547524641,5547524642,2810302593,5547524643,5547524644,2810302594,2810302595,2810302596,2810302597,2810302598,2810302599,2810302600,2810302601,2810302602,2810302603,2810302604,2810302605,2810302606,2810302607,2810302608,2810302609,2810302610,2810302611,2810302612,2810302613,2810302614,2810302615,2810302616,2810302617,2810302618,11778393742,11778393741,11778426477,2810302619,11778426476,11778393740,2810302620,11778393736,2810302621,11778393739,11778393735,2810302622,2810302623,11782880946,2468782029,11782880947,2468782028,2468782027,11782880948,11782880949,2468782026,11782880950,2468782025,11782880951,2468782024,11782880952,11782880954,2468782023,11782880953,11782880955,2468782022,11782880956,2468782021,11782880957,11782880958,2468782020,11782880959,2468782019,11782880960,11782880961,2468782018,11782880962,11782880963,11782880964,2468782017,11782880965,11782880966,11782880967,2468782016,11782892869,11782880968,11782892870,2468782015,11782892871,11782892872,11782892873,2468782013,11782892874,2468782014,11782892875,2468782012,11782892876,2468782011,11782892877,11782892878,11782892879,2468782010,2468782009,11782892880,2468782007,11782892881,11782892882,2468782008,11782892883,11782892884,2468782006,4653663786,2468782005,11782892885,11782892886,11782892887,2468781996,11782892888,11782892889,11782892890,2468781994,5469013537,5469013538,2468781999,5469013539,2468782001,5469013541,2468781998,5469013540,5469013543,5469013542,2468781997,5469013544,5469013545,2468782002,5469013546,2468782004,5469013547,5469013534,5469013533,2468782003,5469042973,5469013535,2468782000,5469013536,5469013532,2468781995,5469013529,5469013530,5469013531,5469013528,5469013527,5469013526,5470341877,5469013525,2468781986,5470341879,5469013524,5470341878,5469013523,5469013522,2468781984,5469013521,5469043048,5469009920,2468781983,5469009919,5469009918,2468781985,5469009917,2468781988,5469009916,2468781990,5469009915,5469043091,2468781993,5469009913,5469009914,2468781992,2468781991,2468781989,5512957948,2468781987,5512957950,5512957949,2468781982,5512957951,5512957952,2468781979,5512957954,5512957957,5512957953,5512957956,5512957955,2468781976,2468781974,5512957958,2468781966,5512957959,5512957960,2468781964,2468781970,5512957962,5512957961,2468781968,5512957965,2468781960,5519901137,5512957966,5512957963,2468781958,5512957964,5512957969,2468781954,5512957968,5512957967,2468781949,5512957973,2468781945,5512957972,5519901138,5519901139,2468781941,5512957971,2468781937,5512957970,2468781917,2468781911,8370995766,2468781909,5512957990,5512957989,5512957992,5512957991,2468781907,2468781905,5512957995,5512957994,5512957993,2468781903,5512957996,5512957998,5512957927,5512957997,2468781901,5512957999,5512958007,5512958004,2468781899,5512958005,5512958006,2468781897,5512957987,5512957988,5512957986,2468781895,5512957984,5512957985,5512957983,5512957981,2468781893,5512957980,5512957982,5426263312,2468781891,5512957978,5512957979,5512957977,2468781889,5512957975,5512957976,2468781887,5512957974,2468781885,2468781883,5508015661,2468781881,5508015659,5508015660,5508015658,2661215295,2468781879,5508015657,5444417611,2468781867,5508015649,5508015656,5508015655,5508015654,2468781861,5508015648,5444417612,2468781859,5508015653,5444417613,5508015652,2468781858,5508015651,5507935401,2468781856,5507935402,5507935400,2468781854,5508015650,5507935403,2468781852,5507935404,2661215299,5507935405,2468781850,5507935406,5507935408,5507935407,2468781848,2468781846,2661215302,5428762962,2468781844,5507935486,5507935485,5507935488,5507935487,2468781842,5507935490,5507935489,2468781838,5507935491,5507935499,5507935498,2468781826,5507935492,5507935497,5507935496,5507935495,2468781823,5507935493,5507935494,2468781828,5444497046,2468781834,5444497047,2468781832,2468781830,2468781836,2661215305,2661215307,2661215309,2661215310,2661215311,5520001567,2661215312,5520001566,2661215313,5520001565,2661215315,2661215316,2661215317,2661215318,2661215321,2661215323,2661215325,2661215331,2661215333,2661215335,2661215338,5419547332,2661215339,2661215341,2661215343,2661215345,2661215347,2661215349,7819567533,2661215351,2661215353,2661215355,2661215357,2661215358,2661215359,2661215360,2661215361,2661215362,2661215363,11015228290,2661215364,2661215365,2661215366,2661215367,2661215368,2661215369,2661215370,2661215371,2661215372,2661215373,2661215374,2661215375,2661215376,2661215377,2661215378,2661215379,2661215380,2661215381,2661215382,2661215383,2661215384,2661215385,2661215386,2661215387,2661215388,2661215389,2661215390,2661215391,2661215392,2661215393,12083348002,2661215394,5272366838,5272366837,5272366836,5272366835,5272366834,5272366833,5758405975]},"geometry":{"type":"LineString","coordinates":[[89.4214918,23.3087687],[89.4230355,23.3091934],[89.4241168,23.3095702],[89.4251394,23.3101624],[89.4259014,23.310964],[89.4262532,23.3113289],[89.4269175,23.311604],[89.4282333,23.3114007],[89.4289823,23.3109819],[89.4298095,23.3098394],[89.4306237,23.3091336],[89.4319264,23.3084696],[89.4325126,23.308003],[89.4331053,23.3072433],[89.433418,23.3065554],[89.4331379,23.3060349],[89.4322846,23.3049522],[89.4315616,23.3034806],[89.4314639,23.3024816],[89.4319134,23.30168],[89.4330988,23.3008365],[89.4339574,23.3000345],[89.4345153,23.2991378],[89.4346119,23.2983988],[89.4342471,23.2972951],[89.4331849,23.2960042],[89.4330455,23.2954425],[89.4330562,23.294871],[89.4335926,23.2926439],[89.4338394,23.2906139],[89.4343651,23.2895496],[89.4350947,23.2887415],[89.4359744,23.2877758],[89.436189,23.2869677],[89.4362856,23.2855683],[89.4358993,23.2831636],[89.4362963,23.2808181],[89.4365645,23.2788667],[89.436307,23.2774377],[89.4364465,23.2769548],[89.4378949,23.276186],[89.438721,23.2758214],[89.4388283,23.2749442],[89.4380666,23.2739981],[89.4373048,23.2735546],[89.437219,23.2724507],[89.4377554,23.2717904],[89.4395257,23.270243],[89.440105,23.2692771],[89.4403089,23.2673157],[89.440502,23.2654627],[89.4412208,23.2640828],[89.4425619,23.2623382],[89.442803,23.2610619],[89.4421845,23.259487],[89.4419371,23.2589675],[89.4400638,23.2593571],[89.4374306,23.2592435],[89.4353983,23.2571815],[89.4328005,23.2566294],[89.4317794,23.2565688],[89.4308245,23.2565441],[89.4300815,23.2565934],[89.4293198,23.2567684],[89.4285232,23.257069],[89.4270721,23.2576136],[89.4265196,23.2578058],[89.4260421,23.2578477],[89.4256103,23.25786],[89.4252133,23.2578009],[89.4247654,23.2577344],[89.4243658,23.2577122],[89.4238454,23.2578305],[89.4232446,23.2581065],[89.4225606,23.2584933],[89.4219357,23.2588211],[89.4212598,23.2592499],[89.4205329,23.2597575],[89.4193768,23.2606126],[89.4189799,23.26079],[89.4186312,23.2608541],[89.4183268,23.2608346],[89.418143,23.2607949],[89.4178373,23.2606027],[89.4174432,23.2603313],[89.4169521,23.2599817],[89.4164371,23.2594051],[89.4163513,23.2592178],[89.4163475,23.2589188],[89.4164157,23.2585722],[89.4165927,23.2578329],[89.4166034,23.2572563],[89.4164908,23.256379],[89.416464,23.2549694],[89.4164693,23.2545407],[89.4165713,23.2541267],[89.4168341,23.2534465],[89.4173813,23.2522932],[89.4175208,23.251825],[89.4175261,23.2514159],[89.4174403,23.2509723],[89.4173491,23.2507111],[89.4170701,23.2504301],[89.4165766,23.2501788],[89.4157129,23.2499323],[89.4147044,23.2496317],[89.4137549,23.2494197],[89.41302,23.2493162],[89.412446,23.2492916],[89.4113816,23.2492254],[89.4104665,23.2491289],[89.4099355,23.248986],[89.409517,23.2487987],[89.4092079,23.248576],[89.4090074,23.2483502],[89.4087875,23.2479214],[89.408554,23.2473581],[89.4084281,23.2467335],[89.4083852,23.2462209],[89.4084334,23.2454323],[89.4085729,23.2442887],[89.4087292,23.2435893],[89.408884,23.2431305],[89.4090476,23.2427928],[89.4096833,23.2420214],[89.4100267,23.2417306],[89.4104344,23.2414496],[89.4109762,23.2411982],[89.4114523,23.2410254],[89.4119096,23.2409616],[89.4124514,23.2409912],[89.4129717,23.2409814],[89.4140607,23.2409173],[89.4144899,23.2408433],[89.4149673,23.2408088],[89.4153428,23.2408187],[89.4156861,23.2408976],[89.4160509,23.2410257],[89.4163674,23.2411982],[89.4167054,23.2412525],[89.4172203,23.2412672],[89.4175851,23.2412574],[89.4181645,23.2412377],[89.4186848,23.241282],[89.4191784,23.2413806],[89.4197953,23.2414989],[89.4207823,23.2416468],[89.4213842,23.2416587],[89.4217533,23.2415975],[89.422102,23.2415088],[89.4227028,23.2412968],[89.4231749,23.2409814],[89.4239366,23.2398477],[89.4248126,23.2374854],[89.4250739,23.2372007],[89.4255942,23.2369197],[89.4261146,23.2367521],[89.4266188,23.2366979],[89.4274932,23.2367225],[89.4284588,23.2366585],[89.428888,23.2365796],[89.4294727,23.2363775],[89.430095,23.2360719],[89.4304705,23.2358599],[89.4309694,23.2354163],[89.4317204,23.2344994],[89.4324714,23.2335283],[89.4326538,23.2333657],[89.4328362,23.2332128],[89.4330615,23.233129],[89.4333029,23.2331143],[89.4335335,23.2332227],[89.433893,23.2333509],[89.4345324,23.2336367],[89.4350624,23.2338931],[89.4353038,23.2339079],[89.4355452,23.2338635],[89.4357759,23.2337797],[89.4359314,23.2336072],[89.4361246,23.2332326],[89.4362318,23.232572],[89.4363284,23.2315171],[89.4365752,23.2306693],[89.4370794,23.2298707],[89.4374483,23.2290572],[89.4375193,23.2285989],[89.4374978,23.2279481],[89.4374013,23.2272876],[89.4373262,23.2267157],[89.4366707,23.2241202],[89.4365215,23.2236396],[89.4361782,23.2231861],[89.4358225,23.2229509],[89.4354808,23.2227818],[89.4347942,23.2225353],[89.4340539,23.2222494],[89.4335711,23.2218747],[89.4333136,23.2213127],[89.4333029,23.2207902],[89.4336311,23.2195079],[89.4344794,23.2168931],[89.4357694,23.2159024],[89.4361229,23.2150578],[89.4351332,23.2134661],[89.434497,23.2100878],[89.4349742,23.2078627],[89.4358932,23.2058648],[89.4354513,23.20273],[89.4349565,23.2006671],[89.4353276,23.1993677],[89.436441,23.1976621],[89.4380492,23.1968174],[89.438597,23.1957616],[89.4372539,23.1915706],[89.4366531,23.1882892],[89.4368651,23.1864536],[89.4392686,23.1818887],[89.4399578,23.1788832],[89.4389505,23.1761864],[89.4373423,23.1717673],[89.437466,23.1699964],[89.4393746,23.1691516],[89.4413539,23.1682418],[89.4420178,23.1679002],[89.442274,23.1675734],[89.4423156,23.1674217],[89.4423304,23.1672404],[89.4423096,23.1670993],[89.4422566,23.166968],[89.4417294,23.1661655],[89.4414871,23.1656352],[89.4414072,23.1652346],[89.4414042,23.1649098],[89.4414279,23.1646195],[89.441513,23.1638712],[89.4417957,23.1626364],[89.4417688,23.1620441],[89.4416775,23.1615111],[89.4416187,23.1610203],[89.4416242,23.1606873],[89.4417265,23.1603351],[89.4420001,23.1600519],[89.4425231,23.1598511],[89.4434324,23.1597292],[89.4439917,23.1596616],[89.4445724,23.1594362],[89.445415,23.1589422],[89.4464399,23.158103],[89.4470394,23.1577754],[89.4476073,23.1575919],[89.4481753,23.1574675],[89.4490619,23.1574136],[89.4495212,23.1573126],[89.4501094,23.1570736],[89.4505441,23.156741],[89.4511182,23.1560434],[89.4517358,23.1547367],[89.4520768,23.1538762],[89.4524392,23.1531144],[89.4527842,23.1525412],[89.4531291,23.1520667],[89.4537999,23.1515075],[89.455176,23.1508432],[89.4556295,23.1504452],[89.4558369,23.1500779],[89.4559727,23.1494898],[89.4559978,23.1484164],[89.4560872,23.1477376],[89.4562562,23.1472189],[89.4567162,23.1467919],[89.4574398,23.1465586],[89.4579273,23.1463648],[89.458224,23.1460905],[89.4583705,23.1458162],[89.4584527,23.1453446],[89.4585134,23.1434524],[89.458428,23.1428949],[89.4581385,23.1424189],[89.4578543,23.1421808],[89.4574199,23.1421303],[89.456453,23.1422199],[89.4556148,23.1422108],[89.4550021,23.1420712],[89.4544752,23.141833],[89.4538142,23.1414936],[89.4533571,23.1411147],[89.4530894,23.1406238],[89.4527946,23.1399541],[89.452615,23.1396192],[89.452371,23.1393238],[89.4507381,23.1382109],[89.4499711,23.1380071],[89.4491398,23.1379809],[89.4483647,23.1381792],[89.4480361,23.1380366],[89.4478363,23.1376967],[89.4476523,23.1369678],[89.44726,23.1354491],[89.4470822,23.1341967],[89.4469825,23.1334988],[89.446769,23.1332024],[89.4465258,23.1328647],[89.4457605,23.1323407],[89.4416764,23.1301251],[89.4408968,23.1297645],[89.440256,23.1295789],[89.4396137,23.1294763],[89.4389814,23.1294546],[89.4383706,23.1295019],[89.4378519,23.1297293],[89.437235,23.1300747],[89.436152,23.1306726],[89.4354057,23.1309281],[89.4343843,23.1309506],[89.4341236,23.1308689],[89.4336443,23.1305877],[89.4334209,23.1303855],[89.4330561,23.1302572],[89.4326484,23.1302276],[89.432274,23.1302985],[89.4319296,23.1304545],[89.4317043,23.1306716],[89.4309942,23.1312131],[89.4305563,23.1317075],[89.4295857,23.1320041],[89.428094,23.1322551],[89.4271553,23.1322157],[89.4268173,23.1321466],[89.4265786,23.1320529],[89.426463,23.1320362],[89.4256854,23.1318062],[89.4241928,23.1310498],[89.4235021,23.1306124],[89.423148,23.1303263],[89.42303,23.1300895],[89.4228584,23.1297096],[89.4228047,23.1293544],[89.4227403,23.1286588],[89.422633,23.1279435],[89.4225472,23.1275636],[89.4223756,23.1269716],[89.4223165,23.1267694],[89.4222039,23.1265819],[89.4219142,23.126281],[89.4217265,23.1261157],[89.4215119,23.1259702],[89.4212222,23.125874],[89.420895,23.1258271],[89.4196075,23.1258074],[89.4188046,23.1257299],[89.417274,23.1256742],[89.4169948,23.1256695],[89.4163942,23.1256594],[89.4153374,23.1257383],[89.4137764,23.1260343],[89.4128323,23.1262267],[89.4121081,23.126498],[89.411298,23.1270555],[89.4106275,23.1277412],[89.4101876,23.1280718],[89.4095921,23.1283727],[89.4091201,23.1285108],[89.4088444,23.1285557],[89.4084158,23.1286002],[89.4079989,23.1286046],[89.4075215,23.1285355],[89.4064969,23.1284072],[89.405058,23.1283114],[89.399906,23.1281415],[89.3994105,23.1279336],[89.3986754,23.1274437],[89.3974203,23.1264142],[89.3964769,23.1259024],[89.3958497,23.1251627],[89.3957334,23.1247835],[89.3956388,23.124249],[89.395591,23.1232469],[89.3954631,23.1227448],[89.3953144,23.1219616],[89.3951672,23.1216781],[89.3950546,23.1214067],[89.3949151,23.1211403],[89.3944637,23.1207004],[89.393177,23.1195369],[89.3923135,23.118518],[89.3918431,23.1175],[89.3917072,23.1172823],[89.3914619,23.1169764],[89.3907017,23.1169419],[89.387373,23.1175695],[89.3864875,23.1177099],[89.3859243,23.1176622],[89.3854147,23.1174648],[89.3847708,23.116877],[89.384091,23.1160166],[89.3840146,23.1157725],[89.3838381,23.1152856],[89.383784,23.1147759],[89.3838054,23.1143319],[89.3840408,23.1136943],[89.3843382,23.1130478],[89.384755,23.1124452],[89.3868389,23.1101759],[89.3876094,23.1091067],[89.3880617,23.1080927],[89.3886773,23.1070304],[89.3888093,23.1057616],[89.3890657,23.104581],[89.389084,23.1040396],[89.3890303,23.1035215],[89.3887753,23.1023649],[89.3881643,23.1000302],[89.3874287,23.0975242],[89.3868389,23.0949325],[89.385589,23.0920541],[89.3840667,23.089152],[89.3825905,23.08511],[89.3817809,23.0828932],[89.3814182,23.0820562],[89.3811929,23.0816762],[89.380855,23.0813208],[89.3804043,23.0808619],[89.3797833,23.0804307],[89.3778814,23.0797477],[89.3754208,23.079179],[89.3742782,23.0788632],[89.3737042,23.078651],[89.373116,23.0783668],[89.3727332,23.0782216],[89.3722504,23.0778959],[89.3720981,23.0777785],[89.3719226,23.0776206],[89.3717034,23.0774019],[89.3716228,23.0772149],[89.3714947,23.0770053],[89.3714313,23.0767958],[89.3713707,23.0764527],[89.3716187,23.0762396],[89.3718791,23.0759537],[89.3722793,23.0755682],[89.3728405,23.0752408],[89.3734145,23.0747177],[89.3739724,23.0742488],[89.3745154,23.0735177],[89.3750131,23.0731038],[89.3754744,23.0725165],[89.3759787,23.0718305],[89.3762416,23.0714308],[89.3764459,23.0708737],[89.3767887,23.0703499],[89.3769658,23.0697823],[89.3774027,23.0680302],[89.3775707,23.067206],[89.3779474,23.0665447],[89.3783122,23.0658093],[89.3786824,23.065064],[89.3790176,23.0642652],[89.3794656,23.0638893],[89.3799269,23.063455],[89.3808562,23.0624862],[89.3829578,23.0611895],[89.3848984,23.0597488],[89.3869194,23.0581875],[89.3874575,23.0578752],[89.3876936,23.0572386],[89.3879173,23.0568331],[89.3880536,23.056316],[89.3881898,23.0555951],[89.3880733,23.0548675],[89.3877102,23.0515899],[89.3877896,23.051027],[89.3878448,23.050365],[89.3879825,23.0490153],[89.3882203,23.048203],[89.3885049,23.047045],[89.3886411,23.0464353],[89.3887604,23.0459652],[89.3888785,23.0453206],[89.3892288,23.0446686],[89.3895292,23.0438393],[89.3900766,23.0421681],[89.3904805,23.041577],[89.3908596,23.0408676],[89.391298,23.0402684],[89.3915657,23.0397215],[89.3923539,23.0390537],[89.3931448,23.0383104],[89.3945709,23.03692],[89.3963957,23.0356447],[89.3971038,23.0351115],[89.397804,23.0342773],[89.3984084,23.0337955],[89.3989384,23.0330875],[89.3994573,23.0321058],[89.4006121,23.0303821],[89.4015188,23.029105],[89.4025218,23.0282296],[89.4031182,23.0274963],[89.4041419,23.0267979],[89.4052362,23.0259981],[89.4064593,23.0251292],[89.40757,23.0240486],[89.4100543,23.0204891],[89.4119101,23.0174183],[89.412019,23.0174222],[89.4135231,23.0149276],[89.4143409,23.013944],[89.4146304,23.0134267],[89.4150136,23.0129016],[89.4156097,23.0121883],[89.416281,23.0114116],[89.4173553,23.010707],[89.4178322,23.0103464],[89.4183774,23.0099288],[89.419646,23.0092726],[89.4209404,23.0086613],[89.4222943,23.0081048],[89.423924,23.0074087],[89.4245594,23.0073366],[89.4252918,23.0071955],[89.4261093,23.0070858],[89.4265691,23.0070544],[89.4270672,23.0070288],[89.4277868,23.0072504],[89.4281445,23.0073366],[89.4295013,23.0076485],[89.4320422,23.0081496],[89.4350783,23.0084225],[89.4382703,23.0084409],[89.4413653,23.0081581],[89.4441702,23.0081296],[89.4473293,23.0089321],[89.4513527,23.0106807],[89.4533051,23.011195],[89.4550003,23.0111168],[89.4569531,23.0106436],[89.4584341,23.0098937],[89.4593367,23.0094294],[89.4599367,23.0088081],[89.4603585,23.0084653],[89.4605594,23.007959],[89.4608865,23.0071955],[89.460925,23.0063989],[89.4612478,23.0046214],[89.4626881,22.9991705],[89.463999,22.9952009],[89.4651373,22.9932262],[89.4666186,22.9918638],[89.4687649,22.9906598],[89.4697525,22.9896725],[89.4729734,22.985091],[89.4748201,22.982346],[89.4770104,22.9791861],[89.4777138,22.9777654],[89.4782349,22.9764604],[89.4796749,22.9717394],[89.4821673,22.9651023],[89.4827482,22.962139],[89.4828563,22.9604399],[89.4828358,22.9585432],[89.4824332,22.9571816],[89.4823859,22.9570216],[89.4822796,22.9552037],[89.4826665,22.9539789],[89.4838905,22.951885],[89.4859303,22.9492579],[89.4895585,22.9457422],[89.4929717,22.9427007],[89.4984886,22.9383161],[89.5055292,22.9333393],[89.5137289,22.9276908],[89.5140518,22.9273342],[89.5141583,22.9272167],[89.5144811,22.9253196],[89.5168454,22.9175536],[89.5188875,22.9100242],[89.51955,22.9066349],[89.519786,22.9025434],[89.5194641,22.8992622],[89.5184771,22.8947948],[89.5186273,22.8919879],[89.5194427,22.888568],[89.5217172,22.8854644],[89.5243136,22.8812734],[89.5254508,22.8785056],[89.5258156,22.8759553],[89.5263521,22.8730293],[89.5271889,22.8709337],[89.5278756,22.8701824],[89.5288841,22.8697672],[89.5330039,22.8696683],[89.5368449,22.8695892],[89.5427243,22.8695695],[89.5488397,22.8698858],[89.5499984,22.8696881],[89.5510284,22.8690357],[89.551243,22.8677703],[89.5519511,22.8615422],[89.5529167,22.8574296],[89.5549981,22.8531982],[89.5569292,22.8499553],[89.5577232,22.8481954],[89.5585878,22.8464146],[89.5581738,22.8451502],[89.5543241,22.8405846],[89.553852,22.8367482],[89.5537305,22.8331605],[89.5596885,22.8246054],[89.5629501,22.8208872],[89.5707178,22.8183556],[89.5715464,22.8178368]]}},{"type":"Feature","properties":{"osm_id":1423094066,"group":"kapotaksha","version":1,"timestamp":"2025-08-18T19:01:55Z","tags":{"name":"Kopotakkho River","waterway":"stream","intermittent":"yes"},"nodes":[13078580403,13078580402]},"geometry":{"type":"LineString","coordinates":[[88.7834669,23.5023715],[88.7836016,23.502173]]}},{"type":"Feature","properties":{"osm_id":1423094065,"group":"kapotaksha","version":1,"timestamp":"2025-08-18T19:01:55Z","tags":{"name":"Kopotakkho River","waterway":"stream","intermittent":"yes"},"nodes":[13078580402,13078580401,13078567500,13078567499,13078567498,13078567497,13078567496,13078567495,13078567494,13078567493,13078567492,13078567491,13078567490,13078567489,13078567488,13078567487,13078567486,13078567485,13078567484,13078567483,13078567482,13078567481,13078567480,13078567479,13078567478,13078567477,13078567476,13078567475,13078567474,13078567473,13078567472,13078567471,13078567470,13078567469,13078567468,13078554337]},"geometry":{"type":"LineString","coordinates":[[88.7836016,23.502173],[88.7835533,23.5019566],[88.7839235,23.5018041],[88.7833119,23.5006972],[88.7831993,23.5000134],[88.7832851,23.4990393],[88.7837089,23.498021],[88.7842775,23.4973962],[88.7851037,23.4969042],[88.7858225,23.4968944],[88.7863428,23.4973421],[88.7874265,23.4976815],[88.7881399,23.4990344],[88.7888963,23.4998609],[88.7892343,23.5008595],[88.7898243,23.501381],[88.790452,23.5018041],[88.792072,23.5020304],[88.793043,23.5021238],[88.7944646,23.5017106],[88.7965513,23.5008497],[88.7976028,23.5002249],[88.7988795,23.4995805],[88.8000328,23.49869],[88.8008321,23.4979177],[88.8013257,23.4968747],[88.8017387,23.4942378],[88.8017763,23.4924814],[88.8024951,23.4904594],[88.8033534,23.4889834],[88.804024,23.4878863],[88.8050378,23.4873943],[88.8069583,23.4872664],[88.8078971,23.4876304],[88.8088198,23.488826],[88.8093777,23.4890375]]}},{"type":"Feature","properties":{"osm_id":1423091516,"group":"kapotaksha","version":2,"timestamp":"2025-08-18T19:01:55Z","tags":{"name":"Kopotakkho River","waterway":"stream","intermittent":"yes"},"nodes":[13078554337,13078554336,13078554335,13078554334,13078554333,13078554332,13078554331,13078554330,13078554329,13078554328,13078554327,13078554326,13078554325,13078554324,13078554323,13078554322,13078554321,13078554320,13078554319,13078554318,13078554317,13078554316,13078554315,13078554314,13078554313,13078554312,13078554311,13078554310,13078554309,13078554308,13078554307,13078554306,13078554305,13078554304,13078554303,13078554302,13078554301,13078495200,13078495199,13078495198,13078495197,13078495196,13078495195,13078495194,13078495193,13078495192,13078495190,13078495191,7041977239]},"geometry":{"type":"LineString","coordinates":[[88.8093777,23.4890375],[88.8097693,23.4888604],[88.8099999,23.4888948],[88.8104559,23.4891458],[88.81081,23.4893081],[88.8110943,23.4895836],[88.8115181,23.4898936],[88.8121886,23.4905676],[88.8126339,23.490848],[88.812945,23.4912711],[88.8134063,23.491832],[88.8137443,23.4923141],[88.8144899,23.4929193],[88.8153322,23.4932095],[88.815815,23.4931948],[88.8167966,23.4929685],[88.8173492,23.4926142],[88.8179661,23.4916746],[88.8183255,23.4903708],[88.8184435,23.4893426],[88.8185723,23.4882011],[88.8186474,23.4878321],[88.8189049,23.487409],[88.8190336,23.4871384],[88.8189317,23.4867645],[88.8191838,23.4863562],[88.8196934,23.4862627],[88.8206268,23.4858494],[88.8211633,23.4857904],[88.8220323,23.4858002],[88.8227243,23.4859626],[88.823191,23.4860265],[88.8243873,23.4863758],[88.8251061,23.4868531],[88.8265545,23.4876895],[88.8271822,23.4880831],[88.827445,23.4879207],[88.8280673,23.4866317],[88.8284374,23.4861151],[88.8289095,23.4856378],[88.8291133,23.4853771],[88.8291348,23.4847817],[88.8299448,23.4835173],[88.8299877,23.483291],[88.8293547,23.4828826],[88.8294459,23.4823709],[88.8299985,23.4814459],[88.8307495,23.4803733],[88.8316405,23.4795334]]}},{"type":"Feature","properties":{"osm_id":541695931,"group":"kapotaksha","version":5,"timestamp":"2025-08-18T18:47:54Z","tags":{"name":"কপোতাক্ষ নদ","name:bn":"কপোতাক্ষ নদ","name:en":"Kopotakkho River","waterway":"stream","intermittent":"yes"},"nodes":[7041977239,13078495184,7041977240,7041977241,7041977242,7041977243,13078495185,7041977244,13078495186,7041977245,7041977246,7041977247,7041977248,7041977249,7041977250,7041977251,7041977252,7041977253,7041977254,7041977255,7041977256,7041977257,7041977258,7041977259,7041977260,7041977261,7041977262,7041977263,7041977264,7041977265,7041977266,7041977267,7041977268,7041977269,7041977270,7041977271,7041977272,7041977273,7041977274,7041977275,9095263211,7041977276,9095263210,7041977277,7041977278,7041977279,7041977280,7041977281,7041977282,7041977283,8687570584,7041977284,7042010585,7042010586,9095263208,7042010587,7042010588,13078495187,7042010589,13078495188,7042010590,7042010591,7042010592,7042010593,7042010594,7042010595,7042010596,7042010597,7042010598,7042010599,7042010600,7042010601,7042010602,7042010603,7042010604,7042010605,7042010606,7042010607,7042010608,7042010609,7042010610,7042010611,7042010612,7042010613,7042010614,7042010615,7042010616,7042010617,7042010618,7042010619,7042010620,7042010621,7042010622,7042010623,7042010624,7042010625,7042010626,7042010627,7042010628,7042010629,7042010630,7042010631,7042010632,7042010633,7042010634,7042010635,7042010636,7042010637,7042010638,7042010639,7042010640,7042010641,7042010642,7042010643,7042010644,7042010645,7042010646,7042010647,7042010648,7042010649,7042010650,7042010651,7042010652,7042010653,7042010654,7042010655,7042010656,7042010657,7042010658,7042010659,7042010660,7042010661,7042010662,7042010663,7042010664,7042010665,7042010666,7042010667,7042010668,7042010669,7042010670,7042010671,7042010672,7042010673,7042010674,7042010675,7042010676,7042010677,7042010678,7042010679,7042010680,7042010681,7042010682,7042010683,7042010684,7042010685,7042010686,7042010687,7042010688,7042010689,7042010690,7042010691,7042010692,7042010693,7042010694,7042010695,7042010696,7042010697,7042010698,7042010699,7042010700,7042010701,7042010702,7042010703,7042010704,7042010705,7042010706,7042010707,7042010708,7042010709,7042010710,7042010711,7042010712,7042010713,7042010714,7042010715,7042010716,5237840297,5237840296,5237840295,5237840294,5237840293,5237840292,5237840291,5237840290]},"geometry":{"type":"LineString","coordinates":[[88.8316405,23.4795334],[88.8329759,23.4778505],[88.833231,23.4768272],[88.8330781,23.4751937],[88.8326168,23.4737372],[88.8311255,23.4720741],[88.8307184,23.4713496],[88.8305032,23.470283],[88.8304031,23.4699966],[88.8305354,23.4689544],[88.8320804,23.4664252],[88.832531,23.4653475],[88.8323164,23.4614945],[88.8308573,23.4590832],[88.8289583,23.4571443],[88.8266086,23.4565636],[88.8239908,23.4572821],[88.822875,23.457351],[88.8216841,23.4567211],[88.8214159,23.4556778],[88.8221991,23.4533649],[88.8219309,23.4518098],[88.8211048,23.4510027],[88.8198709,23.4508353],[88.8187444,23.4517212],[88.8173282,23.4536405],[88.8159227,23.4551365],[88.8139915,23.4555007],[88.8115454,23.4553432],[88.8100862,23.4547822],[88.809303,23.453296],[88.8097751,23.4517507],[88.8107514,23.4505302],[88.8127899,23.4496148],[88.8151288,23.4484239],[88.8178861,23.4464258],[88.8191306,23.4447131],[88.8189483,23.4438567],[88.8178539,23.4426755],[88.8168883,23.4412482],[88.8165398,23.4400884],[88.8164527,23.4392633],[88.8165308,23.4386929],[88.8170171,23.4370352],[88.8181865,23.4348105],[88.8191521,23.4325858],[88.8187766,23.4307548],[88.8166952,23.4277425],[88.8165343,23.4268565],[88.8167918,23.4260886],[88.8173014,23.4258458],[88.8174569,23.4257637],[88.8183582,23.4259901],[88.8217056,23.4280968],[88.8235414,23.4293793],[88.8249135,23.4300165],[88.8264477,23.4302921],[88.8281406,23.4302894],[88.8296342,23.429987],[88.8316597,23.4295199],[88.8335073,23.429288],[88.8366508,23.4299771],[88.841393,23.4323692],[88.8447189,23.4332847],[88.8475299,23.4340821],[88.8510275,23.4364347],[88.8553941,23.4393288],[88.8591277,23.4412482],[88.8640416,23.4430791],[88.8680327,23.4462191],[88.8724637,23.4508846],[88.8746416,23.4526168],[88.8763904,23.4541621],[88.879137,23.4584238],[88.8808644,23.4615831],[88.8821304,23.4648899],[88.8829565,23.4697319],[88.8834822,23.4734518],[88.8845229,23.4753314],[88.8867223,23.4766107],[88.8924193,23.4777031],[88.8958526,23.4783919],[88.8989639,23.4792283],[88.9002085,23.4793661],[88.9017856,23.4788544],[88.9026117,23.4774767],[88.9028048,23.4735896],[88.9028478,23.4718477],[88.9038563,23.4706274],[88.9065277,23.4684131],[88.9091778,23.4667106],[88.9110553,23.4658347],[88.9115488,23.4646439],[88.911109,23.4634137],[88.9101648,23.4623114],[88.9089525,23.4601658],[88.9082229,23.4573412],[88.9077937,23.4543688],[88.9062703,23.4525972],[88.9054012,23.4517802],[88.9027297,23.4508157],[88.8999081,23.4500775],[88.897537,23.4498806],[88.8955951,23.4495459],[88.894372,23.4490932],[88.893975,23.4484337],[88.8939536,23.4473411],[88.8951337,23.4443784],[88.8951766,23.4424787],[88.8942969,23.4391319],[88.8939321,23.4366907],[88.8941789,23.4353421],[88.8953161,23.4339836],[88.8969469,23.4329106],[88.901732,23.4310009],[88.9050043,23.4297999],[88.9072895,23.4281461],[88.9085984,23.4269254],[88.9088344,23.4258425],[88.9087808,23.4250549],[88.9086091,23.4244938],[88.9082229,23.4240409],[88.9075684,23.4237653],[88.9065277,23.4238243],[88.9051974,23.4243264],[88.9041352,23.4244249],[88.9004123,23.4246611],[88.8968503,23.425173],[88.8907778,23.4239917],[88.8895976,23.4236176],[88.8882887,23.4224165],[88.8881171,23.4217569],[88.8885784,23.4210973],[88.8896835,23.4205756],[88.8912606,23.4208118],[88.8931274,23.4202999],[88.8948119,23.4194532],[88.8956487,23.4183407],[88.8957775,23.4172381],[88.8954127,23.4141959],[88.8955414,23.4128372],[88.8957345,23.4124237],[88.896786,23.4122957],[88.8990712,23.412788],[88.9006805,23.4126994],[88.9021826,23.4120693],[88.9029014,23.4108386],[88.9036202,23.4087316],[88.904264,23.4079833],[88.9056802,23.4075993],[88.9090598,23.4075993],[88.9131153,23.4068904],[88.9163446,23.4072449],[88.9179218,23.4077864],[88.9196277,23.4089482],[88.919971,23.4098245],[88.9200246,23.412148],[88.9198637,23.4140876],[88.9191878,23.4167064],[88.9188552,23.4172775],[88.917954,23.4177697],[88.9172995,23.4178189],[88.9163875,23.4176417],[88.915261,23.4171593],[88.9145529,23.4169723],[88.9136088,23.4167852],[88.9130187,23.4167754],[88.9119351,23.4169526],[88.9113343,23.4170904],[88.9109909,23.4176024],[88.91083,23.4181241],[88.9108086,23.4187149],[88.911227,23.4193942],[88.9122248,23.419847],[88.9150357,23.4206346],[88.9173317,23.4203885],[88.919574,23.4195418],[88.9216232,23.4185278],[88.9231253,23.4171692],[88.9245844,23.4155053],[88.9265478,23.4138119],[88.9289725,23.4125616],[88.9294338,23.4116262],[88.9291227,23.4103463],[88.9277601,23.4088694],[88.9263224,23.4070086],[88.9260971,23.4056498],[88.9267938,23.4045731],[88.927974,23.4038642],[88.9306348,23.4035097],[88.9325016,23.4024266],[88.9326518,23.4005361],[88.9327591,23.3979563],[88.9341324,23.3961446],[88.936191,23.3938578]]}},{"type":"Feature","properties":{"osm_id":541695929,"group":"kapotaksha","version":4,"timestamp":"2025-08-18T18:47:54Z","tags":{"name":"কপোতাক্ষ নদ","name:bn":"কপোতাক্ষ নদ","name:en":"Kopotakkho River","waterway":"stream","intermittent":"yes"},"nodes":[5237840290,5237840289,5237840288,5237840287,5237840286,5237840285,5237840284,5237840283,5237840282,5237840281,5237840280,5237840279,5237840278,5237840277,5237840276,5237840275,5237840274,5237840273,5237840272,5237840271,5237840270,5237840269,5237840268,5237840267,5237840266,9095263202,5237840265,5237840264,5237840263,5237840262,5237840261,5237840260,5237840259,5237840258,5237840257,5237840256,5237840255,5237840254,5237840253,5237840252,5237840251,5237840250,5237840249,5237840248,5237840247,5237840246,5237840245,5237840244,5237840243,5237840242,5237840241,5237840240,5237840239,5237840238,5237840237,5237840236,5237840157]},"geometry":{"type":"LineString","coordinates":[[88.936191,23.3938578],[88.9372199,23.3929299],[88.9391169,23.3916435],[88.9415802,23.3898635],[88.9425429,23.3885771],[88.9438736,23.384627],[88.9439586,23.3832496],[88.9436046,23.3795463],[88.9428543,23.3771423],[88.9413396,23.3746343],[88.9379136,23.3721392],[88.936597,23.3707097],[88.9351672,23.3693842],[88.9337374,23.3685265],[88.9318687,23.3678767],[88.9299009,23.3676038],[88.9278999,23.3677427],[88.9265052,23.3681761],[88.9232436,23.370008],[88.9216128,23.3717807],[88.9204005,23.3734057],[88.9191774,23.3748042],[88.9170853,23.3763897],[88.9154545,23.3770988],[88.9143279,23.3775026],[88.9125613,23.37733],[88.9116565,23.3767246],[88.9115492,23.3755625],[88.9109698,23.3740459],[88.9088348,23.3725587],[88.9073396,23.3710855],[88.9060453,23.3697322],[88.9045111,23.3678018],[88.9033953,23.3669942],[88.9018288,23.3660389],[88.9001981,23.3657533],[88.8970331,23.366876],[88.8959065,23.3672405],[88.8939539,23.3673783],[88.8931385,23.3668662],[88.8931921,23.3654283],[88.8935998,23.3639903],[88.8943401,23.362897],[88.8961426,23.362444],[88.8984171,23.3616954],[88.8994578,23.3612424],[88.9005092,23.3604052],[88.9010242,23.3585732],[88.9011958,23.356879],[88.9017108,23.3552538],[88.9029339,23.3543871],[88.9057234,23.3537862],[88.9075044,23.3540029],[88.9100901,23.3555789],[88.9109269,23.3569972],[88.9134267,23.3591247],[88.9145997,23.3600066]]}},{"type":"Feature","properties":{"osm_id":543615801,"group":"kapotaksha","version":19,"timestamp":"2025-08-18T18:47:54Z","tags":{"name":"কপোতাক্ষ নদ","name:bn":"কপোতাক্ষ নদ","name:en":"Kopotakkho River","waterway":"stream","intermittent":"yes"},"nodes":[5237840157,13078495189,5237840158,5237840159,5237840160,5237840161,5237840162,5539327520,5539327522,5539327519,5539327524,5539327523,5539327528,5539327521,5539327525,5237840163,5539327527,5539327526,5539327529,5539327530,5539327518,5539327531,5539327517,5237840164,5540111751,5237840165,5539327532,5539327533,5539327535,5539327534,5237840166,5539327536,5539327537,5539327541,5539327540,5539327538,5237840167,5539327539,5539327543,5540111750,5237840168,5539327544,5539327542,5539327546,5539327545,5237840169,5539327547,5237840170,5539327549,5237840171,5539327548,5539327550,5539327552,5539325120,5539327551,5237840172,5540111746,5237840173,5539327553,5539327554,5237840174,5237840175,5539327555,5539327402,5539327557,5539327556,5539327401,5237840176,5237840177,5539327558,5539327561,5539327560,5237840178,5539327559,5539327562,5539327563,5539327400,5237840179,5539327564,5539327569,5539327566,5539327568,5539327565,5237840180,5539327567,5539327570,5237840181,5539327571,5539327512,5539327573,5539327574,5539327572,5237840182,5539327511,5539327575,5237840183,5539327576,5237840184,5539327510,5539327577,5237840185,5539327509,5539327578,5539327503,5237840186,5539327579,5539327502,5539327580,5237840187,5539327501,5539327581,5539327500,5539327582,5237840188,5237840189,5539327584,5539327583,5237840190,5539327585,5539327586,5237840191,5237840192,5539327590,5539327588,5539327587,5237840193,5539327589,5237840194,5539232823,5237840195,5539232657,5539232820,5539232821,5539232822,5539232819,5237840196,5539232817,5539232658,5539232818,5539232551,5237840197,5539232659,5237840198,5539232660,5539232816,5539232662,5539232815,5539232661,5237840199,5539232814,5539232805,5539232665,5237840200,5539232667,5539232804,5539232666,5539232813,5539232669,5237840201,5539232811,5539232812,5539232806,5539232810,5539232803,5539232674,5237840202,5539232807,5539232809,5539232675,5539232577,5539232808,5539232802,5539232676,5539232677,5237840203,5539232800,5539232801,5539232578,5539232799,5539232579,5539232796,5539232679,5237840204,5539232680,5539232797,5539232681,5539232798,5539232793,5237840205,5539232794,5539232682,5539232795,5539232684,5539232792,5539232683,5539232791,5237840206,5539232687,5539232686,5539232789,5539232790,5539232788,5237840207,5539232583,5539232787,5539232585,5539232584,5237840208,5539232590,5539232786,5539232785,5237840209,5539232592,5539232591,5539232783,5539232784,5539232782,5237840210,5539232691,5539232688,5539232781,5539232563,5539232779,5237840211,5539232689,5539232690,5539232780,5539268051,5539232778,5237840212,5237840213,5539232777,5539232776,5539275559,5237840214,5539232774,5539232775,5539267993,5539232773,5539267994,5237840215,5539267995,5539232770,5539267996,5539232771,5539267997,5539232769,5237840216,5539232768,5539232772,5539232767,5237840217,5539232765,5539232766,5539232760,5539232762,5539232755,5539232757,5539267998,5539232758,5539232756,5237840219,5539267999,5539232753,5539232752,5539232751,5539232754,5539232747,5539232750,5237840220,5539232746,5539232748,5539268002,5237840221,5539232749,5539268003,5539268007,5539268004,5237840222,5539268005,5539268006,5539232745,5539232742,5237840223,5237840224,5539232743,5540007004,5539232744,5539232741,5237840225,5539432985,5237840226,5540007005,5539432988,5495564666,5237840227,5539432987,5495888956,5540007331,5539432986,5539432943,5237840228,5540007332,5237840229,5237840230,5539432952,5237840231,5540007328,5539432953,5237840232,5237840233,5539487601,5237840234,5539487580,5237840235,5495317781,5539487579,5539487600,5540007324,5495317780,5540007323,5436929956,5540007394,5540007393,5436929957,5436929958,5436929959,5436929960,5434846890,5436929961,5436929962,5436929963,5540007392,5540007003,5436929964,5540112116,5540007335,5436929965,5540112115,5255119449,5540007387,5540112114,5255119450,5540007337,5255119451,5540112113,5540007336,5540112112,5255119452,5423956986,5540007017,5255119453,5255119454,5540007010,5540007009,5540007391,5540007388,5540112106,5255119455,5540112107,5540007008,5540007390,5255119456,5540007389,5540007007,5279142527,5540112083]},"geometry":{"type":"LineString","coordinates":[[88.9145997,23.3600066],[88.9155947,23.3605521],[88.9255377,23.3637297],[88.9304301,23.3651257],[88.9344427,23.3646161],[88.9369532,23.3623311],[88.9421942,23.3611343],[88.9426383,23.3610029],[88.943038,23.3609463],[88.9434189,23.3608675],[88.9438963,23.360769],[88.9447546,23.3606262],[88.9456075,23.3604883],[88.9462137,23.3603996],[88.9469809,23.3603209],[88.9480898,23.3602233],[88.9489549,23.360178],[88.9493626,23.3601485],[88.9499259,23.3601583],[88.9507627,23.3602174],[88.9515138,23.3602962],[88.9521736,23.3604144],[88.9535201,23.3606902],[88.9550098,23.3609226],[88.9574951,23.361227],[88.9601221,23.3615431],[88.9608103,23.3616111],[88.9616686,23.3616357],[88.9633584,23.3615963],[88.9650321,23.3616259],[88.9665004,23.3616908],[88.9675319,23.3618032],[88.9684927,23.3619409],[88.9703107,23.3621282],[88.9719468,23.3623104],[88.9729017,23.3624335],[88.9737853,23.3625527],[88.974393,23.3627093],[88.9749562,23.3628767],[88.9755249,23.363054],[88.9761671,23.3632766],[88.977558,23.3638321],[88.9782178,23.3641177],[88.9787704,23.3644034],[88.9799935,23.3651371],[88.9809629,23.3657635],[88.9826113,23.3669345],[88.9842781,23.3681568],[88.9852399,23.3689092],[88.986381,23.3697917],[88.9871013,23.3704309],[88.9876699,23.3710168],[88.988609,23.3720854],[88.9892042,23.3727994],[88.9896265,23.3733663],[88.9904636,23.3746519],[88.9912265,23.3759066],[88.9920559,23.3772417],[88.9928144,23.3785213],[88.9934099,23.3797227],[88.9948513,23.3822349],[88.996568,23.3853221],[88.9974364,23.3867766],[88.9979909,23.3876435],[88.9983237,23.3883099],[88.9987386,23.3893927],[88.9988875,23.3898706],[88.9989927,23.3903295],[88.9994486,23.3929784],[88.9995629,23.3938242],[88.9996808,23.3946366],[88.9997184,23.3953554],[88.9997061,23.3961441],[88.9996326,23.3968127],[88.9995414,23.3974528],[88.9992641,23.3988804],[88.9990663,23.3998666],[88.9989069,23.4009542],[88.9988226,23.4016917],[88.9988301,23.4022591],[88.9988633,23.4025668],[88.9989173,23.4027464],[88.9990256,23.4029668],[88.9992718,23.4033107],[88.9996189,23.4037695],[88.9999637,23.4042039],[89.0007601,23.4051387],[89.0010078,23.4054386],[89.0011851,23.4056237],[89.0014421,23.4058372],[89.0020808,23.4062608],[89.0027535,23.4066033],[89.0032407,23.4068505],[89.0036926,23.4070193],[89.0041409,23.4071568],[89.0055449,23.4074516],[89.006347,23.4075095],[89.0069362,23.4074998],[89.0073423,23.4074597],[89.0076899,23.4073926],[89.0080103,23.4072656],[89.0082344,23.4071061],[89.0084318,23.4069101],[89.0085951,23.4066812],[89.0087399,23.4064089],[89.0088808,23.4060732],[89.0090081,23.4056535],[89.009074,23.4051871],[89.009169,23.4039967],[89.0091784,23.4034263],[89.0091506,23.4028887],[89.0091018,23.4024729],[89.0090086,23.4020282],[89.0084609,23.39994],[89.0078386,23.3977245],[89.0075827,23.3969063],[89.0075397,23.3965518],[89.007549,23.3960308],[89.0076899,23.3951733],[89.008044,23.3943658],[89.0086648,23.3927814],[89.0101024,23.3893349],[89.0107047,23.3876895],[89.0108657,23.3870297],[89.0109408,23.3865767],[89.0110251,23.3860065],[89.0111017,23.3845678],[89.0112907,23.3828564],[89.0113739,23.3821541],[89.0114742,23.3813764],[89.0115192,23.3812359],[89.01158,23.381115],[89.0117287,23.3809226],[89.0121342,23.3805132],[89.0125499,23.3801782],[89.0130636,23.3798419],[89.0136752,23.3795454],[89.0140165,23.3794275],[89.014466,23.3792973],[89.0153379,23.3790553],[89.0162907,23.378794],[89.0178961,23.3783543],[89.0193622,23.3779293],[89.0198054,23.377768],[89.0201433,23.3775974],[89.0204002,23.3774082],[89.0206063,23.3772345],[89.0207854,23.3770266],[89.0208977,23.3768479],[89.0211571,23.3764093],[89.0213295,23.3760867],[89.0214275,23.3758758],[89.0215058,23.3756466],[89.0215762,23.3754694],[89.0216303,23.3752864],[89.0216708,23.3750662],[89.0216708,23.3748242],[89.0216742,23.3744178],[89.0216759,23.3739941],[89.0216843,23.3734314],[89.0216607,23.372842],[89.0216303,23.3725597],[89.0215559,23.3722681],[89.0214951,23.3720541],[89.0214038,23.3718804],[89.0213011,23.371686],[89.0211234,23.3714243],[89.0208192,23.3711327],[89.0207009,23.3710304],[89.0205827,23.3709559],[89.0204137,23.3708877],[89.0202346,23.3708412],[89.0201095,23.3708318],[89.0199473,23.3708318],[89.0196721,23.3708317],[89.0189842,23.3709001],[89.0181698,23.370959],[89.0175615,23.3709776],[89.0170039,23.3709807],[89.0166119,23.3709652],[89.0162537,23.3709373],[89.0159056,23.3708877],[89.0156628,23.3708346],[89.0152737,23.3707264],[89.0148884,23.3705868],[89.014537,23.3704627],[89.0142092,23.3703014],[89.0135164,23.3698764],[89.01292,23.3694482],[89.0126242,23.3691815],[89.0124249,23.3690016],[89.0122795,23.368803],[89.0121748,23.368589],[89.0121275,23.3683563],[89.0121241,23.3681423],[89.0121275,23.3680151],[89.0121508,23.3677503],[89.0121951,23.3675001],[89.0122424,23.3672892],[89.0122897,23.3671279],[89.0124891,23.3665943],[89.0127763,23.3659894],[89.0132246,23.3652445],[89.0135096,23.3647888],[89.0138983,23.3642552],[89.0142869,23.3638178],[89.0144964,23.3635758],[89.0147207,23.36334],[89.0149357,23.3631508],[89.0152263,23.3629367],[89.0155102,23.3628126],[89.0158443,23.3627363],[89.0160442,23.3626885],[89.0161962,23.3626761],[89.0164564,23.3626916],[89.0172033,23.3628188],[89.0180785,23.3629833],[89.0190214,23.3631581],[89.0196026,23.3632159],[89.0199406,23.3632314],[89.0201535,23.3632128],[89.0204576,23.3631787],[89.0208462,23.3630887],[89.0216071,23.3628649],[89.0219141,23.362763],[89.0221541,23.3626699],[89.022617,23.3624466],[89.0227692,23.3623447],[89.0229577,23.3621931],[89.023172,23.3618557],[89.0248224,23.3576821],[89.0252462,23.3567196],[89.0255062,23.3562628],[89.0256983,23.3560067],[89.0259881,23.3556801],[89.0263208,23.3553297],[89.0267198,23.3550203],[89.0271078,23.3548125],[89.0275063,23.354617],[89.0280922,23.3544294],[89.0284719,23.3543149],[89.0289642,23.354191],[89.0293251,23.3541161],[89.0297093,23.3540581],[89.030349,23.3540266],[89.0308163,23.354019],[89.0314102,23.3540142],[89.032361,23.3540431],[89.0328249,23.3540278],[89.0333326,23.3539716],[89.0336648,23.3539014],[89.0339251,23.3537789],[89.0340934,23.3535736],[89.0341735,23.3533519],[89.0342358,23.3529895],[89.0342459,23.3525964],[89.0342124,23.3522618],[89.0341687,23.3520619],[89.0340887,23.3519223],[89.0339221,23.3517174],[89.0337108,23.3514586],[89.0334453,23.3512096],[89.0329665,23.3507628],[89.0324111,23.3503339],[89.0317361,23.3498142],[89.0313256,23.349555],[89.0309232,23.3493432],[89.0302515,23.3490798],[89.0292806,23.3487844],[89.0277004,23.3482556],[89.0264869,23.3479495],[89.0248346,23.3475357],[89.0232418,23.3471626],[89.0216249,23.3468558],[89.0196279,23.3464256],[89.0192182,23.3463182],[89.0188946,23.3461931],[89.0186136,23.3460406],[89.0184065,23.3458899],[89.0182389,23.3457279],[89.0180942,23.3455637],[89.0178692,23.3452348],[89.0177024,23.3448757],[89.0175646,23.3444486],[89.0169511,23.3412902],[89.0168892,23.3406303],[89.0168722,23.3403879],[89.0169235,23.3401484],[89.0171106,23.3397389],[89.0174195,23.3392622],[89.0183928,23.3386062],[89.0195653,23.3379815],[89.0198037,23.3377629],[89.0200679,23.3375627],[89.0202908,23.337291],[89.0202298,23.3369726],[89.0204572,23.3362909],[89.020574,23.3355613],[89.0205962,23.3352489],[89.0205594,23.3348444],[89.0204745,23.3344111],[89.0203909,23.3340388],[89.0196432,23.3315625],[89.0188749,23.3293902],[89.0176392,23.3264109],[89.0168892,23.3248044],[89.0160774,23.3230143],[89.0156961,23.3219738],[89.0153351,23.3208086],[89.0146572,23.318529],[89.0138691,23.3157016],[89.0137215,23.3150922],[89.0135809,23.3144566],[89.013361,23.3129644],[89.0130893,23.31122],[89.0124278,23.3075106],[89.0122615,23.3062115],[89.0121713,23.305082],[89.0121072,23.3039427],[89.01198,23.3027792],[89.0119044,23.3019687],[89.0118001,23.3011541],[89.0116138,23.2999047],[89.0115226,23.2993181],[89.0114231,23.2986978],[89.0109193,23.2959789],[89.010517,23.2934414],[89.0102488,23.2914205],[89.0100556,23.2898643],[89.0100013,23.2890759],[89.009961,23.2875216],[89.0099609,23.2868125],[89.0099944,23.2859816],[89.0100259,23.2854916],[89.0101222,23.2848698],[89.0102105,23.284286],[89.0103288,23.2835608],[89.0106315,23.2820121],[89.0108092,23.2812502],[89.0110264,23.2804253],[89.011243,23.2795617],[89.0113754,23.2791147],[89.0115225,23.2786726],[89.0117828,23.2779189],[89.0121056,23.277088],[89.0123292,23.2765334],[89.0126071,23.275933],[89.012921,23.2753092],[89.0133545,23.2745525],[89.0138054,23.273958],[89.0143942,23.2731932],[89.0149796,23.2725109],[89.0159689,23.2712979],[89.0163749,23.270809],[89.0165788,23.2705035],[89.0167437,23.2702413],[89.0170851,23.2696182],[89.0172213,23.2693092],[89.0173457,23.2689345],[89.0174129,23.2687107],[89.0174637,23.2684881],[89.0175607,23.2680148],[89.0176888,23.2672307],[89.0177408,23.2665505],[89.0177268,23.2659844],[89.0176844,23.2653942],[89.0175611,23.2648554]]}},{"type":"Feature","properties":{"osm_id":727379279,"group":"kapotaksha","version":3,"timestamp":"2025-08-18T18:47:54Z","tags":{"name":"কপোতাক্ষ নদ","name:bn":"কপোতাক্ষ নদ","name:en":"Kopotakkho River","waterway":"stream","intermittent":"yes"},"nodes":[5540112083,5540112084]},"geometry":{"type":"LineString","coordinates":[[89.0175611,23.2648554],[89.0173881,23.2643323]]}},{"type":"Feature","properties":{"osm_id":727379280,"group":"kapotaksha","version":3,"timestamp":"2025-08-18T18:47:54Z","tags":{"name":"কপোতাক্ষ নদ","name:bn":"কপোতাক্ষ নদ","name:en":"Kopotakkho River","waterway":"stream","intermittent":"yes"},"nodes":[5540112084,5255119459,5540112079,5255119462,5540112066,5255119463,5540112081,5540112082,5540112078,5255119464,5540112080,5540112036,5255119465,5540112037,5540112067,5255119466,5540111809,5540112077,5540111808,5255119467,5540112075,5255119468,5540112076,5255119469,5540112074,5540111807,5540112073,5255119470,5540111806,5540112072,5540112071,5540112068,5540111782,5255119471,5540112069,5540112070,5540111804,5255119472,5540111805,5540111803,5255119473,5540111783,5255119474,5540111784,5518372773,5540111785,5255119475,5540111786,5518372774,5540111787,5255119476,5518372775,5540111788,5255119477,5540111789,5518372772,5540111790,5255119478,5540111791,5518372771,5540138271,5255119479,5518372770,5518372769,5255119480,5518372768,5540111802,5255119481,5518372767,5255119482,5518372766,5540111801,5255119483,5540111800,5518372765,5255119484,5540111798,5540111799,5540111797,5255119485,5540111745,5540111796,5540111744,5255119486,5540111743,5540111795,5540111742,5255119487,5540138251,5540111741,5255119488,5540111725,5255119489,5540111726,5255119490,5540111728,5540111727,5255119491,5540111740,5540111730,5255119492,5540111729,5540111738,5540111731,5540111739,5540111737,5540111732,5255119493,5540138250,5540111736,5255119494,5540111734,5540111735,5255119495,5540111733,5255119496,5540138252,5540138253,5255119497,5521683283,5521683282,5521683281,5521683280,5521683279,5521683278,5521683277,5521683276,5521683275,5521683274,5521683273,5521683272,5521683271,5521683270,5521683269,5521683268,5521683267,5521683266,5521683265,5521683264,5521683263,5521683262,5521683261,5521683260,5521683259,5521683258,5521683257,5521683256,5521683255,5521683254,5521683253,5521683252,5521683251,5521683250,5521683249,5521683248,5521683247,5521683246,5521683245,5521683244,5521683243,5521683242,5521683241,5521683240,5521683239,5521683238,5521683237,5521683236,5521683235,5521683234,5521683233,5521683232,5521683231,5521683230,5521683229,5521683228,5521683227,5521683226,5521683225,5521683224,5521683223,5521683222,5521683221,5521682820,5521682819,5521682818,5521682817,5521682816,5521682815,5521682814,5521682813,5521682812,5521682811,5521682810,5521682809,5521682808,5521682807,5521682806,5521682805,5521682804,5521682803,5521682802,5521682801,5521682800,5521682799,5521682798,5521682797,5521682796,5521682795,5521682794,5521682793,5521682792,5521682791,5521682790,5521682789,5521682788,5521682787,5521682786,5521682785,5553801065,5553801064,5553801063,5553801062,5553801061,5553801060,5553801059,5553801058,5553801057,5553801056,5553801055,5553801054,5553801053,5554114396,5554114395,5554114394,5554114393,5554114392,5554114391,5554114390,5554114389,5554114388,5554114387,5554114386,5554114385,5554114384,5554114383,5554114382,5558726119,5558726118,5558726117,5558726116,5558726115,5558726114,5558859108,5558859107,5558859106,5558859105,5558859104,5558859103,5558858998,5558859102,5558859101,5558859100,5559002526,5558859099,5558859098,5558858957,5558859097,5558859096,5558859095,5558859094,5558859093,5558859092,5558859091,5558859090,5558858927,5558859089,5558858917,5558859088,5558859087,5558859086,5558859085,5558859084,5455779425]},"geometry":{"type":"LineString","coordinates":[[89.0173881,23.2643323],[89.0169161,23.2632333],[89.0166753,23.2627219],[89.0163527,23.2621589],[89.0157992,23.2613179],[89.0154109,23.2606647],[89.01516,23.2601761],[89.014842,23.2594796],[89.014551,23.2586461],[89.0143519,23.2578564],[89.0141291,23.256702],[89.0139514,23.2560371],[89.0137239,23.2553755],[89.0135213,23.254754],[89.0132233,23.2540734],[89.0126619,23.2528385],[89.0123377,23.2522426],[89.0120351,23.2517215],[89.0116479,23.2511551],[89.0111654,23.250493],[89.0104258,23.249607],[89.0095883,23.2487137],[89.0087736,23.248015],[89.007743,23.2472105],[89.0057319,23.245728],[89.0053337,23.2453888],[89.0047442,23.2449434],[89.0034671,23.2441113],[89.0025321,23.2435501],[89.0018364,23.2431881],[89.0006963,23.2426129],[89.0002968,23.242445],[88.9999306,23.2422903],[88.9996128,23.2421709],[88.9986464,23.2418834],[88.9975105,23.2416323],[88.9965883,23.2414766],[88.995347,23.2413027],[88.9933609,23.2410541],[88.9921381,23.2408495],[88.9907875,23.2405584],[88.9897802,23.2402834],[88.9887133,23.2399785],[88.9880345,23.2397591],[88.9874339,23.2395322],[88.9867614,23.2392584],[88.9861778,23.238979],[88.9858375,23.2388006],[88.9855403,23.2386154],[88.9850669,23.2383155],[88.9845943,23.2379751],[88.984087,23.2375313],[88.9838619,23.2373257],[88.9836294,23.2370329],[88.9834106,23.2367388],[88.9832386,23.2364559],[88.9830657,23.2361441],[88.9829053,23.2357771],[88.9827506,23.2352365],[88.9826488,23.234736],[88.9825684,23.2339917],[88.98251,23.2331604],[88.9823653,23.2319903],[88.9822939,23.2309207],[88.982257,23.2300893],[88.9822787,23.2288305],[88.9823249,23.2280805],[88.9824629,23.227324],[88.9827776,23.2261735],[88.9830497,23.2254825],[88.9834272,23.224801],[88.983632,23.2244495],[88.9838403,23.224088],[88.9840493,23.223577],[88.9842904,23.222767],[88.9847935,23.221275],[88.9850371,23.2207715],[88.9853266,23.2202002],[88.9856715,23.2196055],[88.9862698,23.2187911],[88.98633,23.2187261],[88.986514,23.2183837],[88.9868869,23.2180144],[88.9872315,23.2176724],[88.9877419,23.2172131],[88.9882446,23.2168107],[88.9888504,23.2164212],[88.989501,23.2160789],[88.9898844,23.2159118],[88.9902156,23.2158032],[88.991124,23.2156208],[88.9918783,23.2155703],[88.9929159,23.2155555],[88.9936153,23.2156137],[88.9942378,23.2157139],[88.9947812,23.2157472],[88.9950278,23.2157069],[88.9952081,23.2156667],[88.9955753,23.2155236],[88.9957139,23.2154367],[88.9958524,23.215292],[88.9959132,23.215182],[88.9959369,23.2151168],[88.9959606,23.2149117],[88.9959538,23.2147192],[88.995893,23.2144708],[88.9958321,23.2143155],[88.995731,23.2141221],[88.9956057,23.2139428],[88.9953793,23.2137595],[88.9949736,23.2134665],[88.9945345,23.2132191],[88.9941188,23.2130142],[88.9931749,23.2127383],[88.9923953,23.212598],[88.9915665,23.212473],[88.9909456,23.2124582],[88.9902562,23.2126384],[88.9895074,23.2131531],[88.9892256,23.2134593],[88.9888394,23.2139326],[88.9885122,23.2143023],[88.9880401,23.2146376],[88.9878175,23.2148274],[88.9876109,23.2149506],[88.9874554,23.2150418],[88.9872462,23.215133],[88.9870182,23.2152341],[88.9867821,23.2153253],[88.9864951,23.2154215],[88.9863181,23.2154708],[88.9860848,23.2155348],[88.9858648,23.2155644],[88.9856663,23.2155915],[88.9854813,23.2156039],[88.9852318,23.2156211],[88.9849851,23.2156384],[88.9846739,23.2156162],[88.984395,23.2155817],[88.9841107,23.2155398],[88.9838263,23.2154658],[88.9835313,23.2153623],[88.9830834,23.2152464],[88.9829573,23.2151848],[88.9827266,23.2150739],[88.9825335,23.2149358],[88.9823511,23.2147731],[88.9821044,23.2145439],[88.9819273,23.2144009],[88.981643,23.2141914],[88.9813641,23.2139991],[88.9810851,23.2138192],[88.9808866,23.2136885],[88.9806613,23.213479],[88.9804843,23.2132892],[88.9803345,23.2131367],[88.9801598,23.2129465],[88.980023,23.2127617],[88.9799184,23.2125694],[88.9798138,23.212382],[88.9797199,23.212138],[88.9796796,23.2119408],[88.9796716,23.2117584],[88.9796877,23.2115266],[88.9797252,23.2112949],[88.9798138,23.2109794],[88.9799425,23.210622],[88.9800578,23.2104297],[88.9802617,23.2102127],[88.9804763,23.2099786],[88.9806613,23.2098578],[88.9808357,23.2097863],[88.9810556,23.209732],[88.981289,23.2096975],[88.9815277,23.2096901],[88.9817342,23.2098011],[88.9819166,23.2098356],[88.9822009,23.2098405],[88.982563,23.2098134],[88.9829305,23.2097813],[88.9832121,23.2097394],[88.9835018,23.2096926],[88.9837486,23.2096507],[88.9840677,23.2095595],[88.9843145,23.2094905],[88.9845157,23.2094165],[88.9847383,23.2093352],[88.9849824,23.2092489],[88.985205,23.2091503],[88.9854196,23.2090122],[88.9856234,23.2088569],[88.9857924,23.2087065],[88.9859721,23.2085266],[88.9861572,23.208322],[88.9863449,23.208073],[88.9865327,23.2078068],[88.9866453,23.2076095],[88.9867473,23.2074074],[88.9868546,23.2071757],[88.9869592,23.206902],[88.9870316,23.2066802],[88.9870812,23.2064854],[88.9871523,23.2063178],[88.9872515,23.2060663],[88.9873132,23.2058691],[88.9874017,23.2056053],[88.9874983,23.2052849],[88.9875734,23.2048954],[88.9876163,23.2045601],[88.9877129,23.204215],[88.9877933,23.2038008],[88.9878738,23.2035839],[88.9880347,23.203288],[88.9882761,23.203081],[88.9885175,23.2028689],[88.9888662,23.2027358],[88.9892471,23.202652],[88.9894456,23.202652],[88.9905184,23.2027358],[88.9922726,23.2037663],[88.9944935,23.206271],[88.9958078,23.2077205],[88.9971811,23.2089629],[88.9982754,23.209663],[89.000051,23.2103582],[89.0023792,23.2109695],[89.0050238,23.2108857],[89.0064722,23.210442],[89.0086824,23.2100525],[89.0108174,23.2100476],[89.0118313,23.2100969],[89.0137786,23.2101659],[89.0151358,23.2101363],[89.0164554,23.2100229],[89.0174156,23.2098257],[89.0186977,23.2092982],[89.0202802,23.208534],[89.022131,23.207612],[89.0232146,23.2069366],[89.0242982,23.2059949],[89.025017,23.2051715],[89.0257627,23.2040128],[89.026503,23.2030366],[89.0272218,23.2019962],[89.0279192,23.201158],[89.0283537,23.2006798],[89.0292104,23.1999444],[89.0298971,23.1995893],[89.0306513,23.1994372],[89.0314668,23.1992174],[89.0323252,23.1993075],[89.0337539,23.1996231],[89.0354769,23.2002318],[89.0369975,23.2004122],[89.0382852,23.2002431],[89.0399407,23.199409],[89.0438772,23.1969292],[89.0468081,23.194765],[89.0481754,23.1935561],[89.049322,23.1922288],[89.0504503,23.1907859],[89.0513838,23.1886371],[89.0517268,23.187199],[89.0517747,23.1869984],[89.0518222,23.1863122],[89.0516797,23.1855893],[89.0515126,23.1849214],[89.051321,23.1844099],[89.0508795,23.183873],[89.0504043,23.1834362],[89.0496286,23.1829768],[89.0488806,23.1827175],[89.0477524,23.1823906],[89.0467682,23.1821905],[89.0459865,23.1820721],[89.0452185,23.1819397],[89.0444704,23.1818495],[89.043727,23.1818298],[89.04268,23.1817579],[89.0416024,23.1817029],[89.0402381,23.1816917],[89.0364579,23.1813394],[89.0335643,23.1811924]]}},{"type":"Feature","properties":{"osm_id":566535135,"group":"kapotaksha","version":3,"timestamp":"2021-09-15T20:20:03Z","tags":{"name":"কপোতাক্ষ নদ","name:bn":"কপোতাক্ষ নদ","name:en":"Kopotakkho River","waterway":"river"},"nodes":[5455779425,5455779426,5455779427,5455779428,5455779429,5455779430,5455779431,5455779432,5455779433,5455779434,5455779435,5455779383,5455779436,5455779391,5455779437,5455779438,5542058930,5542058929,5542058928,5542058914,5542058927,9095263195]},"geometry":{"type":"LineString","coordinates":[[89.0335643,23.1811924],[89.0320927,23.1810052],[89.0312988,23.1807488],[89.0309286,23.1801965],[89.0307891,23.1796244],[89.0308428,23.1784902],[89.0310734,23.1776371],[89.0317225,23.1764831],[89.0338468,23.1739385],[89.0355634,23.1719066],[89.0372908,23.1694408],[89.0378272,23.1682473],[89.0383529,23.1668762],[89.0387177,23.1651599],[89.0390825,23.1632365],[89.0396833,23.1593599],[89.0412819,23.1545165],[89.0444577,23.1490218],[89.0475798,23.1453618],[89.0485507,23.1438623],[89.0510881,23.139403],[89.0530849,23.1373786]]}},{"type":"Feature","properties":{"osm_id":577629714,"group":"kapotaksha","version":2,"timestamp":"2021-09-15T20:20:03Z","tags":{"name":"কপোতাক্ষ নদ","name:bn":"কপোতাক্ষ নদ","name:en":"Kopotakkho River","waterway":"river"},"nodes":[9095263195,5537048058,5537048059,5537048060,5537048061,5537048062,5537048063,5537048064,5537048065,5537048066]},"geometry":{"type":"LineString","coordinates":[[89.0530849,23.1373786],[89.0548124,23.1359577],[89.0558593,23.1354135],[89.0571945,23.1345484],[89.0587573,23.1335578],[89.0598804,23.1327534],[89.0604383,23.1323445],[89.0613019,23.1316089],[89.0619242,23.1309133],[89.0623426,23.1303213]]}},{"type":"Feature","properties":{"osm_id":565238794,"group":"kapotaksha","version":6,"timestamp":"2021-09-15T20:20:03Z","tags":{"name":"কপোতাক্ষ নদ","name:bn":"কপোতাক্ষ নদ","name:en":"Kopotakkho River","waterway":"river"},"nodes":[5537048066,5537048067,5542116129,5537048068,5542116130,5537048069,5542116128,5537048070,5542116127,5537048071,5537048072,5542116131,5542114677,5537048073,5542114676,5537048074,5537048075,5537048076,5537048077,5542116132,5526842964,5526842965,5542114675,5542116126,5542114674,5526842966,5526842967,5542114673,5526842968,5444453377,5444453378,5542116133,5444453379,5444453380,5444453381,5519764726,5444453382,5542116134,5444453383,5519764724,5519764725,5444453384,5542116436,5542116437,5542116435,5444453385,5542116439,5542116438,5542116737,5542116440,5444453386,5542116441,5542116736,5542116442,5444453387,5542116443,5542116445,5542116444,5519764723,5542116446,5542116447,5444453388,5542116448,5519764722,5542116449,5444453189]},"geometry":{"type":"LineString","coordinates":[[89.0623426,23.1303213],[89.0626001,23.1297786],[89.0627825,23.1294087],[89.0629273,23.1289253],[89.0630185,23.1286391],[89.0630936,23.1282938],[89.0631473,23.1277314],[89.0631742,23.1272775],[89.0631366,23.126646],[89.0631044,23.1261675],[89.0631098,23.125422],[89.0632053,23.1250564],[89.0633047,23.1248457],[89.0634509,23.1246208],[89.0638318,23.1242676],[89.0643972,23.123913],[89.0655581,23.123316],[89.0664893,23.1228128],[89.067235,23.1224231],[89.0682144,23.1218632],[89.0694626,23.1210774],[89.0707518,23.1202165],[89.0712327,23.1198358],[89.0716585,23.1194541],[89.0720505,23.1191085],[89.0723876,23.1187615],[89.0739415,23.117195],[89.0748621,23.1162553],[89.0756984,23.1152913],[89.0767854,23.1139919],[89.0777432,23.1127609],[89.0784476,23.1119114],[89.0793544,23.1109861],[89.081249,23.1092767],[89.0828648,23.1079412],[89.0837187,23.1073531],[89.0847545,23.1067529],[89.0853537,23.1064367],[89.0862217,23.1060998],[89.086631,23.1059589],[89.0870568,23.1058962],[89.0878304,23.1058495],[89.0882546,23.1058554],[89.0886736,23.1058539],[89.0891112,23.1058772],[89.0895583,23.1059061],[89.0898192,23.1059394],[89.0899628,23.105958],[89.0901089,23.1059541],[89.0903988,23.1059191],[89.0906485,23.1058736],[89.0908736,23.1058212],[89.091126,23.1057609],[89.0914126,23.1056954],[89.0916892,23.1056443],[89.0918164,23.1056239],[89.0919905,23.1056145],[89.0921375,23.1056005],[89.0923279,23.1056064],[89.0924822,23.1056316],[89.092663,23.1056689],[89.0929776,23.1057095],[89.0930989,23.1057109],[89.0932136,23.1056957],[89.0933709,23.1056658],[89.0935094,23.1056206]]}},{"type":"Feature","properties":{"osm_id":558424432,"group":"kapotaksha","version":6,"timestamp":"2021-09-15T20:20:03Z","tags":{"name":"কপোতাক্ষ নদ","name:bn":"কপোতাক্ষ নদ","name:en":"Kopotakkho River","waterway":"river"},"nodes":[5444453189,5542116450,5519764721,5542116451,5542116733,5542116461,5542116462,5444453190,5542116460,5444453191,5542116459,5542116735,5542116458,5444453192,5542116734,5542116457,5444453193,5444453194,5542116453,5542116452,5444453195,5385127831,5385127824,5385127830,5385127829,5385127828,5385127827,5385127826,5385127825,5434581357,5434581356,5542116477,5434581355,5434581354,5434581353,5434581352,5434581351,5434581350,5434581349,5434581348,5434581347,5434581346,5434581345,5434581344,5542116476,5434581343,5542116475,5434581342]},"geometry":{"type":"LineString","coordinates":[[89.0935094,23.1056206],[89.0937494,23.1054933],[89.0939671,23.1053542],[89.0941212,23.1052431],[89.0942287,23.1051646],[89.0943425,23.1050613],[89.0944236,23.1049556],[89.0945951,23.1047111],[89.0947903,23.1044039],[89.0949734,23.104108],[89.0950775,23.1038987],[89.0952074,23.1036647],[89.0953665,23.1033734],[89.095569,23.1030665],[89.095825,23.1027439],[89.0960542,23.1024813],[89.0963984,23.1021734],[89.0968916,23.1017034],[89.0973197,23.1013002],[89.0975124,23.101109],[89.0977175,23.1008774],[89.098167,23.1003058],[89.0983888,23.1000306],[89.0985498,23.0997542],[89.0986651,23.0995914],[89.0988743,23.0993669],[89.0995154,23.0986021],[89.1002449,23.0978126],[89.1004702,23.0975683],[89.1017363,23.0962955],[89.1028687,23.0951776],[89.1034746,23.0946015],[89.1041264,23.0939987],[89.1052331,23.0929411],[89.106219,23.0919242],[89.1076418,23.0904395],[89.1085333,23.0894175],[89.109331,23.0884218],[89.1100441,23.0875091],[89.1106196,23.0866067],[89.111164,23.085672],[89.1117708,23.0844669],[89.112169,23.0836446],[89.1126866,23.0823773],[89.1127991,23.0818487],[89.1131866,23.0806743],[89.113276,23.0803446],[89.1134929,23.079544]]}},{"type":"Feature","properties":{"osm_id":557271270,"group":"kapotaksha","version":44,"timestamp":"2021-09-15T20:20:03Z","tags":{"name":"কপোতাক্ষ নদ","name:bn":"কপোতাক্ষ নদ","name:en":"Kopotakkho River","waterway":"river"},"nodes":[5434581342,5450381858,5450381859,5450381860,5542116468,5450381861,5450381862,5450381863,5542116467,5450381864,5450381865,5450381866,5434649532,5434649995,5434649996,5434649997,5434649998,5434649999,5434650000,5434650001,5521723579,5434650002,5434650003,5434650004,5521722602,5434650005,5434650006,5521723580,5434650007,5434650008,5521722601,5434650009,5434650010,5434650011,5521722599,5434650012,5521722598,5521722600,5434650013,5521722597,5521722595,5434650014,5521722594,5434650015,5521722596,5521904001,5434650016,5530351517,5434650017,5521904002,5434650018,5521904003,5434650019,5521904004,5434650020,5521904005,5434650021,5521904007,5434650022,5521904006,5434650023,5434650024,5434650025,5521901621,5434650026,5521901220,5434650027,5434650028,5521901219,5434650029,5521901218,5521901217,5434650030,5434650031,5434650032,5434650033,5434650034,5434650035,5521901216,5434650036,5434650037,5434650038,5434650039,5434650040,5434650041,5434650042,5434650043,5434650044,5434650045,5434650046,5434650047,5434650048,5434650049,5434650050,5434650051,5434650052,5434650053,5434650054,5434650055,5433171270,5433171271,5433171272,5433171273,5433171274,5433171275,5433171276,5433171277,5433171278,5433171279,5433171280,5433171281,5433171282,5433171283,5433171284,5433171285,5433171286,5433171287,5529757405,5433171288,5433171289,5433124737,5524464241,5524464230,5433124738,5524464240,5524464229,5433124739,5524464239,5524464228,5433124740,5524464238,5433124741,5524464237,5433124742,5524464236,5433124743,5524464226,5524464227,5433124744,5524464224,5524464225,5434650114,5434650113,5434650115,5434650116,5434650117,5434650118,5434650119,5434650120,5434650121,5434650122,5434650123,5434650124,5434650125,5434650126,5434650127,5434650128,5374236169,5374236168,5529931949,5374236167,5529931950,5374236166,5529931947,5529931948,5374236165,5529931946,5374236164,5529931945,5374236163,5529931944,5535264920,5374236162,5535264919,5530143349,5374236161,5535271621,5529931943,5535264918,5374236160,5535271622,5529931942,5535264917,5535264916,5374236159,5529931941,5374236158,5529931940,5529931939,5374236157,5529931938,5374236156,5529931937,5530421625,5529931953,5374236155,5530143346,5529931936,5529931952,5374236154,5529931935,5535271635,5529931951,5530143347,5530143348,5529931934,5374236152,5529931933,5530143344,5374236151,5530143345,5530143350,5374236150,5530421626,5530143343,5530143351,5374236149,5374236146,5374236148,5374236147,5388498877,5388498876,5530143352,5388498875,5535043588,5388498874,5530143353,5388498873,5530143355,5530175706,5388498872,5530143354,5530143356,5530143338,5388498871,5530143357,5530143358,5388498870,5388498869,5388498868,5530143359,5388498867,5530143360,5530143361,5388498866,5530143362,5388498865,5530143363,5388498864,5530143364,5388498863,5530143365,5388498862,5530143366,5388498861,5530143367,5530143337,5388498860,5530143336,5388498859,5535271641,5388498858,5535043589,5388498857,5388498856,5388498855,5388498854,5530143332,5530143335,5530143333,5388498853,5530143331,5530143334,5388498852,5388498851,5388498850,5535043587,5388498849,5388498848,5530143330,5388498847,5530143329,5388498846,5529745137,5529745138,5530143328,5389448390,5389448389,5389448388,5530143327,5529745136,5535271643,5389448387,5535271644,5529745135,5529745133,5389448386,5529745132,5529745134,5529745131,5434650129,5535271642,5529745129,5529745130,5389448385,5434650130,5434650132,5434650131,5389448391,5535271640,5422104245,5529728094,5422104246,5535271639,5422104247,5529748701,5529728095,5529748702,5422104248,5422104249,5422104250,5422104251,5529728096,5422104252,5529728093,5422104253,5422104254,5422104255,5422104256,5422104257,5422104258,5422104259,5422104260,5422104261,5422104262,5422104263,5422104264,5529728091,5422104265,5529728092,5422104266,5419689093,5419689094,5529728088,5419689095,5419689096,5419689097,5419689098,5419689099,5419689100,5529728089,5419689101,5535126711,5419689102,5419689103,5419689104,5419689105,5419689106,5419689107,5419689108,5419689109,5529688430,5419689110,5419689111,5529688431,5418086062,5418086063,5535126707,5418086064,5535126706,5418086065,5535126723,5529728087,5535126722,5418086066,5535126705,5418086067,5535126729,5418086068,5535174292,5418086069,5535174293,5418086070,5535126730,5418086071,5535126889,5418086072,5418086073,5418086074,5418086075,5418086076,5535126739,5418086077,5535126740,5418086078,5535126741,5418086079,5535126742,5418086080,5535126743,5418086081,5418086082,5535126744,5418086083,5535126700,5535126745,5418086084,5418086085,5535126746,5418086086,5535126747,5418086087,5535126895,5535126897,5535126896,5418086088,5535126893,5535126898,5535126894,5418086089,5535174291,5535174290,5418086090,5418086091,5418086092,5418086093,5418086094,5418086095,5418086096,5418086097,5418086098,5418086099,5535174289,5535174288,5418086100,5535126756,5535174286,5418086101,5535174287,5535126913,5418086102,5535126911,5535126912,5535174285,5418086103,5535126909,5535126688,5418086104,5535126687,5535126910,5418086105,5535126907,5535126908,5535126686,5535126689,5535126685,5418086106,5535126684,5535126906,5535126683,5535126682,5418086107,5535126905,5535126681,5418086108,5535126680,5535126690,5418086109,5535126903,5418086110,5535126678,5535126679,5418086111,5535126904,5418086112,5535126677,5418086113,5535126902,5418086114,5535126901,5535126674,5418086115,5535126900,5535126675,5418084757,5535126676,5535126899,5418084758,5535126777,5418084759,5535136867,5418084760,5535126778,5418084761,5418084762,5535126780,5418084763,5535136866,5418084764,5535126782,5418084765,5535136869,5418084766,5535136868,5418084767,5535126696,5418084768,5535136871,5418084769,5535136870,5418084770,5535126673,5413835472,5413835473,5535126672,5413835474,5535126671,5535126670,5413835475,5535126668,5535126669,5413835476,5535126665,5535126667,5535126666,5413835477,5413835478,5413835479,5413835480,5535126664,5395045521,5395045522,5395045523,5535126663,5535226082,5395045524,5395045525,5395045526,5395045527,5395045528,5395045529,5385079246,5535125608,5385079247,5385079248,5385079249,5385079250,5385079251,5535126619,5385079252,5535172580,5535126622,5535172581,5385079253,5535172579,5535126621,5535172578,5385079254,5535172577,5535126620,5385079255,5535172576,5535125609,5385079256,5535125610,5535125612,5535125611,5385079257,5535125613,5535125614,5385079258,5535125615,5385079259,5535125616,5535125618,5535125617,5535125594,5385079260,5535125595,5535125596,5385079261,5535172583,5535172582,5385079262,5535125597,5385079263,5535125576,5385079264,5535125619,5385079265,5535172584,5385079266,5535125620,5385079267,5385079268,5535126522,5535126521,5535172589,5385079269,5535172588,5535126523,5535172585,5535126524,5535172586,5535172587,5385079270,5385079271,5542116135,5542116136,5385079272,5542116137,5385079273,5535125607,5385079274,5385079275,5385079276,5385079277,5385079278,5385079279,5535125604,5385079280,5535125605,5535125606,5385079281,5535125603,5385079282,5535125601,5535125602,5542116144,5385079283,5535125599,5535125600,5535125598,5385079284,5542116141,5385079285,5385079286,5522242551,5385079287,5385079288,5411428911,5385079289,5385079290,5385079291,5385079292,5385079293,5382521044,5535219840,5382521045,5382546194,5382521046,5382521047,5535198946,5382521048,5535198943,5535198941,5382521049,5382521050,5535198942,5382521051,5535198944,5535198818,5382521052,5535198945,5535198819,5382521053,5535198820,5542116149,5382521054,5542116150,5382521055,5535198921,5542116153,5382521056,5542116152,5382546183,5542116151,5382521057,5535198940,5382521058,5382521059,5375131346,5375131347,5542116154,5375131348,5535189945,5535189946,5535189944,5375131349,5535189941,5535189943,5535189942,5375131350,5535189939,5375131351,5375131352,5375131353,5375131354,5535189935,5375131355,5535219851,5375131356,5535219850,5375131357,5542116157,5375131358,5542116159,5535189934,5375131359,5542116161,5542116160,5375131360,5535189933,5542116158,5375131361,5375131362,5535189932,5375131363,5535189931,5375131364,5374696936,5535189930,5542116162,5374696935,5542116164,5374696934,5542116163,5542116165,5374696933,5542116166,5374696932,5542116167,5374696931,5542116168,5374696930,5542116169,5374696929,5374696928,5374696937,5524156036,5374696927,5374696926,5524184293,5374696925,5524156037,5524156041,5374696924,5537078963,5374696923,5524184292,5537078962,5377345061,5524184015,5377345060,5377345059,5524184014,5537078961,5377345058,5537078960,5524184013,5524184294,5524184012,5537078958,5377345057,5537078957,5377345056,5377345055,5537078956,5377345054,5377345053,5524184295,5537078949,5377345052,5377345051,5524184010,5377345050,5537078955,5524184009,5537078953,5524184008,5537078954,5537078952,5537078964,5537078965,5524184296,5524184006,5537078951,5537079009,5537078966,5524184005,5537079007,5524184297,5537079008,5377345046,5537078950,5537079006,5524184298,5524184004,5377345045,5377345044,5377345043,5524184003,5537078994,5377345042,5537078993,5524184002,5537078992,5377345041,5537078969,5537078968,5377345040,5537078967,5537078991,5537078990,5377345039,5377345038,5377345037,5377345036,5537078988,5537078987,5524184001,5537078986,5377345035,5524184344,5537078981,5537078980,5377345034,5524183999,5377345033,5537078977,5377345032,5537078976,5524183998,5537078975,5377345031,5537078970,5537078974,5377345030,5524183997,5537078973,5377345029,5377345028,5377345027,5377345026,5377288597,5537078971,5377288599,5537147297,5377288600,5537147299,5377288601,5537147300,5377288602,5537147298,5522165243,5542116176,5377288603,5377288604,5377288605,5522165242,5377288606,5522165241,5377288607,5522165240,5377288608,5542116186,5377288609,5542116187,5377288610,5542116188,5377288611,5542116191,5542116190,5377288612,5374072695,5522165239,5374072694,5542116194,5374072693,5542116197,5374072692,5522165310,5374072691,5374072690,5374072689,5374072688,6819198773,5374072687,5522165238,5522165236,5377182034,5542116202,5377182033,5522165237,5377182032,5542116203,5377182031,5542116204,5377182030,5542116205,5377182029,5377222969,5377182028,5377182027]},"geometry":{"type":"LineString","coordinates":[[89.1134929,23.079544],[89.1136656,23.0788243],[89.1139162,23.0775011],[89.1140932,23.0761291],[89.114136,23.0755188],[89.11412,23.0746732],[89.1140395,23.0736714],[89.1139322,23.0727534],[89.113855,23.0723068],[89.1137716,23.0719141],[89.1135472,23.0707264],[89.1132778,23.0699057],[89.112854,23.0686373],[89.1125536,23.0677489],[89.1114485,23.0652812],[89.1103649,23.0635142],[89.1091633,23.061609],[89.1085088,23.0604738],[89.1074529,23.0590299],[89.1065991,23.0580257],[89.105905,23.0573637],[89.1051936,23.0567818],[89.103874,23.0557552],[89.101711,23.0542364],[89.1010818,23.0536911],[89.1003442,23.0530996],[89.0994803,23.0522909],[89.0987272,23.0516671],[89.0981025,23.0511049],[89.0970685,23.050015],[89.0964153,23.0492248],[89.0957093,23.048203],[89.0950227,23.0469689],[89.0946257,23.0457941],[89.0945164,23.0451111],[89.094497,23.0444218],[89.094593,23.0441786],[89.0947037,23.043967],[89.0951628,23.0433963],[89.0956659,23.04287],[89.0959629,23.0424999],[89.0961315,23.042127],[89.0965915,23.0411378],[89.0971577,23.0401765],[89.097897,23.0389284],[89.0983313,23.0383328],[89.0988012,23.0376954],[89.0999979,23.0364544],[89.1013098,23.0351313],[89.101763,23.034493],[89.1021359,23.0337687],[89.1022399,23.0334429],[89.1023567,23.0330025],[89.1024443,23.0324319],[89.1024792,23.0318977],[89.1024528,23.0315621],[89.1024358,23.0312663],[89.1023754,23.0309978],[89.1022249,23.0307785],[89.1019449,23.0305954],[89.1016424,23.0305746],[89.1001511,23.0308412],[89.0984774,23.0311473],[89.0978715,23.0311624],[89.0972114,23.031093],[89.096509,23.0309351],[89.0959501,23.0307166],[89.0944326,23.0299279],[89.093767,23.029548],[89.0932363,23.0291232],[89.092694,23.0286703],[89.0924897,23.0284352],[89.0922975,23.0280963],[89.0917631,23.0268496],[89.0912044,23.0253364],[89.090698,23.0242084],[89.0901196,23.0232086],[89.0894759,23.0223496],[89.0889728,23.0218364],[89.0884939,23.0213901],[89.0874964,23.0206067],[89.0862679,23.0196687],[89.0850609,23.0187603],[89.0843636,23.0181825],[89.0832585,23.0172494],[89.0817618,23.0158818],[89.0808606,23.0149041],[89.0800774,23.0140993],[89.0788007,23.0127662],[89.0774059,23.0112948],[89.0760219,23.0099222],[89.0748525,23.0087026],[89.0740548,23.0078385],[89.0734202,23.0070929],[89.0726369,23.0059671],[89.0718483,23.0046981],[89.071151,23.0034685],[89.0705824,23.0024069],[89.0699655,23.0011132],[89.0693915,22.9997404],[89.0690321,22.9987084],[89.0687263,22.9975085],[89.0684259,22.9963036],[89.0683025,22.9954098],[89.0682864,22.9944518],[89.0682918,22.9931431],[89.0683776,22.9921752],[89.0685868,22.9909851],[89.0688604,22.989632],[89.0691394,22.9882986],[89.069311,22.9872517],[89.0695503,22.9859684],[89.0697429,22.9851331],[89.0699118,22.984017],[89.070003,22.9830959],[89.0701076,22.9822342],[89.0702471,22.9813427],[89.0703494,22.9809039],[89.0705046,22.9804908],[89.0708694,22.9796512],[89.0712698,22.9789952],[89.071547,22.978595],[89.0717294,22.978385],[89.0719128,22.9781943],[89.0722026,22.9778888],[89.0723817,22.9777254],[89.0725585,22.9775731],[89.0727872,22.9774065],[89.0729595,22.9772945],[89.0731519,22.9772016],[89.0735104,22.9770861],[89.0738922,22.9770189],[89.0746188,22.9769398],[89.075464,22.9768905],[89.0761835,22.9768838],[89.0769607,22.976925],[89.0771584,22.9769492],[89.0774404,22.9770036],[89.0777439,22.9771127],[89.0780218,22.9772323],[89.0782905,22.9773567],[89.078849,22.9776362],[89.0799246,22.9781963],[89.0813863,22.9789894],[89.0832209,22.9800068],[89.084497,22.9807073],[89.0862683,22.98172],[89.0877861,22.9824811],[89.0887671,22.9829694],[89.0899177,22.9835028],[89.0911549,22.9841207],[89.09226,22.9847034],[89.0934241,22.9854047],[89.0942666,22.9859819],[89.0952587,22.9867974],[89.0962511,22.9875431],[89.0974511,22.9884613],[89.0989923,22.9896073],[89.1001993,22.9903876],[89.1012347,22.9909456],[89.1021681,22.9913752],[89.1031444,22.9916518],[89.1041636,22.9918098],[89.1048181,22.9918789],[89.1054511,22.9918789],[89.1066742,22.9917915],[89.1072535,22.9916913],[89.1078865,22.9915234],[89.1087663,22.9912222],[89.1096353,22.9908123],[89.1103354,22.9903925],[89.1106362,22.9901818],[89.1109071,22.9899679],[89.1111258,22.989735],[89.1113711,22.9894798],[89.1118884,22.98899],[89.1123265,22.9886845],[89.1126341,22.9885159],[89.112995,22.9883318],[89.1134763,22.9881456],[89.1138508,22.9880221],[89.1142294,22.9879345],[89.1147491,22.9878457],[89.1150216,22.9877869],[89.1153967,22.9877505],[89.1157937,22.9877357],[89.1163355,22.9877505],[89.1167057,22.9878097],[89.1169417,22.9879036],[89.1172743,22.9880517],[89.1176015,22.9882937],[89.118036,22.9886592],[89.1182976,22.9888636],[89.1184747,22.9889354],[89.1186986,22.9889602],[89.1189424,22.9889602],[89.1191927,22.9889145],[89.1193561,22.9888499],[89.1195558,22.9887427],[89.119737,22.9886093],[89.1198975,22.9884073],[89.1199266,22.9883396],[89.1200032,22.9881085],[89.1200376,22.9879066],[89.1200511,22.9877075],[89.1200633,22.9873817],[89.1200316,22.9869702],[89.1198385,22.9860319],[89.1196456,22.9855671],[89.1194844,22.9850738],[89.1193985,22.9846711],[89.119308,22.9842418],[89.1192055,22.9834935],[89.1191985,22.983291],[89.1192293,22.9830157],[89.1193144,22.982624],[89.1195917,22.9817057],[89.1199561,22.980528],[89.1200649,22.9797025],[89.1203329,22.9783401],[89.1205358,22.9773646],[89.1206165,22.9766639],[89.120585,22.9761278],[89.1204679,22.9755722],[89.1203694,22.9752435],[89.1202652,22.9749179],[89.1200916,22.9745037],[89.1198814,22.9741],[89.1196523,22.9737912],[89.1194969,22.9736387],[89.119302,22.9734579],[89.1191792,22.9733525],[89.1190457,22.9732652],[89.1188345,22.9731783],[89.118551,22.9731419],[89.1180437,22.973172],[89.117672,22.9732778],[89.1170955,22.973489],[89.1161532,22.9738545],[89.1149792,22.974176],[89.1142817,22.9743666],[89.1135621,22.9745248],[89.1130564,22.9746195],[89.11266,22.9746629],[89.1119528,22.9746927],[89.1113188,22.9746468],[89.1109498,22.9745529],[89.1104537,22.9743543],[89.1100248,22.9741611],[89.1094939,22.9738316],[89.1091204,22.9735468],[89.1086694,22.9731409],[89.1082942,22.972727],[89.1079935,22.9723631],[89.1078114,22.971996],[89.1076893,22.9715604],[89.1076612,22.9712552],[89.107672,22.9710181],[89.1077095,22.9706477],[89.1078114,22.9701784],[89.1080475,22.9696251],[89.1082732,22.9690848],[89.1085328,22.968646],[89.1088951,22.9680941],[89.10941,22.9671952],[89.1101289,22.9661432],[89.1104829,22.9655159],[89.1105297,22.9653491],[89.1105205,22.9651751],[89.1104657,22.9650063],[89.110381,22.964854],[89.1102572,22.9646944],[89.1100967,22.9645824],[89.1098392,22.9644391],[89.1088736,22.9641922],[89.107039,22.963845],[89.1059929,22.9636385],[89.1048396,22.9634612],[89.1035329,22.9632885],[89.1026912,22.9632439],[89.1018569,22.9632833],[89.10092,22.9633733],[89.1000223,22.9635303],[89.0991463,22.9637568],[89.0983062,22.9639976],[89.0975266,22.9642632],[89.0966819,22.9645284],[89.0951085,22.9651208],[89.0944451,22.9653182],[89.0940986,22.9654235],[89.0936514,22.9654557],[89.0933405,22.9654712],[89.0931022,22.9654467],[89.0927795,22.9654121],[89.0924585,22.9653499],[89.0922118,22.965269],[89.0919649,22.9651449],[89.0916846,22.9649516],[89.0914819,22.9647463],[89.0913535,22.9645533],[89.0912863,22.9643658],[89.0912622,22.9642453],[89.0912723,22.9641177],[89.0913197,22.9638812],[89.0914974,22.9633994],[89.0919371,22.9624399],[89.0929735,22.9610112],[89.0939391,22.9596085],[89.094899,22.9580927],[89.0950869,22.9576573],[89.0951407,22.9573659],[89.0951836,22.9569214],[89.0951656,22.9563184],[89.0951295,22.9560578],[89.0950116,22.955726],[89.0948314,22.955454],[89.094615,22.9552221],[89.0943546,22.9550306],[89.0940249,22.9548566],[89.0927482,22.9544219],[89.0912998,22.9540564],[89.0892613,22.9537402],[89.0885317,22.9534834],[89.0878451,22.9531178],[89.0871692,22.9525251],[89.0867051,22.951915],[89.0862572,22.9513099],[89.0856913,22.9505097],[89.0847391,22.9492969],[89.0839908,22.9484152],[89.0832344,22.9475458],[89.082368,22.9466961],[89.0817323,22.9462194],[89.0809813,22.9455994],[89.0804261,22.9451227],[89.079895,22.9446312],[89.0791333,22.9438507],[89.0787899,22.9433863],[89.0785217,22.9429516],[89.078275,22.9422995],[89.0781355,22.9416079],[89.0780657,22.9405606],[89.078107,22.9396922],[89.0782077,22.9393164],[89.0783501,22.9389204],[89.0790045,22.9376014],[89.0797824,22.9362132],[89.0807852,22.9344733],[89.0814371,22.9334577],[89.0824592,22.9323053],[89.0830199,22.9317537],[89.0836984,22.931253],[89.0844574,22.9307581],[89.0852541,22.930255],[89.0865362,22.9294646],[89.0878504,22.9286494],[89.0888482,22.928012],[89.0898145,22.9274117],[89.0908867,22.9267769],[89.0921849,22.926016],[89.0931828,22.9253758],[89.0937968,22.9249917],[89.0944755,22.9246128],[89.0954947,22.9242028],[89.0964409,22.9239329],[89.0974259,22.9237235],[89.0986037,22.9235409],[89.0991057,22.9234716],[89.0997004,22.9234122],[89.1002547,22.9233347],[89.1009343,22.9232986],[89.1012479,22.9233212],[89.101549,22.9233409],[89.1019035,22.9233761],[89.1021895,22.923437],[89.102671,22.9235868],[89.1032356,22.9237986],[89.1039315,22.9241346],[89.1044748,22.9244745],[89.1049858,22.9248069],[89.1053904,22.9251154],[89.1059118,22.9255787],[89.1063577,22.9260111],[89.1066755,22.9263817],[89.1069746,22.9268065],[89.1072214,22.9273796],[89.1073823,22.9279528],[89.1075876,22.9289569],[89.1077572,22.9300287],[89.1078544,22.931006],[89.1079187,22.9315643],[89.1079394,22.9320151],[89.1079134,22.93233],[89.1078583,22.9326251],[89.1077895,22.9328497],[89.107588,22.9332787],[89.1074386,22.9335018],[89.1071892,22.9338016],[89.1069069,22.9340444],[89.1065201,22.9343742],[89.1061131,22.9346643],[89.1052076,22.9352304],[89.1047493,22.9354884],[89.1042352,22.9357701],[89.1038749,22.9359243],[89.103553,22.936061],[89.1029835,22.9362478],[89.1013907,22.936847],[89.1007413,22.9371005],[89.100193,22.9374112],[89.0997951,22.9376296],[89.0995878,22.9378336],[89.0995011,22.9379844],[89.0994403,22.9381182],[89.0994031,22.9382489],[89.0993815,22.9383926],[89.0993896,22.9385041],[89.0994335,22.9386255],[89.099491,22.9387095],[89.0995878,22.9388118],[89.0997956,22.9389634],[89.0999506,22.9390643],[89.1001558,22.9391605],[89.1016477,22.9397356],[89.1027582,22.9402148],[89.1038471,22.9406643],[89.1047054,22.9410398],[89.1053007,22.9413905],[89.1059436,22.9418796],[89.1069575,22.9427688],[89.1081011,22.9436926],[89.1088146,22.9441767],[89.1091661,22.9444015],[89.1093723,22.9445011],[89.1096201,22.9446332],[89.1101327,22.9448652],[89.1103557,22.9449523],[89.1106379,22.9450237],[89.1109437,22.9450923],[89.1112661,22.9451301],[89.1120118,22.9451993],[89.1124248,22.9452042],[89.1128915,22.9451697],[89.1133532,22.9451203],[89.1137767,22.9450425],[89.1143217,22.944919],[89.114561,22.9448362],[89.1147938,22.944746],[89.1149681,22.944651],[89.1150942,22.9445464],[89.1152304,22.9443793],[89.1153351,22.9442162],[89.1154172,22.9440236],[89.1154329,22.9439495],[89.1154409,22.9438606],[89.1154329,22.9437778],[89.1154181,22.9436827],[89.1153793,22.9435234],[89.1153283,22.9433628],[89.1152546,22.9431973],[89.1152143,22.9431294],[89.1151728,22.9430517],[89.1149542,22.9427577],[89.114812,22.942586],[89.1146492,22.9424106],[89.1144593,22.9422414],[89.114262,22.9420763],[89.1138393,22.9417714],[89.1134655,22.9415437],[89.1130203,22.9413016],[89.1128299,22.9412213],[89.1125871,22.9411213],[89.1121244,22.9409607],[89.111706,22.9408224],[89.1112017,22.9406248],[89.1107699,22.9404395],[89.110381,22.9402394],[89.1098794,22.9398961],[89.1094958,22.9395775],[89.1092652,22.9393354],[89.1091715,22.9392062],[89.1091022,22.9390726],[89.1090157,22.9388771],[89.1089416,22.9386631],[89.1088897,22.9384562],[89.1088713,22.938271],[89.108896,22.9381148],[89.1089755,22.9377545],[89.1091034,22.9373947],[89.109292,22.9370333],[89.1094994,22.9366379],[89.1097748,22.9362231],[89.1101934,22.9356302],[89.1105924,22.9350772],[89.1113788,22.9341333],[89.1118454,22.9335716],[89.1123606,22.9330365],[89.1128672,22.9325403],[89.1133958,22.9320435],[89.1139189,22.9316149],[89.1144633,22.9312234],[89.1148428,22.9309914],[89.1152732,22.9307362],[89.1155922,22.9305287],[89.1160566,22.9303193],[89.1166842,22.9300969],[89.1173765,22.9298444],[89.1180063,22.9296581],[89.1186368,22.929514],[89.1191218,22.9294033],[89.1196726,22.9292906],[89.1202459,22.9292229],[89.1204552,22.9292108],[89.1213092,22.9291454],[89.1220767,22.9290974],[89.1227996,22.929094],[89.1236308,22.9290425],[89.1239459,22.9290033],[89.1242847,22.9289477],[89.1245547,22.9288896],[89.1248087,22.9288058],[89.1250199,22.9286986],[89.1252402,22.9285602],[89.1254403,22.9284033],[89.1256277,22.9282112],[89.1257737,22.9280066],[89.1266513,22.9264211],[89.1278422,22.9242225],[89.1289207,22.9222924],[89.129498,22.9211369],[89.1300094,22.9199685],[89.1305995,22.918506],[89.1314175,22.916591],[89.1319389,22.9154838],[89.1322357,22.9149563],[89.1326326,22.9142713],[89.1341405,22.9118798],[89.1354676,22.9096858],[89.1365406,22.9077664],[89.1371706,22.9066295],[89.1374177,22.9061259],[89.1376644,22.9056837],[89.1380943,22.904885],[89.1384423,22.9040579],[89.1392791,22.9014883],[89.1405183,22.8970902],[89.1410601,22.8952222],[89.1414946,22.893453],[89.1415331,22.8932425],[89.1415482,22.892949],[89.1415314,22.8928046],[89.1415096,22.8926683],[89.1414651,22.8925289],[89.1413948,22.8924005],[89.141326,22.8922976],[89.1412479,22.8921929],[89.1411652,22.8921123],[89.1410547,22.8920446],[89.1409492,22.8919858],[89.1408477,22.891931],[89.1407162,22.8918755],[89.1405191,22.8918171],[89.1403339,22.8917769],[89.1400355,22.8917338],[89.1390396,22.8917063],[89.1380986,22.8917181],[89.1371568,22.8917388],[89.1363529,22.8917707],[89.1357313,22.8918436],[89.1352842,22.8919221],[89.1343354,22.892118],[89.133794,22.8922476],[89.1333353,22.8924103],[89.1328744,22.8925731],[89.1324869,22.8927693],[89.1321803,22.8929301],[89.1319291,22.8930674],[89.1316956,22.8931969],[89.1312564,22.893491],[89.1309115,22.8937538],[89.1300634,22.8944365],[89.1291914,22.8951227],[89.1287699,22.8954718],[89.1282817,22.8958292],[89.1271222,22.896621],[89.1260256,22.8974085],[89.1255352,22.8977723],[89.1249752,22.8982198],[89.1243376,22.8988214],[89.1237657,22.8993978],[89.1227239,22.9004295],[89.1216966,22.9014676],[89.1208968,22.902272],[89.1201348,22.903042],[89.1195297,22.9036135],[89.1192922,22.9037868],[89.1191729,22.9038613],[89.119088,22.9039035],[89.11898,22.9039342],[89.1188801,22.9039471],[89.1187872,22.9039428],[89.1186926,22.9039409],[89.1186322,22.9039241],[89.1185658,22.9039113],[89.1185168,22.9038895],[89.1184089,22.9038381],[89.1169202,22.9026792],[89.1166145,22.9024914],[89.1163945,22.9023629],[89.1159332,22.9020862],[89.1153645,22.9017749],[89.1147959,22.9013647],[89.1142929,22.9008641],[89.1139537,22.9004061],[89.1131222,22.8989779],[89.1122961,22.8976387],[89.1115558,22.8965713],[89.1108638,22.8957312],[89.110322,22.8949702],[89.1100162,22.8944859],[89.1097801,22.8940708],[89.1096032,22.8936903],[89.1094637,22.8933246],[89.1092169,22.8925635],[89.1090667,22.8918964],[89.1090184,22.8912984],[89.1089916,22.8909623],[89.108997,22.8905472],[89.1090023,22.8902655],[89.1090936,22.8897861],[89.1091955,22.8894353],[89.1093296,22.8890992],[89.1095066,22.8887335],[89.1097372,22.8883382],[89.1099894,22.8879082],[89.1103059,22.8874733],[89.1115665,22.8860351],[89.1122049,22.8854717],[89.1129774,22.8849182],[89.1149408,22.8837568],[89.1160702,22.8831211],[89.116416,22.8829265],[89.1174433,22.882368],[89.1194013,22.8813054],[89.1206539,22.8805319],[89.1219655,22.8795632],[89.122695,22.8789603],[89.123961,22.877784],[89.1252941,22.8765953],[89.1256247,22.8763044],[89.126603,22.8754437],[89.1276973,22.8742526],[89.127925,22.8739584],[89.1281587,22.8736496],[89.1283357,22.8733382],[89.1284698,22.8730317],[89.1285718,22.8728291],[89.1287273,22.8723645],[89.1287595,22.8721816],[89.128797,22.8718702],[89.1288131,22.8716083],[89.1288024,22.8713957],[89.128781,22.8710992],[89.1287407,22.8708718],[89.1286844,22.8707186],[89.1285932,22.8704492],[89.1282767,22.8695818],[89.1280943,22.8691171],[89.127912,22.8685932],[89.1277081,22.8679704],[89.1275579,22.8672735],[89.1273433,22.8662948],[89.1272038,22.865756],[89.1270322,22.8651382],[89.1269195,22.8647773],[89.1267546,22.8643695],[89.1265547,22.8638431],[89.126383,22.8633982],[89.1259896,22.8625361],[89.1256106,22.861777],[89.1245538,22.8598714],[89.1241246,22.8590286],[89.1237277,22.8581932],[89.1234702,22.8574814],[89.1232449,22.8567993],[89.1230688,22.856247],[89.1228985,22.8556703],[89.1227367,22.8551328],[89.1225968,22.8545529],[89.1224897,22.8541754],[89.1223875,22.8537792],[89.1223194,22.8533633],[89.1222738,22.8529859],[89.1221874,22.852147],[89.1221505,22.8513468],[89.1221639,22.850583],[89.1221826,22.8499472],[89.1222604,22.8489709],[89.1223024,22.8485569],[89.1223778,22.8481539],[89.1224386,22.8478231],[89.1225502,22.8474464],[89.1227039,22.8470553],[89.1228403,22.8466401],[89.1230357,22.8461413],[89.1232292,22.8456647],[89.1232932,22.8454789],[89.1234422,22.8451168],[89.123606,22.844774],[89.1238189,22.8443418],[89.1240013,22.8440155],[89.1241679,22.8437161],[89.1245214,22.8430892],[89.1247469,22.8427351],[89.1249607,22.8423796],[89.125702,22.8412549],[89.1259763,22.8408125],[89.1262595,22.8403197],[89.1266087,22.8397353],[89.1269299,22.8391512],[89.1273168,22.838269],[89.1276531,22.8375717],[89.1278422,22.8371635],[89.1280864,22.8367659],[89.1283733,22.8363131],[89.1287649,22.8357248],[89.1289794,22.8352996],[89.1291618,22.8349387],[89.1295856,22.8341526],[89.1300201,22.8333665],[89.1304707,22.8327781],[89.1310662,22.832081],[89.1318547,22.831285],[89.1326272,22.8305088],[89.1337323,22.8295843],[89.1348159,22.8288228],[89.1360122,22.8280565],[89.1373486,22.8272591],[89.1380259,22.8269258],[89.1382689,22.8268063],[89.1391772,22.8264397],[89.1398156,22.8262469],[89.1404577,22.8260775],[89.1411191,22.8259502],[89.1415214,22.8258909],[89.1418916,22.8258662],[89.1425139,22.8258217],[89.143264,22.8257852],[89.1440535,22.8258068],[89.1445353,22.8258649],[89.1448219,22.8259129],[89.1450781,22.8259848],[89.145492,22.8261134],[89.1457432,22.826237],[89.146175,22.8264966],[89.1463816,22.8266523],[89.146498,22.826757],[89.1466391,22.8269094],[89.1467008,22.8270062],[89.1467575,22.8271117],[89.1468013,22.8273162],[89.146825,22.8275671],[89.1468157,22.8276478],[89.1467947,22.8277648],[89.1467211,22.8280558],[89.1466238,22.8283463],[89.1464084,22.8289514],[89.146302,22.8292488],[89.1461686,22.8296355],[89.1460402,22.8298836],[89.1459154,22.8301893],[89.1458424,22.8303607],[89.1457709,22.8306472],[89.1456248,22.8317887],[89.1455844,22.8324118],[89.1455966,22.8330056],[89.1455991,22.8334254],[89.1456053,22.8338401],[89.1456059,22.8340857],[89.1455975,22.8343622],[89.1455755,22.8346058],[89.1455383,22.8347896],[89.1454883,22.8350014],[89.1454597,22.8352771],[89.145473,22.835463],[89.1455138,22.8355706],[89.1455484,22.8356368],[89.1455858,22.8356867],[89.1456327,22.8357514],[89.1456896,22.8358212],[89.1457519,22.8358829],[89.1458392,22.8359574],[89.1459584,22.8360241],[89.1460437,22.8360585],[89.1461027,22.836079],[89.1461968,22.8360987],[89.1463501,22.8360987],[89.1465597,22.8360809],[89.1467199,22.8360562],[89.1477871,22.8357347],[89.14864,22.8354825],[89.149442,22.8352255],[89.149999,22.8350529],[89.1504103,22.8348892],[89.150776,22.8347233],[89.1512364,22.8344838],[89.151634,22.8342583],[89.1519706,22.8340301],[89.1525909,22.8336359],[89.1529101,22.8334258],[89.1531931,22.8332048],[89.1534412,22.8330278],[89.1536394,22.8328751],[89.1538352,22.8327181],[89.1540196,22.8325518],[89.1545839,22.8320019],[89.1556272,22.8310329],[89.1567832,22.8299649],[89.1570924,22.829673],[89.1572414,22.8295199],[89.1573733,22.8293667],[89.1575991,22.8290706],[89.1578078,22.8287931],[89.1583591,22.8278651],[89.1586635,22.8273243],[89.1587827,22.8270908],[89.1589473,22.8268053],[89.1590846,22.8265089],[89.1591864,22.8262444],[89.1593852,22.8256015],[89.1595429,22.8249759],[89.1596194,22.8246263],[89.1596666,22.8243631],[89.1597194,22.8240769],[89.1597605,22.8237697],[89.159814,22.8234328],[89.1598259,22.8228309],[89.159841,22.8218834],[89.1598284,22.8213582],[89.1598173,22.8210669],[89.1598141,22.8207536],[89.1598087,22.8192851],[89.1597068,22.8179451],[89.1595996,22.8170996],[89.1595781,22.8168276],[89.1595205,22.8165102],[89.1594494,22.816259],[89.1593714,22.815962],[89.1592711,22.8155567],[89.1591178,22.8150561],[89.1589665,22.8144839],[89.1588168,22.8141067],[89.15869,22.813735],[89.1584634,22.8132198],[89.1581781,22.8127017],[89.15784,22.8121549],[89.1575074,22.8116851],[89.1568476,22.8109038],[89.1562944,22.8103194],[89.1558278,22.8099152],[89.1552711,22.8095629],[89.1544057,22.8090831],[89.1534626,22.8086786],[89.1523195,22.8082589],[89.151113,22.8079517],[89.1502225,22.8077737],[89.1494447,22.8076451],[89.1485918,22.8075808],[89.1478515,22.8075265],[89.1471112,22.8075067],[89.1465624,22.8075157],[89.1458074,22.807471],[89.1454804,22.8074374],[89.1451756,22.8073821],[89.1442748,22.8071095],[89.1438631,22.8069244],[89.1433865,22.806725],[89.1430664,22.8064361],[89.1427365,22.806169],[89.1425192,22.8059737],[89.1423234,22.805724],[89.1421679,22.8053704],[89.1420391,22.8049624],[89.1419908,22.804191],[89.1421089,22.8028385],[89.142257,22.8015368],[89.1424817,22.8006651],[89.1427311,22.7999876],[89.143012,22.7990588],[89.1432419,22.7985642],[89.1435599,22.7980565],[89.1438824,22.7976158],[89.1442374,22.7971875],[89.1446841,22.7967351],[89.1452166,22.7963009],[89.1455045,22.7960893],[89.1459981,22.7958409],[89.1465318,22.7956656],[89.1470995,22.7955492],[89.1479039,22.7954787],[89.1486669,22.7954849],[89.1495386,22.7956283],[89.150244,22.7957913],[89.1504925,22.7958761]]}},{"type":"Feature","properties":{"osm_id":727369396,"group":"kapotaksha","version":5,"timestamp":"2021-09-15T20:20:03Z","tags":{"name":"কপোতাক্ষ নদ","name:bn":"কপোতাক্ষ নদ","name:en":"Kopotakkho River","waterway":"river"},"nodes":[5377182027,5374072686,5377288622,5377288621,5377288620,5542116424,5542116425,5377288619,6821778182,5377288618,5542116426,5542116427,5377288617,5377288616,5377288615,5377288614,5377288613,5382350130,5382350129,5382350128,5537120855,5374207797,5537120854,5374207798,5537120856,5374207799,5537120853,5537114751,5537164326,5374207800,5374207801,5374207802,5537114749,5374207803,5537114733,5374207804,5537114750,5537114748,5374207805,5535495848,5537164327,5374207806,5537114746,5374207807,5537114745,5374207808,5542116428,5537114744,5374207809,5537114741,5537114743,5537114740,5374207810,5537114742,5537164325,5537114739,5374207811,6833857750,5537114737,5537114738,5382350148,5542116429,5382350147,5542116430,5382350146,5542116431,5382350145,5542116432,5382350144,5542116433,5542116434,5382350143,5382350142]},"geometry":{"type":"LineString","coordinates":[[89.1504925,22.7958761],[89.1533741,22.7968745],[89.1556406,22.7977152],[89.1580009,22.7987636],[89.1593634,22.7994658],[89.1599006,22.7997779],[89.160421,22.8000707],[89.1611659,22.8006132],[89.1622549,22.8015132],[89.1633451,22.8026661],[89.1637261,22.8031486],[89.1639964,22.8035785],[89.1644597,22.8045397],[89.1649532,22.8058352],[89.1652429,22.8067748],[89.1655111,22.807477],[89.1656827,22.8079913],[89.166643,22.8101868],[89.1671795,22.8120609],[89.1674374,22.8143058],[89.167508,22.8147031],[89.1675914,22.815065],[89.1677813,22.8157149],[89.1679899,22.816259],[89.1681395,22.8166307],[89.1683244,22.8169525],[89.1685721,22.8172786],[89.1687681,22.8174842],[89.1690068,22.8177409],[89.1692769,22.8180292],[89.1705581,22.8191368],[89.1713047,22.8196906],[89.1716964,22.8199112],[89.1721201,22.8200861],[89.1723266,22.8201466],[89.1725062,22.8201765],[89.1728801,22.8202055],[89.1731058,22.8201937],[89.1733427,22.8201672],[89.1736087,22.8201113],[89.1738099,22.8200515],[89.1739844,22.8199814],[89.1742298,22.8198288],[89.1744287,22.8196828],[89.1747487,22.8194123],[89.1748989,22.8192653],[89.175047,22.8191102],[89.1752048,22.8189418],[89.1754462,22.8186147],[89.1756647,22.8183178],[89.1758477,22.8180196],[89.1760564,22.8176389],[89.1762543,22.8172283],[89.1766567,22.8163124],[89.1767502,22.8160233],[89.176827,22.8157472],[89.1770121,22.8151101],[89.1770651,22.8148401],[89.1771099,22.8146115],[89.1771974,22.8141303],[89.1773289,22.8131166],[89.1778045,22.8087933],[89.1782581,22.8048309],[89.1782371,22.8041891],[89.1781298,22.8035041],[89.1780208,22.8029056],[89.1779458,22.8023638],[89.1776964,22.8015847],[89.1773236,22.8007714],[89.1770002,22.8003199],[89.1766893,22.7999274],[89.1760254,22.7991593],[89.1712376,22.7953761]]}},{"type":"Feature","properties":{"osm_id":965447430,"group":"kapotaksha","version":2,"timestamp":"2021-09-15T20:20:03Z","tags":{"name":"কপোতাক্ষ নদ","name:bn":"কপোতাক্ষ নদ","name:en":"Kopotakkho River","waterway":"river"},"nodes":[5382350142,8931332478,8931332477,8931332476,8931332475,8931332474,8931332473,8931332472,8931332471,8931332470,8931332469,8931332468,8931332467,8931332466,8931332465,8931332464,8931332463,8931332462,8931332461,8931332460,8931332459,8931332458,8931332457,8931332456,8931332455,8931332454,8931332453,8931332452,8931332451,8931332450,8931332449,8931332448,8931332447,8931332446,8931332445,8931332444,8931332443,8931332442,8931332441,8931332440,8931332439,8931332436,8931332435,8931332434,8931332433,8931332432,8931332431,8931332430,8931332429,8931332428,8931332427,8931332426,8931332425,8931332424,8931332423,8931332422,8931332421,8931332420,8931332419,8931332418,8931332417,8931332416,8931332415,8931332414,8931332413,8931332412,8931332411,8931332410,8931332409,8931332408,8931332407,8931332406,8931332405,8931332404,8931332403,8931332402,8931332401,8931332400,8931332399,8931332398,8931332386,8931332385,8931332384,8931332383,8931332382,8931332381,8931332380,8931332379,8931332378,8931332377,8931332376,8931332375,8931332374,8931332373,8931332372,8931332371,8931332370,8931332369,8931332368,8931332367,8931332366,8931332365,8931332364,8931332363,8931332362,8931332361,8931332360,8931332359,8931332358,8931332357,8931332356,8931332355,8931332354,8931332353,8931332352,8931332351,8931332350,8931332349,8931332348,8931332347,8931332346,8931332345,8931332344,8931332343,8931332342,8931332341,8931332340,8931332339,8931332338,8931332337,8931332336,8931332335,8931332334,8931332333,8931332332,8931332331,8931332330,8931332329,8931332328,8931332327,8931332326,8931332325,8931332324,8931332323,8931332322,8931332321,8931332320,8931332319,8931332318,8931332317,8931332316,8931332315,8931332314,8931332313,8931332312,8931332311,8931332310,8931332309,8931332308,8931332307,8931332306,8931332305,8931332304,8931332303,8931332302,8931332301,8931332300,8931332299,8931332298,8931332297,8931332296,8931332295,8931332294,8931332293,8931332292,8931332291,8931332290,8931332289,8931332288,8931332287,8931332286,8931332285,8931332284,8931332283,8931332282,8931332281,8931332280,8931332279,6188191291]},"geometry":{"type":"LineString","coordinates":[[89.1712376,22.7953761],[89.1705978,22.7947405],[89.1698417,22.793826],[89.169427,22.7929565],[89.1693944,22.7920269],[89.169492,22.7912623],[89.1700693,22.7896357],[89.1702889,22.7875967],[89.1704108,22.7847781],[89.1703702,22.7830689],[89.170175,22.7818844],[89.1694188,22.7799278],[89.1679715,22.7762543],[89.1671747,22.7742227],[89.1663372,22.7729407],[89.165825,22.772056],[89.1655729,22.7713738],[89.1656136,22.7704966],[89.1659957,22.7695145],[89.1665486,22.7687872],[89.1685651,22.7666655],[89.1700124,22.765136],[89.1718663,22.7627292],[89.1728582,22.761747],[89.174021,22.7609373],[89.1752812,22.7599251],[89.1762082,22.7587929],[89.1774766,22.7569109],[89.1782084,22.7561836],[89.1789646,22.7560412],[89.1811111,22.7576757],[89.1829812,22.7591603],[89.1840627,22.7600376],[89.184892,22.7616271],[89.1862336,22.7626768],[89.1872419,22.7627892],[89.1883883,22.7624068],[89.1891526,22.7615671],[89.1900308,22.7602325],[89.1913968,22.756746],[89.1922099,22.7540917],[89.192528,22.7515121],[89.1923979,22.7499675],[89.1924792,22.7491652],[89.1930321,22.7482204],[89.1944713,22.7470581],[89.1958292,22.7463157],[89.197683,22.7456559],[89.1993336,22.745026],[89.2018379,22.7437437],[89.2039113,22.7424839],[89.2064482,22.7416516],[89.2081638,22.7412316],[89.2099851,22.7407817],[89.2132538,22.7394019],[89.2137742,22.7391169],[89.2148556,22.7382995],[89.2169046,22.7371747],[89.2197179,22.7360798],[89.2216449,22.7356074],[89.2232467,22.7344975],[89.2247103,22.7331701],[89.2272309,22.7316703],[89.2280765,22.7314003],[89.2295888,22.7308153],[89.230906,22.7298629],[89.2324021,22.7278305],[89.2329225,22.7272231],[89.2337031,22.7269381],[89.2347276,22.7269156],[89.2357683,22.7276731],[89.2362887,22.7282505],[89.2368904,22.729203],[89.2375653,22.7300354],[89.2385898,22.7312953],[89.2407038,22.7334401],[89.241834,22.7350599],[89.2425577,22.7365373],[89.2430049,22.7372872],[89.2437611,22.7382096],[89.2450376,22.7398218],[89.2454442,22.7404068],[89.2463386,22.7424239],[89.2475419,22.7465857],[89.2481111,22.7484078],[89.2493633,22.7502149],[89.25003,22.7519246],[89.2506317,22.7528243],[89.2517212,22.7535967],[89.2523636,22.7538741],[89.2530303,22.7538066],[89.2539085,22.7533042],[89.2544858,22.7523295],[89.2549678,22.7503635],[89.2550735,22.7496436],[89.2550654,22.7487888],[89.2552443,22.7468392],[89.2557565,22.7448671],[89.2574397,22.7410652],[89.2584723,22.739258],[89.2591162,22.7377978],[89.2600315,22.7346278],[89.2608347,22.7328188],[89.2624225,22.7304067],[89.2641784,22.7283564],[89.267709,22.7254274],[89.2717438,22.7237388],[89.2747326,22.7222743],[89.2798883,22.7196897],[89.2830639,22.7184664],[89.2867999,22.7162436],[89.2904799,22.7134349],[89.2995957,22.7056634],[89.3021922,22.7036472],[89.3048074,22.7018377],[89.3064886,22.7008555],[89.3076841,22.6987703],[89.3082305,22.6953934],[89.308081,22.6931703],[89.3077074,22.6914814],[89.3064372,22.6886377],[89.3045692,22.6859146],[89.3018793,22.6831915],[89.3005904,22.6823987],[89.2993388,22.6823125],[89.2984795,22.6828123],[89.2965555,22.6853804],[89.2933239,22.6893788],[89.2877012,22.695583],[89.2853475,22.6973408],[89.2841707,22.6977372],[89.2828631,22.6977199],[89.2804653,22.6970267],[89.2792511,22.6964063],[89.2776446,22.6959065],[89.2751228,22.696389],[89.2718725,22.6973541],[89.2703034,22.6986121],[89.2678563,22.7009903],[89.2657081,22.7037131],[89.2651664,22.705936],[89.26554,22.7094169],[89.2657828,22.7124152],[89.2654279,22.7139488],[89.2643818,22.7156891],[89.2624018,22.7177224],[89.2616919,22.7179292],[89.2606645,22.7175845],[89.259992,22.7165507],[89.2599734,22.7051433],[89.2602722,22.6980607],[89.2600294,22.6953206],[89.2604964,22.6910466],[89.2610008,22.6887199],[89.262738,22.6859107],[89.2629995,22.6848594],[89.2633358,22.6825326],[89.2634478,22.6787408],[89.263205,22.676121],[89.262794,22.6753454],[89.261281,22.6741733],[89.2605151,22.6725531],[89.2604404,22.6700193],[89.2621963,22.6673131],[89.2638775,22.6665202],[89.2655587,22.6662272],[89.267931,22.6661237],[89.2705276,22.6653136],[89.2712748,22.664762],[89.2725824,22.6631589],[89.2747306,22.6606939],[89.2777567,22.6593838],[89.2790083,22.6589184],[89.2805961,22.6588322],[89.2826509,22.6589184],[89.2848551,22.6587977],[89.2871714,22.6582461],[89.2909074,22.6556431],[89.2928875,22.6542295],[89.2949423,22.6537468],[89.2963433,22.6537468],[89.3003969,22.6538847],[89.3025637,22.6533848],[89.303834,22.6524367],[89.304357,22.651523],[89.3041515,22.6495922],[89.3024517,22.6471097],[89.300621,22.6461098],[89.295845,22.644789]]}},{"type":"Feature","properties":{"osm_id":660966564,"group":"kapotaksha","version":3,"timestamp":"2025-08-18T18:47:54Z","tags":{"name":"কপোতাক্ষ নদ","name:bn":"কপোতাক্ষ নদ","name:en":"Kopotakkho River","waterway":"river"},"nodes":[6188191291,6188191292,6188191293,6188191294,6188191295,6188191296,6188191297,6188191298,6188191299,6188191300,6188191301,6188191302,6188191303,6188191304,6188191305,6188191306,6188191307,6188191308,6188191309,6188191310,6188191311,6188191312,6188191313,6188191314,6188191315,6188191316,6188191317,6188191318,6188191319,9095263178,6188191320,6188191321,6188191322,6188191323,6188191324,6188191325,6188191326,6188191327,6188191328,6188191329,6188191330,6188191331,6188191332,6188191333,6188191334,6188191335,6188191336,6188191337,6188191338,6188191339,6188191340,6188191341,6188191342,6188191343,6188191344,6188191345,6188191346,6188191347,6188191348,6188191349,6188191350,6188191351,6188191352,6188191353,6188191354,6188191355,6188191356,6188191357,6188191358,6188191359,6188191360,6188191361,6188191362,6188191363,6188191364,6188191365,6188191366,6188191367,6188191368,6188191369,6188191370,6188191371,6188191372,6188191373,6188191374,6188191375,6188191376,6188191377,6188191378,6188191379,6188191380,6188191381]},"geometry":{"type":"LineString","coordinates":[[89.295845,22.644789],[89.2929267,22.6437196],[89.2894506,22.6412243],[89.285717,22.6376199],[89.2820692,22.6347681],[89.2800521,22.6336986],[89.2773056,22.6335401],[89.2740011,22.6338966],[89.2712545,22.6340155],[89.26898,22.6328272],[89.2677784,22.63152],[89.2673063,22.6301732],[89.2675638,22.6284303],[89.2686367,22.6268062],[89.2695808,22.6258952],[89.2713832,22.6255386],[89.2727136,22.6256971],[89.275074,22.6264893],[89.2799663,22.6289453],[89.2832708,22.6295395],[89.2857599,22.6291829],[89.2873907,22.6272024],[89.2879486,22.6254594],[89.2885923,22.6212604],[89.2890644,22.6171405],[89.2888069,22.6130205],[89.2876482,22.6104454],[89.2870151,22.6086231],[89.2868114,22.6058994],[89.2878382,22.6038045],[89.2896652,22.6021256],[89.2935705,22.5990749],[89.2964887,22.5965392],[89.2980337,22.594677],[89.2980337,22.5930525],[89.2962312,22.5904771],[89.2955446,22.589011],[89.2959737,22.5875054],[89.2975616,22.5851676],[89.3013382,22.5828297],[89.3057155,22.580155],[89.3061447,22.5789068],[89.3065738,22.5744686],[89.3065309,22.5673355],[89.307003,22.5659485],[89.3080329,22.5654729],[89.3091917,22.5655522],[89.3115091,22.5668203],[89.3132686,22.5683659],[89.3144273,22.5693962],[89.3156719,22.5695548],[89.3166589,22.5688018],[89.3171739,22.5676129],[89.3173027,22.5660674],[89.3177318,22.5638877],[89.3191909,22.5627781],[89.3219375,22.5617081],[89.3263578,22.5596472],[89.3276023,22.5594491],[89.3295336,22.5600435],[89.332366,22.5613117],[89.3354559,22.5623421],[89.3383785,22.5628667],[89.3401551,22.5627384],[89.3433738,22.5623619],[89.3458414,22.5624016],[89.3491888,22.5622034],[89.3538666,22.5627781],[89.3583298,22.5635112],[89.3621492,22.5637688],[89.3633938,22.5634518],[89.3639517,22.562144],[89.364016,22.5602219],[89.3637371,22.5577053],[89.362514,22.5551093],[89.3620419,22.5517603],[89.3621707,22.5492237],[89.3636942,22.5430803],[89.3638658,22.5388391],[89.3644666,22.533369],[89.364016,22.5294844],[89.364295,22.527205],[89.3651747,22.525996],[89.3670416,22.5253419],[89.3711185,22.5250842],[89.3744015,22.5246085],[89.3769979,22.5232409],[89.3798733,22.52001],[89.3835425,22.5178891],[89.388113,22.517235],[89.3950653,22.5177702],[89.4040346,22.5192766]]}},{"type":"Feature","properties":{"osm_id":1423091515,"group":"kapotaksha","version":1,"timestamp":"2025-08-18T18:47:54Z","tags":{"name":"কপোতাক্ষ নদ","name:bn":"কপোতাক্ষ নদ","name:en":"Kopotakkho River","waterway":"river"},"nodes":[6188191381,6188191393]},"geometry":{"type":"LineString","coordinates":[[89.4040346,22.5192766],[89.4091884,22.5193387]]}},{"type":"Feature","properties":{"osm_id":259728660,"group":"nabaganga","version":8,"timestamp":"2023-03-14T08:48:50Z","tags":{"name":"Nabagonga River","waterway":"river"},"nodes":[10734427057,10734427056,10734427055,10734427054,10734427053,10734427052,10734427051,10734427050,10734427049,10734427048,10734427047,10734427046,10734427045,10734427044,10734427043,10734427042,10734427041,10734427040,10734427039,10734427038,10734427037,10734427036,10734427035,10734427034,10734427033,2651793773,10734427032,10734427031,2651793774,2651793776,2651793777,2651793778,2651793779,2651793780,2651793781,2651793783,2651793784,2651793785,2651793786,2651793787,2651793788,2651793789,2651793791,2651793792,2651793793,2651793794,4395744523,2651793795,4395744524,2651793796,2651793798,2651793799,2651793800,2651790362,2651793801,4395744526,2651793802,4395744525,2651793804,2651793805,4395744522,2651793806,2651793808,2651793809,2651793810,2651793811,2651793812,4393606685,2651793813,4393606686,2651793815,4393606687,2651793816,4393606688,2651793817,2651793818,2651793819,4393607289,4393607290,2651793820,2651793821,4393607291,2651793823,2651793824,2651793825,4393564846,4393564845,4393564844,4393564847,2651793826,2651793827,4393640170,4393640171,4393640169,2651793828,4393640172,2651793830,4393640173,4393640174,2651793831,4393640175,2651793832,4393640176,2651793833,2651793834,4393640177,4393640178,2651793835,4393640179,4393640180,2651793836,4393640181,2651793838,4393640182,4393640183,2651793839,4393640184,2651793840,2651793841,2651793842,2651793844,2651793845,2651793846,2651793847,2651793848,2651793850,2651793851,2651793852,7135947609,7135947608,2651793853,7135947610,7135947611,7135947612,2651793854,7135947606,7135947605,7135947607,2651793855,2651793857,7135947603,7135947604,7135947602,2651793858,2651793859,2651793860,2651793861]},"geometry":{"type":"LineString","coordinates":[[88.8622552,23.6263004],[88.8625082,23.6258228],[88.8633361,23.6248957],[88.8640567,23.6244041],[88.8650226,23.6239335],[88.8662185,23.6237228],[88.8672994,23.6238001],[88.8685183,23.6239475],[88.8704654,23.6244111],[88.8717686,23.6248817],[88.8728879,23.6253452],[88.8744364,23.6261037],[88.8760462,23.6270098],[88.8776637,23.6282178],[88.8793579,23.6292291],[88.8808144,23.629812],[88.8826926,23.6305565],[88.8838271,23.6307812],[88.8851073,23.6307812],[88.8862725,23.6306688],[88.8875451,23.6302545],[88.8879437,23.6299595],[88.8879667,23.6294257],[88.8879591,23.6290535],[88.8879437,23.6287305],[88.8875222,23.6284493],[88.8865932,23.6279999],[88.8854037,23.6271011],[88.8852323,23.6264271],[88.8850944,23.6251603],[88.8845916,23.6240821],[88.883453,23.6230852],[88.8804597,23.6207653],[88.8792902,23.6199664],[88.8790419,23.6194833],[88.8792442,23.6185382],[88.8818759,23.6165383],[88.8828062,23.6147042],[88.8827802,23.6138814],[88.8823004,23.6129812],[88.8818268,23.6121456],[88.8817578,23.6110824],[88.8823004,23.6107314],[88.8827893,23.6107707],[88.8847119,23.6113233],[88.8868237,23.6127978],[88.8878769,23.6133236],[88.8886565,23.6136285],[88.889572,23.6138544],[88.8903731,23.6138448],[88.8962526,23.6133336],[88.8991494,23.6127438],[88.9029473,23.6126258],[88.905445,23.6133706],[88.9097065,23.6141987],[88.9113945,23.6147096],[88.9130539,23.6148082],[88.9145917,23.6146605],[88.9161438,23.6144346],[88.918354,23.6138841],[88.9209431,23.612773],[88.9235038,23.6110333],[88.9268512,23.6087722],[88.9296192,23.6071009],[88.9317221,23.6063341],[88.9351553,23.606924],[88.9396239,23.6081676],[88.9409516,23.6084699],[88.942231,23.6086739],[88.9430168,23.6086248],[88.9437598,23.6084049],[88.9445017,23.6079826],[88.9449605,23.6075991],[88.9453472,23.6069676],[88.9454225,23.606375],[88.9451393,23.6049803],[88.9437981,23.6021778],[88.9426088,23.6006671],[88.9420283,23.599821],[88.9415752,23.5990397],[88.9409305,23.5977281],[88.9408475,23.5972566],[88.940906,23.596837],[88.9413612,23.5964563],[88.9422042,23.5965121],[88.9427732,23.5966892],[88.9433882,23.5967495],[88.9446183,23.5967858],[88.9458907,23.5967476],[88.9470535,23.596586],[88.9487715,23.5963189],[88.9514768,23.5964242],[88.9527623,23.5966759],[88.9540371,23.5970112],[88.9542795,23.5971271],[88.9560658,23.5981421],[88.9576429,23.5993539],[88.958571,23.6002092],[88.9591209,23.6006173],[88.9596815,23.6008778],[88.9600999,23.6009737],[88.9605934,23.6009712],[88.961103,23.6007131],[88.9614624,23.6002485],[88.9615375,23.5990147],[88.9614195,23.5976112],[88.9613605,23.5968849],[88.9613712,23.5962028],[88.9616958,23.5952025],[88.9619063,23.5947564],[88.9621169,23.5943201],[88.9626292,23.5933246],[88.9629483,23.5922898],[88.9630798,23.5905372],[88.963285,23.5897149],[88.9635599,23.5889222],[88.9643646,23.587526],[88.9651746,23.5863559],[88.9666123,23.5850777],[88.9691013,23.5837011],[88.9706034,23.5810069],[88.9724917,23.578411],[88.973822,23.5756184],[88.9742512,23.5742417],[88.9748735,23.572688],[88.9758176,23.5716063],[88.9800018,23.5698756],[88.981697,23.5692462],[88.9822251,23.5690541],[88.9824825,23.569],[88.9827404,23.5689782],[88.9831048,23.569032],[88.9835125,23.5691377],[88.984049,23.5693245],[88.98498,23.5698166],[88.9855885,23.5702022],[88.9859104,23.570571],[88.9861786,23.5710332],[88.9869327,23.572511],[88.9880485,23.576051],[88.9882439,23.5764121],[88.9884907,23.5767169],[88.9887375,23.5769529],[88.9891374,23.5771819],[88.9969534,23.580535],[88.999185,23.5810659],[89.0015668,23.5811643]]}},{"type":"Feature","properties":{"osm_id":547166490,"group":"nabaganga","version":5,"timestamp":"2023-11-19T14:01:43Z","tags":{"name":"Nabaganga River","waterway":"river"},"nodes":[5286883359,5286893582,5286893581,5286893580,5286893579,11361859815,5286893578,5286893577,5286893576,5286893575,5286893574,5286893573,5286893572,5286893571,5286893570,5286893569,5286893568,5286893567,5286893566,5286893565,5286893564,5286893563,5286893562,5286893561,5286893560,5286893559,5286893558,5286893557,5286893556,5286893555,5286893554,5286893553,5286893552,5286893551,5286893550,5286893549,5286893548,5286893547,5286893546,5286893545,5286893544,7135947680,7135947681,7135947679,5286893543,7135947677,7135947678,7135947675,7135947676,5286893542,7135947674,5286893541,7135947672,7135947673,5286893540,7135947670,7135947671,5286893539,7135947668,7135947669,7135947667,5286893538,7135947666,7135947665,5286893537,7135947663,7135947664,7135947662,5286893536,7135947660,7135947661,7135947659,5286893535,7135947658,5286893534,7135947657,7135947656,5286893533,7135947654,7135947655,7135947653,5286893532,7135947651,7135947652,7135947650,5286893531,7135947648,7135947647,7135947649,5286893530,5286893529,5286893528,5286893527,5286893526,7135947644,7135947646,7135947645,5286893525,7135947643,7135947642,7135947641,7135947640,5286893524,5286893523,5286883882]},"geometry":{"type":"LineString","coordinates":[[89.1820979,23.559778],[89.1851234,23.5618629],[89.1874838,23.5631611],[89.1905737,23.5648132],[89.195466,23.5659933],[89.2000966,23.5668124],[89.2003584,23.5668587],[89.2021179,23.5664556],[89.2030835,23.5660327],[89.202826,23.5618039],[89.2029119,23.5572604],[89.2036843,23.5554114],[89.2021179,23.5536805],[89.2000504,23.5517667],[89.1991888,23.5504599],[89.1992058,23.549041],[89.1999154,23.5480416],[89.2026773,23.5479658],[89.2127394,23.5496874],[89.2213654,23.5501792],[89.2254638,23.5515758],[89.2338109,23.5544083],[89.242351,23.5583422],[89.244132,23.5592666],[89.2493892,23.5589913],[89.2571354,23.55907],[89.2613196,23.5607025],[89.2708897,23.5663277],[89.2731428,23.5679994],[89.2745805,23.5689238],[89.2780351,23.5713036],[89.2801165,23.574529],[89.2815156,23.5777779],[89.2825112,23.5781358],[89.2838759,23.5781358],[89.2863221,23.5765311],[89.289206,23.5718149],[89.2919225,23.5666069],[89.2975659,23.5620832],[89.3045954,23.5570952],[89.3057263,23.5555885],[89.3058443,23.5551754],[89.3059033,23.5547574],[89.3059194,23.5542509],[89.3058765,23.5538378],[89.3056619,23.5531297],[89.3053347,23.5525052],[89.3049645,23.5519348],[89.3045837,23.5514479],[89.3037683,23.5507054],[89.3023145,23.5495006],[89.3008446,23.5484187],[89.299804,23.5476318],[89.2989564,23.5467368],[89.297229,23.5442779],[89.296757,23.5434419],[89.2963493,23.5423895],[89.2955768,23.5400288],[89.295373,23.5392026],[89.2952549,23.5385436],[89.2951369,23.5373731],[89.2951798,23.5362715],[89.2954695,23.5343435],[89.2957592,23.5333205],[89.2963493,23.5323073],[89.2970788,23.5314221],[89.298023,23.5306351],[89.2992031,23.5298482],[89.3008768,23.5289826],[89.3019926,23.5285202],[89.3032694,23.5282251],[89.3045032,23.5279595],[89.3058872,23.5278809],[89.3080759,23.5279103],[89.3103612,23.5280481],[89.3137085,23.5284907],[89.3152857,23.5285891],[89.3168736,23.5285104],[89.3175387,23.5284022],[89.3180644,23.5282497],[89.3186653,23.5280234],[89.3191695,23.5277775],[89.3195665,23.5275316],[89.3198937,23.5272267],[89.3201888,23.5268479],[89.3203711,23.5264249],[89.320693,23.5252642],[89.3208754,23.5247576],[89.3211061,23.5243001],[89.3224043,23.5224458],[89.3230533,23.5216195],[89.3229622,23.5214228],[89.3227798,23.5211227],[89.3225277,23.5208964],[89.3224499,23.5208472],[89.3223613,23.5208349],[89.3221012,23.5208349],[89.3219483,23.5208595],[89.3217954,23.5208841],[89.3216935,23.5208669],[89.3216157,23.5208128],[89.3215165,23.520712],[89.3210444,23.5194355],[89.3202317,23.518014],[89.319545,23.5170253]]}},{"type":"Feature","properties":{"osm_id":547166489,"group":"nabaganga","version":6,"timestamp":"2025-08-24T16:01:50Z","tags":{"name":"Nabaganga River","waterway":"river"},"nodes":[5286893529,5286893522,5286893521,5286893520,5286893519,5314380865,5286893518,5286893517,5286893516,12517787114,5286893515,12517787115,12517787116,5286893514,12517787117,5286893513,12517787118,5286893512,5286893511,5286893510,5286893509,5286893508,5286893507,5286893506,5286938001,5286893505,5286893504,5286893503,5286893502,5286893501,5286893500,5286893499,5286893498,6643259798,5286893497,5286893496,5286893495,5286893494,5286893493,5286893492,5286893491,5286893490,5286893489,5286893488,6643259792,6643259793,5286893487,5286893486,5286893485,5286893484,5286893483,5286893482,5286893481,5286893480,5286893479,5286893478,5286893477,5286893476,5286893475,5286893474,5286893473,5286893472,5286893471,5286893470,5286893469,5286893468,5286893467,5286893466,5286893465,6643259785,5286893464,5286893463,12050952805,12050952806,12050952804,5286893462,5286893461]},"geometry":{"type":"LineString","coordinates":[[89.3230533,23.5216195],[89.3245017,23.5210932],[89.3263364,23.5201586],[89.3282568,23.5193323],[89.3312502,23.5179255],[89.3316741,23.5174976],[89.3325269,23.5166368],[89.3346619,23.5153283],[89.3372583,23.5134001],[89.3377412,23.5130963],[89.3396509,23.5118949],[89.3404345,23.5111763],[89.3414135,23.5102786],[89.3423009,23.5094648],[89.3435777,23.5085674],[89.3437707,23.5084318],[89.344461,23.5080636],[89.3464637,23.5069954],[89.3502188,23.5048605],[89.3523109,23.50367],[89.3556154,23.5015841],[89.3576217,23.5005412],[89.3580884,23.5001058],[89.3586034,23.499727],[89.3591829,23.4994443],[89.3594,23.4993384],[89.3603522,23.4986989],[89.3614519,23.4981503],[89.3625784,23.4976682],[89.3631443,23.4974173],[89.3644345,23.4967138],[89.3657058,23.496057],[89.3678248,23.4952379],[89.3689447,23.4951329],[89.370904,23.4947263],[89.3734467,23.493949],[89.3755925,23.4930733],[89.3789828,23.4926698],[89.380914,23.4925124],[89.3837678,23.4928076],[89.3854308,23.4930831],[89.3885529,23.4946476],[89.3894648,23.4955036],[89.389776,23.4963104],[89.3897813,23.4969585],[89.3896965,23.4971726],[89.3894756,23.4974911],[89.3884027,23.4979929],[89.3857312,23.4992326],[89.3843059,23.5001001],[89.3841433,23.5005019],[89.3847227,23.5018006],[89.3853342,23.5028042],[89.3872762,23.5038864],[89.3888211,23.5046932],[89.3909132,23.5051851],[89.3932736,23.5053229],[89.3949356,23.5051887],[89.3959987,23.504949],[89.3978119,23.5042308],[89.3993032,23.5036503],[89.4001722,23.5026467],[89.4008803,23.5015153],[89.4023716,23.499823],[89.4039488,23.4982389],[89.4052255,23.4976682],[89.4066203,23.497501],[89.4087231,23.4971467],[89.4118559,23.4961727],[89.4143902,23.4955365],[89.4158685,23.4954446],[89.4199562,23.4950116],[89.4210091,23.4948299],[89.4218524,23.494933],[89.4222958,23.4948598],[89.4231641,23.4946476],[89.4241607,23.4942126]]}},{"type":"Feature","properties":{"osm_id":665252173,"group":"nabaganga","version":6,"timestamp":"2025-08-28T06:29:43Z","tags":{"name":"Noboganga","waterway":"river"},"nodes":[2558172921,9877749545,2558175007,2558175008,2558175009,2558175010,2558175011,2558175012,2558175013,2558175014,2558175015,2558175016,13103066066,2558175017,2558175018,2558175019,2558175020,2558175021,2558175022,2558175023,5286893461,2558175024,2558175025,2558175026,2558175027,2558175028,13103066045,2558175029,2558175030,2558175031,2558175032,2558175033,2558175034,2558175035,2558175036,2558175037,2558175038,2558175039,2558175040,2558175041,2558175042,2558175043,2558175044,2558175045,2558175046,2558175047,2558175048,2558175049,2558175050,11629603401,2558175051,2558175052,2558175053,9052005369,2558175054,2558175055,2558175056,2558175057,2558175058,2558175059,2558175060,2558175061,2558175062,2558175063,2558175064,2558175065,6226642694]},"geometry":{"type":"LineString","coordinates":[[89.4621419,23.5319228],[89.4622908,23.5317863],[89.4634722,23.5307031],[89.4638585,23.5288144],[89.4610475,23.525765],[89.4564556,23.5229909],[89.4551467,23.5204529],[89.4536661,23.5149831],[89.452679,23.5121498],[89.4507478,23.5109102],[89.4453834,23.5106741],[89.4406842,23.5112644],[89.439155,23.5112355],[89.43547,23.511166],[89.4250845,23.5089819],[89.4218014,23.5065223],[89.4207285,23.5043184],[89.4227885,23.5018981],[89.4248699,23.499399],[89.4247411,23.4963095],[89.4241607,23.4942126],[89.424033,23.4937513],[89.4241618,23.4920786],[89.4259857,23.4903665],[89.4299553,23.4894022],[89.433925,23.4873949],[89.4371935,23.4865483],[89.4385599,23.4861944],[89.4443964,23.4843838],[89.4492673,23.4836163],[89.4569276,23.4854859],[89.4608759,23.4871784],[89.4634937,23.4884969],[89.4655107,23.4878475],[89.4664334,23.4857417],[89.4687079,23.4810381],[89.4708751,23.4764918],[89.4710897,23.47413],[89.4695877,23.4728113],[89.4640516,23.4728703],[89.4591163,23.4742677],[89.4569062,23.4747007],[89.4559835,23.4738347],[89.4559406,23.4725554],[89.4579576,23.4708234],[89.463086,23.4692685],[89.4690512,23.4684812],[89.4765614,23.4663357],[89.4808529,23.464643],[89.4834724,23.4640118],[89.4848293,23.4638941],[89.4928478,23.4629502],[89.4951008,23.4626746],[89.4960076,23.4619374],[89.4961523,23.4610606],[89.4962596,23.4595252],[89.4953583,23.4553718],[89.4944357,23.4531475],[89.491453,23.4489348],[89.4893502,23.4457457],[89.4891356,23.4441511],[89.4903802,23.4430487],[89.4932984,23.4431668],[89.4957231,23.444033],[89.4973754,23.444033],[89.4986414,23.4428912],[89.498722,23.4421341]]}},{"type":"Feature","properties":{"osm_id":665252172,"group":"nabaganga","version":1,"timestamp":"2019-01-22T08:02:23Z","tags":{"name":"Noboganga","waterway":"river"},"nodes":[6226642694,6226642693]},"geometry":{"type":"LineString","coordinates":[[89.498722,23.4421341],[89.4987595,23.4418634]]}},{"type":"Feature","properties":{"osm_id":249159949,"group":"nabaganga","version":8,"timestamp":"2021-09-24T22:20:18Z","tags":{"name":"Noboganga","waterway":"river"},"nodes":[6226642693,2558175066,2558175067,2558175068,2558175069,2558175070,2558175071,2558175072,2558175073,2558175074,2558175075,2558175076,2558175077,2558175078,2558175079,2558175080,2558175081,2558175082,2558175083,2558175084,2558175085,2558175086,2558175087,2558175088,2558175089,2558175090,2558175091,2558175092,2558175093,2558175094,2558175095,2558175096,2558175097,2558175098,2558175099,2558175100,2558175101,2558175102,2558175103,2558175104,2558175105,2558175106,2558175107,2558175108,2558175109,2558175110,2558175111,2558175112,2558175113,2558175114,2558175115,2558175116,2558175117,2558175118,2558175119,2558175120,2558175121,2558175122,2558175123,2558175124,2558175125,2558175126,2558175127,2558175128,2558175129,2558175130,2558175131,2558175132,2558175133,2558175134,2558175135,2558175136,2558175137,2558175138,2558175139,2558175140,2558175141,2558175142,2558175143,6761007304,6761007303,2558175144,2558175145,2558175146,2558175147,2558175148,2558175149,2558175150,2558175151,2558175152,9121297043,2558175153,2558175154,2558175155,6761077999,6761077998,6761077997,6761077996,6761077995]},"geometry":{"type":"LineString","coordinates":[[89.4987595,23.4418634],[89.4987486,23.4414738],[89.4971393,23.4398594],[89.4931482,23.4395641],[89.4890069,23.440076],[89.4877623,23.4391507],[89.4876765,23.4381663],[89.4886206,23.4368079],[89.4908737,23.433461],[89.4921182,23.4315907],[89.4928478,23.4284405],[89.4925045,23.4249359],[89.4917105,23.4225732],[89.4900797,23.4202695],[89.4914959,23.4187337],[89.495015,23.4175129],[89.4982122,23.4174144],[89.5015596,23.4170797],[89.5032118,23.4163118],[89.5035766,23.4144805],[89.5026325,23.4123539],[89.5005725,23.4109952],[89.4993924,23.4088686],[89.4991778,23.4064071],[89.499843,23.4046348],[89.503362,23.4020157],[89.504628,23.4000661],[89.5041989,23.3973879],[89.5035766,23.3944142],[89.5037054,23.3924448],[89.5054864,23.3905935],[89.5072459,23.3902587],[89.510486,23.3914207],[89.5130824,23.3920903],[89.5144127,23.3916767],[89.5155929,23.3901603],[89.5174812,23.3864971],[89.5194768,23.384173],[89.5232318,23.3802142],[89.5239185,23.3784613],[89.5228027,23.375822],[89.5197772,23.3727099],[89.5161937,23.3691644],[89.5143269,23.3648112],[89.5138119,23.3612852],[89.5144771,23.3578773],[89.5164298,23.3544693],[89.5181464,23.3514552],[89.5184253,23.3483229],[89.5176958,23.3429839],[89.5168804,23.3381176],[89.5157217,23.3361474],[89.5141338,23.3357927],[89.5111297,23.3367384],[89.5067094,23.3399302],[89.5047568,23.3421368],[89.5027398,23.342452],[89.5009159,23.3418412],[89.4994138,23.3404227],[89.4975899,23.3371325],[89.4964956,23.3341377],[89.4965814,23.3298819],[89.4974183,23.3282268],[89.4999074,23.3244436],[89.4998859,23.32269],[89.4961093,23.3199707],[89.4919466,23.3174485],[89.4854449,23.3137242],[89.4828485,23.3106895],[89.4821404,23.3071029],[89.4814967,23.3023929],[89.4805311,23.2994368],[89.479072,23.2976237],[89.4781493,23.2962638],[89.4779776,23.2936229],[89.4785784,23.2920265],[89.480059,23.2886365],[89.4810461,23.2854632],[89.4821006,23.281344],[89.4828953,23.2795774],[89.4834022,23.2786939],[89.4838719,23.277949],[89.4850157,23.2766723],[89.4895004,23.2760022],[89.4926761,23.2754305],[89.4963883,23.2734791],[89.4988988,23.2713502],[89.5008515,23.2674866],[89.5019029,23.2659293],[89.502375,23.2652591],[89.5048362,23.2643951],[89.5070098,23.264372],[89.509971,23.2640566],[89.5108454,23.2638299],[89.5130288,23.2630521],[89.5148528,23.2622537],[89.5156681,23.2618003],[89.5163441,23.261337],[89.5175189,23.2604007]]}},{"type":"Feature","properties":{"osm_id":720421034,"group":"nabaganga","version":1,"timestamp":"2019-08-31T06:37:23Z","tags":{"name":"Noboganga","waterway":"river"},"nodes":[6761077995,6761077994]},"geometry":{"type":"LineString","coordinates":[[89.5175189,23.2604007],[89.5179963,23.2599472]]}},{"type":"Feature","properties":{"osm_id":720421033,"group":"nabaganga","version":2,"timestamp":"2019-08-31T09:17:21Z","tags":{"name":"Noboganga","waterway":"river"},"nodes":[6761077994,6761077993,6761077992,6761077991,6761077990,6761077989,6761077988,6761077987,6761077986,6761077985,6761074084,6761074083,6761074082,6761074081,6761074080,6761074079,6761074078,6761074077,6761074076,6760978857]},"geometry":{"type":"LineString","coordinates":[[89.5179963,23.2599472],[89.5192838,23.2584391],[89.5197773,23.2574929],[89.5200026,23.2569212],[89.5204639,23.2556989],[89.5207858,23.2545062],[89.5213222,23.253136],[89.5221162,23.2511842],[89.5228243,23.2497253],[89.5238971,23.2479115],[89.5249057,23.2462751],[89.5264506,23.2442641],[89.5276308,23.24316],[89.5291972,23.241977],[89.5297551,23.2415827],[89.5301628,23.2412278],[89.5303988,23.2409321],[89.5306187,23.2404441],[89.5307582,23.2399758],[89.5310033,23.2394632]]}},{"type":"Feature","properties":{"osm_id":239811380,"group":"nabaganga","version":19,"timestamp":"2026-02-18T07:28:41Z","tags":{"name":"নবগঙ্গা নদী","name:bn":"নবগঙ্গা নদী","name:en":"Naboganga River","waterway":"river"},"nodes":[2475825893,9436595837,9436595838,9436595832,2475825890,9436595834,9436595836,2475825889,9436595840,9436595841,2475825887,9436595839,2475825876,4963818668,9436595842,2475825855,9436595843,9436595844,2475825853,5035103672,5035103673,5279645628,9436595845,2475825857,2475825860,5035133460,5035133459,7793337710,9436595846,9436595847,9436595848,8737763344,8737763345,9436595849,8737763343,9436595850,8737763346,9436595851,9436595852,8737763347,9436595854,9436595853,7793337709,7793337708,5035133446,5035133445,5035133444,5035133443,5035133442,9280260551,9280255070,5035133441,9280260552,9280255071,5035133440,5283243250,5035133439,5279467996,5035133438,8721116523,5279467997,5035133437,5035133436,6397758926,5035133435,9436595855,5035133434,9436595856,5035133433,5035133432,5035133431,9436595857,5035133430,5035133429,5035133428,5035133427,6401986780,5035133426,5035133425,5035133424,5035133423,5035133422,5035133421,5035132820,6816802734,5035132819,5035132818,5035132817,6816584600,5035132816,5519854788,5519854747]},"geometry":{"type":"LineString","coordinates":[[89.6860957,23.0932235],[89.6858597,23.0922268],[89.6849155,23.0907464],[89.6840036,23.0901739],[89.6828663,23.0898976],[89.6815196,23.0899836],[89.6785426,23.0902529],[89.6770406,23.0897792],[89.6751737,23.0881803],[89.6738219,23.0863248],[89.6726602,23.0845553],[89.6721697,23.0827915],[89.6715474,23.0680648],[89.6712751,23.0600118],[89.670732,23.057384],[89.6700566,23.055033],[89.6693158,23.0539486],[89.6682,23.0531391],[89.6665263,23.0526652],[89.664166,23.0529219],[89.6597028,23.0545212],[89.6564412,23.0556663],[89.6498537,23.056772],[89.6450257,23.0578973],[89.6385669,23.0613129],[89.6350479,23.0639782],[89.6320009,23.0668803],[89.6283316,23.0713222],[89.6274948,23.0730989],[89.6272802,23.076139],[89.6277737,23.0798502],[89.6270227,23.0815084],[89.6258855,23.0824362],[89.6246195,23.082673],[89.6231818,23.0822782],[89.6214866,23.0811136],[89.6206498,23.07987],[89.6200704,23.0769089],[89.6200275,23.0739478],[89.6205425,23.0711445],[89.622581,23.0683215],[89.6241689,23.0669987],[89.6251988,23.0661696],[89.6263575,23.0648074],[89.6271944,23.062991],[89.6278596,23.0599112],[89.6283746,23.0551925],[89.6284175,23.0530206],[89.6281385,23.0510067],[89.6277201,23.0492001],[89.6274304,23.0484498],[89.6270656,23.0476106],[89.6262288,23.0462877],[89.625628,23.045567],[89.6249842,23.0449056],[89.6225757,23.0431574],[89.6209502,23.0419635],[89.6191478,23.0410798],[89.6170931,23.0403591],[89.6158589,23.0399622],[89.6146846,23.039589],[89.6112942,23.0390411],[89.6071958,23.0387646],[89.6027601,23.0392085],[89.6002006,23.0391793],[89.5981514,23.0388041],[89.5961988,23.0381229],[89.5953298,23.0373922],[89.595083,23.0364543],[89.5953941,23.035309],[89.5971,23.0321593],[89.5982802,23.0298588],[89.599564,23.0271251],[89.6006298,23.0219201],[89.6005868,23.0184443],[89.5993852,23.0170223],[89.5983863,23.0171039],[89.5940637,23.0174568],[89.5892572,23.0163903],[89.5856094,23.0146524],[89.5829486,23.0131119],[89.5804166,23.0103073],[89.5778846,23.0069892],[89.5745801,23.0014984],[89.5710957,22.9980665],[89.57023,22.997176],[89.5663404,22.9924123],[89.5622849,22.9875332],[89.5612121,22.9855578],[89.5608473,22.9848862],[89.5603814,22.9832793],[89.5603604,22.9827638]]}},{"type":"Feature","properties":{"osm_id":727387096,"group":"nabaganga","version":5,"timestamp":"2026-02-18T07:28:41Z","tags":{"name":"নবগঙ্গা নদী","name:bn":"নবগঙ্গা নদী","name:en":"Naboganga River","waterway":"river"},"nodes":[5519854747,5519854787,5519854786,5519854785,5519854784,5519854783,5519854782,6816972070,5519854781,5519854780,5519854779,5519854778,5519854777,5519854776,5519854775,5519854774,5519854773,5519854772,5519854771,5519854770,5519854769,5519854768,5519854756,5519854767,5519854766,5519854765,5519854738,5519854764,5519854763,5519854762,5519854739,5519854761,5519854760,5519854759,5519854758,5519854757]},"geometry":{"type":"LineString","coordinates":[[89.5603604,22.9827638],[89.5603558,22.9826521],[89.5604836,22.981829],[89.5608753,22.9801043],[89.561829,22.9769213],[89.5622974,22.9751652],[89.5624251,22.9741459],[89.5624154,22.973734],[89.5624081,22.9734247],[89.5623655,22.9721467],[89.56211,22.9706257],[89.5619227,22.9698652],[89.5616672,22.9693321],[89.561284,22.9687676],[89.5603048,22.9681011],[89.5581844,22.9670348],[89.5577331,22.9667212],[89.5569667,22.9661959],[89.5564983,22.9654275],[89.5561407,22.9643926],[89.5559533,22.9632008],[89.5560129,22.9624559],[89.5562308,22.9619523],[89.5563961,22.9615699],[89.5590019,22.9601194],[89.5636769,22.958167],[89.5654049,22.9576767],[89.5672364,22.9568889],[89.5687691,22.9564969],[89.5699869,22.9561048],[89.5710552,22.9555856],[89.5717496,22.9548345],[89.5723627,22.9542072],[89.5726011,22.953674],[89.5729417,22.951008],[89.5732653,22.9491809]]}},{"type":"Feature","properties":{"osm_id":547222467,"group":"chitra","version":13,"timestamp":"2025-06-19T17:19:44Z","tags":{"name":"Chitra River","waterway":"river"},"nodes":[5287392909,5287392908,5287392907,5287392906,5287392905,5287392904,5287392903,5287392902,5287392901,5287392900,5287392899,5287392898,5287392897,5287392896,5287392895,5287392894,5287392893,5287392892,5287392891,5287392890,5287392889,5287392888,5287392887,5287392886,5287392885,5287392884,5287392883,5287392882,5287392881,5287392880,5287392879,5287392878,5287392877,5287392876,5287392875,5287392874,5287392873,5287392872,5287392871,5287392870,5287392869,5287392868,5287392867,7151145846,7151145848,7151145847,5287392866,5287392865,7151145843,7151145845,7151145844,5287392864,7151145842,7151145841,5287392863,5287392862,7151145840,5287392861,5287392860,7151145839,7151145838,7151145837,5287392859,7151145835,7151145836,7151145834,7151145833,5287392858,5287392857,5287392856,7151145754,7151145755,7151145753,7151145756,7151145752,7151145751,5287392855,5287392854,5287392853,7151145748,7151145750,7151145749,5287392852,5287392851,5287392850,7151145746,7151145747,7151145745,7151145744,5287392849,5287392848,5287392847,7151145743,5287392846,5287392845,5287392844,5287392843,5287392842,5287392841,5287392840,5287392839,5287392838,5287392837,5287392836,5287392835,7151145483,7151145485,7151145484,5287392834,5287392833,5287392832,7151145482,7151145481,5287392831,5287392830,5287392829,7151145480,7151145479,5287392828,5287392827,5287392826,7151145739,5287392825,7151145738,5287392824,5287392823,5287392822,5287392821,7108987980,5287392820,5287392819,5287392818,5287392817,7108987978,7108987979,5287392816,5287392815,5287392814,7108987976,5287392813,7108987977,5287392812,5287392811,5287392810,5287392809,5287392808,5287392807,7151145740,7151145742,7151145741,5287392806,5287392805,5287392804,5287392803,5287392802,5287392801,5287392800,5287392799,5287392798,5287392797,5287392796,5287392795,5287392794,5287392793,5287392792,5287392791,5287392790,5287392789,5287392788,5287392787,5287392786,5287392785,5287392784,5287392783,5287392782,5287392781,5287392780,5287392779,5287392778,5287392777,5287392776,5287392775,5287392774,5287392773,5287392772,5287392771,5287392770,5287392769,5287392768,5287392767,5287392766,5287392765,5287392764,5287392763,5287392762,5287392761,5287392760,5287392759,5287392758,5287392757,5287392756,5287392755,5295414981,5287392754,5287392753,5295414980,5287392752,5287392751,5287392750,5287392749,5295414979,5287392748,5287392747,5287392746,5287392745,5287392744,5287392743,5287392742,5287392741,5287392740,5287392739,5287392738,5287392737,5287392736,5287392735,5287392734,5287392733,5287392732,5287392731,5287392730,5287392729,5287392728,7819201299,5287392727,5287392726,5287392725,5287392724,5287392723,5287392722,5287392721,5287391920,5287391919,5287391918,5287391917,5287391916,5287391915,5287391914,5287391913,5287391912,5287391911,5287391910,5287391909,5287391908,5287391907,5287391906,5287391905,5287391904,5287391903,5287391902,5287391901,5287391900,5287391899,5287391898,5287391897,5287391896,5287391895,5287391894,5287391893,5287391892,5287391891,5287391890,5287391889,5287391888,5287391887,5287391886,5287391885,5287391884,5287391883,5287391882,5287391881,5287391880,5287391879,5287395439,5287395438,5287395437,5287395436,5287395435,5287395434,5287395433,5287395432,5287395431,5287395430,5287395429,5287395428,5287395427,5287395426,5287395425,5287395424,5287395423,5287395422,5287395421,5287395120,5287395119,5287395118,5287395117,5287395116,5287395115,5287395114,5287395113,5287395112,5287395111,5287395110,5287395109,5287395108,5287395107,5287395106,5287395105,5287395104,5287395103,5287395102,5287395101,5287395100,5287395099,5287395098,5287395097,5287395096,5287395095,5287395094,5287395093,5287395092,5287395091,5287395090,5287395089,5287395088,5568303859,5287395087,5568303858,5568303857,5568303856,5287395086,5568303855,5287395085,5568303854,5287395084,5568303863,5287395083,5287395082,5287395081,5568303853,5287395080,5568303852,5287395079,5287395078,5568303851,5287395077,5287395076,5568303850,5287395075,5287395074,5568303849,5568303848,5287395073,5568303847,5287395072,5287395071,5287395070,5568550935,5287395069,5568550937,5568550934,5568550936,5287395068,5568550933,5287395067,5287395066,5287395065,5287395064,5568550932,5287395063,5287395062,5568550931,5287395061,5568550930,5287395060,5287395059,5287395058,5287395057,5287395056,5287395055,5287395054,5287395053,5287395052,5287395051,5287395050,5287395049,5287395048,5287395047,5287395046,5287395045,5287395044,5287395043,5287395042,5287395041,5287395040,5287395039,5287395038,5287395037,5287395036,5287395035,5287395034,5568058943,5287395033,5287399631]},"geometry":{"type":"LineString","coordinates":[[88.9070105,23.5676258],[88.911345,23.5679994],[88.9129114,23.5680978],[88.9135551,23.5677634],[88.9136839,23.5661507],[88.9134049,23.561981],[88.9131689,23.5576931],[88.9135551,23.5550574],[88.9138555,23.5523036],[88.9146065,23.5512807],[88.9158511,23.5509463],[88.9178252,23.5518512],[88.9195633,23.5544673],[88.9209366,23.5585782],[88.9223742,23.5603681],[88.9245415,23.5611155],[88.9262795,23.5610369],[88.9275455,23.5600731],[88.9284467,23.5565719],[88.9292836,23.5540542],[88.9316869,23.5522249],[88.9354205,23.551025],[88.9376521,23.5503169],[88.9388537,23.5479958],[88.9399266,23.5452418],[88.9409566,23.5424681],[88.9426517,23.5396944],[88.9447331,23.5395174],[88.9462566,23.5415042],[88.9477372,23.5433337],[88.9492392,23.5441206],[88.9505267,23.5437271],[88.9522648,23.54176],[88.9542818,23.5399305],[88.9572215,23.5379829],[88.9615774,23.5363305],[88.9649892,23.5352485],[88.9676928,23.5334582],[88.9700746,23.5302318],[88.9706111,23.5263954],[88.9704609,23.5229524],[88.9700746,23.5207686],[88.9697099,23.5182698],[88.9698011,23.5179058],[88.9700425,23.5175812],[88.9704716,23.5173057],[88.9711046,23.5170893],[88.9743018,23.5166368],[88.9750314,23.5165187],[88.9756,23.5163515],[88.9762008,23.5159678],[88.976571,23.5155005],[88.977161,23.5141133],[88.9773112,23.513469],[88.9773059,23.5130361],[88.9771771,23.510124],[88.9772415,23.5089139],[88.9775097,23.5079989],[88.9785719,23.5054213],[88.9792746,23.504339],[88.9799076,23.5037634],[88.9802241,23.5035765],[88.9806801,23.5033453],[88.9810073,23.5031879],[88.9813667,23.5031633],[88.9818013,23.5032075],[88.9820641,23.5033502],[88.9822358,23.5035421],[88.9841509,23.5074283],[88.9851192,23.5099814],[88.9853096,23.5102076],[88.9855134,23.510365],[88.9857897,23.5105323],[88.9860874,23.5105839],[88.9866239,23.510579],[88.9869484,23.5105495],[88.9872622,23.5104585],[88.9900517,23.5084515],[88.9922189,23.5070151],[88.9924818,23.5069019],[88.9928412,23.506838],[88.9933079,23.506779],[88.993796,23.506838],[88.997004,23.5085499],[88.9985865,23.5092878],[88.9990371,23.5094058],[88.9992785,23.5093763],[88.9997131,23.5092041],[88.9999276,23.5090615],[89.0000724,23.5088844],[89.0014028,23.5064248],[89.0019822,23.505677],[89.002583,23.5052294],[89.005115,23.5042209],[89.0066814,23.5035913],[89.0081405,23.5028435],[89.0099644,23.5008954],[89.0121102,23.4985734],[89.0140843,23.4958972],[89.0153932,23.4941064],[89.0168309,23.4923747],[89.0183973,23.4899738],[89.0193414,23.4873367],[89.0202964,23.4855851],[89.0218305,23.4839517],[89.0221632,23.4838139],[89.0225977,23.4836663],[89.0229839,23.4835778],[89.0235042,23.4835778],[89.0246844,23.4838533],[89.0260148,23.484365],[89.0269053,23.4845716],[89.0275007,23.4845224],[89.0278601,23.4843847],[89.0294695,23.4837352],[89.0314865,23.4830858],[89.0324843,23.4830071],[89.0329349,23.4830366],[89.0336537,23.4831645],[89.0350485,23.4837156],[89.0361428,23.4840698],[89.0365773,23.4841387],[89.0370655,23.4840698],[89.0375483,23.4838189],[89.038074,23.4834204],[89.0393615,23.481472],[89.042151,23.478697],[89.0460133,23.4765714],[89.0468717,23.4756168],[89.0476441,23.4744261],[89.0481162,23.4714147],[89.0477085,23.4689151],[89.0475154,23.4671239],[89.0475476,23.4667992],[89.0476656,23.4664695],[89.0479874,23.4658642],[89.0494466,23.4646537],[89.0514957,23.4631578],[89.0526438,23.4625279],[89.0541672,23.4619866],[89.0560341,23.4617504],[89.0582013,23.4617701],[89.0610122,23.4618882],[89.0637803,23.4622228],[89.0660119,23.4627739],[89.0682649,23.4637778],[89.0715265,23.4649785],[89.0718377,23.4650474],[89.0721542,23.4650326],[89.0725404,23.4649489],[89.0727925,23.464821],[89.0736079,23.4641715],[89.0742302,23.4627936],[89.0742087,23.4605497],[89.0748524,23.4583451],[89.0756678,23.4573806],[89.077127,23.4559633],[89.0792727,23.4539161],[89.0805387,23.4524397],[89.0816545,23.4511011],[89.0833282,23.44929],[89.0860533,23.4469868],[89.0877914,23.4455497],[89.0887356,23.4446835],[89.0890145,23.443837],[89.0884995,23.4429511],[89.0876198,23.4423999],[89.0863538,23.441455],[89.085195,23.4404706],[89.0841651,23.4387579],[89.0831995,23.4364151],[89.0829849,23.4344857],[89.0827489,23.4325563],[89.0825987,23.4304299],[89.0830278,23.428343],[89.0833711,23.4274964],[89.0848303,23.4265119],[89.0865683,23.42663],[89.088521,23.4279886],[89.0897226,23.4286186],[89.0902805,23.4288352],[89.0917825,23.4289336],[89.0938854,23.4288352],[89.0959883,23.4294062],[89.0982199,23.4304103],[89.1006446,23.4310797],[89.1030907,23.4312765],[89.1058373,23.4310403],[89.1084337,23.4305481],[89.1105151,23.4296227],[89.1121244,23.4287958],[89.111824,23.4276736],[89.1100216,23.4256653],[89.1088414,23.4243067],[89.1083264,23.4230072],[89.1086697,23.4216093],[89.1107297,23.4204673],[89.1125965,23.4198766],[89.1152787,23.4198372],[89.1189694,23.4204082],[89.1212225,23.4206642],[89.1230035,23.4200735],[89.1237491,23.4193105],[89.1242856,23.4184146],[89.1247362,23.4166523],[89.1245753,23.4157711],[89.1242158,23.4149786],[89.1237492,23.414255],[89.1234219,23.4133197],[89.1231591,23.4123203],[89.1230839,23.4116065],[89.1233039,23.4110453],[89.1244734,23.4102183],[89.1256803,23.4099131],[89.1268766,23.4100509],[89.1280675,23.4103561],[89.1290116,23.4107106],[89.1301918,23.411006],[89.1316295,23.4113604],[89.13311,23.4120201],[89.1339254,23.4122071],[89.1347837,23.4122268],[89.1357279,23.4119905],[89.137305,23.4113702],[89.1384637,23.4109075],[89.139322,23.4104251],[89.1402662,23.4097556],[89.1410172,23.4088202],[89.1413605,23.4077175],[89.1416073,23.4067624],[89.1418755,23.4058861],[89.1419721,23.4044388],[89.1419801,23.4032707],[89.1419828,23.4028732],[89.1418433,23.4015538],[89.1416287,23.4005495],[89.1413283,23.3994172],[89.140867,23.3981863],[89.1408026,23.397182],[89.1408348,23.3962761],[89.1418111,23.3955573],[89.1429376,23.3950157],[89.1449976,23.3941886],[89.1463816,23.3934304],[89.147594,23.3928691],[89.1484845,23.3921601],[89.1490853,23.3909292],[89.149611,23.3895605],[89.1501367,23.3881425],[89.1503835,23.386685],[89.1508126,23.3853162],[89.1516387,23.3841247],[89.1527545,23.3834649],[89.1541815,23.3831793],[89.1553187,23.382746],[89.1567671,23.3823915],[89.1588056,23.3822635],[89.1614878,23.3823029],[89.1636336,23.38249],[89.1655218,23.382874],[89.166466,23.3829233],[89.1670775,23.3827362],[89.1675711,23.381968],[89.1673243,23.3805893],[89.1669595,23.3790432],[89.1677534,23.3778713],[89.1684937,23.3771819],[89.1700601,23.3768766],[89.1716587,23.3763941],[89.1733217,23.3756949],[89.1743624,23.3751926],[89.1763902,23.3742472],[89.1778386,23.373607],[89.180038,23.3728191],[89.1809714,23.3725237],[89.1812396,23.3721199],[89.1812181,23.3713025],[89.1811323,23.37016],[89.1807675,23.3694509],[89.180392,23.3679145],[89.1797697,23.3665948],[89.1796732,23.3663978],[89.1795123,23.3657576],[89.1798234,23.3647727],[89.1807032,23.3647235],[89.181658,23.3650288],[89.1827202,23.3654621],[89.183321,23.3656887],[89.1844475,23.3659841],[89.1859388,23.3660925],[89.1872799,23.3659447],[89.1882241,23.3657675],[89.1890824,23.3653538],[89.1895866,23.3645856],[89.1899836,23.3638173],[89.1901982,23.3629408],[89.1900587,23.3619066],[89.1896939,23.3607936],[89.189533,23.3600057],[89.1896081,23.3592473],[89.1900372,23.3583707],[89.1907132,23.3577206],[89.1910243,23.356844],[89.1914427,23.3557605],[89.1913676,23.3551006],[89.1911101,23.3546967],[89.1903484,23.3542338],[89.1889322,23.3538398],[89.1874945,23.3533473],[89.1862178,23.3531208],[89.1850805,23.3529139],[89.1841257,23.352451],[89.1831279,23.3517516],[89.1824949,23.3509045],[89.1821837,23.3501165],[89.181819,23.3493876],[89.1816795,23.3483632],[89.1816258,23.347388],[89.1817331,23.3460976],[89.181937,23.3449845],[89.1821945,23.3440684],[89.1827416,23.3435364],[89.1838896,23.3427385],[89.1845441,23.3423051],[89.1851449,23.341586],[89.185574,23.3407388],[89.1856921,23.3398719],[89.1855633,23.338808],[89.1857672,23.3380003],[89.1864431,23.3371235],[89.1871941,23.3360202],[89.187988,23.3349366],[89.1886103,23.3342568],[89.1887498,23.3340524],[89.1888893,23.3333086],[89.1890072,23.3330352],[89.1891736,23.3328758],[89.189592,23.3327052],[89.1900332,23.3325119],[89.1905146,23.3323469],[89.1910417,23.3321757],[89.1914897,23.3320304],[89.1921803,23.3318383],[89.1928563,23.3316388],[89.1933787,23.331497],[89.194361,23.331193],[89.1957664,23.3307004],[89.1971477,23.3304763],[89.1974375,23.330432],[89.1981992,23.3304961],[89.1991299,23.3306684],[89.2000794,23.330895],[89.2009806,23.3311733],[89.2015922,23.3314073],[89.2024129,23.3315747],[89.2034912,23.3318038],[89.2038587,23.331794],[89.2043253,23.3316683],[89.2048699,23.3312915],[89.2053017,23.3310625],[89.2056826,23.3309713],[89.2060741,23.3309467],[89.2063987,23.3309492],[89.2067796,23.3310034],[89.208126,23.3310699],[89.2089656,23.3310083],[89.2091373,23.3309812],[89.2093679,23.3309123],[89.2095208,23.3308014],[89.2096201,23.3306758],[89.2096978,23.3304295],[89.2097568,23.3300158],[89.2097461,23.3297079],[89.2096764,23.3292399],[89.2093572,23.3283311],[89.2089334,23.3274518],[89.2088744,23.32708],[89.2088422,23.3264272],[89.2089709,23.3256317],[89.2092473,23.3247228],[89.209612,23.3239495],[89.2100144,23.3232426],[89.2103925,23.3226416],[89.2107385,23.3219791],[89.2111194,23.3213214],[89.212203,23.3195677],[89.2129862,23.3185233],[89.2135119,23.3176957],[89.2143273,23.316474],[89.2151642,23.3153409],[89.2158723,23.314533],[89.2164838,23.3141389],[89.2175674,23.3139812],[89.2192304,23.3135576],[89.2207968,23.3128285],[89.2229962,23.3119515],[89.2243159,23.3114392],[89.2261934,23.3109564],[89.2292297,23.3107593],[89.2307317,23.310582],[89.2320084,23.3103849],[89.2328989,23.3103849],[89.2346692,23.3100598],[89.2357635,23.3094587],[89.2367613,23.3088183],[89.2380381,23.3077048],[89.2392826,23.3063746],[89.2400551,23.3054287],[89.241085,23.3040985],[89.2422438,23.3029456],[89.2428982,23.3022091],[89.2435258,23.3015612],[89.2441273,23.300979]]}},{"type":"Feature","properties":{"osm_id":986796027,"group":"chitra","version":2,"timestamp":"2024-04-01T14:49:48Z","tags":{"name":"চিত্রা নদী","waterway":"river"},"nodes":[6761290924,9121297042,9121297041,9121297040,9121297039,9121297038,9121297037,9121297036,9121297035,9121297034,9121297033,9121297032,9121297031,9121297030,9121297029,9121297028,9121297027,9121297026,9121297025,9121297024,9121297023,9121297022,9121297021,9121297020,9121297019,9121297018,9121297017,9121297016,9121297015,9121297014,9121297013,9121297012,9121297139,9121297011,9121297010,9121297009,9121297008,9121297007,9121297006,9121297005,11778372201,11778372200,9121297004,9121297003,9121297002,9121297001,9121297000,9121296999,9121296998,9121296997,9121296996,9121296995,9121296994,9121296993,9121296992,9121296991,9121296990,9121296989,9121296988,9121296987,9121296986,9121296985,9121296984,9121296983,9121296982,9121296981,9121296980,9121296979,9121296978,9121296977,9121296976,9121296975,9121296974,9121296973,9121296972,9121296971,9121296970,9121296969,9121296968,9121296967,9121296966,9121296965,9121296964,9121296963,9121296962,9121296961,9121296960,9121296959,9121296958,9121296957,9121296956,9121296955,9121296954,9121296953,9121296952,9121296951,9121296950,9121296949,9121296948,9121296947,9121296946,9121296945,9121296944,9121296943,9121296942,9121296941,9121296940,9121296939,9121296938,9121296937,9121296936,9121296935,9121296934,9121296933,9121296932,9121296931,9121296930,9121296929,9121296928,9121296927,9121296926,9121296925,9121296924,9121296923,9121296922,9121296921,9121296920,9121296919,9121296918,9121296917,9121261516,9121261515,9121261514,9121261513,9121261512,9121261511,9121261509,9121261508,9121261507,9121261506,9121261510,9121261504,9121261503,9121261505,9121261502,9121261501,9121261500,9121261499,9121261498,9121261497,9121261496,9121261495,9121261494,9121261493,9121261492,9121261488,9121261487,9121261486,9121261485,9121261484,9121261483,9121261482,9121261481,9121261491,9121261490,9121261489,9121297141,9121297142,9121297143,9121297144,9121297145,9121297146,9121297147,9121297148,9121297149,9121297150,9121297151,9121297152,9121297153,9121297154,9121297155,9121297156,9121297157,9121297158,9121297159]},"geometry":{"type":"LineString","coordinates":[[89.5265286,23.237911],[89.5259529,23.2380493],[89.525349,23.2388873],[89.5244494,23.2405293],[89.5237099,23.2412088],[89.5229335,23.2415032],[89.5215901,23.2412654],[89.5203947,23.24045],[89.5190021,23.2385023],[89.5173013,23.23284],[89.5166481,23.2298275],[89.5167591,23.2280155],[89.5172027,23.2262261],[89.5180161,23.2238704],[89.5181024,23.2224321],[89.517782,23.2208351],[89.5167098,23.219023],[89.5158594,23.2185133],[89.5146639,23.2181169],[89.5131234,23.2181396],[89.5111022,23.2186605],[89.5097712,23.2186039],[89.5092659,23.2176299],[89.5090688,23.2137563],[89.509611,23.2100185],[89.5099684,23.2057822],[89.5103012,23.2049554],[89.5109051,23.2041171],[89.5123593,23.2029278],[89.5132836,23.2017497],[89.5142079,23.1989631],[89.5152801,23.1967429],[89.5155897,23.1965127],[89.516377,23.1959273],[89.5181024,23.1953949],[89.5208753,23.1947492],[89.5238948,23.1934918],[89.525768,23.1920417],[89.5270251,23.1901952],[89.5271054,23.1895104],[89.5270584,23.1890938],[89.5270007,23.1888055],[89.5268156,23.1880315],[89.525349,23.1853692],[89.5232046,23.1824237],[89.520826,23.1801692],[89.5170055,23.177722],[89.5146639,23.1764984],[89.5135424,23.1751162],[89.5134931,23.1737113],[89.5138136,23.1710828],[89.5135301,23.1696892],[89.5124949,23.1687714],[89.5115213,23.1684769],[89.5100917,23.1683862],[89.5087114,23.1690434],[89.506037,23.170199],[89.5032271,23.1708788],[89.5016249,23.1707542],[89.5009471,23.1703577],[89.5006637,23.1697572],[89.5007622,23.1689754],[89.5009841,23.1674118],[89.5009348,23.1648511],[89.5012675,23.1639447],[89.5024014,23.1623017],[89.5034243,23.1600922],[89.5045951,23.1585738],[89.5062219,23.157724],[89.5125811,23.1556617],[89.5137643,23.1547099],[89.5141463,23.1536107],[89.5143558,23.1511404],[89.5147256,23.1498826],[89.5155513,23.149418],[89.5179791,23.1491687],[89.5187432,23.1487381],[89.5196774,23.1474995],[89.5204173,23.1461313],[89.5212629,23.1453612],[89.5238648,23.144651],[89.525369,23.1439108],[89.5259138,23.1431407],[89.5258731,23.1425201],[89.5254666,23.1417127],[89.5241006,23.1408828],[89.5228403,23.1394024],[89.5221979,23.1376154],[89.5221654,23.1340937],[89.5214174,23.1305645],[89.5213849,23.1265192],[89.5212954,23.1251134],[89.5209458,23.1242385],[89.5195473,23.1236852],[89.5179617,23.12373],[89.5156607,23.1243282],[89.5143597,23.1245601],[89.5121481,23.1245675],[89.5093023,23.1242684],[89.5050498,23.1241488],[89.5026756,23.1237375],[89.5010656,23.1231991],[89.5002851,23.1225112],[89.4999924,23.1215017],[89.5001306,23.1205071],[89.5004802,23.1190414],[89.5004558,23.1183909],[89.500155,23.1175458],[89.4996753,23.116282],[89.4994882,23.1143676],[89.4990736,23.1127598],[89.4984637,23.1116605],[89.4975612,23.1103742],[89.497236,23.109073],[89.4971709,23.1082129],[89.4973986,23.1077268],[89.4978783,23.1074501],[89.4988378,23.107308],[89.5011226,23.107495],[89.5025861,23.1075847],[89.5030902,23.1074651],[89.5034155,23.1071061],[89.5035456,23.1061713],[89.5037163,23.1048999],[89.5041554,23.1041296],[89.5048547,23.1037407],[89.505993,23.1035836],[89.5067817,23.1035238],[89.5075135,23.1032246],[89.5079525,23.1023795],[89.5084973,23.1010109],[89.509034,23.1002929],[89.5102292,23.0994478],[89.513262,23.0981913],[89.5154411,23.0970844],[89.5166201,23.0962691],[89.5194822,23.0935916],[89.5211409,23.0922677],[89.5228809,23.0902183],[89.5239298,23.0887224],[89.5239956,23.0883745],[89.5243933,23.0862691],[89.5246535,23.0841074],[89.5247296,23.0838071],[89.5252389,23.0817961],[89.5260195,23.0801804],[89.5273448,23.0788564],[89.5286051,23.0778615],[89.5299142,23.0765076],[89.5309062,23.075767],[89.5317599,23.0752958],[89.5328739,23.0750564],[89.5339878,23.0749816],[89.5348437,23.0748794],[89.5356895,23.0746514],[89.5371218,23.0733381],[89.5382472,23.0722571],[89.539309,23.0715082],[89.5396912,23.0706746],[89.5397549,23.0696978],[89.5394789,23.0688577],[89.5392948,23.0681674],[89.5392594,23.0671254],[89.5392665,23.0663439],[89.5395072,23.065367],[89.5400027,23.064833],[89.5408984,23.0641052],[89.5416173,23.0629897],[89.5415744,23.0621704],[89.5404264,23.0605515],[89.5398577,23.0595841],[89.5391389,23.0579947],[89.5378085,23.0571655],[89.5369502,23.0564844],[89.5368322,23.0555959],[89.5369824,23.0545791],[89.5374116,23.0534142],[89.5376905,23.0518939],[89.537712,23.0508277],[89.5373365,23.0495443],[89.5368429,23.0483201],[89.5362636,23.0472638],[89.5360705,23.046701],[89.5360275,23.0458915],[89.5360812,23.0456348]]}},{"type":"Feature","properties":{"osm_id":575195090,"group":"chitra","version":7,"timestamp":"2026-02-18T07:28:41Z","tags":{"name":"চিত্রা নদী","name:bn":"চিত্রা নদী","name:en":"Chitra River","waterway":"river"},"nodes":[9121297159,9121297160,8335661435,8335661436,8335661437,8335661438,8335661439,8335661440,8335661441,8335661442,8335661443,6274120490,8335661445,8335661446,8335661447,8335661448,6273661169,8335661449,8335661450,8335661451,8335661452,8335661453,8335661454,8335661455,8335661456,6313763417,8335661457,8335661458,8335661459,8335661460,8335661461,6372129045,6371965586,6366962956,6366962957,6366962958,6366962959,6366962960,6366962961,6366962962,6366962963,6366962964,5519911640,5519911641,5519911642,5519911643,5519911644,5519911645,5519911646,5519911647,5519911648,5519911649,5519911650,5519911651,5519911652,5519911653,5519911654,5519911655,5519911656,5519911657,5519854740,5519854741,5519854742,5519854743,5519854744,5444256032,5519854745,5519854746,5519854747]},"geometry":{"type":"LineString","coordinates":[[89.5360812,23.0456348],[89.5364245,23.0444106],[89.5369649,23.0432864],[89.5377266,23.0425262],[89.5381451,23.0415685],[89.5380378,23.0406899],[89.537394,23.0398901],[89.5363533,23.0389423],[89.5358384,23.0380241],[89.5359564,23.0369776],[89.5373726,23.033433],[89.538306,23.0323519],[89.5389175,23.0320112],[89.5406985,23.0323075],[89.5422649,23.0323272],[89.5457411,23.0319718],[89.5467886,23.0316812],[89.5502257,23.0307277],[89.5519209,23.0297798],[89.5530581,23.028042],[89.5545602,23.0245071],[89.5547318,23.0224928],[89.5552254,23.0211696],[89.5559549,23.0205969],[89.5578003,23.0203401],[89.5581252,23.0202662],[89.5596242,23.0199254],[89.561727,23.0186417],[89.5642161,23.0149486],[89.564774,23.0131908],[89.5647096,23.0111566],[89.5636529,23.0094383],[89.5628147,23.0085902],[89.5613328,23.0071793],[89.5608875,23.0068559],[89.559761,23.0058609],[89.5593587,23.0053968],[89.558672,23.0045722],[89.5583501,23.004029],[89.5578539,23.0029205],[89.5575348,23.0013403],[89.557296,23.0000417],[89.5569956,22.9990985],[89.5567274,22.9987035],[89.5564055,22.9982097],[89.5562768,22.997864],[89.556148,22.9972517],[89.5559549,22.9963431],[89.5558476,22.9958493],[89.5557082,22.9949209],[89.5556009,22.9945752],[89.5553326,22.9942295],[89.5549035,22.9939036],[89.5544207,22.9935086],[89.5540023,22.9929851],[89.5537341,22.9927185],[89.5535838,22.9923925],[89.5535838,22.9918987],[89.5536375,22.9915333],[89.5538521,22.9912864],[89.5543456,22.9910592],[89.555043,22.9907333],[89.555397,22.9904666],[89.5560086,22.9898246],[89.5566523,22.9888863],[89.557394,22.9875493],[89.5579398,22.9865653],[89.5585835,22.9850541],[89.5603604,22.9827638]]}}]}