{"type":"FeatureCollection","properties":{"licence":"CC BY 4.0 — RESOLVE Ecoregions 2017","source":"https://storage.googleapis.com/teow2016/Ecoregions2017.zip"},"features":[{"type":"Feature","geometry":{"type":"MultiPolygon","coordinates":[[[[-16.352,19.817],[-16.358,19.854],[-16.415,19.814],[-16.432,19.595],[-16.352,19.817]]],[[[-16.832,20.996],[-16.812,20.969],[-16.805,20.938],[-16.803,20.935],[-16.787,20.933],[-16.768,20.91],[-16.734,20.824],[-16.733,20.823],[-16.711,20.776],[-16.709,20.772],[-16.66,20.733],[-16.679,20.677],[-16.533,20.557],[-16.526,20.737],[-16.488,20.727],[-16.359,20.423],[-16.2,20.208],[-16.263,20.128],[-16.233,19.979],[-16.319,19.883],[-16.255,19.892],[-16.247,19.78],[-16.293,19.684],[-16.342,19.659],[-16.467,19.422],[-16.437,19.409],[-16.437,19.473],[-16.357,19.539],[-16.398,19.458],[-16.286,19.531],[-16.412,19.391],[-16.539,19.381],[-16.23,19.022],[-16.056,18.454],[-16.023,18.031],[-16.069,17.59],[-15.786,17.885],[-15.777,17.895],[-15.737,17.942],[-15.736,18.138],[-15.683,18.393],[-15.477,18.893],[-15.504,19.093],[-15.584,19.171],[-14.731,19.084],[-14.498,19.177],[-14.253,19.489],[-13.874,20.381],[-13.691,20.692],[-13.443,20.91],[-13.106,21.011],[-13.166,20.911],[-13.153,20.737],[-13.234,20.573],[-13.228,20.355],[-13.166,20.35],[-13.182,20.408],[-13.128,20.385],[-13.138,20.513],[-13.178,20.507],[-13.129,20.561],[-13.162,20.585],[-13.13,20.708],[-13.062,20.778],[-13.082,20.606],[-12.995,20.843],[-12.859,20.787],[-12.875,20.641],[-12.82,20.62],[-12.913,20.539],[-12.906,20.494],[-13.038,20.454],[-13.026,20.399],[-13.062,20.413],[-13.165,20.305],[-13.178,20.268],[-13.116,20.275],[-13.039,20.334],[-13.079,20.244],[-13.134,20.265],[-13.192,20.235],[-13.119,20.243],[-13.198,20.195],[-13.177,20.144],[-13.141,20.16],[-13.145,20.078],[-13.124,20.098],[-13.075,20.02],[-13.084,20.089],[-13.052,20.105],[-13.05,20.029],[-13.006,20.091],[-13.002,20.31],[-13.039,20.292],[-12.971,20.401],[-12.922,20.4],[-12.997,20.25],[-12.952,20.29],[-12.87,20.278],[-12.996,20.228],[-12.961,20.149],[-13.01,20.047],[-12.961,20.035],[-12.978,20.07],[-12.84,20.256],[-12.897,20.119],[-12.846,20.072],[-12.938,19.983],[-12.844,20.032],[-12.927,19.952],[-13.033,19.937],[-13.035,19.904],[-13.014,19.867],[-13.025,19.904],[-12.988,19.905],[-12.985,19.89],[-12.821,19.967],[-12.827,19.997],[-12.735,20],[-12.702,20.094],[-12.757,20.218],[-12.645,20.041],[-12.44,20.12],[-12.409,20.073],[-12.643,19.969],[-12.57,19.949],[-12.578,19.866],[-12.617,19.858],[-12.632,19.912],[-12.751,19.83],[-12.71,19.795],[-12.688,19.834],[-12.575,19.853],[-12.62,19.795],[-12.593,19.686],[-12.527,19.717],[-12.53,19.838],[-12.488,19.67],[-12.454,19.719],[-12.409,19.698],[-12.429,19.652],[-12.364,19.625],[-12.373,19.573],[-12.322,19.701],[-12.244,19.564],[-12.139,19.612],[-12.134,19.655],[-12.165,19.686],[-12.263,19.669],[-12.466,19.78],[-12.412,19.77],[-12.347,19.889],[-12.252,19.828],[-12.259,19.794],[-12.219,19.811],[-12.212,19.895],[-12.142,19.867],[-12.067,19.928],[-12.068,19.991],[-12.018,19.967],[-11.965,20.038],[-11.975,20.088],[-12.08,20.132],[-12.162,20.069],[-12.141,20.153],[-12.108,20.144],[-12.133,20.172],[-12.265,20.048],[-12.331,20.105],[-12.357,20.041],[-12.326,20.015],[-12.382,20.035],[-12.351,20.075],[-12.382,20.061],[-12.411,20.145],[-12.372,20.103],[-12.186,20.144],[-12.134,20.25],[-12.143,20.381],[-12.06,20.428],[-12.024,20.555],[-12.13,20.542],[-12.129,20.58],[-12.214,20.53],[-12.167,20.513],[-12.437,20.455],[-12.172,20.577],[-12.206,20.649],[-12.073,20.639],[-12.13,20.732],[-12.094,20.745],[-11.132,20.183],[-9.507,19.793],[-7.362,18.948],[-6.025,18.207],[-5.25,17.971],[-4.457,17.848],[-3.94,17.822],[-3.299,17.858],[-2.617,17.988],[-2.064,18.184],[-1.283,18.599],[-0.742,18.984],[0.08,20.024],[0.365,20.296],[0.757,20.476],[1.292,20.538],[2.473,20.569],[3.485,20.532],[3.835,20.481],[4.432,20.288],[4.655,20.174],[5.638,19.533],[7.13,18.757],[7.472,18.65],[8.642,18.438],[8.67,18.371],[8.557,18.396],[8.383,18.297],[8.428,18.244],[8.358,18.182],[8.397,18.203],[8.428,18.158],[8.367,18.089],[8.491,17.999],[8.588,18.009],[8.476,17.948],[8.453,17.806],[8.274,17.969],[8.304,17.892],[8.24,17.867],[8.226,17.904],[8.207,17.87],[8.214,17.835],[8.311,17.848],[8.285,17.743],[8.38,17.721],[8.302,17.674],[8.439,17.602],[8.429,17.509],[8.489,17.557],[8.476,17.465],[8.545,17.408],[8.538,17.301],[8.628,17.305],[8.613,17.463],[8.734,17.32],[8.753,17.398],[8.821,17.444],[8.945,17.404],[9.001,17.556],[9.046,17.562],[9.033,17.65],[9.142,17.592],[9.137,17.518],[9.19,17.498],[9.194,17.583],[9.259,17.654],[9.225,17.698],[9.286,17.736],[9.616,17.395],[9.938,17.174],[10.49,16.922],[10.951,16.766],[13.362,16.627],[13.73,16.679],[15.047,17.393],[17.262,17.841],[18.235,18.263],[18.529,18.342],[18.776,18.317],[19.073,18.09],[19.4,17.625],[19.562,17.225],[19.751,17.038],[20.097,17.044],[20.903,17.327],[21.942,17.423],[21.927,17.357],[21.982,17.307],[21.897,17.289],[21.862,17.228],[22.004,17.158],[22.019,17.018],[22.127,17.02],[22.151,17.066],[22.175,17.032],[22.191,17.083],[22.193,17.02],[22.253,17.002],[22.219,16.965],[22.269,16.956],[22.256,16.903],[22.349,16.807],[22.423,16.797],[22.445,16.923],[22.502,16.816],[22.558,16.903],[22.608,16.807],[22.622,16.741],[22.564,16.766],[22.528,16.736],[22.61,16.688],[22.6,16.655],[22.459,16.639],[22.474,16.541],[22.379,16.506],[22.341,16.398],[22.435,16.42],[22.493,16.488],[22.636,16.419],[22.622,16.341],[22.553,16.338],[22.527,16.284],[22.582,16.301],[22.578,16.229],[22.7,16.217],[22.685,16.163],[22.719,16.134],[22.75,16.162],[22.773,16.052],[22.915,16.035],[22.902,15.938],[22.954,15.891],[22.977,15.995],[23.005,15.968],[23.031,16.01],[23.117,15.925],[23.109,16.123],[22.979,16.259],[23.037,16.354],[23.197,16.306],[23.243,16.231],[23.301,16.259],[23.377,16.229],[23.452,16.278],[23.289,16.424],[23.03,16.444],[23.186,16.485],[23.2,16.591],[23.396,16.712],[23.39,16.817],[23.491,16.856],[23.459,16.95],[23.692,16.984],[23.706,17.038],[23.76,17.054],[23.679,17.124],[23.795,17.312],[23.833,17.52],[25.006,17.509],[25.209,17.617],[25.572,17.922],[25.679,17.94],[29.574,18.015],[30.966,17.989],[31.859,17.778],[32.296,17.837],[32.665,17.987],[33.129,18.262],[33.35,18.429],[33.446,18.575],[33.426,18.712],[33.293,18.9],[32.648,19.486],[32.491,19.838],[32.511,19.991],[32.607,20.157],[32.95,20.444],[33.575,20.507],[33.812,20.359],[34.132,19.943],[34.365,19.218],[34.497,18.99],[34.677,18.757],[34.901,18.629],[35.261,18.587],[35.643,18.657],[35.834,18.758],[36.158,19.054],[36.311,19.108],[37.39,19.022],[37.292,19.477],[37.198,19.634],[37.236,19.602],[37.259,19.742],[37.033,19.843],[36.814,19.865],[36.706,19.963],[36.652,20.117],[36.666,20.304],[36.823,20.571],[36.84,20.776],[36.645,21.068],[36.3,21.396],[36.069,22.07],[35.372,22.967],[34.97,23.949],[34.713,24.283],[34.351,24.946],[33.88,25.789],[33.508,26.636],[33.219,27.057],[32.864,27.775],[32.364,28.419],[32.416,28.97],[32.242,29.445],[32.292,29.579],[32.362,29.553],[32.353,29.688],[32.49,29.862],[32.451,29.923],[32.571,29.991],[32.766,30.969],[32.7,30.838],[32.361,30.55],[31.735,30.456],[31.341,30.146],[31.241,30.118],[31.384,29.833],[31.402,29.517],[31.312,29.09],[31.008,28.63],[30.916,28.238],[31,27.774],[31.152,27.432],[31.423,27.152],[31.586,26.87],[32.028,26.395],[32.309,26.189],[32.766,26.243],[32.839,26.191],[32.905,25.961],[32.896,25.782],[32.689,25.532],[32.671,25.444],[32.717,25.332],[32.906,25.2],[32.992,25.062],[33.076,24.521],[32.977,23.732],[32.84,23.543],[32.706,23.569],[32.667,23.648],[32.753,24.354],[32.727,24.731],[32.668,24.863],[32.398,25.171],[32.339,25.321],[32.34,25.604],[32.465,25.783],[32.483,25.881],[32.155,25.905],[31.802,26.149],[30.78,27.382],[30.644,27.862],[30.603,28.243],[30.666,28.631],[30.799,28.958],[31.084,29.494],[31.122,29.707],[31.082,29.903],[30.821,30.327],[30.763,30.601],[30.704,30.675],[30.608,30.742],[30.445,30.757],[30.504,30.786],[30.438,30.808],[30.29,30.823],[30.179,30.779],[30.083,30.816],[30.11,30.971],[29.622,30.769],[29.109,30.816],[28.98,30.831],[28.757,30.982],[28.424,31.087],[27.937,31.092],[27.862,31.244],[27.691,31.176],[27.443,31.214],[27.344,31.368],[27.084,31.38],[26.978,31.439],[26.499,31.49],[25.916,31.622],[25.506,31.514],[25.227,31.512],[25.162,31.543],[25.126,31.719],[25.032,31.846],[25.04,31.924],[24.983,31.965],[24.736,32.025],[24.547,31.979],[24.2,32.001],[23.669,32.186],[23.434,32.177],[23.32,32.218],[23.331,32.157],[23.171,32.306],[22.999,32.294],[22.649,32.18],[22.152,32.171],[22.107,32.212],[22.065,32.179],[22.009,32.254],[21.987,32.18],[21.561,32.159],[21.059,31.984],[20.776,31.789],[20.511,31.459],[20.465,31.337],[20.129,30.982],[19.905,30.653],[19.688,30.46],[19.311,30.291],[19.026,30.268],[18.663,30.41],[18.219,30.764],[17.904,30.855],[17.847,30.925],[17.478,31.02],[17.39,31.079],[16.752,31.219],[16.166,31.252],[15.148,31.286],[14.908,31.357],[14.448,31.827],[14.145,31.894],[13.647,31.894],[12.688,31.785],[12.08,31.833],[11.17,31.808],[10.935,31.847],[10.959,31.923],[11.111,31.975],[11.796,32.12],[12.174,32.249],[12.232,32.341],[12.169,32.416],[11.896,32.597],[11.803,32.754],[11.664,32.771],[11.587,32.781],[11.571,32.883],[11.601,32.945],[11.601,33.004],[11.696,32.968],[11.754,33.014],[11.73,33.088],[11.532,33.168],[11.531,33.138],[11.361,33.122],[11.322,33.068],[11.344,33.049],[11.336,33.012],[11.439,32.988],[11.397,32.771],[11.403,32.721],[10.828,32.877],[10.458,32.797],[10.256,32.818],[9.988,33.15],[10.005,33.261],[9.909,33.457],[9.892,33.716],[9.811,33.936],[9.974,33.856],[10.09,33.69],[10.466,33.59],[10.729,33.602],[10.717,33.714],[10.579,33.632],[10.448,33.628],[10.483,33.656],[10.251,33.768],[10.049,34.009],[10.009,34.004],[10.049,34.013],[10.036,34.08],[9.965,34.2],[10.04,34.498],[10.25,34.723],[10.203,34.751],[10.096,34.688],[9.969,34.798],[9.991,34.616],[9.941,34.535],[9.635,34.408],[9.792,34.25],[9.793,34.16],[9.663,34.05],[9.658,34.048],[9.277,34.116],[8.602,34.145],[8.187,34.221],[7.53,34.457],[7.185,34.702],[6.996,34.774],[6.746,34.803],[5.655,34.695],[5.085,34.405],[4.268,33.857],[3.78,33.602],[3.076,33.389],[2.452,33.321],[0.775,32.825],[-0.345,32.372],[-0.707,32.18],[-1.343,32.049],[-1.676,31.874],[-2.06,31.819],[-2.241,31.9],[-2.173,32.105],[-2.465,32.11],[-2.281,32.233],[-2.316,32.28],[-2.571,32.196],[-2.837,32.222],[-2.977,32.122],[-3.149,32.072],[-4.039,31.921],[-4.456,31.912],[-5.331,31.564],[-5.344,31.522],[-5.07,31.446],[-5.032,31.378],[-5.414,30.934],[-5.718,30.856],[-5.659,30.762],[-6.072,30.692],[-6.189,30.787],[-6.444,30.785],[-6.503,30.821],[-6.376,31.122],[-6.635,31.037],[-6.93,31.027],[-7.098,30.944],[-7.102,30.831],[-6.882,30.746],[-6.967,30.637],[-7.298,30.424],[-7.699,29.942],[-7.787,29.877],[-8.057,29.891],[-8.04,29.768],[-8.312,29.507],[-8.934,29.174],[-8.973,29.049],[-9.565,28.681],[-9.682,28.531],[-9.68,28.441],[-9.4,28.476],[-9.594,28.342],[-10.955,28.079],[-11.444,27.917],[-12.113,27.81],[-12.676,27.666],[-13.186,27.156],[-13.448,27.012],[-13.62,26.684],[-13.994,26.462],[-14.179,26.426],[-14.305,26.292],[-14.413,26.251],[-14.487,26.115],[-14.483,26.108],[-14.479,26.097],[-14.478,26.088],[-14.484,26.054],[-14.484,26.051],[-14.685,25.594],[-14.685,25.59],[-14.814,25.342],[-14.814,25.329],[-14.828,25.29],[-14.824,25.274],[-14.843,25.211],[-14.839,25.184],[-14.844,25.123],[-14.822,25.028],[-14.835,24.95],[-14.828,24.922],[-14.886,24.743],[-14.884,24.729],[-15.009,24.574],[-15.008,24.567],[-15.181,24.483],[-15.592,24.051],[-15.802,23.92],[-15.924,23.771],[-15.922,23.76],[-15.983,23.623],[-15.857,23.837],[-15.79,23.896],[-15.778,23.901],[-15.766,23.912],[-15.774,23.89],[-15.773,23.88],[-15.77,23.878],[-15.713,23.895],[-15.742,23.822],[-15.708,23.823],[-15.801,23.725],[-15.794,23.724],[-15.876,23.619],[-15.876,23.614],[-15.969,23.499],[-15.964,23.494],[-15.964,23.49],[-15.953,23.472],[-16.059,23.328],[-16.056,23.312],[-16.114,23.225],[-16.112,23.209],[-16.206,23.083],[-16.162,23.084],[-16.139,23.02],[-16.301,22.859],[-16.3,22.854],[-16.291,22.848],[-16.287,22.839],[-16.329,22.769],[-16.327,22.763],[-16.341,22.704],[-16.339,22.689],[-16.345,22.654],[-16.342,22.649],[-16.45,22.444],[-16.449,22.437],[-16.459,22.404],[-16.457,22.391],[-16.491,22.334],[-16.491,22.333],[-16.614,22.266],[-16.698,22.28],[-16.809,22.161],[-16.87,22.004],[-16.87,21.995],[-16.898,21.934],[-16.889,21.919],[-16.963,21.786],[-16.948,21.762],[-16.972,21.666],[-16.971,21.655],[-17.013,21.418],[-17.01,21.402],[-17.028,21.333],[-17.028,21.312],[-17.026,21.301],[-17.024,21.295],[-17.048,21.184],[-17.044,21.173],[-17.039,21.163],[-17.05,21.123],[-17.05,21.115],[-17.06,21.08],[-17.056,21.069],[-17.062,21.054],[-17.058,21.035],[-17.063,21.017],[-17.061,21.002],[-17.092,20.919],[-17.076,20.889],[-17.103,20.843],[-17.045,20.77],[-17.045,20.789],[-17.042,20.802],[-17.039,20.81],[-17.027,20.851],[-17.052,20.889],[-17.041,20.907],[-17.015,20.916],[-17.003,20.966],[-17.009,20.979],[-17.002,21.012],[-17.023,21.035],[-16.997,21.052],[-16.995,21.056],[-16.974,21.114],[-16.975,21.11],[-16.96,21.112],[-16.963,21.117],[-16.948,21.127],[-16.945,21.135],[-16.944,21.137],[-16.946,21.173],[-16.933,21.206],[-16.935,21.217],[-16.902,21.265],[-16.906,21.255],[-16.865,21.227],[-16.845,21.253],[-16.862,21.167],[-16.796,21.104],[-16.812,21.082],[-16.755,20.992],[-16.757,20.985],[-16.757,20.974],[-16.858,21.083],[-16.857,21.064],[-16.861,21.051],[-16.85,21.025],[-16.844,21.019],[-16.835,21.001],[-16.832,20.996]]],[[[24.588,12.77],[24.621,12.837],[24.527,13.069],[24.581,13.15],[24.454,13.35],[24.391,13.341],[24.308,13.116],[24.213,13.006],[24.219,12.854],[24.511,12.707],[24.588,12.77]]],[[[22.528,15.827],[22.548,15.791],[22.466,15.763],[22.495,15.74],[22.412,15.738],[22.434,15.691],[22.362,15.675],[22.342,15.713],[22.332,15.685],[22.378,15.648],[22.322,15.641],[22.352,15.587],[22.283,15.584],[22.274,15.637],[22.207,15.626],[22.183,15.664],[22.123,15.625],[22.137,15.561],[22.054,15.573],[22.123,15.556],[22.085,15.51],[22.137,15.51],[22.076,15.484],[22.167,15.466],[22.075,15.458],[22.083,15.405],[21.957,15.403],[22.025,15.342],[21.844,15.351],[21.884,15.292],[21.84,15.233],[21.878,15.233],[21.828,15.178],[21.786,15.192],[21.782,15.122],[21.861,15.144],[21.843,15.052],[21.904,15.023],[21.779,15.019],[21.82,15.01],[21.804,14.959],[21.872,14.845],[22.008,14.807],[22.212,14.894],[22.272,15.037],[22.113,15.053],[22.189,15.129],[22.234,15.107],[22.229,15.155],[22.249,15.108],[22.31,15.116],[22.321,15.068],[22.392,15.088],[22.334,15.138],[22.398,15.152],[22.351,15.19],[22.382,15.262],[22.253,15.341],[22.306,15.339],[22.325,15.388],[22.363,15.358],[22.371,15.403],[22.431,15.379],[22.383,15.452],[22.457,15.42],[22.493,15.464],[22.457,15.479],[22.53,15.492],[22.438,15.589],[22.578,15.602],[22.539,15.659],[22.573,15.663],[22.56,15.795],[22.598,15.809],[22.528,15.827]]],[[[10.601,35.501],[10.549,35.507],[10.409,35.688],[10.269,35.624],[10.306,35.511],[10.434,35.436],[10.539,35.417],[10.601,35.501]]],[[[10.331,35.902],[10.238,35.958],[10.119,35.867],[10.147,35.797],[10.214,35.797],[10.331,35.902]]],[[[11.331,15.944],[11.46,16.028],[11.428,16.229],[11.539,16.333],[11.469,16.425],[11.308,16.358],[11.303,16.127],[11.242,16.1],[11.218,15.998],[11.252,15.949],[11.331,15.944]]],[[[1.388,19.117],[1.452,19.271],[1.22,19.411],[1.242,19.299],[1.141,19.239],[1.157,19.179],[1.233,19.143],[1.34,19.161],[1.331,19.1],[1.388,19.117]]],[[[1.404,19.499],[1.451,19.45],[1.45,19.584],[1.389,19.557],[1.404,19.499]]],[[[1.116,19.438],[1.286,19.457],[1.331,19.51],[1.319,19.634],[1.117,19.696],[1.091,19.599],[1.168,19.584],[1.06,19.482],[1.116,19.438]]],[[[1.163,19.698],[1.364,19.736],[1.382,19.794],[1.23,19.842],[1.188,19.818],[1.215,19.765],[1.172,19.779],[1.128,19.735],[1.163,19.698]]],[[[2.201,18.584],[2.308,18.63],[2.433,18.787],[2.438,18.967],[2.529,19.152],[2.49,19.443],[2.578,19.487],[2.658,19.731],[2.728,19.737],[2.756,19.797],[2.92,19.872],[2.83,20.066],[2.739,20.128],[2.684,20.288],[2.413,20.461],[2.344,20.454],[2.219,20.524],[2.067,20.496],[1.852,20.524],[1.693,20.443],[1.666,20.495],[1.519,20.397],[1.406,20.376],[1.37,20.408],[1.301,20.351],[1.261,20.367],[1.192,20.266],[1.153,20.304],[1.072,20.293],[1.062,20.152],[1.185,20.234],[1.226,20.198],[1.282,20.23],[1.306,20.153],[1.493,20.254],[1.514,20.156],[1.626,20.167],[1.523,20.047],[1.417,20.065],[1.253,19.899],[1.303,19.925],[1.32,19.886],[1.377,19.932],[1.432,19.923],[1.427,19.884],[1.541,19.918],[1.693,19.866],[1.711,19.823],[1.66,19.809],[1.712,19.737],[1.558,19.785],[1.488,19.709],[1.61,19.581],[1.615,19.487],[1.736,19.451],[1.652,19.309],[1.653,19.158],[1.681,19.125],[1.754,19.356],[1.851,19.422],[1.834,19.156],[1.93,19.176],[1.819,19.102],[1.839,19.045],[1.882,19.059],[1.833,18.967],[1.875,18.969],[1.926,18.894],[2.054,18.987],[2.024,19.083],[2.076,19.061],[2.119,19.105],[2.052,18.94],[2.182,18.921],[2.13,18.85],[2.228,18.764],[2.084,18.682],[2.124,18.613],[2.201,18.584]]]]},"properties":{"id":"sahara"}},{"type":"Feature","geometry":{"type":"MultiPolygon","coordinates":[[[[44.195,19.953],[44.348,19.942],[44.357,19.897],[44.281,19.793],[44.1,19.688],[44.181,19.607],[44.141,19.445],[44.236,19.45],[44.258,19.283],[44.181,19.217],[44.253,19.203],[44.251,19.068],[44.341,19.047],[44.416,19.093],[44.428,19.166],[44.289,19.332],[44.28,19.404],[44.402,19.431],[44.506,19.384],[44.501,18.999],[44.638,18.792],[44.529,18.871],[44.448,18.7],[44.331,18.679],[44.226,18.769],[44.143,18.947],[44.033,18.825],[44.191,18.677],[44.204,18.64],[44.154,18.605],[44.187,18.527],[44.26,18.581],[44.211,18.477],[44.307,18.391],[44.357,18.481],[44.52,18.5],[44.55,18.588],[44.635,18.493],[44.558,18.421],[44.553,18.338],[44.491,18.344],[44.528,18.266],[44.443,18.196],[44.51,18.051],[44.281,18.154],[44.327,18.037],[44.205,18.026],[44.25,17.907],[44.303,17.934],[44.35,17.882],[44.305,17.823],[44.411,17.775],[44.38,17.719],[44.437,17.692],[44.358,17.631],[44.365,17.571],[44.436,17.563],[44.362,17.516],[44.415,17.468],[44.355,17.452],[44.377,17.376],[44.468,17.411],[44.576,17.355],[44.524,17.184],[44.442,17.098],[44.739,17.118],[44.829,17.076],[44.864,16.999],[45.019,16.987],[45.091,16.902],[45.065,16.766],[45.295,16.889],[45.295,16.832],[45.141,16.704],[45.21,16.695],[45.394,16.811],[45.273,16.661],[45.275,16.603],[45.329,16.613],[45.308,16.546],[45.253,16.554],[45.253,16.46],[45.205,16.411],[45.458,16.226],[45.467,16.069],[45.286,16.237],[45.141,16.237],[45.067,16.139],[45.005,16.216],[44.932,16.225],[44.884,16.306],[44.777,16.274],[44.466,16.371],[44.417,16.341],[44.397,16.252],[44.799,16.076],[44.711,15.745],[44.879,15.901],[44.878,15.821],[44.95,15.813],[45.019,15.865],[45.087,15.808],[45.008,15.725],[45.001,15.534],[45.12,15.539],[45.273,15.617],[45.436,15.58],[45.441,15.488],[45.361,15.447],[45.553,15.216],[45.555,15.148],[45.496,15.112],[45.526,15.038],[45.576,14.996],[45.665,15.008],[45.665,14.906],[45.716,14.982],[45.627,14.732],[45.664,14.761],[45.692,14.728],[45.688,14.825],[45.777,14.976],[45.826,14.866],[45.79,14.799],[45.822,14.715],[45.884,14.861],[45.937,14.827],[45.97,14.88],[46.041,14.843],[46.082,14.909],[46.121,14.865],[46.127,14.909],[46.177,14.9],[46.336,14.813],[46.235,14.749],[46.352,14.762],[46.375,14.701],[46.256,14.674],[46.192,14.702],[46.218,14.632],[46.128,14.63],[46.055,14.572],[45.948,14.586],[45.972,14.524],[46.124,14.484],[46.156,14.575],[46.315,14.644],[46.343,14.611],[46.429,14.702],[46.397,14.638],[46.426,14.591],[46.477,14.603],[46.492,14.535],[46.236,14.482],[46.338,14.475],[46.365,14.427],[46.407,14.467],[46.417,14.37],[46.475,14.497],[46.474,14.372],[46.569,14.389],[46.62,14.326],[46.695,14.316],[46.724,14.397],[46.683,14.478],[46.819,14.414],[46.852,14.451],[47.035,14.259],[47.061,14.129],[47.129,14.142],[47.151,14.067],[47.305,14.09],[47.197,14.179],[47.335,14.178],[47.38,14.14],[47.422,14.205],[47.606,14.076],[47.75,14.06],[47.705,14.212],[47.466,14.413],[47.476,14.496],[47.575,14.43],[47.972,14.329],[47.966,14.552],[48.093,14.707],[48.577,14.911],[49.034,15.041],[50,15.244],[50.973,15.318],[51.215,15.297],[51.274,15.229],[51.283,15.221],[51.488,15.312],[51.662,15.33],[51.645,15.388],[51.7,15.425],[51.855,15.446],[51.89,15.509],[52.174,15.61],[52.078,15.734],[51.965,15.737],[51.957,15.804],[52.009,15.834],[52.129,15.806],[52.197,15.746],[52.149,15.971],[52.234,16.2],[52.419,16.397],[52.638,16.495],[52.539,16.538],[53.062,16.694],[53.33,16.826],[53.61,16.833],[53.707,16.988],[54.072,17.248],[54.481,17.224],[54.729,17.153],[55.133,17.295],[55.244,17.382],[55.211,17.406],[55.247,17.442],[55.227,17.488],[55.196,17.472],[55.241,17.569],[55.317,17.646],[55.343,17.662],[55.224,17.691],[55.216,17.73],[55.335,17.913],[55.441,17.964],[55.644,17.993],[55.74,18.051],[55.904,18.024],[56.306,18.064],[56.423,18.002],[56.556,18.127],[56.547,18.228],[56.63,18.454],[56.597,18.586],[56.662,18.605],[56.791,18.75],[57.048,18.883],[57.269,18.937],[57.688,18.933],[57.841,19],[57.808,19.158],[57.762,19.183],[57.77,19.395],[57.703,19.585],[57.714,19.644],[57.691,19.646],[57.679,19.651],[57.675,19.655],[57.664,19.66],[57.674,19.715],[57.817,19.982],[57.826,20.204],[57.963,20.32],[57.93,20.354],[57.954,20.401],[58.066,20.459],[58.08,20.562],[58.171,20.612],[58.249,20.6],[58.202,20.402],[58.447,20.353],[58.526,20.421],[58.593,20.64],[58.696,20.737],[58.626,20.766],[58.747,20.873],[58.861,21.071],[59.042,21.258],[59.3,21.408],[59.648,21.935],[59.673,22.069],[59.813,22.229],[59.841,22.429],[59.796,22.538],[59.538,22.568],[59.385,22.674],[59.414,22.61],[59.433,22.532],[59.387,22.461],[59.487,22.508],[59.52,22.445],[59.543,22.525],[59.609,22.523],[59.539,22.416],[59.503,22.182],[59.399,22.099],[59.391,22.034],[59.289,22.052],[59.283,21.96],[59.097,22.15],[59,22.339],[58.82,22.366],[58.673,22.467],[58.558,22.327],[58.352,22.358],[57.932,22.536],[57.315,22.439],[56.926,22.576],[56.677,22.798],[56.655,22.908],[56.713,22.942],[56.584,23.134],[56.577,23.232],[56.452,23.226],[56.378,23.274],[56.352,23.316],[56.428,23.288],[56.509,23.318],[56.299,23.408],[56.228,23.487],[56.362,23.391],[56.508,23.351],[56.577,23.37],[56.564,23.447],[56.472,23.545],[56.278,23.588],[56.255,23.674],[56.158,23.729],[56.083,23.898],[56.093,24.019],[55.956,24.154],[55.97,24.219],[56.038,24.094],[55.984,24.263],[55.907,24.321],[55.997,24.384],[56.033,24.526],[55.976,24.533],[55.892,24.855],[56.154,24.809],[55.994,24.867],[55.924,24.969],[56.011,25.286],[55.993,25.386],[55.991,25.402],[56.059,25.9],[56.057,25.902],[56.055,25.902],[56.049,25.896],[56.05,25.896],[56.048,25.893],[56.048,25.892],[56.048,25.891],[56.017,25.885],[56.016,25.886],[55.955,25.767],[55.954,25.767],[55.94,25.771],[55.894,25.744],[55.876,25.733],[55.865,25.724],[55.858,25.72],[55.855,25.719],[55.854,25.719],[55.852,25.719],[55.85,25.719],[55.848,25.719],[55.845,25.718],[55.844,25.718],[55.843,25.715],[55.841,25.715],[55.84,25.715],[55.839,25.715],[55.838,25.714],[55.836,25.714],[55.835,25.714],[55.773,25.678],[55.771,25.678],[55.679,25.615],[55.679,25.616],[55.673,25.61],[55.672,25.61],[55.672,25.609],[55.667,25.597],[55.666,25.595],[55.665,25.594],[55.663,25.593],[55.662,25.593],[55.66,25.591],[55.658,25.59],[55.656,25.59],[55.655,25.589],[55.654,25.589],[55.651,25.588],[55.65,25.588],[55.65,25.587],[55.649,25.587],[55.639,25.557],[55.637,25.554],[55.609,25.535],[55.6,25.536],[55.599,25.536],[55.597,25.536],[55.583,25.531],[55.574,25.533],[55.561,25.587],[55.467,25.396],[55.386,25.362],[55.385,25.362],[55.384,25.361],[55.384,25.36],[55.382,25.359],[55.385,25.325],[55.376,25.335],[55.384,25.374],[55.365,25.329],[55.373,25.315],[55.363,25.327],[55.293,25.267],[55.355,25.224],[55.347,25.2],[55.318,25.19],[55.345,25.224],[55.291,25.265],[55.293,25.278],[55.112,25.056],[55.072,25.002],[55,24.976],[54.878,24.903],[54.89,24.848],[54.889,24.848],[54.833,24.875],[54.793,24.852],[54.791,24.851],[54.79,24.851],[54.766,24.85],[54.765,24.847],[54.765,24.846],[54.765,24.835],[54.767,24.832],[54.773,24.832],[54.772,24.832],[54.775,24.837],[54.776,24.837],[54.773,24.83],[54.772,24.828],[54.769,24.826],[54.767,24.828],[54.769,24.826],[54.77,24.824],[54.779,24.823],[54.781,24.826],[54.787,24.829],[54.788,24.827],[54.788,24.826],[54.782,24.823],[54.782,24.822],[54.782,24.821],[54.781,24.821],[54.749,24.767],[54.751,24.785],[54.748,24.788],[54.747,24.791],[54.746,24.792],[54.747,24.796],[54.747,24.801],[54.747,24.8],[54.746,24.798],[54.746,24.797],[54.716,24.811],[54.712,24.811],[54.678,24.743],[54.677,24.743],[54.676,24.741],[54.674,24.74],[54.673,24.739],[54.672,24.739],[54.667,24.736],[54.664,24.731],[54.665,24.736],[54.666,24.736],[54.669,24.738],[54.659,24.737],[54.655,24.724],[54.657,24.728],[54.662,24.728],[54.661,24.693],[54.665,24.689],[54.664,24.684],[54.661,24.676],[54.683,24.659],[54.678,24.656],[54.674,24.654],[54.67,24.653],[54.668,24.653],[54.655,24.638],[54.654,24.638],[54.64,24.572],[54.64,24.571],[54.639,24.571],[54.639,24.569],[54.638,24.567],[54.638,24.566],[54.637,24.564],[54.619,24.548],[54.626,24.54],[54.627,24.537],[54.631,24.484],[54.607,24.515],[54.605,24.515],[54.604,24.516],[54.558,24.511],[54.551,24.513],[54.547,24.514],[54.543,24.515],[54.539,24.517],[54.53,24.52],[54.527,24.519],[54.531,24.515],[54.532,24.515],[54.543,24.508],[54.547,24.506],[54.546,24.508],[54.547,24.507],[54.552,24.505],[54.553,24.505],[54.555,24.504],[54.559,24.504],[54.566,24.502],[54.571,24.5],[54.595,24.481],[54.592,24.48],[54.591,24.48],[54.589,24.48],[54.589,24.473],[54.589,24.471],[54.592,24.471],[54.593,24.473],[54.595,24.474],[54.597,24.476],[54.592,24.457],[54.592,24.455],[54.624,24.482],[54.61,24.449],[54.563,24.436],[54.504,24.425],[54.467,24.44],[54.458,24.442],[54.459,24.442],[54.448,24.443],[54.446,24.444],[54.44,24.445],[54.397,24.486],[54.408,24.479],[54.41,24.478],[54.41,24.477],[54.411,24.476],[54.412,24.474],[54.412,24.473],[54.414,24.472],[54.413,24.473],[54.414,24.473],[54.414,24.472],[54.416,24.473],[54.422,24.478],[54.418,24.491],[54.417,24.492],[54.415,24.491],[54.414,24.489],[54.41,24.492],[54.416,24.494],[54.414,24.498],[54.413,24.502],[54.412,24.509],[54.411,24.509],[54.403,24.51],[54.401,24.505],[54.4,24.505],[54.4,24.508],[54.398,24.51],[54.397,24.509],[54.378,24.538],[54.314,24.452],[54.315,24.452],[54.315,24.453],[54.316,24.453],[54.339,24.454],[54.342,24.454],[54.354,24.44],[54.355,24.441],[54.357,24.438],[54.382,24.426],[54.384,24.425],[54.39,24.424],[54.389,24.423],[54.399,24.426],[54.414,24.418],[54.458,24.401],[54.459,24.399],[54.522,24.386],[54.467,24.381],[54.453,24.316],[54.526,24.317],[54.488,24.312],[54.488,24.304],[54.287,24.244],[54.285,24.244],[54.212,24.253],[54.209,24.252],[54.197,24.256],[54.192,24.263],[54.18,24.277],[54.177,24.281],[54.165,24.294],[54.162,24.298],[54.161,24.298],[54.153,24.305],[54.149,24.311],[54.134,24.323],[54.133,24.322],[54.13,24.321],[54.128,24.319],[54.099,24.297],[54.098,24.297],[54.09,24.296],[54.089,24.295],[54.09,24.293],[54.1,24.28],[54.101,24.28],[54.103,24.277],[54.101,24.276],[54.099,24.276],[54.099,24.275],[54.1,24.273],[54.102,24.273],[54.107,24.269],[54.107,24.268],[54.108,24.267],[54.115,24.26],[54.131,24.254],[54.137,24.252],[54.15,24.243],[54.15,24.238],[54.144,24.24],[54.142,24.24],[54.138,24.241],[54.135,24.245],[54.126,24.248],[54.124,24.25],[54.121,24.252],[54.125,24.244],[54.13,24.238],[54.129,24.238],[54.125,24.242],[54.114,24.246],[54.117,24.232],[54.124,24.229],[54.132,24.23],[54.119,24.213],[54.116,24.213],[54.072,24.235],[54.069,24.194],[54.066,24.198],[54.04,24.203],[54.041,24.202],[54.043,24.198],[54.039,24.197],[54.02,24.192],[54.016,24.19],[54.016,24.187],[54.058,24.163],[54.066,24.164],[54.078,24.173],[54.075,24.18],[54.124,24.204],[54.122,24.207],[54.175,24.188],[54.054,24.153],[54.053,24.153],[54.029,24.158],[54.058,24.131],[54.023,24.13],[53.9,24.069],[53.898,24.069],[53.822,24.054],[53.819,24.053],[53.817,24.052],[53.812,24.051],[53.809,24.05],[53.681,24.052],[53.679,24.052],[53.671,24.049],[53.666,24.048],[53.662,24.047],[53.642,24.045],[53.639,24.045],[53.626,24.043],[53.623,24.043],[53.609,24.042],[53.608,24.042],[53.606,24.043],[53.599,24.044],[53.596,24.044],[53.593,24.044],[53.592,24.044],[53.592,24.045],[53.587,24.046],[53.577,24.048],[53.574,24.05],[53.573,24.051],[53.572,24.052],[53.563,24.068],[53.561,24.069],[53.558,24.072],[53.535,24.088],[53.527,24.089],[53.526,24.09],[53.501,24.098],[53.498,24.1],[53.471,24.103],[53.469,24.104],[53.467,24.106],[53.467,24.109],[53.464,24.118],[53.456,24.122],[53.455,24.122],[53.455,24.123],[53.454,24.123],[53.451,24.124],[53.449,24.125],[53.446,24.125],[53.357,24.102],[53.356,24.102],[53.332,24.108],[53.331,24.108],[53.317,24.116],[53.321,24.112],[53.319,24.113],[53.318,24.114],[53.315,24.116],[53.314,24.116],[53.315,24.113],[53.321,24.112],[53.298,24.099],[53.296,24.099],[53.284,24.1],[53.286,24.098],[53.212,24.125],[53.22,24.109],[53.229,24.084],[53.23,24.077],[53.228,24.071],[53.225,24.069],[53.229,24.078],[53.227,24.089],[53.22,24.109],[53.21,24.126],[53.099,24.134],[53.092,24.132],[52.995,24.143],[52.998,24.144],[52.994,24.145],[52.992,24.146],[52.982,24.154],[52.98,24.155],[52.972,24.147],[52.97,24.146],[52.87,24.132],[52.748,24.139],[52.748,24.14],[52.671,24.128],[52.641,24.168],[52.592,24.206],[52.571,24.129],[52.458,24.084],[52.458,24.081],[52.213,23.965],[52.099,23.969],[52.098,23.939],[52.033,23.974],[51.971,23.985],[51.965,23.985],[51.958,23.991],[51.957,23.995],[51.956,24],[51.955,24],[51.931,23.955],[51.885,23.978],[51.832,23.986],[51.799,24.011],[51.799,24.01],[51.785,24.088],[51.785,24.091],[51.773,24.216],[51.743,24.293],[51.717,24.213],[51.69,24.241],[51.688,24.244],[51.654,24.316],[51.653,24.315],[51.645,24.205],[51.647,24.206],[51.643,24.205],[51.63,24.209],[51.631,24.211],[51.634,24.229],[51.633,24.23],[51.633,24.231],[51.633,24.232],[51.61,24.356],[51.605,24.364],[51.574,24.385],[51.598,24.263],[51.534,24.25],[51.446,24.326],[51.284,24.283],[51.254,24.322],[51.315,24.444],[51.505,24.571],[51.404,24.626],[51.346,24.556],[51.598,24.954],[51.615,25.054],[51.547,25.028],[51.614,25.079],[51.618,25.176],[51.618,25.177],[51.605,25.289],[51.524,25.304],[51.49,25.577],[51.489,25.577],[51.49,25.578],[51.507,25.606],[51.517,25.615],[51.518,25.616],[51.519,25.617],[51.52,25.618],[51.521,25.619],[51.546,25.66],[51.545,25.66],[51.536,25.664],[51.531,25.675],[51.527,25.681],[51.557,25.68],[51.556,25.68],[51.568,25.679],[51.57,25.679],[51.572,25.723],[51.549,25.737],[51.547,25.739],[51.539,25.747],[51.534,25.751],[51.534,25.752],[51.541,25.754],[51.543,25.753],[51.562,25.753],[51.567,25.765],[51.576,25.772],[51.578,25.772],[51.579,25.772],[51.584,25.773],[51.588,25.775],[51.591,25.777],[51.593,25.783],[51.593,25.784],[51.594,25.785],[51.575,25.919],[51.427,25.952],[51.375,26.027],[51.369,26.034],[51.358,26.105],[51.288,26.141],[51.281,26.142],[51.28,26.142],[51.277,26.143],[51.275,26.144],[51.273,26.146],[51.257,26.154],[51.257,26.155],[51.126,26.07],[51.123,26.071],[51,25.952],[50.987,25.772],[50.958,25.756],[50.939,25.805],[50.914,25.776],[50.909,25.645],[50.968,25.628],[50.969,25.628],[50.916,25.502],[50.867,25.542],[50.878,25.626],[50.809,25.611],[50.849,25.457],[50.799,25.526],[50.763,25.499],[50.771,25.112],[50.87,24.803],[50.777,24.723],[50.654,24.979],[50.563,25.046],[50.488,25.404],[50.387,25.479],[50.405,25.411],[50.156,25.694],[50.136,25.723],[50.13,25.73],[50.263,25.646],[50.13,25.822],[50.12,25.97],[50.009,25.983],[50.011,26.075],[49.989,26.125],[50.044,26.202],[50.154,26.035],[50.165,26.193],[50.2,26.164],[50.223,26.212],[50.23,26.347],[50.042,26.501],[50.018,26.562],[50.082,26.542],[50.064,26.593],[50.063,26.593],[50.062,26.593],[50.061,26.592],[49.999,26.588],[50.014,26.644],[50.015,26.646],[50.015,26.65],[49.994,26.656],[49.994,26.657],[49.991,26.659],[49.99,26.662],[50.005,26.751],[50.037,26.684],[50.132,26.652],[49.947,26.847],[49.682,26.966],[49.683,27.025],[49.582,27.091],[49.58,27.18],[49.504,27.171],[49.519,27.114],[49.461,27.121],[49.496,27.067],[49.362,27.121],[49.345,27.055],[49.273,27.081],[49.338,27.146],[49.247,27.221],[49.321,27.268],[49.319,27.271],[49.288,27.339],[49.217,27.308],[49.238,27.355],[49.234,27.357],[49.236,27.356],[49.233,27.358],[49.232,27.359],[49.232,27.36],[49.231,27.363],[49.169,27.4],[49.123,27.436],[49.224,27.446],[49.225,27.446],[49.225,27.445],[49.226,27.445],[49.227,27.444],[49.301,27.462],[49.239,27.523],[49.056,27.564],[49.039,27.565],[48.973,27.621],[48.911,27.564],[48.903,27.612],[48.861,27.605],[48.848,27.607],[48.849,27.607],[48.848,27.628],[48.85,27.628],[48.859,27.627],[48.86,27.626],[48.869,27.615],[48.871,27.614],[48.856,27.633],[48.851,27.642],[48.862,27.652],[48.87,27.652],[48.847,27.661],[48.847,27.664],[48.821,27.738],[48.78,27.713],[48.806,27.828],[48.879,27.795],[48.882,27.84],[48.742,27.959],[48.789,27.997],[48.623,28.073],[48.629,28.204],[48.519,28.327],[48.547,28.407],[48.497,28.497],[48.401,28.579],[48.393,28.738],[48.294,28.785],[48.29,28.882],[48.168,28.996],[48.098,29.349],[47.996,29.39],[47.821,29.321],[47.838,29.38],[47.697,29.363],[47.733,29.411],[47.797,29.468],[47.799,29.47],[48,29.623],[48.187,29.55],[48.105,29.728],[48.203,29.593],[48.356,29.711],[48.348,29.78],[48.159,29.991],[48.114,29.971],[48.199,29.916],[48.146,29.869],[48.088,29.885],[48.111,29.831],[48.046,29.789],[48.104,29.73],[48.063,29.755],[48.013,29.838],[48.008,29.973],[47.944,30.012],[47.937,30.1],[47.861,30.114],[47.615,30.378],[47.703,30.54],[47.597,30.69],[47.244,30.847],[46.52,30.795],[46.391,30.829],[46.268,30.959],[46.307,31.045],[46.765,31.145],[47.076,31.376],[46.71,31.691],[46.185,31.977],[45.898,32.009],[45.869,32.054],[45.833,31.911],[45.759,31.852],[45.652,32.137],[45.669,32.239],[45.564,32.343],[45.532,32.455],[45.426,32.477],[45.191,32.658],[45.108,32.948],[45.134,33.077],[45.234,33.133],[45.354,32.825],[45.392,32.871],[45.517,32.612],[46.058,32.741],[46.061,32.785],[45.7,33.179],[45.571,33.436],[44.409,33.779],[44.193,33.775],[43.682,33.655],[43.157,33.365],[42.975,33.386],[42.775,33.27],[42.728,33.288],[42.224,32.976],[42.213,32.916],[41.793,32.753],[40.683,32.662],[39.04,32.254],[38.224,32.309],[37.816,32.072],[37.61,32.078],[37.471,32.14],[37.229,32.344],[37.08,32.162],[36.801,32.095],[36.699,31.991],[36.684,31.772],[36.759,31.406],[36.719,31.252],[36.627,31.137],[36.51,31.082],[36.349,31.082],[36.242,31.239],[36.112,31.257],[35.974,30.754],[35.825,30.539],[35.745,30.097],[35.656,29.947],[35.672,29.717],[35.718,29.603],[35.691,29.532],[35.769,29.443],[35.683,29.474],[35.87,29.081],[35.825,29.07],[35.839,29.017],[35.762,29.001],[35.897,29.001],[35.95,28.909],[35.93,28.82],[35.986,28.69],[35.945,28.663],[35.999,28.531],[36.051,28.533],[36.079,28.458],[36.125,28.484],[36.132,28.427],[36.176,28.427],[36.088,28.376],[36.18,28.335],[36.133,28.334],[36.177,28.263],[36.059,28.311],[36.13,28.203],[36.168,28.222],[36.156,28.175],[36.197,28.196],[36.226,28.161],[36.231,28.005],[36.276,28.004],[36.326,28.092],[36.321,28.032],[36.397,28.068],[36.387,27.969],[36.47,28.06],[36.499,27.994],[36.417,27.91],[36.468,27.867],[36.57,28.028],[36.595,27.981],[36.468,27.823],[36.566,27.652],[36.707,27.66],[36.743,27.737],[36.772,27.615],[36.866,27.692],[36.94,27.556],[37.015,27.543],[37.075,27.592],[37.097,27.529],[37.153,27.574],[37.117,27.505],[37.3,27.63],[37.326,27.597],[37.28,27.534],[37.345,27.58],[37.336,27.511],[37.421,27.516],[37.42,27.431],[37.533,27.326],[37.65,27.36],[37.621,27.16],[37.736,26.908],[37.703,26.889],[37.762,26.874],[37.662,26.874],[37.745,26.83],[37.682,26.792],[37.753,26.779],[37.701,26.749],[37.761,26.751],[37.746,26.648],[37.837,26.617],[37.821,26.542],[37.89,26.46],[38.045,26.636],[38.042,26.575],[38.062,26.597],[38.111,26.539],[38.216,26.591],[38.287,26.537],[38.223,26.503],[38.338,26.516],[38.278,26.458],[38.354,26.358],[38.505,26.429],[38.547,26.256],[38.598,26.297],[38.623,26.263],[38.761,26.29],[38.89,26.247],[38.951,26.318],[39.202,26.366],[39.384,26.212],[39.319,26.362],[39.463,26.29],[39.634,26.276],[39.631,26.211],[39.771,26.036],[39.944,26.051],[40.039,26.083],[40.047,26.156],[40.089,26.163],[39.792,26.322],[39.73,26.619],[39.753,26.582],[39.772,26.643],[39.883,26.705],[40.271,26.852],[40.284,26.932],[40.414,26.87],[40.536,26.893],[40.556,26.926],[40.503,26.972],[40.566,27.008],[40.51,27.054],[40.569,27.075],[40.597,27.03],[40.669,27.028],[40.753,27.104],[40.911,27.037],[40.881,27],[40.948,26.92],[40.777,26.916],[40.674,26.819],[40.525,26.823],[40.387,26.765],[40.398,26.663],[40.483,26.583],[40.476,26.503],[40.607,26.433],[40.482,26.405],[40.68,26.384],[40.472,26.321],[40.465,26.195],[40.312,26.176],[40.552,26.03],[40.492,25.989],[40.416,26.029],[40.465,25.948],[40.574,25.984],[40.883,25.965],[40.758,25.793],[40.501,25.598],[40.496,25.516],[40.423,25.561],[40.454,25.378],[40.546,25.221],[40.501,25.206],[40.459,25.265],[40.478,25.194],[40.653,24.991],[40.717,24.835],[40.592,24.942],[40.611,24.862],[40.565,24.864],[40.501,24.97],[40.217,25.082],[40.461,24.843],[40.558,24.804],[40.603,24.741],[40.566,24.66],[40.466,24.799],[40.418,24.785],[40.289,24.857],[40.264,24.818],[40.315,24.777],[40.196,24.732],[40.189,24.64],[40.138,24.764],[40.173,24.866],[39.908,24.96],[39.97,24.864],[39.794,24.694],[39.89,24.64],[39.844,24.621],[39.884,24.612],[39.896,24.521],[39.977,24.557],[39.978,24.487],[40.079,24.496],[40.223,24.604],[40.355,24.543],[40.455,24.61],[40.562,24.601],[40.542,24.544],[40.593,24.45],[40.323,24.32],[40.367,24.501],[40.227,24.314],[40.184,24.316],[40.173,24.37],[40.119,24.355],[40.124,24.399],[40.043,24.381],[40.06,24.435],[39.99,24.429],[40.02,24.314],[40.081,24.294],[40.042,24.146],[40.1,24.139],[40.068,24.1],[40.113,24.103],[40.132,23.982],[40.139,24.056],[40.189,24.039],[40.285,24.09],[40.429,23.961],[40.451,23.893],[40.365,23.826],[40.382,23.794],[40.453,23.828],[40.412,23.77],[40.533,23.715],[40.48,23.842],[40.511,23.893],[40.599,23.884],[40.726,23.773],[40.781,23.79],[40.853,23.729],[40.871,23.646],[41.061,23.581],[41.099,23.519],[41.113,23.566],[41.154,23.524],[41.329,23.611],[41.347,23.49],[41.409,23.499],[41.347,23.682],[41.404,23.748],[41.467,23.707],[41.47,23.517],[41.6,23.38],[41.667,23.37],[41.638,23.322],[41.728,23.348],[41.741,23.283],[41.819,23.274],[41.88,23.11],[41.753,22.999],[41.786,22.849],[41.75,22.826],[41.794,22.74],[41.728,22.745],[41.708,22.613],[41.647,22.568],[41.582,22.649],[41.501,22.607],[41.418,22.425],[41.527,22.344],[41.396,22.259],[41.287,22.353],[41.289,22.455],[41.1,22.47],[41.027,22.558],[41.059,22.787],[41.212,22.811],[41.167,22.891],[41.235,22.962],[41.136,23.036],[41.22,23.111],[41.155,23.216],[40.848,23.179],[40.888,23.384],[40.578,23.359],[40.704,23.493],[40.443,23.455],[40.349,23.49],[40.274,23.444],[40.348,23.367],[40.302,23.296],[40.367,23.296],[40.389,23.243],[40.494,23.278],[40.559,23.231],[40.456,23.186],[40.473,23.123],[40.52,23.095],[40.617,23.128],[40.777,23.016],[40.686,22.853],[40.717,22.82],[40.802,22.87],[40.779,22.635],[40.73,22.632],[40.726,22.584],[40.646,22.599],[40.623,22.555],[40.641,22.5],[40.738,22.554],[40.838,22.473],[40.745,22.375],[40.795,22.181],[40.709,22.046],[40.911,21.638],[40.986,21.625],[41.044,21.671],[41.015,21.598],[41.112,21.479],[41.362,21.374],[41.403,21.474],[41.361,21.628],[41.397,21.713],[41.337,21.731],[41.347,21.8],[41.298,21.812],[41.596,21.982],[41.54,22.157],[41.617,22.357],[41.665,22.356],[41.634,22.264],[41.671,22.109],[41.793,22.008],[41.846,21.841],[41.792,21.59],[41.729,21.517],[41.741,21.342],[41.647,21.244],[41.695,21.266],[41.76,21.213],[41.674,21.006],[41.683,20.902],[41.693,21.036],[41.771,21.182],[41.796,21.145],[41.914,21.248],[41.993,21.616],[42.027,21.623],[41.993,21.546],[42.153,21.541],[42.112,21.687],[42.19,21.805],[42.25,21.765],[42.215,21.837],[42.268,21.823],[42.286,21.945],[42.234,22.094],[42.16,22.068],[42.249,22.175],[42.329,22.18],[42.345,22.042],[42.533,21.891],[42.582,21.738],[42.674,21.727],[42.579,21.667],[42.578,21.593],[42.669,21.624],[42.64,21.576],[42.691,21.567],[42.563,21.504],[42.642,21.488],[42.591,21.463],[42.73,21.484],[42.691,21.442],[42.736,21.437],[42.871,21.502],[42.731,21.37],[42.792,21.199],[42.932,21.037],[42.901,20.967],[42.795,20.928],[42.736,21.017],[42.75,21.064],[42.665,21],[42.585,21.028],[42.5,20.883],[42.513,20.782],[42.613,20.739],[42.679,20.581],[42.442,20.45],[42.608,20.34],[42.612,20.189],[42.544,20.117],[42.437,20.215],[42.226,20.243],[42.17,20.555],[41.982,20.477],[41.986,20.143],[42.012,20.182],[42.082,20.103],[42.118,20.165],[42.195,20.074],[42.187,20.122],[42.316,20.03],[42.37,19.944],[42.45,19.924],[42.49,20.03],[42.575,20.04],[42.551,19.989],[42.602,19.773],[42.614,19.714],[42.654,19.726],[42.773,19.585],[42.689,19.93],[42.765,19.881],[42.822,20.089],[42.778,20.092],[42.792,20.163],[42.853,20.178],[42.902,20.142],[42.845,19.691],[42.938,19.734],[42.973,19.81],[43.072,19.703],[43.182,19.658],[43.056,19.503],[43.103,19.332],[43.189,19.408],[43.265,19.601],[43.291,19.743],[43.234,19.726],[43.248,19.866],[43.28,19.928],[43.35,19.919],[43.403,20.006],[43.461,19.996],[43.506,19.895],[43.563,19.921],[43.646,19.84],[43.674,19.774],[43.585,19.666],[43.588,19.604],[43.681,19.698],[43.738,19.543],[43.846,19.556],[43.775,19.716],[43.85,19.754],[43.905,19.517],[43.948,19.531],[44.01,19.716],[44.043,19.754],[44.074,19.734],[44.144,19.942],[44.195,19.953]],[[42.892,20.868],[42.945,20.832],[42.952,20.568],[42.893,20.582],[42.827,20.825],[42.892,20.868]],[[55.705,24.054],[55.754,24.155],[55.826,24.083],[55.814,23.95],[55.763,23.95],[55.694,24.048],[55.705,24.054]],[[41.5,27.665],[41.659,27.672],[41.635,27.497],[41.341,27.267],[41.513,27.264],[41.64,27.205],[41.737,27.238],[41.71,27.133],[41.806,27.142],[41.765,27.216],[41.796,27.234],[41.741,27.27],[41.838,27.43],[41.871,27.418],[41.877,27.527],[41.957,27.456],[42.021,27.483],[42.093,27.432],[42.06,27.372],[42.097,27.266],[42.058,27.222],[41.984,27.272],[41.998,27.349],[41.956,27.261],[41.853,27.329],[41.831,27.241],[41.899,27.206],[41.874,27.132],[41.98,26.987],[41.848,26.743],[41.815,26.786],[41.69,26.666],[41.616,26.66],[41.39,26.704],[41.34,26.822],[41.519,26.875],[41.659,27.078],[41.601,27.139],[41.449,26.959],[41.237,27.005],[41.287,27.065],[41.327,27.046],[41.456,27.222],[41.246,27.158],[41.282,27.071],[41.212,27.05],[41.105,26.956],[41.122,26.902],[40.983,26.819],[41.071,26.952],[40.974,26.912],[40.979,27.072],[40.889,27.071],[40.788,27.162],[40.582,27.19],[40.712,27.227],[40.879,27.146],[41.088,27.142],[41.309,27.355],[41.328,27.387],[41.267,27.381],[41.28,27.422],[41.333,27.432],[41.407,27.481],[41.407,27.56],[41.5,27.665]],[[58.632,23.558],[58.6,23.579],[58.599,23.581],[58.632,23.558]],[[52,24.169],[51.994,24.208],[52.001,24.167],[52,24.169]],[[53.394,24.24],[53.394,24.239],[53.394,24.238],[53.393,24.24],[53.394,24.24]],[[40.807,27.371],[40.831,27.461],[41.129,27.529],[41.045,27.468],[40.807,27.371]],[[44.921,17.026],[44.932,17.092],[44.979,17.037],[44.921,17.026]],[[44.401,32.515],[44.213,32.665],[44.215,32.722],[44.307,32.749],[44.42,32.655],[44.48,32.493],[44.401,32.515]],[[45.379,31.594],[45.264,31.715],[45.31,31.862],[45.461,31.799],[45.544,31.59],[45.467,31.534],[45.379,31.594]],[[45.545,31.089],[45.636,31.131],[45.761,31.071],[45.685,30.857],[45.611,30.85],[45.567,30.923],[45.545,31.089]],[[50.973,25.63],[50.973,25.629],[50.972,25.629],[50.972,25.63],[50.972,25.631],[50.973,25.631],[50.973,25.63]],[[50.974,25.632],[50.974,25.631],[50.974,25.632],[50.973,25.632],[50.973,25.633],[50.972,25.633],[50.971,25.633],[50.975,25.635],[50.974,25.634],[50.975,25.634],[50.976,25.635],[50.976,25.636],[50.98,25.635],[50.98,25.634],[50.978,25.634],[50.974,25.632]],[[46.638,14.455],[46.656,14.379],[46.599,14.409],[46.638,14.455]],[[46.538,14.542],[46.607,14.487],[46.586,14.422],[46.51,14.471],[46.538,14.542]],[[46.708,14.607],[46.728,14.531],[46.64,14.595],[46.708,14.607]],[[40.9,26.841],[41.02,26.716],[40.868,26.754],[40.925,26.662],[40.881,26.64],[40.95,26.582],[40.793,26.434],[40.777,26.579],[40.87,26.639],[40.732,26.637],[40.701,26.682],[40.9,26.841]],[[41.165,26.919],[41.148,26.964],[41.231,26.969],[41.165,26.919]],[[42.277,27.281],[42.485,27.202],[42.449,27.15],[42.481,27.055],[42.236,26.957],[42.254,27.079],[42.185,27.098],[42.02,26.89],[41.99,26.994],[42.277,27.281]],[[41.59,22.626],[41.603,22.57],[41.54,22.57],[41.59,22.626]],[[41.39,23.976],[41.39,23.834],[41.331,23.764],[41.363,24.082],[41.413,24.058],[41.39,23.976]],[[41.086,24.115],[41.109,24.024],[41.034,23.961],[41.097,23.906],[41.05,23.853],[40.88,23.778],[40.711,23.874],[40.851,23.879],[40.976,24.08],[41.086,24.115]],[[40.004,24.725],[40.081,24.747],[40.11,24.699],[39.937,24.614],[39.954,24.796],[40.095,24.854],[40.004,24.725]]],[[[59.235,22.844],[59.197,22.936],[59.057,23.058],[59.235,22.844]]],[[[58.978,23.178],[58.902,23.286],[58.798,23.271],[58.884,23.257],[58.863,23.2],[58.903,23.156],[58.978,23.178]]],[[[58.847,23.361],[58.775,23.439],[58.745,23.42],[58.847,23.361]]],[[[58.632,23.523],[58.622,23.515],[58.604,23.527],[58.616,23.512],[58.592,23.517],[58.663,23.497],[58.672,23.45],[58.672,23.535],[58.723,23.477],[58.763,23.492],[58.641,23.555],[58.614,23.533],[58.652,23.517],[58.667,23.503],[58.632,23.523]]],[[[52.442,24.122],[52.441,24.122],[52.441,24.123],[52.44,24.123],[52.433,24.107],[52.442,24.122]]],[[[53.952,24.203],[53.952,24.202],[53.953,24.202],[53.951,24.204],[53.951,24.203],[53.952,24.203]]],[[[53.543,24.188],[53.533,24.198],[53.532,24.198],[53.532,24.199],[53.533,24.196],[53.533,24.192],[53.534,24.192],[53.537,24.189],[53.542,24.188],[53.543,24.188]],[[53.533,24.196],[53.533,24.197],[53.533,24.196],[53.534,24.196],[53.534,24.194],[53.533,24.196]]],[[[53.804,24.218],[53.803,24.217],[53.803,24.216],[53.804,24.216],[53.805,24.218],[53.804,24.218]]],[[[53.702,24.217],[53.703,24.218],[53.702,24.218],[53.702,24.217]]],[[[53.43,24.193],[53.429,24.194],[53.426,24.195],[53.425,24.195],[53.424,24.195],[53.423,24.195],[53.424,24.198],[53.423,24.198],[53.423,24.199],[53.421,24.203],[53.424,24.204],[53.424,24.207],[53.423,24.211],[53.423,24.212],[53.422,24.214],[53.42,24.217],[53.418,24.218],[53.417,24.218],[53.414,24.219],[53.402,24.218],[53.384,24.205],[53.384,24.204],[53.413,24.196],[53.416,24.196],[53.42,24.195],[53.421,24.195],[53.43,24.193]]],[[[53.811,24.229],[53.814,24.234],[53.813,24.235],[53.813,24.236],[53.812,24.234],[53.812,24.232],[53.811,24.229]]],[[[53.813,24.238],[53.816,24.241],[53.815,24.241],[53.815,24.24],[53.814,24.239],[53.813,24.238]]],[[[53.91,24.122],[53.909,24.123],[53.91,24.124],[53.909,24.124],[53.909,24.125],[53.91,24.125],[53.901,24.139],[53.9,24.14],[53.899,24.141],[53.898,24.142],[53.897,24.143],[53.897,24.144],[53.896,24.145],[53.895,24.145],[53.895,24.146],[53.897,24.148],[53.902,24.148],[53.903,24.148],[53.904,24.147],[53.905,24.147],[53.905,24.146],[53.906,24.145],[53.907,24.144],[53.908,24.143],[53.909,24.143],[53.909,24.142],[53.91,24.142],[53.91,24.141],[53.91,24.142],[53.914,24.139],[53.915,24.138],[53.916,24.138],[53.916,24.137],[53.917,24.137],[53.918,24.137],[53.922,24.134],[53.926,24.131],[53.927,24.131],[53.927,24.13],[53.929,24.13],[53.93,24.13],[53.961,24.157],[53.96,24.158],[53.961,24.159],[53.96,24.161],[53.959,24.163],[53.958,24.163],[53.958,24.162],[53.947,24.155],[53.948,24.155],[53.948,24.156],[53.949,24.156],[53.949,24.157],[53.95,24.157],[53.96,24.167],[53.961,24.167],[53.962,24.169],[53.963,24.169],[53.97,24.182],[53.968,24.184],[53.967,24.184],[53.958,24.196],[53.958,24.197],[53.957,24.198],[53.955,24.199],[53.955,24.2],[53.954,24.201],[53.953,24.201],[53.952,24.202],[53.951,24.202],[53.95,24.203],[53.951,24.204],[53.941,24.209],[53.94,24.209],[53.919,24.21],[53.909,24.211],[53.908,24.211],[53.906,24.212],[53.905,24.212],[53.904,24.212],[53.903,24.213],[53.86,24.245],[53.86,24.246],[53.859,24.247],[53.858,24.248],[53.857,24.248],[53.857,24.247],[53.856,24.248],[53.857,24.248],[53.857,24.249],[53.867,24.265],[53.868,24.265],[53.868,24.266],[53.869,24.265],[53.87,24.264],[53.87,24.263],[53.87,24.262],[53.87,24.261],[53.871,24.261],[53.871,24.26],[53.873,24.258],[53.873,24.261],[53.873,24.263],[53.874,24.264],[53.875,24.264],[53.872,24.264],[53.871,24.264],[53.87,24.265],[53.869,24.266],[53.869,24.267],[53.869,24.268],[53.868,24.268],[53.867,24.268],[53.866,24.269],[53.865,24.27],[53.864,24.271],[53.856,24.273],[53.855,24.273],[53.854,24.273],[53.853,24.273],[53.851,24.273],[53.85,24.273],[53.849,24.273],[53.848,24.273],[53.837,24.257],[53.837,24.256],[53.836,24.256],[53.835,24.256],[53.834,24.255],[53.834,24.254],[53.834,24.253],[53.833,24.252],[53.828,24.248],[53.825,24.244],[53.826,24.242],[53.826,24.241],[53.826,24.24],[53.827,24.239],[53.827,24.238],[53.828,24.238],[53.828,24.235],[53.828,24.234],[53.828,24.233],[53.828,24.23],[53.827,24.23],[53.826,24.23],[53.826,24.229],[53.826,24.228],[53.826,24.227],[53.825,24.227],[53.824,24.228],[53.823,24.227],[53.823,24.226],[53.822,24.226],[53.82,24.226],[53.82,24.224],[53.82,24.223],[53.819,24.223],[53.819,24.222],[53.818,24.221],[53.816,24.22],[53.816,24.219],[53.815,24.219],[53.815,24.218],[53.814,24.218],[53.813,24.218],[53.813,24.217],[53.812,24.217],[53.811,24.217],[53.81,24.217],[53.81,24.216],[53.809,24.216],[53.808,24.217],[53.809,24.214],[53.808,24.213],[53.806,24.212],[53.807,24.212],[53.807,24.211],[53.807,24.21],[53.806,24.21],[53.806,24.211],[53.806,24.21],[53.807,24.2],[53.806,24.201],[53.804,24.203],[53.804,24.202],[53.805,24.202],[53.805,24.201],[53.806,24.2],[53.807,24.199],[53.807,24.198],[53.808,24.198],[53.815,24.189],[53.816,24.188],[53.816,24.187],[53.815,24.187],[53.815,24.186],[53.814,24.187],[53.811,24.189],[53.807,24.192],[53.807,24.193],[53.806,24.195],[53.798,24.217],[53.799,24.217],[53.799,24.219],[53.802,24.219],[53.802,24.22],[53.802,24.221],[53.802,24.222],[53.804,24.222],[53.804,24.223],[53.805,24.224],[53.806,24.226],[53.807,24.227],[53.807,24.228],[53.807,24.227],[53.808,24.227],[53.808,24.226],[53.808,24.227],[53.809,24.227],[53.81,24.228],[53.811,24.23],[53.752,24.238],[53.722,24.228],[53.71,24.221],[53.704,24.218],[53.704,24.217],[53.704,24.216],[53.705,24.215],[53.706,24.215],[53.707,24.214],[53.708,24.214],[53.709,24.214],[53.709,24.213],[53.711,24.213],[53.711,24.212],[53.713,24.211],[53.712,24.211],[53.711,24.211],[53.706,24.213],[53.705,24.213],[53.705,24.214],[53.693,24.208],[53.687,24.205],[53.668,24.191],[53.642,24.184],[53.64,24.183],[53.633,24.179],[53.624,24.171],[53.624,24.169],[53.623,24.168],[53.623,24.167],[53.623,24.166],[53.624,24.166],[53.625,24.165],[53.626,24.165],[53.633,24.157],[53.634,24.156],[53.636,24.153],[53.637,24.153],[53.637,24.152],[53.638,24.151],[53.639,24.151],[53.641,24.149],[53.642,24.148],[53.643,24.147],[53.644,24.147],[53.656,24.153],[53.661,24.152],[53.662,24.152],[53.663,24.152],[53.664,24.152],[53.668,24.154],[53.669,24.154],[53.669,24.155],[53.687,24.156],[53.687,24.155],[53.688,24.155],[53.688,24.154],[53.778,24.119],[53.831,24.151],[53.854,24.154],[53.854,24.153],[53.853,24.152],[53.857,24.15],[53.858,24.151],[53.873,24.143],[53.874,24.143],[53.875,24.143],[53.876,24.143],[53.878,24.143],[53.888,24.138],[53.889,24.138],[53.89,24.138],[53.891,24.138],[53.892,24.138],[53.893,24.138],[53.896,24.137],[53.898,24.137],[53.899,24.137],[53.899,24.136],[53.9,24.136],[53.901,24.136],[53.902,24.135],[53.909,24.124],[53.909,24.122],[53.908,24.122],[53.908,24.121],[53.91,24.122]],[[53.908,24.145],[53.908,24.144],[53.907,24.145],[53.908,24.145]],[[53.776,24.185],[53.775,24.186],[53.774,24.188],[53.776,24.189],[53.777,24.188],[53.778,24.188],[53.779,24.188],[53.778,24.188],[53.778,24.187],[53.778,24.186],[53.777,24.186],[53.777,24.185],[53.777,24.186],[53.776,24.186],[53.776,24.185]],[[53.775,24.197],[53.776,24.197],[53.775,24.196],[53.775,24.197]]],[[[53.817,24.264],[53.817,24.265],[53.82,24.265],[53.818,24.272],[53.837,24.282],[53.838,24.282],[53.839,24.282],[53.84,24.282],[53.841,24.282],[53.841,24.283],[53.842,24.283],[53.845,24.283],[53.846,24.283],[53.847,24.283],[53.849,24.284],[53.852,24.285],[53.853,24.285],[53.854,24.285],[53.855,24.285],[53.856,24.285],[53.857,24.286],[53.858,24.286],[53.859,24.286],[53.862,24.287],[53.863,24.287],[53.858,24.288],[53.854,24.288],[53.842,24.284],[53.841,24.284],[53.823,24.28],[53.821,24.28],[53.814,24.281],[53.813,24.268],[53.815,24.264],[53.817,24.264]],[[53.815,24.266],[53.814,24.268],[53.815,24.267],[53.815,24.266]],[[53.818,24.266],[53.818,24.268],[53.817,24.269],[53.817,24.27],[53.817,24.271],[53.817,24.272],[53.818,24.271],[53.818,24.27],[53.818,24.269],[53.819,24.268],[53.818,24.265],[53.818,24.266]],[[53.817,24.272],[53.817,24.273],[53.818,24.272],[53.817,24.272]]],[[[52.876,24.303],[52.875,24.305],[52.875,24.303],[52.876,24.303]]],[[[53.327,24.266],[53.328,24.266],[53.328,24.265],[53.331,24.263],[53.329,24.288],[53.329,24.289],[53.33,24.29],[53.33,24.291],[53.33,24.292],[53.33,24.293],[53.331,24.293],[53.332,24.296],[53.331,24.297],[53.335,24.301],[53.335,24.302],[53.335,24.303],[53.336,24.307],[53.336,24.308],[53.337,24.308],[53.337,24.309],[53.338,24.309],[53.338,24.308],[53.338,24.307],[53.339,24.307],[53.339,24.308],[53.342,24.305],[53.343,24.305],[53.343,24.306],[53.342,24.31],[53.34,24.313],[53.339,24.314],[53.338,24.314],[53.337,24.314],[53.331,24.314],[53.33,24.314],[53.33,24.313],[53.329,24.313],[53.266,24.303],[53.266,24.304],[53.265,24.303],[53.263,24.301],[53.261,24.302],[53.26,24.302],[53.26,24.301],[53.258,24.301],[53.259,24.302],[53.258,24.302],[53.258,24.301],[53.257,24.301],[53.249,24.297],[53.249,24.296],[53.249,24.295],[53.248,24.295],[53.246,24.294],[53.245,24.294],[53.245,24.295],[53.244,24.294],[53.244,24.295],[53.243,24.295],[53.242,24.294],[53.24,24.294],[53.24,24.293],[53.235,24.293],[53.234,24.293],[53.233,24.294],[53.232,24.295],[53.231,24.295],[53.23,24.295],[53.227,24.297],[53.226,24.295],[53.225,24.294],[53.225,24.291],[53.227,24.29],[53.228,24.29],[53.229,24.288],[53.229,24.29],[53.23,24.29],[53.23,24.289],[53.232,24.283],[53.229,24.283],[53.231,24.282],[53.232,24.282],[53.233,24.282],[53.234,24.281],[53.235,24.281],[53.235,24.28],[53.263,24.268],[53.264,24.268],[53.264,24.269],[53.263,24.269],[53.263,24.27],[53.264,24.27],[53.264,24.271],[53.264,24.272],[53.265,24.272],[53.265,24.273],[53.266,24.273],[53.266,24.274],[53.267,24.274],[53.267,24.275],[53.267,24.276],[53.268,24.276],[53.269,24.277],[53.269,24.276],[53.27,24.276],[53.283,24.291],[53.284,24.291],[53.285,24.29],[53.285,24.291],[53.286,24.29],[53.287,24.29],[53.296,24.284],[53.296,24.285],[53.304,24.287],[53.305,24.287],[53.305,24.288],[53.306,24.288],[53.307,24.288],[53.307,24.289],[53.306,24.29],[53.306,24.291],[53.306,24.292],[53.306,24.293],[53.305,24.294],[53.306,24.293],[53.307,24.293],[53.307,24.292],[53.307,24.291],[53.307,24.29],[53.311,24.29],[53.311,24.294],[53.317,24.285],[53.318,24.284],[53.318,24.283],[53.317,24.282],[53.316,24.282],[53.316,24.281],[53.316,24.28],[53.317,24.28],[53.317,24.279],[53.316,24.279],[53.316,24.278],[53.317,24.277],[53.318,24.276],[53.321,24.269],[53.322,24.269],[53.323,24.268],[53.325,24.266],[53.324,24.268],[53.323,24.269],[53.324,24.269],[53.324,24.27],[53.325,24.269],[53.326,24.269],[53.326,24.268],[53.327,24.268],[53.327,24.267],[53.327,24.266]]],[[[53.199,24.286],[53.211,24.288],[53.213,24.29],[53.214,24.29],[53.213,24.291],[53.212,24.293],[53.212,24.294],[53.213,24.294],[53.213,24.295],[53.214,24.295],[53.214,24.298],[53.212,24.298],[53.209,24.299],[53.208,24.299],[53.205,24.301],[53.203,24.303],[53.203,24.305],[53.203,24.306],[53.202,24.307],[53.201,24.308],[53.201,24.309],[53.199,24.31],[53.199,24.311],[53.198,24.311],[53.197,24.312],[53.196,24.312],[53.195,24.312],[53.194,24.313],[53.193,24.312],[53.191,24.311],[53.19,24.31],[53.19,24.309],[53.189,24.309],[53.189,24.308],[53.187,24.307],[53.186,24.306],[53.186,24.305],[53.186,24.304],[53.186,24.302],[53.187,24.302],[53.187,24.301],[53.187,24.3],[53.188,24.3],[53.188,24.299],[53.189,24.299],[53.19,24.299],[53.19,24.3],[53.19,24.299],[53.191,24.299],[53.191,24.298],[53.191,24.297],[53.19,24.297],[53.19,24.296],[53.19,24.294],[53.191,24.294],[53.191,24.293],[53.191,24.292],[53.192,24.292],[53.193,24.291],[53.194,24.291],[53.194,24.29],[53.195,24.291],[53.196,24.29],[53.197,24.288],[53.197,24.287],[53.198,24.286],[53.199,24.286]]],[[[53.093,24.318],[53.094,24.318],[53.095,24.319],[53.096,24.319],[53.096,24.318],[53.097,24.325],[53.097,24.326],[53.096,24.326],[53.097,24.327],[53.097,24.328],[53.097,24.329],[53.095,24.334],[53.095,24.335],[53.093,24.34],[53.093,24.341],[53.092,24.341],[53.092,24.342],[53.077,24.334],[53.093,24.318]]],[[[52.598,24.258],[52.64,24.302],[52.645,24.314],[52.645,24.315],[52.644,24.322],[52.644,24.323],[52.645,24.323],[52.644,24.324],[52.645,24.325],[52.644,24.325],[52.645,24.325],[52.645,24.326],[52.645,24.327],[52.646,24.327],[52.647,24.327],[52.647,24.331],[52.647,24.33],[52.647,24.329],[52.647,24.328],[52.646,24.327],[52.645,24.327],[52.645,24.328],[52.645,24.329],[52.646,24.331],[52.646,24.332],[52.646,24.333],[52.622,24.372],[52.565,24.355],[52.553,24.303],[52.583,24.277],[52.58,24.28],[52.58,24.281],[52.579,24.281],[52.579,24.283],[52.578,24.283],[52.578,24.284],[52.579,24.283],[52.58,24.283],[52.58,24.282],[52.581,24.281],[52.583,24.28],[52.583,24.279],[52.586,24.277],[52.592,24.273],[52.592,24.272],[52.597,24.265],[52.597,24.264],[52.593,24.25],[52.607,24.265],[52.598,24.258]]],[[[54.306,24.319],[54.341,24.348],[54.342,24.349],[54.345,24.35],[54.346,24.351],[54.347,24.352],[54.348,24.352],[54.337,24.366],[54.31,24.395],[54.292,24.379],[54.291,24.379],[54.29,24.379],[54.291,24.379],[54.292,24.379],[54.292,24.378],[54.293,24.378],[54.292,24.378],[54.293,24.379],[54.294,24.379],[54.294,24.378],[54.294,24.377],[54.295,24.369],[54.296,24.369],[54.296,24.368],[54.295,24.364],[54.294,24.364],[54.291,24.363],[54.291,24.362],[54.292,24.362],[54.292,24.361],[54.292,24.36],[54.291,24.36],[54.291,24.361],[54.29,24.361],[54.289,24.361],[54.289,24.36],[54.289,24.361],[54.289,24.362],[54.288,24.363],[54.288,24.365],[54.287,24.365],[54.287,24.366],[54.288,24.366],[54.288,24.367],[54.287,24.368],[54.287,24.369],[54.287,24.37],[54.286,24.371],[54.285,24.372],[54.283,24.372],[54.283,24.373],[54.274,24.375],[54.281,24.365],[54.281,24.366],[54.282,24.366],[54.283,24.365],[54.283,24.364],[54.298,24.335],[54.299,24.335],[54.3,24.334],[54.3,24.333],[54.301,24.331],[54.302,24.33],[54.302,24.329],[54.303,24.329],[54.303,24.328],[54.302,24.327],[54.302,24.326],[54.303,24.326],[54.302,24.325],[54.303,24.325],[54.304,24.324],[54.304,24.323],[54.304,24.322],[54.305,24.321],[54.306,24.32],[54.306,24.319]],[[54.312,24.36],[54.312,24.359],[54.311,24.359],[54.311,24.362],[54.3,24.375],[54.301,24.375],[54.3,24.375],[54.3,24.376],[54.299,24.376],[54.299,24.377],[54.298,24.377],[54.296,24.378],[54.295,24.378],[54.295,24.379],[54.296,24.379],[54.297,24.379],[54.298,24.378],[54.3,24.378],[54.3,24.379],[54.303,24.378],[54.303,24.377],[54.304,24.377],[54.305,24.376],[54.306,24.376],[54.307,24.376],[54.308,24.376],[54.313,24.36],[54.312,24.36]]],[[[54.191,24.366],[54.197,24.371],[54.197,24.372],[54.198,24.372],[54.199,24.372],[54.211,24.371],[54.211,24.372],[54.212,24.372],[54.213,24.373],[54.214,24.372],[54.215,24.372],[54.216,24.372],[54.216,24.371],[54.216,24.37],[54.262,24.362],[54.262,24.363],[54.252,24.373],[54.251,24.373],[54.251,24.374],[54.244,24.387],[54.244,24.388],[54.244,24.39],[54.243,24.391],[54.243,24.393],[54.243,24.394],[54.244,24.395],[54.244,24.397],[54.256,24.414],[54.246,24.413],[54.245,24.412],[54.245,24.413],[54.244,24.413],[54.243,24.412],[54.192,24.368],[54.191,24.367],[54.191,24.366]]],[[[51.567,24.406],[51.567,24.407],[51.568,24.412],[51.568,24.413],[51.569,24.416],[51.568,24.42],[51.56,24.416],[51.567,24.405],[51.567,24.406]]],[[[51.564,24.401],[51.563,24.401],[51.562,24.402],[51.563,24.402],[51.562,24.402],[51.561,24.403],[51.56,24.404],[51.559,24.405],[51.557,24.407],[51.558,24.417],[51.558,24.42],[51.545,24.423],[51.544,24.422],[51.543,24.42],[51.543,24.419],[51.542,24.419],[51.541,24.419],[51.542,24.419],[51.542,24.418],[51.542,24.417],[51.541,24.418],[51.54,24.416],[51.54,24.415],[51.539,24.415],[51.534,24.41],[51.552,24.405],[51.553,24.405],[51.553,24.404],[51.554,24.404],[51.554,24.403],[51.555,24.402],[51.556,24.402],[51.557,24.402],[51.557,24.401],[51.564,24.401]]],[[[51.542,24.438],[51.544,24.433],[51.548,24.435],[51.542,24.438]]],[[[54.547,24.444],[54.554,24.444],[54.554,24.445],[54.554,24.446],[54.554,24.445],[54.553,24.445],[54.551,24.449],[54.551,24.45],[54.553,24.454],[54.554,24.454],[54.555,24.449],[54.556,24.447],[54.556,24.448],[54.556,24.445],[54.555,24.445],[54.556,24.444],[54.556,24.445],[54.564,24.457],[54.559,24.459],[54.56,24.46],[54.562,24.459],[54.557,24.462],[54.547,24.465],[54.549,24.466],[54.54,24.467],[54.54,24.468],[54.539,24.468],[54.538,24.468],[54.537,24.468],[54.536,24.468],[54.535,24.469],[54.534,24.469],[54.533,24.469],[54.533,24.47],[54.522,24.473],[54.521,24.473],[54.52,24.473],[54.521,24.473],[54.518,24.471],[54.517,24.472],[54.51,24.476],[54.508,24.477],[54.507,24.477],[54.505,24.477],[54.501,24.478],[54.502,24.478],[54.501,24.478],[54.499,24.477],[54.498,24.478],[54.493,24.471],[54.493,24.47],[54.492,24.47],[54.493,24.469],[54.494,24.469],[54.493,24.469],[54.493,24.47],[54.493,24.471],[54.504,24.466],[54.506,24.463],[54.507,24.463],[54.508,24.462],[54.509,24.462],[54.514,24.459],[54.537,24.452],[54.538,24.452],[54.547,24.444]],[[54.55,24.453],[54.547,24.457],[54.547,24.454],[54.543,24.463],[54.546,24.461],[54.547,24.461],[54.548,24.459],[54.548,24.458],[54.551,24.453],[54.55,24.453]]],[[[54.498,24.501],[54.499,24.503],[54.497,24.503],[54.497,24.502],[54.498,24.502],[54.498,24.501]]],[[[52.333,24.486],[52.332,24.486],[52.333,24.485],[52.333,24.486]]],[[[54.482,24.511],[54.482,24.51],[54.483,24.51],[54.483,24.511],[54.484,24.511],[54.485,24.512],[54.484,24.512],[54.482,24.513],[54.482,24.512],[54.481,24.511],[54.482,24.511]]],[[[54.477,24.513],[54.477,24.512],[54.48,24.512],[54.482,24.512],[54.477,24.513]]],[[[54.47,24.513],[54.468,24.514],[54.469,24.513],[54.47,24.513]]],[[[54.48,24.527],[54.479,24.528],[54.477,24.528],[54.477,24.527],[54.479,24.527],[54.48,24.527]]],[[[54.457,24.526],[54.458,24.525],[54.46,24.529],[54.459,24.529],[54.458,24.528],[54.458,24.527],[54.457,24.526]]],[[[51.738,24.489],[51.738,24.49],[51.737,24.491],[51.736,24.483],[51.738,24.488],[51.738,24.489]]],[[[54.455,24.528],[54.456,24.53],[54.452,24.532],[54.452,24.528],[54.455,24.527],[54.455,24.528]]],[[[54.459,24.535],[54.459,24.534],[54.459,24.533],[54.46,24.533],[54.459,24.535]]],[[[54.455,24.534],[54.456,24.534],[54.457,24.534],[54.457,24.536],[54.456,24.536],[54.455,24.535],[54.455,24.534]]],[[[54.442,24.541],[54.441,24.541],[54.443,24.54],[54.442,24.541]]],[[[51.718,24.511],[51.718,24.51],[51.718,24.509],[51.721,24.51],[51.719,24.511],[51.718,24.511]]],[[[51.721,24.512],[51.72,24.512],[51.721,24.51],[51.721,24.512]]],[[[54.501,24.547],[54.501,24.548],[54.501,24.549],[54.5,24.548],[54.501,24.548],[54.501,24.547]]],[[[54.546,24.55],[54.546,24.549],[54.547,24.55],[54.546,24.55]]],[[[54.501,24.543],[54.503,24.542],[54.503,24.543],[54.503,24.545],[54.504,24.547],[54.504,24.549],[54.503,24.55],[54.502,24.55],[54.503,24.549],[54.502,24.548],[54.502,24.547],[54.501,24.547],[54.5,24.545],[54.5,24.544],[54.501,24.543]]],[[[54.522,24.522],[54.531,24.524],[54.526,24.526],[54.527,24.527],[54.527,24.526],[54.527,24.527],[54.529,24.527],[54.529,24.528],[54.529,24.529],[54.529,24.528],[54.527,24.527],[54.526,24.527],[54.526,24.526],[54.52,24.526],[54.519,24.526],[54.518,24.526],[54.518,24.527],[54.519,24.527],[54.52,24.527],[54.52,24.526],[54.521,24.526],[54.521,24.527],[54.522,24.527],[54.522,24.528],[54.523,24.529],[54.524,24.53],[54.525,24.53],[54.525,24.531],[54.527,24.532],[54.527,24.533],[54.528,24.533],[54.528,24.534],[54.529,24.533],[54.53,24.533],[54.531,24.533],[54.532,24.533],[54.533,24.533],[54.533,24.532],[54.534,24.532],[54.534,24.533],[54.535,24.533],[54.536,24.534],[54.535,24.534],[54.534,24.534],[54.534,24.533],[54.533,24.533],[54.534,24.534],[54.537,24.535],[54.538,24.536],[54.538,24.537],[54.539,24.537],[54.54,24.535],[54.54,24.536],[54.539,24.536],[54.539,24.537],[54.539,24.539],[54.54,24.539],[54.541,24.539],[54.54,24.54],[54.539,24.539],[54.538,24.54],[54.539,24.541],[54.54,24.541],[54.541,24.542],[54.54,24.544],[54.541,24.544],[54.541,24.543],[54.541,24.544],[54.542,24.543],[54.543,24.543],[54.543,24.542],[54.544,24.542],[54.541,24.544],[54.541,24.545],[54.54,24.545],[54.539,24.545],[54.538,24.545],[54.537,24.546],[54.536,24.546],[54.534,24.546],[54.533,24.547],[54.532,24.548],[54.531,24.548],[54.53,24.549],[54.529,24.55],[54.528,24.55],[54.527,24.551],[54.528,24.55],[54.53,24.548],[54.528,24.547],[54.527,24.547],[54.526,24.547],[54.531,24.544],[54.533,24.545],[54.533,24.544],[54.532,24.544],[54.531,24.544],[54.53,24.543],[54.529,24.543],[54.528,24.544],[54.529,24.544],[54.528,24.544],[54.527,24.544],[54.526,24.544],[54.525,24.544],[54.524,24.545],[54.523,24.546],[54.523,24.547],[54.523,24.546],[54.523,24.544],[54.522,24.544],[54.521,24.544],[54.521,24.543],[54.522,24.544],[54.523,24.544],[54.523,24.543],[54.522,24.543],[54.522,24.542],[54.521,24.542],[54.521,24.541],[54.52,24.54],[54.519,24.54],[54.519,24.541],[54.518,24.541],[54.518,24.542],[54.519,24.542],[54.519,24.543],[54.517,24.542],[54.517,24.541],[54.516,24.54],[54.514,24.533],[54.514,24.532],[54.513,24.532],[54.512,24.533],[54.511,24.535],[54.51,24.535],[54.505,24.54],[54.506,24.539],[54.506,24.538],[54.507,24.538],[54.507,24.537],[54.508,24.537],[54.509,24.536],[54.515,24.529],[54.518,24.527],[54.518,24.526],[54.519,24.525],[54.52,24.525],[54.521,24.525],[54.521,24.524],[54.522,24.525],[54.523,24.525],[54.524,24.524],[54.525,24.524],[54.524,24.523],[54.523,24.522],[54.522,24.522]],[[54.531,24.544],[54.531,24.546],[54.532,24.546],[54.531,24.544]],[[54.532,24.546],[54.531,24.546],[54.532,24.547],[54.532,24.546]],[[54.515,24.53],[54.514,24.532],[54.515,24.532],[54.516,24.532],[54.516,24.531],[54.516,24.53],[54.515,24.53]],[[54.535,24.541],[54.534,24.542],[54.533,24.543],[54.532,24.543],[54.533,24.543],[54.534,24.543],[54.535,24.543],[54.536,24.544],[54.536,24.543],[54.536,24.542],[54.535,24.541],[54.536,24.541],[54.537,24.54],[54.535,24.541]],[[54.536,24.542],[54.537,24.543],[54.537,24.542],[54.536,24.542]]],[[[54.531,24.548],[54.531,24.547],[54.532,24.547],[54.531,24.548]]],[[[54.463,24.541],[54.463,24.542],[54.466,24.543],[54.467,24.543],[54.469,24.543],[54.469,24.544],[54.476,24.545],[54.477,24.545],[54.477,24.546],[54.476,24.545],[54.476,24.546],[54.476,24.547],[54.475,24.547],[54.475,24.546],[54.468,24.548],[54.464,24.55],[54.465,24.551],[54.466,24.551],[54.465,24.552],[54.466,24.552],[54.467,24.551],[54.467,24.552],[54.466,24.553],[54.467,24.553],[54.466,24.553],[54.463,24.551],[54.462,24.55],[54.46,24.549],[54.459,24.548],[54.46,24.548],[54.46,24.547],[54.459,24.546],[54.459,24.545],[54.46,24.545],[54.46,24.544],[54.46,24.543],[54.46,24.542],[54.461,24.541],[54.463,24.541]],[[54.464,24.544],[54.463,24.544],[54.463,24.545],[54.463,24.546],[54.464,24.546],[54.464,24.545],[54.464,24.544]]],[[[54.461,24.553],[54.461,24.552],[54.462,24.554],[54.463,24.555],[54.465,24.556],[54.466,24.556],[54.463,24.557],[54.462,24.557],[54.462,24.556],[54.462,24.555],[54.461,24.554],[54.461,24.553]]],[[[54.466,24.557],[54.471,24.557],[54.472,24.558],[54.472,24.559],[54.471,24.559],[54.471,24.56],[54.466,24.557]]],[[[52.316,24.458],[52.317,24.459],[52.317,24.46],[52.318,24.465],[52.319,24.474],[52.321,24.475],[52.33,24.489],[52.33,24.491],[52.331,24.493],[52.306,24.54],[52.304,24.419],[52.316,24.457],[52.316,24.458]]],[[[54.467,24.561],[54.468,24.561],[54.469,24.561],[54.469,24.562],[54.47,24.563],[54.469,24.564],[54.469,24.565],[54.47,24.565],[54.47,24.566],[54.471,24.566],[54.47,24.567],[54.467,24.561]]],[[[54.499,24.503],[54.503,24.503],[54.505,24.503],[54.505,24.518],[54.504,24.518],[54.504,24.519],[54.504,24.52],[54.504,24.521],[54.504,24.52],[54.505,24.52],[54.511,24.515],[54.512,24.516],[54.513,24.516],[54.513,24.517],[54.514,24.517],[54.514,24.519],[54.515,24.518],[54.515,24.519],[54.516,24.519],[54.515,24.52],[54.515,24.521],[54.516,24.521],[54.516,24.522],[54.515,24.522],[54.515,24.523],[54.514,24.525],[54.513,24.525],[54.513,24.526],[54.51,24.53],[54.508,24.53],[54.507,24.53],[54.504,24.534],[54.499,24.539],[54.498,24.539],[54.498,24.54],[54.498,24.541],[54.497,24.541],[54.492,24.543],[54.493,24.543],[54.494,24.543],[54.494,24.544],[54.494,24.543],[54.495,24.543],[54.495,24.544],[54.495,24.545],[54.494,24.546],[54.493,24.549],[54.493,24.55],[54.488,24.556],[54.488,24.557],[54.488,24.558],[54.487,24.558],[54.487,24.559],[54.487,24.563],[54.484,24.56],[54.483,24.562],[54.484,24.567],[54.486,24.569],[54.485,24.57],[54.483,24.571],[54.481,24.571],[54.475,24.571],[54.474,24.57],[54.473,24.57],[54.472,24.57],[54.471,24.57],[54.472,24.568],[54.473,24.567],[54.476,24.567],[54.477,24.568],[54.477,24.567],[54.478,24.567],[54.478,24.566],[54.48,24.562],[54.48,24.561],[54.48,24.56],[54.48,24.561],[54.479,24.561],[54.479,24.562],[54.478,24.562],[54.477,24.549],[54.482,24.545],[54.472,24.54],[54.471,24.54],[54.47,24.539],[54.47,24.538],[54.472,24.537],[54.473,24.533],[54.465,24.535],[54.466,24.534],[54.465,24.534],[54.464,24.534],[54.464,24.535],[54.463,24.538],[54.463,24.537],[54.463,24.536],[54.463,24.535],[54.463,24.534],[54.464,24.533],[54.465,24.533],[54.465,24.53],[54.465,24.529],[54.465,24.528],[54.465,24.527],[54.466,24.527],[54.467,24.528],[54.469,24.527],[54.47,24.528],[54.47,24.529],[54.471,24.53],[54.472,24.53],[54.473,24.531],[54.474,24.531],[54.475,24.531],[54.479,24.528],[54.48,24.528],[54.481,24.527],[54.481,24.528],[54.486,24.527],[54.486,24.526],[54.488,24.529],[54.489,24.529],[54.491,24.528],[54.491,24.527],[54.492,24.527],[54.492,24.524],[54.488,24.524],[54.487,24.525],[54.484,24.525],[54.484,24.524],[54.484,24.523],[54.484,24.522],[54.485,24.522],[54.485,24.521],[54.486,24.521],[54.486,24.52],[54.493,24.513],[54.491,24.509],[54.492,24.509],[54.492,24.51],[54.493,24.51],[54.493,24.511],[54.494,24.511],[54.494,24.51],[54.495,24.51],[54.496,24.509],[54.496,24.508],[54.495,24.508],[54.495,24.507],[54.494,24.506],[54.495,24.506],[54.495,24.505],[54.495,24.504],[54.496,24.504],[54.496,24.503],[54.499,24.503]],[[54.504,24.521],[54.503,24.523],[54.504,24.523],[54.504,24.522],[54.504,24.521]],[[54.501,24.524],[54.499,24.526],[54.502,24.524],[54.501,24.524]],[[54.509,24.525],[54.508,24.526],[54.509,24.526],[54.509,24.525]],[[54.505,24.529],[54.506,24.529],[54.501,24.527],[54.499,24.535],[54.504,24.531],[54.505,24.53],[54.505,24.529]],[[54.499,24.536],[54.498,24.536],[54.497,24.536],[54.497,24.537],[54.498,24.537],[54.499,24.536],[54.499,24.537],[54.5,24.537],[54.499,24.536],[54.5,24.536],[54.499,24.536]],[[54.49,24.546],[54.491,24.542],[54.489,24.543],[54.488,24.543],[54.486,24.547],[54.486,24.548],[54.487,24.548],[54.487,24.547],[54.488,24.547],[54.489,24.547],[54.488,24.547],[54.487,24.547],[54.487,24.548],[54.487,24.549],[54.487,24.55],[54.487,24.551],[54.488,24.552],[54.489,24.552],[54.49,24.551],[54.489,24.551],[54.49,24.551],[54.491,24.55],[54.49,24.548],[54.491,24.548],[54.491,24.547],[54.49,24.546]],[[54.485,24.547],[54.484,24.547],[54.484,24.548],[54.483,24.551],[54.484,24.552],[54.487,24.553],[54.487,24.552],[54.485,24.552],[54.485,24.551],[54.486,24.551],[54.486,24.55],[54.485,24.549],[54.485,24.547]],[[54.487,24.553],[54.485,24.554],[54.484,24.555],[54.485,24.555],[54.486,24.555],[54.487,24.553]]],[[[54.568,24.558],[54.571,24.559],[54.57,24.559],[54.57,24.565],[54.57,24.566],[54.57,24.567],[54.571,24.567],[54.573,24.567],[54.574,24.567],[54.575,24.567],[54.577,24.567],[54.577,24.566],[54.578,24.567],[54.579,24.567],[54.579,24.566],[54.58,24.566],[54.58,24.565],[54.581,24.565],[54.582,24.564],[54.583,24.564],[54.584,24.564],[54.586,24.565],[54.586,24.566],[54.587,24.566],[54.587,24.567],[54.588,24.567],[54.591,24.568],[54.59,24.569],[54.589,24.569],[54.588,24.569],[54.586,24.569],[54.585,24.569],[54.584,24.569],[54.583,24.569],[54.582,24.569],[54.581,24.569],[54.58,24.569],[54.58,24.568],[54.579,24.568],[54.579,24.569],[54.576,24.568],[54.575,24.568],[54.574,24.568],[54.573,24.568],[54.572,24.568],[54.571,24.568],[54.57,24.568],[54.569,24.568],[54.568,24.568],[54.565,24.568],[54.564,24.568],[54.564,24.569],[54.563,24.569],[54.562,24.569],[54.561,24.569],[54.558,24.568],[54.556,24.569],[54.556,24.57],[54.555,24.571],[54.555,24.572],[54.554,24.572],[54.554,24.573],[54.553,24.573],[54.552,24.574],[54.551,24.573],[54.547,24.572],[54.546,24.572],[54.545,24.572],[54.544,24.572],[54.543,24.572],[54.543,24.573],[54.541,24.573],[54.54,24.573],[54.538,24.573],[54.536,24.573],[54.535,24.573],[54.535,24.574],[54.53,24.574],[54.53,24.575],[54.529,24.575],[54.529,24.576],[54.53,24.576],[54.531,24.576],[54.53,24.576],[54.522,24.579],[54.523,24.577],[54.52,24.578],[54.519,24.578],[54.518,24.578],[54.52,24.574],[54.521,24.573],[54.521,24.572],[54.522,24.572],[54.523,24.571],[54.524,24.571],[54.524,24.57],[54.525,24.57],[54.525,24.569],[54.53,24.567],[54.531,24.566],[54.547,24.563],[54.55,24.564],[54.554,24.564],[54.557,24.563],[54.558,24.562],[54.56,24.562],[54.561,24.562],[54.561,24.561],[54.562,24.56],[54.563,24.56],[54.564,24.56],[54.564,24.559],[54.565,24.559],[54.566,24.559],[54.567,24.559],[54.567,24.558],[54.568,24.558]],[[54.528,24.573],[54.528,24.574],[54.529,24.574],[54.528,24.573]],[[54.528,24.574],[54.528,24.575],[54.527,24.575],[54.526,24.576],[54.527,24.577],[54.529,24.575],[54.53,24.574],[54.53,24.573],[54.529,24.574],[54.528,24.574]]],[[[54.445,24.511],[54.456,24.518],[54.456,24.519],[54.455,24.519],[54.455,24.52],[54.455,24.521],[54.456,24.521],[54.459,24.52],[54.46,24.52],[54.461,24.52],[54.462,24.52],[54.463,24.521],[54.463,24.522],[54.464,24.522],[54.464,24.523],[54.464,24.526],[54.463,24.527],[54.462,24.526],[54.461,24.525],[54.46,24.525],[54.459,24.525],[54.459,24.524],[54.458,24.524],[54.457,24.524],[54.456,24.524],[54.455,24.524],[54.454,24.524],[54.454,24.523],[54.453,24.523],[54.451,24.522],[54.442,24.531],[54.456,24.536],[54.456,24.537],[54.457,24.538],[54.458,24.538],[54.456,24.553],[54.473,24.583],[54.471,24.583],[54.472,24.583],[54.472,24.582],[54.467,24.578],[54.467,24.577],[54.466,24.577],[54.465,24.576],[54.41,24.524],[54.411,24.524],[54.445,24.511]],[[54.459,24.522],[54.458,24.522],[54.457,24.521],[54.458,24.523],[54.459,24.523],[54.459,24.522]],[[54.442,24.541],[54.445,24.537],[54.439,24.539],[54.439,24.54],[54.441,24.541],[54.442,24.541]]],[[[54.515,24.601],[54.514,24.601],[54.515,24.596],[54.519,24.599],[54.515,24.601]]],[[[54.58,24.605],[54.58,24.604],[54.581,24.603],[54.585,24.601],[54.588,24.603],[54.589,24.603],[54.589,24.604],[54.589,24.603],[54.59,24.603],[54.59,24.604],[54.589,24.604],[54.588,24.604],[54.582,24.607],[54.581,24.607],[54.58,24.607],[54.579,24.607],[54.579,24.605],[54.58,24.605]],[[54.581,24.606],[54.581,24.605],[54.58,24.605],[54.58,24.606],[54.58,24.607],[54.581,24.606]]],[[[54.594,24.615],[54.596,24.621],[54.595,24.622],[54.588,24.615],[54.594,24.614],[54.594,24.615]]],[[[54.573,24.628],[54.574,24.628],[54.575,24.628],[54.574,24.629],[54.575,24.63],[54.574,24.63],[54.572,24.631],[54.571,24.631],[54.572,24.629],[54.573,24.628]]],[[[54.595,24.631],[54.595,24.632],[54.594,24.632],[54.595,24.631]]],[[[54.594,24.632],[54.594,24.633],[54.595,24.633],[54.594,24.634],[54.594,24.633],[54.593,24.633],[54.594,24.632]]],[[[54.626,24.636],[54.625,24.636],[54.625,24.635],[54.626,24.636]]],[[[54.621,24.636],[54.62,24.636],[54.619,24.636],[54.619,24.631],[54.625,24.635],[54.624,24.635],[54.623,24.635],[54.622,24.635],[54.621,24.636]]],[[[51.724,24.602],[51.713,24.593],[51.708,24.578],[51.721,24.566],[51.724,24.602]]],[[[54.525,24.605],[54.526,24.606],[54.527,24.606],[54.531,24.609],[54.532,24.609],[54.532,24.611],[54.534,24.611],[54.534,24.612],[54.535,24.612],[54.536,24.613],[54.537,24.613],[54.538,24.613],[54.539,24.613],[54.54,24.613],[54.539,24.612],[54.539,24.611],[54.54,24.611],[54.54,24.612],[54.541,24.612],[54.542,24.612],[54.543,24.612],[54.543,24.613],[54.544,24.612],[54.546,24.612],[54.547,24.612],[54.547,24.611],[54.548,24.61],[54.548,24.609],[54.549,24.609],[54.55,24.609],[54.551,24.608],[54.552,24.608],[54.552,24.607],[54.553,24.607],[54.554,24.606],[54.555,24.605],[54.556,24.605],[54.557,24.606],[54.556,24.608],[54.557,24.608],[54.557,24.609],[54.558,24.609],[54.558,24.61],[54.559,24.608],[54.559,24.607],[54.559,24.608],[54.559,24.609],[54.558,24.61],[54.557,24.613],[54.556,24.613],[54.556,24.612],[54.555,24.612],[54.555,24.611],[54.555,24.612],[54.554,24.612],[54.554,24.613],[54.55,24.613],[54.551,24.613],[54.551,24.614],[54.552,24.615],[54.553,24.615],[54.553,24.616],[54.552,24.617],[54.552,24.618],[54.552,24.619],[54.549,24.621],[54.547,24.617],[54.548,24.618],[54.548,24.617],[54.548,24.616],[54.547,24.616],[54.547,24.617],[54.545,24.619],[54.544,24.619],[54.543,24.619],[54.542,24.619],[54.542,24.62],[54.541,24.62],[54.541,24.621],[54.541,24.622],[54.542,24.622],[54.543,24.622],[54.544,24.622],[54.544,24.623],[54.547,24.625],[54.547,24.624],[54.548,24.624],[54.552,24.623],[54.552,24.624],[54.552,24.625],[54.555,24.634],[54.556,24.635],[54.556,24.636],[54.555,24.637],[54.554,24.637],[54.553,24.637],[54.55,24.636],[54.548,24.637],[54.547,24.636],[54.546,24.636],[54.545,24.635],[54.544,24.635],[54.543,24.635],[54.541,24.635],[54.54,24.634],[54.539,24.634],[54.536,24.634],[54.535,24.634],[54.533,24.634],[54.533,24.633],[54.533,24.631],[54.532,24.63],[54.531,24.629],[54.531,24.628],[54.53,24.625],[54.528,24.623],[54.528,24.622],[54.522,24.617],[54.521,24.616],[54.516,24.613],[54.514,24.612],[54.513,24.612],[54.512,24.612],[54.511,24.612],[54.511,24.613],[54.51,24.613],[54.51,24.614],[54.511,24.615],[54.51,24.616],[54.509,24.616],[54.508,24.615],[54.506,24.616],[54.506,24.617],[54.505,24.617],[54.504,24.617],[54.503,24.616],[54.504,24.616],[54.504,24.615],[54.505,24.614],[54.505,24.613],[54.504,24.613],[54.503,24.612],[54.502,24.612],[54.501,24.612],[54.5,24.611],[54.5,24.61],[54.501,24.61],[54.502,24.61],[54.502,24.609],[54.502,24.608],[54.503,24.608],[54.505,24.608],[54.506,24.608],[54.508,24.609],[54.509,24.609],[54.51,24.61],[54.511,24.609],[54.511,24.61],[54.514,24.61],[54.515,24.609],[54.516,24.609],[54.517,24.608],[54.519,24.608],[54.52,24.608],[54.521,24.608],[54.522,24.607],[54.523,24.606],[54.523,24.605],[54.523,24.604],[54.524,24.605],[54.525,24.605]],[[54.532,24.611],[54.532,24.61],[54.531,24.61],[54.532,24.611]]],[[[54.594,24.629],[54.596,24.629],[54.596,24.63],[54.597,24.63],[54.598,24.63],[54.599,24.63],[54.599,24.629],[54.6,24.629],[54.6,24.63],[54.599,24.63],[54.599,24.631],[54.6,24.631],[54.601,24.631],[54.605,24.631],[54.606,24.635],[54.606,24.636],[54.606,24.637],[54.605,24.637],[54.602,24.641],[54.602,24.642],[54.602,24.643],[54.602,24.644],[54.602,24.645],[54.602,24.646],[54.601,24.647],[54.601,24.648],[54.601,24.649],[54.602,24.65],[54.602,24.651],[54.602,24.652],[54.603,24.652],[54.603,24.653],[54.604,24.653],[54.604,24.654],[54.605,24.653],[54.605,24.652],[54.606,24.652],[54.606,24.651],[54.608,24.648],[54.609,24.648],[54.604,24.659],[54.592,24.649],[54.595,24.647],[54.595,24.644],[54.595,24.645],[54.594,24.645],[54.594,24.646],[54.593,24.646],[54.592,24.646],[54.591,24.646],[54.591,24.647],[54.59,24.646],[54.589,24.646],[54.588,24.646],[54.59,24.643],[54.59,24.642],[54.59,24.641],[54.589,24.64],[54.589,24.639],[54.588,24.638],[54.587,24.637],[54.588,24.637],[54.588,24.636],[54.588,24.637],[54.589,24.637],[54.589,24.636],[54.589,24.635],[54.589,24.634],[54.589,24.635],[54.59,24.633],[54.589,24.632],[54.589,24.631],[54.588,24.631],[54.589,24.631],[54.589,24.63],[54.59,24.63],[54.59,24.631],[54.591,24.631],[54.591,24.632],[54.592,24.632],[54.593,24.632],[54.593,24.633],[54.592,24.633],[54.592,24.634],[54.593,24.634],[54.594,24.634],[54.595,24.634],[54.595,24.632],[54.595,24.631],[54.595,24.63],[54.594,24.63],[54.594,24.629]],[[54.596,24.631],[54.596,24.633],[54.597,24.632],[54.596,24.631]],[[54.598,24.634],[54.597,24.635],[54.596,24.637],[54.595,24.637],[54.595,24.638],[54.596,24.638],[54.596,24.639],[54.598,24.634]],[[54.589,24.637],[54.59,24.638],[54.59,24.637],[54.589,24.637]],[[54.595,24.642],[54.595,24.643],[54.596,24.642],[54.595,24.642]],[[54.6,24.646],[54.6,24.645],[54.6,24.644],[54.599,24.644],[54.599,24.643],[54.598,24.643],[54.598,24.644],[54.598,24.645],[54.599,24.645],[54.599,24.646],[54.6,24.646]],[[54.6,24.646],[54.599,24.648],[54.6,24.647],[54.6,24.646]]],[[[54.574,24.644],[54.575,24.644],[54.574,24.645],[54.576,24.65],[54.576,24.651],[54.577,24.651],[54.583,24.661],[54.583,24.662],[54.584,24.662],[54.585,24.662],[54.585,24.661],[54.586,24.661],[54.589,24.665],[54.59,24.665],[54.59,24.666],[54.591,24.666],[54.591,24.667],[54.592,24.667],[54.593,24.667],[54.592,24.667],[54.593,24.667],[54.601,24.674],[54.602,24.674],[54.603,24.675],[54.604,24.674],[54.608,24.682],[54.562,24.646],[54.574,24.644]]],[[[55.581,25.533],[55.59,25.545],[55.591,25.545],[55.595,25.545],[55.594,25.547],[55.592,25.547],[55.588,25.547],[55.578,25.537],[55.581,25.532],[55.581,25.533]]],[[[55.579,25.562],[55.578,25.562],[55.578,25.563],[55.578,25.564],[55.577,25.564],[55.577,25.566],[55.578,25.567],[55.579,25.567],[55.58,25.567],[55.581,25.567],[55.582,25.567],[55.582,25.568],[55.582,25.569],[55.582,25.57],[55.581,25.571],[55.582,25.571],[55.581,25.572],[55.58,25.573],[55.576,25.571],[55.576,25.563],[55.579,25.562]]],[[[56.323,24.945],[56.275,24.876],[56.311,24.832],[56.484,24.487],[56.518,24.368],[56.585,24.345],[56.583,24.273],[56.633,24.288],[56.614,24.252],[56.75,24.153],[56.729,24.094],[56.878,24.014],[56.917,23.927],[57.035,23.892],[57.038,23.842],[57.198,23.77],[57.414,23.654],[57.749,23.551],[57.837,23.572],[57.924,23.535],[58.073,23.584],[58.114,23.576],[58.1,23.546],[58.125,23.577],[58.186,23.552],[58.189,23.512],[58.227,23.521],[58.194,23.548],[58.33,23.555],[58.338,23.5],[58.478,23.596],[58.581,23.564],[58.575,23.617],[58.598,23.586],[58.596,23.63],[58.504,23.649],[58.314,23.606],[58.096,23.716],[57.863,23.714],[57.779,23.74],[57.792,23.782],[57.554,23.792],[57.113,23.963],[56.906,24.139],[56.721,24.404],[56.588,24.496],[56.455,24.713],[56.365,24.999],[56.365,25.002],[56.364,25.006],[56.364,25.007],[56.36,25.011],[56.36,25.012],[56.356,25.025],[56.356,25.026],[56.381,25.324],[56.349,25.364],[56.366,25.408],[56.358,25.547],[56.353,25.566],[56.303,25.559],[56.298,25.513],[56.326,25.497],[56.359,25.508],[56.357,25.449],[56.298,25.414],[56.316,25.371],[56.348,25.384],[56.326,25.219],[56.32,25.152],[56.259,25.148],[56.249,25.106],[56.323,24.945]]],[[[55.614,25.574],[55.621,25.578],[55.616,25.585],[55.616,25.588],[55.615,25.588],[55.613,25.589],[55.614,25.588],[55.61,25.585],[55.61,25.586],[55.608,25.579],[55.611,25.571],[55.613,25.571],[55.614,25.574]]],[[[55.627,25.59],[55.627,25.589],[55.626,25.589],[55.625,25.589],[55.624,25.589],[55.618,25.588],[55.618,25.587],[55.618,25.586],[55.618,25.585],[55.618,25.583],[55.619,25.584],[55.619,25.583],[55.62,25.583],[55.621,25.582],[55.63,25.588],[55.629,25.588],[55.629,25.589],[55.628,25.589],[55.629,25.59],[55.628,25.59],[55.628,25.591],[55.627,25.59]]],[[[55.62,25.614],[55.638,25.613],[55.63,25.615],[55.629,25.615],[55.628,25.614],[55.628,25.615],[55.629,25.615],[55.629,25.616],[55.629,25.615],[55.62,25.615],[55.62,25.614]]],[[[55.655,25.621],[55.656,25.621],[55.644,25.623],[55.655,25.621]]],[[[56.215,25.531],[56.285,25.593],[56.322,25.58],[56.26,25.618],[56.258,25.689],[56.215,25.531]]],[[[50.749,25.676],[50.797,25.686],[50.797,25.733],[50.743,25.688],[50.749,25.584],[50.78,25.662],[50.749,25.676]]],[[[50.592,26.148],[50.592,26.154],[50.585,26.237],[50.456,26.226],[50.494,26.042],[50.463,25.957],[50.568,25.809],[50.609,25.918],[50.609,25.919],[50.612,25.927],[50.615,25.975],[50.617,25.989],[50.621,26.059],[50.623,26.068],[50.625,26.125],[50.595,26.149],[50.592,26.148]]],[[[49.315,27.367],[49.315,27.368],[49.316,27.369],[49.317,27.37],[49.306,27.38],[49.305,27.38],[49.304,27.38],[49.303,27.379],[49.303,27.378],[49.303,27.379],[49.303,27.378],[49.315,27.367]]],[[[48.314,29.469],[48.269,29.427],[48.396,29.394],[48.314,29.469]]],[[[48.993,14.446],[48.654,14.451],[48.334,14.272],[48.101,14.257],[48.179,14.129],[48.344,14.204],[48.423,14.124],[48.476,14.14],[48.474,14.1],[48.63,14.081],[48.663,14.155],[48.74,14.098],[48.966,14.308],[49.005,14.41],[48.993,14.446]]],[[[55.861,17.505],[55.847,17.506],[55.862,17.478],[55.861,17.505]]],[[[56.055,17.553],[55.977,17.519],[55.989,17.481],[56.063,17.488],[56.097,17.513],[56.055,17.553]]],[[[58.667,20.175],[58.782,20.277],[58.827,20.423],[58.963,20.512],[58.9,20.612],[58.911,20.694],[58.79,20.535],[58.771,20.443],[58.701,20.429],[58.632,20.342],[58.628,20.188],[58.667,20.175]]],[[[56.096,26.08],[56.059,25.947],[56.058,25.947],[56.058,25.948],[56.054,25.948],[56.024,25.896],[56.024,25.897],[56.025,25.897],[56.029,25.888],[56.029,25.889],[56.035,25.9],[56.036,25.9],[56.037,25.9],[56.037,25.901],[56.038,25.901],[56.04,25.904],[56.048,25.92],[56.049,25.921],[56.051,25.925],[56.053,25.919],[56.053,25.918],[56.053,25.916],[56.054,25.915],[56.054,25.914],[56.055,25.905],[56.055,25.906],[56.055,25.907],[56.055,25.908],[56.057,25.903],[56.059,25.902],[56.096,26.08]]],[[[45.468,14.784],[45.528,14.884],[45.486,14.874],[45.485,14.935],[45.546,14.928],[45.515,15.027],[45.441,14.876],[45.468,14.784]]],[[[42.261,20.409],[42.333,20.406],[42.317,20.521],[42.256,20.483],[42.261,20.409]]],[[[41.87,20.331],[41.928,20.369],[41.863,20.419],[41.946,20.48],[41.941,20.523],[41.898,20.469],[41.831,20.492],[41.782,20.444],[41.79,20.397],[41.834,20.402],[41.862,20.336],[41.87,20.331]]],[[[41.972,20.478],[41.98,20.478],[42.066,20.584],[42.054,20.668],[41.972,20.478]]],[[[41.699,20.751],[41.753,20.698],[41.825,20.753],[41.699,20.751]]],[[[42.56,21.195],[42.573,21.232],[42.509,21.256],[42.498,21.19],[42.56,21.195]]],[[[42.686,21.053],[42.754,21.103],[42.672,21.356],[42.635,21.303],[42.706,21.227],[42.6,21.195],[42.577,21.142],[42.617,21.062],[42.686,21.053]]],[[[42.514,21.67],[42.491,21.745],[42.459,21.674],[42.514,21.67]]],[[[42.363,21.809],[42.415,21.814],[42.372,21.886],[42.363,21.809]]],[[[40.683,22.326],[40.61,22.31],[40.733,22.254],[40.683,22.326]]],[[[40.499,22.534],[40.433,22.454],[40.48,22.479],[40.546,22.448],[40.548,22.51],[40.499,22.534]]],[[[41.349,22.526],[41.306,22.46],[41.346,22.438],[41.408,22.474],[41.359,22.522],[41.382,22.577],[41.349,22.526]]],[[[41.484,27.05],[41.514,27.037],[41.565,27.125],[41.435,27.145],[41.484,27.05]]],[[[48.177,31.347],[48.062,31.324],[47.937,31.151],[47.916,30.989],[48.035,30.826],[48.033,30.592],[48.216,30.564],[48.462,30.615],[48.362,31.071],[48.177,31.347]]],[[[35.415,30.973],[35.459,31.141],[35.403,31.268],[35.5,31.375],[35.517,31.313],[35.555,31.455],[35.543,32.087],[35.381,31.899],[35.28,31.48],[35.251,31.157],[34.912,30.828],[34.839,30.864],[34.757,30.804],[34.746,30.762],[34.906,30.623],[34.811,30.533],[34.696,30.519],[34.658,30.474],[34.719,30.486],[34.684,30.419],[34.622,30.361],[34.591,30.379],[34.545,30.407],[34.537,30.51],[34.522,30.526],[34.522,30.58],[34.655,30.649],[34.692,30.815],[34.901,30.951],[34.918,31.021],[34.63,31.152],[34.55,31.25],[34.32,31.333],[34.275,31.294],[34.23,31.329],[34.381,31.47],[34.108,31.251],[33.816,31.148],[33.533,31.115],[33.27,31.211],[33.468,31.133],[33.411,31.153],[33.38,31.11],[33.275,31.098],[33.303,31.077],[33.134,31.042],[33.116,31.102],[33.162,31.11],[33.112,31.191],[32.954,31.103],[33.063,31.126],[33.009,31.049],[32.927,31.108],[32.913,31.073],[32.696,31.044],[32.766,30.969],[32.571,29.991],[32.606,29.824],[32.696,29.726],[32.715,29.453],[32.731,29.48],[32.814,29.406],[32.885,29.237],[33.17,29.003],[33.174,28.823],[33.268,28.832],[33.857,28.48],[34.146,28.503],[34.327,28.685],[34.45,29.214],[34.832,29.487],[34.936,29.614],[34.928,29.671],[35.023,29.692],[35.095,30.019],[35.18,30.151],[35.141,30.234],[35.186,30.522],[35.415,30.972],[35.415,30.973]]],[[[53.959,24.16],[53.959,24.159],[53.96,24.159],[53.96,24.158],[53.959,24.16]]]]},"properties":{"id":"arabian"}},{"type":"Feature","geometry":{"type":"Polygon","coordinates":[[[-113.65,35.37],[-113.67,35.392],[-113.706,35.389],[-113.745,35.557],[-113.816,35.583],[-113.834,35.636],[-113.885,35.655],[-113.855,35.687],[-113.862,35.734],[-113.944,35.736],[-113.978,35.787],[-114.01,35.77],[-114.075,35.813],[-114.041,35.82],[-114.044,35.85],[-113.942,35.876],[-114,35.909],[-113.938,36.073],[-113.93,36.039],[-113.907,36.054],[-113.903,36.035],[-113.82,36.022],[-113.798,36],[-113.812,35.977],[-113.787,35.962],[-113.838,35.935],[-113.833,35.912],[-113.77,35.928],[-113.735,35.911],[-113.808,35.85],[-113.736,35.867],[-113.763,35.84],[-113.694,35.816],[-113.77,35.739],[-113.697,35.773],[-113.639,35.743],[-113.682,35.652],[-113.571,35.708],[-113.631,35.767],[-113.6,35.811],[-113.6,35.789],[-113.549,35.756],[-113.553,35.73],[-113.523,35.746],[-113.499,35.727],[-113.471,35.742],[-113.453,35.718],[-113.406,35.733],[-113.48,35.609],[-113.416,35.619],[-113.409,35.592],[-113.349,35.664],[-113.386,35.69],[-113.346,35.693],[-113.348,35.716],[-113.322,35.718],[-113.307,35.687],[-113.276,35.682],[-113.219,35.735],[-113.223,35.758],[-113.262,35.738],[-113.286,35.771],[-113.268,35.895],[-113.228,35.961],[-113.231,35.999],[-113.293,35.998],[-113.288,36.029],[-113.256,36.049],[-113.27,36.013],[-113.222,36.009],[-113.193,36.098],[-113.15,36.105],[-113.134,36.137],[-113.12,36.117],[-113.091,36.133],[-113.081,36.112],[-113.049,36.168],[-113.111,36.218],[-113.166,36.19],[-113.207,36.202],[-113.241,36.275],[-113.264,36.182],[-113.327,36.281],[-113.344,36.277],[-113.32,36.206],[-113.366,36.192],[-113.435,36.228],[-113.451,36.192],[-113.401,36.138],[-113.389,36.054],[-113.425,36.057],[-113.437,36.038],[-113.425,35.984],[-113.447,35.975],[-113.45,35.913],[-113.412,35.907],[-113.398,35.938],[-113.383,35.915],[-113.425,35.867],[-113.415,35.839],[-113.469,35.838],[-113.444,35.895],[-113.544,35.954],[-113.485,35.962],[-113.478,36.074],[-113.526,36.037],[-113.532,36.004],[-113.55,36.067],[-113.592,36.072],[-113.593,36.017],[-113.644,35.974],[-113.643,36.033],[-113.673,36.046],[-113.709,36.014],[-113.716,36.065],[-113.757,36.026],[-113.748,36.089],[-113.785,36.069],[-113.799,36.093],[-113.816,36.074],[-113.866,36.11],[-113.81,36.133],[-113.857,36.18],[-113.785,36.231],[-113.788,36.257],[-113.819,36.249],[-113.766,36.303],[-113.812,36.305],[-113.816,36.331],[-113.767,36.39],[-113.771,36.517],[-113.725,36.53],[-113.773,36.558],[-113.776,36.611],[-113.803,36.581],[-113.857,36.582],[-113.921,36.617],[-113.936,36.656],[-113.987,36.631],[-114.012,36.642],[-114.005,36.625],[-114.057,36.586],[-114.038,36.542],[-114.066,36.531],[-114.174,36.604],[-114.114,36.653],[-114.046,36.681],[-114.009,36.67],[-113.933,36.715],[-113.859,36.876],[-113.782,36.934],[-113.689,36.956],[-113.653,36.909],[-113.602,36.924],[-113.572,36.886],[-113.511,36.92],[-113.44,36.91],[-113.438,36.94],[-113.359,36.913],[-113.294,37.021],[-113.304,37.122],[-113.269,37.209],[-113.283,37.313],[-113.385,37.236],[-113.524,37.218],[-113.63,37.278],[-113.64,37.251],[-113.674,37.255],[-113.673,37.196],[-113.697,37.222],[-113.779,37.218],[-113.898,37.286],[-113.934,37.346],[-113.97,37.357],[-114.026,37.308],[-114.058,37.328],[-114.267,37.29],[-114.33,37.236],[-114.365,37.387],[-114.403,37.395],[-114.442,37.352],[-114.496,37.388],[-114.522,37.45],[-114.583,37.485],[-114.607,37.334],[-114.746,37.255],[-114.822,37.237],[-114.805,37.289],[-114.847,37.276],[-114.849,37.317],[-114.918,37.281],[-114.989,37.182],[-115.13,37.156],[-115.205,37.125],[-115.243,37.079],[-115.28,37.087],[-115.291,37.132],[-115.355,37.135],[-115.325,37.009],[-115.419,37.045],[-115.519,37.159],[-115.565,37.254],[-115.618,37.192],[-115.753,37.168],[-115.853,37.234],[-115.893,37.172],[-115.987,37.21],[-115.988,37.292],[-116.016,37.275],[-116.047,37.29],[-116.037,37.23],[-116.09,37.21],[-116.147,37.227],[-116.172,37.199],[-116.157,37.166],[-116.198,37.08],[-116.261,37.144],[-116.331,37.155],[-116.353,37.137],[-116.333,37.078],[-116.372,37.093],[-116.353,37.043],[-116.389,37.009],[-116.452,37.009],[-116.524,37.052],[-116.537,37.136],[-116.72,37.049],[-116.779,37.053],[-116.836,37.108],[-116.853,36.976],[-116.92,36.93],[-116.94,36.965],[-117.074,36.955],[-117.088,36.98],[-117.061,37.015],[-117.113,37.07],[-117.075,37.139],[-117.107,37.161],[-117.134,37.155],[-117.203,37.047],[-117.276,37.03],[-117.357,37.105],[-117.449,37.148],[-117.479,37.214],[-117.448,37.256],[-117.502,37.251],[-117.518,37.28],[-117.592,37.272],[-117.718,37.343],[-117.837,37.328],[-117.906,37.374],[-117.965,37.3],[-117.954,37.248],[-117.906,37.252],[-117.889,37.098],[-117.845,37.109],[-117.81,37.067],[-117.783,37.088],[-117.744,37.017],[-117.69,36.987],[-117.733,36.895],[-117.866,36.966],[-117.939,36.931],[-117.949,36.888],[-117.854,36.667],[-117.778,36.613],[-117.69,36.505],[-117.779,36.442],[-117.869,36.532],[-117.898,36.519],[-117.998,36.611],[-118.084,36.843],[-118.11,36.841],[-118.104,36.816],[-118.137,36.844],[-118.172,36.813],[-118.053,36.54],[-118.076,36.501],[-118.047,36.468],[-118.034,36.369],[-118.061,36.244],[-118.014,36.221],[-117.993,36.04],[-117.912,35.928],[-117.908,35.751],[-117.87,35.682],[-117.963,35.58],[-118.065,35.556],[-118.035,35.542],[-118.063,35.534],[-118.055,35.508],[-118.115,35.535],[-118.057,35.479],[-118.092,35.418],[-118.081,35.386],[-118.064,35.413],[-118.05,35.4],[-118.019,35.293],[-118.076,35.217],[-118.26,35.104],[-118.218,35.108],[-118.349,35.056],[-118.319,35.041],[-118.366,34.978],[-118.514,34.967],[-118.744,34.817],[-118.731,34.785],[-118.533,34.749],[-118.2,34.607],[-118.183,34.59],[-118.207,34.589],[-118.206,34.569],[-118.056,34.501],[-117.987,34.494],[-117.939,34.432],[-117.869,34.41],[-117.889,34.448],[-117.804,34.421],[-117.729,34.431],[-117.521,34.32],[-117.285,34.304],[-117.171,34.416],[-117.093,34.417],[-116.982,34.364],[-116.883,34.345],[-116.806,34.373],[-116.771,34.335],[-116.627,34.294],[-116.602,34.262],[-116.565,34.267],[-116.543,34.159],[-116.484,34.144],[-116.498,34.115],[-116.535,34.114],[-116.599,34.066],[-116.599,34.029],[-116.66,34.006],[-116.647,33.964],[-116.62,33.951],[-116.616,34.011],[-116.589,34.012],[-116.503,33.992],[-116.416,33.927],[-116.399,33.945],[-116.372,33.913],[-116.327,33.92],[-116.302,33.881],[-116.225,33.909],[-116.238,33.847],[-116.201,33.859],[-116.205,33.821],[-116.161,33.829],[-116.174,33.8],[-116.14,33.766],[-116.092,33.764],[-116.087,33.732],[-116.05,33.733],[-115.976,33.686],[-115.965,33.712],[-115.92,33.678],[-115.806,33.704],[-115.746,33.679],[-115.696,33.69],[-115.693,33.708],[-115.524,33.712],[-115.484,33.742],[-115.497,33.779],[-115.452,33.803],[-115.512,33.818],[-115.489,33.835],[-115.496,33.866],[-115.475,33.861],[-115.443,33.913],[-115.4,33.927],[-115.359,33.903],[-115.342,33.97],[-115.297,34.006],[-115.327,34.042],[-115.365,34.045],[-115.358,34.079],[-115.402,34.073],[-115.457,34.1],[-115.398,34.093],[-115.407,34.112],[-115.374,34.12],[-115.403,34.134],[-115.376,34.134],[-115.385,34.182],[-115.324,34.267],[-115.341,34.306],[-115.299,34.261],[-115.295,34.334],[-115.227,34.337],[-115.186,34.279],[-115.157,34.308],[-115.179,34.318],[-115.055,34.375],[-115.002,34.431],[-114.961,34.262],[-114.899,34.258],[-114.902,34.231],[-114.874,34.253],[-114.89,34.221],[-114.871,34.228],[-114.848,34.116],[-114.833,34.133],[-114.811,34.107],[-114.802,34.131],[-114.779,34.126],[-114.799,34.174],[-114.76,34.161],[-114.758,34.176],[-114.839,34.307],[-114.788,34.306],[-114.756,34.275],[-114.758,34.261],[-114.785,34.271],[-114.767,34.246],[-114.719,34.249],[-114.681,34.222],[-114.706,34.29],[-114.676,34.285],[-114.661,34.312],[-114.764,34.35],[-114.743,34.377],[-114.766,34.518],[-114.739,34.553],[-114.658,34.572],[-114.635,34.648],[-114.595,34.686],[-114.479,34.715],[-114.456,34.749],[-114.273,34.759],[-114.215,34.802],[-114.164,34.796],[-114.11,34.822],[-114.089,34.679],[-113.997,34.476],[-113.885,34.448],[-113.796,34.489],[-113.823,34.522],[-113.821,34.584],[-113.799,34.591],[-113.765,34.542],[-113.736,34.538],[-113.751,34.597],[-113.722,34.629],[-113.761,34.682],[-113.791,34.693],[-113.801,34.668],[-113.847,34.715],[-113.873,34.709],[-113.895,34.769],[-113.929,34.768],[-113.909,34.797],[-113.933,34.819],[-113.908,34.846],[-113.944,34.857],[-113.941,34.913],[-114.003,34.89],[-113.989,34.913],[-114.007,34.921],[-113.971,34.939],[-114.008,34.942],[-114.018,35.02],[-113.966,35.038],[-113.987,35.063],[-114.012,35.052],[-114.017,35.077],[-113.956,35.103],[-113.936,35.181],[-113.89,35.16],[-113.781,35.165],[-113.799,35.383],[-113.735,35.363],[-113.663,35.302],[-113.675,35.358],[-113.65,35.37]],[[-117.074,36.283],[-117.055,36.27],[-117.078,36.204],[-117.043,36.022],[-117.071,36.047],[-117.07,36.088],[-117.115,36.099],[-117.072,36.111],[-117.079,36.133],[-117.135,36.138],[-117.096,36.154],[-117.112,36.206],[-117.063,36.262],[-117.105,36.282],[-117.074,36.283]],[[-115.731,36.361],[-115.638,36.336],[-115.6,36.287],[-115.622,36.266],[-115.59,36.254],[-115.592,36.222],[-115.627,36.229],[-115.628,36.179],[-115.669,36.218],[-115.7,36.209],[-115.758,36.252],[-115.738,36.286],[-115.781,36.309],[-115.743,36.346],[-115.794,36.399],[-115.766,36.4],[-115.731,36.361]],[[-115.252,36.534],[-115.261,36.572],[-115.216,36.684],[-115.126,36.747],[-115.252,36.534]]]},"properties":{"id":"mojave"}},{"type":"Feature","geometry":{"type":"Polygon","coordinates":[[[-120.673,40.412],[-120.659,40.382],[-120.706,40.358],[-120.57,40.336],[-120.553,40.314],[-120.582,40.304],[-120.529,40.302],[-120.378,40.168],[-120.181,40.082],[-120.169,40.039],[-120.027,39.934],[-120.1,39.86],[-120.099,39.815],[-120.148,39.851],[-120.181,39.824],[-120.212,39.853],[-120.225,39.831],[-120.326,39.834],[-120.358,39.861],[-120.386,39.827],[-120.427,39.831],[-120.387,39.801],[-120.384,39.745],[-120.432,39.68],[-120.432,39.61],[-120.412,39.573],[-120.342,39.57],[-120.373,39.647],[-120.334,39.678],[-120.306,39.646],[-120.284,39.68],[-120.211,39.638],[-120.178,39.674],[-120.218,39.705],[-120.181,39.744],[-120.204,39.771],[-120.158,39.786],[-120.15,39.761],[-120.104,39.767],[-120.121,39.726],[-120.074,39.732],[-120.054,39.636],[-119.875,39.582],[-119.97,39.514],[-119.857,39.475],[-119.815,39.338],[-119.85,39.243],[-119.807,39.17],[-119.85,39.079],[-119.846,38.896],[-119.8,38.824],[-119.826,38.739],[-119.792,38.755],[-119.768,38.699],[-119.672,38.758],[-119.608,38.718],[-119.582,38.558],[-119.508,38.489],[-119.46,38.499],[-119.478,38.335],[-119.432,38.244],[-119.386,38.294],[-119.353,38.28],[-119.368,38.246],[-119.321,38.244],[-119.321,38.153],[-119.26,38.133],[-119.231,38.059],[-119.169,38.033],[-119.104,37.929],[-119.128,37.867],[-119.07,37.825],[-118.998,37.843],[-118.972,37.901],[-118.907,37.86],[-118.874,37.875],[-118.741,37.831],[-118.625,37.761],[-118.622,37.731],[-118.677,37.71],[-118.783,37.76],[-118.921,37.749],[-118.843,37.703],[-118.86,37.655],[-118.92,37.625],[-118.653,37.544],[-118.611,37.313],[-118.546,37.387],[-118.494,37.356],[-118.518,37.335],[-118.399,37.312],[-118.386,37.227],[-118.32,37.177],[-118.32,37.1],[-118.376,37.046],[-118.288,36.916],[-118.299,36.865],[-118.244,36.822],[-118.295,36.806],[-118.26,36.788],[-118.27,36.73],[-118.205,36.598],[-118.076,36.501],[-118.053,36.54],[-118.172,36.813],[-118.137,36.844],[-118.104,36.816],[-118.084,36.843],[-117.998,36.611],[-117.898,36.519],[-117.869,36.532],[-117.779,36.442],[-117.69,36.505],[-117.854,36.667],[-117.949,36.888],[-117.939,36.931],[-117.866,36.966],[-117.733,36.895],[-117.69,36.987],[-117.783,37.088],[-117.81,37.067],[-117.845,37.109],[-117.889,37.098],[-117.906,37.252],[-117.954,37.248],[-117.965,37.3],[-117.906,37.374],[-117.837,37.328],[-117.718,37.343],[-117.592,37.272],[-117.448,37.256],[-117.479,37.214],[-117.449,37.148],[-117.276,37.03],[-117.203,37.047],[-117.107,37.161],[-117.075,37.139],[-117.113,37.07],[-117.061,37.015],[-117.074,36.955],[-116.94,36.965],[-116.92,36.93],[-116.853,36.976],[-116.836,37.108],[-116.779,37.053],[-116.72,37.049],[-116.537,37.136],[-116.524,37.052],[-116.452,37.009],[-116.389,37.009],[-116.353,37.043],[-116.372,37.093],[-116.333,37.078],[-116.331,37.155],[-116.261,37.144],[-116.198,37.08],[-116.172,37.199],[-116.147,37.227],[-116.037,37.23],[-116.047,37.29],[-115.988,37.292],[-115.987,37.21],[-115.893,37.172],[-115.853,37.234],[-115.753,37.168],[-115.618,37.192],[-115.565,37.254],[-115.419,37.045],[-115.325,37.009],[-115.355,37.135],[-115.291,37.132],[-115.28,37.087],[-115.243,37.079],[-115.13,37.156],[-114.989,37.182],[-114.918,37.281],[-114.849,37.317],[-114.847,37.276],[-114.805,37.289],[-114.822,37.237],[-114.746,37.255],[-114.607,37.334],[-114.583,37.485],[-114.442,37.352],[-114.403,37.395],[-114.365,37.387],[-114.33,37.236],[-114.267,37.29],[-114.058,37.328],[-114.026,37.308],[-113.97,37.357],[-113.779,37.218],[-113.697,37.222],[-113.673,37.196],[-113.674,37.255],[-113.64,37.251],[-113.63,37.278],[-113.524,37.218],[-113.614,37.391],[-113.509,37.379],[-113.434,37.471],[-113.353,37.498],[-113.238,37.403],[-113.177,37.534],[-113.155,37.606],[-113.103,37.611],[-113.023,37.742],[-112.761,37.878],[-112.665,38.083],[-112.587,38.129],[-112.501,38.121],[-112.584,38.257],[-112.54,38.327],[-112.599,38.504],[-112.579,38.689],[-112.386,38.772],[-112.372,38.879],[-112.175,39.083],[-112.179,39.199],[-112.122,39.216],[-112.088,39.14],[-112.098,39.026],[-112.019,38.891],[-112.276,38.6],[-112.181,38.515],[-112.044,38.677],[-111.93,38.739],[-111.814,38.983],[-111.749,39.005],[-111.705,39.096],[-111.692,39.251],[-111.775,39.201],[-111.814,39.208],[-111.874,39.299],[-111.863,39.407],[-111.916,39.403],[-111.827,39.563],[-111.803,39.942],[-111.725,40.019],[-111.651,40.024],[-111.549,40.145],[-111.62,40.206],[-111.758,40.472],[-111.853,40.445],[-111.901,40.463],[-111.795,40.568],[-111.78,40.675],[-111.837,40.778],[-111.915,40.811],[-111.851,40.884],[-111.895,41.135],[-111.949,41.333],[-112.025,41.366],[-112.03,41.454],[-111.987,41.51],[-112.082,41.745],[-112.067,41.766],[-111.924,41.595],[-111.827,41.542],[-111.786,41.466],[-111.804,41.663],[-111.772,41.775],[-111.802,41.847],[-111.734,42.036],[-111.804,42.066],[-111.766,42.208],[-111.828,42.217],[-111.859,42.279],[-111.947,42.283],[-112,42.362],[-112.035,42.33],[-111.999,42.061],[-112.069,42.084],[-112.117,41.996],[-112.077,41.895],[-112.148,41.905],[-112.181,41.979],[-112.22,42.256],[-112.384,42.278],[-112.403,42.192],[-112.364,42.17],[-112.44,42.076],[-112.389,42.001],[-112.434,41.971],[-112.486,42.017],[-112.519,41.993],[-112.541,42.029],[-112.604,41.976],[-112.632,42.019],[-112.612,42.086],[-112.675,42.111],[-112.747,42.091],[-112.775,41.988],[-112.848,42.075],[-112.94,42.104],[-113.13,41.974],[-113.139,41.893],[-113.203,41.827],[-113.581,41.8],[-113.688,41.64],[-113.699,41.553],[-113.651,41.494],[-113.683,41.455],[-113.818,41.465],[-113.849,41.491],[-113.867,41.719],[-113.966,41.68],[-113.952,41.469],[-114.038,41.417],[-114.103,41.467],[-114.181,41.45],[-114.257,41.252],[-114.245,41.153],[-114.43,41.088],[-114.558,41.183],[-114.624,41.205],[-114.728,41.188],[-114.811,41.246],[-114.96,41.179],[-115.019,41.367],[-115.138,41.534],[-115.144,41.624],[-115.198,41.656],[-115.273,41.682],[-115.316,41.65],[-115.329,41.475],[-115.366,41.422],[-115.535,41.739],[-115.546,41.554],[-115.616,41.494],[-115.657,41.52],[-115.632,41.585],[-115.697,41.57],[-115.773,41.604],[-115.781,41.679],[-115.826,41.71],[-115.946,41.489],[-115.934,41.319],[-116.178,41.171],[-116.172,41.114],[-116.271,40.971],[-116.346,41.093],[-116.289,41.214],[-116.394,41.242],[-116.382,41.312],[-116.506,41.362],[-116.651,41.343],[-116.75,41.244],[-117.036,41.167],[-117.024,41.235],[-117.105,41.325],[-117.057,41.437],[-117.112,41.517],[-117.209,41.515],[-117.347,41.457],[-117.373,41.544],[-117.545,41.574],[-117.59,41.53],[-117.62,41.339],[-117.685,41.317],[-117.776,41.425],[-117.759,41.641],[-117.703,41.762],[-117.797,41.807],[-117.874,41.811],[-117.925,41.73],[-117.969,41.718],[-117.995,41.545],[-118.057,41.459],[-118.063,41.607],[-118.16,41.785],[-118.238,41.906],[-118.317,41.922],[-118.256,41.585],[-118.277,41.54],[-118.564,41.849],[-118.601,41.847],[-118.563,41.541],[-118.617,41.471],[-118.708,41.52],[-118.79,41.497],[-118.887,41.395],[-118.878,41.285],[-118.976,41.159],[-119.014,41.16],[-119.118,41.272],[-119.135,41.415],[-119.24,41.394],[-119.258,41.337],[-119.19,41.314],[-119.17,41.235],[-119.16,41.037],[-119.209,40.942],[-119.254,40.927],[-119.335,40.982],[-119.413,40.916],[-119.358,40.786],[-119.299,40.754],[-119.383,40.669],[-119.536,40.824],[-119.526,40.771],[-119.653,40.658],[-119.84,40.719],[-119.854,40.545],[-119.92,40.516],[-119.893,40.239],[-120.17,40.3],[-120.189,40.368],[-120.271,40.405],[-120.388,40.389],[-120.454,40.453],[-120.527,40.415],[-120.589,40.401],[-120.674,40.426],[-120.673,40.412]],[[-118.007,36.811],[-117.887,36.621],[-117.927,36.621],[-117.975,36.679],[-118.03,36.85],[-118.007,36.811]],[[-117.998,37.007],[-118.048,36.888],[-118.106,37.002],[-118.081,37.026],[-118.041,37.008],[-118.017,37.071],[-117.998,37.007]],[[-118.275,37.888],[-118.261,37.748],[-118.217,37.731],[-118.24,37.694],[-118.204,37.693],[-118.202,37.627],[-118.053,37.53],[-118.114,37.429],[-118.08,37.413],[-118.181,37.35],[-118.245,37.437],[-118.232,37.483],[-118.286,37.529],[-118.319,37.705],[-118.406,37.816],[-118.391,37.871],[-118.304,37.943],[-118.275,37.888]],[[-116.443,38.024],[-116.389,37.915],[-116.408,37.902],[-116.531,37.941],[-116.478,37.954],[-116.51,37.996],[-116.486,38.033],[-116.443,38.024]],[[-115.658,38.191],[-115.613,38.22],[-115.774,38.021],[-115.8,38.063],[-115.763,38.071],[-115.773,38.14],[-115.753,38.121],[-115.707,38.138],[-115.668,38.225],[-115.658,38.191]],[[-118.796,38.299],[-118.793,38.256],[-118.869,38.25],[-118.985,38.182],[-119.104,38.225],[-119.087,38.274],[-119.004,38.257],[-118.977,38.308],[-118.941,38.281],[-118.966,38.227],[-118.909,38.288],[-118.796,38.299]],[[-118.663,38.316],[-118.637,38.286],[-118.682,38.219],[-118.724,38.328],[-118.705,38.349],[-118.663,38.316]],[[-115.483,38.358],[-115.482,38.274],[-115.588,38.193],[-115.512,38.336],[-115.536,38.352],[-115.504,38.382],[-115.483,38.358]],[[-116.726,38.401],[-116.721,38.37],[-116.786,38.33],[-116.885,38.392],[-116.779,38.399],[-116.756,38.46],[-116.726,38.401]],[[-119.281,38.517],[-119.239,38.385],[-119.266,38.378],[-119.226,38.366],[-119.265,38.318],[-119.261,38.359],[-119.318,38.368],[-119.347,38.405],[-119.365,38.369],[-119.385,38.389],[-119.358,38.494],[-119.346,38.479],[-119.288,38.535],[-119.281,38.517]],[[-119.098,38.569],[-119.079,38.519],[-119.142,38.514],[-119.158,38.557],[-119.098,38.569]],[[-118.756,38.579],[-118.718,38.468],[-118.769,38.437],[-118.824,38.492],[-118.853,38.482],[-118.853,38.531],[-118.825,38.528],[-118.848,38.585],[-118.817,38.579],[-118.81,38.627],[-118.756,38.579]],[[-119.161,38.656],[-119.115,38.668],[-119.085,38.619],[-119.125,38.606],[-119.184,38.686],[-119.161,38.656]],[[-114.935,38.709],[-114.961,38.621],[-115.01,38.659],[-114.935,38.709]],[[-116.258,38.705],[-116.267,38.598],[-116.328,38.638],[-116.38,38.627],[-116.355,38.708],[-116.277,38.728],[-116.258,38.705]],[[-114.746,38.732],[-114.707,38.673],[-114.739,38.601],[-114.784,38.726],[-114.765,38.762],[-114.746,38.732]],[[-117.512,38.798],[-117.553,38.689],[-117.578,38.716],[-117.524,38.834],[-117.512,38.798]],[[-116.873,38.841],[-116.86,38.751],[-116.823,38.736],[-116.862,38.696],[-116.841,38.68],[-116.915,38.698],[-116.885,38.645],[-117.006,38.64],[-117.039,38.665],[-116.955,38.715],[-116.991,38.823],[-116.907,38.873],[-116.873,38.841]],[[-114.877,38.976],[-114.857,38.889],[-114.912,38.787],[-114.968,38.758],[-114.929,38.807],[-114.931,38.895],[-114.884,38.911],[-114.927,38.919],[-114.924,38.966],[-114.877,38.976]],[[-114.632,38.928],[-114.603,38.922],[-114.652,38.836],[-114.661,38.872],[-114.705,38.875],[-114.702,38.846],[-114.754,38.879],[-114.728,38.937],[-114.702,38.889],[-114.673,38.891],[-114.66,38.998],[-114.632,38.928]],[[-115.39,38.879],[-115.401,38.831],[-115.481,38.856],[-115.447,38.888],[-115.441,39.024],[-115.372,38.98],[-115.413,38.952],[-115.39,38.879]],[[-114.308,39.049],[-114.266,39.049],[-114.24,38.965],[-114.213,38.978],[-114.173,38.943],[-114.242,38.935],[-114.204,38.903],[-114.26,38.899],[-114.222,38.892],[-114.237,38.865],[-114.188,38.825],[-114.175,38.726],[-114.227,38.81],[-114.272,38.802],[-114.276,38.774],[-114.294,38.807],[-114.329,38.777],[-114.318,38.886],[-114.388,39.063],[-114.359,39.086],[-114.308,39.049]],[[-116.85,39.17],[-116.797,39.164],[-116.781,39.136],[-116.821,39.098],[-116.762,39.087],[-116.751,39.04],[-116.83,38.971],[-116.81,38.938],[-116.836,38.924],[-116.912,38.941],[-116.855,38.979],[-116.85,39.17]],[[-114.682,39.168],[-114.649,39.16],[-114.648,39.08],[-114.708,39.145],[-114.682,39.168]],[[-114.905,39.121],[-114.879,39.057],[-114.906,38.996],[-114.965,39.141],[-114.932,39.187],[-114.905,39.121]],[[-116.22,39.173],[-116.251,39.003],[-116.292,39.119],[-116.274,39.175],[-116.236,39.171],[-116.233,39.201],[-116.22,39.173]],[[-117.409,39.199],[-117.438,39.171],[-117.403,39.155],[-117.455,39.151],[-117.451,39.112],[-117.474,39.134],[-117.483,39.101],[-117.52,39.121],[-117.525,39.032],[-117.584,38.992],[-117.563,39.118],[-117.409,39.199]],[[-116.486,39.205],[-116.422,39.106],[-116.407,39.131],[-116.371,39.087],[-116.357,39.016],[-116.39,39.052],[-116.445,39.029],[-116.45,38.962],[-116.539,38.868],[-116.513,38.839],[-116.546,38.827],[-116.551,38.645],[-116.589,38.644],[-116.729,38.504],[-116.748,38.519],[-116.641,38.663],[-116.671,38.656],[-116.677,38.694],[-116.643,38.848],[-116.462,39.047],[-116.504,39.17],[-116.486,39.205]],[[-119.468,39.212],[-119.484,39.088],[-119.448,38.977],[-119.492,38.826],[-119.43,38.808],[-119.558,38.776],[-119.583,38.838],[-119.543,38.844],[-119.477,38.965],[-119.503,39.195],[-119.468,39.212]],[[-117.179,39.234],[-117.139,39.213],[-117.136,39.16],[-117.187,39.131],[-117.274,38.981],[-117.27,38.908],[-117.304,38.893],[-117.262,38.886],[-117.293,38.844],[-117.244,38.868],[-117.263,38.828],[-117.238,38.833],[-117.225,38.79],[-117.232,38.749],[-117.268,38.759],[-117.304,38.729],[-117.265,38.675],[-117.299,38.67],[-117.32,38.734],[-117.346,38.712],[-117.373,38.739],[-117.412,38.714],[-117.362,38.674],[-117.438,38.664],[-117.477,38.84],[-117.424,38.782],[-117.381,38.785],[-117.447,38.873],[-117.292,39.014],[-117.289,39.09],[-117.248,39.178],[-117.201,39.194],[-117.202,39.258],[-117.179,39.234]],[[-115.528,39.272],[-115.505,39.24],[-115.535,39.184],[-115.564,39.247],[-115.528,39.272]],[[-115.421,39.226],[-115.444,39.195],[-115.479,39.254],[-115.454,39.304],[-115.421,39.226]],[[-114.712,39.266],[-114.695,39.211],[-114.735,39.204],[-114.749,39.318],[-114.712,39.266]],[[-114.177,39.322],[-114.102,39.318],[-114.094,39.258],[-114.177,39.244],[-114.119,39.193],[-114.195,39.174],[-114.3,39.215],[-114.272,39.317],[-114.177,39.322]],[[-116.447,39.412],[-116.424,39.38],[-116.452,39.312],[-116.413,39.262],[-116.437,39.226],[-116.489,39.221],[-116.555,39.351],[-116.447,39.412]],[[-117.761,39.416],[-117.645,39.295],[-117.7,39.301],[-117.718,39.223],[-117.768,39.281],[-117.781,39.435],[-117.761,39.416]],[[-114.275,39.504],[-114.26,39.373],[-114.317,39.468],[-114.275,39.504]],[[-117.034,39.457],[-116.96,39.468],[-117.012,39.408],[-117.056,39.404],[-117.041,39.375],[-117.123,39.231],[-117.151,39.284],[-117.203,39.27],[-117.102,39.35],[-117.041,39.588],[-117.034,39.457]],[[-117.925,39.598],[-117.873,39.576],[-117.905,39.498],[-117.956,39.515],[-117.925,39.598]],[[-116.684,39.632],[-116.725,39.546],[-116.801,39.529],[-116.773,39.598],[-116.684,39.632]],[[-117.459,39.605],[-117.492,39.612],[-117.47,39.668],[-117.428,39.631],[-117.459,39.605]],[[-114.869,39.757],[-114.889,39.658],[-114.949,39.632],[-114.956,39.668],[-114.869,39.757]],[[-114.623,39.645],[-114.59,39.638],[-114.64,39.608],[-114.586,39.6],[-114.63,39.577],[-114.614,39.537],[-114.582,39.55],[-114.592,39.475],[-114.531,39.291],[-114.554,39.251],[-114.622,39.274],[-114.579,39.165],[-114.607,39.13],[-114.688,39.26],[-114.64,39.341],[-114.626,39.501],[-114.693,39.55],[-114.643,39.782],[-114.592,39.714],[-114.623,39.645]],[[-114.064,39.793],[-114.03,39.795],[-114.005,39.714],[-114.074,39.746],[-114.064,39.793]],[[-116.87,39.815],[-116.845,39.783],[-116.917,39.745],[-116.951,39.595],[-116.991,39.734],[-116.927,39.754],[-116.859,39.882],[-116.87,39.815]],[[-116.556,39.737],[-116.606,39.725],[-116.619,39.624],[-116.624,39.725],[-116.546,39.91],[-116.556,39.737]],[[-116.285,39.888],[-116.257,39.903],[-116.242,39.817],[-116.323,39.845],[-116.354,39.775],[-116.388,39.83],[-116.349,39.841],[-116.354,39.916],[-116.285,39.888]],[[-113.85,39.919],[-113.911,39.897],[-113.856,39.835],[-113.929,39.728],[-113.98,39.789],[-113.902,39.924],[-113.89,40.019],[-113.85,39.919]],[[-114.903,40.21],[-114.866,40.117],[-114.822,40.134],[-114.807,40.094],[-114.862,40.078],[-114.835,40.032],[-114.868,40.03],[-114.912,39.932],[-114.875,40.041],[-114.907,40.046],[-114.892,40.132],[-114.936,40.226],[-114.903,40.21]],[[-115.551,40.265],[-115.52,40.251],[-115.524,40.176],[-115.591,40.074],[-115.612,40.119],[-115.573,40.154],[-115.578,40.251],[-115.551,40.265]],[[-114.892,40.268],[-114.884,40.293],[-114.874,40.207],[-114.93,40.26],[-114.927,40.318],[-114.892,40.268]],[[-116.867,40.419],[-116.839,40.397],[-116.869,40.297],[-116.88,40.338],[-116.935,40.362],[-116.876,40.36],[-116.911,40.416],[-116.867,40.419]],[[-112.244,40.496],[-112.147,40.465],[-112.195,40.454],[-112.149,40.37],[-112.174,40.335],[-112.234,40.334],[-112.253,40.361],[-112.215,40.358],[-112.214,40.417],[-112.282,40.395],[-112.247,40.429],[-112.276,40.445],[-112.234,40.457],[-112.244,40.496]],[[-112.617,40.519],[-112.56,40.448],[-112.588,40.444],[-112.581,40.378],[-112.613,40.44],[-112.647,40.435],[-112.62,40.561],[-112.617,40.519]],[[-114.822,40.575],[-114.794,40.58],[-114.797,40.55],[-114.844,40.506],[-114.83,40.615],[-114.822,40.575]],[[-115.259,40.772],[-115.238,40.757],[-115.502,40.373],[-115.523,40.43],[-115.473,40.456],[-115.536,40.496],[-115.487,40.495],[-115.518,40.522],[-115.438,40.513],[-115.43,40.542],[-115.45,40.597],[-115.516,40.636],[-115.457,40.653],[-115.365,40.622],[-115.431,40.678],[-115.382,40.674],[-115.37,40.701],[-115.33,40.683],[-115.259,40.772]],[[-115.089,41.032],[-115.099,40.875],[-115.144,40.873],[-115.179,40.93],[-115.115,40.973],[-115.123,41.03],[-115.089,41.032]]]},"properties":{"id":"greatbasin"}},{"type":"Feature","geometry":{"type":"MultiPolygon","coordinates":[[[[-73.076,-52.254],[-72.948,-52.261],[-72.94,-52.265],[-72.932,-52.296],[-73.06,-52.368],[-73.271,-52.382],[-73.361,-52.423],[-73.455,-52.416],[-73.485,-52.356],[-73.444,-52.283],[-73.201,-52.245],[-73.113,-52.26],[-73.076,-52.254]]],[[[-72.31,-52.238],[-72.15,-52.187],[-72.028,-52.337],[-72.312,-52.392],[-72.363,-52.278],[-72.31,-52.238]]],[[[-73.254,-51.469],[-73.37,-51.459],[-73.409,-51.429],[-73.396,-51.381],[-73.141,-51.365],[-73.13,-51.438],[-73.244,-51.469],[-73.254,-51.469]]],[[[-73.635,-47.463],[-73.54,-47.391],[-73.464,-47.419],[-73.379,-47.404],[-73.256,-47.165],[-73.196,-46.413],[-73.236,-46.387],[-73.475,-46.425],[-73.454,-46.358],[-73.244,-46.217],[-73.168,-46.094],[-73.086,-46.043],[-73.087,-45.774],[-72.965,-45.782],[-72.822,-45.894],[-72.567,-45.942],[-72.542,-46.004],[-72.611,-46.067],[-72.792,-46.025],[-72.887,-46.135],[-72.797,-46.189],[-72.634,-46.213],[-72.561,-46.291],[-72.96,-46.347],[-73.111,-46.585],[-73.089,-46.682],[-73.056,-46.759],[-73.113,-47.037],[-73.048,-47.114],[-72.904,-47.148],[-72.906,-47.242],[-73.305,-47.479],[-73.326,-47.518],[-73.265,-47.582],[-73.527,-47.723],[-73.621,-47.704],[-73.579,-47.585],[-73.635,-47.463]]],[[[-64.561,-42.493],[-64.572,-42.428],[-64.435,-42.44],[-64.308,-42.408],[-64.121,-42.43],[-64.044,-42.35],[-64.08,-42.261],[-64.381,-42.239],[-64.072,-42.178],[-63.918,-42.092],[-63.765,-42.07],[-63.606,-42.318],[-63.587,-42.606],[-63.644,-42.702],[-63.636,-42.766],[-63.737,-42.816],[-64.145,-42.873],[-64.261,-42.748],[-64.217,-42.621],[-64.275,-42.624],[-64.265,-42.586],[-64.316,-42.588],[-64.308,-42.556],[-64.346,-42.536],[-64.561,-42.493]]],[[[-68.784,-37.857],[-68.867,-37.919],[-68.947,-37.936],[-69.033,-37.905],[-69.064,-37.932],[-69.151,-37.927],[-69.204,-37.887],[-69.197,-37.806],[-69.095,-37.765],[-69.095,-37.738],[-69.18,-37.727],[-69.181,-37.664],[-69.056,-37.619],[-68.824,-37.616],[-68.716,-37.692],[-68.72,-37.841],[-68.784,-37.857]]],[[[-69.093,-33.378],[-69.134,-34.001],[-69.087,-34.367],[-69.056,-34.4],[-69.151,-35.045],[-69.112,-35.081],[-69.122,-35.181],[-69.072,-35.222],[-69.066,-35.303],[-68.997,-35.319],[-68.932,-35.282],[-68.768,-35.281],[-68.463,-35.428],[-68.305,-35.631],[-68.262,-35.82],[-68.284,-36.366],[-68.335,-36.44],[-68.309,-36.589],[-68.365,-36.603],[-68.458,-36.71],[-68.481,-36.818],[-68.582,-36.987],[-68.743,-37.105],[-69.014,-37.23],[-69.163,-37.249],[-69.87,-36.905],[-69.887,-36.982],[-69.833,-37.021],[-69.881,-37.114],[-69.843,-37.143],[-69.803,-37.325],[-69.658,-37.236],[-69.589,-37.255],[-69.579,-37.318],[-69.626,-37.338],[-69.602,-37.406],[-69.55,-37.372],[-69.379,-37.343],[-69.285,-37.431],[-69.586,-37.558],[-69.649,-37.631],[-69.482,-38.092],[-69.494,-38.265],[-69.549,-38.292],[-69.647,-38.229],[-69.749,-37.998],[-69.764,-37.823],[-69.841,-37.65],[-70.124,-37.561],[-70.128,-37.608],[-69.936,-37.826],[-69.86,-38.136],[-69.874,-38.232],[-69.97,-38.341],[-70.175,-38.495],[-70.165,-38.575],[-70.047,-38.502],[-69.969,-38.498],[-69.942,-38.582],[-70.084,-38.703],[-70.054,-38.987],[-69.985,-39.226],[-69.854,-39.233],[-69.71,-39.281],[-69.638,-39.39],[-69.745,-39.507],[-69.989,-39.615],[-70.142,-39.857],[-70.154,-39.973],[-69.944,-40.037],[-69.732,-40.01],[-69.25,-40.046],[-69.019,-39.95],[-68.944,-39.953],[-68.876,-40.085],[-68.801,-40.098],[-68.722,-40.066],[-68.468,-40.044],[-67.73,-40.337],[-67.576,-40.367],[-67.535,-40.41],[-67.544,-40.578],[-67.49,-40.634],[-67.594,-40.776],[-67.621,-41.183],[-67.576,-41.222],[-67.492,-41.225],[-67.401,-41.167],[-67.191,-40.913],[-66.941,-40.916],[-66.864,-40.958],[-66.611,-40.96],[-66.517,-40.875],[-66.411,-40.83],[-66.331,-40.83],[-66.223,-40.904],[-66.184,-41.011],[-66.204,-41.336],[-66.123,-41.534],[-66.152,-41.688],[-66.277,-41.686],[-66.351,-41.646],[-66.416,-41.749],[-66.659,-41.843],[-67.047,-41.73],[-67.359,-41.722],[-67.798,-42.053],[-67.829,-42.162],[-67.873,-42.19],[-67.878,-42.26],[-67.762,-42.379],[-67.66,-42.417],[-67.608,-42.384],[-67.258,-42.367],[-67.119,-42.416],[-67.02,-42.638],[-67.033,-42.963],[-67.091,-43.039],[-67.494,-43.261],[-67.529,-43.568],[-67.375,-43.928],[-67.063,-44.228],[-66.741,-44.206],[-66.606,-44.15],[-66.198,-44.063],[-65.84,-43.87],[-65.463,-43.728],[-65.347,-43.733],[-65.291,-43.954],[-65.234,-43.971],[-65.235,-44.037],[-65.186,-44.036],[-65.235,-44.074],[-65.22,-44.138],[-65.277,-44.149],[-65.309,-44.2],[-65.214,-44.366],[-65.33,-44.452],[-65.281,-44.514],[-65.37,-44.516],[-65.368,-44.584],[-65.457,-44.575],[-65.683,-44.718],[-65.724,-44.85],[-65.522,-44.933],[-65.594,-44.958],[-65.606,-45.028],[-65.686,-45.037],[-65.689,-45.061],[-65.753,-45.023],[-65.812,-45.018],[-65.82,-45.042],[-65.864,-45.003],[-65.935,-45.047],[-66.005,-45.005],[-66.195,-44.985],[-66.279,-45.055],[-66.353,-45.04],[-66.505,-45.093],[-66.531,-45.138],[-66.47,-45.162],[-66.593,-45.141],[-66.518,-45.226],[-66.847,-45.231],[-66.947,-45.267],[-67.343,-45.63],[-67.369,-45.783],[-67.532,-45.911],[-67.527,-45.958],[-67.619,-46.056],[-67.608,-46.253],[-67.421,-46.554],[-67.34,-46.619],[-67.117,-46.702],[-66.787,-47.007],[-66.636,-47.054],[-66.192,-47.095],[-65.972,-47.075],[-65.874,-47.102],[-65.747,-47.203],[-65.715,-47.34],[-65.739,-47.51],[-65.836,-47.743],[-65.894,-47.765],[-65.854,-47.881],[-65.772,-47.906],[-65.774,-47.948],[-65.929,-47.939],[-65.954,-47.974],[-65.913,-48.006],[-65.975,-48.048],[-65.911,-48.108],[-66.101,-48.118],[-66.148,-48.19],[-66.328,-48.274],[-66.325,-48.355],[-66.427,-48.346],[-66.489,-48.415],[-66.681,-48.447],[-66.835,-48.563],[-67.067,-48.64],[-67.23,-48.819],[-67.411,-48.9],[-67.626,-49.113],[-67.596,-49.163],[-67.677,-49.252],[-67.585,-49.259],[-67.777,-49.896],[-67.996,-50.055],[-68.14,-50.107],[-68.332,-50.125],[-68.521,-49.904],[-68.601,-49.86],[-68.584,-49.967],[-68.494,-50.08],[-68.356,-50.163],[-68.875,-50.34],[-69.077,-50.562],[-69.142,-50.738],[-69.128,-50.899],[-69.218,-50.972],[-69.162,-50.991],[-68.941,-51.547],[-68.978,-51.583],[-69.037,-51.566],[-69.114,-51.607],[-69.177,-51.601],[-69.198,-51.626],[-69.153,-51.662],[-69.225,-51.694],[-69.004,-51.61],[-68.957,-51.635],[-68.757,-51.929],[-68.368,-52.308],[-68.423,-52.393],[-68.497,-52.334],[-68.915,-52.299],[-69.204,-52.195],[-69.447,-52.262],[-69.489,-52.39],[-69.573,-52.422],[-69.544,-52.463],[-69.668,-52.542],[-69.778,-52.532],[-69.852,-52.488],[-70.16,-52.586],[-70.216,-52.657],[-70.324,-52.638],[-70.535,-52.726],[-70.567,-52.708],[-70.503,-52.658],[-70.56,-52.667],[-71.084,-52.383],[-71.558,-52.171],[-71.676,-51.895],[-71.893,-51.811],[-71.994,-51.829],[-72.097,-51.76],[-72.06,-51.721],[-72.189,-51.639],[-72.142,-51.561],[-71.419,-51.837],[-71.248,-51.818],[-71.248,-51.77],[-71.305,-51.741],[-71.99,-51.485],[-72.028,-51.323],[-72.257,-51.199],[-72.418,-50.837],[-72.788,-50.357],[-72.888,-50.107],[-72.912,-49.905],[-72.866,-49.688],[-72.768,-49.441],[-72.656,-49.336],[-72.632,-49.239],[-72.443,-48.953],[-72.403,-48.568],[-72.29,-48.488],[-72.206,-48.528],[-72.061,-48.52],[-72.206,-48.235],[-72.202,-47.861],[-71.81,-47.171],[-71.834,-47.092],[-72.181,-46.972],[-72.295,-46.962],[-72.39,-46.897],[-72.356,-46.74],[-71.932,-46.622],[-71.818,-46.518],[-71.859,-46.388],[-71.983,-46.413],[-72.266,-46.273],[-71.947,-46.159],[-71.799,-46.066],[-71.758,-45.877],[-71.62,-45.863],[-71.542,-45.81],[-71.542,-45.747],[-71.465,-45.727],[-71.465,-45.652],[-71.584,-45.57],[-71.683,-45.58],[-71.709,-45.543],[-71.698,-45.422],[-71.642,-45.396],[-71.567,-45.407],[-71.547,-45.368],[-71.671,-45.283],[-71.612,-45.08],[-71.468,-44.995],[-71.416,-45.047],[-71.377,-45.041],[-71.337,-44.916],[-71.39,-44.897],[-71.403,-44.805],[-71.318,-44.844],[-71.063,-44.752],[-71.082,-44.661],[-71.187,-44.596],[-71.252,-44.622],[-71.265,-44.707],[-71.331,-44.7],[-71.305,-44.576],[-71.475,-44.582],[-71.216,-44.409],[-71.282,-44.33],[-71.341,-44.311],[-71.413,-44.337],[-71.387,-44.232],[-71.249,-44.173],[-71.288,-44.029],[-71.203,-43.898],[-71.301,-43.8],[-71.315,-43.695],[-71.105,-43.591],[-71.079,-43.322],[-71.203,-43.146],[-71.321,-43.126],[-71.328,-43.028],[-71.445,-42.93],[-71.328,-42.786],[-71.275,-42.897],[-71.197,-42.897],[-71.19,-42.766],[-71.118,-42.674],[-71.331,-42.625],[-71.174,-42.547],[-71.154,-42.383],[-71.233,-42.383],[-71.292,-42.468],[-71.448,-42.442],[-71.383,-42.226],[-71.298,-42.232],[-71.226,-42.141],[-71.148,-41.787],[-70.945,-41.696],[-71.246,-41.179],[-71.141,-41.054],[-71.151,-40.626],[-71.072,-40.22],[-71.229,-40.03],[-71.223,-39.788],[-71.151,-39.644],[-70.968,-39.552],[-70.935,-39.487],[-70.824,-39.454],[-70.647,-39.303],[-70.575,-39.199],[-70.644,-38.96],[-70.637,-38.75],[-70.755,-38.58],[-70.748,-38.495],[-70.912,-38.024],[-70.912,-37.827],[-70.991,-37.814],[-70.886,-37.814],[-70.86,-37.788],[-70.853,-37.716],[-71.01,-37.677],[-71.01,-37.65],[-70.945,-37.644],[-70.977,-37.552],[-70.938,-37.552],[-70.873,-37.402],[-71.063,-37.362],[-70.905,-37.297],[-70.892,-37.205],[-70.997,-37.16],[-70.938,-37.107],[-70.925,-37.186],[-70.853,-37.127],[-70.84,-37.074],[-70.905,-37.002],[-70.958,-37.002],[-71.01,-36.858],[-70.945,-36.878],[-70.866,-36.754],[-70.833,-36.747],[-70.886,-36.636],[-70.788,-36.629],[-70.742,-36.688],[-70.637,-36.59],[-70.552,-36.584],[-70.532,-36.675],[-70.552,-36.714],[-70.604,-36.728],[-70.565,-36.852],[-70.631,-37.002],[-70.603,-37.277],[-70.554,-37.277],[-70.48,-37.196],[-70.472,-36.942],[-70.382,-36.942],[-70.382,-36.819],[-70.439,-36.786],[-70.39,-36.729],[-70.259,-36.664],[-70.274,-36.61],[-70.138,-36.418],[-69.896,-36.236],[-69.935,-36.158],[-70.086,-36.073],[-70.083,-36.031],[-70.025,-36.001],[-69.796,-36.024],[-69.75,-35.998],[-69.661,-36.002],[-69.548,-35.844],[-69.578,-35.806],[-69.53,-35.766],[-69.522,-35.668],[-69.479,-35.638],[-69.493,-35.452],[-69.587,-35.475],[-69.625,-35.443],[-69.711,-35.439],[-69.849,-35.367],[-69.856,-35.33],[-69.761,-35.267],[-69.417,-35.324],[-69.413,-35.216],[-69.608,-35.065],[-69.743,-34.904],[-69.63,-34.913],[-69.393,-35.033],[-69.344,-35.009],[-69.278,-34.685],[-69.316,-34.656],[-69.348,-34.527],[-69.316,-34.452],[-69.387,-34.419],[-69.258,-34.264],[-69.24,-34.08],[-69.275,-34.051],[-69.27,-33.923],[-69.332,-33.793],[-69.321,-33.69],[-69.276,-33.64],[-69.257,-33.37],[-69.093,-33.378]]]]},"properties":{"id":"patagonian"}},{"type":"Feature","geometry":{"type":"MultiPolygon","coordinates":[[[[-75.164,2.043],[-75.171,1.97],[-75.245,2.016],[-75.29,1.886],[-75.377,1.856],[-75.423,1.899],[-75.449,1.72],[-75.521,1.679],[-75.568,1.741],[-75.592,1.658],[-75.658,1.708],[-75.686,1.579],[-75.747,1.611],[-75.807,1.477],[-75.838,1.546],[-75.909,1.375],[-76.037,1.314],[-76.132,1.328],[-76.191,1.209],[-76.28,1.257],[-76.282,1.019],[-76.344,1.086],[-76.367,1.043],[-76.485,1.094],[-76.529,1.051],[-76.539,1.195],[-76.56,1.066],[-76.624,1.106],[-76.713,0.892],[-76.764,0.908],[-76.724,0.801],[-76.781,0.844],[-76.818,0.811],[-76.744,0.722],[-76.837,0.735],[-76.792,0.694],[-76.874,0.702],[-76.855,0.658],[-76.912,0.639],[-76.743,0.624],[-76.926,0.609],[-76.817,0.592],[-76.974,0.492],[-76.87,0.464],[-76.902,0.408],[-77.044,0.388],[-77.037,0.533],[-77.107,0.422],[-77.184,0.504],[-77.183,0.433],[-77.287,0.441],[-77.227,0.392],[-77.334,0.394],[-77.308,0.31],[-77.357,0.293],[-77.287,0.255],[-77.426,0.279],[-77.407,0.2],[-77.291,0.233],[-77.245,0.138],[-77.317,0.107],[-77.301,0.059],[-77.51,0.237],[-77.346,-0.1],[-77.398,-0.153],[-77.296,-0.086],[-77.281,-0.15],[-77.367,-0.224],[-77.319,-0.366],[-77.368,-0.365],[-77.38,-0.242],[-77.436,-0.45],[-77.399,-0.508],[-77.352,-0.449],[-77.356,-0.593],[-77.407,-0.608],[-77.354,-0.626],[-77.478,-0.692],[-77.426,-0.754],[-77.515,-0.765],[-77.476,-0.79],[-77.565,-0.98],[-77.671,-0.99],[-77.734,-0.929],[-77.799,-0.972],[-77.817,-0.877],[-77.896,-1.022],[-77.85,-1.051],[-77.984,-1.047],[-77.949,-1.109],[-77.848,-1.097],[-77.92,-1.164],[-77.884,-1.227],[-77.77,-1.125],[-77.81,-1.205],[-77.723,-1.193],[-77.779,-1.25],[-77.716,-1.229],[-77.752,-1.301],[-77.449,-1.141],[-77.506,-1.178],[-77.476,-1.206],[-77.681,-1.282],[-77.622,-1.315],[-77.674,-1.38],[-77.469,-1.367],[-77.539,-1.379],[-77.466,-1.408],[-77.609,-1.43],[-77.574,-1.471],[-77.647,-1.466],[-77.511,-1.527],[-77.603,-1.502],[-77.567,-1.533],[-77.628,-1.548],[-77.692,-1.496],[-77.71,-1.563],[-77.812,-1.514],[-77.835,-1.556],[-77.777,-1.578],[-77.802,-1.612],[-77.706,-1.615],[-77.719,-1.674],[-77.612,-1.664],[-77.692,-1.749],[-77.51,-1.757],[-77.534,-1.862],[-77.726,-1.808],[-77.594,-1.908],[-77.663,-1.862],[-77.693,-1.927],[-77.77,-1.86],[-77.695,-1.97],[-77.542,-1.986],[-77.558,-2.05],[-77.587,-2.003],[-77.633,-2.035],[-77.504,-2.126],[-77.665,-2.142],[-77.529,-2.316],[-77.6,-2.314],[-77.504,-2.364],[-77.571,-2.411],[-77.686,-2.313],[-77.684,-2.461],[-77.589,-2.524],[-77.588,-2.609],[-77.654,-2.541],[-77.624,-2.688],[-77.684,-2.638],[-77.648,-2.515],[-77.67,-2.548],[-77.715,-2.468],[-77.732,-2.505],[-77.739,-2.343],[-77.795,-2.327],[-77.7,-2.603],[-77.748,-2.624],[-77.787,-2.415],[-77.802,-2.517],[-77.843,-2.5],[-77.877,-2.568],[-77.831,-2.583],[-77.865,-2.73],[-77.824,-2.759],[-77.88,-2.759],[-77.877,-2.681],[-77.906,-2.795],[-77.943,-2.749],[-77.994,-2.781],[-77.963,-2.92],[-77.889,-2.977],[-78.21,-3.023],[-78.238,-2.825],[-78.249,-2.809],[-78.278,-2.805],[-78.176,-2.698],[-78.168,-2.583],[-78.205,-2.685],[-78.319,-2.745],[-78.313,-2.819],[-78.288,-2.805],[-78.247,-2.818],[-78.251,-2.895],[-78.267,-2.921],[-78.231,-2.985],[-78.25,-3.031],[-78.361,-3.052],[-78.427,-3.16],[-78.355,-3.06],[-78.259,-3.049],[-78.224,-3],[-78.212,-3.14],[-78.199,-3.032],[-78.058,-3.05],[-78.061,-3.195],[-77.944,-3.081],[-77.969,-3.212],[-78.025,-3.197],[-78.055,-3.262],[-77.977,-3.26],[-78.007,-3.354],[-77.934,-3.4],[-77.979,-3.388],[-77.99,-3.49],[-77.869,-3.558],[-77.904,-3.606],[-77.982,-3.573],[-77.983,-3.63],[-78.063,-3.527],[-78.047,-3.59],[-78.143,-3.574],[-78.04,-3.612],[-78.052,-3.684],[-77.983,-3.678],[-77.904,-3.78],[-77.954,-3.711],[-77.862,-3.711],[-77.903,-3.823],[-77.973,-3.753],[-77.991,-3.787],[-77.883,-3.89],[-77.945,-3.858],[-77.982,-3.901],[-77.914,-3.924],[-77.91,-4.005],[-77.945,-3.952],[-77.998,-4.053],[-78.069,-4.002],[-78.119,-4.032],[-78.003,-4.19],[-78.082,-4.14],[-78.086,-4.187],[-78.137,-4.172],[-78.051,-4.31],[-77.911,-4.333],[-77.912,-4.452],[-78.044,-4.431],[-78.049,-4.36],[-78.063,-4.56],[-78.124,-4.438],[-78.097,-4.36],[-78.141,-4.418],[-78.186,-4.386],[-78.142,-4.346],[-78.18,-4.374],[-78.231,-4.27],[-78.179,-4.251],[-78.164,-3.937],[-78.286,-3.857],[-78.198,-3.971],[-78.253,-4.034],[-78.251,-4.204],[-78.293,-4.232],[-78.322,-4.146],[-78.382,-4.139],[-78.384,-4.007],[-78.399,-4.093],[-78.475,-4.056],[-78.398,-4.114],[-78.422,-4.172],[-78.5,-4.107],[-78.423,-4.264],[-78.52,-4.139],[-78.531,-4.241],[-78.432,-4.354],[-78.479,-4.413],[-78.544,-4.394],[-78.489,-4.573],[-78.4,-4.449],[-78.257,-4.49],[-78.322,-4.55],[-78.294,-4.631],[-78.251,-4.552],[-78.244,-4.683],[-78.32,-4.725],[-78.313,-4.671],[-78.379,-4.758],[-78.335,-4.799],[-78.379,-4.771],[-78.403,-4.843],[-78.368,-4.904],[-78.351,-4.864],[-78.343,-5.084],[-78.225,-5.121],[-78.142,-5.094],[-77.771,-5.328],[-77.873,-5.156],[-77.791,-5.14],[-77.649,-5.223],[-77.752,-5.064],[-77.731,-4.992],[-77.599,-5.052],[-77.571,-5.166],[-77.42,-5.145],[-77.47,-5.315],[-77.382,-5.259],[-77.4,-5.366],[-77.304,-5.403],[-77.145,-5.613],[-77.095,-5.619],[-77.078,-5.514],[-76.959,-5.685],[-76.833,-5.76],[-76.757,-5.977],[-76.493,-6.138],[-76.502,-6.19],[-76.586,-6.198],[-76.498,-6.339],[-76.299,-6.47],[-76.085,-6.527],[-76.198,-6.561],[-76.494,-6.431],[-76.807,-6.148],[-76.801,-6.037],[-77.072,-5.866],[-77.073,-5.817],[-76.903,-5.937],[-76.877,-5.889],[-76.937,-5.81],[-77.153,-5.733],[-77.393,-5.456],[-77.369,-5.641],[-77.593,-5.652],[-77.451,-5.867],[-77.271,-5.893],[-77.129,-6.19],[-77.079,-6.213],[-77.035,-6.125],[-76.935,-6.134],[-76.869,-6.289],[-76.752,-6.338],[-76.64,-6.509],[-76.651,-6.577],[-76.796,-6.451],[-76.916,-6.432],[-76.729,-6.665],[-76.713,-6.782],[-76.915,-6.645],[-76.843,-6.785],[-76.894,-7.132],[-77.075,-6.954],[-77.257,-6.622],[-77.328,-6.62],[-77.401,-6.726],[-77.289,-6.804],[-77.301,-6.888],[-77.369,-6.909],[-77.229,-7.146],[-77.357,-7.207],[-77.355,-7.281],[-77.189,-7.382],[-77.047,-7.309],[-77.12,-7.736],[-77.053,-7.774],[-76.952,-7.61],[-76.787,-8.166],[-76.625,-8.311],[-76.516,-8.585],[-76.53,-8.8],[-76.485,-8.897],[-76.198,-9.018],[-76.204,-9.094],[-76.338,-9.081],[-76.398,-9.14],[-76.137,-9.364],[-76.046,-9.518],[-75.974,-9.393],[-75.89,-9.461],[-75.918,-9.317],[-75.774,-9.266],[-75.841,-9.154],[-75.953,-9.131],[-75.77,-9.022],[-75.768,-8.854],[-75.7,-8.907],[-75.635,-9.147],[-75.564,-9.184],[-75.547,-9.137],[-75.491,-9.111],[-75.494,-9.223],[-75.404,-9.279],[-75.392,-9.17],[-75.37,-9.275],[-75.297,-9.088],[-75.227,-8.995],[-75.181,-9.012],[-75.213,-9.315],[-75.265,-9.364],[-75.384,-9.319],[-75.442,-9.583],[-75.386,-9.612],[-75.253,-9.505],[-75.23,-9.725],[-75.578,-9.683],[-75.786,-10.138],[-75.712,-10.121],[-75.73,-10.187],[-75.679,-10.196],[-75.496,-9.99],[-75.381,-10.367],[-75.298,-10.37],[-75.203,-10.611],[-75.037,-10.449],[-74.943,-10.438],[-74.954,-10.611],[-74.809,-10.671],[-74.765,-10.606],[-74.398,-10.571],[-74.554,-10.414],[-74.37,-10.429],[-74.092,-10.713],[-74.262,-10.779],[-74.286,-10.848],[-73.888,-10.884],[-73.883,-10.949],[-73.984,-11.043],[-74.915,-10.735],[-75.169,-10.749],[-75.216,-10.803],[-75.373,-10.688],[-75.424,-10.976],[-75.34,-11.127],[-75.121,-10.915],[-75,-10.931],[-74.714,-11.121],[-74.664,-11.046],[-74.567,-11.044],[-74.703,-11.22],[-74.563,-11.264],[-74.592,-11.374],[-74.515,-11.39],[-74.518,-11.529],[-74.449,-11.434],[-74.408,-11.452],[-74.39,-11.676],[-74.782,-11.918],[-74.588,-11.968],[-74.339,-12.183],[-74.064,-12.294],[-73.635,-12.837],[-73.575,-12.749],[-73.594,-12.437],[-73.818,-11.877],[-73.793,-11.79],[-73.867,-11.603],[-73.804,-11.379],[-73.726,-11.568],[-73.476,-11.39],[-73.439,-11.329],[-73.502,-11.033],[-73.447,-10.955],[-73.237,-11.237],[-73.235,-11.372],[-73.327,-11.418],[-73.31,-11.694],[-73.263,-11.8],[-73.173,-11.829],[-73.193,-11.973],[-73.115,-11.967],[-73.308,-12.66],[-73.205,-12.611],[-72.775,-12.602],[-72.778,-12.825],[-72.735,-12.845],[-72.651,-12.679],[-72.438,-12.573],[-72.508,-12.395],[-72.151,-12.424],[-72.346,-12.304],[-72.633,-12.314],[-72.698,-12.269],[-72.814,-12.346],[-72.854,-12.318],[-72.748,-12.174],[-72.37,-12.184],[-72.366,-12.123],[-72.67,-11.974],[-72.52,-11.933],[-72.599,-11.772],[-72.405,-11.903],[-72.347,-11.75],[-72.169,-11.85],[-72.155,-12.025],[-72.013,-12.177],[-71.877,-12.033],[-71.754,-12.251],[-71.657,-12.056],[-71.485,-12.005],[-71.624,-12.184],[-71.52,-12.138],[-71.527,-12.327],[-71.388,-12.299],[-71.211,-12.456],[-71.23,-12.574],[-71.464,-12.435],[-71.518,-12.482],[-71.384,-12.78],[-71.425,-12.868],[-71.286,-13.011],[-71.326,-13.116],[-71.171,-13.166],[-71.106,-13.042],[-71.122,-12.86],[-70.905,-12.687],[-70.864,-12.892],[-70.692,-12.897],[-70.767,-13.011],[-70.522,-13.031],[-70.712,-13.288],[-70.662,-13.313],[-70.503,-13.222],[-70.482,-13.554],[-70.325,-13.473],[-69.668,-13.86],[-69.608,-13.81],[-69.625,-13.728],[-70.038,-13.523],[-70.19,-13.363],[-70.134,-13.258],[-69.88,-13.262],[-69.82,-13.333],[-69.94,-13.337],[-69.857,-13.494],[-69.38,-13.681],[-69.218,-13.649],[-69.118,-13.708],[-68.945,-13.449],[-68.82,-13.548],[-68.74,-13.407],[-68.564,-13.377],[-68.398,-13.453],[-68.192,-13.701],[-68.227,-13.613],[-68.121,-13.545],[-68.062,-13.53],[-68.051,-13.647],[-67.808,-13.485],[-67.59,-13.465],[-67.535,-13.51],[-67.589,-13.644],[-67.695,-13.644],[-67.621,-13.585],[-67.648,-13.554],[-67.829,-13.57],[-68.016,-13.682],[-67.847,-13.662],[-67.921,-13.725],[-68.111,-13.703],[-68.193,-13.751],[-68.144,-13.75],[-68.003,-13.738],[-67.984,-13.793],[-67.966,-13.801],[-67.907,-13.828],[-67.744,-13.96],[-67.584,-14.414],[-67.525,-14.471],[-67.276,-14.5],[-67.26,-14.623],[-67.176,-14.62],[-67.128,-14.793],[-67.072,-14.777],[-67.017,-15.003],[-67.085,-15.145],[-66.982,-15.283],[-66.895,-15.217],[-66.832,-15.237],[-66.444,-15.466],[-66.266,-15.682],[-66.356,-15.819],[-66.244,-15.863],[-66.221,-15.931],[-66.047,-15.805],[-65.971,-15.825],[-66.171,-15.981],[-65.99,-16.066],[-65.925,-16.014],[-65.967,-16.101],[-65.909,-16.145],[-65.9,-16.297],[-65.824,-16.325],[-65.639,-16.652],[-65.867,-16.61],[-65.698,-16.7],[-65.531,-16.898],[-65.078,-17.062],[-64.814,-17.264],[-64.586,-17.156],[-64.301,-17.292],[-64.037,-17.31],[-63.858,-17.449],[-63.814,-17.38],[-63.443,-17.542],[-63.442,-17.541],[-63.403,-17.499],[-63.508,-17.455],[-63.532,-17.364],[-63.599,-17.385],[-63.632,-17.294],[-63.717,-17.316],[-63.717,-17.194],[-64.042,-17.084],[-64.167,-16.904],[-63.927,-16.986],[-63.811,-16.899],[-63.586,-16.986],[-63.625,-16.89],[-63.562,-16.788],[-63.637,-16.573],[-63.597,-16.536],[-63.389,-16.756],[-63.396,-16.881],[-63.348,-16.777],[-63.25,-16.802],[-63.303,-16.835],[-62.925,-17.066],[-63.164,-16.607],[-63.28,-16.55],[-63.405,-16.309],[-63.59,-16.143],[-63.335,-15.93],[-63.589,-15.714],[-63.677,-15.664],[-63.642,-15.714],[-63.682,-15.706],[-63.81,-15.572],[-63.767,-15.658],[-63.876,-15.638],[-63.872,-15.687],[-64.028,-15.698],[-64.113,-15.59],[-64.114,-15.695],[-64.238,-15.658],[-64.432,-15.521],[-64.406,-15.464],[-64.486,-15.448],[-64.515,-15.494],[-64.461,-15.571],[-64.624,-15.432],[-64.7,-15.419],[-64.71,-15.464],[-64.847,-15.294],[-64.964,-14.832],[-64.892,-14.443],[-64.989,-13.985],[-65.122,-13.876],[-65.155,-13.726],[-65.297,-13.549],[-65.185,-13.069],[-65.072,-12.943],[-65.014,-12.973],[-64.995,-12.933],[-64.971,-12.69],[-65.099,-12.639],[-65.164,-12.909],[-65.294,-13.017],[-65.421,-13.615],[-65.314,-13.727],[-65.376,-13.953],[-65.305,-14.054],[-65.274,-13.806],[-65.188,-14.001],[-65.198,-13.894],[-65.085,-14.007],[-65.04,-14.328],[-65.145,-14.217],[-65.148,-14.117],[-65.182,-14.226],[-65.095,-14.419],[-65.048,-14.364],[-65.004,-14.453],[-65.078,-14.945],[-64.987,-15.155],[-65.177,-15.611],[-65.186,-15.562],[-65.252,-15.601],[-65.206,-15.43],[-65.384,-15.578],[-65.311,-15.603],[-65.325,-15.648],[-65.535,-15.846],[-65.69,-15.908],[-65.964,-15.893],[-65.839,-15.791],[-65.818,-15.679],[-65.865,-15.515],[-65.744,-14.669],[-65.613,-14.627],[-65.556,-14.484],[-65.764,-14.622],[-65.824,-14.764],[-65.814,-14.61],[-65.907,-14.754],[-65.851,-14.611],[-65.898,-14.653],[-65.859,-14.523],[-65.904,-14.521],[-66.005,-14.739],[-66.114,-14.792],[-65.948,-14.866],[-66.216,-14.821],[-66.252,-14.877],[-66.33,-14.874],[-66.281,-14.8],[-66.702,-15.002],[-66.28,-14.685],[-66.09,-14.763],[-66.002,-14.652],[-65.981,-14.502],[-65.912,-14.472],[-65.94,-14.423],[-66.029,-14.45],[-65.967,-14.422],[-65.988,-14.383],[-65.748,-14.35],[-65.489,-14.217],[-65.428,-14.094],[-65.67,-14.269],[-66.218,-14.38],[-66.324,-14.531],[-66.45,-14.594],[-66.378,-14.524],[-66.518,-14.552],[-66.84,-15.013],[-66.926,-15.051],[-66.97,-15.033],[-66.957,-14.656],[-67.232,-14.394],[-67.465,-14.369],[-67.468,-14.26],[-67.411,-14.263],[-67.433,-14.148],[-67.296,-14.068],[-67.234,-14.091],[-67.197,-14.005],[-67.194,-13.861],[-67.24,-13.83],[-67.057,-13.708],[-67.177,-13.724],[-67.079,-13.648],[-67.083,-13.5],[-66.919,-13.395],[-66.909,-13.277],[-66.951,-13.261],[-66.988,-13.385],[-67.142,-13.504],[-67.035,-13.249],[-67.073,-13.002],[-66.99,-12.863],[-66.785,-11.901],[-66.69,-11.952],[-66.734,-12.044],[-66.674,-12.016],[-66.673,-12.128],[-66.785,-12.081],[-66.81,-12.248],[-66.72,-12.177],[-66.693,-12.212],[-66.795,-12.303],[-66.806,-12.355],[-66.742,-12.34],[-66.852,-12.438],[-66.796,-12.487],[-66.876,-12.609],[-66.775,-12.679],[-66.73,-12.417],[-66.67,-12.528],[-66.813,-12.779],[-66.777,-12.826],[-66.893,-13.256],[-66.695,-12.945],[-66.585,-12.51],[-66.681,-12.272],[-66.623,-12.098],[-66.568,-12.097],[-66.6,-12.03],[-66.55,-11.943],[-66.672,-11.786],[-66.659,-11.608],[-66.62,-11.762],[-66.567,-11.754],[-66.482,-11.936],[-66.521,-12.07],[-66.48,-12.128],[-66.552,-12.203],[-66.514,-12.417],[-66.438,-11.989],[-66.352,-12.114],[-66.455,-12.205],[-66.424,-12.246],[-66.349,-12.217],[-66.346,-12.302],[-66.481,-12.441],[-66.457,-12.514],[-66.371,-12.458],[-66.4,-12.556],[-66.327,-12.526],[-66.326,-12.345],[-66.282,-12.391],[-66.179,-12.259],[-66.249,-12.056],[-66.174,-12.126],[-66.17,-12.066],[-66.112,-12.055],[-66.152,-12.23],[-66.058,-12.259],[-66.073,-12.313],[-65.981,-12.3],[-65.946,-12.432],[-65.915,-12.358],[-65.851,-12.391],[-65.869,-12.182],[-65.714,-12.128],[-65.588,-11.989],[-65.591,-12.131],[-65.506,-12.059],[-65.49,-12.168],[-65.451,-11.925],[-65.599,-11.547],[-65.509,-11.552],[-65.363,-11.921],[-65.35,-11.698],[-65.402,-11.623],[-65.325,-11.597],[-65.378,-11.526],[-65.298,-11.579],[-65.268,-11.909],[-65.396,-12.043],[-65.327,-12.034],[-65.279,-12.116],[-65.302,-12.293],[-65.191,-12.543],[-65.112,-12.535],[-65.092,-12.441],[-65.177,-12.337],[-65.144,-12.01],[-65.015,-11.973],[-64.935,-12.287],[-64.772,-12.339],[-64.811,-12.38],[-64.735,-12.413],[-64.662,-12.352],[-64.615,-12.478],[-64.432,-12.448],[-64.435,-12.639],[-64.661,-12.916],[-64.638,-13.197],[-64.546,-13.201],[-64.628,-13.068],[-64.589,-12.859],[-64.385,-12.714],[-64.318,-12.501],[-64.183,-12.777],[-64.089,-12.759],[-64.235,-12.604],[-64.192,-12.598],[-64.251,-12.495],[-64.184,-12.496],[-64.029,-12.69],[-63.955,-12.699],[-63.941,-12.853],[-63.893,-12.832],[-63.87,-12.893],[-63.934,-12.981],[-63.807,-12.949],[-63.72,-13.057],[-63.704,-13.192],[-63.607,-13.279],[-63.456,-13.279],[-63.408,-13.229],[-63.355,-13.288],[-63.184,-13.068],[-63.203,-12.817],[-63.076,-12.91],[-63.116,-13.014],[-63.023,-13.328],[-62.885,-13.314],[-62.904,-13.486],[-62.774,-13.558],[-62.718,-13.673],[-62.698,-13.807],[-62.768,-13.874],[-62.622,-13.916],[-62.467,-14.079],[-62.462,-14.224],[-62.624,-14.218],[-62.566,-14.333],[-62.662,-14.354],[-62.681,-14.607],[-62.778,-14.232],[-62.906,-14.218],[-63.047,-14.05],[-63.119,-14.086],[-63.007,-13.94],[-63.022,-13.884],[-63.225,-13.831],[-63.238,-13.915],[-63.306,-13.934],[-63.371,-13.828],[-63.513,-13.8],[-63.553,-13.683],[-63.667,-13.743],[-63.703,-13.677],[-63.653,-13.505],[-63.701,-13.569],[-63.778,-13.553],[-63.863,-14.066],[-63.683,-14.293],[-63.71,-14.389],[-63.821,-14.311],[-63.807,-14.394],[-63.851,-14.407],[-63.913,-14.227],[-63.928,-14.426],[-64.087,-14.363],[-64.125,-14.174],[-64.026,-14.185],[-63.917,-13.793],[-64.035,-13.807],[-64.117,-13.688],[-64.179,-13.705],[-64.122,-13.761],[-64.207,-13.816],[-64.301,-14.056],[-64.364,-14.005],[-64.358,-14.127],[-64.443,-14.043],[-64.522,-14.187],[-64.416,-14.304],[-64.47,-14.393],[-64.443,-14.462],[-64.532,-14.481],[-64.313,-14.642],[-64.37,-14.702],[-64.4,-14.62],[-64.445,-14.699],[-64.329,-14.777],[-64.277,-14.968],[-64.38,-14.818],[-64.539,-14.74],[-64.479,-14.816],[-64.651,-14.875],[-64.662,-14.943],[-64.714,-14.915],[-64.7,-14.979],[-64.658,-15.01],[-64.562,-14.87],[-64.425,-14.826],[-64.33,-14.962],[-64.37,-14.991],[-64.186,-15.075],[-64.154,-15.186],[-64.042,-15.233],[-64.068,-15.281],[-63.955,-15.309],[-63.886,-15.243],[-63.864,-15.303],[-63.925,-15.382],[-63.669,-15.628],[-63.427,-15.622],[-63.34,-15.695],[-63.217,-15.978],[-63.118,-16.013],[-63.289,-15.359],[-63.176,-15.241],[-63.081,-15.299],[-62.986,-15.592],[-62.67,-15.836],[-62.892,-15.403],[-62.873,-14.976],[-62.774,-15.177],[-62.567,-15.293],[-62.426,-15.55],[-62.308,-15.611],[-62.403,-15.316],[-62.597,-15.064],[-62.56,-14.566],[-62.408,-14.506],[-62.311,-14.55],[-62.084,-14.947],[-62.053,-14.659],[-61.8,-14.878],[-61.814,-14.743],[-62.033,-14.509],[-62.091,-14.316],[-62.121,-14.047],[-62.002,-13.955],[-61.7,-14.054],[-61.412,-14.521],[-61.266,-14.631],[-61.144,-14.644],[-61.177,-14.399],[-61.392,-14.089],[-61.354,-13.987],[-61.325,-13.982],[-61.289,-13.889],[-61.441,-13.86],[-61.556,-13.831],[-61.67,-13.58],[-61.559,-13.611],[-61.443,-13.614],[-61.441,-13.541],[-61.268,-13.622],[-61.185,-13.616],[-60.85,-13.811],[-60.923,-13.725],[-60.823,-13.767],[-60.674,-13.686],[-60.971,-13.436],[-61.146,-13.473],[-61.25,-13.423],[-61.349,-13.474],[-61.542,-13.204],[-61.425,-13.123],[-61.248,-13.195],[-61.135,-13.14],[-61.146,-13.095],[-60.973,-13.053],[-61.217,-12.789],[-61.16,-12.667],[-60.845,-12.959],[-60.576,-12.759],[-60.818,-12.719],[-60.893,-12.624],[-60.854,-12.58],[-61.041,-12.552],[-61.061,-12.429],[-61.148,-12.464],[-61.003,-12.181],[-60.881,-12.191],[-60.855,-12.334],[-60.697,-12.396],[-60.682,-12.451],[-60.378,-12.093],[-60.178,-12.141],[-60.158,-12.039],[-60.064,-12.092],[-59.96,-12.072],[-60.109,-11.745],[-60.105,-11.68],[-59.971,-11.574],[-59.626,-11.483],[-59.503,-11.55],[-59.281,-11.495],[-59.303,-11.628],[-59.136,-11.716],[-58.787,-11.55],[-58.781,-11.308],[-58.698,-11.264],[-58.706,-11.071],[-58.638,-11.025],[-58.569,-11.201],[-58.421,-11.336],[-58.369,-11.303],[-58.357,-11.075],[-58.224,-11.027],[-58.032,-11.069],[-58.037,-11.137],[-58.118,-11.182],[-58.025,-11.251],[-57.555,-11.283],[-57.54,-11.15],[-57.357,-11.136],[-57.443,-10.844],[-57.348,-10.811],[-57.359,-10.707],[-57.516,-10.694],[-57.74,-10.535],[-58.015,-10.507],[-58.082,-10.427],[-57.967,-10.399],[-57.867,-10.263],[-57.438,-10.3],[-57.256,-10.256],[-57.177,-10.306],[-56.819,-10.217],[-56.733,-10.132],[-56.497,-10.138],[-56.483,-10.032],[-56.385,-10.065],[-56.35,-10.02],[-56.17,-10.169],[-56.139,-10.35],[-55.839,-10.714],[-55.854,-10.964],[-55.803,-11.064],[-55.7,-11.016],[-55.708,-10.904],[-55.448,-10.886],[-55.283,-11.018],[-55.219,-10.902],[-55.167,-11.004],[-55.066,-10.923],[-54.927,-10.95],[-54.928,-10.732],[-54.498,-10.638],[-54.392,-10.374],[-54.421,-10.306],[-54.54,-10.284],[-54.673,-10.131],[-54.76,-9.904],[-54.895,-9.861],[-54.904,-9.807],[-55.072,-9.828],[-55.65,-9.636],[-55.724,-9.703],[-55.971,-9.685],[-56.082,-9.595],[-56.617,-9.416],[-56.763,-9.457],[-56.611,-9.284],[-56.633,-9.238],[-57.507,-9.164],[-57.851,-8.949],[-58.138,-8.917],[-58.205,-9.09],[-58.247,-9.087],[-58.317,-8.773],[-58.383,-8.723],[-58.355,-8.766],[-58.459,-8.9],[-58.789,-8.974],[-58.774,-8.903],[-58.651,-8.827],[-58.607,-8.576],[-58.526,-8.623],[-58.501,-8.584],[-58.371,-8.121],[-58.294,-8.319],[-58.385,-8.547],[-58.323,-8.629],[-58.198,-8.57],[-58.116,-8.616],[-58.105,-8.842],[-57.969,-8.862],[-57.995,-8.696],[-57.951,-8.668],[-57.753,-8.696],[-57.796,-8.483],[-57.447,-8.702],[-57.172,-8.754],[-57.124,-8.692],[-57.227,-8.477],[-57.312,-7.954],[-57.275,-7.892],[-58.122,-7.223],[-58.214,-7.294],[-58.388,-7.167],[-58.535,-7.208],[-58.611,-7.45],[-58.736,-7.602],[-58.716,-7.955],[-58.819,-7.912],[-58.837,-7.634],[-58.881,-7.963],[-59.066,-7.849],[-59.357,-7.839],[-58.78,-7.437],[-58.72,-6.925],[-58.522,-6.544],[-58.296,-6.415],[-58.197,-6.534],[-57.75,-6.66],[-57.717,-6.751],[-57.635,-6.771],[-57.596,-6.956],[-57.423,-7.186],[-57.022,-7.513],[-56.562,-8.016],[-56.287,-8.078],[-55.971,-8.292],[-55.612,-8.443],[-55.362,-8.655],[-54.742,-8.668],[-54.516,-8.803],[-54.353,-9.055],[-54.355,-9.274],[-54.218,-9.725],[-54.083,-9.836],[-53.883,-10.268],[-53.792,-10.242],[-53.839,-10.384],[-53.791,-10.51],[-53.543,-10.462],[-53.485,-10.359],[-53.245,-10.329],[-53.629,-10.199],[-53.674,-9.997],[-53.427,-9.752],[-53.183,-9.363],[-53.02,-9.334],[-52.808,-9.2],[-52.775,-9.088],[-52.703,-9.095],[-52.627,-9.26],[-52.456,-8.999],[-52.549,-8.837],[-52.48,-8.722],[-52.182,-8.972],[-52.088,-9.339],[-51.88,-9.401],[-51.82,-9.676],[-51.854,-9.719],[-52.035,-9.693],[-52.106,-9.905],[-51.823,-9.831],[-51.706,-9.87],[-51.733,-9.919],[-51.635,-10.065],[-51.549,-10.079],[-51.43,-9.967],[-51.336,-10.01],[-51.355,-10.058],[-51.442,-10.057],[-51.384,-10.129],[-51.493,-10.138],[-51.43,-10.262],[-51.36,-10.282],[-51.201,-10.143],[-51.037,-10.262],[-50.878,-10.272],[-50.772,-10.371],[-50.858,-10.274],[-50.759,-10.191],[-50.744,-10.039],[-50.547,-10.102],[-50.463,-10.218],[-50.235,-9.747],[-50.371,-9.726],[-50.432,-9.66],[-50.333,-9.613],[-50.211,-9.697],[-50.328,-9.568],[-50.32,-9.481],[-50.345,-9.558],[-50.451,-9.508],[-50.462,-9.395],[-50.36,-9.357],[-50.296,-9.409],[-50.231,-9.293],[-50.019,-9.265],[-49.922,-9.123],[-49.97,-9.11],[-50.132,-9.07],[-50.254,-8.98],[-50.256,-8.821],[-50.279,-8.567],[-50.45,-8.529],[-50.513,-8.367],[-50.294,-8.409],[-50.251,-8.505],[-50.156,-8.387],[-50.474,-8.299],[-50.616,-8.329],[-50.594,-8.185],[-50.459,-8.024],[-50.499,-7.91],[-50.596,-7.916],[-50.668,-8.087],[-50.78,-8.149],[-51.105,-8.132],[-51.185,-8.011],[-51.342,-8.117],[-51.543,-8.064],[-51.544,-7.797],[-51.362,-7.67],[-51.224,-7.296],[-50.927,-7.42],[-50.97,-7.46],[-51.146,-7.405],[-51.211,-7.435],[-51.088,-7.686],[-50.801,-7.609],[-50.694,-7.735],[-50.474,-7.659],[-50.555,-7.447],[-50.533,-7.364],[-50.66,-7.294],[-50.589,-7.237],[-50.494,-7.301],[-50.392,-7.252],[-50.37,-7.311],[-50.237,-7.26],[-50.22,-7.173],[-50.299,-7.21],[-50.432,-7.136],[-50.336,-7.114],[-50.33,-7.056],[-50.479,-7.012],[-50.517,-7.076],[-50.588,-6.926],[-50.494,-6.844],[-50.567,-6.765],[-50.628,-6.74],[-50.653,-6.824],[-50.777,-6.867],[-50.775,-6.723],[-50.979,-6.792],[-51.064,-6.651],[-51.304,-6.707],[-51.475,-6.885],[-51.578,-6.787],[-51.752,-6.797],[-51.847,-6.731],[-51.983,-6.88],[-51.947,-6.713],[-52.036,-6.526],[-51.933,-6.448],[-51.893,-6.574],[-51.784,-6.519],[-51.758,-6.623],[-51.622,-6.636],[-51.516,-6.574],[-51.321,-6.622],[-51.273,-6.532],[-51.094,-6.487],[-50.981,-6.661],[-50.83,-6.604],[-50.532,-6.627],[-50.417,-6.425],[-50.322,-6.477],[-50.22,-6.405],[-49.886,-6.363],[-50.027,-6.235],[-49.95,-6.124],[-49.976,-5.92],[-49.838,-6.03],[-49.762,-5.938],[-49.501,-5.879],[-49.4,-5.692],[-49.432,-6.003],[-49.389,-6.112],[-49.582,-6.142],[-49.482,-6.476],[-49.607,-6.535],[-49.554,-6.709],[-49.461,-6.601],[-49.469,-6.764],[-49.364,-6.773],[-49.422,-6.856],[-49.49,-6.834],[-49.604,-7.059],[-49.471,-7.088],[-49.596,-7.266],[-49.439,-7.24],[-49.405,-7.379],[-49.486,-7.504],[-49.548,-7.403],[-49.699,-7.47],[-49.83,-7.457],[-49.928,-7.62],[-49.62,-7.538],[-49.587,-7.656],[-49.65,-7.717],[-49.573,-7.824],[-49.393,-7.636],[-49.461,-7.735],[-49.419,-7.746],[-49.449,-7.853],[-49.159,-7.826],[-49.248,-8.262],[-49.369,-8.408],[-49.482,-8.217],[-49.497,-8.428],[-49.603,-8.457],[-49.602,-8.545],[-49.661,-8.548],[-49.685,-8.738],[-49.596,-8.752],[-49.211,-8.263],[-49.121,-7.77],[-49.335,-7.582],[-49.043,-7.718],[-49.106,-7.943],[-49.08,-8.053],[-48.964,-8.056],[-48.96,-7.948],[-48.882,-7.953],[-48.873,-7.899],[-48.764,-7.952],[-48.565,-7.632],[-48.585,-7.488],[-48.49,-7.335],[-48.525,-7.154],[-48.425,-7.106],[-48.549,-7.005],[-48.468,-6.82],[-48.406,-6.352],[-48.438,-6.193],[-48.293,-6.11],[-48.29,-5.983],[-48.195,-5.907],[-48.258,-5.743],[-48.168,-5.71],[-48.11,-5.561],[-48.261,-5.505],[-48.337,-5.382],[-48.607,-5.388],[-48.666,-5.336],[-48.58,-5.342],[-48.382,-5.202],[-48.087,-5.287],[-47.897,-5.283],[-47.846,-5.38],[-47.687,-5.427],[-47.912,-5.241],[-48.106,-5.261],[-48.42,-5.164],[-48.581,-5.31],[-48.748,-5.352],[-48.921,-5.264],[-49.164,-5.331],[-49.292,-5.239],[-49.451,-4.893],[-49.686,-3.926],[-49.621,-3.496],[-49.731,-2.83],[-49.71,-2.712],[-49.516,-2.546],[-49.357,-2.128],[-49.412,-2.143],[-49.364,-1.928],[-49.276,-1.706],[-49.844,-1.905],[-49.994,-1.821],[-50.381,-1.939],[-50.419,-1.852],[-50.047,-1.717],[-49.803,-1.822],[-49.606,-1.718],[-49.5,-1.738],[-49.448,-1.637],[-49.165,-1.619],[-49.161,-1.575],[-48.837,-1.452],[-48.737,-1.178],[-48.589,-1.074],[-48.635,-0.952],[-48.538,-0.915],[-48.451,-0.458],[-48.359,-0.34],[-48.442,-0.247],[-48.896,-0.223],[-48.979,-0.165],[-49.303,-0.161],[-49.364,-0.248],[-49.41,-0.211],[-49.639,-0.246],[-50.323,-0.086],[-50.357,-0.203],[-50.538,-0.168],[-50.652,-0.276],[-50.724,-0.493],[-50.684,-0.604],[-50.733,-0.557],[-50.794,-0.666],[-50.814,-0.55],[-51.03,-0.674],[-50.988,-0.583],[-50.751,-0.429],[-50.739,-0.24],[-50.623,-0.104],[-50.647,-0.003],[-50.958,-0.067],[-51.161,-0.427],[-51.26,-0.5],[-51.243,-0.443],[-51.396,-0.493],[-51.152,-0.309],[-51.136,-0.125],[-51.299,-0.297],[-51.325,-0.271],[-51.356,-0.34],[-51.317,-0.35],[-51.409,-0.44],[-51.419,-0.412],[-51.237,-0.102],[-51.213,-0.069],[-51.362,-0.054],[-51.54,0.185],[-51.424,0.387],[-51.238,0.316],[-51.232,0.482],[-51.321,0.52],[-51.367,0.67],[-51.168,0.825],[-51.243,1.052],[-50.891,1.465],[-50.896,1.631],[-50.993,1.714],[-50.899,1.844],[-50.943,2.51],[-50.893,2.562],[-50.791,2.187],[-50.726,2.13],[-50.685,2.149],[-50.703,2.25],[-50.706,2.258],[-50.747,2.367],[-50.748,2.373],[-50.748,2.434],[-50.816,2.567],[-50.869,2.764],[-50.915,2.827],[-51.051,3.192],[-51.098,3.678],[-51.183,3.599],[-51.207,3.678],[-51.253,4.146],[-51.485,4.341],[-51.485,4.289],[-51.529,4.171],[-51.576,4.243],[-51.662,4.205],[-51.717,4.343],[-51.93,4.523],[-51.977,4.606],[-52.046,4.555],[-52.198,4.586],[-52.256,4.697],[-52.172,4.791],[-52.259,4.783],[-52.379,4.865],[-52.822,5.248],[-53.109,5.408],[-53.096,5.474],[-53.486,5.561],[-53.611,5.644],[-53.672,5.601],[-53.871,5.705],[-53.999,5.65],[-54.029,5.624],[-54.407,5.709],[-54.962,5.741],[-55.537,5.481],[-55.627,5.472],[-55.953,5.617],[-56.181,5.492],[-56.357,5.465],[-57.132,5.838],[-57.236,6.184],[-57.445,6.322],[-57.531,6.277],[-57.64,6.472],[-57.791,6.589],[-57.914,6.7],[-58.04,6.818],[-58.403,6.877],[-58.547,6.679],[-58.615,6.418],[-58.592,6.797],[-58.542,6.956],[-58.479,7.012],[-58.468,7.299],[-58.662,7.6],[-58.738,7.624],[-59.135,7.993],[-59.231,7.599],[-59.475,7.809],[-60.65,8.153],[-61.159,8.199],[-61.378,8.305],[-61.635,8.525],[-61.929,8.55],[-62.168,8.663],[-62.653,8.381],[-62.771,8.192],[-62.974,8.029],[-63.008,7.897],[-62.944,7.728],[-62.861,7.699],[-62.533,7.912],[-62.518,7.919],[-62.07,7.949],[-61.962,7.894],[-61.933,7.865],[-61.883,7.65],[-62.012,7.37],[-62.131,7.39],[-62.067,7.195],[-62.124,7.061],[-62.224,7.096],[-62.245,7.255],[-62.299,7.29],[-62.47,7.207],[-62.454,7.339],[-62.555,7.394],[-62.709,7.319],[-62.901,7.372],[-62.954,7.305],[-62.941,7.154],[-63.471,6.821],[-63.517,6.684],[-63.688,6.517],[-63.806,6.74],[-63.696,6.881],[-63.65,6.841],[-63.499,7.091],[-63.654,7.274],[-63.431,7.32],[-63.677,7.368],[-63.733,7.314],[-63.859,7.525],[-63.873,7.359],[-63.949,7.344],[-63.971,7.425],[-64.037,7.405],[-64.026,7.508],[-64.13,7.485],[-64.07,7.562],[-64.111,7.686],[-64.153,7.592],[-64.36,7.544],[-64.334,7.406],[-64.424,7.348],[-64.573,7.455],[-64.813,7.43],[-64.757,7.526],[-64.935,7.524],[-64.991,7.282],[-65.365,7.48],[-65.496,7.435],[-65.74,7.486],[-65.762,7.344],[-65.643,7.225],[-65.638,7.123],[-65.853,7.078],[-65.908,6.875],[-66.182,6.857],[-66.295,7.101],[-66.425,7.146],[-66.482,7.089],[-66.556,6.987],[-66.618,6.568],[-66.856,6.539],[-66.868,6.358],[-67.021,6.245],[-67.038,6.103],[-67.207,6.054],[-67.208,5.91],[-67.408,5.653],[-67.587,5.192],[-67.79,5.02],[-67.81,4.898],[-67.934,4.921],[-68.154,4.846],[-68.414,4.878],[-68.482,4.803],[-68.602,4.787],[-68.662,4.678],[-68.774,4.671],[-68.817,4.614],[-68.783,4.573],[-69.073,4.339],[-69.21,4.31],[-69.395,4.406],[-69.6,4.424],[-70.018,4.305],[-70.136,4.207],[-70.275,4.204],[-70.243,4.089],[-70.393,4.041],[-70.355,3.991],[-70.391,3.962],[-70.5,4.004],[-70.618,3.864],[-70.827,3.926],[-71.078,3.786],[-71.131,3.625],[-71.325,3.612],[-71.397,3.517],[-71.748,3.486],[-71.825,3.411],[-71.967,3.404],[-72.162,3.299],[-71.859,3.394],[-71.879,3.204],[-72.106,3.182],[-71.872,3.078],[-71.778,2.849],[-71.999,2.812],[-72.147,2.902],[-72.217,2.873],[-72.191,2.775],[-72.275,2.828],[-72.35,2.803],[-72.557,2.663],[-72.617,2.676],[-72.583,2.615],[-72.637,2.638],[-72.68,2.582],[-72.698,2.633],[-72.735,2.59],[-72.823,2.624],[-72.939,2.573],[-72.978,2.667],[-73.083,2.649],[-73.131,2.72],[-73.201,2.695],[-73.471,2.853],[-73.57,2.776],[-73.727,2.787],[-73.753,2.744],[-73.757,2.298],[-73.821,2.247],[-73.891,2.34],[-73.915,2.576],[-74.032,2.701],[-74.505,2.72],[-74.451,2.62],[-74.538,2.474],[-74.47,2.394],[-74.59,2.386],[-74.554,2.293],[-74.652,2.347],[-74.611,2.186],[-74.695,2.322],[-74.748,2.17],[-74.734,2.379],[-74.811,2.212],[-74.869,2.214],[-74.805,2.105],[-74.921,2.129],[-74.823,1.861],[-74.844,1.759],[-74.906,1.726],[-74.979,1.783],[-74.985,2.014],[-75.074,1.929],[-75.078,1.935],[-75.153,2.081],[-75.164,2.043]],[[-62.712,3.767],[-62.708,3.696],[-62.75,3.633],[-62.802,3.726],[-62.756,3.773],[-62.884,3.945],[-62.746,3.87],[-62.728,3.833],[-62.712,3.767]],[[-62.876,6.387],[-62.889,6.328],[-62.871,6.281],[-62.752,6.241],[-62.693,6.162],[-62.742,6.116],[-62.825,6.228],[-62.799,6.024],[-62.849,5.953],[-62.976,6.38],[-62.907,6.485],[-62.792,6.52],[-62.822,6.468],[-62.67,6.421],[-62.73,6.411],[-62.8,6.424],[-62.801,6.384],[-62.824,6.413],[-62.844,6.426],[-62.872,6.404],[-62.876,6.387]],[[-63.65,5.836],[-63.642,5.837],[-63.474,5.971],[-63.537,5.799],[-63.834,5.744],[-63.67,5.917],[-63.65,5.836]],[[-65.633,3.728],[-65.633,3.729],[-65.584,3.723],[-65.622,3.798],[-65.549,3.732],[-65.521,3.849],[-65.465,3.841],[-65.376,3.633],[-65.283,3.603],[-65.439,3.581],[-65.537,3.232],[-65.732,3.309],[-65.802,3.4],[-65.778,3.669],[-65.62,3.612],[-65.633,3.728]],[[-60.738,5.972],[-60.726,5.95],[-60.773,5.928],[-60.738,5.972]],[[-60.354,5.695],[-60.371,5.746],[-60.333,5.769],[-60.245,5.62],[-60.354,5.695]],[[-59.538,4.462],[-59.708,4.233],[-59.605,4.05],[-59.479,3.95],[-59.305,4.012],[-59.099,3.972],[-59.086,3.877],[-59.393,3.795],[-59.353,3.725],[-59.43,3.553],[-59.519,3.476],[-59.599,3.526],[-59.564,3.438],[-59.671,3.339],[-59.782,3.352],[-59.682,3.313],[-59.828,3.218],[-59.833,3.165],[-59.749,3.13],[-59.86,3.126],[-59.873,3.019],[-59.808,2.987],[-59.782,3.098],[-59.703,3.104],[-59.605,3.035],[-59.47,3.046],[-59.463,2.97],[-59.404,3.077],[-59.296,2.953],[-59.124,2.981],[-59.093,2.837],[-59.168,2.619],[-59.176,2.655],[-59.284,2.585],[-59.196,2.466],[-59.254,2.478],[-59.253,2.435],[-59.295,2.491],[-59.28,2.405],[-59.387,2.307],[-59.37,2.262],[-59.406,2.288],[-59.548,2.062],[-59.662,2.002],[-59.73,2.062],[-59.726,2.288],[-59.822,2.327],[-59.964,2.256],[-60.19,2.632],[-60.353,2.664],[-60.564,2.438],[-60.705,2.401],[-61.002,2.133],[-60.985,1.916],[-61.099,1.811],[-61.217,1.532],[-61.285,1.531],[-61.495,1.797],[-61.52,2.006],[-61.632,2.137],[-61.916,2.008],[-61.909,2.106],[-62.052,2.325],[-61.972,2.466],[-61.797,2.587],[-61.793,2.807],[-61.67,3.059],[-61.639,3.293],[-61.501,3.34],[-61.564,3.399],[-61.52,3.496],[-61.61,3.669],[-62,3.782],[-62.054,3.875],[-62.027,3.911],[-61.981,3.865],[-61.949,3.938],[-61.712,3.904],[-61.35,4.069],[-61.126,4.222],[-61.12,4.313],[-60.944,4.367],[-60.87,4.458],[-60.751,4.426],[-60.72,4.545],[-60.668,4.493],[-60.646,4.545],[-60.694,4.583],[-61.015,4.516],[-61.085,4.555],[-61.102,4.605],[-61.135,4.616],[-61.225,4.613],[-61.3,4.689],[-61.551,4.687],[-61.601,4.689],[-61.612,4.689],[-61.642,4.684],[-61.664,4.68],[-61.677,4.679],[-61.785,4.676],[-61.554,4.732],[-61.398,4.87],[-61.632,4.766],[-61.797,4.935],[-61.905,4.93],[-61.944,4.996],[-62.034,4.952],[-62.123,5.019],[-62.103,5.053],[-62.207,4.984],[-62.325,4.995],[-62.29,5.039],[-62.364,5.044],[-62.346,5.181],[-62.4,5.159],[-62.416,5.211],[-62.302,5.431],[-62.437,5.237],[-62.464,5.414],[-62.511,5.311],[-62.573,5.366],[-62.51,5.462],[-62.586,5.472],[-62.543,5.538],[-62.726,5.466],[-62.779,5.544],[-62.786,5.438],[-62.846,5.497],[-62.878,5.827],[-62.818,5.933],[-62.796,5.676],[-62.584,5.623],[-62.595,5.751],[-62.762,6.004],[-62.706,6.073],[-62.514,5.946],[-62.449,6.05],[-62.376,5.904],[-62.482,5.727],[-62.461,5.622],[-62.34,5.565],[-62.141,5.624],[-61.957,5.585],[-62.041,5.639],[-61.938,5.613],[-61.969,5.696],[-62.098,5.741],[-61.999,5.799],[-62.296,5.94],[-62.302,6.01],[-62.173,6.062],[-62.212,6.107],[-62.17,6.164],[-61.84,6.027],[-61.814,6.086],[-61.62,6.022],[-61.42,6.078],[-61.385,6.009],[-61.338,6.022],[-61.432,5.961],[-61.67,5.991],[-61.841,5.885],[-61.727,5.906],[-61.679,5.976],[-61.396,5.94],[-61.275,5.806],[-61.263,5.888],[-61.181,5.872],[-61.221,5.747],[-61.115,5.708],[-61.152,5.671],[-61.043,5.599],[-60.94,5.601],[-60.739,5.335],[-60.603,5.278],[-60.573,5.173],[-60.633,5.104],[-60.576,4.972],[-60.408,5.01],[-60.196,4.868],[-60.065,5.022],[-60.077,4.736],[-60.014,4.937],[-60.018,4.803],[-60.002,4.869],[-59.94,4.855],[-60.002,4.743],[-60.02,4.788],[-60.019,4.699],[-59.846,4.739],[-59.743,4.617],[-59.817,4.562],[-60.056,4.608],[-60.048,4.568],[-60.113,4.559],[-59.664,4.513],[-59.626,4.45],[-59.568,4.639],[-59.519,4.653],[-59.468,4.572],[-59.538,4.462]],[[-61.224,5.964],[-61.238,6.002],[-61.17,6.131],[-61.224,5.964]],[[-55.034,1.112],[-55.168,0.981],[-55.356,0.524],[-55.634,0.488],[-55.673,0.554],[-55.816,0.465],[-55.922,0.473],[-55.981,0.597],[-55.925,0.715],[-55.679,0.973],[-55.606,0.937],[-55.515,0.996],[-55.657,1.049],[-55.592,1.209],[-55.765,1.12],[-55.881,0.946],[-56.077,0.988],[-56.094,1.28],[-56.169,1.406],[-56.073,1.96],[-56.089,2.14],[-55.933,2.313],[-55.761,2.226],[-55.53,1.957],[-55.159,1.906],[-55.139,1.854],[-55.295,1.769],[-55.359,1.646],[-55.26,1.249],[-55.181,1.15],[-55.083,1.178],[-55.034,1.112]],[[-52.037,-6.634],[-51.986,-6.708],[-52.005,-6.819],[-52.063,-6.807],[-52.037,-6.634]],[[-62.21,1.54],[-62.142,1.546],[-62.145,1.428],[-62.21,1.54]],[[-61.831,1.7],[-61.825,1.782],[-61.735,1.734],[-61.831,1.7]],[[-61.923,1.736],[-61.914,1.694],[-61.996,1.702],[-61.923,1.736]],[[-66.311,6.806],[-66.21,6.611],[-66.336,6.645],[-66.311,6.806]],[[-66.322,6.584],[-66.249,6.506],[-66.311,6.512],[-66.322,6.584]],[[-63.215,3.91],[-63.262,3.951],[-63.155,3.984],[-63.149,3.824],[-63.215,3.91]],[[-64.528,3.964],[-64.475,3.855],[-64.274,3.869],[-64.295,3.802],[-64.186,3.598],[-64.455,3.713],[-64.479,3.812],[-64.662,3.964],[-64.779,3.86],[-64.857,4.025],[-64.981,3.93],[-65.158,3.999],[-65.16,4.062],[-65.306,3.964],[-65.32,4.038],[-65.252,4.078],[-65.281,4.153],[-65.337,4.147],[-65.319,4.246],[-65.255,4.223],[-65.234,4.121],[-65.045,4.145],[-65.011,4.066],[-64.939,4.113],[-64.963,4.176],[-64.869,4.302],[-64.672,4.299],[-64.662,4.471],[-64.609,4.19],[-64.571,4.141],[-64.401,4.134],[-64.528,3.964]],[[-64.426,3.598],[-64.522,3.532],[-64.491,3.598],[-64.426,3.598]],[[-65.665,4.283],[-65.765,4.41],[-65.64,4.318],[-65.665,4.283]],[[-65.719,4.418],[-65.589,4.523],[-65.524,4.472],[-65.448,4.575],[-65.505,4.429],[-65.48,4.33],[-65.618,4.312],[-65.719,4.418]],[[-65.681,4.462],[-65.726,4.471],[-65.701,4.562],[-65.541,4.608],[-65.485,4.644],[-65.531,4.599],[-65.649,4.539],[-65.681,4.462]],[[-65.407,4.341],[-65.371,4.598],[-65.328,4.56],[-65.338,4.374],[-65.407,4.341]],[[-64.613,4.471],[-64.584,4.633],[-64.649,4.681],[-64.654,4.797],[-64.548,5.123],[-64.305,4.876],[-64.386,4.72],[-64.076,4.69],[-64.107,4.635],[-63.976,4.548],[-64.049,4.446],[-64.297,4.484],[-64.275,4.419],[-64.155,4.411],[-64.16,4.324],[-64.219,4.386],[-64.401,4.387],[-64.48,4.498],[-64.439,4.567],[-64.487,4.563],[-64.475,4.66],[-64.532,4.661],[-64.613,4.471]],[[-64.774,4.583],[-64.908,4.596],[-65.149,4.914],[-65.182,4.891],[-65.3,5.315],[-65.412,5.269],[-65.496,5.323],[-65.482,5.47],[-65.352,5.635],[-65.505,5.533],[-65.502,5.621],[-65.573,5.601],[-65.673,5.711],[-65.717,5.884],[-65.72,5.835],[-65.789,5.875],[-65.869,5.828],[-65.887,5.67],[-65.953,5.667],[-65.968,5.729],[-66.077,5.669],[-66.181,5.711],[-66.155,5.665],[-66.232,5.651],[-66.23,5.814],[-66.055,5.795],[-65.943,6.152],[-65.884,6.114],[-65.948,6.283],[-65.871,6.3],[-65.935,6.4],[-65.839,6.325],[-65.873,6.429],[-65.825,6.482],[-65.947,6.48],[-65.87,6.57],[-65.753,6.519],[-65.768,6.298],[-65.695,6.359],[-65.652,6.25],[-65.632,6.363],[-65.589,6.367],[-65.63,6.235],[-65.545,6.246],[-65.56,6.078],[-65.507,6.15],[-65.47,6.069],[-65.441,6.19],[-65.33,6.206],[-65.332,6.34],[-65.554,6.526],[-65.502,6.537],[-65.507,6.653],[-65.416,6.603],[-65.418,6.679],[-65.22,6.43],[-65.138,6.423],[-65.154,6.349],[-65.07,6.2],[-64.978,6.175],[-65.029,6.063],[-65.01,5.993],[-64.965,6.026],[-64.983,5.894],[-64.934,5.828],[-65.004,5.786],[-64.992,5.652],[-65.034,5.677],[-65.046,5.61],[-65.092,5.642],[-65.157,5.587],[-65.025,5.481],[-65.109,5.283],[-64.907,5.254],[-65.006,5.189],[-64.966,5.073],[-65.017,5.033],[-64.874,5.019],[-64.812,4.823],[-65.029,4.82],[-64.824,4.654],[-64.792,4.696],[-64.665,4.676],[-64.774,4.583]],[[-65.534,5.518],[-65.566,5.464],[-65.612,5.504],[-65.735,5.426],[-65.766,5.546],[-65.674,5.625],[-65.534,5.518]],[[-66.373,5.889],[-66.391,5.614],[-66.473,5.734],[-66.577,5.655],[-66.626,5.697],[-66.618,5.634],[-66.78,5.667],[-66.696,5.718],[-66.747,5.755],[-66.626,5.769],[-66.661,5.901],[-66.523,5.903],[-66.547,5.823],[-66.452,5.804],[-66.449,5.924],[-66.373,5.889]],[[-66.94,5.599],[-67,5.574],[-67.104,5.709],[-67.049,5.729],[-67.028,5.681],[-66.968,5.758],[-66.929,5.68],[-66.853,5.694],[-66.842,5.607],[-66.94,5.599]],[[-66.566,5.525],[-66.6,5.316],[-66.628,5.56],[-66.566,5.525]],[[-66.635,5.341],[-66.725,5.309],[-66.753,5.226],[-66.885,5.193],[-66.943,5.101],[-66.686,5.09],[-66.746,5.046],[-66.652,4.981],[-66.679,4.942],[-66.61,4.948],[-66.653,4.878],[-66.613,4.867],[-66.763,4.655],[-66.675,4.633],[-66.819,4.504],[-66.902,4.547],[-67.052,4.433],[-67.098,4.509],[-66.975,4.631],[-66.896,4.636],[-66.882,4.706],[-67.078,4.68],[-67.016,4.744],[-67.046,4.867],[-67.076,4.899],[-67.241,4.934],[-67.249,5.053],[-67.309,5.109],[-67.227,5.071],[-67.206,5.16],[-67.158,5.125],[-67.094,5.162],[-67.071,5.281],[-66.864,5.421],[-66.807,5.29],[-66.785,5.386],[-66.635,5.341]],[[-67.387,5.081],[-67.309,4.923],[-67.435,5.111],[-67.387,5.081]],[[-64.726,5.047],[-64.775,5.191],[-64.699,5.263],[-64.633,5.117],[-64.726,5.047]],[[-64.274,4.162],[-64.173,4.035],[-64.336,4.001],[-64.359,4.123],[-64.274,4.162]],[[-64.136,4.035],[-64.113,4.1],[-64.076,3.98],[-64.136,4.035]],[[-63.298,4.048],[-63.457,4.087],[-63.605,4.28],[-63.589,4.182],[-63.692,4.192],[-63.682,4.248],[-63.736,4.263],[-63.648,4.316],[-63.734,4.405],[-63.761,4.553],[-63.671,4.538],[-63.672,4.464],[-63.584,4.545],[-63.625,4.653],[-63.572,4.643],[-63.497,4.742],[-63.435,4.721],[-63.578,4.347],[-63.38,4.149],[-63.26,4.239],[-63.35,4.7],[-63.229,4.63],[-63.281,4.72],[-63.185,4.614],[-63.24,4.561],[-63.201,4.419],[-63.269,4.424],[-63.193,4.255],[-63.298,4.048]],[[-63.871,4.661],[-63.946,4.77],[-63.916,4.903],[-63.926,4.857],[-63.862,4.877],[-63.871,4.661]],[[-63.844,4.899],[-63.694,4.904],[-63.775,4.708],[-63.844,4.899]],[[-61.522,4.462],[-61.473,4.563],[-61.516,4.614],[-61.458,4.633],[-61.463,4.506],[-61.365,4.505],[-61.363,4.452],[-61.522,4.462]],[[-61.321,4.627],[-61.333,4.664],[-61.278,4.58],[-61.378,4.61],[-61.321,4.627]],[[-61.892,6.077],[-61.901,6.146],[-61.839,6.172],[-61.82,6.118],[-61.892,6.077]],[[-61.725,6.116],[-61.671,6.179],[-61.682,6.084],[-61.725,6.116]],[[-61.029,6.211],[-61.047,6.297],[-60.885,6.265],[-60.972,6.175],[-61.029,6.211]],[[-61.1,6.16],[-61.047,6.115],[-61.085,6.002],[-61.1,6.16]],[[-60.901,6.009],[-60.845,6.112],[-60.838,5.985],[-60.898,5.952],[-60.901,6.009]],[[-60.975,5.961],[-60.931,5.874],[-61.011,5.853],[-60.999,5.924],[-61.103,5.922],[-61.074,6.005],[-60.975,5.961]],[[-60.251,5.502],[-60.12,5.552],[-60.159,5.469],[-60.075,5.424],[-60.162,5.368],[-60.251,5.502]],[[-60.027,5.392],[-59.938,5.392],[-59.947,5.344],[-60.121,5.272],[-60.027,5.392]],[[-59.209,5.117],[-59.097,5.22],[-59.028,5.169],[-59.075,5.051],[-59.209,5.117]],[[-59.825,5.055],[-59.928,4.949],[-59.876,5.094],[-59.825,5.055]],[[-62.725,6.339],[-62.792,6.401],[-62.679,6.354],[-62.725,6.339]],[[-65.469,7.092],[-65.48,7.163],[-65.357,7.14],[-65.469,7.092]],[[-65.335,7.261],[-65.334,7.182],[-65.382,7.24],[-65.335,7.261]],[[-66.616,5.956],[-66.692,6.008],[-66.626,6.028],[-66.666,6.059],[-66.578,6.04],[-66.616,5.956]],[[-66.585,6.067],[-66.669,6.074],[-66.659,6.175],[-66.575,6.121],[-66.585,6.067]],[[-66.307,5.313],[-66.331,5.384],[-66.255,5.308],[-66.307,5.313]],[[-65.761,3.761],[-65.808,3.803],[-65.755,3.85],[-65.722,3.791],[-65.761,3.761]],[[-64.66,3.453],[-64.576,3.459],[-64.542,3.366],[-64.678,3.151],[-64.8,3.283],[-64.752,3.337],[-64.721,3.294],[-64.642,3.324],[-64.755,3.364],[-64.66,3.453]],[[-64.211,3.357],[-63.883,3.106],[-63.912,2.642],[-63.7,2.619],[-63.636,2.721],[-63.617,2.633],[-63.753,2.477],[-63.312,2.419],[-63.348,2.175],[-63.391,2.163],[-63.374,2.295],[-63.488,2.319],[-63.468,2.376],[-63.597,2.316],[-63.565,2.373],[-63.684,2.36],[-63.703,2.284],[-63.739,2.346],[-64.042,2.409],[-64.11,2.593],[-64.061,2.723],[-64.258,2.635],[-64.32,2.668],[-64.143,2.749],[-64.158,2.879],[-64.236,2.771],[-64.233,2.891],[-64.307,2.898],[-64.27,2.827],[-64.367,2.77],[-64.327,3.039],[-64.453,2.971],[-64.455,3.086],[-64.211,3.357]],[[-63.686,2.845],[-63.677,2.908],[-63.611,2.734],[-63.671,2.746],[-63.686,2.845]],[[-64.802,3.165],[-64.717,3.055],[-64.753,2.985],[-64.799,3.048],[-64.819,3.029],[-64.828,3.13],[-64.875,3.09],[-64.929,3.158],[-64.873,3.255],[-64.847,3.202],[-64.778,3.229],[-64.748,3.176],[-64.802,3.165]],[[-64.557,1.404],[-64.487,1.445],[-64.578,1.299],[-64.68,1.276],[-64.667,1.346],[-64.631,1.324],[-64.557,1.404]],[[-64.885,1.274],[-64.965,1.114],[-65.04,1.106],[-64.885,1.274]],[[-65.738,1.027],[-65.905,0.746],[-66.109,0.719],[-65.984,0.812],[-65.859,1.041],[-65.808,0.964],[-65.738,1.027]],[[-65.825,1.25],[-65.902,1.173],[-65.935,1.314],[-65.781,1.39],[-65.76,1.33],[-65.825,1.25]],[[-65.788,1.565],[-65.804,1.406],[-65.87,1.533],[-65.815,1.631],[-65.749,1.61],[-65.788,1.565]],[[-60.999,6.607],[-60.904,6.643],[-60.877,6.583],[-60.951,6.497],[-60.999,6.607]],[[-60.805,6.503],[-60.811,6.565],[-60.725,6.539],[-60.805,6.503]],[[-61.13,6.488],[-61.193,6.533],[-61.175,6.598],[-61.124,6.583],[-61.13,6.488]],[[-60.913,6.425],[-60.862,6.449],[-60.826,6.39],[-60.913,6.425]],[[-56.631,3.804],[-56.587,3.82],[-56.574,3.767],[-56.638,3.75],[-56.631,3.804]],[[-56.529,3.589],[-56.576,3.678],[-56.463,3.729],[-56.369,3.688],[-56.529,3.589]],[[-62.362,-13.127],[-62.271,-13.114],[-62.138,-13.301],[-62.214,-13.351],[-62.214,-13.289],[-62.283,-13.274],[-62.266,-13.404],[-62.054,-13.489],[-61.981,-13.419],[-61.968,-13.54],[-62.309,-13.564],[-62.263,-13.523],[-62.302,-13.372],[-62.335,-13.389],[-62.352,-13.263],[-62.443,-13.187],[-62.388,-13.097],[-62.362,-13.127]],[[-61.282,-12.366],[-61.21,-12.436],[-61.213,-12.65],[-61.522,-12.534],[-61.514,-12.354],[-61.282,-12.366]],[[-57.909,-10.052],[-57.982,-10.019],[-58.05,-9.873],[-57.845,-9.931],[-57.666,-9.886],[-57.566,-10.035],[-57.664,-9.99],[-57.909,-10.052]],[[-65.283,-16.18],[-65.385,-16.199],[-65.388,-16.125],[-65.299,-16.042],[-65.312,-15.956],[-65.217,-15.904],[-65.203,-16.01],[-65.283,-16.18]],[[-65.198,-15.761],[-65.342,-15.933],[-65.513,-15.881],[-65.311,-15.851],[-65.428,-15.806],[-65.249,-15.708],[-65.198,-15.761]],[[-64.88,-15.565],[-64.847,-15.511],[-64.813,-15.654],[-64.861,-15.852],[-64.797,-15.876],[-65.026,-16.245],[-65.053,-16.389],[-65.09,-16.266],[-65.148,-16.261],[-65.15,-15.861],[-64.964,-15.276],[-64.88,-15.565]],[[-68.158,-13.244],[-68.162,-13.153],[-68.095,-13.116],[-68.158,-13.244]],[[-67.997,-12.924],[-68.087,-13.045],[-68.304,-13.139],[-68.215,-12.984],[-67.997,-12.924]],[[-67.653,-12.944],[-67.687,-13.044],[-67.846,-13.143],[-67.98,-13.15],[-67.958,-13.262],[-68.066,-13.313],[-68.025,-13.049],[-67.695,-12.87],[-67.622,-12.869],[-67.653,-12.944]],[[-68.657,-12.837],[-68.696,-13.013],[-68.646,-13.064],[-68.757,-13.155],[-68.804,-12.959],[-68.749,-12.889],[-68.725,-12.956],[-68.696,-12.823],[-68.657,-12.837]],[[-67.483,-12.824],[-67.535,-12.82],[-67.447,-12.742],[-67.483,-12.824]],[[-67.18,-12.634],[-67.29,-12.719],[-67.122,-12.643],[-67.093,-12.693],[-67.265,-12.757],[-67.14,-12.752],[-67.138,-12.798],[-67.202,-12.833],[-67.304,-13.101],[-67.542,-13.169],[-67.761,-13.146],[-67.565,-12.915],[-67.559,-12.984],[-67.328,-12.959],[-67.429,-12.798],[-67.325,-12.714],[-67.43,-12.694],[-67.211,-12.586],[-67.18,-12.634]],[[-68.671,-12.655],[-68.634,-12.648],[-68.665,-12.737],[-68.779,-12.805],[-68.915,-13.099],[-68.938,-12.902],[-68.869,-12.809],[-68.893,-12.986],[-68.659,-12.525],[-68.671,-12.655]],[[-67.51,-12.387],[-67.516,-12.465],[-67.601,-12.475],[-67.545,-12.53],[-67.318,-12.476],[-67.288,-12.401],[-67.174,-12.472],[-67.36,-12.514],[-67.412,-12.6],[-67.454,-12.549],[-67.461,-12.591],[-67.525,-12.569],[-67.506,-12.647],[-67.591,-12.625],[-67.59,-12.685],[-67.76,-12.704],[-67.783,-12.743],[-67.544,-12.718],[-67.829,-12.794],[-67.752,-12.821],[-67.824,-12.859],[-68.037,-12.847],[-68.526,-13.025],[-68.631,-13.002],[-68.608,-12.911],[-68.52,-12.899],[-68.569,-12.852],[-68.401,-12.78],[-68.368,-12.636],[-68.341,-12.683],[-68.287,-12.628],[-68.289,-12.735],[-68.093,-12.513],[-68.147,-12.617],[-68.072,-12.615],[-68.082,-12.658],[-68.2,-12.678],[-68.221,-12.75],[-68.445,-12.912],[-68.211,-12.794],[-68.221,-12.838],[-68.105,-12.806],[-68.138,-12.873],[-68.033,-12.777],[-68.008,-12.635],[-67.892,-12.614],[-67.867,-12.681],[-67.802,-12.563],[-67.75,-12.606],[-67.6,-12.403],[-67.51,-12.387]],[[-68.154,-12.245],[-68.206,-12.286],[-68.156,-12.362],[-68.237,-12.306],[-68.278,-12.336],[-68.241,-12.257],[-68.154,-12.245]],[[-67.042,-12.251],[-67.08,-12.266],[-67.039,-12.312],[-67.101,-12.295],[-67.124,-12.355],[-67.052,-12.398],[-67.134,-12.438],[-67.256,-12.25],[-67.153,-12.334],[-67.092,-12.203],[-67.042,-12.251]],[[-67.577,-12.05],[-67.628,-12.241],[-67.766,-12.291],[-67.791,-12.245],[-67.672,-12.196],[-67.7,-12.127],[-67.594,-11.965],[-67.577,-12.05]],[[-67.175,-11.968],[-67.161,-12.036],[-67.254,-11.994],[-67.251,-11.94],[-67.175,-11.968]],[[-65.665,-11.806],[-65.583,-11.855],[-65.664,-11.884],[-65.67,-11.936],[-65.613,-11.941],[-65.648,-12.018],[-65.824,-12.125],[-65.908,-12.114],[-65.892,-12.037],[-65.797,-12.034],[-65.703,-11.919],[-65.726,-11.599],[-65.658,-11.65],[-65.665,-11.806]],[[-67.153,-11.516],[-67.164,-11.589],[-67.096,-11.529],[-67.165,-11.733],[-67.117,-11.751],[-67.208,-11.791],[-67.186,-11.694],[-67.278,-11.739],[-67.371,-11.572],[-67.312,-11.547],[-67.289,-11.607],[-67.234,-11.601],[-67.23,-11.504],[-67.158,-11.462],[-67.153,-11.516]],[[-66.375,-11.346],[-66.207,-11.47],[-66.276,-11.564],[-66.234,-11.777],[-66.125,-11.836],[-66.16,-12.002],[-66.221,-11.919],[-66.185,-11.866],[-66.307,-11.75],[-66.32,-11.536],[-66.439,-11.492],[-66.418,-11.426],[-66.362,-11.444],[-66.375,-11.346]],[[-65.597,-11.436],[-65.447,-11.486],[-65.616,-11.53],[-65.69,-11.333],[-65.597,-11.436]],[[-65.3,-11.54],[-65.416,-11.467],[-65.428,-11.272],[-65.3,-11.54]],[[-66.773,-11.246],[-66.76,-11.336],[-66.838,-11.404],[-66.811,-11.26],[-66.863,-11.248],[-66.732,-11.168],[-66.773,-11.246]],[[-65.564,-11.312],[-65.59,-11.348],[-65.668,-11.251],[-65.688,-11.148],[-65.634,-11.095],[-65.564,-11.312]],[[-65.861,-11.08],[-65.918,-11.174],[-65.911,-11.077],[-65.861,-11.08]],[[-65.814,-11.161],[-65.823,-11.261],[-65.86,-11.185],[-65.806,-10.944],[-65.814,-11.161]],[[-66.279,-11.063],[-66.361,-11.121],[-66.339,-11.183],[-66.411,-11.266],[-66.542,-11.319],[-66.588,-11.242],[-66.667,-11.254],[-66.619,-11.123],[-66.196,-10.93],[-66.279,-11.063]],[[-65.472,-10.954],[-65.554,-11.039],[-65.55,-11.166],[-65.614,-10.962],[-65.519,-10.946],[-65.539,-10.771],[-65.432,-10.827],[-65.472,-10.954]],[[-53.494,-10.366],[-53.587,-10.35],[-53.585,-10.258],[-53.486,-10.272],[-53.494,-10.366]],[[-50.579,-9.861],[-50.509,-9.896],[-50.529,-9.984],[-50.594,-9.963],[-50.579,-9.861]],[[-51.004,-9.777],[-51.017,-9.939],[-50.914,-9.946],[-50.926,-9.802],[-50.838,-9.937],[-50.754,-9.965],[-50.875,-10.008],[-50.849,-10.12],[-51.083,-10.096],[-51.144,-10.15],[-51.136,-10.037],[-51.284,-10.077],[-51.273,-10.027],[-51.069,-9.984],[-51.085,-9.841],[-51.18,-9.78],[-51.004,-9.777]],[[-50.929,-9.698],[-51.042,-9.703],[-51.093,-9.573],[-50.929,-9.698]],[[-50.83,-9.4],[-50.746,-9.386],[-50.743,-9.445],[-50.631,-9.461],[-50.774,-9.673],[-50.887,-9.644],[-50.853,-9.498],[-50.952,-9.537],[-51.01,-9.456],[-51.169,-9.46],[-51.154,-9.379],[-50.971,-9.422],[-50.953,-9.337],[-50.83,-9.4]],[[-50.275,-9.306],[-50.34,-9.298],[-50.327,-9.226],[-50.278,-9.229],[-50.275,-9.306]],[[-50.375,-9.25],[-50.401,-9.312],[-50.523,-9.258],[-50.431,-9.159],[-50.375,-9.25]],[[-50.145,-9.12],[-50.119,-9.175],[-50.23,-9.199],[-50.38,-9.134],[-50.179,-9.077],[-50.145,-9.12]],[[-50.854,-9.018],[-50.798,-9.048],[-50.669,-8.972],[-50.518,-9.006],[-50.5,-9.076],[-50.635,-9.056],[-50.93,-9.153],[-50.986,-8.895],[-50.952,-8.836],[-50.878,-8.842],[-50.917,-8.95],[-50.854,-9.018]],[[-50.473,-8.864],[-50.341,-8.876],[-50.359,-9],[-50.53,-8.901],[-50.576,-8.791],[-50.541,-8.723],[-50.458,-8.765],[-50.473,-8.864]],[[-50.369,-8.729],[-50.437,-8.651],[-50.385,-8.572],[-50.337,-8.654],[-50.369,-8.729]],[[-50.797,-8.527],[-50.514,-8.621],[-50.774,-8.596],[-50.907,-8.671],[-50.911,-8.547],[-51.135,-8.302],[-51.072,-8.27],[-50.975,-8.323],[-50.797,-8.527]],[[-51.113,-8.644],[-51.051,-8.735],[-51.086,-9.085],[-51.488,-8.651],[-51.372,-8.614],[-51.413,-8.327],[-51.356,-8.198],[-51.286,-8.203],[-51.279,-8.427],[-51.113,-8.644]],[[-52.345,-8.239],[-52.624,-7.946],[-52.713,-7.93],[-52.753,-7.825],[-52.71,-7.737],[-52.366,-8.089],[-52.345,-8.239]],[[-52.345,-8.239],[-52.299,-8.296],[-52.228,-8.226],[-52.143,-8.479],[-51.878,-8.364],[-52.083,-8.07],[-52.064,-7.975],[-51.962,-8.014],[-51.834,-8.183],[-51.735,-8.172],[-51.702,-8.598],[-51.746,-8.807],[-51.973,-8.763],[-52.205,-8.528],[-52.261,-8.573],[-52.359,-8.508],[-52.345,-8.239]],[[-48.656,-7.591],[-48.797,-7.61],[-48.799,-7.446],[-48.709,-7.3],[-48.656,-7.591]],[[-50.678,-7.072],[-50.609,-7.091],[-50.647,-7.204],[-50.781,-7.226],[-50.772,-7.027],[-50.716,-6.995],[-50.678,-7.072]],[[-49.426,-5.591],[-49.477,-5.559],[-49.419,-5.269],[-49.275,-5.437],[-49.426,-5.591]]],[[[-61.572,5.305],[-61.674,5.299],[-61.796,5.196],[-61.899,5.383],[-61.912,5.301],[-61.749,5.114],[-61.693,5.116],[-61.749,5.178],[-61.539,5.273],[-61.572,5.305]]],[[[-62.572,7.666],[-62.599,7.715],[-62.623,7.651],[-62.558,7.579],[-62.572,7.666]]],[[[-63.061,7.823],[-63.084,7.691],[-63.148,7.754],[-63.089,7.637],[-63.061,7.823]]],[[[-62.276,7.831],[-62.294,7.875],[-62.391,7.826],[-62.494,7.869],[-62.414,7.792],[-62.352,7.819],[-62.228,7.674],[-62.276,7.831]]],[[[-62.013,7.791],[-62.011,7.818],[-61.96,7.882],[-62.068,7.816],[-62.006,7.72],[-62.013,7.791]]],[[[-58.459,6.878],[-58.331,6.96],[-58.416,6.964],[-58.459,6.878]]],[[[-58.482,6.918],[-58.392,6.993],[-58.426,7.034],[-58.482,6.918]]],[[[-61.746,2.329],[-61.757,2.398],[-61.842,2.283],[-61.941,2.25],[-61.747,2.201],[-61.701,2.302],[-61.746,2.329]]],[[[-61.399,2.566],[-61.645,2.502],[-61.675,2.428],[-61.498,2.474],[-61.34,2.375],[-61.298,2.228],[-61.239,2.448],[-61.287,2.416],[-61.322,2.561],[-61.399,2.566]]],[[[-60.206,2.93],[-60.235,2.999],[-60.288,2.915],[-60.389,2.974],[-60.631,2.758],[-60.552,2.726],[-60.495,2.83],[-60.287,2.795],[-60.241,2.726],[-60.221,2.826],[-60.171,2.796],[-60.097,2.949],[-60.206,2.93]]],[[[-55.442,-11.024],[-55.515,-11.034],[-55.564,-11.207],[-55.634,-11.227],[-55.609,-11.334],[-55.531,-11.351],[-55.458,-11.465],[-55.243,-11.118],[-55.442,-11.024]]],[[[-49.154,-1.853],[-49.089,-1.851],[-49.071,-1.736],[-49.154,-1.853]]],[[[-48.922,-1.748],[-48.881,-1.589],[-48.964,-1.596],[-49.018,-1.756],[-48.922,-1.748]]],[[[-48.523,-1.508],[-48.533,-1.379],[-48.577,-1.435],[-48.523,-1.508]]],[[[-50.809,-0.021],[-50.725,0.017],[-50.801,0.04],[-50.955,-0.03],[-50.809,-0.021]]],[[[-49.55,0.082],[-49.751,0],[-49.831,-0.1],[-49.487,-0.135],[-49.342,-0.03],[-49.389,0.045],[-49.55,0.082]]],[[[-50.434,0.081],[-50.577,0.187],[-50.635,0.144],[-50.59,0.042],[-50.47,0.052],[-50.56,0.026],[-50.479,-0.034],[-50.434,0.081]]],[[[-50.18,0.248],[-50.059,0.346],[-50.242,0.263],[-50.18,0.248]]],[[[-49.752,0.346],[-49.994,0.325],[-50.153,0.227],[-50.394,0.222],[-50.393,0.137],[-50.341,0.035],[-50.065,0.026],[-49.99,-0.048],[-49.595,0.252],[-49.631,0.346],[-49.752,0.346]]],[[[-50.305,0.274],[-50.36,0.615],[-50.535,0.225],[-50.426,0.154],[-50.407,0.237],[-50.305,0.274]]],[[[-50.053,0.616],[-50.271,0.599],[-50.291,0.341],[-50.067,0.467],[-50.053,0.616]]],[[[-50,0.864],[-50.225,0.86],[-50.273,0.744],[-50.126,0.724],[-50,0.864]]],[[[-50.024,0.937],[-49.945,0.969],[-49.945,1.026],[-50.023,1.019],[-50.067,0.957],[-50.024,0.937]]],[[[-50.271,1.809],[-50.437,1.816],[-50.515,1.913],[-50.577,2],[-50.588,2.054],[-50.641,2.113],[-50.719,2.101],[-50.805,1.549],[-50.696,1.431],[-50.753,1.419],[-50.739,1.354],[-50.687,1.39],[-50.586,1.264],[-50.698,1.087],[-50.759,1.261],[-51.04,0.829],[-50.995,0.75],[-50.745,0.65],[-50.744,0.424],[-50.783,0.355],[-50.865,0.393],[-50.913,0.147],[-50.728,0.232],[-50.469,0.623],[-50.313,0.747],[-50.274,0.866],[-49.972,1.069],[-49.904,1.246],[-50.073,1.204],[-49.918,1.289],[-49.891,1.468],[-49.946,1.575],[-50.068,1.58],[-50.271,1.809]]],[[[-50.415,2.162],[-50.382,2.204],[-50.458,2.26],[-50.564,2.211],[-50.439,1.859],[-50.324,1.894],[-50.318,2.001],[-50.415,2.162]]],[[[-61.296,1.65],[-61.184,1.714],[-61.188,1.909],[-61.282,1.859],[-61.352,1.965],[-61.378,1.718],[-61.296,1.65]]],[[[-64.959,-12.553],[-64.893,-12.717],[-64.818,-12.623],[-64.917,-12.526],[-64.959,-12.553]]],[[[-64.857,-12.523],[-64.824,-12.468],[-64.9,-12.32],[-65.008,-12.328],[-64.961,-12.396],[-65.015,-12.485],[-64.857,-12.523]]],[[[-50.396,-10.376],[-50.397,-10.284],[-50.421,-10.268],[-50.445,-10.357],[-50.664,-10.318],[-50.396,-10.376]]],[[[-52.213,-9.425],[-52.306,-9.172],[-52.464,-9.239],[-52.55,-9.376],[-52.38,-9.554],[-52.213,-9.425]]],[[[-50.037,-8.834],[-50.125,-8.853],[-50.111,-8.957],[-50.03,-8.989],[-49.916,-8.848],[-50.037,-8.834]]],[[[-50.301,-8.206],[-50.212,-8.199],[-50.19,-8.065],[-50.304,-8.092],[-50.342,-8.197],[-50.301,-8.206]]],[[[-50.216,-7.914],[-50.203,-7.826],[-50.125,-7.844],[-50.107,-7.788],[-50.168,-7.689],[-50.16,-7.508],[-50.211,-7.62],[-50.333,-7.484],[-50.36,-7.551],[-50.276,-7.728],[-50.351,-7.832],[-50.268,-7.89],[-50.358,-7.978],[-50.281,-8.009],[-50.216,-7.914]]],[[[-49.973,-7.282],[-50.053,-7.312],[-50.043,-7.366],[-49.952,-7.339],[-49.973,-7.282]]],[[[-50.02,-7.095],[-50.144,-7.019],[-50.138,-6.938],[-50,-6.898],[-50.003,-6.7],[-50.078,-6.664],[-50.234,-6.9],[-50.238,-7.009],[-50.147,-7.157],[-50.058,-7.179],[-50.02,-7.095]]],[[[-49.882,-6.86],[-49.767,-6.883],[-49.764,-6.771],[-49.677,-6.809],[-49.63,-6.765],[-49.731,-6.728],[-49.699,-6.533],[-49.872,-6.675],[-49.882,-6.86]]]]},"properties":{"id":"amazon"}},{"type":"Feature","geometry":{"type":"Polygon","coordinates":[[[9.561,1.486],[9.477,1.416],[9.459,1.322],[9.347,1.174],[9.413,1.097],[9.535,1.127],[9.806,1.25],[9.948,1.138],[9.957,0.963],[9.769,0.891],[9.826,0.477],[9.741,0.397],[9.596,0.375],[9.807,0.181],[9.925,0.193],[10.025,0.166],[10.048,0.052],[9.721,0.007],[9.56,-0.069],[9.453,-0.019],[9.423,0.13],[9.469,0.161],[9.391,0.224],[9.351,0.356],[9.305,0.307],[9.35,0.008],[9.299,-0.387],[9.122,-0.618],[9.115,-0.842],[9.007,-0.968],[8.994,-1.047],[9.077,-1.271],[9.046,-1.387],[9.232,-1.645],[9.271,-1.895],[9.546,-2.2],[9.625,-2.409],[9.877,-2.682],[10.303,-2.976],[10.253,-2.965],[10.657,-3.343],[10.645,-3.443],[10.926,-3.648],[11.057,-3.631],[11.283,-3.727],[11.67,-4.103],[12.396,-4.697],[12.492,-4.834],[12.515,-4.961],[12.527,-5.427],[12.691,-5.689],[12.811,-5.744],[13.478,-5.338],[13.453,-5.093],[13.575,-5.057],[13.565,-5.007],[13.314,-4.735],[13.209,-4.644],[12.798,-4.453],[12.227,-4.07],[11.795,-3.655],[11.486,-3.253],[10.795,-2.896],[10.734,-2.651],[10.766,-2.327],[10.972,-2.403],[11.593,-2.909],[11.676,-2.925],[11.727,-2.842],[11.377,-2.42],[10.948,-2.065],[10.796,-1.887],[10.688,-1.614],[10.702,-1.503],[10.759,-1.467],[10.855,-1.483],[11.036,-1.623],[11.388,-2.088],[11.479,-2.136],[12.265,-2.906],[12.693,-3.525],[12.949,-3.819],[13.47,-4.142],[13.636,-4.092],[13.762,-3.986],[13.772,-3.822],[13.695,-3.526],[13.336,-2.898],[13.043,-2.273],[12.543,-1.632],[12.394,-1.365],[12.778,-1.108],[12.951,-1.071],[13.494,-1.09],[13.725,-1.164],[14.1,-1.145],[14.167,-1.105],[14.212,-0.997],[14.049,-0.606],[14.049,-0.517],[14.128,-0.441],[14.194,-0.449],[14.294,-0.499],[14.736,-0.992],[15.058,-1.198],[15.532,-1.691],[16.118,-2.214],[16.133,-2.392],[16.221,-2.632],[16.162,-2.911],[16.189,-3.061],[16.213,-2.74],[16.286,-2.753],[16.318,-2.696],[16.292,-2.386],[16.355,-2.278],[16.854,-2.253],[17.421,-2.232],[17.696,-2.437],[17.745,-2.41],[17.735,-2.35],[17.603,-2.175],[17.63,-2.058],[17.696,-2.036],[17.925,-2.102],[18.076,-2],[18.286,-2.34],[18.308,-3.218],[18.491,-3.584],[18.599,-3.565],[18.792,-3.64],[19.209,-3.825],[19.619,-4.072],[19.789,-4.09],[20.024,-4.268],[20.016,-4.232],[20.303,-4.377],[20.512,-4.212],[21.162,-3.987],[21.517,-4.065],[21.87,-3.97],[22.192,-3.987],[22.324,-3.954],[22.699,-4.006],[22.633,-3.858],[22.656,-3.693],[23.188,-3.549],[23.407,-3.297],[23.783,-3.789],[24.021,-3.76],[24.195,-3.685],[24.385,-3.511],[24.898,-3.478],[24.999,-3.347],[25.103,-2.965],[25.242,-2.719],[25.325,-2.668],[25.523,-2.647],[25.722,-2.693],[25.866,-2.663],[25.95,-2.76],[26.214,-3.408],[26.422,-3.648],[26.933,-3.82],[27.217,-3.868],[27.892,-3.466],[27.922,-3.533],[28.037,-3.604],[28.168,-3.557],[28.151,-3.467],[28.287,-3.381],[28.284,-3.304],[28.34,-3.281],[28.265,-3.156],[28.208,-3.139],[28.22,-3.04],[28.069,-3.222],[27.842,-3.277],[27.957,-3.173],[27.975,-3.021],[28.181,-2.745],[28.08,-2.737],[28.06,-2.702],[28.117,-2.635],[28.04,-2.656],[27.996,-2.598],[28.026,-2.602],[28.008,-2.514],[27.967,-2.562],[27.93,-2.502],[28.073,-2.449],[27.991,-2.394],[28.033,-2.273],[27.956,-2.348],[27.96,-2.28],[27.916,-2.269],[27.799,-2.336],[27.927,-2.136],[27.824,-2.226],[27.89,-2.048],[27.807,-2.141],[27.773,-2.126],[27.806,-2.047],[27.76,-2.136],[27.729,-2.114],[27.725,-2.185],[27.64,-2.229],[27.646,-2.291],[27.607,-2.317],[27.573,-2.254],[27.485,-2.27],[27.423,-2.232],[27.437,-2.165],[27.263,-2.156],[27.235,-1.996],[27.423,-2.024],[27.211,-1.894],[27.259,-1.852],[27.202,-1.836],[27.242,-1.789],[27.169,-1.707],[27.335,-1.733],[27.308,-1.65],[27.369,-1.674],[27.342,-1.592],[27.513,-1.702],[27.545,-1.665],[27.606,-1.731],[27.622,-1.699],[27.68,-1.716],[27.567,-1.662],[27.572,-1.617],[27.706,-1.692],[27.684,-1.645],[27.762,-1.662],[27.766,-1.623],[27.903,-1.712],[28.022,-1.681],[28.136,-1.809],[28.101,-1.91],[28.22,-2.03],[28.155,-1.842],[28.208,-1.853],[28.229,-1.923],[28.296,-1.907],[28.248,-1.801],[28.205,-1.816],[28.133,-1.746],[28.192,-1.768],[28.208,-1.66],[28.291,-1.645],[28.347,-1.68],[28.331,-1.781],[28.403,-1.829],[28.41,-1.954],[28.478,-2.002],[28.52,-2.143],[28.577,-2.107],[28.619,-2.164],[28.602,-2.101],[28.659,-2.125],[28.715,-2.019],[28.662,-2.048],[28.627,-1.981],[28.621,-2.043],[28.566,-2.024],[28.574,-2.07],[28.537,-2.033],[28.465,-1.841],[28.539,-1.755],[28.383,-1.675],[28.285,-1.484],[28.107,-1.338],[28.021,-1.02],[28.057,-0.975],[28.284,-1.004],[28.575,-0.968],[28.159,-0.93],[28.332,-0.897],[28.717,-0.713],[28.664,-0.685],[28.25,-0.816],[28.145,-0.614],[28.275,-0.489],[28.308,-0.272],[28.415,-0.163],[28.685,-0.059],[28.806,0.034],[29.039,0.096],[29.047,0.142],[28.98,0.218],[29.116,0.29],[29.109,0.366],[29.265,0.316],[29.377,0.428],[29.523,0.492],[29.467,0.308],[29.478,0.246],[29.534,0.245],[29.656,0.292],[29.745,0.559],[29.86,0.608],[29.912,0.755],[29.848,1.153],[30.068,1.5],[30.015,1.567],[29.842,1.605],[30.1,1.796],[30.149,2.063],[30.113,2.196],[29.641,2.929],[29.42,2.985],[29.239,2.858],[29.15,2.875],[29.212,2.994],[29.369,3.089],[29.318,3.154],[29.18,3.147],[29.046,3.117],[28.946,2.967],[28.859,2.936],[28.783,2.824],[28.74,2.841],[28.7,2.92],[28.75,3.326],[28.714,3.507],[28.622,3.665],[28.54,3.701],[28.47,3.581],[28.298,3.438],[28.307,3.212],[28.236,3.043],[28.058,2.9],[27.879,2.868],[27.809,2.97],[27.893,3.368],[27.777,3.436],[27.548,3.459],[27.263,3.687],[27.2,3.638],[27.11,3.19],[27.03,3.08],[26.939,3.071],[26.506,3.223],[26.454,3.298],[26.428,3.572],[26.339,3.667],[25.754,3.421],[25.543,3.5],[25.407,3.736],[25.393,4.146],[25.309,4.151],[25.164,4.258],[25.043,4.222],[25.005,4.045],[24.647,3.97],[23.828,4.071],[23.553,4.224],[23.055,4.294],[23.007,4.418],[23.051,4.64],[23.623,4.905],[23.976,5.267],[24.045,5.435],[23.959,5.644],[23.782,5.641],[23.549,5.776],[23.323,5.746],[23.191,5.78],[22.954,5.571],[22.725,5.578],[22.388,5.432],[22.027,5.455],[21.78,5.25],[21.592,4.989],[21.386,4.386],[20.989,4.467],[20.866,4.41],[20.549,4.398],[20.485,4.459],[20.471,4.596],[20.268,4.845],[20.014,4.951],[19.842,5.097],[19.573,5.156],[19.438,5.138],[19.106,4.892],[18.856,4.523],[18.502,4.329],[18.052,3.829],[17.865,4.049],[17.713,4.135],[17.604,4.123],[17.281,3.922],[17.207,3.921],[16.765,4.135],[16.446,4.199],[16.23,4.293],[16.023,4.298],[15.94,4.364],[15.878,4.5],[15.726,4.501],[15.371,4.222],[15.104,4.207],[15.062,4.127],[14.912,4.173],[14.94,4.324],[14.75,4.175],[14.652,4.166],[14.546,4.218],[14.466,4.359],[14.254,4.377],[14.192,4.421],[14.14,4.252],[14.046,4.19],[13.822,4.275],[13.806,4.313],[13.905,4.484],[13.711,4.437],[13.631,4.475],[13.599,4.686],[13.684,4.9],[13.619,5.11],[13.734,5.097],[13.793,5.157],[13.613,5.324],[13.674,5.576],[13.653,5.604],[13.486,5.443],[13.425,5.445],[13.478,5.616],[13.161,5.722],[13.065,5.907],[13.005,5.933],[13.027,5.617],[12.983,5.555],[12.672,5.401],[12.48,5.389],[12.409,5.266],[12.458,5.044],[12.962,5.071],[12.977,5.004],[12.939,4.948],[12.613,4.942],[12.481,4.897],[12.411,4.842],[12.255,4.506],[12.076,4.271],[12.032,4.268],[12.045,4.376],[12.006,4.419],[11.855,4.235],[11.629,4.223],[11.591,4.242],[11.592,4.321],[11.666,4.529],[11.874,4.66],[11.964,4.822],[11.994,5.035],[11.929,5.228],[11.804,5.222],[11.826,5.046],[11.801,4.977],[11.71,4.916],[11.656,4.953],[11.553,5.218],[11.539,5.342],[11.681,5.418],[11.695,5.653],[11.877,5.564],[11.666,6.123],[11.58,6.161],[11.221,6.066],[11.232,5.803],[11.164,5.653],[11.055,5.6],[11.068,4.809],[11.091,4.775],[11.232,4.931],[11.309,4.693],[11.371,4.659],[11.519,4.685],[11.576,4.606],[11.474,4.394],[11.165,4.213],[11.087,4.239],[11.025,4.167],[10.524,4.028],[10.447,4.1],[10.406,4.089],[10.277,3.873],[10.127,3.857],[9.987,3.762],[9.941,3.64],[9.781,3.645],[9.656,3.563],[9.632,3.552],[9.874,3.323],[9.975,3.084],[9.899,2.92],[9.825,2.351],[9.779,2.318],[9.765,2.093],[9.815,1.931],[9.612,1.667],[9.628,1.594],[9.561,1.486]],[[11.693,0.031],[12.025,0.069],[12.209,-0.019],[12.268,-0.267],[12.238,-0.395],[11.94,-0.37],[11.728,-0.356],[11.548,-0.255],[11.257,-0.243],[11.186,-0.185],[11.172,-0.056],[11.225,0.002],[11.693,0.031]]]},"properties":{"id":"congo"}},{"type":"Feature","geometry":{"type":"MultiPolygon","coordinates":[[[[115.794,-4.823],[115.845,-4.783],[115.847,-4.748],[115.762,-4.82],[115.768,-4.835],[115.794,-4.823]]],[[[116.264,-3.276],[116.276,-3.224],[116.255,-3.211],[116.205,-3.261],[116.161,-3.365],[116.08,-3.412],[116.032,-3.49],[116.033,-3.568],[116.002,-3.623],[115.997,-3.685],[116.059,-3.787],[116.064,-3.855],[116.089,-3.875],[116.068,-3.922],[116.069,-3.933],[116.131,-4.035],[116.215,-3.94],[116.253,-3.882],[116.262,-3.817],[116.329,-3.735],[116.294,-3.72],[116.291,-3.635],[116.22,-3.514],[116.24,-3.453],[116.225,-3.383],[116.264,-3.276]]],[[[110.17,-2.9],[110.142,-2.855],[110.1,-2.895],[110.146,-2.918],[110.17,-2.9]]],[[[110.099,-2.744],[110.117,-2.697],[110.099,-2.672],[110.042,-2.733],[110.07,-2.754],[110.099,-2.744]]],[[[108.945,-1.565],[108.89,-1.538],[108.873,-1.566],[108.833,-1.554],[108.79,-1.577],[108.83,-1.598],[108.825,-1.655],[108.868,-1.67],[108.96,-1.626],[108.972,-1.596],[108.945,-1.565]]],[[[109.17,-1.286],[109.148,-1.282],[109.142,-1.301],[109.17,-1.286]]],[[[109.17,-1.286],[109.187,-1.28],[109.164,-1.258],[109.17,-1.286]]],[[[109.24,-1.233],[109.273,-1.198],[109.26,-1.178],[109.222,-1.194],[109.216,-1.231],[109.24,-1.233]]],[[[107.605,0.997],[107.553,1.022],[107.534,1.012],[107.567,0.981],[107.559,0.95],[107.605,0.997]]],[[[109.025,2.545],[109.003,2.563],[108.976,2.541],[108.982,2.525],[109.033,2.527],[109.019,2.485],[109.118,2.506],[109.117,2.532],[109.025,2.545]]],[[[108.841,2.849],[108.885,2.888],[108.883,3.009],[108.839,2.993],[108.831,2.941],[108.78,2.895],[108.787,2.868],[108.841,2.849]]],[[[107.771,2.975],[107.813,2.986],[107.796,3.02],[107.75,3.004],[107.771,2.975]]],[[[108.275,4.088],[108.232,4.154],[108.24,4.222],[108.222,4.231],[108.068,4.068],[107.965,4.005],[108.036,4.009],[107.994,3.999],[107.995,3.955],[108.062,3.839],[108.23,3.796],[108.271,3.733],[108.193,3.783],[108.123,3.745],[108.094,3.683],[108.147,3.659],[108.157,3.632],[108.242,3.666],[108.303,3.661],[108.313,3.735],[108.389,3.796],[108.41,3.862],[108.405,3.889],[108.386,3.867],[108.365,3.896],[108.393,3.906],[108.384,3.934],[108.402,3.961],[108.301,4.058],[108.298,4.087],[108.275,4.088]]],[[[118.671,4.496],[118.627,4.488],[118.656,4.448],[118.641,4.418],[118.746,4.451],[118.671,4.496]]],[[[118.467,4.681],[118.45,4.697],[118.425,4.662],[118.322,4.655],[118.436,4.627],[118.446,4.608],[118.517,4.597],[118.54,4.615],[118.551,4.591],[118.588,4.632],[118.508,4.66],[118.492,4.645],[118.489,4.675],[118.467,4.681]]],[[[107.985,4.7],[108.007,4.774],[107.927,4.699],[107.967,4.677],[107.985,4.7]]],[[[115.266,5.284],[115.244,5.358],[115.256,5.395],[115.196,5.343],[115.157,5.255],[115.266,5.284]]],[[[116.798,6.696],[116.856,6.773],[116.856,6.825],[116.846,6.856],[116.806,6.854],[116.788,6.874],[116.848,6.886],[116.853,6.908],[116.832,6.963],[116.747,7.036],[116.682,6.886],[116.642,6.865],[116.669,6.826],[116.631,6.782],[116.645,6.714],[116.577,6.652],[116.506,6.539],[116.521,6.504],[116.502,6.452],[116.372,6.398],[116.315,6.358],[116.324,6.305],[116.298,6.299],[116.291,6.32],[116.233,6.277],[116.229,6.244],[116.191,6.225],[116.149,6.156],[116.204,6.173],[116.221,6.124],[116.204,6.102],[116.151,6.119],[116.138,6.065],[116.135,5.993],[116.074,5.975],[116.047,5.956],[116.041,5.838],[115.993,5.789],[115.901,5.747],[115.904,5.728],[115.932,5.633],[115.878,5.573],[115.837,5.475],[115.763,5.493],[115.675,5.474],[115.643,5.547],[115.601,5.577],[115.622,5.618],[115.6,5.635],[115.544,5.537],[115.374,5.4],[115.345,5.303],[115.38,5.301],[115.464,5.452],[115.528,5.5],[115.603,5.488],[115.632,5.429],[115.547,5.415],[115.508,5.361],[115.556,5.274],[115.642,5.274],[115.605,5.227],[115.559,5.152],[115.552,5.081],[115.515,5.033],[115.419,4.976],[115.382,4.91],[115.321,4.894],[115.286,4.915],[115.253,4.869],[115.183,4.871],[115.134,4.833],[115.113,4.843],[115.125,4.789],[115.095,4.816],[115.082,4.805],[115.14,4.748],[115.069,4.762],[115.05,4.729],[115.022,4.741],[115.054,4.792],[115.037,4.809],[115.019,4.814],[115.011,4.897],[115.012,4.94],[115.045,4.968],[115.034,5.003],[115.075,5.026],[115.054,5.045],[114.968,5.014],[114.933,5.001],[114.943,4.985],[114.905,4.989],[114.852,4.972],[114.82,4.945],[114.662,4.835],[114.613,4.771],[114.615,4.754],[114.592,4.751],[114.58,4.755],[114.455,4.672],[114.246,4.6],[113.97,4.598],[113.991,4.583],[113.966,4.575],[113.992,4.463],[113.953,4.367],[113.96,4.338],[113.899,4.222],[113.798,4.097],[113.771,4.043],[113.763,3.95],[113.705,3.981],[113.566,3.851],[113.435,3.767],[113.369,3.625],[113.299,3.558],[113.3,3.521],[113.184,3.414],[113.221,3.38],[113.19,3.321],[113.132,3.282],[113.071,3.288],[113.052,3.274],[113.075,3.255],[113.014,3.162],[112.923,3.081],[112.829,3.069],[112.804,3.04],[112.781,3.059],[112.651,3.022],[112.586,2.969],[112.533,2.983],[112.252,2.936],[112.216,2.903],[112.194,2.917],[112.12,2.883],[111.894,2.856],[111.898,2.825],[111.828,2.849],[111.647,2.798],[111.529,2.705],[111.455,2.614],[111.455,2.557],[111.507,2.504],[111.533,2.453],[111.489,2.397],[111.492,2.354],[111.477,2.302],[111.506,2.173],[111.374,2.126],[111.332,2.072],[111.207,2.011],[111.128,1.748],[111.148,1.701],[111.155,1.683],[111.242,1.627],[111.191,1.608],[111.071,1.641],[111.04,1.613],[111.013,1.526],[111.048,1.5],[111.151,1.426],[111.239,1.43],[111.283,1.412],[111.302,1.401],[111.334,1.357],[111.328,1.324],[111.285,1.323],[111.223,1.358],[111.109,1.361],[110.893,1.515],[110.758,1.566],[110.744,1.477],[110.649,1.432],[110.733,1.484],[110.721,1.547],[110.68,1.56],[110.505,1.566],[110.473,1.637],[110.459,1.639],[110.472,1.657],[110.44,1.663],[110.44,1.646],[110.348,1.681],[110.296,1.615],[110.238,1.602],[110.24,1.682],[110.201,1.685],[110.2,1.709],[110.167,1.704],[110.133,1.665],[110.071,1.644],[110.108,1.701],[109.976,1.686],[109.944,1.64],[109.974,1.615],[109.973,1.584],[109.783,1.557],[109.717,1.567],[109.673,1.635],[109.695,1.688],[109.733,1.709],[109.774,1.699],[109.811,1.655],[109.91,1.639],[109.878,1.69],[109.882,1.725],[109.844,1.792],[109.812,1.8],[109.747,1.731],[109.752,1.83],[109.677,1.864],[109.649,1.908],[109.64,2.057],[109.612,1.996],[109.353,1.911],[109.362,1.881],[109.399,1.883],[109.388,1.85],[109.424,1.834],[109.421,1.79],[109.348,1.779],[109.119,1.514],[109.043,1.287],[109.083,1.199],[108.983,1.141],[109.001,1.006],[108.989,0.921],[108.898,0.8],[108.965,0.661],[108.985,0.425],[109.04,0.349],[109.085,0.353],[109.14,0.282],[109.246,0.05],[109.223,-0.163],[109.182,-0.264],[109.187,-0.359],[109.326,-0.555],[109.432,-0.564],[109.599,-0.646],[109.666,-0.743],[109.666,-0.78],[109.732,-0.833],[109.865,-0.815],[109.873,-0.839],[109.782,-0.917],[109.776,-0.982],[109.833,-1.047],[109.953,-1.095],[109.951,-1.118],[109.969,-1.109],[110.02,-1.149],[110.003,-1.178],[110.067,-1.328],[110.069,-1.335],[110.095,-1.383],[110.106,-1.53],[110.083,-1.649],[110.251,-1.52],[110.289,-1.537],[110.317,-1.608],[110.262,-1.666],[110.103,-1.771],[110.076,-1.761],[110.044,-1.695],[109.967,-1.799],[109.969,-1.823],[109.99,-1.858],[110.06,-1.894],[110.109,-1.963],[110.142,-2.101],[110.13,-2.258],[110.173,-2.407],[110.223,-2.498],[110.295,-2.52],[110.285,-2.558],[110.211,-2.6],[110.277,-2.739],[110.245,-2.903],[110.267,-2.937],[110.455,-2.856],[110.594,-2.849],[110.627,-2.856],[110.664,-3.002],[110.79,-2.948],[110.883,-3.042],[110.98,-3.056],[111.039,-3.042],[111.287,-2.894],[111.387,-2.88],[111.464,-2.807],[111.491,-2.823],[111.49,-2.925],[111.538,-2.963],[111.582,-2.967],[111.697,-2.82],[111.698,-2.805],[111.735,-2.83],[111.731,-2.879],[111.763,-2.918],[111.826,-3.034],[111.812,-3.153],[111.841,-3.18],[111.884,-3.469],[112.031,-3.385],[112.117,-3.299],[112.339,-3.277],[112.368,-3.277],[112.508,-3.365],[112.556,-3.359],[112.587,-3.38],[112.725,-3.291],[112.812,-3.206],[112.907,-3.178],[112.91,-3.093],[112.996,-2.91],[113.044,-2.928],[113.153,-3.036],[113.287,-3.129],[113.347,-3.228],[113.395,-3.222],[113.439,-3.177],[113.639,-3.086],[113.698,-3.026],[113.773,-3.004],[113.779,-3.044],[113.645,-3.219],[113.662,-3.383],[113.704,-3.417],[113.84,-3.397],[114.09,-3.256],[114.098,-3.273],[114.107,-3.278],[114.121,-3.334],[114.144,-3.337],[114.188,-3.347],[114.228,-3.327],[114.351,-3.193],[114.364,-3.216],[114.315,-3.363],[114.325,-3.397],[114.437,-3.447],[114.52,-3.333],[114.496,-3.411],[114.514,-3.441],[114.504,-3.539],[114.551,-3.553],[114.582,-3.604],[114.612,-3.661],[114.641,-4.101],[114.665,-4.141],[115.001,-4.009],[114.983,-3.99],[114.922,-3.99],[114.702,-4.05],[114.789,-3.892],[114.898,-3.862],[115.089,-3.738],[115.4,-3.593],[115.549,-3.462],[115.67,-3.29],[115.724,-3.309],[115.852,-3.27],[115.896,-3.308],[115.886,-3.366],[116.021,-3.366],[116.092,-3.235],[116.137,-3.201],[116.121,-3.18],[116.069,-3.174],[116.056,-3.148],[116.144,-3.11],[116.134,-3.061],[116.115,-3.034],[116.047,-3.024],[116.051,-2.967],[116.112,-2.828],[116.138,-2.812],[116.143,-2.795],[116.149,-2.831],[116.155,-2.876],[116.217,-2.916],[116.208,-2.964],[116.215,-3.004],[116.261,-3.01],[116.362,-2.877],[116.356,-2.707],[116.393,-2.572],[116.358,-2.553],[116.272,-2.655],[116.245,-2.652],[116.246,-2.597],[116.29,-2.496],[116.381,-2.463],[116.459,-2.461],[116.481,-2.492],[116.468,-2.535],[116.468,-2.567],[116.508,-2.565],[116.575,-2.328],[116.551,-2.237],[116.537,-2.312],[116.505,-2.333],[116.447,-2.269],[116.375,-2.285],[116.345,-2.268],[116.323,-2.208],[116.27,-2.172],[116.222,-2.169],[116.209,-2.109],[116.252,-2.059],[116.383,-2.042],[116.4,-2.018],[116.397,-1.924],[116.321,-1.915],[116.361,-1.862],[116.352,-1.837],[116.16,-1.864],[116.113,-1.845],[116.115,-1.813],[116.168,-1.769],[116.217,-1.757],[116.188,-1.695],[116.271,-1.697],[116.249,-1.655],[116.275,-1.641],[116.362,-1.656],[116.452,-1.619],[116.528,-1.528],[116.524,-1.481],[116.56,-1.437],[116.749,-1.368],[116.756,-1.294],[116.683,-1.246],[116.658,-1.161],[116.736,-0.98],[116.764,-0.939],[116.781,-0.957],[116.89,-0.808],[116.886,-0.76],[116.768,-0.646],[116.818,-0.419],[116.821,-0.374],[116.799,-0.354],[116.489,-0.529],[116.454,-0.579],[116.454,-0.625],[116.485,-0.659],[116.479,-0.698],[116.384,-0.808],[116.202,-0.889],[116.063,-0.861],[116.08,-0.774],[116.047,-0.741],[115.968,-0.807],[115.975,-0.877],[115.955,-0.889],[115.88,-0.813],[115.727,-0.809],[115.69,-0.708],[115.705,-0.554],[115.668,-0.495],[115.603,-0.527],[115.558,-0.63],[115.603,-0.745],[115.599,-0.79],[115.561,-0.797],[115.481,-0.734],[115.451,-0.674],[115.454,-0.557],[115.377,-0.523],[115.357,-0.485],[115.399,-0.375],[115.37,-0.27],[115.374,-0.179],[115.404,-0.182],[115.553,-0.313],[115.632,-0.338],[115.651,-0.416],[115.681,-0.405],[115.707,-0.359],[115.712,-0.22],[115.731,-0.19],[115.814,-0.299],[115.886,-0.352],[115.828,-0.401],[115.844,-0.475],[115.879,-0.505],[115.95,-0.483],[116.015,-0.513],[116.042,-0.599],[116.14,-0.75],[116.187,-0.774],[116.252,-0.735],[116.305,-0.759],[116.394,-0.726],[116.333,-0.524],[116.297,-0.495],[116.352,-0.476],[116.387,-0.406],[116.449,-0.371],[116.555,-0.337],[116.617,-0.373],[116.644,-0.279],[116.72,-0.307],[116.766,-0.254],[116.804,-0.322],[116.844,-0.321],[116.853,-0.235],[116.821,-0.148],[116.768,-0.109],[116.7,-0.104],[116.792,0.007],[116.822,0.018],[116.922,-0.013],[117.025,0.094],[117.038,0.162],[117.021,0.186],[117.1,0.288],[117.103,0.322],[117.04,0.322],[117.024,0.347],[117.034,0.404],[117.009,0.415],[116.915,0.394],[116.86,0.332],[116.781,0.336],[116.717,0.41],[116.713,0.447],[116.737,0.456],[116.73,0.482],[116.824,0.599],[116.683,0.623],[116.648,0.705],[116.614,0.723],[116.537,0.469],[116.457,0.417],[116.463,0.306],[116.411,0.281],[116.326,0.342],[116.297,0.4],[116.293,0.474],[116.248,0.508],[116.303,0.528],[116.334,0.612],[116.419,0.689],[116.38,0.717],[116.291,0.709],[116.276,0.751],[116.459,0.882],[116.566,0.862],[116.704,0.716],[116.764,0.709],[116.782,0.752],[116.775,1.02],[116.867,1.161],[116.905,1.307],[116.949,1.338],[117.001,1.278],[117.059,1.378],[117.118,1.361],[117.161,1.307],[117.156,1.261],[117.076,1.115],[116.984,1.062],[116.972,0.973],[116.986,0.827],[117.102,0.716],[117.152,0.591],[117.145,0.557],[117.094,0.53],[117.07,0.419],[117.076,0.366],[117.133,0.38],[117.142,0.34],[117.106,0.158],[117.127,0.073],[117.119,-0.056],[116.994,-0.113],[117.097,-0.281],[117.044,-0.373],[117.015,-0.36],[116.979,-0.38],[117.001,-0.503],[117.039,-0.575],[117.098,-0.543],[117.132,-0.495],[117.164,-0.36],[117.273,-0.157],[117.33,0.12],[117.385,0.204],[117.385,0.25],[117.506,0.57],[117.495,0.619],[117.45,0.659],[117.223,0.732],[117.165,0.8],[117.141,1.022],[117.21,1.197],[117.327,1.231],[117.342,1.213],[117.235,0.989],[117.242,0.867],[117.273,0.808],[117.307,0.805],[117.32,0.849],[117.313,1.012],[117.351,1.025],[117.38,1.009],[117.377,0.888],[117.404,0.872],[117.494,0.985],[117.583,1.007],[117.603,0.988],[117.634,0.835],[117.621,0.764],[117.679,0.699],[117.728,0.72],[117.765,0.768],[117.901,0.833],[117.932,0.852],[117.98,0.825],[118.024,0.857],[117.998,0.914],[117.983,0.926],[117.97,0.974],[117.865,1.053],[117.847,1.191],[117.982,1.089],[118.029,1.01],[118.121,1.002],[118.115,0.967],[118.051,0.929],[118.089,0.897],[118.331,0.84],[118.359,0.803],[118.441,0.835],[118.591,0.81],[118.676,0.85],[118.713,0.813],[118.803,0.796],[118.857,0.866],[118.902,0.872],[118.977,0.936],[118.999,1.028],[118.932,1.064],[118.844,1.052],[118.836,1.097],[118.782,1.157],[118.739,1.16],[118.776,1.174],[118.774,1.202],[118.582,1.362],[118.518,1.363],[118.513,1.382],[118.469,1.379],[118.464,1.403],[118.422,1.401],[118.431,1.432],[118.389,1.432],[118.42,1.447],[118.412,1.491],[118.201,1.598],[118.103,1.666],[118.056,1.726],[118.061,1.772],[117.937,1.801],[117.894,1.84],[117.889,1.876],[117.857,1.879],[117.873,1.982],[117.856,1.972],[117.837,2.007],[117.762,2.025],[117.702,2.04],[117.719,2.162],[117.676,2.175],[117.635,2.207],[117.705,2.198],[117.625,2.271],[117.542,2.22],[117.471,2.219],[117.31,2.169],[117.113,2.244],[117.055,2.309],[117.01,2.307],[117.007,2.247],[117.14,2.155],[117.2,2.139],[117.231,2.097],[117.402,2.095],[117.278,2.016],[117.272,1.94],[117.162,1.857],[117.126,2.003],[116.888,2.28],[116.894,2.379],[116.977,2.417],[117.339,2.338],[117.57,2.368],[117.717,2.356],[117.757,2.377],[117.769,2.41],[117.736,2.535],[117.658,2.592],[117.438,2.677],[117.336,2.747],[117.282,2.848],[117.195,2.942],[117.178,3.138],[116.971,3.333],[116.958,3.389],[116.988,3.494],[116.897,3.503],[116.745,3.473],[116.676,3.345],[116.641,3.366],[116.632,3.465],[116.589,3.468],[116.553,3.423],[116.532,3.197],[116.492,3.217],[116.478,3.267],[116.471,3.459],[116.503,3.584],[116.534,3.614],[116.618,3.63],[116.78,3.922],[116.838,3.972],[116.951,4.023],[116.963,4.186],[117.011,4.194],[117.073,4.111],[117.101,4.104],[117.199,4.172],[117.297,4.311],[117.37,4.286],[117.427,4.229],[117.381,4.194],[117.297,4.205],[117.26,4.169],[117.26,4.131],[117.314,4.086],[117.296,4.068],[117.343,4.049],[117.302,3.956],[117.386,3.922],[117.414,3.873],[117.465,3.858],[117.511,3.892],[117.548,3.891],[117.646,3.818],[117.569,3.794],[117.663,3.71],[117.671,3.677],[117.631,3.645],[117.562,3.657],[117.593,3.632],[117.665,3.622],[117.77,3.648],[117.785,3.691],[117.838,3.711],[117.77,3.751],[117.783,3.759],[117.79,3.785],[117.724,3.856],[117.676,3.88],[117.611,3.875],[117.623,3.891],[117.641,3.923],[117.531,4.029],[117.496,4.049],[117.471,4.032],[117.486,4.113],[117.479,4.184],[117.53,4.176],[117.54,4.183],[117.521,4.206],[117.543,4.211],[117.53,4.234],[117.543,4.245],[117.556,4.262],[117.544,4.31],[117.578,4.309],[117.619,4.303],[117.626,4.349],[117.548,4.404],[117.562,4.418],[117.584,4.458],[117.673,4.438],[117.804,4.368],[117.812,4.321],[117.878,4.244],[117.992,4.224],[118.128,4.287],[118.191,4.294],[118.284,4.34],[118.267,4.394],[118.287,4.404],[118.38,4.349],[118.408,4.326],[118.504,4.36],[118.549,4.352],[118.549,4.374],[118.595,4.399],[118.573,4.426],[118.603,4.428],[118.614,4.402],[118.64,4.446],[118.602,4.487],[118.57,4.49],[118.58,4.517],[118.534,4.523],[118.488,4.488],[118.44,4.525],[118.502,4.511],[118.507,4.543],[118.477,4.572],[118.424,4.599],[118.4,4.577],[118.37,4.627],[118.311,4.63],[118.305,4.652],[118.266,4.66],[118.209,4.731],[118.191,4.804],[118.167,4.838],[118.133,4.844],[118.127,4.87],[118.194,4.921],[118.213,4.963],[118.34,4.954],[118.38,4.981],[118.341,4.994],[118.318,4.964],[118.324,5.018],[118.407,5.025],[118.579,4.96],[118.656,4.934],[118.731,4.946],[118.936,5.04],[119.102,5.086],[119.155,5.177],[119.17,5.249],[119.226,5.201],[119.256,5.205],[119.271,5.24],[119.247,5.266],[119.216,5.273],[119.193,5.395],[119.21,5.428],[119.14,5.451],[119.12,5.426],[119.12,5.351],[119.146,5.291],[119.115,5.251],[119.022,5.323],[119.002,5.309],[118.949,5.337],[118.878,5.339],[118.721,5.435],[118.62,5.527],[118.494,5.486],[118.467,5.569],[118.479,5.66],[118.39,5.714],[118.284,5.734],[118.204,5.779],[118.201,5.696],[118.154,5.629],[118.135,5.653],[118.086,5.639],[118.087,5.678],[118.055,5.678],[118.059,5.713],[118.027,5.705],[118.006,5.672],[117.944,5.649],[117.91,5.677],[117.871,5.666],[117.893,5.729],[117.831,5.787],[117.849,5.829],[117.921,5.821],[117.936,5.847],[118.007,5.818],[118.047,5.809],[118.125,5.843],[118.109,5.871],[118.088,5.859],[118.038,5.885],[118.01,5.94],[118.026,5.962],[118.068,5.959],[118.036,5.997],[118.043,6.034],[118.011,6.029],[118.005,6.06],[117.983,6.067],[117.96,6.032],[117.97,5.986],[117.931,5.928],[117.905,5.917],[117.88,5.95],[117.79,5.938],[117.803,5.872],[117.758,5.835],[117.708,5.82],[117.737,5.875],[117.704,5.901],[117.631,5.899],[117.607,5.871],[117.539,5.862],[117.5,5.881],[117.495,5.892],[117.57,5.978],[117.58,6.093],[117.546,6.156],[117.542,6.191],[117.658,6.314],[117.527,6.521],[117.546,6.556],[117.52,6.623],[117.484,6.576],[117.503,6.494],[117.442,6.493],[117.386,6.525],[117.359,6.57],[117.322,6.564],[117.309,6.606],[117.284,6.654],[117.23,6.666],[117.176,6.82],[117.258,6.905],[117.25,6.944],[117.192,6.959],[117.141,7.011],[117.055,6.969],[117.084,6.947],[117.071,6.936],[117.034,6.95],[117.033,6.894],[117.056,6.867],[117.116,6.852],[117.116,6.805],[116.984,6.714],[116.856,6.617],[116.855,6.577],[116.803,6.478],[116.731,6.516],[116.691,6.567],[116.75,6.671],[116.798,6.696]],[[112.959,0.629],[113.071,0.675],[113.157,0.754],[113.222,0.781],[113.212,0.839],[113.081,0.982],[113.012,1.029],[112.887,1.034],[112.77,1.128],[112.698,1.092],[112.665,1.097],[112.576,1.191],[112.506,1.206],[112.396,1.2],[112.289,1.123],[112.136,1.077],[112.023,1.067],[111.992,1.027],[112.008,0.949],[111.997,0.945],[111.877,0.996],[111.864,1.045],[111.889,1.096],[111.993,1.151],[112.092,1.165],[112.168,1.151],[112.292,1.251],[112.395,1.285],[112.495,1.281],[112.661,1.23],[113.033,1.101],[113.079,1.057],[113.201,1.026],[113.26,0.964],[113.271,0.867],[113.266,0.849],[113.273,0.829],[113.271,0.81],[113.269,0.789],[113.261,0.758],[113.253,0.742],[113.25,0.731],[113.244,0.72],[113.237,0.712],[113.226,0.705],[113.222,0.699],[113.186,0.668],[113.16,0.648],[113.149,0.643],[113.131,0.641],[113.112,0.633],[113.037,0.59],[113.015,0.575],[113.006,0.572],[112.997,0.568],[112.854,0.51],[112.691,0.485],[112.194,0.488],[112.178,0.482],[112.196,0.413],[112.18,0.403],[112.112,0.457],[112.087,0.439],[112.178,0.321],[112.168,0.29],[111.886,0.408],[112.021,0.519],[112.063,0.584],[112.307,0.567],[112.621,0.593],[112.669,0.583],[112.815,0.617],[112.927,0.606],[112.959,0.629]],[[115.993,0.335],[116.047,0.29],[116.099,0.203],[116.227,0.12],[116.267,0.045],[116.264,-0.093],[116.246,-0.127],[116.204,-0.143],[116.175,-0.114],[116.081,-0.124],[116.051,-0.251],[115.872,-0.23],[115.781,-0.08],[116.02,0.093],[116.021,0.174],[115.963,0.281],[115.964,0.321],[115.993,0.335]],[[114.749,-1.395],[114.69,-1.401],[114.655,-1.445],[114.643,-1.531],[114.68,-1.631],[114.67,-1.795],[114.604,-1.8],[114.534,-1.868],[114.499,-1.938],[114.448,-1.97],[114.25,-1.89],[114.169,-1.923],[114.152,-2.001],[114.207,-2.141],[114.185,-2.191],[114.117,-2.188],[113.993,-2.138],[113.976,-2.03],[114.026,-1.91],[113.965,-1.892],[113.951,-1.827],[113.952,-1.425],[113.911,-1.196],[113.91,-1.144],[113.937,-1.105],[113.996,-1.075],[114.064,-0.997],[114.138,-0.981],[114.216,-1.001],[114.33,-1.142],[114.45,-1.224],[114.516,-1.234],[114.63,-1.209],[114.697,-1.238],[114.725,-1.272],[114.726,-1.375],[114.749,-1.395]],[[113.764,-2.048],[113.827,-2.211],[113.835,-2.292],[113.775,-2.55],[113.743,-2.607],[113.665,-2.647],[113.613,-2.728],[113.559,-2.761],[113.531,-2.856],[113.551,-2.959],[113.51,-2.981],[113.452,-2.97],[113.436,-3.026],[113.382,-3.069],[113.34,-3.059],[113.315,-3.019],[113.355,-2.884],[113.315,-2.795],[113.364,-2.71],[113.376,-2.587],[113.399,-2.434],[113.535,-2.232],[113.547,-2.168],[113.446,-1.947],[113.342,-1.812],[113.264,-1.584],[113.162,-1.462],[113.117,-1.359],[113.197,-1.303],[113.266,-1.204],[113.429,-1.206],[113.482,-1.187],[113.596,-1.006],[113.796,-1.163],[113.837,-1.28],[113.868,-1.809],[113.848,-1.841],[113.772,-1.817],[113.654,-1.476],[113.626,-1.444],[113.609,-1.548],[113.581,-1.565],[113.657,-1.665],[113.634,-1.713],[113.664,-1.764],[113.67,-1.848],[113.715,-1.895],[113.74,-2.016],[113.764,-2.048]],[[112.911,-2.653],[112.861,-2.769],[112.937,-2.911],[112.942,-2.974],[112.822,-3.173],[112.674,-3.185],[112.53,-3.153],[112.506,-3.133],[112.5,-3.068],[112.478,-3.043],[112.41,-3.032],[112.389,-2.955],[112.339,-2.921],[112.319,-2.871],[112.337,-2.792],[112.398,-2.727],[112.422,-2.661],[112.509,-2.648],[112.522,-2.6],[112.474,-2.474],[112.524,-2.295],[112.544,-2.109],[112.595,-2.136],[112.681,-2.257],[112.671,-2.338],[112.626,-2.42],[112.637,-2.457],[112.679,-2.46],[112.816,-2.386],[112.88,-2.39],[112.904,-2.472],[112.875,-2.594],[112.911,-2.653]],[[112.184,-2.808],[112.149,-2.833],[112.134,-2.996],[112.102,-3.023],[111.994,-3.024],[111.868,-2.974],[111.808,-2.861],[111.823,-2.809],[111.874,-2.764],[111.872,-2.727],[111.794,-2.744],[111.762,-2.71],[111.71,-2.768],[111.665,-2.786],[111.581,-2.874],[111.536,-2.878],[111.545,-2.819],[111.628,-2.717],[111.709,-2.353],[111.823,-2.371],[111.974,-2.33],[112.056,-2.519],[112.077,-2.473],[112.064,-2.277],[112.086,-2.235],[112.137,-2.318],[112.113,-2.51],[112.184,-2.808]],[[109.561,0.275],[109.498,0.255],[109.388,0.333],[109.303,0.338],[109.233,0.292],[109.204,0.296],[109.174,0.335],[109.168,0.393],[109.2,0.442],[109.316,0.511],[109.316,0.639],[109.349,0.699],[109.4,0.724],[109.42,0.713],[109.427,0.628],[109.521,0.497],[109.529,0.442],[109.584,0.396],[109.561,0.275]],[[116.582,6.194],[116.584,6.194],[116.585,6.194],[116.586,6.194],[116.588,6.194],[116.589,6.194],[116.59,6.195],[116.591,6.195],[116.594,6.196],[116.594,6.197],[116.595,6.198],[116.596,6.198],[116.598,6.198],[116.599,6.197],[116.599,6.196],[116.6,6.196],[116.601,6.195],[116.602,6.195],[116.603,6.195],[116.605,6.197],[116.606,6.196],[116.607,6.195],[116.608,6.194],[116.609,6.193],[116.61,6.193],[116.61,6.194],[116.609,6.195],[116.609,6.196],[116.609,6.197],[116.61,6.198],[116.613,6.198],[116.615,6.198],[116.616,6.199],[116.615,6.2],[116.614,6.201],[116.615,6.203],[116.616,6.204],[116.617,6.205],[116.618,6.204],[116.619,6.204],[116.62,6.204],[116.619,6.205],[116.618,6.205],[116.618,6.206],[116.617,6.207],[116.618,6.207],[116.618,6.208],[116.617,6.208],[116.616,6.208],[116.615,6.208],[116.615,6.207],[116.614,6.206],[116.613,6.206],[116.612,6.207],[116.61,6.209],[116.609,6.209],[116.609,6.21],[116.609,6.211],[116.61,6.211],[116.609,6.211],[116.609,6.212],[116.608,6.212],[116.606,6.213],[116.604,6.214],[116.604,6.215],[116.604,6.216],[116.605,6.216],[116.606,6.216],[116.608,6.217],[116.608,6.218],[116.609,6.218],[116.61,6.219],[116.61,6.22],[116.61,6.222],[116.61,6.223],[116.61,6.224],[116.611,6.225],[116.612,6.225],[116.612,6.226],[116.613,6.226],[116.614,6.226],[116.615,6.227],[116.616,6.228],[116.617,6.228],[116.618,6.228],[116.619,6.228],[116.619,6.229],[116.618,6.23],[116.617,6.23],[116.616,6.23],[116.615,6.23],[116.614,6.23],[116.613,6.23],[116.611,6.231],[116.611,6.232],[116.61,6.233],[116.609,6.234],[116.609,6.235],[116.609,6.236],[116.608,6.237],[116.607,6.237],[116.607,6.236],[116.606,6.236],[116.605,6.236],[116.604,6.236],[116.603,6.237],[116.602,6.237],[116.602,6.239],[116.603,6.239],[116.604,6.24],[116.605,6.241],[116.605,6.242],[116.605,6.243],[116.606,6.243],[116.607,6.244],[116.608,6.243],[116.609,6.243],[116.61,6.243],[116.61,6.242],[116.612,6.242],[116.613,6.243],[116.613,6.244],[116.613,6.245],[116.612,6.245],[116.612,6.246],[116.612,6.247],[116.612,6.248],[116.612,6.249],[116.611,6.251],[116.611,6.252],[116.61,6.253],[116.61,6.254],[116.61,6.255],[116.61,6.256],[116.609,6.257],[116.608,6.258],[116.607,6.26],[116.606,6.261],[116.606,6.263],[116.607,6.264],[116.607,6.265],[116.608,6.266],[116.608,6.267],[116.608,6.268],[116.608,6.269],[116.608,6.27],[116.608,6.271],[116.608,6.272],[116.608,6.273],[116.608,6.274],[116.608,6.275],[116.608,6.276],[116.608,6.277],[116.607,6.278],[116.607,6.279],[116.607,6.28],[116.608,6.281],[116.608,6.282],[116.61,6.283],[116.611,6.283],[116.612,6.284],[116.613,6.284],[116.614,6.284],[116.614,6.283],[116.615,6.283],[116.615,6.282],[116.616,6.282],[116.617,6.284],[116.619,6.285],[116.62,6.285],[116.622,6.285],[116.624,6.285],[116.625,6.285],[116.626,6.285],[116.626,6.284],[116.627,6.284],[116.628,6.284],[116.629,6.284],[116.631,6.284],[116.631,6.283],[116.632,6.282],[116.633,6.28],[116.632,6.279],[116.63,6.279],[116.629,6.279],[116.626,6.279],[116.626,6.278],[116.625,6.277],[116.625,6.276],[116.625,6.275],[116.624,6.274],[116.623,6.273],[116.623,6.272],[116.622,6.272],[116.622,6.271],[116.622,6.27],[116.622,6.269],[116.623,6.268],[116.623,6.267],[116.624,6.266],[116.625,6.265],[116.626,6.264],[116.627,6.264],[116.628,6.264],[116.629,6.265],[116.629,6.266],[116.628,6.268],[116.63,6.27],[116.63,6.269],[116.632,6.269],[116.634,6.267],[116.633,6.265],[116.635,6.265],[116.636,6.266],[116.637,6.266],[116.638,6.266],[116.639,6.266],[116.64,6.266],[116.641,6.266],[116.641,6.265],[116.642,6.265],[116.643,6.264],[116.645,6.262],[116.646,6.262],[116.646,6.261],[116.647,6.26],[116.647,6.259],[116.646,6.258],[116.645,6.258],[116.644,6.257],[116.644,6.255],[116.644,6.254],[116.644,6.253],[116.643,6.253],[116.644,6.253],[116.645,6.252],[116.646,6.25],[116.646,6.249],[116.647,6.248],[116.648,6.248],[116.648,6.247],[116.649,6.246],[116.65,6.245],[116.651,6.245],[116.652,6.246],[116.652,6.247],[116.651,6.248],[116.651,6.249],[116.651,6.25],[116.651,6.251],[116.653,6.253],[116.654,6.253],[116.655,6.253],[116.656,6.253],[116.656,6.254],[116.656,6.255],[116.657,6.257],[116.658,6.256],[116.659,6.255],[116.66,6.254],[116.661,6.253],[116.661,6.252],[116.662,6.252],[116.662,6.253],[116.663,6.254],[116.662,6.255],[116.662,6.256],[116.662,6.257],[116.663,6.257],[116.663,6.258],[116.663,6.259],[116.664,6.26],[116.666,6.261],[116.667,6.261],[116.667,6.262],[116.667,6.263],[116.666,6.265],[116.665,6.266],[116.664,6.266],[116.663,6.267],[116.663,6.268],[116.663,6.269],[116.664,6.269],[116.666,6.269],[116.667,6.269],[116.667,6.27],[116.667,6.271],[116.667,6.272],[116.667,6.273],[116.668,6.275],[116.669,6.276],[116.669,6.277],[116.67,6.277],[116.671,6.275],[116.673,6.275],[116.674,6.274],[116.676,6.273],[116.676,6.272],[116.677,6.271],[116.678,6.271],[116.679,6.27],[116.68,6.269],[116.681,6.268],[116.682,6.268],[116.683,6.268],[116.683,6.267],[116.686,6.268],[116.686,6.269],[116.686,6.27],[116.687,6.271],[116.688,6.27],[116.687,6.269],[116.687,6.268],[116.687,6.267],[116.687,6.266],[116.688,6.266],[116.688,6.265],[116.689,6.264],[116.69,6.263],[116.69,6.262],[116.691,6.262],[116.691,6.261],[116.692,6.261],[116.693,6.259],[116.693,6.258],[116.693,6.257],[116.693,6.256],[116.692,6.256],[116.691,6.256],[116.69,6.255],[116.689,6.255],[116.688,6.255],[116.688,6.253],[116.688,6.252],[116.688,6.251],[116.689,6.251],[116.69,6.25],[116.69,6.249],[116.691,6.248],[116.692,6.247],[116.691,6.246],[116.69,6.246],[116.689,6.244],[116.688,6.244],[116.688,6.243],[116.687,6.243],[116.686,6.242],[116.685,6.242],[116.683,6.242],[116.681,6.241],[116.68,6.24],[116.68,6.239],[116.679,6.239],[116.679,6.238],[116.679,6.237],[116.68,6.237],[116.683,6.236],[116.683,6.235],[116.684,6.234],[116.684,6.233],[116.686,6.233],[116.687,6.233],[116.688,6.233],[116.689,6.232],[116.689,6.231],[116.689,6.23],[116.688,6.23],[116.687,6.229],[116.686,6.229],[116.685,6.228],[116.685,6.227],[116.684,6.227],[116.685,6.225],[116.686,6.226],[116.687,6.226],[116.688,6.226],[116.69,6.227],[116.691,6.228],[116.692,6.228],[116.693,6.228],[116.694,6.228],[116.694,6.229],[116.695,6.23],[116.696,6.23],[116.698,6.229],[116.698,6.228],[116.699,6.227],[116.698,6.226],[116.697,6.225],[116.697,6.224],[116.696,6.224],[116.694,6.223],[116.694,6.222],[116.694,6.221],[116.694,6.218],[116.694,6.217],[116.695,6.217],[116.695,6.216],[116.696,6.216],[116.696,6.215],[116.696,6.214],[116.697,6.214],[116.697,6.213],[116.698,6.213],[116.699,6.212],[116.699,6.211],[116.698,6.21],[116.697,6.209],[116.696,6.209],[116.696,6.208],[116.697,6.207],[116.698,6.208],[116.699,6.208],[116.7,6.208],[116.701,6.208],[116.702,6.209],[116.702,6.21],[116.704,6.211],[116.706,6.21],[116.706,6.209],[116.706,6.208],[116.708,6.208],[116.71,6.207],[116.712,6.208],[116.713,6.209],[116.714,6.21],[116.715,6.21],[116.715,6.211],[116.716,6.21],[116.717,6.209],[116.718,6.209],[116.719,6.209],[116.72,6.209],[116.721,6.208],[116.722,6.207],[116.722,6.205],[116.722,6.204],[116.721,6.203],[116.72,6.201],[116.719,6.201],[116.719,6.2],[116.718,6.198],[116.718,6.197],[116.718,6.196],[116.719,6.195],[116.72,6.194],[116.72,6.193],[116.719,6.193],[116.719,6.192],[116.719,6.191],[116.72,6.19],[116.721,6.19],[116.721,6.189],[116.722,6.189],[116.724,6.188],[116.725,6.188],[116.726,6.188],[116.727,6.189],[116.728,6.19],[116.729,6.19],[116.731,6.189],[116.732,6.189],[116.732,6.188],[116.733,6.187],[116.734,6.185],[116.735,6.184],[116.736,6.184],[116.736,6.183],[116.737,6.183],[116.737,6.182],[116.737,6.181],[116.739,6.18],[116.739,6.179],[116.739,6.178],[116.739,6.177],[116.74,6.176],[116.741,6.175],[116.741,6.174],[116.742,6.174],[116.743,6.172],[116.743,6.171],[116.744,6.171],[116.745,6.17],[116.746,6.17],[116.747,6.169],[116.748,6.168],[116.749,6.167],[116.749,6.166],[116.75,6.164],[116.75,6.163],[116.75,6.162],[116.748,6.162],[116.748,6.161],[116.747,6.161],[116.746,6.161],[116.745,6.16],[116.743,6.16],[116.742,6.16],[116.74,6.161],[116.739,6.162],[116.738,6.163],[116.737,6.164],[116.736,6.164],[116.736,6.163],[116.735,6.162],[116.736,6.16],[116.737,6.16],[116.738,6.158],[116.739,6.158],[116.739,6.157],[116.74,6.157],[116.741,6.156],[116.741,6.155],[116.742,6.154],[116.743,6.154],[116.744,6.154],[116.745,6.154],[116.746,6.154],[116.747,6.154],[116.748,6.153],[116.75,6.152],[116.751,6.152],[116.752,6.151],[116.753,6.15],[116.753,6.149],[116.753,6.148],[116.753,6.147],[116.753,6.146],[116.753,6.145],[116.754,6.144],[116.755,6.143],[116.754,6.143],[116.754,6.142],[116.753,6.142],[116.753,6.141],[116.752,6.141],[116.751,6.141],[116.75,6.142],[116.749,6.141],[116.748,6.141],[116.747,6.141],[116.746,6.141],[116.745,6.141],[116.744,6.141],[116.743,6.141],[116.742,6.141],[116.741,6.142],[116.74,6.142],[116.739,6.142],[116.738,6.143],[116.737,6.143],[116.736,6.143],[116.735,6.143],[116.734,6.142],[116.734,6.139],[116.733,6.139],[116.734,6.137],[116.734,6.134],[116.733,6.134],[116.732,6.133],[116.732,6.132],[116.731,6.131],[116.73,6.131],[116.73,6.13],[116.732,6.128],[116.733,6.126],[116.732,6.125],[116.731,6.125],[116.73,6.125],[116.729,6.125],[116.728,6.126],[116.726,6.126],[116.725,6.127],[116.724,6.129],[116.723,6.129],[116.723,6.13],[116.722,6.129],[116.721,6.128],[116.72,6.127],[116.721,6.126],[116.72,6.124],[116.718,6.124],[116.717,6.124],[116.716,6.124],[116.715,6.124],[116.715,6.125],[116.714,6.125],[116.713,6.125],[116.712,6.124],[116.711,6.124],[116.709,6.125],[116.708,6.125],[116.707,6.126],[116.706,6.127],[116.705,6.127],[116.704,6.127],[116.703,6.127],[116.701,6.126],[116.7,6.126],[116.699,6.126],[116.698,6.126],[116.698,6.127],[116.696,6.128],[116.695,6.128],[116.695,6.127],[116.694,6.128],[116.694,6.129],[116.694,6.13],[116.695,6.13],[116.696,6.131],[116.696,6.133],[116.695,6.134],[116.694,6.135],[116.693,6.136],[116.692,6.136],[116.692,6.135],[116.692,6.134],[116.692,6.133],[116.691,6.132],[116.689,6.131],[116.689,6.13],[116.686,6.13],[116.685,6.131],[116.684,6.132],[116.683,6.132],[116.682,6.132],[116.681,6.132],[116.679,6.132],[116.678,6.132],[116.677,6.131],[116.676,6.131],[116.674,6.131],[116.673,6.131],[116.672,6.13],[116.671,6.13],[116.671,6.131],[116.67,6.131],[116.669,6.132],[116.668,6.133],[116.667,6.133],[116.666,6.134],[116.665,6.134],[116.664,6.134],[116.663,6.135],[116.663,6.136],[116.662,6.136],[116.661,6.137],[116.661,6.138],[116.66,6.139],[116.659,6.14],[116.659,6.139],[116.658,6.138],[116.656,6.139],[116.655,6.139],[116.654,6.139],[116.655,6.138],[116.656,6.138],[116.657,6.137],[116.657,6.136],[116.659,6.135],[116.66,6.135],[116.66,6.134],[116.661,6.134],[116.661,6.133],[116.662,6.133],[116.662,6.132],[116.663,6.132],[116.663,6.131],[116.664,6.131],[116.665,6.13],[116.666,6.129],[116.667,6.128],[116.667,6.127],[116.666,6.127],[116.666,6.126],[116.665,6.126],[116.664,6.126],[116.664,6.125],[116.663,6.125],[116.662,6.125],[116.661,6.125],[116.66,6.125],[116.659,6.125],[116.659,6.124],[116.66,6.124],[116.661,6.124],[116.661,6.123],[116.662,6.123],[116.663,6.123],[116.664,6.124],[116.665,6.124],[116.666,6.124],[116.667,6.125],[116.668,6.124],[116.669,6.124],[116.671,6.124],[116.672,6.124],[116.673,6.124],[116.674,6.124],[116.675,6.125],[116.678,6.126],[116.679,6.125],[116.68,6.124],[116.682,6.123],[116.683,6.123],[116.683,6.122],[116.684,6.122],[116.685,6.122],[116.686,6.122],[116.686,6.121],[116.687,6.121],[116.688,6.12],[116.688,6.119],[116.689,6.119],[116.69,6.117],[116.691,6.117],[116.69,6.115],[116.69,6.116],[116.689,6.116],[116.688,6.116],[116.687,6.116],[116.686,6.115],[116.685,6.115],[116.685,6.114],[116.684,6.114],[116.684,6.113],[116.683,6.113],[116.682,6.112],[116.681,6.111],[116.68,6.111],[116.68,6.11],[116.679,6.11],[116.678,6.11],[116.676,6.11],[116.675,6.111],[116.674,6.11],[116.673,6.11],[116.672,6.11],[116.67,6.109],[116.668,6.109],[116.668,6.108],[116.667,6.108],[116.666,6.109],[116.665,6.11],[116.665,6.108],[116.666,6.108],[116.666,6.107],[116.666,6.106],[116.666,6.105],[116.668,6.106],[116.67,6.107],[116.67,6.106],[116.673,6.106],[116.674,6.106],[116.675,6.106],[116.676,6.106],[116.677,6.105],[116.678,6.105],[116.678,6.104],[116.678,6.102],[116.679,6.102],[116.68,6.102],[116.681,6.103],[116.682,6.105],[116.682,6.106],[116.683,6.106],[116.684,6.107],[116.685,6.107],[116.686,6.108],[116.687,6.108],[116.689,6.109],[116.69,6.109],[116.691,6.108],[116.692,6.109],[116.693,6.109],[116.694,6.109],[116.695,6.109],[116.696,6.109],[116.697,6.108],[116.697,6.107],[116.698,6.106],[116.698,6.105],[116.699,6.104],[116.699,6.102],[116.699,6.101],[116.699,6.1],[116.698,6.1],[116.697,6.099],[116.696,6.097],[116.695,6.096],[116.694,6.095],[116.693,6.095],[116.692,6.095],[116.692,6.094],[116.693,6.093],[116.694,6.093],[116.695,6.092],[116.695,6.091],[116.695,6.09],[116.695,6.089],[116.695,6.088],[116.695,6.087],[116.695,6.086],[116.695,6.085],[116.695,6.084],[116.695,6.083],[116.695,6.082],[116.695,6.081],[116.695,6.08],[116.695,6.079],[116.694,6.079],[116.694,6.078],[116.692,6.078],[116.691,6.079],[116.69,6.079],[116.689,6.079],[116.689,6.077],[116.69,6.077],[116.692,6.076],[116.692,6.075],[116.693,6.074],[116.692,6.073],[116.69,6.073],[116.69,6.074],[116.689,6.074],[116.689,6.075],[116.687,6.075],[116.686,6.074],[116.685,6.073],[116.684,6.073],[116.684,6.071],[116.685,6.071],[116.685,6.07],[116.686,6.069],[116.687,6.069],[116.688,6.069],[116.689,6.069],[116.689,6.068],[116.69,6.068],[116.69,6.067],[116.69,6.066],[116.69,6.064],[116.688,6.064],[116.688,6.063],[116.689,6.063],[116.689,6.062],[116.69,6.061],[116.691,6.06],[116.691,6.058],[116.691,6.057],[116.691,6.056],[116.691,6.055],[116.69,6.054],[116.69,6.053],[116.689,6.052],[116.689,6.051],[116.688,6.051],[116.688,6.05],[116.689,6.049],[116.69,6.049],[116.69,6.047],[116.689,6.047],[116.689,6.046],[116.688,6.046],[116.687,6.046],[116.686,6.046],[116.685,6.046],[116.684,6.045],[116.683,6.044],[116.683,6.043],[116.683,6.042],[116.683,6.041],[116.682,6.041],[116.682,6.04],[116.681,6.039],[116.68,6.039],[116.679,6.039],[116.678,6.039],[116.679,6.037],[116.68,6.037],[116.681,6.037],[116.682,6.038],[116.683,6.038],[116.683,6.039],[116.684,6.039],[116.685,6.039],[116.686,6.04],[116.688,6.04],[116.689,6.04],[116.69,6.04],[116.691,6.04],[116.692,6.04],[116.693,6.039],[116.692,6.037],[116.692,6.036],[116.691,6.036],[116.691,6.035],[116.691,6.034],[116.691,6.033],[116.691,6.031],[116.692,6.031],[116.692,6.03],[116.692,6.029],[116.693,6.029],[116.694,6.028],[116.695,6.027],[116.696,6.027],[116.696,6.025],[116.696,6.024],[116.697,6.024],[116.698,6.021],[116.697,6.02],[116.696,6.019],[116.694,6.018],[116.693,6.017],[116.693,6.016],[116.693,6.015],[116.693,6.014],[116.692,6.014],[116.691,6.014],[116.689,6.013],[116.687,6.012],[116.686,6.012],[116.686,6.011],[116.685,6.01],[116.684,6.009],[116.683,6.009],[116.682,6.01],[116.682,6.011],[116.681,6.011],[116.68,6.012],[116.679,6.011],[116.678,6.01],[116.677,6.01],[116.675,6.01],[116.674,6.01],[116.673,6.01],[116.672,6.01],[116.671,6.01],[116.67,6.01],[116.669,6.01],[116.668,6.01],[116.667,6.01],[116.667,6.011],[116.666,6.01],[116.666,6.009],[116.667,6.008],[116.667,6.007],[116.668,6.006],[116.67,6.006],[116.671,6.005],[116.672,6.005],[116.674,6.003],[116.675,6.002],[116.676,6.001],[116.676,6],[116.675,5.999],[116.674,5.998],[116.674,5.997],[116.673,5.996],[116.672,5.995],[116.672,5.994],[116.67,5.994],[116.669,5.992],[116.667,5.991],[116.667,5.992],[116.666,5.992],[116.665,5.992],[116.664,5.992],[116.663,5.992],[116.662,5.992],[116.661,5.991],[116.66,5.99],[116.659,5.99],[116.659,5.989],[116.658,5.989],[116.657,5.987],[116.655,5.986],[116.654,5.986],[116.653,5.985],[116.652,5.985],[116.651,5.984],[116.65,5.984],[116.649,5.984],[116.649,5.985],[116.648,5.986],[116.648,5.988],[116.649,5.989],[116.649,5.99],[116.649,5.992],[116.648,5.992],[116.647,5.993],[116.647,5.994],[116.646,5.994],[116.646,5.993],[116.645,5.993],[116.645,5.992],[116.644,5.991],[116.643,5.99],[116.643,5.989],[116.642,5.987],[116.641,5.987],[116.64,5.986],[116.639,5.986],[116.639,5.985],[116.638,5.984],[116.637,5.984],[116.637,5.983],[116.636,5.982],[116.636,5.981],[116.635,5.981],[116.633,5.98],[116.633,5.981],[116.632,5.981],[116.631,5.981],[116.63,5.982],[116.629,5.983],[116.628,5.982],[116.627,5.981],[116.626,5.981],[116.625,5.981],[116.623,5.981],[116.622,5.981],[116.621,5.982],[116.62,5.982],[116.619,5.982],[116.619,5.981],[116.62,5.98],[116.62,5.979],[116.62,5.978],[116.621,5.977],[116.621,5.976],[116.622,5.976],[116.622,5.975],[116.623,5.974],[116.624,5.973],[116.625,5.971],[116.624,5.97],[116.624,5.969],[116.624,5.968],[116.625,5.968],[116.626,5.967],[116.627,5.966],[116.628,5.966],[116.627,5.965],[116.627,5.964],[116.626,5.964],[116.625,5.963],[116.624,5.962],[116.623,5.962],[116.621,5.962],[116.62,5.961],[116.619,5.961],[116.617,5.962],[116.617,5.963],[116.617,5.964],[116.616,5.964],[116.615,5.966],[116.616,5.966],[116.617,5.968],[116.618,5.97],[116.618,5.971],[116.618,5.972],[116.617,5.973],[116.616,5.973],[116.616,5.974],[116.615,5.974],[116.614,5.974],[116.613,5.974],[116.612,5.973],[116.612,5.972],[116.613,5.971],[116.612,5.97],[116.61,5.97],[116.609,5.971],[116.607,5.971],[116.606,5.973],[116.606,5.974],[116.605,5.975],[116.604,5.976],[116.603,5.976],[116.602,5.976],[116.601,5.976],[116.6,5.976],[116.599,5.976],[116.598,5.976],[116.599,5.975],[116.6,5.975],[116.601,5.975],[116.602,5.972],[116.602,5.971],[116.602,5.97],[116.601,5.969],[116.601,5.967],[116.602,5.966],[116.602,5.965],[116.603,5.965],[116.604,5.964],[116.605,5.963],[116.605,5.962],[116.606,5.961],[116.606,5.96],[116.607,5.959],[116.606,5.957],[116.605,5.957],[116.603,5.958],[116.603,5.959],[116.603,5.96],[116.603,5.961],[116.602,5.962],[116.601,5.963],[116.601,5.964],[116.6,5.964],[116.6,5.963],[116.6,5.962],[116.6,5.961],[116.6,5.96],[116.6,5.959],[116.6,5.958],[116.599,5.958],[116.598,5.957],[116.597,5.956],[116.596,5.956],[116.595,5.956],[116.595,5.954],[116.596,5.954],[116.597,5.953],[116.599,5.952],[116.6,5.952],[116.601,5.951],[116.602,5.95],[116.603,5.949],[116.604,5.948],[116.605,5.947],[116.605,5.946],[116.604,5.946],[116.602,5.946],[116.601,5.946],[116.6,5.945],[116.599,5.944],[116.6,5.943],[116.6,5.942],[116.601,5.941],[116.601,5.94],[116.602,5.939],[116.603,5.939],[116.603,5.938],[116.604,5.937],[116.605,5.937],[116.606,5.937],[116.607,5.937],[116.606,5.936],[116.606,5.934],[116.607,5.934],[116.606,5.932],[116.605,5.93],[116.605,5.929],[116.605,5.928],[116.606,5.928],[116.606,5.927],[116.607,5.927],[116.608,5.926],[116.608,5.925],[116.607,5.924],[116.606,5.924],[116.605,5.925],[116.604,5.926],[116.603,5.927],[116.603,5.928],[116.602,5.928],[116.601,5.931],[116.601,5.932],[116.601,5.933],[116.6,5.933],[116.6,5.934],[116.6,5.935],[116.599,5.935],[116.598,5.934],[116.596,5.935],[116.596,5.936],[116.596,5.937],[116.595,5.938],[116.594,5.938],[116.593,5.939],[116.594,5.94],[116.594,5.941],[116.593,5.942],[116.594,5.943],[116.593,5.945],[116.593,5.946],[116.592,5.947],[116.592,5.948],[116.591,5.948],[116.591,5.949],[116.589,5.95],[116.588,5.95],[116.588,5.951],[116.586,5.951],[116.584,5.951],[116.584,5.953],[116.584,5.954],[116.584,5.956],[116.584,5.957],[116.583,5.957],[116.582,5.957],[116.582,5.958],[116.581,5.958],[116.58,5.958],[116.579,5.958],[116.577,5.957],[116.576,5.957],[116.575,5.958],[116.574,5.959],[116.573,5.96],[116.572,5.96],[116.571,5.96],[116.57,5.961],[116.569,5.962],[116.568,5.963],[116.568,5.964],[116.569,5.966],[116.568,5.967],[116.567,5.967],[116.567,5.968],[116.567,5.969],[116.567,5.97],[116.567,5.971],[116.565,5.971],[116.565,5.97],[116.564,5.969],[116.563,5.97],[116.562,5.97],[116.561,5.971],[116.56,5.971],[116.558,5.971],[116.556,5.973],[116.555,5.974],[116.554,5.974],[116.553,5.975],[116.552,5.975],[116.551,5.975],[116.549,5.975],[116.548,5.976],[116.547,5.976],[116.547,5.977],[116.546,5.977],[116.545,5.977],[116.544,5.978],[116.543,5.978],[116.541,5.978],[116.54,5.978],[116.54,5.977],[116.539,5.976],[116.538,5.976],[116.537,5.976],[116.536,5.975],[116.535,5.975],[116.533,5.974],[116.532,5.974],[116.53,5.975],[116.509,5.983],[116.509,5.982],[116.507,5.981],[116.502,5.979],[116.501,5.98],[116.501,5.981],[116.5,5.981],[116.499,5.981],[116.498,5.981],[116.498,5.983],[116.497,5.984],[116.496,5.984],[116.494,5.985],[116.493,5.986],[116.492,5.986],[116.491,5.987],[116.49,5.988],[116.49,5.989],[116.491,5.99],[116.491,5.991],[116.492,5.993],[116.493,5.993],[116.494,5.994],[116.495,5.995],[116.495,5.996],[116.493,5.996],[116.491,5.996],[116.491,5.997],[116.49,5.997],[116.491,6],[116.491,6.002],[116.49,6.002],[116.491,6.003],[116.492,6.003],[116.493,6.003],[116.494,6.004],[116.494,6.005],[116.494,6.006],[116.494,6.007],[116.495,6.007],[116.495,6.008],[116.495,6.009],[116.494,6.009],[116.494,6.01],[116.494,6.011],[116.493,6.013],[116.494,6.013],[116.494,6.014],[116.494,6.015],[116.494,6.017],[116.493,6.017],[116.492,6.016],[116.491,6.015],[116.49,6.015],[116.49,6.014],[116.489,6.014],[116.488,6.013],[116.488,6.012],[116.488,6.011],[116.487,6.011],[116.485,6.012],[116.484,6.011],[116.483,6.011],[116.482,6.011],[116.481,6.012],[116.48,6.012],[116.479,6.012],[116.478,6.011],[116.477,6.011],[116.477,6.012],[116.477,6.013],[116.476,6.014],[116.475,6.015],[116.474,6.015],[116.473,6.015],[116.473,6.016],[116.472,6.016],[116.47,6.016],[116.469,6.018],[116.469,6.019],[116.471,6.019],[116.471,6.018],[116.472,6.018],[116.473,6.017],[116.474,6.017],[116.475,6.016],[116.475,6.015],[116.478,6.015],[116.48,6.015],[116.482,6.016],[116.483,6.016],[116.485,6.017],[116.486,6.017],[116.487,6.018],[116.488,6.018],[116.488,6.019],[116.489,6.019],[116.49,6.021],[116.49,6.022],[116.49,6.023],[116.489,6.024],[116.488,6.024],[116.488,6.025],[116.489,6.026],[116.489,6.027],[116.49,6.027],[116.49,6.028],[116.491,6.028],[116.493,6.028],[116.494,6.027],[116.496,6.026],[116.497,6.027],[116.498,6.027],[116.499,6.027],[116.5,6.026],[116.503,6.026],[116.504,6.027],[116.505,6.027],[116.507,6.026],[116.508,6.026],[116.508,6.025],[116.509,6.025],[116.509,6.024],[116.51,6.024],[116.51,6.023],[116.512,6.024],[116.514,6.024],[116.514,6.023],[116.516,6.022],[116.517,6.021],[116.518,6.02],[116.519,6.019],[116.519,6.018],[116.52,6.018],[116.522,6.018],[116.523,6.017],[116.524,6.017],[116.524,6.018],[116.524,6.019],[116.523,6.02],[116.523,6.021],[116.523,6.024],[116.523,6.025],[116.524,6.026],[116.523,6.026],[116.524,6.028],[116.525,6.028],[116.527,6.028],[116.528,6.03],[116.527,6.03],[116.525,6.031],[116.525,6.032],[116.526,6.032],[116.525,6.033],[116.524,6.032],[116.523,6.033],[116.522,6.033],[116.521,6.033],[116.519,6.034],[116.518,6.034],[116.517,6.034],[116.516,6.034],[116.515,6.033],[116.514,6.033],[116.513,6.034],[116.512,6.035],[116.511,6.035],[116.51,6.036],[116.508,6.037],[116.507,6.038],[116.506,6.039],[116.505,6.04],[116.504,6.04],[116.503,6.041],[116.503,6.042],[116.502,6.042],[116.502,6.043],[116.501,6.044],[116.5,6.044],[116.499,6.045],[116.498,6.045],[116.497,6.046],[116.498,6.048],[116.499,6.048],[116.5,6.048],[116.501,6.049],[116.5,6.05],[116.501,6.051],[116.502,6.05],[116.503,6.05],[116.504,6.05],[116.505,6.051],[116.506,6.051],[116.506,6.052],[116.507,6.052],[116.508,6.052],[116.51,6.052],[116.51,6.053],[116.511,6.054],[116.51,6.055],[116.51,6.056],[116.509,6.058],[116.51,6.058],[116.51,6.059],[116.51,6.06],[116.509,6.061],[116.508,6.061],[116.507,6.061],[116.505,6.062],[116.504,6.062],[116.503,6.062],[116.502,6.063],[116.501,6.064],[116.5,6.064],[116.499,6.064],[116.498,6.065],[116.497,6.065],[116.497,6.066],[116.497,6.067],[116.496,6.068],[116.495,6.068],[116.493,6.067],[116.492,6.068],[116.492,6.069],[116.493,6.07],[116.494,6.07],[116.494,6.071],[116.496,6.071],[116.497,6.071],[116.498,6.071],[116.499,6.071],[116.5,6.072],[116.501,6.072],[116.503,6.073],[116.504,6.074],[116.505,6.075],[116.506,6.075],[116.508,6.076],[116.508,6.077],[116.506,6.078],[116.505,6.078],[116.504,6.078],[116.503,6.078],[116.501,6.078],[116.5,6.079],[116.499,6.079],[116.498,6.079],[116.498,6.08],[116.497,6.081],[116.495,6.082],[116.494,6.082],[116.493,6.082],[116.492,6.082],[116.491,6.082],[116.49,6.081],[116.489,6.08],[116.488,6.079],[116.488,6.078],[116.486,6.078],[116.485,6.078],[116.484,6.077],[116.483,6.077],[116.482,6.077],[116.481,6.078],[116.48,6.079],[116.479,6.079],[116.478,6.08],[116.477,6.081],[116.476,6.083],[116.476,6.084],[116.476,6.085],[116.475,6.085],[116.476,6.086],[116.477,6.087],[116.477,6.088],[116.476,6.088],[116.476,6.089],[116.476,6.09],[116.476,6.091],[116.476,6.092],[116.476,6.093],[116.477,6.095],[116.476,6.096],[116.474,6.097],[116.473,6.098],[116.474,6.099],[116.474,6.1],[116.474,6.101],[116.473,6.102],[116.474,6.102],[116.476,6.103],[116.477,6.103],[116.477,6.104],[116.478,6.104],[116.478,6.105],[116.479,6.105],[116.48,6.105],[116.481,6.104],[116.482,6.103],[116.484,6.103],[116.485,6.103],[116.486,6.103],[116.487,6.103],[116.488,6.103],[116.489,6.101],[116.491,6.099],[116.491,6.098],[116.491,6.097],[116.491,6.096],[116.491,6.095],[116.492,6.095],[116.492,6.094],[116.493,6.093],[116.494,6.092],[116.495,6.091],[116.497,6.091],[116.497,6.09],[116.498,6.089],[116.498,6.088],[116.499,6.088],[116.499,6.089],[116.499,6.091],[116.499,6.092],[116.497,6.093],[116.496,6.094],[116.496,6.095],[116.495,6.095],[116.495,6.096],[116.494,6.098],[116.495,6.1],[116.496,6.099],[116.497,6.098],[116.498,6.097],[116.499,6.095],[116.5,6.095],[116.501,6.094],[116.502,6.093],[116.503,6.093],[116.504,6.092],[116.504,6.091],[116.506,6.09],[116.507,6.09],[116.506,6.091],[116.505,6.092],[116.505,6.093],[116.505,6.094],[116.504,6.095],[116.503,6.096],[116.503,6.097],[116.503,6.098],[116.502,6.098],[116.503,6.1],[116.503,6.101],[116.502,6.101],[116.501,6.102],[116.5,6.103],[116.5,6.104],[116.499,6.104],[116.499,6.105],[116.498,6.105],[116.497,6.106],[116.496,6.106],[116.496,6.108],[116.497,6.108],[116.498,6.108],[116.499,6.109],[116.5,6.109],[116.5,6.11],[116.501,6.11],[116.503,6.111],[116.503,6.113],[116.502,6.113],[116.501,6.113],[116.5,6.113],[116.499,6.113],[116.497,6.114],[116.497,6.115],[116.497,6.117],[116.496,6.117],[116.496,6.118],[116.496,6.119],[116.495,6.119],[116.496,6.12],[116.496,6.121],[116.496,6.122],[116.496,6.123],[116.497,6.123],[116.498,6.123],[116.499,6.122],[116.5,6.122],[116.501,6.122],[116.502,6.122],[116.504,6.122],[116.504,6.124],[116.503,6.125],[116.506,6.126],[116.507,6.126],[116.508,6.127],[116.508,6.126],[116.509,6.126],[116.51,6.126],[116.511,6.126],[116.512,6.125],[116.512,6.126],[116.513,6.126],[116.514,6.126],[116.515,6.127],[116.515,6.126],[116.515,6.125],[116.515,6.124],[116.516,6.123],[116.517,6.124],[116.518,6.124],[116.518,6.123],[116.519,6.123],[116.519,6.122],[116.519,6.121],[116.519,6.12],[116.518,6.12],[116.518,6.119],[116.519,6.118],[116.52,6.116],[116.52,6.115],[116.521,6.113],[116.522,6.113],[116.522,6.112],[116.523,6.112],[116.523,6.111],[116.524,6.11],[116.527,6.11],[116.527,6.111],[116.526,6.11],[116.525,6.111],[116.525,6.112],[116.525,6.113],[116.525,6.114],[116.524,6.115],[116.524,6.116],[116.524,6.117],[116.525,6.118],[116.525,6.119],[116.525,6.12],[116.525,6.122],[116.526,6.122],[116.527,6.122],[116.526,6.124],[116.525,6.125],[116.525,6.126],[116.525,6.127],[116.527,6.127],[116.528,6.127],[116.529,6.127],[116.53,6.127],[116.531,6.128],[116.533,6.13],[116.533,6.131],[116.531,6.131],[116.53,6.131],[116.529,6.132],[116.528,6.132],[116.528,6.133],[116.527,6.133],[116.528,6.135],[116.529,6.135],[116.53,6.136],[116.53,6.137],[116.531,6.138],[116.532,6.14],[116.531,6.141],[116.532,6.141],[116.532,6.142],[116.533,6.142],[116.534,6.141],[116.535,6.141],[116.536,6.141],[116.537,6.141],[116.538,6.14],[116.539,6.139],[116.539,6.138],[116.54,6.138],[116.541,6.137],[116.542,6.137],[116.543,6.137],[116.543,6.138],[116.542,6.139],[116.542,6.14],[116.541,6.14],[116.541,6.142],[116.542,6.142],[116.541,6.144],[116.541,6.146],[116.541,6.147],[116.54,6.149],[116.539,6.15],[116.537,6.15],[116.535,6.15],[116.534,6.151],[116.534,6.152],[116.533,6.153],[116.533,6.155],[116.534,6.155],[116.534,6.156],[116.535,6.158],[116.536,6.159],[116.537,6.159],[116.537,6.16],[116.537,6.162],[116.536,6.162],[116.534,6.161],[116.533,6.162],[116.531,6.162],[116.531,6.161],[116.531,6.16],[116.53,6.16],[116.528,6.16],[116.525,6.161],[116.524,6.162],[116.523,6.162],[116.522,6.163],[116.522,6.164],[116.521,6.165],[116.519,6.166],[116.519,6.167],[116.518,6.168],[116.517,6.169],[116.517,6.17],[116.516,6.171],[116.516,6.172],[116.517,6.173],[116.518,6.175],[116.517,6.175],[116.517,6.176],[116.517,6.177],[116.516,6.177],[116.516,6.178],[116.515,6.179],[116.515,6.18],[116.515,6.181],[116.513,6.182],[116.513,6.181],[116.512,6.181],[116.511,6.18],[116.509,6.18],[116.508,6.181],[116.507,6.182],[116.507,6.183],[116.506,6.183],[116.506,6.184],[116.505,6.185],[116.506,6.186],[116.507,6.187],[116.507,6.188],[116.508,6.188],[116.509,6.189],[116.509,6.19],[116.509,6.191],[116.51,6.191],[116.51,6.192],[116.512,6.192],[116.513,6.193],[116.514,6.193],[116.515,6.193],[116.516,6.192],[116.516,6.191],[116.516,6.19],[116.517,6.19],[116.518,6.19],[116.52,6.19],[116.521,6.19],[116.522,6.19],[116.523,6.19],[116.523,6.191],[116.522,6.192],[116.523,6.193],[116.523,6.195],[116.524,6.196],[116.524,6.198],[116.523,6.199],[116.522,6.201],[116.523,6.201],[116.524,6.202],[116.524,6.203],[116.524,6.204],[116.524,6.205],[116.523,6.206],[116.523,6.208],[116.523,6.209],[116.523,6.21],[116.524,6.21],[116.524,6.209],[116.525,6.208],[116.525,6.207],[116.525,6.206],[116.525,6.205],[116.525,6.204],[116.525,6.203],[116.525,6.201],[116.525,6.2],[116.525,6.199],[116.525,6.198],[116.526,6.197],[116.526,6.196],[116.528,6.195],[116.53,6.195],[116.531,6.194],[116.532,6.194],[116.533,6.195],[116.533,6.196],[116.532,6.196],[116.532,6.197],[116.532,6.198],[116.532,6.199],[116.532,6.2],[116.532,6.201],[116.532,6.202],[116.533,6.203],[116.533,6.204],[116.534,6.204],[116.535,6.205],[116.536,6.205],[116.537,6.205],[116.537,6.204],[116.538,6.204],[116.538,6.203],[116.539,6.202],[116.539,6.201],[116.538,6.2],[116.538,6.199],[116.538,6.198],[116.538,6.196],[116.536,6.195],[116.535,6.193],[116.536,6.192],[116.536,6.191],[116.536,6.19],[116.536,6.189],[116.536,6.188],[116.535,6.188],[116.535,6.187],[116.535,6.186],[116.535,6.185],[116.535,6.184],[116.536,6.183],[116.537,6.183],[116.538,6.184],[116.54,6.185],[116.54,6.186],[116.541,6.186],[116.542,6.187],[116.543,6.188],[116.544,6.19],[116.544,6.191],[116.545,6.192],[116.545,6.191],[116.545,6.19],[116.545,6.189],[116.545,6.188],[116.546,6.188],[116.546,6.187],[116.545,6.186],[116.544,6.185],[116.543,6.185],[116.543,6.184],[116.543,6.183],[116.542,6.182],[116.542,6.181],[116.541,6.181],[116.542,6.18],[116.543,6.18],[116.544,6.179],[116.544,6.178],[116.545,6.177],[116.546,6.176],[116.547,6.177],[116.548,6.178],[116.548,6.179],[116.549,6.18],[116.549,6.181],[116.551,6.181],[116.552,6.18],[116.553,6.181],[116.553,6.182],[116.554,6.182],[116.554,6.183],[116.555,6.185],[116.556,6.185],[116.558,6.187],[116.559,6.188],[116.559,6.187],[116.559,6.186],[116.559,6.185],[116.558,6.184],[116.558,6.182],[116.558,6.181],[116.558,6.18],[116.559,6.18],[116.559,6.179],[116.559,6.177],[116.558,6.177],[116.558,6.176],[116.557,6.176],[116.556,6.175],[116.556,6.173],[116.557,6.172],[116.558,6.172],[116.558,6.173],[116.559,6.173],[116.56,6.173],[116.561,6.173],[116.561,6.174],[116.562,6.173],[116.562,6.172],[116.562,6.171],[116.561,6.17],[116.561,6.169],[116.562,6.168],[116.563,6.168],[116.563,6.167],[116.565,6.165],[116.565,6.164],[116.565,6.163],[116.565,6.162],[116.565,6.161],[116.566,6.161],[116.566,6.162],[116.567,6.162],[116.568,6.161],[116.569,6.162],[116.569,6.163],[116.569,6.164],[116.568,6.164],[116.568,6.165],[116.568,6.166],[116.568,6.167],[116.569,6.168],[116.569,6.169],[116.569,6.17],[116.569,6.171],[116.569,6.172],[116.57,6.173],[116.57,6.174],[116.57,6.175],[116.571,6.176],[116.571,6.177],[116.571,6.178],[116.571,6.179],[116.572,6.18],[116.572,6.179],[116.573,6.179],[116.574,6.178],[116.575,6.176],[116.576,6.176],[116.576,6.175],[116.577,6.174],[116.578,6.173],[116.579,6.172],[116.579,6.17],[116.579,6.169],[116.579,6.168],[116.58,6.166],[116.581,6.165],[116.582,6.164],[116.583,6.165],[116.582,6.166],[116.582,6.167],[116.582,6.169],[116.583,6.17],[116.584,6.171],[116.584,6.172],[116.585,6.173],[116.586,6.174],[116.588,6.174],[116.588,6.175],[116.585,6.175],[116.583,6.176],[116.584,6.176],[116.584,6.177],[116.584,6.179],[116.585,6.179],[116.585,6.18],[116.584,6.181],[116.585,6.183],[116.586,6.184],[116.587,6.184],[116.588,6.185],[116.589,6.185],[116.59,6.185],[116.589,6.187],[116.588,6.187],[116.586,6.187],[116.585,6.188],[116.584,6.188],[116.583,6.188],[116.582,6.19],[116.581,6.191],[116.58,6.191],[116.58,6.192],[116.579,6.193],[116.581,6.193],[116.582,6.194]],[[113.912,2.034],[113.847,2.035],[113.756,2.085],[113.718,2.173],[113.756,2.085],[113.847,2.035],[113.912,2.034]],[[113.22,1.035],[113.197,1.105],[113.133,1.175],[113.045,1.23],[112.941,1.254],[113.045,1.23],[113.133,1.175],[113.197,1.105],[113.22,1.035]],[[117.99,5.63],[118.028,5.667],[118.065,5.655],[118.053,5.631],[117.99,5.63]],[[110.06,1.217],[109.991,1.193],[109.933,1.222],[110.077,1.354],[110.189,1.37],[110.06,1.217]],[[109.615,1.927],[109.642,1.86],[109.594,1.832],[109.567,1.872],[109.585,1.918],[109.615,1.927]],[[113.013,-1.503],[113.025,-1.442],[113.048,-1.437],[113.242,-1.709],[113.278,-1.87],[113.3,-1.922],[113.354,-1.967],[113.436,-2.2],[113.431,-2.273],[113.373,-2.348],[113.329,-2.336],[113.305,-2.303],[113.299,-2.439],[113.264,-2.514],[113.216,-2.427],[113.162,-2.191],[113.236,-2.013],[113.235,-1.968],[113.203,-1.95],[112.988,-2.029],[112.982,-1.952],[112.946,-1.948],[112.718,-2.099],[112.647,-2.018],[112.655,-1.97],[112.887,-1.701],[113.013,-1.503]]],[[[118.524,7.036],[118.508,7.049],[118.419,7.016],[118.449,6.98],[118.509,6.965],[118.524,7.036]]],[[[117.269,7.078],[117.268,7.042],[117.298,7.017],[117.345,7.044],[117.335,7.064],[117.269,7.078]]],[[[117.023,7.315],[117.007,7.358],[116.979,7.315],[116.891,7.286],[116.855,7.201],[116.889,7.202],[116.907,7.239],[116.987,7.245],[116.971,7.294],[116.985,7.306],[117.022,7.276],[117.023,7.315]]],[[[117.271,7.351],[117.154,7.351],[117.063,7.294],[117.063,7.123],[117.085,7.11],[117.092,7.138],[117.167,7.185],[117.268,7.316],[117.271,7.351]]],[[[109.588,-1.014],[109.472,-1.029],[109.433,-1.245],[109.447,-1.273],[109.475,-1.282],[109.744,-1.137],[109.726,-1.04],[109.588,-1.014]]],[[[109.511,-0.734],[109.459,-0.744],[109.396,-0.703],[109.282,-0.677],[109.301,-0.823],[109.343,-0.874],[109.413,-0.898],[109.412,-0.858],[109.434,-0.846],[109.473,-0.863],[109.491,-0.844],[109.539,-0.847],[109.617,-0.906],[109.673,-0.918],[109.681,-0.876],[109.658,-0.842],[109.574,-0.802],[109.511,-0.734]]],[[[111.417,2.381],[111.371,2.494],[111.377,2.723],[111.358,2.766],[111.312,2.791],[111.279,2.731],[111.302,2.541],[111.291,2.443],[111.329,2.416],[111.356,2.353],[111.379,2.379],[111.417,2.381]]],[[[117.388,3.75],[117.38,3.788],[117.347,3.803],[117.258,3.822],[116.997,3.938],[116.931,3.945],[116.85,3.909],[116.739,3.761],[116.682,3.6],[116.714,3.574],[117.016,3.548],[117.117,3.421],[117.12,3.345],[117.177,3.387],[117.206,3.376],[117.258,3.325],[117.259,3.293],[117.209,3.275],[117.117,3.288],[117.115,3.253],[117.213,3.207],[117.184,3.184],[117.19,3.156],[117.237,3.122],[117.304,3.113],[117.326,2.981],[117.351,2.948],[117.451,2.937],[117.497,2.817],[117.635,2.747],[117.701,2.667],[117.759,2.644],[117.805,2.548],[117.951,2.384],[117.994,2.295],[117.962,2.19],[118.038,2.209],[118.1,2.278],[118.097,2.312],[118.046,2.381],[118.039,2.361],[118.014,2.365],[118.002,2.431],[117.962,2.447],[117.797,2.627],[117.789,2.723],[117.759,2.76],[117.602,2.816],[117.64,2.824],[117.663,2.843],[117.639,2.86],[117.547,2.902],[117.54,2.918],[117.583,2.933],[117.569,2.951],[117.524,2.949],[117.505,2.968],[117.451,2.963],[117.486,3.033],[117.514,3.023],[117.532,3.052],[117.56,3.051],[117.562,3.066],[117.508,3.083],[117.436,3.055],[117.383,3.02],[117.358,3.037],[117.371,3.05],[117.356,3.073],[117.374,3.123],[117.394,3.107],[117.456,3.134],[117.467,3.144],[117.439,3.174],[117.332,3.18],[117.312,3.213],[117.388,3.24],[117.404,3.267],[117.42,3.255],[117.451,3.28],[117.513,3.283],[117.517,3.314],[117.439,3.342],[117.441,3.418],[117.216,3.499],[117.195,3.538],[117.204,3.574],[117.109,3.571],[117.091,3.613],[117.067,3.611],[117.022,3.594],[117.058,3.631],[117.165,3.646],[117.303,3.627],[117.266,3.683],[117.171,3.713],[117.176,3.755],[117.388,3.75]]]]},"properties":{"id":"borneo"}},{"type":"Feature","geometry":{"type":"MultiPolygon","coordinates":[[[[88.877,21.523],[88.904,21.525],[88.91,21.533],[88.913,21.549],[88.909,21.567],[88.856,21.606],[88.836,21.604],[88.828,21.598],[88.825,21.57],[88.829,21.546],[88.849,21.522],[88.859,21.519],[88.877,21.523]]],[[[88.152,21.683],[88.165,21.722],[88.165,21.81],[88.146,21.864],[88.132,21.875],[88.12,21.865],[88.11,21.842],[88.092,21.818],[88.085,21.782],[88.053,21.719],[88.052,21.683],[88.046,21.67],[88.049,21.637],[88.062,21.629],[88.101,21.633],[88.128,21.618],[88.135,21.619],[88.141,21.632],[88.143,21.654],[88.132,21.672],[88.133,21.678],[88.152,21.683]]],[[[89.127,21.713],[89.148,21.722],[89.146,21.747],[89.135,21.766],[89.096,21.781],[89.085,21.792],[89.079,21.855],[89.063,21.905],[89.051,21.913],[89.041,21.902],[89.043,21.89],[89.054,21.87],[89.064,21.834],[89.062,21.818],[89.045,21.788],[89.046,21.782],[89.081,21.761],[89.115,21.714],[89.127,21.713]]],[[[88.648,21.799],[88.647,21.835],[88.659,21.875],[88.676,21.906],[88.673,21.911],[88.642,21.92],[88.628,21.912],[88.602,21.876],[88.596,21.855],[88.579,21.825],[88.583,21.807],[88.594,21.796],[88.626,21.797],[88.645,21.783],[88.648,21.799]]],[[[88.089,21.848],[88.122,21.885],[88.135,21.906],[88.126,21.934],[88.108,21.948],[88.097,21.943],[88.091,21.918],[88.074,21.9],[88.068,21.885],[88.071,21.856],[88.077,21.847],[88.089,21.848]]],[[[90.602,21.935],[90.588,21.98],[90.563,21.957],[90.529,21.944],[90.515,21.924],[90.517,21.904],[90.512,21.89],[90.532,21.877],[90.507,21.868],[90.501,21.86],[90.514,21.853],[90.528,21.858],[90.539,21.88],[90.552,21.895],[90.562,21.9],[90.564,21.911],[90.576,21.908],[90.587,21.912],[90.586,21.931],[90.597,21.931],[90.602,21.935]]],[[[90.331,21.839],[90.345,21.862],[90.355,21.909],[90.375,21.96],[90.394,21.984],[90.393,21.992],[90.383,21.996],[90.371,21.994],[90.355,21.977],[90.349,21.955],[90.323,21.919],[90.312,21.878],[90.312,21.857],[90.321,21.837],[90.331,21.839]]],[[[90.485,21.964],[90.481,21.982],[90.465,22.013],[90.441,22.027],[90.434,22.039],[90.416,22.035],[90.404,22.019],[90.414,21.987],[90.414,21.966],[90.411,21.955],[90.396,21.937],[90.393,21.925],[90.398,21.903],[90.407,21.897],[90.433,21.904],[90.456,21.929],[90.475,21.962],[90.475,21.94],[90.485,21.964]]],[[[88.153,21.884],[88.161,21.864],[88.186,21.832],[88.208,21.794],[88.203,21.767],[88.205,21.712],[88.18,21.681],[88.181,21.662],[88.199,21.61],[88.208,21.601],[88.22,21.61],[88.225,21.609],[88.244,21.583],[88.251,21.551],[88.261,21.547],[88.299,21.557],[88.308,21.569],[88.306,21.58],[88.289,21.592],[88.285,21.603],[88.283,21.614],[88.293,21.644],[88.293,21.673],[88.275,21.724],[88.271,21.754],[88.261,21.766],[88.258,21.795],[88.268,21.799],[88.292,21.781],[88.297,21.771],[88.308,21.693],[88.309,21.656],[88.303,21.619],[88.309,21.602],[88.327,21.602],[88.341,21.611],[88.344,21.621],[88.341,21.632],[88.347,21.652],[88.346,21.663],[88.329,21.682],[88.321,21.697],[88.327,21.711],[88.333,21.712],[88.338,21.71],[88.34,21.691],[88.346,21.682],[88.364,21.682],[88.375,21.693],[88.387,21.695],[88.389,21.691],[88.379,21.68],[88.384,21.65],[88.378,21.63],[88.382,21.601],[88.391,21.587],[88.406,21.583],[88.415,21.6],[88.447,21.606],[88.464,21.636],[88.474,21.671],[88.472,21.682],[88.456,21.703],[88.452,21.739],[88.468,21.776],[88.466,21.793],[88.494,21.796],[88.497,21.806],[88.489,21.829],[88.491,21.852],[88.473,21.878],[88.472,21.89],[88.489,21.914],[88.498,21.92],[88.496,21.949],[88.504,21.944],[88.511,21.935],[88.515,21.911],[88.498,21.88],[88.498,21.869],[88.509,21.85],[88.532,21.83],[88.537,21.812],[88.526,21.775],[88.501,21.751],[88.509,21.722],[88.508,21.704],[88.525,21.66],[88.519,21.641],[88.518,21.594],[88.494,21.584],[88.483,21.549],[88.498,21.519],[88.538,21.524],[88.542,21.532],[88.531,21.543],[88.527,21.554],[88.53,21.565],[88.539,21.567],[88.546,21.551],[88.565,21.552],[88.575,21.563],[88.579,21.578],[88.575,21.614],[88.584,21.615],[88.596,21.605],[88.603,21.61],[88.595,21.655],[88.599,21.676],[88.59,21.697],[88.594,21.699],[88.615,21.691],[88.627,21.713],[88.629,21.748],[88.624,21.765],[88.613,21.776],[88.602,21.78],[88.574,21.763],[88.562,21.765],[88.561,21.771],[88.567,21.784],[88.557,21.812],[88.559,21.822],[88.572,21.844],[88.572,21.873],[88.592,21.896],[88.593,21.919],[88.604,21.935],[88.596,21.978],[88.604,22.002],[88.626,22.035],[88.624,22.06],[88.612,22.094],[88.628,22.12],[88.632,22.133],[88.628,22.135],[88.604,22.114],[88.615,22.049],[88.599,22.03],[88.556,22.035],[88.539,22.011],[88.504,21.995],[88.464,21.987],[88.399,22.003],[88.383,21.998],[88.345,21.957],[88.286,21.922],[88.238,21.917],[88.153,21.884]]],[[[90.603,22.14],[90.612,22.162],[90.61,22.165],[90.582,22.149],[90.576,22.137],[90.562,22.136],[90.546,22.119],[90.533,22.112],[90.529,22.097],[90.506,22.092],[90.487,22.077],[90.488,22.059],[90.479,22.039],[90.485,22.026],[90.492,22.045],[90.507,22.041],[90.524,22.057],[90.54,22.06],[90.495,22.01],[90.5,21.998],[90.514,21.988],[90.542,22],[90.562,22.028],[90.57,22.054],[90.577,22.115],[90.583,22.123],[90.594,22.115],[90.589,22.102],[90.595,22.1],[90.601,22.108],[90.603,22.14]]],[[[90.941,22.113],[90.956,22.135],[90.956,22.198],[90.952,22.208],[90.932,22.203],[90.926,22.163],[90.915,22.13],[90.922,22.115],[90.941,22.113]]],[[[90.952,22.222],[90.989,22.285],[90.992,22.328],[90.988,22.341],[90.976,22.356],[90.968,22.355],[90.965,22.348],[90.964,22.298],[90.937,22.236],[90.937,22.224],[90.942,22.219],[90.952,22.222]]],[[[90.651,22.394],[90.635,22.412],[90.621,22.444],[90.61,22.45],[90.598,22.434],[90.599,22.426],[90.616,22.418],[90.632,22.374],[90.635,22.316],[90.64,22.307],[90.644,22.343],[90.641,22.374],[90.647,22.374],[90.658,22.353],[90.661,22.359],[90.651,22.394]]],[[[91.192,22.391],[91.197,22.401],[91.211,22.411],[91.213,22.422],[91.194,22.452],[91.177,22.454],[91.169,22.46],[91.165,22.449],[91.169,22.43],[91.184,22.394],[91.192,22.391]]],[[[91.142,22.16],[91.164,22.185],[91.171,22.202],[91.18,22.259],[91.18,22.289],[91.169,22.333],[91.146,22.38],[91.144,22.408],[91.132,22.419],[91.114,22.457],[91.092,22.478],[91.101,22.51],[91.096,22.519],[91.083,22.524],[91.076,22.517],[91.073,22.506],[91.075,22.438],[91.064,22.388],[91.062,22.283],[91.052,22.203],[91.054,22.183],[91.022,22.087],[91.027,22.082],[91.048,22.091],[91.082,22.114],[91.092,22.135],[91.107,22.151],[91.116,22.155],[91.134,22.153],[91.142,22.16]]],[[[91.53,22.346],[91.554,22.36],[91.565,22.373],[91.568,22.401],[91.56,22.434],[91.523,22.512],[91.46,22.604],[91.447,22.619],[91.432,22.622],[91.428,22.616],[91.43,22.592],[91.403,22.51],[91.408,22.471],[91.475,22.361],[91.496,22.347],[91.53,22.346]]],[[[88.647,22.126],[88.638,22.095],[88.638,22.083],[88.657,22.032],[88.658,22.015],[88.629,21.98],[88.623,21.967],[88.634,21.94],[88.664,21.937],[88.678,21.93],[88.688,21.933],[88.692,21.96],[88.719,21.996],[88.728,22.02],[88.72,22.041],[88.694,22.056],[88.685,22.07],[88.685,22.081],[88.709,22.095],[88.732,22.121],[88.764,22.127],[88.713,22.08],[88.709,22.07],[88.713,22.06],[88.725,22.051],[88.754,22.039],[88.765,22.004],[88.744,21.976],[88.719,21.956],[88.716,21.947],[88.716,21.887],[88.697,21.852],[88.7,21.796],[88.694,21.77],[88.693,21.735],[88.682,21.695],[88.687,21.669],[88.709,21.64],[88.715,21.624],[88.717,21.605],[88.706,21.57],[88.715,21.559],[88.739,21.548],[88.756,21.554],[88.772,21.552],[88.787,21.559],[88.795,21.59],[88.775,21.614],[88.779,21.635],[88.776,21.647],[88.802,21.659],[88.801,21.677],[88.808,21.684],[88.814,21.655],[88.807,21.642],[88.794,21.633],[88.793,21.627],[88.81,21.616],[88.828,21.614],[88.846,21.62],[88.856,21.631],[88.856,21.649],[88.836,21.69],[88.844,21.726],[88.857,21.759],[88.862,21.762],[88.869,21.746],[88.87,21.697],[88.876,21.674],[88.893,21.645],[88.921,21.632],[88.936,21.638],[88.987,21.606],[89.007,21.599],[89.02,21.602],[89.023,21.624],[89.027,21.625],[89.037,21.621],[89.045,21.607],[89.051,21.606],[89.074,21.613],[89.089,21.627],[89.09,21.649],[89.072,21.684],[89.07,21.703],[89.043,21.735],[89.021,21.781],[89.02,21.805],[89.024,21.82],[89.016,21.864],[88.931,21.919],[88.915,21.932],[88.905,21.952],[88.914,21.981],[88.931,21.985],[88.935,21.983],[88.932,21.955],[88.943,21.935],[88.979,21.916],[88.995,21.903],[89.006,21.902],[89.009,21.905],[89.009,21.929],[89.014,21.93],[89.037,21.917],[89.057,21.927],[89.064,21.94],[89.064,22.006],[89.04,22.065],[89.037,22.097],[89.047,22.113],[89.044,22.135],[89.061,22.126],[89.063,22.114],[89.057,22.076],[89.059,22.056],[89.09,22.014],[89.09,21.972],[89.077,21.908],[89.079,21.895],[89.1,21.849],[89.097,21.814],[89.107,21.803],[89.149,21.782],[89.16,21.785],[89.176,21.81],[89.18,21.813],[89.184,21.81],[89.197,21.763],[89.217,21.722],[89.219,21.697],[89.202,21.654],[89.216,21.64],[89.249,21.641],[89.26,21.645],[89.27,21.656],[89.293,21.665],[89.29,21.675],[89.271,21.684],[89.269,21.689],[89.296,21.748],[89.294,21.766],[89.281,21.798],[89.281,21.81],[89.287,21.815],[89.296,21.803],[89.307,21.807],[89.31,21.835],[89.322,21.862],[89.356,21.887],[89.353,21.925],[89.345,21.947],[89.35,21.966],[89.355,21.967],[89.358,21.963],[89.375,21.927],[89.386,21.884],[89.383,21.863],[89.368,21.843],[89.363,21.828],[89.363,21.768],[89.369,21.735],[89.388,21.71],[89.413,21.709],[89.427,21.722],[89.443,21.748],[89.459,21.761],[89.469,21.79],[89.456,21.848],[89.48,21.874],[89.484,21.889],[89.512,21.897],[89.516,21.906],[89.515,21.931],[89.519,21.952],[89.518,21.965],[89.496,22.002],[89.486,22.03],[89.503,22.032],[89.514,22.042],[89.518,22.082],[89.492,22.13],[89.483,22.132],[89.481,22.098],[89.466,22.128],[89.474,22.183],[89.461,22.222],[89.472,22.251],[89.474,22.285],[89.476,22.29],[89.493,22.272],[89.497,22.261],[89.487,22.22],[89.487,22.195],[89.499,22.161],[89.51,22.143],[89.517,22.112],[89.532,22.09],[89.536,22.072],[89.519,22.017],[89.519,21.999],[89.523,21.989],[89.539,21.984],[89.548,21.99],[89.559,22.049],[89.575,22.092],[89.581,22.124],[89.576,22.143],[89.548,22.181],[89.546,22.199],[89.556,22.217],[89.582,22.235],[89.584,22.246],[89.577,22.268],[89.619,22.33],[89.622,22.328],[89.614,22.298],[89.602,22.275],[89.604,22.256],[89.598,22.233],[89.561,22.198],[89.599,22.132],[89.604,22.1],[89.601,22.085],[89.581,22.056],[89.566,22.011],[89.565,21.994],[89.556,21.976],[89.571,21.94],[89.571,21.892],[89.561,21.869],[89.527,21.831],[89.52,21.812],[89.526,21.789],[89.538,21.771],[89.541,21.739],[89.553,21.714],[89.575,21.701],[89.595,21.701],[89.605,21.707],[89.607,21.717],[89.592,21.746],[89.591,21.757],[89.617,21.762],[89.658,21.749],[89.689,21.757],[89.698,21.762],[89.702,21.772],[89.699,21.782],[89.644,21.827],[89.624,21.851],[89.621,21.864],[89.625,21.879],[89.644,21.921],[89.663,21.898],[89.664,21.892],[89.653,21.869],[89.661,21.848],[89.687,21.831],[89.731,21.821],[89.742,21.822],[89.744,21.838],[89.754,21.844],[89.759,21.842],[89.772,21.825],[89.798,21.826],[89.816,21.832],[89.837,21.865],[89.877,21.88],[89.885,21.887],[89.884,21.904],[89.857,21.942],[89.846,21.97],[89.853,22.008],[89.852,22.025],[89.84,22.042],[89.799,22.064],[89.795,22.073],[89.845,22.064],[89.861,22.071],[89.869,22.084],[89.867,22.163],[89.841,22.266],[89.86,22.313],[89.886,22.355],[89.887,22.367],[89.871,22.404],[89.874,22.415],[89.878,22.415],[89.889,22.396],[89.897,22.39],[89.909,22.389],[89.92,22.393],[89.943,22.432],[90,22.482],[89.974,22.431],[89.931,22.388],[89.916,22.365],[89.872,22.268],[89.874,22.243],[89.896,22.198],[89.902,22.169],[89.914,22.143],[89.911,22.05],[89.936,21.99],[89.954,21.972],[89.978,21.97],[89.985,21.982],[89.978,22.013],[89.979,22.037],[90.014,22.069],[90.022,22.09],[90.025,22.115],[90.034,22.134],[90.067,22.158],[90.073,22.161],[90.08,22.158],[90.073,22.146],[90.047,22.134],[90.039,22.123],[90.033,22.101],[90.032,22.051],[90.016,22.038],[89.995,22.03],[89.992,22.024],[90,22.014],[89.997,21.999],[90,21.993],[90.024,21.987],[90.036,21.98],[90.045,21.979],[90.059,21.984],[90.073,22.025],[90.095,22.06],[90.129,22.084],[90.152,22.119],[90.203,22.121],[90.211,22.133],[90.215,22.166],[90.238,22.191],[90.238,22.175],[90.225,22.123],[90.209,22.11],[90.193,22.107],[90.167,22.11],[90.141,22.08],[90.108,22.056],[90.09,22.027],[90.069,21.972],[90.034,21.951],[90.028,21.937],[90.031,21.886],[90.022,21.865],[90.025,21.859],[90.04,21.855],[90.057,21.844],[90.064,21.846],[90.067,21.853],[90.094,21.873],[90.106,21.891],[90.113,21.92],[90.126,21.927],[90.118,21.915],[90.127,21.897],[90.11,21.877],[90.111,21.855],[90.095,21.858],[90.086,21.847],[90.087,21.839],[90.094,21.827],[90.116,21.811],[90.171,21.797],[90.19,21.797],[90.211,21.805],[90.235,21.828],[90.272,21.848],[90.291,21.896],[90.31,21.981],[90.331,22.034],[90.368,22.074],[90.376,22.13],[90.38,22.136],[90.389,22.137],[90.393,22.142],[90.393,22.159],[90.417,22.18],[90.412,22.194],[90.391,22.202],[90.387,22.208],[90.401,22.259],[90.394,22.28],[90.411,22.277],[90.414,22.27],[90.406,22.231],[90.406,22.206],[90.426,22.187],[90.426,22.178],[90.408,22.157],[90.401,22.127],[90.39,22.11],[90.389,22.094],[90.394,22.089],[90.411,22.087],[90.432,22.069],[90.446,22.075],[90.471,22.107],[90.491,22.143],[90.497,22.173],[90.537,22.192],[90.539,22.185],[90.546,22.188],[90.564,22.208],[90.603,22.273],[90.611,22.293],[90.617,22.37],[90.586,22.449],[90.587,22.465],[90.596,22.463],[90.599,22.458],[90.604,22.463],[90.581,22.533],[90.558,22.557],[90.531,22.569],[90.524,22.58],[90.507,22.583],[90.493,22.577],[90.474,22.577],[90.462,22.57],[90.459,22.554],[90.464,22.524],[90.444,22.506],[90.44,22.491],[90.437,22.498],[90.439,22.513],[90.446,22.52],[90.392,22.578],[90.38,22.602],[90.31,22.663],[90.206,22.667],[90.149,22.699],[90.082,22.721],[89.959,22.754],[89.854,22.773],[89.745,22.757],[89.699,22.72],[89.639,22.707],[89.57,22.683],[89.527,22.661],[89.498,22.605],[89.447,22.547],[89.411,22.52],[89.352,22.497],[89.308,22.495],[89.244,22.471],[89.144,22.411],[89.112,22.404],[89.035,22.415],[88.986,22.402],[88.927,22.364],[88.795,22.189],[88.69,22.124],[88.661,22.119],[88.647,22.126]]],[[[90.779,22.611],[90.77,22.621],[90.728,22.633],[90.715,22.647],[90.705,22.67],[90.697,22.726],[90.682,22.77],[90.674,22.779],[90.667,22.782],[90.601,22.776],[90.588,22.77],[90.575,22.75],[90.571,22.718],[90.556,22.676],[90.551,22.638],[90.557,22.604],[90.569,22.603],[90.578,22.597],[90.6,22.568],[90.643,22.552],[90.666,22.498],[90.677,22.444],[90.676,22.423],[90.685,22.391],[90.676,22.268],[90.671,22.25],[90.65,22.219],[90.624,22.155],[90.619,22.127],[90.631,22.119],[90.63,22.116],[90.601,22.037],[90.603,22.026],[90.613,22.016],[90.621,22.016],[90.635,22.03],[90.636,22.042],[90.663,22.072],[90.671,22.089],[90.683,22.1],[90.67,22.066],[90.636,22.014],[90.631,22],[90.636,21.991],[90.649,21.99],[90.66,21.994],[90.664,21.988],[90.679,21.988],[90.696,22.005],[90.709,22.05],[90.712,22.052],[90.713,22.046],[90.726,22.047],[90.747,22.069],[90.754,22.067],[90.756,22.06],[90.773,22.072],[90.791,22.106],[90.82,22.134],[90.851,22.245],[90.854,22.274],[90.866,22.315],[90.856,22.354],[90.875,22.41],[90.877,22.456],[90.871,22.482],[90.86,22.498],[90.829,22.52],[90.794,22.552],[90.779,22.611]]],[[[90.603,22.876],[90.588,22.881],[90.565,22.87],[90.565,22.877],[90.547,22.88],[90.532,22.862],[90.518,22.856],[90.496,22.859],[90.477,22.869],[90.466,22.862],[90.462,22.805],[90.469,22.78],[90.455,22.766],[90.462,22.76],[90.486,22.753],[90.51,22.695],[90.519,22.684],[90.534,22.692],[90.547,22.718],[90.544,22.749],[90.548,22.765],[90.544,22.784],[90.556,22.787],[90.566,22.782],[90.577,22.786],[90.587,22.782],[90.646,22.791],[90.676,22.804],[90.691,22.827],[90.694,22.838],[90.684,22.852],[90.661,22.863],[90.603,22.876]]],[[[90.649,22.97],[90.622,22.99],[90.593,23.028],[90.575,23.038],[90.566,23.038],[90.543,23.018],[90.523,22.99],[90.512,22.982],[90.504,22.962],[90.509,22.95],[90.558,22.946],[90.572,22.947],[90.581,22.962],[90.593,22.962],[90.626,22.925],[90.661,22.911],[90.664,22.917],[90.655,22.932],[90.633,22.948],[90.666,22.945],[90.649,22.97]]],[[[90.511,23.06],[90.453,23.057],[90.454,23.05],[90.462,23.043],[90.469,23.006],[90.477,23.006],[90.491,23.027],[90.51,23.042],[90.514,23.055],[90.511,23.06]]],[[[90.529,23.35],[90.456,23.38],[90.422,23.381],[90.437,23.352],[90.474,23.33],[90.501,23.305],[90.506,23.305],[90.52,23.319],[90.521,23.331],[90.526,23.332],[90.547,23.325],[90.563,23.307],[90.59,23.301],[90.585,23.314],[90.529,23.35]]]]},"properties":{"id":"sundarbans"}},{"type":"Feature","geometry":{"type":"MultiPolygon","coordinates":[[[[-164.721,54.655],[-164.945,54.533],[-164.648,54.391],[-164.101,54.617],[-163.587,54.609],[-163.365,54.749],[-163.06,54.658],[-163.352,54.771],[-163.425,54.948],[-164.721,54.655]]],[[[-162.3,54.836],[-162.298,54.989],[-162.432,54.933],[-162.3,54.836]]],[[[-163.285,54.99],[-163.353,54.81],[-163.027,54.947],[-163.182,55.015],[-163.285,54.99]]],[[[-163.004,55.082],[-162.882,54.935],[-162.564,54.953],[-162.606,55.158],[-163.004,55.082]]],[[[-159.516,55.069],[-159.518,55.258],[-159.647,55.053],[-159.516,55.069]]],[[[-159.854,55.232],[-160.183,55.124],[-160.216,54.869],[-159.854,55.232]]],[[[-160.357,55.362],[-160.527,55.319],[-160.337,55.244],[-160.357,55.362]]],[[[-160.71,55.403],[-160.824,55.12],[-160.683,55.214],[-160.525,55.13],[-160.554,55.189],[-160.456,55.19],[-160.572,55.234],[-160.517,55.379],[-160.677,55.303],[-160.71,55.403]]],[[[-155.555,55.795],[-155.601,55.923],[-155.743,55.828],[-155.555,55.795]]],[[[-153.954,56.504],[-153.877,56.563],[-154.13,56.508],[-153.954,56.504]]],[[[-154.119,56.53],[-154.087,56.614],[-154.363,56.534],[-154.119,56.53]]],[[[-153.261,57.995],[-153.043,57.825],[-153.237,57.903],[-153.181,57.707],[-153.481,57.849],[-153.313,57.727],[-153.493,57.781],[-153.487,57.622],[-153.622,57.891],[-153.937,57.818],[-153.565,57.603],[-153.877,57.654],[-153.629,57.278],[-154.201,57.675],[-154.796,57.354],[-154.308,56.844],[-153.741,57.14],[-154.144,56.744],[-153.692,56.862],[-153.541,56.995],[-153.677,57.07],[-153.35,57.192],[-153.311,56.995],[-152.882,57.152],[-153.216,57.21],[-152.951,57.248],[-153.008,57.34],[-152.631,57.325],[-152.882,57.513],[-152.342,57.422],[-152.151,57.587],[-152.579,57.705],[-152.327,57.822],[-152.468,57.895],[-152.788,57.864],[-152.85,57.727],[-152.803,57.918],[-153.261,57.995]]],[[[-153.199,58.102],[-153.42,58.06],[-152.894,57.994],[-153.199,58.102]]],[[[-152.944,58.281],[-153.102,58.258],[-152.85,58.155],[-153.224,58.162],[-152.837,57.996],[-152.787,58.196],[-152.944,58.281]]],[[[-154.802,59.422],[-154.867,59.208],[-155.592,59.037],[-155.34,58.971],[-155.477,58.762],[-154.762,58.663],[-154.773,58.52],[-155.199,58.43],[-155.496,58.554],[-156.05,58.331],[-155.651,58.199],[-156.031,57.982],[-155.45,58.02],[-155.585,57.843],[-156.648,57.583],[-157.34,57.181],[-158.349,56.913],[-158.345,56.625],[-158.9,56.558],[-158.771,56.387],[-159.553,56.321],[-159.672,56.141],[-160.48,55.921],[-160.247,55.77],[-160.726,55.869],[-160.767,55.856],[-160.674,55.696],[-160.948,55.844],[-161.503,55.694],[-161.862,55.724],[-161.907,55.552],[-162.498,55.199],[-162.347,55.107],[-162.49,55.065],[-162.248,55.02],[-162.177,55.154],[-161.961,55.107],[-162.046,55.233],[-161.878,55.224],[-161.587,55.62],[-161.356,55.606],[-161.508,55.363],[-161.232,55.356],[-160.91,55.524],[-160.667,55.46],[-160.773,55.539],[-160.596,55.608],[-160.501,55.479],[-160.422,55.663],[-160.131,55.664],[-159.818,55.856],[-159.583,55.803],[-159.747,55.6],[-159.598,55.565],[-159.528,55.888],[-159.412,55.789],[-158.824,56.021],[-158.664,55.954],[-158.622,56.202],[-158.455,56.195],[-158.598,56.049],[-158.428,55.996],[-158.487,56.115],[-158.113,56.24],[-158.4,56.202],[-158.192,56.286],[-158.482,56.336],[-158.403,56.455],[-157.858,56.505],[-157.9,56.605],[-158.134,56.54],[-157.786,56.699],[-157.462,56.638],[-157.595,56.741],[-157.435,56.867],[-157.199,56.772],[-156.918,56.965],[-156.804,56.912],[-156.771,57.042],[-156.55,56.988],[-156.321,57.293],[-156.535,57.327],[-156.196,57.479],[-156.024,57.438],[-156.034,57.569],[-155.734,57.547],[-155.597,57.783],[-155.307,57.731],[-155.028,58.025],[-154.582,58.019],[-154.484,58.205],[-154.341,58.082],[-154.21,58.136],[-154.103,58.28],[-154.286,58.311],[-153.999,58.376],[-153.907,58.61],[-153.592,58.634],[-153.251,58.853],[-153.704,59.076],[-154.181,59.022],[-154.112,59.3],[-154.802,59.422]]],[[[-85.776,47.794],[-85.938,47.716],[-85.587,47.741],[-85.776,47.794]]],[[[-74.362,49.52],[-73.744,49.189],[-73.517,49.31],[-73.277,49.255],[-72.866,48.723],[-71.877,48.328],[-70.842,48.145],[-70.12,48.228],[-69.983,47.813],[-70.141,47.683],[-69.953,47.741],[-69.735,48.131],[-69.988,48.257],[-69.699,48.141],[-69.071,48.769],[-68.571,49.057],[-68.192,49.099],[-68.128,49.265],[-67.373,49.316],[-67.136,49.799],[-66.913,49.997],[-66.451,50.129],[-66.449,50.261],[-66.125,50.181],[-65.948,50.28],[-62.417,50.275],[-61.803,50.123],[-61.585,50.182],[-61.745,50.081],[-60.203,50.268],[-60.164,50.188],[-59.121,50.782],[-59.008,50.733],[-58.966,51.004],[-58.481,51.292],[-58.123,51.276],[-57.736,51.465],[-56.962,51.418],[-55.927,51.93],[-55.946,52.022],[-55.615,52.21],[-55.953,52.354],[-56.183,52.435],[-55.969,52.379],[-55.645,52.347],[-55.621,52.439],[-56.085,52.537],[-56.066,52.568],[-55.756,52.61],[-55.954,52.687],[-56.167,52.82],[-55.93,52.783],[-55.826,52.908],[-55.73,53.246],[-56.254,53.551],[-55.974,53.547],[-56.634,53.663],[-56.442,53.774],[-56.856,53.71],[-57.289,53.462],[-57.421,53.624],[-57.114,53.793],[-57.41,54.183],[-57.932,54.212],[-58.402,54.129],[-57.782,54.064],[-58.823,53.954],[-59.058,53.788],[-59.009,53.712],[-59.308,53.695],[-59.576,53.528],[-59.902,53.526],[-60.235,53.277],[-60.428,53.271],[-60.039,53.504],[-60.972,53.734],[-60.525,53.714],[-60.115,53.537],[-60.08,53.756],[-58.613,54.039],[-58.381,54.225],[-59.582,54.029],[-57.858,54.395],[-57.417,54.462],[-57.635,54.459],[-57.646,54.482],[-57.335,54.578],[-58.154,54.738],[-57.827,54.805],[-57.961,54.793],[-57.939,54.921],[-58.402,54.727],[-58.919,54.828],[-58.991,55.148],[-59.3,55.015],[-59.131,55.233],[-59.914,54.739],[-59.417,55.155],[-59.905,55.139],[-59.763,55.329],[-60.288,55.015],[-60.018,55.265],[-60.653,55.02],[-60.175,55.426],[-60.496,55.609],[-60.306,55.773],[-60.479,55.796],[-60.651,55.575],[-60.575,55.807],[-60.76,55.723],[-60.715,55.836],[-61.093,55.839],[-61.113,55.972],[-61.513,56.02],[-61.25,56.058],[-61.47,56.058],[-61.345,56.232],[-62.028,56.225],[-62.056,56.299],[-61.583,56.278],[-62.158,56.454],[-61.656,56.538],[-62.232,56.604],[-61.908,56.609],[-62.605,56.794],[-62.066,56.832],[-62.523,56.789],[-61.687,56.611],[-61.924,56.797],[-61.658,56.805],[-61.561,56.948],[-61.382,56.991],[-61.413,57.14],[-61.723,57.153],[-61.635,57.232],[-61.956,57.225],[-61.808,57.371],[-62.191,57.466],[-62.37,57.419],[-62.541,57.494],[-62.359,57.445],[-62.279,57.527],[-61.899,57.609],[-62.08,57.824],[-62.245,57.852],[-61.994,57.714],[-62.407,57.611],[-62.787,57.807],[-62.949,57.68],[-63.34,57.781],[-63.413,57.572],[-64.555,57.199],[-64.571,57.889],[-65.1,58.338],[-64.894,58.535],[-65.388,58.686],[-65.172,59.339],[-65.365,59.484],[-65.523,59.477],[-65.326,59.247],[-65.571,59.376],[-65.47,59.141],[-65.745,59.269],[-65.639,59.075],[-65.419,59.06],[-65.689,59.062],[-65.656,58.951],[-65.856,58.99],[-65.999,58.913],[-65.818,58.843],[-66.107,58.777],[-65.868,58.602],[-65.971,58.286],[-66.106,58.344],[-65.93,58.624],[-66.376,58.854],[-66.625,58.487],[-67.457,58.295],[-67.694,58.002],[-67.748,58.464],[-67.831,58.284],[-68.125,58.079],[-67.866,58.334],[-68.012,58.583],[-68.285,58.112],[-68.705,57.998],[-68.368,58.123],[-68.224,58.427],[-68.353,58.779],[-68.608,58.901],[-69.37,58.868],[-69.808,58.59],[-69.783,58.712],[-70.003,58.746],[-70.138,58.759],[-70.166,58.778],[-70.527,58.48],[-71.464,58.187],[-71.828,58.271],[-71.865,58.394],[-72.656,58.466],[-73.209,58.369],[-73.225,58.162],[-75.231,58.294],[-75.257,58.094],[-75.678,58.457],[-76.015,58.459],[-76.123,58.28],[-75.908,58.042],[-76.258,58.116],[-76.431,57.967],[-76.405,57.738],[-76.127,57.621],[-76.45,57.38],[-76.402,56.543],[-76.538,56.642],[-76.692,56.061],[-77.242,55.586],[-78.314,55.043],[-79.725,54.637],[-79.553,54.61],[-79.397,54.179],[-79.083,54.163],[-78.966,53.999],[-79.134,53.944],[-78.949,53.817],[-79.072,53.589],[-78.896,53.549],[-79.118,53.486],[-78.926,53.397],[-78.992,53.016],[-78.741,52.849],[-78.77,52.553],[-78.603,52.524],[-78.511,52.454],[-78.497,52.25],[-79.042,51.77],[-78.769,51.492],[-78.865,51.168],[-78.988,51.466],[-79.27,51.512],[-79.315,51.662],[-79.739,51.378],[-79.739,51.127],[-80.128,51.293],[-80.516,51.301],[-80.591,51.715],[-80.991,52.014],[-81.697,52.219],[-81.587,52.452],[-82.29,52.954],[-82.118,53.268],[-82.133,53.823],[-82.441,54.259],[-82.259,55.109],[-83.911,55.295],[-85.211,55.229],[-85.133,55.327],[-85.735,55.59],[-87.613,55.989],[-87.97,56.459],[-88.876,56.858],[-89.955,57.003],[-90.83,57.252],[-92.8,56.922],[-92.435,57.363],[-93.185,58.756],[-94.166,58.781],[-94.271,58.407],[-94.226,58.797],[-94.427,58.712],[-94.772,59.013],[-94.915,58.705],[-95.076,59.021],[-94.933,60],[-95.338,60.254],[-95.671,60.878],[-96.128,61.073],[-96.245,61.39],[-96.249,61.398],[-96.632,61.625],[-96.377,61.766],[-96.82,61.819],[-96.969,62.02],[-96.613,62.305],[-96.245,62.257],[-96.419,62.494],[-96.175,62.574],[-97.429,63.075],[-97.606,62.946],[-98.355,63.015],[-99.976,62.819],[-100.374,62.624],[-100.628,62.85],[-101.247,62.561],[-101.961,62.837],[-102.406,62.645],[-102.989,62.824],[-103.07,63.214],[-103.617,63.184],[-104.214,63.324],[-103.906,63.806],[-102.925,64.23],[-102.941,64.45],[-103.541,64.393],[-103.953,64.54],[-103.7,64.333],[-104.246,64.002],[-104.754,63.899],[-107.389,63.807],[-108.027,64.053],[-108.564,64.04],[-109.179,63.687],[-109.815,63.622],[-109.459,63.984],[-109.749,64.204],[-109.984,64.252],[-110.464,64.039],[-111.357,64.153],[-111.702,64.356],[-112.371,64.281],[-112.647,64.988],[-113.153,64.995],[-113.263,65.129],[-113.072,65.443],[-114.9,66.618],[-115.842,66.821],[-116.168,66.766],[-116.802,67.009],[-117.309,66.844],[-118.488,67.39],[-118.802,67.317],[-118.778,66.918],[-120.378,67.072],[-121.401,66.936],[-121.54,66.754],[-122.201,66.608],[-123.098,66.57],[-123.467,66.752],[-124.072,66.679],[-124.93,66.996],[-124.867,67.369],[-124.518,67.286],[-124.255,67.431],[-125.028,67.984],[-126.432,67.919],[-127.493,67.995],[-127.744,68.162],[-128.218,68.108],[-130.069,68.813],[-131.64,68.512],[-132.155,68.261],[-132.794,68.262],[-132.887,68.457],[-133.497,68.286],[-134.624,69],[-135.539,68.837],[-135.161,68.656],[-135.873,68.832],[-135.723,68.626],[-135.318,68.227],[-135.348,67.731],[-134.842,67.481],[-135.048,66.927],[-133.872,66.425],[-134.177,66.004],[-133.437,65.936],[-132.983,66.169],[-131.051,65.86],[-130.879,65.955],[-131.116,66.058],[-132.497,66.283],[-131.445,66.343],[-130.293,66.195],[-129.239,65.771],[-128.854,65.779],[-129.066,65.703],[-128.867,65.66],[-128.853,65.659],[-128.852,65.658],[-128.988,65.535],[-128.126,65.454],[-126.587,64.825],[-125.641,64.674],[-125.502,64.529],[-126.114,64.67],[-126.311,64.503],[-125.938,64.232],[-124.78,64.059],[-124.797,63.764],[-124.543,63.765],[-123.83,62.874],[-123.554,62.292],[-124.358,61.906],[-124.36,61.587],[-124.067,61.307],[-124.565,61.322],[-125.016,61.157],[-125.132,61.325],[-125.778,60.887],[-126.137,61.221],[-126.349,61.2],[-126.607,60.818],[-126.875,61.166],[-127.497,61.336],[-128.068,60.701],[-128.262,60.704],[-128.46,60.953],[-128.849,60.721],[-129.338,61.779],[-130.435,61.931],[-130.858,62.558],[-131.605,62.642],[-132.634,63.086],[-132.016,63.374],[-132.418,63.498],[-132.345,63.704],[-132.942,63.934],[-136.053,64.246],[-136.908,64.084],[-137.21,64.235],[-137.865,64.156],[-139.987,64.434],[-139.2,64.1],[-138.339,63.984],[-137.964,63.557],[-138.736,63.215],[-138.355,63.189],[-137.741,62.886],[-137.918,62.766],[-137.613,62.703],[-137.925,62.62],[-137.226,62.393],[-137.771,62.452],[-136.734,62.073],[-137.349,61.878],[-138.016,61.866],[-138.633,62.141],[-138.951,62.113],[-139.372,62.372],[-139.976,62.055],[-140.362,62.125],[-140.294,61.931],[-140.566,61.984],[-140.205,61.72],[-138.576,61.125],[-138.601,60.807],[-138.011,60.68],[-138.088,60.43],[-137.867,60.644],[-137.973,60.295],[-137.938,59.882],[-137.69,59.954],[-137.337,59.651],[-136.818,59.51],[-136.766,59.531],[-136.753,59.534],[-136.729,59.539],[-136.593,59.527],[-136.499,59.751],[-135.664,59.87],[-135.017,59.524],[-133.525,58.863],[-133.262,58.626],[-133.061,58.638],[-133.153,58.424],[-132.593,58.418],[-132.21,58.239],[-132.209,58.098],[-132.017,58.123],[-132.31,57.96],[-132.366,57.929],[-132.03,57.521],[-131.649,57.568],[-131.586,57.433],[-131.165,57.335],[-131.03,57.064],[-129.908,57.335],[-127.922,57.079],[-127.264,56.606],[-125.326,56.461],[-124.738,56.499],[-124.229,57.172],[-123.684,56.804],[-122.929,56.881],[-122.81,57.082],[-122.675,57.05],[-122.657,57.048],[-122.353,57.174],[-121.96,57.086],[-121.95,57.09],[-121.948,57.091],[-121.939,57.095],[-121.936,57.097],[-121.747,57.277],[-121.744,57.282],[-121.743,57.287],[-121.458,57.327],[-121.458,57.328],[-121.456,57.328],[-121.009,57.819],[-120.084,58.19],[-118.951,58.281],[-118.883,58.061],[-118.629,58.025],[-118.808,57.966],[-118.66,57.917],[-118.852,57.644],[-118.066,57.786],[-117.331,57.466],[-117.426,57.266],[-117.843,57.141],[-117.843,56.956],[-118.035,56.912],[-117.809,56.717],[-118.077,56.444],[-117.635,56.389],[-118.464,56.281],[-118.771,56.588],[-119.495,56.607],[-119.867,56.511],[-119.997,56.334],[-120.27,56.32],[-120.727,56.866],[-120.962,56.709],[-120.812,56.505],[-121.05,56.549],[-120.835,56.292],[-121.09,56.237],[-121.566,56.447],[-121.729,56.189],[-122.075,56.176],[-122.161,56.032],[-121.666,55.64],[-121.028,55.612],[-120.693,55.779],[-120.485,55.615],[-119.672,55.837],[-118.874,55.693],[-119.038,55.548],[-118.449,55.568],[-118.525,55.499],[-118.244,55.482],[-118.683,55.379],[-119.357,55.554],[-119.984,55.514],[-120.101,54.922],[-119.622,54.732],[-119.549,54.821],[-119.113,54.812],[-119.086,54.802],[-118.774,54.764],[-118.752,54.743],[-118.751,54.728],[-118.485,54.603],[-118.396,54.665],[-118.39,54.655],[-117.733,54.689],[-117.711,54.701],[-117.398,54.733],[-117.319,54.589],[-117.184,54.666],[-117.128,54.425],[-116.808,54.372],[-116.393,54.528],[-116.552,54.679],[-116.211,54.764],[-116.753,54.915],[-116.837,55.11],[-116.475,55.053],[-116.235,55.164],[-116.009,55.058],[-116.129,55.222],[-115.963,55.296],[-115.865,55.162],[-115.722,55.261],[-115.328,55.15],[-115.065,55.354],[-114.34,55.171],[-115.486,54.203],[-116.294,54.237],[-115.844,54.165],[-115.854,54.064],[-115.376,54.132],[-115.18,53.917],[-115.436,53.869],[-114.993,53.71],[-115.327,53.8],[-115.458,53.633],[-114.936,53.503],[-114.816,53.021],[-114.256,52.966],[-114.929,52.374],[-114.751,51.864],[-114.727,51.844],[-114.546,51.57],[-114.136,51.966],[-114.363,52.053],[-114.39,52.304],[-114.101,52.161],[-114.062,52.613],[-113.787,52.584],[-113.95,52.946],[-113.831,53.116],[-114.073,53.345],[-113.893,53.663],[-114.025,53.984],[-113.562,54.129],[-112.951,53.892],[-112.799,53.989],[-112.36,53.939],[-112.215,54.054],[-111.887,53.765],[-111.644,53.839],[-111.553,53.529],[-111.391,53.618],[-111.032,53.462],[-110.938,53.73],[-110.687,53.693],[-110.92,53.862],[-110.631,53.849],[-110.079,53.589],[-109.631,53.578],[-109.564,53.423],[-109.284,53.389],[-108.565,52.944],[-108.716,53.111],[-108.544,53.25],[-108.213,53.167],[-108.059,53.282],[-107.776,53.025],[-107.314,53.086],[-107.336,52.898],[-106.701,53.04],[-106.167,52.587],[-105.869,52.781],[-105.371,52.782],[-105.348,52.473],[-104.995,52.446],[-104.931,52.599],[-104.675,52.421],[-104.496,52.554],[-103.949,52.362],[-103.741,52.432],[-103.492,51.932],[-102.857,51.814],[-102.552,51.94],[-101.908,51.523],[-102.205,51.532],[-102.182,51.41],[-101.454,51.276],[-101.41,50.967],[-101.158,51.01],[-100.972,50.729],[-100.159,50.407],[-99.97,50.485],[-99.672,50.351],[-99.642,50.469],[-99.621,50.349],[-99.477,50.419],[-99.578,50.763],[-99.881,51.009],[-100.811,51.049],[-101.212,51.255],[-100.628,51.345],[-100.559,51.812],[-100.414,51.548],[-99.778,51.56],[-99.308,51.415],[-98.888,51.057],[-98.284,50.781],[-97.712,50.801],[-97.409,50.245],[-97.07,50.523],[-96.966,49.955],[-96.817,50.077],[-96.579,49.845],[-96.548,50.001],[-96.398,49.899],[-96.409,49.98],[-96.606,50.492],[-96.524,50.76],[-96.331,50.692],[-95.995,50.412],[-95.384,50.434],[-95.08,50.223],[-94.943,50.352],[-94.613,50.365],[-94.267,50.152],[-93.669,50.102],[-93.477,49.936],[-92.715,49.917],[-92.562,50.05],[-91.913,50.089],[-91.126,49.494],[-91.256,49.299],[-90.757,48.845],[-89.913,48.544],[-89.855,48.762],[-89.463,48.571],[-88.897,48.544],[-88.757,48.563],[-88.936,48.303],[-88.751,48.347],[-88.451,48.849],[-88.303,48.753],[-88.554,48.423],[-88.332,48.653],[-88.236,48.582],[-88.097,48.775],[-88.263,48.982],[-88.111,48.999],[-87.269,48.754],[-86.697,48.802],[-86.382,48.699],[-85.839,47.968],[-84.84,47.933],[-84.238,47.943],[-83.844,47.806],[-83.454,48.338],[-83.467,48.558],[-83.083,48.624],[-80.98,48.178],[-80.796,48.246],[-80.766,48.447],[-79.887,48.427],[-79.788,48.244],[-78.973,47.86],[-77.61,47.591],[-77.328,47.668],[-76.885,48.102],[-76.456,48.218],[-76.021,48.696],[-75.599,48.729],[-74.916,49.285],[-74.466,49.363],[-74.362,49.52]]],[[[-149.905,60.942],[-150.395,61.038],[-151.409,60.721],[-151.297,60.39],[-151.869,59.775],[-150.798,59.933],[-150.709,60.297],[-150.098,60.44],[-149.905,60.942]]],[[[-151.172,62.503],[-151.288,62.498],[-151.413,62.387],[-151.906,62.462],[-152.136,62.364],[-152.084,62.002],[-151.804,61.924],[-151.595,61.601],[-151.915,61.434],[-151.792,61.205],[-152.374,60.854],[-152.525,60.253],[-152.052,60.662],[-151.71,60.713],[-151.8,60.854],[-151.592,60.97],[-150.64,61.34],[-149.985,61.238],[-149.477,61.5],[-150.075,61.157],[-149.803,61.057],[-149.317,61.497],[-148.718,61.455],[-148.917,61.626],[-148.707,61.782],[-149.686,61.778],[-149.797,62.257],[-149.621,62.343],[-150.084,62.673],[-149.756,62.897],[-149.934,62.95],[-149.994,62.935],[-150.403,62.702],[-150.472,62.651],[-150.852,62.406],[-151.172,62.503]]],[[[-147.036,61.939],[-146.574,61.85],[-146.242,61.916],[-145.92,61.795],[-145.669,61.88],[-145.264,61.637],[-144.537,61.644],[-143.732,61.255],[-143.458,61.297],[-142.625,61.006],[-142.181,61.121],[-142.74,61.146],[-142.748,61.41],[-143.537,61.36],[-144.892,61.959],[-144.4,62.49],[-143.497,62.551],[-143.599,62.713],[-144.359,62.659],[-144.571,62.877],[-147.198,62.67],[-147.383,62.524],[-146.999,62.359],[-147.036,61.939]]],[[[107.273,53.109],[107.728,53.266],[107.793,53.443],[106.926,53.12],[107.273,53.109]]],[[[141.806,58.819],[142.333,59.179],[143.162,59.361],[145.581,59.375],[146.001,59.668],[146.48,59.768],[148.113,59.623],[148.139,59.389],[148.365,59.387],[148.441,59.235],[148.954,59.225],[148.755,59.502],[149.229,59.444],[149.087,59.651],[149.371,59.756],[150.342,59.618],[150.716,59.408],[151.361,59.557],[151.611,59.311],[152.248,59.219],[151.011,59.116],[151.275,58.81],[152.002,58.855],[152.261,59.062],[152.719,58.86],[153.348,59.068],[153.39,59.24],[153.779,59.238],[154.068,59.03],[154.316,59.211],[155.19,59.17],[154.98,59.451],[154.109,59.464],[154.348,59.614],[154.22,59.836],[154.43,59.857],[154.442,60.047],[155.003,60.397],[155.926,60.726],[155.99,60.953],[156.49,61.203],[156.277,61.505],[155.241,61.784],[155.509,61.179],[155.211,61.157],[154.953,61.462],[154.755,61.455],[154.625,60.944],[154.139,61.266],[153.636,60.779],[152.627,61.205],[152.752,61.457],[153.759,61.492],[153.746,61.941],[154.551,61.858],[154.839,61.998],[154.206,62.389],[154.615,62.59],[154.376,62.993],[154.703,63.444],[154.183,63.71],[154.598,63.815],[154.952,63.75],[155.606,63.115],[155.408,62.97],[155.648,62.714],[155.055,62.303],[155.087,62.125],[155.528,61.961],[156.169,62.017],[156.305,62.106],[155.724,62.175],[155.684,62.272],[156.184,62.388],[156.136,62.565],[156.822,62.664],[156.224,63.03],[158.273,62.899],[158.84,63.278],[160.735,63.777],[161.316,64.195],[161.722,64.194],[161.478,63.928],[162.047,64.109],[162.292,63.996],[162.118,63.854],[162.594,63.83],[162.707,63.997],[162.29,64.426],[162.603,64.614],[161.791,64.887],[163.028,64.925],[163.172,65.04],[162.85,65.416],[162.288,65.401],[162.428,65.569],[163.424,65.487],[164.237,65.562],[163.903,65.346],[164.122,65.217],[164.452,65.472],[165.334,65.384],[165.102,65.663],[165.652,65.839],[165.53,66.056],[164.968,65.873],[164.123,65.871],[164.007,65.977],[164.524,66.148],[164.347,66.201],[163.172,65.925],[160.879,66.299],[160.59,66.501],[161.279,66.366],[161.517,66.686],[161.007,67.121],[162.445,67.083],[162.589,66.975],[162.098,66.874],[162.484,66.809],[162.851,66.463],[163.108,66.639],[163.944,66.405],[164.836,66.547],[165.439,66.203],[165.691,66.419],[166.072,66.309],[166.409,66.362],[166.7,66.591],[167.636,66.492],[169.222,66.713],[168.999,66.881],[168.14,66.779],[166.122,66.784],[165.864,66.976],[166.495,67.175],[166.328,67.26],[165.216,67.222],[164.208,67.67],[163.911,67.431],[163.391,67.429],[163.008,67.931],[163.402,67.988],[163.903,67.879],[164.585,67.982],[165.65,67.767],[166.02,67.54],[167.003,67.639],[167.382,67.284],[167.938,67.081],[169.912,67.022],[169.76,67.334],[168.639,67.503],[168.189,67.783],[168.725,68.102],[167.795,68.156],[167.55,68.449],[166.632,68.425],[166.046,68.674],[165.252,68.61],[165.301,69.027],[165.012,69.089],[164.235,68.995],[163.704,69.196],[163.003,69.251],[162.177,69.149],[162.045,69.511],[161.791,69.431],[161.809,68.941],[160.609,68.589],[158.819,68.89],[155.655,68.921],[154.846,69.051],[153.371,69.598],[152.602,69.645],[151.734,69.874],[151.101,69.742],[149.981,69.792],[149.128,69.537],[148.598,69.577],[147.611,69.625],[146.867,69.38],[145.895,69.558],[145.248,69.495],[144.34,69.387],[143.041,69.461],[142.198,69.225],[141.891,69.319],[141.835,69.676],[141.145,69.464],[141.256,69.795],[140.923,69.828],[139.807,69.386],[140.445,69.239],[140.117,68.992],[140.728,69.096],[140.917,68.951],[140.614,68.725],[141.791,68.872],[142.579,68.528],[141.611,68.096],[141.154,68.348],[140.319,68.09],[139.671,68.353],[139.538,68.712],[138.289,69.538],[136.95,69.511],[137.102,69.314],[136.433,69.221],[136.428,69.064],[136.004,68.967],[135.712,69.328],[135.164,69.422],[136.252,69.793],[135.112,70.096],[135.124,70.285],[134.339,70.4],[132.95,70.387],[132.802,70.277],[132.198,70.262],[131.154,69.821],[131.378,69.692],[131.197,69.138],[130.815,69.003],[131.219,68.913],[130.9,68.534],[131.222,68.372],[130.008,68.079],[129.491,67.427],[129.576,66.848],[128.831,66.272],[129.791,66.308],[129.735,65.71],[130.004,65.535],[130.907,65.701],[131.025,65.587],[130.687,65.314],[130.864,65.15],[131.285,65.101],[131.83,65.432],[131.384,65.998],[132.274,66.056],[132.588,65.785],[132.421,65.614],[132.832,64.6],[133.075,64.569],[133.086,64.775],[132.785,65.448],[133.122,65.525],[133.384,65.47],[133.671,65.044],[134.848,64.724],[135.295,64.124],[135.694,63.992],[135.446,63.665],[134.382,63.831],[134.068,64.115],[133.486,63.946],[132.888,64.08],[132.781,64.25],[132.011,64.088],[132.053,64.273],[131.431,64.185],[131.516,64.434],[130.923,64.351],[130.517,64.487],[129.962,64.331],[129.856,64.54],[129.272,64.364],[128.959,64.528],[128.558,64.47],[128.388,64.556],[128.572,64.903],[128.223,64.918],[127.574,65.196],[128.319,65.37],[127.71,65.54],[128.404,65.756],[128.443,65.95],[127.349,65.885],[127.067,65.979],[127.558,66.243],[126.951,66.863],[127.164,66.955],[126.938,67.287],[127.675,67.606],[126.937,67.749],[126.651,67.935],[127.048,68.03],[127.818,67.854],[128.144,68.064],[127.236,68.222],[128.344,68.29],[127.971,68.485],[126.571,68.333],[126.468,68.496],[128.2,68.964],[128.079,69.268],[128.899,69.69],[128.06,69.816],[127.618,70.236],[128.109,70.573],[127.963,70.859],[127.081,70.856],[126.593,70.689],[125.913,70.856],[125.253,70.584],[124.339,70.736],[123.353,70.689],[122.992,70.764],[123.222,71.284],[122.114,71.305],[120.976,70.762],[119.693,70.609],[119.037,70.815],[117.256,70.826],[116.528,71.13],[115.728,71.009],[114.954,71.166],[114.33,71.023],[114.299,71.417],[112.58,71.201],[111.572,71.323],[110.523,71.008],[110.709,70.86],[111.743,70.867],[111.298,70.516],[110.829,70.507],[110.226,70.695],[109.936,70.626],[110.78,70.009],[110.155,69.898],[109.339,69.974],[108.785,69.726],[107.995,69.983],[107.243,69.45],[107.956,69.357],[107.974,69.205],[107.191,69.047],[106.409,69.202],[106.661,69.338],[106.182,69.417],[106.357,69.866],[105.997,70.203],[105.459,70.343],[105.145,70.141],[105.544,69.628],[105.298,69.445],[104.524,69.408],[103.321,70.019],[104.605,70.047],[104.406,70.398],[105.036,70.559],[105.13,70.758],[106.418,70.448],[107.968,70.482],[108.668,70.693],[104.823,70.896],[103.327,71.059],[102.954,70.982],[102.353,71.103],[103.381,70.585],[103.212,70.443],[103.635,70.195],[102.867,70],[103.063,69.564],[102.491,69.462],[102.153,69.523],[102.129,69.915],[101.776,70.115],[101.64,70.946],[101.127,71.269],[100.646,71.264],[100.355,70.679],[99.379,70.355],[99.661,70.241],[100.925,70.239],[101.284,69.781],[100.506,69.545],[99.003,69.739],[98.56,69.625],[99.056,69.107],[100.513,68.464],[100.596,68.368],[99.999,68.212],[100.187,67.94],[99.633,67.893],[99.113,68.084],[97.82,69.028],[97.26,69.089],[96.622,68.988],[96.557,68.804],[98.193,68.051],[99.187,67.303],[98.264,67.32],[98.387,67.094],[100.4,66.802],[101.128,66.012],[100.152,65.88],[99.471,66.495],[98.474,66.518],[97.923,67.03],[97.264,67.07],[97.544,66.666],[98.692,66.069],[98.632,65.893],[97.962,66.012],[97.717,66.332],[97.289,66.222],[96.669,66.277],[96.774,66.122],[97.198,65.929],[98.66,65.659],[98.833,65.444],[97.183,65.596],[96.47,65.931],[96.371,66.277],[96.023,66.337],[95.969,67.148],[94.492,67.457],[94.085,67.358],[95.384,66.903],[95.557,65.85],[97.059,65.211],[97.438,64.748],[96.64,64.907],[95.529,65.447],[94.778,66.725],[94.424,66.913],[92.129,67.068],[92.699,67.387],[92.344,67.458],[90.398,67.046],[90.702,67.362],[91.995,67.527],[92.585,67.964],[93.257,68.169],[90.496,68.247],[91.212,68.409],[92.554,68.421],[92.778,68.561],[90.331,68.643],[89.459,68.785],[88.483,68.667],[87.652,68.165],[86.349,68.333],[85.405,67.729],[84.752,67.537],[84.666,67.291],[85.453,66.916],[84.927,66.749],[84.918,66.397],[84.082,66.21],[83.579,66.331],[82.062,66.345],[80.38,65.944],[79.897,65.932],[78.32,66.219],[76.687,65.781],[75.034,65.532],[74.417,65.562],[72.236,66.278],[72.006,66.191],[71.468,66.35],[69.915,66.444],[67.861,66.6],[65.267,66.556],[65.405,66.743],[64.182,66.489],[63.068,65.826],[62.382,65.622],[62.336,65.704],[61.481,65.475],[61.187,64.988],[60.188,64.908],[59.872,65.003],[59.533,64.895],[59.462,64.513],[58.872,64.121],[58.67,64.935],[59.618,65.561],[59.942,65.371],[60.393,65.389],[60.431,65.733],[61.647,66.084],[61.733,66.452],[62.547,66.697],[62.216,66.78],[60.799,66.464],[61.176,66.754],[60.644,67.177],[59.853,66.744],[58.88,66.684],[58.305,66.784],[56.788,66.589],[55.679,66.894],[55.254,66.871],[55.456,66.662],[55.053,66.686],[54.768,66.886],[54.941,67.267],[54.498,67.321],[53.627,66.836],[53.442,66.982],[52.902,66.852],[52.377,66.944],[52.413,66.782],[53.304,66.728],[53.664,66.564],[53.471,66.123],[52.595,66.352],[52.639,66.102],[52.349,65.983],[52.015,66.919],[51.059,66.961],[50.586,67.308],[49.967,67.096],[49.573,67.142],[47.708,66.468],[47.087,66.495],[47.054,66.337],[46.608,66.606],[45.444,66.401],[44.863,66.553],[44.291,66.482],[44.08,65.957],[43.709,65.869],[42.833,65.933],[42.264,66.122],[42,66.392],[39.768,65.564],[39.721,65.354],[40.553,64.76],[40.15,64.742],[40.259,64.619],[40.022,64.685],[40.136,64.599],[39.563,64.547],[38.461,64.801],[38.542,64.725],[38.045,64.577],[38.064,64.748],[38.385,64.827],[37.051,65.199],[36.87,64.978],[36.487,64.947],[37.194,64.387],[37.657,64.351],[37.821,64.438],[38.06,64.286],[38.01,63.92],[37.375,63.787],[36.313,63.977],[35.953,64.278],[35.461,64.252],[34.818,64.474],[35.045,64.688],[34.775,64.694],[34.947,64.757],[34.659,64.894],[34.78,64.973],[34.143,65.311],[34.531,65.363],[34.499,65.703],[34.819,65.613],[34.71,65.783],[33.922,66.204],[33.445,66.31],[32.843,66.252],[33.533,66.411],[32.796,66.532],[32.967,66.562],[32.695,66.619],[33.137,66.656],[32.5,66.787],[32.783,66.768],[32.205,66.912],[32.345,67.011],[32.08,67.149],[31.705,67.178],[32.785,67.145],[32.573,67.057],[33.298,66.756],[33.434,66.879],[33.759,66.701],[33.994,66.805],[33.95,66.679],[34.364,66.657],[34.302,66.533],[34.756,66.578],[35.245,66.368],[36.035,66.261],[38.309,66.039],[40.059,66.28],[40.202,66.458],[39.952,66.727],[40.589,66.827],[40.126,66.846],[40.006,67.048],[39.701,66.898],[39.424,66.939],[39.579,67.071],[38.769,67.015],[39.251,67.098],[38.647,67.112],[38.651,67.254],[38.089,67.225],[37.964,67.441],[37.348,67.577],[36.808,67.541],[36.697,67.683],[35.744,67.812],[35.82,67.953],[35.423,67.943],[35.288,68.211],[35.23,67.909],[34.958,67.784],[34.416,67.779],[34.001,68.142],[34.553,68.222],[33.958,68.282],[33.939,68.578],[33.415,68.691],[33.17,68.63],[33.272,69.006],[32.422,68.877],[31.241,69.097],[30.254,69.096],[29.856,68.969],[29.7,69.12],[29.961,69.161],[30.116,69.627],[30.062,69.519],[29.204,69.44],[29.184,69.643],[28.674,69.723],[28.327,69.637],[28.262,69.984],[27.717,69.613],[27.743,69.918],[27.433,69.93],[27.174,69.658],[26.352,69.569],[25.329,69.743],[24.406,69.434],[24.384,69.707],[24.072,69.768],[23.97,69.446],[23.564,69.529],[22.684,68.899],[22.255,69.105],[21.217,69.204],[21.816,69.043],[21.302,69.005],[21.966,68.878],[21.097,68.872],[21.62,68.523],[21.259,68.499],[21.396,68.344],[20.987,68.407],[21.086,68.055],[20.253,68.022],[20.422,67.756],[19.478,67.841],[20.428,67.652],[20.244,67.433],[20.546,67.292],[20.117,67.277],[19.806,67.415],[19.726,67.241],[19.2,67.233],[18.058,67.586],[19.461,67.011],[18.784,66.943],[18.528,67.155],[18.198,67.133],[18.215,66.951],[17.655,67.035],[17.828,66.786],[18.587,66.684],[18.809,66.465],[17.36,66.366],[16.986,66.431],[17.159,66.309],[16.897,66.225],[17.336,65.773],[16.521,65.871],[16.151,66.083],[16.658,65.743],[16.11,65.772],[16.634,65.56],[15.852,65.693],[15.874,65.524],[15.557,65.614],[15.433,65.532],[15.135,65.661],[15.38,65.469],[15.997,65.416],[15.981,65.273],[15.596,65.234],[15.437,64.95],[14.906,65.137],[14.581,65.119],[15.141,64.896],[14.98,64.784],[14.151,64.955],[13.893,64.717],[13.681,64.669],[13.386,64.79],[13.006,64.683],[13.322,65.059],[12.277,64.53],[12.464,64.877],[12.12,64.943],[11.699,64.855],[11.856,64.781],[11.357,64.678],[11.76,64.585],[11.208,64.314],[11.312,64.442],[10.95,64.597],[10.665,64.45],[10.83,64.373],[10.514,64.424],[10.651,64.349],[10.04,64.086],[9.97,63.949],[10.222,64],[9.959,63.907],[10.228,63.923],[9.569,63.782],[9.797,63.759],[9.533,63.645],[10.092,63.779],[9.781,63.616],[10.106,63.49],[10.967,63.737],[10.973,63.895],[10.617,63.808],[11.358,64.106],[11.239,64.027],[11.488,63.998],[11.088,63.88],[11.419,63.764],[10.644,63.54],[10.905,63.596],[10.942,63.44],[10.193,63.442],[10.05,63.369],[10.267,63.286],[9.803,63.31],[9.761,63.565],[9.523,63.35],[8.639,63.061],[8.947,62.884],[9.335,63.066],[9.554,63.029],[9.65,62.794],[9.932,62.779],[9.624,62.543],[9.879,62.574],[10.265,62.937],[10.437,62.802],[10.952,62.913],[11.37,62.741],[11.076,63.064],[11.767,62.9],[11.741,63.065],[11.241,63.193],[11.38,63.379],[11.903,63.3],[12.244,63.41],[12.113,63.156],[12.424,63.235],[12.809,63.05],[12.913,63.189],[13,62.999],[13.695,63.119],[13.631,62.998],[13.889,62.969],[13.772,62.868],[13.377,63.006],[13.458,62.905],[12.857,62.859],[13.083,62.656],[12.93,62.478],[12.411,62.45],[12.709,62.268],[11.492,62.595],[11.108,62.537],[10.829,62.323],[10.533,62.377],[10.607,62.186],[10.038,62.136],[10.147,62.071],[10.443,62.167],[10.844,61.969],[10.792,61.787],[10.338,61.842],[10.873,61.618],[11.267,60.94],[10.725,61.076],[10.23,61.592],[9.667,61.702],[9.282,62.037],[8.144,62.262],[9.054,62.034],[9.342,61.837],[8.035,61.938],[9.46,61.743],[9.279,61.734],[9.678,61.626],[9.406,61.519],[10.097,61.498],[10.108,61.258],[9.597,61.346],[10.278,61.054],[10.002,61.126],[9.43,61.017],[8.977,61.24],[9.154,61.025],[8.875,61.16],[8.516,61.151],[8.922,61.088],[9.412,60.635],[8.658,60.82],[8.816,60.7],[8.262,60.725],[8.502,60.64],[8.137,60.647],[8.029,60.509],[8.919,60.666],[9.548,60.352],[9.572,60.152],[9.294,60.283],[9.321,60.114],[9.032,60.298],[8.671,60.277],[9.029,60.07],[8.75,59.995],[8.944,59.761],[8.476,59.663],[8.457,59.518],[8.074,59.554],[8.082,59.712],[7.747,59.763],[7.893,59.615],[7.542,59.755],[7.986,59.322],[7.832,59.247],[8.441,58.879],[8,59.079],[8.351,58.802],[8.102,58.865],[8.075,58.635],[7.758,58.767],[7.694,58.584],[7.473,58.565],[7.354,58.742],[7.274,58.483],[7.297,58.215],[7.43,58.486],[7.695,58.219],[7.769,58.55],[8.181,58.413],[8.256,58.74],[8.546,58.595],[9.388,58.969],[9.447,59.17],[9.03,59.306],[9.217,59.498],[9.529,59.125],[9.843,58.956],[10.279,59.054],[10.502,59.294],[10.209,59.733],[10.477,59.511],[10.469,59.845],[10.731,59.904],[10.896,59.378],[11.121,59.665],[11.491,59.543],[11.529,59.355],[11.175,59.321],[11.37,59.223],[11.6,59.415],[11.389,59.997],[11.758,59.509],[11.903,59.871],[12.232,59.975],[12.319,59.479],[12.056,59.418],[12.374,59.322],[12.644,59.388],[12.48,59.661],[12.901,59.41],[13.986,59.488],[14.273,59.258],[14.631,59.204],[16.137,59.645],[16.445,60.157],[16.65,60.176],[16.48,60.185],[16.563,60.276],[15.918,60.178],[17.263,60.67],[17.035,61.634],[17.506,61.679],[17.288,61.844],[17.639,62.224],[17.374,62.321],[17.315,62.473],[17.393,62.541],[17.697,62.43],[18.031,62.592],[17.758,63.083],[18.103,62.767],[18.522,62.96],[18.17,63.005],[18.439,63.03],[18.506,63.194],[18.859,63.206],[18.71,63.275],[19.014,63.193],[19.414,63.558],[19.621,63.425],[19.908,63.643],[20.316,63.633],[20.317,63.753],[20.391,63.653],[20.5,63.813],[20.529,63.715],[20.681,63.78],[21.075,64.22],[21.606,64.439],[21.015,64.832],[21.592,65.162],[21.29,65.403],[21.749,65.207],[21.447,65.397],[22.02,65.423],[21.787,65.551],[22.2,65.554],[21.769,65.72],[22.23,65.626],[22.347,65.867],[22.7,65.762],[22.644,65.911],[23.087,65.697],[23,65.88],[23.373,65.751],[24.142,65.823],[23.904,66.093],[24.196,65.8],[24.547,65.805],[24.667,65.653],[25.032,65.661],[25.336,65.481],[25.197,65.151],[25.451,64.963],[25.174,64.979],[25.407,64.885],[24.554,64.814],[23.637,64.057],[23.388,64.061],[23.4,63.895],[23.078,63.892],[22.864,63.601],[22.631,63.7],[22.443,63.464],[22.315,63.527],[22.366,63.279],[22.023,63.137],[21.921,63.265],[21.556,63.255],[21.708,63.03],[21.462,63.036],[21.093,62.617],[21.472,62.221],[21.286,61.979],[21.721,61.548],[21.48,61.573],[21.632,61.221],[21.309,61.078],[21.462,60.891],[23.065,60.367],[22.881,60.15],[23.239,60.052],[23.129,59.966],[23.309,59.997],[22.938,59.803],[23.405,59.976],[24.355,60.084],[24.459,59.973],[24.557,60.16],[25.467,60.222],[25.683,60.373],[25.915,60.235],[25.857,60.404],[26.122,60.323],[25.946,60.489],[26.21,60.357],[26.243,60.449],[26.327,60.365],[26.459,60.483],[26.652,60.448],[26.555,60.364],[27.171,60.577],[27.49,60.453],[27.748,60.579],[27.799,60.483],[28.168,60.483],[28.7,60.717],[28.531,60.534],[28.721,60.372],[28.421,60.472],[28.624,60.283],[29.123,60.112],[29.897,60.127],[30.293,59.902],[30.973,59.744],[30.34,59.689],[30.162,59.544],[30.455,59.356],[30.193,59.26],[30.085,59.523],[29.701,59.413],[29.231,59.444],[29.077,59.324],[28.275,59.45],[28.523,59.335],[27.999,59.256],[27.872,59.098],[28.115,59.117],[28.364,58.735],[28.62,58.895],[28.814,58.852],[28.793,59.004],[29.357,58.819],[29.196,58.689],[29.589,58.737],[29.652,59.088],[29.978,58.838],[29.875,58.658],[30.675,58.982],[30.131,58.634],[30.411,58.525],[30.699,58.69],[30.787,58.375],[31.427,58.523],[31.802,58.804],[32.143,58.676],[31.809,58.624],[32.409,58.464],[32.559,58.561],[32.76,58.423],[33.577,58.667],[34.037,58.368],[34.055,58.475],[34.413,58.389],[34.623,58.498],[34.901,58.299],[34.961,57.807],[34.727,57.454],[35.006,57.029],[35.881,57.088],[36.459,56.813],[36.907,56.875],[37.117,56.783],[37.385,56.956],[37.248,57.175],[37.583,57.182],[38.226,57.546],[38.363,57.756],[38.223,58.039],[38.431,58.049],[38.47,58.187],[38.779,57.976],[38.445,57.41],[39.156,57.302],[39.283,57.15],[40.647,56.802],[41.06,56.884],[40.752,57.166],[41.031,57.246],[40.984,57.156],[41.467,57.125],[41.34,56.848],[42.04,56.818],[42.295,56.566],[43.312,56.608],[43.518,56.721],[43.337,57.281],[43.758,57.008],[44.617,56.895],[45.016,56.39],[45.512,56.433],[45.32,56.775],[45.651,56.922],[46.513,56.398],[46.845,56.383],[46.859,56.377],[47.434,56.466],[47.397,56.59],[47.982,56.557],[48.332,56.696],[48.848,56.692],[49.049,56.905],[49.693,56.996],[50.127,57.307],[49.792,57.423],[49.888,57.534],[51.111,57.267],[53.35,57.633],[53.945,57.551],[55.243,57.624],[55.381,57.807],[55.641,57.773],[56.028,58.208],[56.821,58.442],[56.89,58.324],[56.464,58.084],[56.56,57.947],[56.79,57.863],[57.282,57.991],[57.719,57.856],[58.082,56.938],[58.869,56.533],[58.724,56.347],[58.894,56.075],[58.607,55.916],[59.082,55.626],[58.47,55.64],[58.872,55.241],[58.188,54.945],[57.836,55.473],[57.82,56.028],[57.112,55.853],[56.835,55.422],[57.453,54.875],[57.328,54.293],[57.939,54.131],[57.174,53.918],[56.997,53.623],[57.608,53.336],[57.218,52.711],[57.475,52.512],[57.336,52.269],[57.659,51.901],[57.921,51.926],[58.221,53.598],[58.975,54.376],[60.035,54.768],[61.086,55.41],[61.99,56.382],[63.015,56.692],[65.036,56.959],[65.944,57.408],[68.799,57.304],[71.632,56.902],[74.122,57.053],[76.134,56.553],[77.674,56.712],[80.931,56.545],[82.161,56.806],[83.793,57.476],[84.837,57.589],[85.451,57.446],[86.842,56.672],[87.314,56.694],[88.167,56.956],[89.466,56.897],[89.752,56.849],[89.931,56.541],[90.281,56.424],[91.965,56.043],[92.164,56.341],[92.906,56.517],[93.47,57.019],[93.779,56.978],[93.888,56.456],[94.327,56.228],[94.744,56.308],[94.73,56.928],[94.875,56.947],[95.357,56.612],[95.659,56.966],[95.959,56.939],[96.123,56.619],[96.524,56.407],[96.193,56.127],[96.157,55.367],[95.941,55.247],[95.411,55.418],[94.485,55.414],[93.1,55.973],[92.301,55.762],[92.192,55.405],[91.834,55.201],[92.374,54.976],[92.906,54.45],[93.13,53.582],[92.911,53.354],[92.96,53.01],[93.378,53.032],[94.397,53.615],[94.948,53.724],[95.033,53.779],[95.232,54.317],[95.284,54.484],[95.708,54.43],[96.058,54.549],[97.015,54.715],[97.464,55.091],[97.981,55.042],[98.648,54.587],[98.959,53.943],[99.543,53.889],[100.637,53.524],[101.065,53.227],[101.275,53.076],[101.503,52.843],[102.316,52.502],[102.921,52.063],[103.494,52.031],[103.278,51.782],[103.194,51.548],[103.371,51.489],[104.71,51.489],[103.719,51.732],[104.703,51.892],[104.284,52.305],[104.813,51.901],[105.025,51.892],[105.948,52.556],[106.594,52.797],[106.916,53.034],[106.751,53.116],[107.506,53.451],[107.557,53.621],[108.121,53.915],[109.045,55.063],[109.15,55.58],[109.587,55.774],[109.847,55.655],[109.397,54.477],[109.56,54.188],[109.025,53.644],[109.016,53.841],[108.751,53.869],[108.433,53.509],[108.829,53.584],[108.929,53.402],[108.488,53.299],[107.791,52.785],[107.076,52.609],[106.667,52.367],[106.337,51.62],[105.161,51.135],[103.671,50.746],[103.776,50.584],[105.161,50.403],[105.52,51.069],[106.576,51.556],[107.868,52.431],[109.321,52.727],[110.64,52.646],[110.828,52.498],[110.074,52.122],[109.805,52.081],[109.106,52.243],[108.46,52.095],[107.652,51.826],[107.384,51.58],[108.187,51.554],[107.293,51.063],[107.531,50.995],[108.151,51.12],[108.258,50.987],[107.276,50.5],[108.045,50.223],[108.119,49.944],[107.887,49.758],[106.533,49.565],[106.303,49.172],[106.823,48.945],[106.856,48.61],[107.119,48.509],[107.07,48.259],[107.374,48.12],[108.116,48.108],[109.068,48.483],[109.403,48.235],[109.87,48.568],[110.15,49.115],[110.545,49.234],[110.936,49.174],[111.124,49.016],[110.957,48.709],[111.559,48.914],[111.957,49.404],[111.95,49.665],[112.567,50.023],[112.841,50.552],[113.34,50.693],[113.584,51.005],[114.342,51.274],[114.329,51.898],[114.566,52.122],[115.451,52.248],[116.42,53.181],[116.621,53.161],[116.773,52.887],[117.35,52.842],[117.352,52.758],[116.068,51.778],[115.954,51.478],[116.304,51.581],[116.796,51.337],[116.99,51.362],[117.353,51.578],[117.824,51.509],[118.27,51.755],[119.322,51.783],[119.659,52.032],[120.521,52.708],[120.08,52.712],[119.948,52.955],[120.435,53.492],[120.479,53.819],[121.669,54.514],[122.678,54.371],[123.7,54.525],[125.401,54.376],[125.915,54.194],[126.794,54.282],[127.684,53.869],[127.855,53.994],[128.007,53.95],[128.019,54.092],[129.005,53.55],[129.976,53.462],[131.838,53.042],[131.983,52.963],[131.912,52.779],[130.996,52.087],[131.596,51.778],[131.183,51.001],[131.849,50.41],[131.323,49.495],[131.379,49.17],[131.837,49.136],[132.404,49.256],[133.499,49.895],[133.808,49.742],[133.9,49.355],[134.301,49.384],[134.78,50.131],[134.029,50.232],[133.987,50.539],[134.829,50.645],[135.096,50.364],[135.545,50.507],[136.032,50.407],[135.341,50.007],[135.34,49.905],[135.642,49.819],[137.029,50.432],[137.576,50.3],[137.891,50.055],[137.484,49.541],[137.692,49.001],[137.062,48.533],[137.138,48.072],[136.662,47.7],[136.82,47.215],[136.246,46.813],[136.227,46.632],[136.453,46.441],[135.62,45.899],[135.573,45.53],[135.899,45.633],[136.653,46.417],[137.376,46.678],[138.55,47.882],[139.06,48.095],[139.616,48.066],[140.189,48.481],[140.245,48.829],[140.487,48.963],[140.247,49.062],[140.54,49.509],[140.435,49.896],[140.682,50.052],[140.548,50.085],[140.487,50.517],[140.734,51.093],[140.61,51.27],[140.853,51.378],[140.737,51.506],[140.852,51.653],[141.109,51.7],[141.603,52.268],[141.392,52.245],[141.108,52.424],[141.215,52.904],[140.67,53.158],[141.187,53.03],[141.397,53.117],[141.415,53.294],[140.341,53.808],[139.758,54.329],[139.205,54.163],[138.637,54.319],[138.775,53.988],[138.411,53.546],[138.231,53.494],[138.601,53.832],[138.581,54.019],[137.865,53.559],[137.304,53.524],[137.236,53.617],[137.518,53.679],[137.825,53.955],[137.328,54.094],[137.704,54.33],[137.19,54.202],[137.196,53.859],[136.795,53.763],[136.849,54.614],[136.627,54.708],[135.905,54.575],[135.2,54.844],[135.32,55.021],[136.201,55.339],[136.513,55.623],[137.347,55.953],[138.061,56.46],[138.246,56.438],[138.122,56.571],[138.604,56.961],[140.322,57.774],[140.706,58.304],[141.806,58.819]],[[131.901,55.239],[131.72,54.941],[132.441,54.814],[132.138,54.678],[131.465,54.672],[131,54.338],[130.804,53.943],[131.31,53.606],[130.371,53.667],[130.109,53.911],[130.231,54.211],[131.281,55.131],[131.258,55.559],[130.939,55.593],[130.263,55.379],[129.61,55.62],[128.714,55.507],[128.55,55.728],[129.032,55.822],[129.533,56.198],[129.713,56.142],[129.527,55.821],[129.769,55.723],[130.199,55.757],[130.452,55.913],[130.413,56.257],[130.979,56.409],[130.934,55.997],[131.256,56.018],[131.864,56.37],[132.114,56.323],[131.995,56.104],[132.132,55.956],[132.588,55.955],[133.279,56.501],[133.512,56.401],[133.156,56.064],[133.468,55.763],[135.088,55.858],[136.145,56.104],[136.241,55.865],[133.63,55.406],[133.253,55.532],[132.435,55.483],[132.057,55.422],[131.901,55.239]],[[126.74,65.086],[127.6,64.96],[127.3,64.509],[126.948,64.661],[126.74,65.086]],[[110.49,53.226],[109.763,52.996],[109.256,53.027],[110.002,53.686],[110.246,53.669],[110.667,53.885],[111.19,54.579],[111.639,54.555],[111.779,55.099],[111.628,55.463],[112.182,55.614],[112.069,55.362],[112.505,55.218],[112.273,54.95],[112.451,54.652],[112.313,54.452],[110.49,53.226]],[[110.049,54.345],[109.731,54.21],[109.651,54.6],[110.172,55.223],[110.071,55.768],[110.131,55.884],[110.449,55.913],[110.731,55.836],[110.799,55.658],[110.049,54.647],[110.049,54.345]],[[126.73,69.396],[127.241,69.373],[127.485,68.968],[126.709,68.891],[126.325,68.985],[126.73,69.396]],[[115.613,70.909],[116.276,70.86],[116.315,70.652],[115.346,70.678],[115.613,70.909]],[[121.275,70.379],[121.851,70.42],[122.019,70.316],[121.1,70.083],[120.85,70.231],[121.275,70.379]],[[120.252,70.327],[120.095,70.118],[119.785,70.169],[119.881,70.349],[120.252,70.327]],[[110.996,69.753],[111.512,69.861],[111.956,69.604],[111.972,69.334],[111.454,69.396],[110.996,69.753]],[[113.141,69.312],[113.266,69.636],[113.928,69.359],[113.685,69.199],[113.141,69.312]],[[109.386,69.19],[108.994,69.2],[109.44,69.494],[110.422,69.577],[110.911,69.361],[110.533,69.21],[109.386,69.19]],[[93.053,66.908],[93.594,66.853],[94.549,66.064],[94.535,65.595],[94.885,65.377],[94.486,65.191],[93.652,65.307],[93.847,65.707],[93.5,66.036],[93.524,66.426],[93.23,66.581],[92.146,66.606],[91.677,66.803],[93.053,66.908]],[[139.932,59.629],[140.103,59.779],[140.413,59.752],[140.66,59.385],[140.378,59.175],[140.303,58.817],[140.057,58.736],[139.832,58.814],[139.932,59.629]],[[115.067,58.888],[114.536,58.953],[114.693,59.322],[114.945,59.427],[115.228,59.162],[115.795,58.953],[115.067,58.888]],[[115.56,59.241],[115.447,59.368],[115.718,59.515],[116.331,59.473],[116.335,59.294],[115.56,59.241]],[[111.477,58.103],[111.767,58.286],[111.907,58.667],[112.184,58.642],[112.354,58.396],[112.094,58.11],[111.256,57.734],[110.822,57.676],[110.713,57.91],[110.922,58.064],[111.477,58.103]],[[139.335,58.553],[139.608,58.631],[139.858,58.561],[138.973,58.11],[138.523,58.125],[138.609,58.328],[139.335,58.553]],[[130.559,58.326],[130.745,58.117],[130.096,57.963],[128.922,57.388],[128.165,57.243],[128.246,57.135],[128.024,57],[127.266,56.897],[127.082,56.684],[126.555,56.639],[126.444,56.334],[125.795,56.383],[126.14,56.822],[126.593,56.902],[126.875,57.261],[127.497,57.322],[127.893,57.725],[128.997,57.934],[129.949,58.31],[130.559,58.326]],[[138.254,57.84],[138.462,57.755],[138.265,57.512],[137.629,57.446],[138.254,57.84]],[[132.422,57.79],[132.647,57.593],[132.419,57.333],[131.544,57.635],[131.654,57.755],[132.422,57.79]],[[137.473,57.229],[137.6,57.099],[137.351,56.932],[136.898,56.856],[136.604,56.933],[136.728,57.189],[137.057,57.053],[137.473,57.229]],[[124.547,56.863],[124.718,56.435],[124.332,56.117],[124.215,56.362],[121.947,57.053],[121.922,57.209],[122.156,57.325],[123.095,57.391],[124.055,56.903],[124.547,56.863]],[[120.248,56.822],[120.092,56.437],[120.752,56.238],[120.27,55.954],[119.83,55.882],[119.411,55.953],[119.439,56.385],[119.277,56.485],[118.989,56.009],[118.794,55.972],[117.923,56.208],[117.418,56.047],[116.908,56.068],[116.45,55.859],[116.215,55.946],[116.504,56.184],[118.058,56.522],[118.889,56.886],[120.248,56.822]],[[118.08,55.864],[118.115,55.625],[116.943,55.493],[116.95,55.637],[118.08,55.864]],[[115.019,55.725],[115.218,55.468],[114.918,55.381],[114.757,55.58],[115.019,55.725]],[[113.559,55.45],[112.952,55.33],[112.502,55.563],[115.032,56.093],[115.152,56.035],[114.225,55.511],[113.559,55.45]],[[113.777,55.933],[113.251,55.75],[112.595,55.694],[111.945,55.921],[112.048,56.059],[112.645,55.976],[112.914,56.244],[113.566,56.327],[113.521,56.493],[112.15,56.204],[111.924,56.341],[111.11,56.267],[110.572,56.488],[109.315,56.182],[109.064,56.204],[109.045,56.317],[109.382,56.484],[109.573,56.871],[110.404,57.021],[110.888,57.398],[111.102,57.344],[110.511,56.762],[111.378,57.178],[111.173,56.662],[111.838,56.899],[112.297,56.583],[112.52,56.6],[112.655,56.842],[112.261,57.069],[112.384,57.175],[114.042,57.007],[114.25,57.252],[113.891,57.454],[114.013,57.694],[115.068,57.399],[115.797,57.499],[115.949,57.413],[115.819,57.276],[114.655,57.02],[114.832,56.684],[113.777,55.933]],[[111.528,56.013],[111.505,55.77],[111.142,55.782],[111.204,56.025],[111.528,56.013]],[[116.755,57.501],[117.557,57.79],[117.855,57.78],[117.752,57.434],[118.268,57.637],[118.521,57.556],[117.723,56.806],[116.474,56.446],[116.654,56.704],[116.158,56.533],[115.821,56.879],[116.465,57.13],[117.401,57.121],[117.52,57.237],[117.372,57.358],[116.771,57.374],[116.755,57.501]],[[119.298,57.646],[119.019,57.947],[119.605,57.884],[119.718,57.466],[119.95,57.574],[119.878,57.935],[120.205,58.113],[120.276,58.428],[120.442,58.481],[120.989,58.334],[120.677,57.817],[120.918,57.639],[120.116,57.06],[119.498,57.062],[119.298,57.646]],[[125.904,58.149],[125.468,58.321],[125.7,58.55],[126.231,58.408],[126.23,58.236],[125.904,58.149]],[[126.156,57.807],[126.042,57.903],[126.289,58.092],[126.805,58.072],[126.632,57.84],[126.156,57.807]],[[125.109,57.76],[125.54,57.651],[125.545,57.491],[125.216,57.436],[124.651,57.535],[124.79,57.752],[125.109,57.76]],[[99.389,55.111],[99.848,54.987],[100.803,54.952],[100.819,54.864],[100.43,54.793],[100.665,54.5],[100.243,54.481],[99.679,54.835],[99.224,54.921],[99.119,55.039],[99.389,55.111]],[[101.847,54.5],[102.137,54.477],[102.311,54.278],[102.174,54.098],[101.784,54.039],[101.388,54.343],[101.847,54.5]],[[102.81,54.066],[103.187,54.386],[103.364,54.144],[104.411,53.732],[103.848,53.314],[104.999,53.325],[105.411,52.896],[104.127,52.373],[103.868,52.341],[103.091,52.618],[103.09,52.861],[102.656,53.087],[102.773,53.505],[102.062,53.698],[102.238,53.968],[102.81,54.066]],[[113.457,55.208],[113.955,55.234],[113.894,55.032],[113.48,55.051],[113.457,55.208]],[[117.849,55.063],[117.843,54.793],[118.075,54.69],[117.48,54.547],[117.514,54.861],[117.849,55.063]],[[114.82,54.562],[114.663,54.313],[114.093,54.243],[114.227,54.5],[114.82,54.562]],[[116.674,54.237],[116.993,54.316],[116.211,53.631],[116.272,53.943],[116.674,54.237]],[[117.027,53.632],[117.227,54.063],[117.985,53.844],[117.92,53.665],[117.578,53.534],[117.027,53.632]],[[115.321,53.593],[114.887,53.233],[114.386,53.206],[114.92,53.839],[115.709,54.005],[115.72,53.834],[115.321,53.593]],[[113.062,54.589],[113.024,54.785],[113.483,54.919],[113.442,54.714],[113.062,54.589]],[[112.926,54.902],[112.714,54.883],[112.986,55.161],[113.099,55.072],[112.926,54.902]],[[114.166,54.925],[114.686,55.025],[114.492,54.81],[114.151,54.799],[114.166,54.925]],[[115.11,52.903],[115.36,53.15],[115.544,53.115],[115.297,52.894],[115.11,52.903]],[[151.978,60.604],[152.857,60.59],[152.803,60.186],[152.598,60.137],[151.687,60.334],[150.906,60.282],[151.357,60.619],[151.978,60.604]],[[139.42,60.493],[139.148,60.506],[138.939,60.736],[139.581,60.674],[139.42,60.493]],[[138.759,60.425],[138.21,60.461],[138.539,60.829],[138.759,60.425]],[[149.239,60.652],[148.951,60.586],[148.53,60.96],[148.938,60.986],[149.239,60.652]],[[150.21,60.159],[149.61,60.078],[149.103,60.396],[149.626,60.668],[149.725,60.967],[150.098,61.02],[150.675,60.628],[150.21,60.159]],[[140.563,61.176],[140.559,60.918],[139.89,61.135],[139.707,60.889],[138.83,60.943],[139.572,61.283],[140.123,61.322],[140.563,61.176]],[[151.607,61.327],[151.717,61.266],[151.944,61.406],[152.206,61.329],[152.475,61.169],[152.401,61.025],[152.957,60.791],[152.811,60.696],[151.134,61.123],[151.331,61.398],[151.607,61.327]],[[147.447,61.346],[147.512,61.136],[148.07,61.229],[148.186,60.945],[147.389,60.626],[147.021,60.771],[146.06,60.593],[145.766,60.389],[145.522,60.434],[145.514,60.574],[146.491,61.001],[146.039,61.256],[146.09,61.388],[146.671,61.291],[147.483,61.51],[147.447,61.346]],[[150.993,61.447],[150.476,61.482],[151.151,61.871],[151.332,61.733],[150.993,61.447]],[[153.095,61.652],[152.807,61.617],[152.635,61.757],[153.122,62.031],[153.39,61.918],[153.095,61.652]],[[147.163,61.722],[146.756,61.66],[146.101,62.291],[146.376,62.29],[147.28,61.863],[147.163,61.722]],[[153.303,62.2],[152.628,62.185],[152.343,62.023],[152.041,62.141],[152.23,62.461],[152.717,62.533],[153.354,62.375],[153.303,62.2]],[[147.178,62.969],[148.174,62.89],[148.248,62.613],[146.982,62.861],[147.178,62.969]],[[140.632,62.765],[141.907,62.992],[142.726,62.814],[143.006,62.265],[143.35,62.282],[143.48,62.577],[144.023,62.367],[144.341,62.458],[145.118,62.356],[145.418,62.461],[145.069,62.952],[145.295,63.048],[146.143,62.56],[145.478,62.178],[145.846,61.522],[145.601,61.249],[144.773,61.256],[144.672,61.505],[144.287,61.263],[144.165,61.433],[144.405,61.837],[144.84,62.021],[144.12,62.146],[143.953,61.821],[143.535,61.94],[143.59,61.588],[143.314,61.472],[143.016,61.633],[143.003,61.94],[142.59,61.62],[142.43,61.88],[142.031,61.986],[141.844,61.891],[142.044,61.518],[141.756,61.418],[141.176,61.656],[141.279,62.071],[140.861,61.802],[140.652,61.83],[140.55,61.966],[140.904,62.173],[140.769,62.301],[139.673,61.464],[139.114,61.306],[138.254,61.256],[138.317,61.477],[139.458,61.881],[139.292,62.048],[138.385,62.168],[138.438,62.301],[139.206,62.409],[137.788,62.472],[137.471,62.516],[137.383,62.672],[141.073,63.261],[140.632,62.765]],[[149.832,62.813],[149.256,62.81],[148.986,63.295],[149.796,62.977],[149.832,62.813]],[[137.887,62.929],[137.1,63.169],[136.857,63.39],[137.837,63.301],[138.028,63.184],[137.887,62.929]],[[135.938,63.339],[135.499,63.417],[135.984,63.656],[136.153,63.538],[135.938,63.339]],[[156.95,63.146],[156.641,63.111],[156.345,63.243],[156.498,63.453],[156.235,63.721],[156.464,64.064],[157.258,63.634],[157.084,63.539],[157.249,63.342],[156.95,63.146]],[[138.42,63.796],[138.146,63.582],[137.741,63.758],[136.925,63.612],[136.564,63.641],[136.291,63.895],[136.394,64.039],[136.827,64.1],[138.224,63.965],[138.42,63.796]],[[143.422,64.367],[144.214,64.181],[144.08,63.994],[144.762,63.693],[144.622,63.476],[143.643,63.615],[143.276,63.784],[142.889,64.197],[143.422,64.367]],[[157.241,64.446],[156.422,64.129],[155.889,64.223],[155.898,64.579],[156.387,64.409],[156.906,64.622],[157.241,64.446]],[[135.791,64.556],[136.255,64.496],[135.905,64.146],[135.406,64.279],[135.161,64.794],[135.335,64.97],[136.246,65.012],[136.25,64.809],[135.791,64.556]],[[160.833,64.27],[159.306,63.832],[158.391,63.303],[157.652,63.347],[157.954,63.731],[157.633,64.254],[157.755,64.457],[158.148,64.502],[158.699,64.206],[159.072,64.568],[159.363,64.588],[159.482,64.259],[159.788,64.247],[159.479,65.259],[160.037,65.313],[160.344,65.21],[160.298,65.051],[160.746,64.841],[160.446,64.618],[161.015,64.538],[160.833,64.27]],[[136.541,65.3],[136.3,65.267],[136.44,65.489],[136.784,65.393],[136.541,65.3]],[[138.969,64.875],[139.5,65.091],[140.149,65.1],[139.884,64.7],[140.82,64.535],[140.798,64.417],[140.706,64.333],[139.928,64.386],[139.85,64.294],[140.97,63.973],[139.956,63.554],[140.497,63.512],[141.166,63.626],[140.445,63.321],[138.845,63.089],[138.628,63.208],[138.858,63.35],[138.594,63.512],[138.875,63.641],[138.878,63.874],[139.452,63.944],[139.388,64.07],[138.711,64.276],[138.124,64.19],[138.021,64.368],[137.352,64.193],[137.293,64.405],[136.752,64.216],[136.52,64.34],[137.331,65.605],[137.673,65.294],[137.281,65.061],[138.969,64.875]],[[158.019,65.748],[158.623,65.725],[158.731,65.535],[157.55,65.681],[157.645,65.787],[158.019,65.748]],[[135.496,65.638],[135.354,65.38],[134.819,65.407],[134.243,65.149],[134.048,65.182],[134.219,65.734],[134.892,65.584],[135.493,65.91],[135.69,65.816],[135.496,65.638]],[[137.629,65.757],[137.06,65.826],[137.333,65.915],[137.635,65.876],[137.629,65.757]],[[144.353,65.514],[144.859,65.506],[145.196,65.76],[146.554,65.413],[146.386,64.853],[147.226,64.675],[147.836,64.339],[147.938,63.985],[147.564,63.687],[147.878,63.352],[147.765,63.183],[147.254,63.149],[146.361,63.438],[146.442,63.612],[145.835,63.759],[146.357,63.83],[146.392,64.036],[144.703,64.125],[144.93,64.5],[143.965,64.478],[143.479,64.966],[143.943,65.345],[143.59,65.808],[143.915,65.973],[144.382,65.871],[144.353,65.514]],[[155.429,65.859],[154.752,65.824],[154.348,65.936],[155.23,66.077],[155.584,66],[155.429,65.859]],[[136.428,65.664],[136.157,65.722],[136.417,66.15],[136.841,66.273],[137.027,65.972],[136.428,65.664]],[[135.362,66.078],[134.146,65.957],[133.893,66.019],[134.094,66.179],[135.12,66.389],[135.422,66.263],[135.362,66.078]],[[156.803,66.464],[157.665,66.469],[157.439,66.238],[158.428,65.912],[157.258,65.921],[156.671,66.238],[155.852,66.18],[155.038,66.263],[155.242,66.448],[156.603,66.583],[156.803,66.464]],[[153.859,66.656],[154.617,66.732],[154.995,66.641],[154.26,66.203],[153.644,66.356],[152.989,66.26],[153.326,66.717],[153.633,66.797],[153.859,66.656]],[[144.15,67.315],[144.423,67.307],[144.659,67.491],[144.991,67.329],[145.49,67.398],[145.203,66.93],[145.793,66.826],[147.157,66.204],[148.879,66.015],[148.967,65.815],[149.726,65.725],[149.593,65.334],[150.282,64.966],[149.069,64.596],[148.639,64.742],[149.322,65.071],[149.176,65.269],[148.495,64.932],[147.995,64.871],[147.675,64.95],[147.22,65.697],[146.541,65.794],[146.091,66.07],[145.267,66.108],[144.086,66.47],[144.21,66.876],[143.548,67.26],[143.98,67.528],[144.15,67.315]],[[141.991,67.089],[141.401,67.097],[141.37,67.443],[142.192,67.774],[142.701,67.813],[142.956,67.74],[142.329,67.563],[141.991,67.089]],[[148.651,67.366],[147.549,67.819],[148.444,68.282],[149.362,67.957],[148.823,67.778],[148.908,67.503],[148.651,67.366]],[[137.279,68.783],[138.053,68.742],[137.829,68.492],[138.678,68.323],[138.577,67.994],[139.708,67.457],[140.602,67.241],[140.492,66.933],[140.82,66.682],[141.234,66.535],[141.989,66.569],[142.917,66.331],[142.693,66.18],[141.782,66.363],[141.479,66.276],[142.133,65.975],[141.624,65.603],[142.814,65.036],[142.476,64.939],[141.458,65.046],[140.536,64.943],[140.335,65.38],[139.43,65.301],[138.624,65.921],[137.775,65.945],[137.393,66.069],[136.927,66.398],[137.966,67.237],[135.649,68.037],[136.011,68.433],[136.805,68.15],[137.237,68.201],[137.161,68.446],[136.607,68.723],[136.775,68.815],[137.279,68.783]],[[148.652,68.604],[148.31,68.545],[148.12,68.748],[149.095,69.205],[149.598,69.05],[148.652,68.604]],[[132.936,68.468],[132.335,68.425],[132.167,68.693],[133.32,69.557],[133.57,70.088],[134.204,70.154],[133.728,68.95],[132.936,68.468]],[[135.281,54.29],[135.58,54.209],[135.113,53.989],[134.983,53.557],[135.451,53.163],[135.178,52.904],[135.349,52.652],[134.99,52.332],[135.068,52.087],[134.432,51.972],[134.277,52.205],[133.5,52.003],[133.428,52.115],[133.759,52.369],[133.349,52.486],[133.214,52.766],[133.376,52.839],[133.745,52.678],[133.944,52.889],[134.188,52.781],[134.471,52.875],[134.563,53.047],[134.391,53.253],[134.624,53.534],[134.443,53.799],[134.652,54.03],[134.522,54.235],[135.281,54.29]],[[133.212,51.068],[134.406,51.583],[135.05,51.553],[135.049,51.297],[133.212,51.068]],[[59.226,65.882],[59.012,65.995],[59.406,66.088],[59.522,65.962],[59.226,65.882]],[[56.298,66.378],[56.843,65.999],[57.116,65.035],[56.72,65.128],[56.44,65.997],[56.004,66.287],[55.315,66.089],[55.179,66.172],[55.63,66.357],[56.298,66.378]],[[58.02,66.083],[58.177,66.282],[58.701,66.425],[58.676,66.292],[58.02,66.083]],[[55.211,66.419],[54.32,66.173],[53.776,66.302],[54.932,66.547],[55.281,66.526],[55.211,66.419]],[[60.004,66.243],[59.913,66.387],[60.463,66.551],[60.004,66.243]],[[57.055,66.178],[56.792,66.27],[57.003,66.447],[58.495,66.589],[58.29,66.443],[57.055,66.178]],[[47.113,57.003],[47.865,57.112],[48.114,57.021],[47.669,56.835],[47.111,56.823],[47.016,56.664],[46.47,56.888],[46.671,57.149],[47.113,57.003]],[[46.786,57.811],[47.474,57.839],[47.593,57.741],[46.516,57.329],[46.081,57.272],[45.738,57.413],[46.452,57.693],[46.126,57.833],[46.786,57.811]],[[44.746,57.913],[44.531,58.042],[44.973,58.193],[44.982,57.991],[44.746,57.913]],[[53.685,58.215],[53.489,58.16],[53.086,58.345],[53.478,58.356],[53.685,58.215]],[[52.574,58.313],[52.345,58.258],[52.106,58.465],[52.422,58.454],[52.574,58.313]],[[51.583,58.465],[50.907,58.443],[50.777,58.607],[51.201,58.727],[51.583,58.465]],[[36.154,58.759],[35.937,58.674],[36.271,58.359],[36.229,58.062],[36.517,58.017],[35.886,57.941],[36.061,57.781],[36.703,57.73],[36.903,57.412],[35.411,57.762],[35.751,58.009],[35.497,58.095],[35.533,58.294],[35.776,58.378],[35.944,58.217],[36.097,58.31],[35.76,58.674],[36.059,58.824],[36.154,58.759]],[[11.912,62.359],[11.835,62.175],[11.68,62.267],[11.668,62.152],[11.46,62.164],[11.907,61.536],[11.699,61.606],[11.559,61.431],[11.03,62.299],[11.319,62.317],[11.297,62.452],[11.498,62.392],[11.449,62.498],[11.912,62.359]],[[34.46,62.882],[35.836,62.439],[35.651,62.048],[36.433,61.397],[36.458,61.178],[35.802,60.935],[35.869,60.852],[35.556,60.905],[35.379,61.052],[35.123,60.99],[34.877,61.093],[34.828,61.015],[34.838,61.229],[35.253,61.162],[35.027,61.131],[35.197,61.039],[35.319,61.08],[35.548,61],[35.694,61.129],[35.483,61.365],[34.322,61.815],[34.309,61.894],[34.561,61.772],[34.622,61.902],[33.937,62.521],[34.73,62.02],[34.446,62.47],[34.783,62.24],[34.779,62.314],[34.463,62.591],[34.843,62.274],[34.855,62.315],[35.058,62.042],[35.012,62.252],[35.358,62.116],[35.595,62.257],[35.334,62.571],[34.856,62.632],[35.025,62.422],[34.46,62.882]],[[32.795,60.861],[32.954,60.64],[32.786,60.455],[32.585,60.521],[32.569,60.19],[32.265,60.128],[31.731,60.255],[31.551,59.935],[31.165,59.911],[30.52,60.832],[29.796,61.214],[30.022,61.146],[29.894,61.303],[30.068,61.223],[30.261,61.306],[30.226,61.518],[30.633,61.536],[30.841,61.775],[32.511,61.125],[32.795,60.861]]],[[[-56.379,47.099],[-56.364,46.786],[-56.253,46.869],[-56.379,47.099]]],[[[-55.9,47.608],[-55.893,47.618],[-55.947,47.656],[-55.958,47.695],[-56.125,47.652],[-55.9,47.608]]],[[[-53.898,48.196],[-53.871,48.095],[-53.554,48.096],[-53.538,48.201],[-53.701,48.149],[-53.898,48.196]]],[[[-54.565,49.644],[-54.781,49.534],[-54.901,49.595],[-54.893,49.478],[-54.603,49.552],[-54.565,49.644]]],[[[-54.257,49.576],[-54.045,49.647],[-54.108,49.744],[-54.308,49.717],[-54.257,49.576]]],[[[-63.87,49.871],[-64.151,49.942],[-64.523,49.856],[-63.109,49.229],[-62.251,49.057],[-61.682,49.118],[-61.9,49.347],[-62.705,49.656],[-63.87,49.871]]],[[[-55.889,51.538],[-55.9,51.624],[-56.695,51.333],[-56.926,51.002],[-57.097,51.014],[-57.088,50.793],[-57.407,50.712],[-57.166,50.627],[-57.384,50.603],[-57.825,49.913],[-57.695,49.824],[-57.833,49.849],[-57.975,49.683],[-57.732,49.467],[-57.997,49.563],[-58.265,49.317],[-57.955,49.239],[-58.153,49.088],[-57.903,48.971],[-58.379,49.06],[-58.378,49.15],[-58.723,48.567],[-58.914,48.561],[-58.893,48.708],[-59.238,48.537],[-59.271,48.468],[-58.735,48.558],[-58.436,48.49],[-59.412,47.918],[-59.319,47.639],[-58.447,47.642],[-58.334,47.759],[-58.371,47.654],[-57.926,47.709],[-56.81,47.538],[-56.352,47.621],[-56.334,47.795],[-56.181,47.639],[-56.179,47.879],[-56.084,47.701],[-55.796,47.968],[-55.942,47.664],[-55.877,47.619],[-55.632,47.686],[-56.141,47.469],[-55.845,47.569],[-55.948,47.438],[-55.648,47.551],[-55.607,47.436],[-55.448,47.469],[-55.407,47.727],[-55.153,47.578],[-54.74,47.674],[-55.291,47.405],[-55.509,47.147],[-55.989,46.999],[-55.856,46.876],[-55.398,46.878],[-54.872,47.383],[-54.64,47.394],[-54.477,47.564],[-54.624,47.364],[-54.439,47.435],[-54.178,47.861],[-53.828,47.42],[-54.014,47.314],[-54.211,46.826],[-53.995,46.844],[-53.579,47.203],[-53.634,46.643],[-53.297,46.744],[-53.174,46.627],[-52.667,47.484],[-52.803,47.809],[-53.116,47.441],[-53.29,47.551],[-52.86,48.104],[-52.956,48.173],[-53.297,48.018],[-53.665,47.522],[-53.871,47.801],[-53.621,48.054],[-53.828,48.001],[-53.688,48.069],[-53.938,48.081],[-53.974,48.193],[-53.954,48.235],[-53.646,48.176],[-53.334,48.381],[-53.214,48.347],[-53.01,48.604],[-53.096,48.699],[-53.281,48.521],[-53.456,48.621],[-53.546,48.467],[-53.711,48.525],[-53.892,48.367],[-53.836,48.473],[-54.086,48.41],[-53.629,48.689],[-53.994,48.727],[-53.86,48.838],[-54.227,48.766],[-53.612,49.038],[-53.477,49.255],[-54.064,49.47],[-54.38,49.436],[-54.492,49.302],[-54.482,49.562],[-54.841,49.28],[-54.862,49.413],[-54.927,49.282],[-55.099,49.362],[-55.337,49.079],[-55.167,49.538],[-55.337,49.536],[-55.305,49.349],[-55.409,49.505],[-55.589,49.366],[-55.549,49.492],[-55.664,49.395],[-55.85,49.533],[-56.142,49.43],[-55.855,49.692],[-56.19,49.62],[-55.478,49.967],[-56.15,49.978],[-56.165,50.16],[-56.85,49.58],[-56.728,50.145],[-56.114,50.68],[-56.19,50.889],[-56.077,50.743],[-55.732,51.085],[-55.775,51.203],[-56.007,51.174],[-56.082,51.354],[-55.592,51.296],[-55.426,51.567],[-55.739,51.582],[-55.688,51.478],[-55.889,51.538]]],[[[-55.867,53.483],[-55.957,53.425],[-55.753,53.401],[-55.867,53.483]]],[[[-56.918,53.745],[-56.8,53.792],[-56.989,53.809],[-56.918,53.745]]],[[[-60.951,56.011],[-61.104,56.181],[-61.234,56.054],[-60.951,56.011]]],[[[-61.583,56.391],[-61.795,56.401],[-61.418,56.317],[-61.583,56.391]]],[[[-61.381,56.758],[-61.468,56.949],[-61.716,56.665],[-61.391,56.608],[-61.381,56.758]]],[[[-61.848,57.463],[-61.782,57.547],[-61.99,57.58],[-61.967,57.452],[-61.606,57.405],[-61.653,57.525],[-61.848,57.463]]],[[[-61.651,57.767],[-61.786,57.843],[-61.906,57.752],[-61.651,57.767]]],[[[-70.019,58.799],[-69.797,58.863],[-69.849,59.059],[-69.659,58.791],[-69.539,58.852],[-69.77,59.244],[-70.066,59.337],[-70.345,59.254],[-70.019,58.799]]],[[[-15.991,66.52],[-16.564,66.494],[-16.428,66.141],[-16.934,66.108],[-17.144,66.213],[-17.55,65.91],[-17.913,66.144],[-18.299,66.173],[-18.069,65.642],[-18.791,66.191],[-19.453,66.055],[-19.452,65.724],[-20.095,66.123],[-20.421,66.084],[-20.288,65.661],[-20.474,65.486],[-20.664,65.689],[-20.927,65.587],[-21.084,65.158],[-21.205,65.434],[-21.478,65.439],[-21.309,65.595],[-21.482,65.557],[-21.778,65.764],[-21.338,65.732],[-21.289,65.924],[-21.603,65.952],[-21.342,66.014],[-21.55,66.091],[-21.669,66.019],[-22.434,66.463],[-23.131,66.429],[-23.073,66.308],[-22.61,66.366],[-22.708,66.292],[-22.367,66.273],[-22.989,66.225],[-22.379,66.086],[-22.436,65.837],[-22.524,65.973],[-22.653,65.826],[-22.68,66.054],[-22.824,65.908],[-23.474,66.198],[-23.422,66.101],[-23.666,66.11],[-23.371,65.985],[-23.816,66.008],[-23.213,65.836],[-23.873,65.865],[-23.192,65.774],[-23.537,65.718],[-23.289,65.67],[-23.57,65.605],[-24.101,65.806],[-23.806,65.529],[-24.318,65.636],[-24.542,65.496],[-23.879,65.401],[-22.951,65.606],[-22.726,65.497],[-22.763,65.624],[-22.653,65.523],[-22.556,65.628],[-22.495,65.503],[-22.109,65.593],[-22.384,65.491],[-22.23,65.423],[-22.108,65.524],[-21.699,65.448],[-22.561,65.169],[-22.071,65.103],[-21.742,65.2],[-21.82,65.027],[-22.584,64.973],[-22.724,65.074],[-23.11,64.916],[-23.19,65.014],[-23.254,64.921],[-24.06,64.889],[-23.84,64.724],[-22.409,64.817],[-22.171,64.452],[-21.508,64.644],[-22.102,64.313],[-21.363,64.383],[-21.759,64.339],[-21.926,64.227],[-21.699,64.177],[-22.037,64.156],[-22.046,64.045],[-22.541,63.974],[-22.703,64.079],[-22.689,63.804],[-21.619,63.822],[-21.054,63.943],[-21.175,63.874],[-20.82,63.777],[-20.701,63.867],[-20.57,63.704],[-20.414,63.836],[-20.311,63.728],[-20.554,63.706],[-20.197,63.541],[-18.71,63.389],[-18.207,63.459],[-18.315,63.544],[-18.213,63.467],[-17.933,63.527],[-17.717,63.772],[-16.999,63.79],[-16.967,63.916],[-16.967,63.783],[-16.926,63.862],[-16.788,63.798],[-15.297,64.33],[-14.883,64.277],[-14.539,64.404],[-14.488,64.659],[-14.276,64.647],[-14.511,64.796],[-14.08,64.707],[-13.765,64.86],[-14.051,64.932],[-13.701,64.917],[-14.231,65.03],[-13.679,64.981],[-13.499,65.068],[-13.622,65.191],[-14.035,65.191],[-13.57,65.258],[-14.005,65.269],[-13.608,65.501],[-14.246,65.657],[-14.564,65.493],[-14.34,65.785],[-14.89,65.754],[-14.619,65.993],[-15.176,66.114],[-14.558,66.381],[-14.93,66.381],[-15.382,66.141],[-15.991,66.52]],[[-16.677,64.578],[-16.199,64.686],[-15.318,64.499],[-15.71,64.215],[-16.565,63.93],[-16.919,64.099],[-17.362,63.949],[-17.317,64.169],[-17.998,64.105],[-18.077,64.287],[-17.598,64.635],[-16.951,64.757],[-16.636,64.697],[-16.677,64.578]],[[-18.746,64.602],[-19.129,64.727],[-18.85,64.905],[-18.492,64.797],[-18.746,64.602]],[[-18.963,63.537],[-19.502,63.62],[-19.07,63.799],[-18.839,63.687],[-18.963,63.537]],[[-20.368,64.433],[-20.664,64.56],[-19.812,64.809],[-19.812,64.593],[-20.368,64.433]]],[[[-157.506,60.217],[-157.112,60.228],[-156.744,60.404],[-156.168,60.218],[-155.846,60.422],[-155.501,60.283],[-155.811,59.962],[-155.605,59.725],[-154.279,59.787],[-154.58,60.019],[-154.137,60.296],[-154.832,60.302],[-155.179,60.485],[-154.82,60.757],[-153.825,60.901],[-153.839,61.17],[-154.123,61.086],[-154.442,61.22],[-154.354,61.455],[-154.611,61.791],[-155.194,61.632],[-155.319,62.048],[-153.599,62.488],[-152.697,62.968],[-151.333,63.331],[-151.36,63.453],[-150.318,64.03],[-150.276,63.767],[-149.971,63.96],[-149.361,64.06],[-149.132,63.924],[-148.977,64.203],[-147.796,64.222],[-146.673,64.073],[-146.091,63.836],[-146.088,63.661],[-145.919,63.832],[-145.577,63.856],[-144.145,63.666],[-144.004,63.469],[-142.579,63.189],[-142.113,62.741],[-141.626,62.537],[-141.35,62.671],[-141.691,62.981],[-143.028,63.476],[-143.77,63.484],[-143.927,63.727],[-144.86,63.939],[-144.681,64.056],[-145.252,64.17],[-145.677,64.417],[-146.329,64.379],[-146.4,64.55],[-146.98,64.54],[-147.001,64.7],[-146.472,65.021],[-146.988,65.006],[-147.215,65.137],[-147.589,65.051],[-147.757,65.203],[-148.182,65.213],[-148.018,65.52],[-148.541,65.68],[-148.027,65.74],[-148.284,65.82],[-147.89,66.031],[-146.449,65.867],[-145.754,65.916],[-145.803,65.77],[-145.492,65.669],[-142.162,65.075],[-142.468,65.375],[-143.284,65.52],[-143.076,65.743],[-141.956,65.784],[-141.351,66.072],[-141.726,66.964],[-141.515,67.094],[-139.677,67.29],[-139.662,67.091],[-139.064,67.293],[-138.933,67.135],[-138.581,67.493],[-137.793,67.423],[-137.655,66.976],[-137.34,67.084],[-137.118,66.922],[-136.865,67.107],[-136.787,67.488],[-137.01,67.418],[-137.279,67.587],[-137.66,67.533],[-137.472,68.045],[-138.363,67.954],[-137.921,68.294],[-138.781,68.475],[-139.153,68.481],[-138.889,68.413],[-139.297,68.35],[-139.718,68.483],[-139.368,68.673],[-140.128,68.808],[-140.793,68.588],[-141.07,68.73],[-141.514,68.244],[-141.947,68.256],[-142.854,67.709],[-143.656,67.505],[-143.886,67.61],[-143.625,67.829],[-144.692,67.497],[-146.071,67.43],[-147.062,67.112],[-147.316,67.226],[-148.285,67.246],[-147.619,67.079],[-148.593,66.992],[-149.472,66.687],[-149.598,66.607],[-149.239,66.529],[-149.596,66.397],[-150.261,66.39],[-150.176,66.249],[-151.037,66.023],[-152.388,65.931],[-150.602,66.281],[-150.872,66.473],[-150.509,66.635],[-150.575,66.992],[-150.042,67.079],[-150.237,67.176],[-155.163,67.024],[-159.706,67.455],[-159.913,67.7],[-160.002,67.155],[-160.35,67.236],[-160.35,67.445],[-160.713,67.369],[-160.974,67.485],[-161.619,67.468],[-162.609,67.164],[-162.258,66.991],[-161.615,67.001],[-161.197,66.981],[-161.093,66.767],[-160.815,66.738],[-160.182,66.863],[-159.781,66.786],[-158.749,66.857],[-157.908,67.079],[-156.948,66.893],[-158.146,66.731],[-157.388,66.703],[-157.823,66.571],[-157.197,66.526],[-158.812,66.282],[-159.476,66.288],[-159.131,66.044],[-159.353,65.607],[-160.112,65.816],[-160.086,65.634],[-161.147,65.608],[-161.251,65.157],[-162.168,65.13],[-162.305,64.838],[-162.599,64.761],[-163.351,65.019],[-163.854,64.918],[-163.688,64.709],[-162.856,64.677],[-162.854,64.498],[-162.79,64.325],[-162.169,64.68],[-161.332,64.826],[-161.483,64.947],[-160.813,65.174],[-160.486,64.95],[-161.014,64.256],[-160.762,63.793],[-160.96,63.625],[-160.733,63.506],[-161.23,63.156],[-162.418,63.222],[-162.709,63.066],[-163.148,62.769],[-163.05,62.375],[-163.396,62.026],[-163.069,61.905],[-162.844,61.956],[-162.021,61.423],[-160.324,61.848],[-160.523,61.553],[-161.002,61.449],[-161.057,61.145],[-159.987,61.49],[-159.574,61.482],[-159.525,61.352],[-159.253,61.326],[-159.193,61.48],[-158.251,61.534],[-157.592,61.396],[-158.196,60.944],[-158.745,60.942],[-158.917,60.716],[-158.522,60.693],[-158.317,60.797],[-158.38,60.644],[-158.084,60.617],[-157.914,60.221],[-157.506,60.217]],[[-161.793,62.074],[-162.045,61.826],[-162.335,62.017],[-162.787,61.995],[-162.504,62.27],[-161.649,62.486],[-161.793,62.074]],[[-141.115,67.472],[-142.171,67.715],[-141.773,68.07],[-141.12,68.19],[-141.115,67.472]],[[-150.816,65.894],[-150.106,65.838],[-150.142,65.509],[-148.945,65.615],[-149.449,65.45],[-149.464,65.267],[-151.074,65.157],[-151.209,65.319],[-152.068,65.391],[-151.334,65.644],[-152.119,65.705],[-152.42,65.886],[-150.816,65.894]],[[-152.902,65.434],[-152.796,65.303],[-153.338,65.36],[-153.578,65.168],[-155.133,64.935],[-154.372,65.444],[-153.781,65.491],[-153.89,65.3],[-152.767,65.591],[-152.541,65.495],[-152.902,65.434]],[[-159.312,64.985],[-159.13,64.83],[-158.708,64.887],[-159.039,64.712],[-158.897,64.447],[-160.09,64.177],[-159.845,64.425],[-160.194,64.543],[-159.257,65.303],[-159.068,65.159],[-159.312,64.985]],[[-151.739,64.204],[-152.763,64.006],[-153.4,64.067],[-153.436,63.785],[-154.207,63.437],[-154.892,63.411],[-155.097,63.515],[-154.551,63.626],[-154.493,63.789],[-154.042,63.774],[-153.821,64.208],[-151.876,64.318],[-152.408,64.57],[-152.151,64.693],[-151.944,64.706],[-152.013,64.589],[-151.52,64.377],[-151.739,64.204]],[[-156.113,63.15],[-156.342,63.192],[-156.086,63.549],[-155.653,63.576],[-155.515,63.347],[-156.113,63.15]],[[-159.881,63.56],[-159.689,63.45],[-160.052,63.289],[-160.135,63.53],[-160.596,63.531],[-160.063,63.916],[-159.881,63.56]],[[-155.703,66.094],[-156.204,66.097],[-156.598,66.478],[-155.703,66.094]],[[-157.086,66.384],[-156.819,66.318],[-156.83,66.118],[-157.859,66.353],[-157.167,66.462],[-157.086,66.384]],[[-152.876,67.032],[-152.506,66.988],[-153.015,66.827],[-154.31,66.918],[-154.06,67.046],[-152.876,67.032]],[[-157.512,67.089],[-155.204,66.98],[-155.569,66.878],[-157.512,67.089]],[[-157.259,62.56],[-157.397,62.679],[-157.173,62.958],[-156.762,62.971],[-156.709,62.795],[-157.259,62.56]]],[[[150.162,45.871],[150.483,46.21],[150.24,46.212],[150.226,46.099],[149.552,45.755],[149.47,45.57],[150.162,45.871]]],[[[151.949,46.817],[152.284,47.173],[151.742,46.84],[151.949,46.817]]],[[[153.034,47.692],[152.984,47.786],[152.913,47.677],[153.034,47.692]]],[[[154.152,48.794],[154.195,48.895],[154.001,48.714],[154.152,48.794]]],[[[154.779,49.287],[154.835,49.621],[154.563,49.364],[154.59,49.268],[154.779,49.287]]],[[[156.023,50.38],[156.186,50.538],[156.008,50.751],[155.701,50.386],[155.283,50.252],[155.288,50.049],[155.506,49.998],[156.023,50.38]]],[[[156.341,50.594],[156.408,50.848],[156.168,50.716],[156.341,50.594]]],[[[155.596,50.803],[155.656,50.873],[155.418,50.886],[155.596,50.803]]],[[[158.471,52.735],[158.105,52.616],[158.339,52.284],[157.71,52.374],[158.081,51.793],[158.522,52.28],[158.35,52.605],[158.471,52.735]]],[[[167.669,54.758],[167.416,54.857],[168.019,54.554],[167.669,54.758]]],[[[166.603,54.692],[166.229,55.279],[165.713,55.29],[166.603,54.692]]],[[[164.554,59.131],[164.429,59.241],[163.626,59.014],[163.846,58.993],[163.386,58.463],[164.603,58.884],[164.554,59.131]]],[[[161.437,56.008],[161.872,56.278],[162.438,56.245],[162.374,56.442],[163.001,56.564],[162.553,56.225],[162.99,56.02],[163.313,56.214],[163.214,56.751],[162.762,56.798],[162.702,56.615],[162.196,56.649],[161.745,56.456],[161.322,56.607],[161.757,56.821],[161.751,57.38],[162.675,57.367],[163.18,57.633],[163.197,57.79],[162.496,57.946],[162.342,57.665],[161.887,58.01],[162.12,58.427],[163.011,59.032],[162.785,59.157],[163.19,59.083],[163.135,59.544],[162.174,58.768],[161.475,58.609],[161.093,58.087],[161.293,57.759],[160.468,57.198],[160.292,57.009],[159.69,56.222],[159.06,55.973],[158.863,55.303],[158.283,54.657],[158.01,53.817],[157.805,53.725],[157.419,53.993],[157.466,54.309],[157.164,54.516],[157.499,55.019],[157.195,55.218],[157.19,55.727],[157.634,56.112],[157.662,56.525],[157.992,56.839],[157.9,57.195],[158.147,57.305],[158.311,57.075],[158.616,57.083],[158.85,57.418],[159.516,57.654],[159.531,57.946],[160.244,58.145],[160.017,58.395],[160.209,58.609],[159.943,58.868],[160.295,59.376],[159.704,59.03],[159.56,58.762],[158.288,57.981],[157.643,58.006],[157.258,57.742],[156.903,57.878],[156.744,57.804],[156.967,57.406],[155.993,56.707],[156.025,56.843],[155.766,56.517],[155.469,55.358],[155.603,54.402],[156.214,52.618],[156.459,52.534],[156.295,52.511],[156.453,51.629],[157.141,51.817],[156.978,52.092],[157.422,52.276],[157.057,52.567],[157.88,53.45],[158.151,53.391],[158.216,52.984],[158.493,52.786],[158.502,53.063],[158.657,52.913],[159.486,53.26],[159.786,53.28],[159.993,53.145],[159.745,53.533],[159.908,53.528],[159.753,53.662],[160.034,54.179],[161.047,54.613],[161.305,54.492],[161.725,54.512],[162.101,54.832],[161.359,54.897],[160.341,54.76],[159.728,54.312],[159.188,54.407],[159.387,53.898],[158.849,53.97],[158.726,53.827],[158.509,53.882],[158.622,54.469],[160.106,54.832],[160.684,55.158],[161.023,55.753],[161.437,56.008]],[[160.822,55.902],[160.496,56.244],[160.737,56.466],[160.994,56.423],[161.137,56.033],[160.822,55.902]]],[[[164.626,60.371],[163.896,60.258],[163.799,60.055],[164.081,59.915],[164.174,60.097],[164.383,60.106],[164.842,59.825],[164.626,60.371]]],[[[-87.902,48.856],[-88.079,48.818],[-88.053,48.69],[-87.759,48.779],[-87.902,48.856]]],[[[137.025,55.137],[136.669,54.924],[137.039,54.951],[137.156,55.129],[137.025,55.137]]],[[[137.909,54.989],[137.922,55.142],[137.578,55.201],[137.255,54.791],[137.506,54.858],[137.736,54.641],[138.221,55.034],[137.909,54.989]]],[[[142.667,46.752],[142.796,46.593],[143.379,46.578],[143.43,46.035],[143.63,46.382],[143.528,46.841],[143.125,46.914],[143.057,47.267],[142.57,47.771],[142.993,49.087],[143.494,49.353],[143.307,49.399],[144.119,49.285],[144.789,48.683],[143.858,50.246],[143.414,51.624],[143.271,51.537],[143.36,51.752],[143.128,52.181],[143.41,52.708],[143.038,53.255],[143.163,53.361],[143.301,53.165],[143.242,53.34],[142.945,53.568],[143.045,54.097],[142.746,54.467],[142.614,54.255],[142.31,54.33],[142.684,53.945],[142.613,53.726],[142.748,53.851],[142.781,53.733],[142.687,53.64],[142.465,53.679],[142.668,53.546],[142.473,53.412],[142.164,53.545],[141.789,53.44],[141.894,52.557],[141.663,52.379],[141.672,51.873],[142.305,51.094],[142.076,50.562],[142.21,50.239],[142.103,49.225],[141.877,48.789],[142.206,48.298],[142.096,47.796],[142.595,47.13],[142.667,46.752]]],[[[49.664,56.692],[49.443,56.581],[49.927,56.54],[49.664,56.692]]],[[[52.585,57.211],[52.323,57.179],[52.048,56.859],[52.573,57.006],[52.585,57.211]]],[[[30.649,57.811],[30.175,57.704],[29.989,57.442],[29.961,57.291],[30.415,57.344],[30.252,57.142],[30.652,57.211],[30.688,57.134],[30.996,57.352],[31.237,57.341],[31.396,57.699],[31.38,57.432],[31.635,57.416],[31.278,57.284],[31.969,57.346],[32.052,57.668],[31.838,57.804],[31.111,57.897],[30.649,57.811]]],[[[29.649,58.645],[29.07,58.624],[28.804,58.405],[28.364,58.387],[28.6,58.179],[28.379,57.935],[28.518,57.81],[29.006,57.973],[28.795,58.049],[29.135,58.143],[28.977,58.339],[29.612,58.483],[29.649,58.645]]],[[[35.319,61.895],[35.292,62.093],[35.162,61.846],[35.319,61.895]]],[[[17.506,62.408],[17.37,62.471],[17.41,62.346],[17.506,62.408]]],[[[21.249,63.267],[21.293,63.143],[21.443,63.239],[21.249,63.267]]],[[[22.913,63.879],[22.698,63.781],[22.936,63.757],[22.913,63.879]]],[[[11.243,64.612],[11.022,64.621],[11.39,64.471],[11.243,64.612]]],[[[35.843,65.068],[35.497,65.05],[35.79,64.887],[35.843,65.068]]],[[[24.843,65.105],[24.596,64.974],[25.028,65.043],[24.843,65.105]]],[[[22.389,65.626],[22.21,65.571],[22.415,65.544],[22.389,65.626]]],[[[13,65.916],[13.315,65.27],[13.477,65.473],[13.616,65.327],[13.894,65.542],[14.022,65.384],[14.114,65.473],[14.41,65.421],[14.004,65.597],[13.517,65.554],[13.277,65.803],[13.53,65.796],[13.675,66.114],[13.89,65.821],[13.89,66.21],[14.944,66.5],[14,66.418],[14,66.305],[13.543,66.107],[13.555,66.23],[12.761,66.104],[13.016,66.07],[13,65.916]]],[[[33.212,66.604],[32.914,66.593],[33.338,66.525],[33.212,66.604]]],[[[53.177,67.469],[52.735,67.442],[52.689,67.336],[53.03,67.168],[53.568,67.179],[53.879,67.513],[53.177,67.469]]],[[[-79.331,52.033],[-79.644,52.012],[-79.629,51.917],[-79.247,51.95],[-79.331,52.033]]],[[[-81.141,53.185],[-81.821,53.169],[-82.054,53.008],[-80.712,52.667],[-80.763,52.93],[-81.141,53.185]]],[[[-79.952,53.254],[-80.014,53.391],[-80.095,53.25],[-79.952,53.254]]],[[[112.237,48.879],[113.04,49.639],[112.39,49.509],[112.056,48.997],[112.237,48.879]]]]},"properties":{"id":"taiga"}}]}
