{"type":"FeatureCollection","features":[{"type":"Feature","properties":{"id":"ARE"},"geometry":{"type":"MultiPolygon","coordinates":[[[[55.187,22.704],[55.226,23.121],[55.538,23.77],[55.457,23.963],[55.998,24.081],[55.933,24.221],[55.756,24.23],[55.799,24.886],[55.978,24.972],[56.029,24.861],[55.965,24.854],[56.099,24.731],[56.383,24.978],[56.348,25.593],[56.145,25.671],[56.163,26.074],[56.077,26.061],[55.949,25.769],[55.96,25.824],[55.626,25.536],[55.551,25.579],[55.304,25.283],[55.329,25.201],[55.282,25.261],[55.082,25.017],[54.653,24.758],[54.582,24.508],[54.486,24.57],[54.417,24.535],[54.574,24.447],[54.486,24.447],[54.427,24.292],[54.123,24.145],[53.59,24.047],[53.165,24.17],[53.147,24.121],[52.681,24.141],[52.6,24.21],[52.341,24.008],[51.929,23.965],[51.799,24.018],[51.759,24.291],[51.649,24.219],[51.594,24.385],[51.569,24.256],[51.594,24.078],[52.558,22.939],[55.105,22.621],[55.187,22.704]],[[56.261,25.331],[56.344,25.267],[56.236,25.211],[56.261,25.331]]],[[[53.657,24.158],[53.965,24.173],[53.848,24.275],[53.657,24.158]]],[[[52.574,24.344],[52.592,24.253],[52.651,24.325],[52.574,24.344]]],[[[53.323,24.263],[53.44,24.341],[53.417,24.413],[53.367,24.319],[53.185,24.287],[53.323,24.263]]],[[[54.383,24.44],[54.471,24.425],[54.396,24.523],[54.335,24.469],[54.383,24.44]]]]}},{"type":"Feature","properties":{"id":"AUT"},"geometry":{"type":"Polygon","coordinates":[[[13.701,46.52],[14.54,46.379],[14.85,46.601],[15.062,46.65],[15.463,46.615],[15.636,46.718],[15.851,46.724],[16.017,46.671],[15.982,46.828],[16.275,47.004],[16.486,46.999],[16.434,47.397],[16.641,47.453],[16.689,47.538],[16.63,47.622],[16.408,47.661],[16.568,47.754],[16.797,47.675],[17.075,47.708],[17.004,47.863],[17.148,48.005],[16.844,48.366],[16.954,48.557],[16.897,48.697],[16.624,48.783],[16.085,48.743],[15.819,48.872],[15.275,48.987],[15.142,48.937],[15.004,49.01],[14.94,48.763],[14.8,48.777],[14.676,48.576],[14.458,48.643],[14.325,48.559],[14.075,48.592],[13.816,48.766],[13.717,48.522],[13.455,48.573],[13.406,48.377],[12.739,48.113],[12.991,47.847],[12.892,47.724],[13.072,47.659],[13.002,47.466],[12.779,47.555],[12.762,47.667],[12.497,47.629],[12.424,47.692],[12.239,47.679],[12.242,47.732],[12.174,47.605],[11.62,47.59],[11.237,47.394],[10.979,47.391],[10.859,47.531],[10.429,47.577],[10.428,47.396],[10.16,47.271],[10.209,47.372],[10.083,47.359],[9.946,47.541],[9.782,47.588],[9.547,47.535],[9.65,47.41],[9.521,47.263],[9.581,47.057],[9.858,47.015],[9.875,46.927],[10.111,46.847],[10.379,46.996],[10.454,46.864],[10.997,46.769],[11.174,46.964],[11.735,46.971],[12.181,47.085],[12.127,46.909],[12.267,46.868],[12.405,46.69],[13.701,46.52]]]}},{"type":"Feature","properties":{"id":"BEL"},"geometry":{"type":"Polygon","coordinates":[[[2.522,51.088],[2.587,50.845],[2.787,50.723],[3.129,50.779],[3.271,50.527],[3.608,50.477],[3.697,50.298],[4.003,50.344],[4.198,50.258],[4.132,49.975],[4.435,49.932],[4.646,49.984],[4.816,50.161],[4.858,49.787],[5.259,49.691],[5.456,49.499],[5.791,49.538],[5.885,49.644],[5.719,49.891],[5.962,50.166],[6.117,50.12],[6.372,50.329],[6.337,50.481],[6.171,50.518],[6.249,50.614],[5.995,50.75],[5.707,50.754],[5.624,50.83],[5.829,51.156],[5.493,51.287],[5.215,51.259],[5.028,51.477],[4.91,51.392],[4.762,51.413],[4.779,51.495],[4.63,51.418],[4.483,51.474],[4.377,51.443],[4.411,51.357],[4.261,51.369],[4.297,51.268],[4.221,51.368],[4.119,51.272],[3.809,51.205],[3.61,51.29],[3.392,51.247],[3.349,51.375],[2.522,51.088]]]}},{"type":"Feature","properties":{"id":"BGD"},"geometry":{"type":"MultiPolygon","coordinates":[[[[92.576,21.978],[92.496,22.696],[92.36,22.927],[92.259,23.706],[92.194,23.648],[92.151,23.732],[92.019,23.64],[91.923,23.723],[91.941,23.495],[91.744,23.272],[91.796,23.09],[91.586,22.944],[91.394,23.263],[91.371,23.063],[91.314,23.101],[91.132,23.721],[91.363,24.1],[91.582,24.096],[91.629,24.215],[91.704,24.143],[91.733,24.234],[91.877,24.158],[91.9,24.338],[92.108,24.406],[92.223,24.891],[92.381,24.837],[92.484,24.928],[92.034,25.182],[91.639,25.124],[91.236,25.202],[90.365,25.15],[89.819,25.285],[89.829,25.979],[89.653,26.223],[89.563,26.143],[89.611,26.072],[89.542,25.96],[89.335,25.999],[89.119,26.147],[89.044,26.381],[88.941,26.439],[88.891,26.386],[89.019,26.234],[88.663,26.264],[88.712,26.328],[88.656,26.415],[88.385,26.624],[88.315,26.465],[88.461,26.454],[88.498,26.353],[88.164,26.14],[88.088,25.831],[88.26,25.789],[88.53,25.5],[88.772,25.502],[88.842,25.333],[88.985,25.285],[88.924,25.168],[88.441,25.19],[88.323,24.875],[88.202,24.945],[88.115,24.916],[88.022,24.646],[88.11,24.501],[88.475,24.315],[88.738,24.287],[88.678,24.154],[88.714,23.925],[88.578,23.855],[88.542,23.639],[88.77,23.489],[88.697,23.252],[88.96,23.203],[88.839,22.976],[88.945,22.848],[88.928,22.548],[89.06,22.13],[89.105,21.816],[89.188,21.812],[89.249,21.646],[89.352,21.972],[89.37,21.743],[89.456,21.762],[89.522,21.962],[89.476,22.295],[89.533,21.985],[89.626,22.336],[89.527,21.813],[89.587,21.701],[89.701,21.785],[89.647,21.925],[89.709,21.83],[89.88,21.884],[89.797,22.076],[89.871,22.092],[89.873,22.419],[89.92,22.392],[90.01,22.49],[89.877,22.275],[89.934,21.998],[90.078,22.164],[89.996,22],[90.052,21.989],[90.236,22.199],[90.024,21.862],[90.126,21.932],[90.093,21.83],[90.273,21.857],[90.394,22.288],[90.439,22.076],[90.613,22.315],[90.56,22.562],[90.472,22.576],[90.442,22.494],[90.49,22.72],[90.373,22.761],[90.476,22.884],[90.535,22.887],[90.449,23.056],[90.566,23.076],[90.615,23.195],[90.569,23.295],[90.25,23.467],[90.552,23.385],[90.577,23.54],[90.476,23.583],[90.612,23.606],[90.608,23.491],[90.716,23.535],[90.6,23.45],[90.667,23.268],[90.629,23.064],[90.942,22.586],[91.038,22.589],[91.018,22.683],[91.089,22.544],[91.203,22.543],[91.264,22.641],[91.182,22.726],[91.317,22.697],[91.49,22.905],[91.462,22.762],[91.676,22.535],[91.787,22.238],[91.826,22.248],[91.791,22.302],[91.908,22.425],[91.809,22.306],[91.84,22.247],[91.813,22.18],[91.95,21.884],[91.899,21.79],[91.99,21.795],[91.984,21.65],[92.029,21.705],[92.018,21.493],[91.953,21.442],[92.326,20.739],[92.178,21.3],[92.323,21.462],[92.4,21.371],[92.525,21.361],[92.571,21.247],[92.634,21.282],[92.576,21.978]]],[[[91.936,21.76],[91.888,21.685],[91.854,21.726],[91.877,21.481],[91.97,21.524],[91.936,21.76]]],[[[89.116,21.781],[89.046,21.917],[89.132,21.722],[89.116,21.781]]],[[[91.888,21.866],[91.867,21.932],[91.833,21.726],[91.888,21.866]]],[[[90.332,21.939],[90.323,21.844],[90.394,22],[90.332,21.939]]],[[[90.435,22.041],[90.416,21.901],[90.486,21.977],[90.435,22.041]]],[[[90.544,22.062],[90.52,21.995],[90.613,22.164],[90.484,22.035],[90.544,22.062]]],[[[91.149,22.357],[91.075,22.389],[91.022,22.095],[91.187,22.228],[91.149,22.357]]],[[[91.159,22.503],[91.114,22.461],[91.201,22.472],[91.159,22.503]]],[[[91.468,22.586],[91.447,22.453],[91.555,22.402],[91.468,22.586]]],[[[90.791,22.495],[90.651,22.787],[90.596,22.775],[90.559,22.603],[90.647,22.548],[90.688,22.378],[90.604,22.044],[90.682,22.103],[90.647,21.994],[90.836,22.178],[90.855,22.435],[90.791,22.495]]],[[[90.645,22.849],[90.473,22.865],[90.456,22.767],[90.521,22.712],[90.591,22.814],[90.678,22.808],[90.645,22.849]]],[[[90.667,22.953],[90.586,23.035],[90.508,22.976],[90.667,22.953]]],[[[90.524,23.322],[90.586,23.302],[90.43,23.385],[90.524,23.322]]]]}},{"type":"Feature","properties":{"id":"BLR"},"geometry":{"type":"Polygon","coordinates":[[[28.149,56.142],[27.911,56.1],[27.593,55.794],[26.981,55.827],[26.823,55.706],[26.616,55.688],[26.45,55.327],[26.801,55.273],[26.601,55.121],[26.264,55.14],[26.139,54.969],[25.783,54.87],[25.74,54.569],[25.529,54.321],[25.696,54.321],[25.763,54.156],[25.516,54.145],[25.459,54.299],[25.206,54.257],[25.072,54.132],[24.822,54.135],[24.806,53.975],[24.378,53.887],[24.17,53.959],[23.627,53.898],[23.486,53.939],[23.918,52.951],[23.909,52.7],[23.392,52.51],[23.166,52.289],[23.637,52.084],[23.573,51.54],[23.726,51.645],[23.981,51.586],[24.37,51.875],[25.183,51.95],[27.151,51.757],[27.267,51.587],[27.693,51.589],[27.714,51.464],[27.831,51.613],[28.071,51.558],[28.21,51.652],[28.334,51.528],[28.604,51.554],[28.729,51.401],[28.8,51.533],[29.063,51.631],[29.32,51.366],[29.638,51.491],[29.829,51.43],[30.149,51.484],[30.54,51.235],[30.646,51.367],[30.515,51.604],[30.919,52.059],[31.764,52.101],[31.567,52.311],[31.629,52.548],[31.481,52.682],[31.561,52.787],[31.247,53.014],[31.416,53.2],[32.201,53.098],[32.455,53.3],[32.717,53.335],[32.72,53.439],[32.429,53.562],[32.442,53.714],[32.084,53.81],[31.745,53.795],[31.823,54.053],[31.325,54.229],[31.209,54.448],[31.065,54.492],[31.168,54.622],[30.771,54.786],[30.815,54.928],[31.006,55.023],[30.794,55.286],[30.918,55.388],[30.886,55.6],[30.742,55.594],[30.469,55.794],[30.2,55.858],[29.908,55.843],[29.481,55.681],[29.344,55.787],[29.396,55.948],[29.031,56.024],[28.809,55.935],[28.611,56.088],[28.311,56.043],[28.149,56.142]]]}},{"type":"Feature","properties":{"id":"BWA"},"geometry":{"type":"Polygon","coordinates":[[[25.26,-17.794],[24.953,-17.788],[24.564,-18.053],[24.351,-17.956],[23.916,-18.201],[23.61,-18.478],[23.293,-17.999],[21.476,-18.299],[20.975,-18.319],[20.985,-21.964],[19.978,-22.001],[19.981,-24.752],[20.365,-25.033],[20.657,-25.468],[20.638,-25.62],[20.841,-26.131],[20.605,-26.493],[20.691,-26.892],[20.908,-26.8],[21.122,-26.865],[21.665,-26.863],[21.762,-26.804],[21.781,-26.678],[22.058,-26.618],[22.248,-26.347],[22.545,-26.207],[22.71,-25.997],[22.845,-25.481],[23.031,-25.299],[23.459,-25.282],[23.925,-25.629],[24.183,-25.626],[24.339,-25.752],[24.665,-25.823],[25.458,-25.711],[25.587,-25.62],[25.835,-25.016],[25.868,-24.748],[26.404,-24.633],[26.531,-24.459],[26.839,-24.266],[26.967,-23.719],[27.127,-23.525],[27.549,-23.361],[27.608,-23.217],[27.754,-23.221],[27.774,-23.125],[27.93,-23.057],[27.938,-22.964],[28.302,-22.604],[28.817,-22.493],[28.93,-22.441],[29.039,-22.224],[29.35,-22.187],[29.239,-22.073],[29.041,-22.021],[29.039,-21.798],[28.616,-21.647],[27.99,-21.552],[27.885,-21.31],[27.667,-21.071],[27.698,-20.509],[27.268,-20.496],[27.202,-20.093],[26.714,-19.927],[26.312,-19.651],[26.303,-19.577],[26.155,-19.537],[25.949,-19.103],[25.941,-18.921],[25.255,-18.001],[25.26,-17.794]]]}},{"type":"Feature","properties":{"id":"CAN"},"geometry":{"type":"MultiPolygon","coordinates":[[[[-122.753,48.993],[-118.697,48.993],[-114.74,48.993],[-110.564,48.993],[-106.607,48.993],[-102.211,48.993],[-97.815,48.993],[-95.177,48.993],[-95.161,49.369],[-94.983,49.356],[-94.827,49.293],[-94.711,48.808],[-94.593,48.726],[-93.875,48.636],[-93.757,48.517],[-93.386,48.615],[-92.98,48.618],[-92.649,48.536],[-92.719,48.46],[-92.491,48.433],[-92.372,48.223],[-92.282,48.332],[-92.07,48.347],[-91.575,48.048],[-91.276,48.065],[-90.874,48.234],[-90.75,48.084],[-90.12,48.115],[-89.92,47.987],[-89.364,47.98],[-88.347,48.299],[-84.879,46.898],[-84.773,46.633],[-84.567,46.461],[-84.11,46.526],[-84.097,46.225],[-83.965,46.063],[-83.614,46.116],[-83.463,46.008],[-83.637,45.774],[-83.484,45.772],[-82.548,45.335],[-82.146,43.576],[-82.526,42.62],[-83.129,42.24],[-83.097,41.876],[-82.711,41.68],[-82.425,41.677],[-81.277,42.209],[-80.247,42.365],[-79.019,42.803],[-78.909,42.93],[-79.032,43.013],[-79.174,43.465],[-78.751,43.617],[-76.842,43.626],[-76.455,44.084],[-76.15,44.305],[-75.87,44.409],[-75.27,44.864],[-74.887,45.009],[-74.713,44.999],[-74.153,45.32],[-73.962,45.354],[-74.016,45.45],[-74.379,45.562],[-73.979,45.498],[-73.755,45.676],[-73.42,45.765],[-73.159,46.075],[-73.022,46.11],[-72.995,46.211],[-72.603,46.301],[-72.462,46.402],[-72.258,46.471],[-72.228,46.553],[-71.881,46.691],[-71.302,46.759],[-70.715,47.118],[-70.487,47.445],[-70.237,47.496],[-70.144,47.656],[-69.932,47.773],[-69.736,48.123],[-70.478,48.356],[-70.866,48.324],[-70.806,48.407],[-71.07,48.445],[-70.369,48.374],[-69.676,48.15],[-69.447,48.296],[-69.056,48.774],[-68.644,48.918],[-68.615,49.039],[-68.407,49.123],[-68.444,49.198],[-68.37,49.116],[-68.444,49.062],[-68.392,49.064],[-68.181,49.124],[-68.301,49.198],[-68.055,49.294],[-67.376,49.339],[-67.131,49.831],[-66.636,50.185],[-66.435,50.158],[-66.55,50.198],[-66.468,50.269],[-66.088,50.192],[-65.964,50.293],[-64.445,50.323],[-64.145,50.268],[-63.809,50.315],[-63.421,50.219],[-62.709,50.315],[-61.863,50.23],[-61.777,50.134],[-61.576,50.187],[-61.718,50.1],[-60.803,50.267],[-60.794,50.205],[-60.365,50.226],[-60.276,50.295],[-60.246,50.235],[-60.153,50.288],[-60.135,50.213],[-59.944,50.261],[-59.803,50.446],[-59.424,50.54],[-59.419,50.665],[-59.203,50.732],[-59.074,50.894],[-59.008,50.761],[-59.008,51.015],[-58.895,51.055],[-58.892,50.994],[-58.626,51.151],[-58.623,51.277],[-58.04,51.314],[-57.686,51.48],[-57.603,51.433],[-57.25,51.508],[-57.19,51.419],[-56.967,51.425],[-56.682,51.648],[-55.916,51.935],[-55.966,52.022],[-55.685,52.112],[-55.773,52.214],[-55.617,52.22],[-56.199,52.447],[-55.784,52.339],[-55.808,52.385],[-55.654,52.365],[-55.648,52.443],[-55.829,52.522],[-56.267,52.539],[-56.5,52.598],[-56.218,52.54],[-55.986,52.557],[-56.097,52.662],[-55.754,52.625],[-56.158,52.805],[-55.802,52.841],[-55.904,52.984],[-56.123,52.973],[-56.165,53.036],[-55.906,53.036],[-55.945,53.118],[-55.747,53.146],[-55.843,53.215],[-55.745,53.256],[-55.864,53.248],[-55.857,53.372],[-56.041,53.372],[-55.966,53.413],[-56.264,53.554],[-56.015,53.504],[-56.036,53.58],[-56.727,53.687],[-56.412,53.728],[-56.48,53.79],[-56.618,53.77],[-56.596,53.714],[-56.983,53.727],[-57.377,53.434],[-57.318,53.585],[-57.549,53.591],[-57.124,53.742],[-57.158,53.951],[-57.466,54.2],[-58.043,54.241],[-58.356,54.21],[-58.416,54.14],[-57.796,54.071],[-58.128,54.098],[-58.841,53.947],[-59.071,53.796],[-59.077,53.687],[-59.317,53.687],[-59.607,53.534],[-59.879,53.538],[-59.784,53.482],[-60.143,53.334],[-60.103,53.283],[-60.421,53.269],[-60.181,53.336],[-60.406,53.366],[-60.037,53.44],[-60.05,53.498],[-60.637,53.704],[-60.92,53.714],[-60.879,53.831],[-60.136,53.529],[-60.017,53.708],[-60.133,53.783],[-59.475,53.828],[-58.92,54.016],[-59.043,54.03],[-58.626,54.044],[-58.371,54.228],[-58.698,54.124],[-59.303,54.018],[-59.58,54.05],[-58.727,54.146],[-58.468,54.234],[-58.236,54.256],[-58.097,54.332],[-58.261,54.31],[-58.186,54.359],[-57.652,54.379],[-57.419,54.461],[-57.707,54.475],[-57.412,54.491],[-57.35,54.589],[-57.486,54.659],[-57.686,54.638],[-57.865,54.745],[-58.159,54.742],[-58.204,54.797],[-58.422,54.744],[-58.914,54.848],[-58.906,54.922],[-59.015,54.893],[-58.892,54.954],[-59.045,54.999],[-59.027,55.162],[-59.383,54.978],[-59.143,55.155],[-59.16,55.239],[-59.922,54.743],[-59.43,55.142],[-59.531,55.214],[-59.643,55.134],[-59.964,55.117],[-59.735,55.201],[-59.776,55.332],[-60.297,55.023],[-60.023,55.277],[-60.194,55.195],[-60.14,55.284],[-60.269,55.243],[-60.688,54.995],[-60.355,55.259],[-60.612,55.168],[-60.503,55.27],[-60.194,55.427],[-60.254,55.505],[-60.365,55.435],[-60.328,55.495],[-60.482,55.352],[-60.304,55.53],[-60.341,55.583],[-60.455,55.503],[-60.4,55.613],[-60.525,55.617],[-60.335,55.782],[-60.508,55.804],[-60.681,55.565],[-60.602,55.82],[-60.944,55.73],[-60.747,55.85],[-61.099,55.848],[-61.193,55.88],[-61.079,55.893],[-61.139,55.972],[-61.503,56.01],[-61.235,56.044],[-61.455,56.058],[-61.345,56.222],[-61.935,56.217],[-62.067,56.285],[-61.606,56.284],[-61.814,56.403],[-62.147,56.455],[-61.668,56.503],[-61.712,56.575],[-62.243,56.62],[-61.914,56.627],[-62.586,56.798],[-62.494,56.855],[-62.089,56.841],[-62.503,56.785],[-61.688,56.62],[-61.82,56.709],[-61.695,56.73],[-61.887,56.702],[-61.905,56.794],[-61.664,56.809],[-61.643,56.884],[-61.502,56.979],[-61.345,56.956],[-61.366,57.107],[-61.696,57.158],[-61.62,57.23],[-61.784,57.155],[-62.012,57.243],[-61.88,57.278],[-61.928,57.367],[-61.805,57.367],[-61.9,57.415],[-62.159,57.469],[-62.377,57.429],[-62.534,57.496],[-62.349,57.458],[-61.887,57.638],[-62.119,57.797],[-62.141,57.978],[-62.324,57.909],[-62.339,57.984],[-62.421,57.871],[-62.421,57.964],[-62.675,57.936],[-62.305,58.031],[-62.377,58.113],[-62.517,58.059],[-62.462,58.182],[-62.926,58.133],[-63.12,58.005],[-63.34,57.984],[-63.079,58.155],[-62.635,58.187],[-62.668,58.271],[-62.908,58.214],[-62.623,58.309],[-62.558,58.477],[-63.063,58.452],[-63.162,58.368],[-63.086,58.456],[-63.264,58.47],[-63.593,58.306],[-63.34,58.463],[-63.524,58.477],[-63.442,58.525],[-63.168,58.505],[-62.845,58.685],[-63.045,58.71],[-62.915,58.751],[-63.015,58.897],[-63.155,58.826],[-63.168,58.882],[-63.326,58.861],[-63.162,58.922],[-63.34,59.032],[-63.132,59.062],[-63.353,59.104],[-63.812,59.046],[-63.882,58.962],[-63.895,59.06],[-64.04,59.018],[-63.974,59.079],[-63.442,59.121],[-63.381,59.279],[-63.629,59.217],[-63.524,59.323],[-63.652,59.368],[-63.826,59.245],[-63.71,59.368],[-64.061,59.387],[-63.795,59.422],[-63.728,59.52],[-63.874,59.573],[-63.981,59.506],[-63.864,59.611],[-64.007,59.624],[-64.121,59.518],[-64.032,59.645],[-63.922,59.656],[-64.148,59.683],[-64.265,59.765],[-64.126,59.907],[-64.258,59.875],[-64.183,59.916],[-64.299,59.944],[-64.148,59.984],[-64.183,60.032],[-64.326,60.06],[-64.224,59.998],[-64.518,59.903],[-64.377,60.13],[-64.822,59.985],[-64.381,60.17],[-64.416,60.223],[-64.566,60.176],[-64.463,60.238],[-64.557,60.27],[-64.759,60.238],[-64.637,60.293],[-64.381,60.245],[-64.86,60.361],[-64.874,60.204],[-65.129,60.047],[-65.08,59.93],[-65.23,59.892],[-64.984,59.765],[-65.323,59.848],[-65.498,59.793],[-65.412,59.518],[-64.984,59.381],[-65.56,59.491],[-65.358,59.282],[-65.559,59.377],[-65.492,59.258],[-65.594,59.189],[-65.739,59.271],[-65.718,59.158],[-65.642,59.073],[-65.32,59.046],[-65.542,59.064],[-65.507,58.988],[-65.683,59.053],[-65.793,59.005],[-65.677,58.929],[-65.885,59.008],[-65.982,58.917],[-65.8,58.854],[-66.019,58.861],[-66.109,58.779],[-65.828,58.58],[-66.053,58.333],[-65.944,58.621],[-66.382,58.854],[-66.595,58.677],[-66.615,58.498],[-66.807,58.498],[-66.852,58.425],[-66.947,58.498],[-67.087,58.363],[-67.568,58.23],[-67.704,57.929],[-67.649,58.252],[-67.756,58.474],[-67.801,58.299],[-68.13,58.083],[-67.863,58.309],[-68.006,58.58],[-68.174,58.491],[-68.31,58.121],[-68.418,58.039],[-68.95,57.941],[-69.37,57.77],[-68.97,57.96],[-68.52,58.031],[-68.354,58.124],[-68.191,58.546],[-68.349,58.6],[-68.41,58.824],[-68.773,58.922],[-69.378,58.869],[-69.814,58.596],[-69.921,58.779],[-70.254,58.772],[-69.912,58.874],[-69.802,58.826],[-69.863,59.06],[-69.672,58.927],[-69.684,58.805],[-69.565,58.806],[-69.452,58.895],[-69.504,59.073],[-69.43,59.025],[-69.342,59.094],[-69.516,59.108],[-69.543,59.17],[-69.243,59.228],[-69.255,59.325],[-69.755,59.318],[-69.632,59.385],[-69.749,59.516],[-69.516,59.649],[-69.658,59.703],[-69.562,59.865],[-69.768,59.916],[-69.735,59.97],[-70.578,59.977],[-71.035,60.066],[-69.822,59.989],[-69.826,60.072],[-69.628,60.077],[-69.829,60.526],[-69.667,60.567],[-69.72,60.684],[-69.381,60.8],[-69.537,61.08],[-69.651,61.064],[-69.662,60.885],[-69.777,60.919],[-69.916,60.81],[-70.151,60.882],[-70.155,61.088],[-70.426,61.088],[-70.535,61.012],[-71.213,61.167],[-71.372,61.129],[-71.498,61.231],[-71.573,61.156],[-71.666,61.334],[-71.823,61.355],[-71.583,61.41],[-71.892,61.431],[-71.748,61.479],[-71.857,61.534],[-71.556,61.561],[-71.581,61.614],[-71.957,61.711],[-71.979,61.604],[-72.303,61.568],[-71.995,61.677],[-72.224,61.75],[-72.203,61.866],[-72.605,61.944],[-72.602,61.813],[-72.666,61.883],[-72.796,61.835],[-72.608,61.972],[-72.629,62.117],[-72.947,62.123],[-73.671,62.482],[-74.417,62.253],[-74.724,62.246],[-74.558,62.109],[-75.328,62.317],[-75.894,62.164],[-75.592,62.273],[-77.472,62.594],[-78.155,62.297],[-77.99,61.715],[-77.477,61.54],[-77.641,61.56],[-77.545,61.485],[-77.785,61.455],[-77.693,61.207],[-78.197,60.793],[-77.919,60.835],[-77.895,60.752],[-77.511,60.841],[-77.829,60.643],[-77.686,60.558],[-77.415,60.547],[-77.743,60.404],[-77.408,60.135],[-77.634,60.066],[-77.189,60.06],[-77.425,59.919],[-77.292,59.8],[-77.545,59.745],[-77.313,59.567],[-77.778,59.71],[-77.73,59.549],[-77.915,59.419],[-77.675,59.402],[-78.107,59.21],[-78.316,58.926],[-78.566,58.958],[-78.469,58.706],[-78.571,58.639],[-77.471,58.212],[-76.809,57.676],[-76.533,57.115],[-76.536,56.318],[-76.682,56.043],[-77.113,55.675],[-77.782,55.274],[-78.392,55.028],[-79.766,54.66],[-79.525,54.591],[-79.601,54.557],[-79.464,54.31],[-79.286,54.256],[-79.382,54.194],[-79.046,54.18],[-79.293,54.091],[-78.98,54.019],[-79.135,53.961],[-78.902,53.817],[-79.052,53.838],[-79.049,53.726],[-79.156,53.708],[-79.019,53.694],[-79.066,53.598],[-78.923,53.567],[-79.115,53.509],[-78.895,53.269],[-78.984,53.028],[-78.786,52.982],[-78.855,52.884],[-78.69,52.885],[-78.85,52.757],[-78.69,52.598],[-78.765,52.57],[-78.516,52.477],[-78.553,52.268],[-78.408,52.248],[-78.547,52.247],[-78.591,52.106],[-78.893,51.947],[-78.841,51.842],[-79.039,51.769],[-78.69,51.487],[-78.882,51.403],[-78.847,51.164],[-78.953,51.219],[-79.012,51.467],[-79.276,51.532],[-79.323,51.667],[-79.56,51.556],[-79.519,51.467],[-79.697,51.399],[-79.747,51.196],[-79.334,50.727],[-79.745,51.124],[-80.136,51.301],[-80.41,51.34],[-80.951,51.008],[-81.013,51.035],[-80.43,51.357],[-80.44,51.477],[-80.605,51.723],[-81.003,52.015],[-81.355,52.104],[-81.512,52.239],[-81.883,52.194],[-81.479,52.303],[-81.564,52.456],[-82.301,52.968],[-82.251,53.213],[-82.114,53.289],[-82.219,53.604],[-82.126,53.812],[-82.444,54.365],[-82.201,54.834],[-82.252,55.118],[-82.356,55.168],[-82.321,55.071],[-82.644,55.174],[-82.952,55.113],[-82.976,55.239],[-83.185,55.201],[-83.69,55.285],[-83.583,55.232],[-83.561,55.133],[-83.611,55.232],[-83.737,55.225],[-83.929,55.327],[-84.613,55.245],[-85.054,55.294],[-85.417,54.999],[-85.128,55.35],[-85.904,55.662],[-86.98,55.934],[-87.365,55.948],[-87.526,56.05],[-87.619,56.003],[-87.589,56.08],[-87.98,56.443],[-88.311,56.538],[-88.879,56.86],[-89.827,56.976],[-90.586,57.23],[-91.031,57.265],[-92.471,56.935],[-92.218,57.063],[-92.491,57.038],[-92.86,56.908],[-92.597,57.048],[-92.424,57.354],[-92.786,57.839],[-93.156,58.744],[-93.409,58.705],[-93.496,58.774],[-94.177,58.779],[-94.362,58.223],[-94.204,58.806],[-94.437,58.724],[-94.608,58.882],[-94.746,58.833],[-94.683,58.95],[-94.804,59.063],[-94.999,59.053],[-94.793,59.094],[-94.66,59.359],[-94.821,59.948],[-94.616,60.392],[-94.801,60.498],[-94.52,60.547],[-94.352,60.858],[-93.986,61.101],[-94.115,61.328],[-93.822,61.35],[-93.985,61.458],[-93.313,61.732],[-93.472,61.767],[-93.271,61.736],[-93.252,61.788],[-93.614,61.861],[-93.492,61.889],[-93.617,61.952],[-93.279,61.897],[-93.389,61.951],[-93.217,61.958],[-93.416,62.034],[-93.17,61.986],[-92.93,62.117],[-93.115,62.16],[-92.765,62.218],[-93.252,62.37],[-92.744,62.294],[-92.471,62.15],[-92.62,62.323],[-92.827,62.356],[-92.683,62.377],[-92.705,62.469],[-92.532,62.445],[-92.619,62.623],[-92.429,62.541],[-92.183,62.613],[-92.176,62.547],[-91.983,62.532],[-91.888,62.62],[-92.278,62.679],[-92.453,62.825],[-92.099,62.804],[-92.135,62.877],[-91.394,62.787],[-91.031,62.951],[-90.784,62.945],[-90.626,63.061],[-90.689,63.357],[-90.976,63.424],[-90.785,63.398],[-91.391,63.488],[-91.778,63.714],[-92.467,63.528],[-92.1,63.699],[-93.401,63.977],[-93.217,63.843],[-93.647,63.881],[-93.766,63.993],[-93.556,64.034],[-93.78,64.192],[-93.448,64.023],[-92.374,63.779],[-92.064,63.749],[-91.888,63.809],[-91.948,63.756],[-91.701,63.78],[-90.91,63.569],[-90.558,63.598],[-90.648,63.706],[-90.447,63.621],[-90.147,63.63],[-90.12,63.781],[-89.966,63.813],[-90.278,64.007],[-89.832,63.925],[-89.932,64.118],[-90.127,64.13],[-89.832,64.141],[-89.786,64.25],[-89.826,64.11],[-89.509,63.952],[-89.546,64.08],[-89.023,63.953],[-89.256,64.16],[-89.003,63.993],[-88.708,63.973],[-87.982,64.192],[-87.81,64.516],[-87.578,64.57],[-87.511,64.733],[-87.3,64.764],[-86.974,65.058],[-87.047,65.238],[-89.04,65.328],[-89.958,65.794],[-91.07,65.928],[-91.032,65.808],[-91.497,65.947],[-90.237,65.927],[-90.435,65.885],[-89.771,65.823],[-90.004,65.947],[-89.688,65.947],[-89.109,65.728],[-88.414,65.632],[-88.831,65.645],[-88.064,65.359],[-87.381,65.33],[-86.55,65.672],[-86.426,65.898],[-85.974,66.036],[-85.857,66.163],[-86.621,66.314],[-86.783,66.522],[-85.783,66.5],[-85.465,66.574],[-85.242,66.27],[-85.118,66.33],[-84.405,66.166],[-84.637,66.344],[-84.537,66.405],[-84.349,66.278],[-84.204,66.324],[-83.971,66.204],[-83.785,66.211],[-83.857,66.159],[-83.712,66.191],[-84.211,66.595],[-84.145,66.687],[-84.433,66.714],[-84.322,66.776],[-84.693,66.845],[-84.508,66.823],[-84.747,66.9],[-84.603,66.94],[-84.975,66.929],[-85.128,66.838],[-85.213,66.919],[-84.637,66.982],[-84.885,66.995],[-84.91,67.062],[-84.371,66.974],[-84.583,66.982],[-84.138,66.712],[-83.918,66.886],[-83.981,66.592],[-83.678,66.525],[-83.589,66.357],[-83.369,66.35],[-82.999,66.555],[-82.591,66.571],[-82.373,66.728],[-82.157,66.714],[-81.955,66.977],[-81.503,67.001],[-81.238,67.461],[-82.102,67.91],[-81.994,68.215],[-82.315,68.147],[-82.273,68.292],[-82.442,68.284],[-82.37,68.356],[-82.651,68.434],[-82.497,68.464],[-82.612,68.53],[-82.222,68.458],[-82.274,68.537],[-81.954,68.431],[-81.267,68.639],[-81.379,68.868],[-82.062,68.879],[-81.273,69.092],[-81.345,69.195],[-81.753,69.268],[-82.27,69.238],[-82.143,69.298],[-82.282,69.419],[-83.294,69.54],[-82.516,69.494],[-82.754,69.578],[-82.616,69.647],[-82.253,69.641],[-82.596,69.699],[-83.495,69.687],[-84.031,69.764],[-84.34,69.86],[-84.863,69.862],[-85.056,69.777],[-85.563,69.858],[-85.333,69.791],[-85.514,69.77],[-85.385,69.564],[-85.534,69.463],[-85.344,69.441],[-85.508,69.408],[-85.337,69.318],[-85.474,69.277],[-85.27,69.138],[-85.012,69.18],[-85.138,69.127],[-84.528,69.024],[-84.987,69.009],[-84.804,68.933],[-85.145,68.948],[-85.001,68.886],[-85.179,68.847],[-84.809,68.814],[-84.788,68.736],[-85.563,68.784],[-85.46,68.756],[-85.668,68.727],[-85.789,68.222],[-86.529,67.687],[-86.522,67.365],[-86.882,67.406],[-86.977,67.323],[-87.092,67.353],[-86.961,67.255],[-87.114,67.179],[-87.228,67.228],[-87.289,67.098],[-87.372,67.18],[-87.516,67.119],[-87.363,67.267],[-88.141,67.671],[-88.374,67.976],[-88.398,68.291],[-88.199,68.383],[-88.18,68.245],[-87.944,68.201],[-87.792,68.331],[-88.023,68.809],[-89.199,69.278],[-89.705,69.02],[-89.716,68.646],[-89.809,68.713],[-90.12,68.263],[-90.237,68.232],[-90.338,68.352],[-90.476,68.338],[-90.319,68.373],[-90.607,68.444],[-90.442,68.831],[-90.6,68.804],[-90.435,68.879],[-90.621,68.916],[-90.671,69.088],[-91.45,69.359],[-91.189,69.29],[-90.956,69.359],[-91.086,69.27],[-90.805,69.256],[-90.798,69.366],[-90.586,69.421],[-90.703,69.454],[-90.312,69.454],[-91.189,69.564],[-91.557,69.512],[-91.168,69.656],[-91.497,69.661],[-91.798,69.49],[-92.367,69.709],[-92.923,69.674],[-92.539,69.709],[-92.868,69.702],[-91.943,70.024],[-92.112,70.089],[-92.587,70.079],[-92.271,70.195],[-92.368,70.236],[-91.995,70.123],[-91.511,70.161],[-91.723,70.356],[-91.879,70.365],[-91.959,70.258],[-92.086,70.305],[-91.998,70.394],[-92.286,70.49],[-92.178,70.596],[-92.677,70.681],[-92.693,70.775],[-93.041,70.862],[-92.854,70.86],[-92.98,71.347],[-93.821,71.655],[-93.721,71.765],[-94.211,71.792],[-94.416,71.665],[-94.355,71.799],[-94.492,71.826],[-94.595,71.743],[-94.649,71.82],[-94.46,71.857],[-94.492,71.99],[-95.225,71.95],[-95.179,71.847],[-94.608,71.868],[-95.216,71.83],[-95.277,71.724],[-95.91,71.607],[-95.807,71.511],[-95.376,71.511],[-95.536,71.296],[-96.134,71.414],[-96.507,71.278],[-96.376,71.161],[-96.562,71.127],[-96.376,71.094],[-96.602,70.791],[-96.19,70.625],[-95.815,70.716],[-96.054,70.607],[-95.794,70.538],[-96.233,70.571],[-96.546,70.341],[-96.526,70.127],[-96.11,69.957],[-96.206,69.866],[-95.787,69.743],[-95.669,69.788],[-94.875,69.572],[-94.63,69.688],[-94.322,69.453],[-93.93,69.435],[-93.558,69.531],[-93.451,69.49],[-93.588,69.366],[-93.362,69.373],[-93.84,69.169],[-93.526,69.441],[-94.282,69.322],[-94.324,69.156],[-94.005,69.16],[-94.443,68.944],[-94.602,68.968],[-94.636,68.756],[-94.094,68.763],[-93.826,68.879],[-94.081,68.852],[-93.827,69.069],[-93.909,68.996],[-93.635,68.962],[-93.571,68.844],[-93.752,68.612],[-93.375,68.639],[-94.122,68.422],[-94.211,68.269],[-94.798,68.038],[-95.478,68.063],[-95.705,67.722],[-95.338,67.552],[-95.218,66.974],[-95.316,66.9],[-96.092,66.927],[-95.792,66.737],[-95.754,66.683],[-95.655,66.731],[-95.792,66.602],[-95.852,66.758],[-96.097,66.831],[-96.456,67.06],[-96.28,67.07],[-96.127,66.957],[-95.956,67.075],[-95.914,66.948],[-95.348,66.974],[-95.437,67.201],[-95.483,67.141],[-95.522,67.22],[-95.835,67.166],[-95.561,67.376],[-96.111,67.222],[-96.253,67.248],[-96.096,67.467],[-96.21,67.426],[-96.465,67.478],[-96.321,67.7],[-96.182,67.643],[-95.897,68.297],[-96.491,68.135],[-96.445,68.05],[-96.765,68.017],[-96.404,68.318],[-96.621,68.186],[-96.69,68.286],[-97.081,68.266],[-96.993,68.338],[-97.26,68.469],[-97.562,68.503],[-97.529,68.421],[-97.705,68.528],[-97.98,68.547],[-97.748,68.369],[-98.213,68.304],[-98.526,68.425],[-98.515,68.332],[-98.713,68.379],[-98.316,68.167],[-98.411,68.082],[-98.456,68.184],[-98.59,68.153],[-98.095,67.837],[-98.002,67.959],[-97.693,68.023],[-97.364,67.877],[-97.25,67.925],[-97.226,67.715],[-97.061,67.68],[-97.213,67.625],[-97.275,67.667],[-97.558,67.595],[-97.927,67.697],[-98.585,68.096],[-98.727,67.958],[-98.363,67.795],[-98.683,67.813],[-98.936,67.697],[-99.768,67.826],[-100.413,67.851],[-100.59,67.796],[-100.707,67.851],[-101.416,67.69],[-101.798,67.708],[-101.981,67.792],[-102.219,67.692],[-103.364,68.011],[-103.415,68.169],[-103.793,68.026],[-104.484,68.034],[-104.676,68.14],[-104.602,68.235],[-104.935,68.236],[-104.894,68.351],[-105.039,68.259],[-105.333,68.413],[-105.544,68.414],[-105.324,68.482],[-105.47,68.722],[-105.796,68.883],[-106.222,68.946],[-107.293,68.701],[-108.281,68.622],[-108.815,68.274],[-108.417,68.304],[-108.389,68.111],[-107.615,68.167],[-107.889,68.269],[-107.827,68.345],[-107.155,68.27],[-106.787,68.415],[-106.553,68.297],[-106.635,68.469],[-106.422,68.516],[-106.553,68.516],[-105.648,68.639],[-105.727,68.427],[-106.446,68.351],[-106.443,68.153],[-106.632,68.25],[-106.645,68.173],[-106.813,68.208],[-106.758,68.105],[-107.147,68.132],[-107.774,67.989],[-107.697,68.078],[-107.88,68.093],[-107.91,67.995],[-107.659,67.947],[-107.942,67.854],[-108.006,67.71],[-107.586,67.501],[-107.716,67.405],[-107.527,67.212],[-107.203,67.125],[-107.403,67.041],[-107.088,66.831],[-107.401,66.974],[-107.409,66.817],[-107.563,66.84],[-107.643,67.077],[-107.8,66.769],[-107.242,66.349],[-107.889,66.762],[-107.889,66.67],[-107.995,66.832],[-108.232,66.851],[-108.164,66.965],[-108.54,67.056],[-108.622,67.16],[-108.303,67.04],[-107.885,67.048],[-107.993,67.282],[-108.37,67.448],[-108.471,67.351],[-108.64,67.629],[-108.824,67.357],[-109.067,67.72],[-109.406,67.77],[-109.518,67.691],[-109.717,67.719],[-110.06,68.005],[-110.158,67.918],[-110.343,67.968],[-111.019,67.768],[-111.212,67.762],[-111.167,67.846],[-111.546,67.721],[-111.88,67.764],[-111.885,67.685],[-112.028,67.749],[-112.421,67.682],[-113.859,67.696],[-115.118,67.804],[-115.543,67.923],[-115.112,68.016],[-115.242,68.187],[-114.86,68.157],[-114.755,68.194],[-114.942,68.291],[-114.035,68.241],[-113.905,68.4],[-114.086,68.401],[-114.183,68.564],[-114.988,68.867],[-115.916,69.01],[-115.77,68.94],[-116.324,68.955],[-115.971,68.809],[-116.974,68.946],[-117.165,68.894],[-118.041,69.025],[-118.666,69.225],[-120.086,69.364],[-120.807,69.624],[-122.036,69.819],[-122.98,69.835],[-123.157,69.77],[-123.166,69.5],[-123.443,69.477],[-123.383,69.414],[-124.423,69.367],[-124.521,69.408],[-124.034,69.682],[-124.507,69.736],[-124.408,70.155],[-124.75,70.132],[-124.448,70.08],[-124.546,70.019],[-124.671,70.079],[-125.006,70.02],[-125.014,70.086],[-125.206,70.003],[-125.209,69.935],[-124.993,70.01],[-124.63,69.986],[-125.065,69.799],[-125.181,69.857],[-125.281,69.811],[-124.822,69.715],[-124.937,69.65],[-125.068,69.751],[-125.37,69.695],[-125.438,69.613],[-125.117,69.49],[-125.484,69.514],[-125.624,69.421],[-125.089,69.454],[-125.161,69.386],[-125.46,69.414],[-125.449,69.319],[-125.939,69.414],[-126.646,69.73],[-127.136,70.253],[-127.992,70.593],[-128.178,70.38],[-127.906,70.394],[-128.111,70.367],[-128.032,70.294],[-127.515,70.222],[-128.337,70.13],[-128.31,69.963],[-128.92,69.688],[-129.154,69.704],[-129.174,69.832],[-128.933,69.845],[-128.925,69.978],[-129.123,69.856],[-130.38,69.695],[-130.945,69.277],[-130.928,69.14],[-131.026,69.206],[-130.911,69.396],[-131.051,69.339],[-130.948,69.539],[-131.12,69.325],[-131.157,69.617],[-131.138,69.37],[-131.243,69.585],[-131.161,69.394],[-131.348,69.317],[-131.211,69.398],[-131.252,69.504],[-131.244,69.408],[-131.317,69.494],[-131.476,69.344],[-131.476,69.457],[-131.911,69.428],[-131.715,69.4],[-132.216,69.154],[-132.327,69.234],[-132.47,69.113],[-132.415,69.238],[-132.484,69.147],[-132.862,69.073],[-132.676,68.927],[-132.811,68.937],[-132.785,68.851],[-132.55,68.92],[-132.483,68.805],[-133.388,68.845],[-132.922,68.694],[-133.483,68.818],[-133.203,69.038],[-132.929,69.082],[-132.892,68.983],[-132.827,69.224],[-132.545,69.29],[-132.497,69.16],[-132.435,69.304],[-132.325,69.249],[-131.984,69.537],[-131.048,69.644],[-130.941,69.566],[-130.527,69.784],[-129.6,69.991],[-129.406,70.121],[-129.674,70.27],[-129.886,70.086],[-130.098,70.113],[-130.187,70.053],[-130.385,70.166],[-130.52,70.105],[-130.515,70.177],[-130.723,70.079],[-130.723,70.132],[-130.894,70.106],[-131.188,69.825],[-131.408,69.961],[-132.139,69.688],[-132.484,69.736],[-132.277,69.774],[-132.548,69.743],[-132.627,69.674],[-132.451,69.708],[-132.385,69.647],[-132.887,69.661],[-133.046,69.435],[-133.632,69.399],[-134.276,69.158],[-133.751,69.551],[-133.942,69.513],[-134.242,69.577],[-134.329,69.725],[-134.498,69.722],[-134.476,69.444],[-135.155,69.48],[-135.176,69.262],[-135.569,69.345],[-135.567,69.229],[-135.804,69.322],[-135.416,69.099],[-135.934,69.254],[-135.919,69.093],[-135.519,69.03],[-135.77,68.992],[-135.954,69.048],[-136.005,68.948],[-135.341,68.839],[-135.505,68.845],[-135.149,68.66],[-136.068,68.885],[-136.745,68.879],[-137.224,68.951],[-138.096,69.14],[-138.357,69.305],[-138.603,69.243],[-139.144,69.514],[-139.918,69.621],[-141.006,69.651],[-141.004,67.318],[-141.003,64.986],[-141.002,62.654],[-140.995,60.304],[-140.534,60.219],[-140.424,60.293],[-140.016,60.187],[-139.68,60.327],[-139.079,60.341],[-139.182,60.073],[-138.705,59.898],[-138.599,59.754],[-137.611,59.239],[-137.487,58.9],[-136.841,59.148],[-136.569,59.172],[-136.468,59.462],[-136.245,59.528],[-136.35,59.592],[-135.465,59.79],[-135.019,59.559],[-135.096,59.419],[-134.958,59.281],[-134.692,59.235],[-134.222,58.843],[-133.831,58.718],[-133.392,58.404],[-132.231,57.197],[-132.341,57.08],[-132.032,57.028],[-132.107,56.859],[-131.872,56.793],[-131.826,56.593],[-131.56,56.594],[-130.76,56.345],[-130.404,56.122],[-130.094,56.101],[-130.02,55.908],[-130.131,55.736],[-129.949,55.293],[-130.167,55.085],[-130.125,55.005],[-129.786,55.357],[-129.825,55.619],[-129.713,55.421],[-129.635,55.462],[-129.476,55.464],[-129.639,55.441],[-130.001,55.022],[-129.641,54.99],[-129.989,54.92],[-130.022,54.974],[-130.174,54.845],[-130.05,54.893],[-130.202,54.728],[-129.88,54.621],[-130.234,54.711],[-130.372,54.664],[-130.101,54.426],[-129.981,54.515],[-130.085,54.392],[-129.959,54.322],[-130.053,54.337],[-130.431,54.633],[-130.38,54.461],[-130.483,54.374],[-130.349,54.334],[-130.249,54.406],[-130.195,54.263],[-130.281,54.214],[-130.125,54.161],[-129.829,54.242],[-129.475,54.235],[-129.927,54.187],[-129.715,53.954],[-130.05,54.156],[-130.105,53.947],[-129.29,53.385],[-129.228,53.633],[-129.033,53.749],[-129.064,53.81],[-128.973,53.778],[-129.009,53.899],[-128.933,53.776],[-128.598,54.03],[-128.694,53.899],[-128.474,53.842],[-128.678,53.859],[-128.775,53.798],[-128.808,53.615],[-128.529,53.434],[-128.374,53.504],[-128.111,53.488],[-127.871,53.228],[-127.977,53.342],[-128.104,53.338],[-128.127,53.451],[-128.352,53.482],[-128.494,53.344],[-128.789,53.57],[-128.974,53.557],[-128.918,53.459],[-128.831,53.488],[-128.849,53.279],[-128.481,53.146],[-128.557,53.129],[-128.443,52.828],[-128.248,52.803],[-128.138,52.927],[-128.029,52.917],[-128.132,52.873],[-128.226,52.461],[-128.392,52.296],[-128.297,52.276],[-128.092,52.513],[-127.878,52.584],[-128.053,52.485],[-128.016,52.347],[-127.903,52.385],[-127.888,52.515],[-127.872,52.22],[-127.737,52.354],[-127.755,52.282],[-127.617,52.299],[-126.987,52.711],[-127.076,52.885],[-126.926,52.734],[-127.228,52.523],[-127.19,52.388],[-126.734,52.371],[-126.939,52.306],[-126.672,51.987],[-126.998,52.298],[-127.173,52.316],[-127.452,52.182],[-127.43,52.089],[-127.624,52.029],[-127.566,52.1],[-127.475,52.107],[-127.547,52.143],[-127.638,52.084],[-127.666,51.96],[-127.85,51.92],[-127.874,51.673],[-127.796,51.528],[-127.659,51.515],[-127.714,51.458],[-127.467,51.662],[-127.646,51.7],[-127.493,51.699],[-127.35,51.87],[-127.423,51.672],[-127.35,51.714],[-126.699,51.665],[-126.666,51.803],[-126.624,51.678],[-126.677,51.646],[-127.044,51.669],[-127.492,51.621],[-127.552,51.471],[-127.78,51.331],[-127.484,51.358],[-127.515,51.317],[-127.282,51.302],[-127.117,51.399],[-127.127,51.339],[-127.221,51.289],[-127.736,51.258],[-127.777,51.167],[-127.662,51.097],[-127.481,51.11],[-127.531,51.004],[-127.042,50.823],[-126.926,50.877],[-127.166,50.939],[-126.674,50.878],[-126.535,50.942],[-126.515,51.076],[-126.459,50.952],[-126.173,50.939],[-126.499,50.922],[-126.547,50.837],[-126.184,50.868],[-126.179,50.781],[-126.035,50.795],[-126.187,50.672],[-125.767,50.706],[-125.648,50.782],[-125.679,50.87],[-125.542,50.939],[-125.637,51.104],[-125.507,50.939],[-125.706,50.682],[-126.277,50.626],[-125.96,50.646],[-126.281,50.519],[-126.008,50.471],[-125.787,50.532],[-125.703,50.438],[-125.455,50.72],[-125.577,50.471],[-125.432,50.466],[-125.357,50.543],[-125.128,50.437],[-124.908,50.627],[-124.986,50.808],[-124.814,50.927],[-124.91,50.794],[-124.824,50.735],[-124.87,50.583],[-125.057,50.477],[-125.082,50.325],[-125.007,50.432],[-124.952,50.328],[-124.83,50.318],[-124.672,50.431],[-124.349,50.497],[-124.66,50.392],[-124.713,50.331],[-124.603,50.24],[-124.685,49.986],[-124.822,50.04],[-124.513,49.798],[-124.283,49.747],[-124.082,49.808],[-124.037,49.925],[-123.938,49.829],[-123.993,50.011],[-123.808,50.103],[-123.993,50.22],[-123.828,50.158],[-123.755,50.094],[-123.954,49.99],[-123.928,49.764],[-123.795,49.644],[-123.534,49.705],[-123.76,49.61],[-123.777,49.505],[-123.939,49.744],[-124.061,49.631],[-123.886,49.477],[-123.534,49.389],[-123.503,49.505],[-123.171,49.705],[-123.27,49.335],[-122.938,49.326],[-122.856,49.442],[-122.961,49.282],[-123.247,49.275],[-123.138,49.196],[-123.212,49.13],[-123.041,49.151],[-123.143,49.061],[-123.091,48.993],[-123.035,48.992],[-122.907,49.088],[-122.753,48.993]],[[-114.137,67.888],[-114.296,67.9],[-113.927,67.879],[-114.137,67.888]],[[-78.642,58.628],[-78.696,58.697],[-78.457,58.539],[-78.642,58.628]]],[[[-67.176,45.179],[-67.19,45.233],[-67.04,45.076],[-66.943,45.19],[-66.848,45.128],[-66.889,45.061],[-66.491,45.156],[-66.441,45.08],[-66.259,45.162],[-66.31,45.205],[-66.202,45.159],[-66.06,45.258],[-66.197,45.334],[-66.01,45.464],[-66.136,45.313],[-65.929,45.213],[-65.752,45.244],[-64.905,45.628],[-64.772,45.614],[-64.572,45.861],[-64.749,46.09],[-64.531,45.902],[-64.546,45.732],[-64.347,45.889],[-64.276,45.842],[-64.306,45.779],[-64.265,45.765],[-64.333,45.745],[-64.306,45.827],[-64.381,45.792],[-64.902,45.43],[-64.929,45.326],[-64.759,45.3],[-64.576,45.416],[-63.36,45.361],[-63.469,45.292],[-63.716,45.326],[-64.115,45.216],[-64.199,45.149],[-64.101,45.059],[-64.155,44.984],[-64.223,45.108],[-64.368,45.108],[-64.33,45.31],[-64.478,45.341],[-64.441,45.256],[-65.398,44.895],[-65.723,44.727],[-65.742,44.668],[-65.429,44.778],[-65.692,44.621],[-65.786,44.696],[-66.18,44.434],[-66.197,44.391],[-65.849,44.587],[-66.095,44.374],[-66.21,44.106],[-66.122,43.744],[-65.98,43.706],[-65.997,43.854],[-65.971,43.78],[-65.862,43.806],[-65.73,43.514],[-65.566,43.574],[-65.475,43.471],[-65.45,43.56],[-65.402,43.504],[-65.457,43.6],[-65.341,43.545],[-65.368,43.744],[-65.25,43.673],[-65.238,43.806],[-65.129,43.675],[-65.087,43.758],[-65.025,43.716],[-65.039,43.832],[-64.984,43.758],[-64.967,43.874],[-64.839,43.83],[-64.847,43.929],[-64.667,43.998],[-64.717,44.059],[-64.576,44.069],[-64.606,44.159],[-64.498,44.141],[-64.368,44.264],[-64.429,44.34],[-64.269,44.267],[-64.347,44.367],[-64.211,44.367],[-64.34,44.415],[-64.306,44.566],[-64.162,44.58],[-64.076,44.477],[-64.066,44.634],[-63.888,44.696],[-63.929,44.511],[-63.785,44.532],[-63.793,44.468],[-63.633,44.441],[-63.523,44.518],[-63.662,44.717],[-63.439,44.596],[-63.417,44.683],[-63.285,44.627],[-63.237,44.737],[-63.14,44.689],[-63.119,44.791],[-63.059,44.675],[-63.059,44.778],[-62.989,44.711],[-62.83,44.718],[-62.805,44.785],[-62.531,44.806],[-62.476,44.901],[-62.448,44.833],[-62.393,44.91],[-61.989,44.985],[-62.051,45.011],[-61.825,45.099],[-61.64,45.087],[-61.687,45.175],[-61.389,45.164],[-61.279,45.254],[-61.175,45.203],[-61.165,45.264],[-61.12,45.213],[-61.037,45.3],[-60.969,45.272],[-60.999,45.333],[-61.462,45.355],[-61.237,45.506],[-61.493,45.691],[-61.62,45.614],[-61.876,45.693],[-61.911,45.889],[-62.493,45.608],[-62.476,45.663],[-62.613,45.691],[-62.657,45.628],[-62.792,45.642],[-62.633,45.717],[-62.757,45.759],[-62.675,45.772],[-63.101,45.811],[-63.065,45.759],[-63.288,45.724],[-63.381,45.772],[-63.23,45.806],[-63.516,45.811],[-63.439,45.876],[-63.757,45.847],[-64.093,46.033],[-63.79,46.131],[-64.253,46.234],[-64.559,46.224],[-64.558,46.369],[-64.704,46.328],[-64.613,46.419],[-64.711,46.48],[-64.707,46.672],[-64.854,46.676],[-64.792,46.725],[-64.904,46.859],[-64.8,47.082],[-65.368,47.088],[-64.96,47.294],[-64.892,47.562],[-64.68,47.741],[-64.86,47.753],[-64.826,47.816],[-65.073,47.78],[-65.026,47.85],[-65.636,47.622],[-65.818,47.907],[-66.386,48.075],[-66.848,47.999],[-66.473,48.12],[-66.29,48.065],[-66.287,48.114],[-66.067,48.102],[-65.896,48.226],[-65.784,48.116],[-65.286,48.013],[-64.96,48.188],[-64.779,48.204],[-64.723,48.335],[-64.221,48.496],[-64.278,48.589],[-64.175,48.644],[-64.559,48.883],[-64.169,48.762],[-64.299,48.959],[-64.823,49.189],[-65.566,49.266],[-66.622,49.123],[-68.425,48.547],[-69.445,47.992],[-70.535,47.011],[-71.302,46.745],[-71.714,46.632],[-71.867,46.667],[-72.19,46.526],[-72.274,46.421],[-72.496,46.361],[-72.731,46.177],[-73.156,46.05],[-73.217,45.899],[-73.449,45.705],[-73.519,45.426],[-73.735,45.419],[-74.004,45.245],[-74.713,44.999],[-71.504,45.014],[-71.449,45.227],[-71.334,45.289],[-71.16,45.246],[-70.993,45.348],[-70.892,45.235],[-70.813,45.423],[-70.641,45.408],[-70.732,45.492],[-70.687,45.573],[-70.419,45.717],[-70.263,45.923],[-70.281,46.212],[-70.074,46.42],[-70.008,46.704],[-69.222,47.46],[-69.07,47.432],[-69.057,47.269],[-68.906,47.19],[-68.3,47.368],[-67.814,47.082],[-67.807,45.713],[-67.431,45.598],[-67.471,45.266],[-67.319,45.154],[-67.176,45.179]]],[[[-66.901,44.889],[-66.905,44.956],[-66.975,44.861],[-66.901,44.889]]],[[[-54.123,47.643],[-54.351,47.403],[-54.244,47.408],[-54.123,47.643]]],[[[-55.925,47.677],[-56.11,47.637],[-55.904,47.607],[-55.925,47.677]]],[[[-54.095,47.619],[-54.082,47.478],[-54.082,47.691],[-54.095,47.619]]],[[[-53.568,48.191],[-53.677,48.15],[-53.931,48.208],[-53.875,48.107],[-53.619,48.082],[-53.534,48.108],[-53.568,48.191]]],[[[-54.883,49.555],[-54.807,49.516],[-54.877,49.494],[-54.744,49.494],[-54.539,49.661],[-54.883,49.555]]],[[[-54.277,49.576],[-53.978,49.664],[-54.11,49.754],[-54.191,49.678],[-54.27,49.727],[-54.277,49.576]]],[[[-55.51,50.805],[-55.643,50.723],[-55.524,50.721],[-55.51,50.805]]],[[[-55.528,50.973],[-55.639,50.961],[-55.569,50.891],[-55.528,50.973]]],[[[-52.629,47.527],[-52.773,47.801],[-52.876,47.588],[-53.129,47.417],[-53.26,47.559],[-53.17,47.609],[-53.252,47.581],[-53.207,47.736],[-52.837,48.105],[-52.923,48.171],[-53.061,48.052],[-53.276,48.016],[-53.554,47.539],[-53.67,47.527],[-53.666,47.684],[-53.763,47.626],[-53.929,47.852],[-53.792,47.775],[-53.787,47.903],[-53.697,47.897],[-53.609,48.054],[-53.908,48.021],[-53.663,48.061],[-53.905,48.085],[-53.941,48.177],[-53.925,48.237],[-53.639,48.169],[-53.369,48.294],[-53.355,48.387],[-53.187,48.355],[-52.985,48.555],[-53.077,48.704],[-53.244,48.526],[-53.437,48.616],[-53.615,48.41],[-53.582,48.527],[-53.725,48.432],[-53.657,48.547],[-53.856,48.368],[-53.855,48.475],[-54.164,48.391],[-53.749,48.52],[-53.711,48.561],[-53.959,48.547],[-53.604,48.677],[-53.726,48.66],[-53.835,48.75],[-53.917,48.673],[-53.794,48.678],[-53.931,48.63],[-54.02,48.746],[-53.878,48.748],[-53.844,48.839],[-54.198,48.774],[-53.811,48.931],[-53.896,48.981],[-53.725,49.014],[-53.838,49.034],[-53.59,49.052],[-53.493,49.288],[-54.045,49.482],[-54.232,49.363],[-54.219,49.417],[-54.373,49.422],[-54.483,49.268],[-54.469,49.546],[-54.817,49.276],[-54.834,49.41],[-54.88,49.289],[-55.034,49.23],[-55.013,49.349],[-55.082,49.363],[-55.054,49.294],[-55.288,49.195],[-55.278,49.106],[-55.184,49.123],[-55.383,49.047],[-55.136,49.541],[-55.315,49.535],[-55.236,49.39],[-55.315,49.315],[-55.289,49.401],[-55.445,49.356],[-55.315,49.452],[-55.432,49.425],[-55.37,49.507],[-55.569,49.363],[-55.521,49.494],[-55.657,49.384],[-55.822,49.522],[-56.131,49.429],[-55.836,49.692],[-55.968,49.703],[-56.165,49.575],[-56.002,49.753],[-55.465,49.963],[-55.493,50.014],[-55.746,49.932],[-55.959,50.041],[-56.192,49.925],[-56.062,50.083],[-56.117,50.158],[-56.857,49.548],[-56.782,49.729],[-56.905,49.754],[-56.768,49.83],[-56.672,50.13],[-56.444,50.304],[-56.5,50.391],[-56.412,50.377],[-56.1,50.669],[-56.161,50.878],[-56.104,50.905],[-56.081,50.721],[-55.733,51.083],[-55.764,51.217],[-55.966,51.159],[-56.076,51.233],[-56.09,51.371],[-55.596,51.309],[-55.409,51.579],[-55.632,51.61],[-55.738,51.555],[-55.61,51.48],[-55.873,51.496],[-55.893,51.628],[-56.665,51.35],[-56.795,51.138],[-56.98,51.055],[-56.901,51.018],[-57.089,51.021],[-56.926,50.918],[-57.155,50.758],[-57.397,50.709],[-57.155,50.626],[-57.355,50.607],[-57.94,49.705],[-57.878,49.532],[-57.7,49.463],[-57.871,49.507],[-57.897,49.439],[-58.001,49.562],[-58.212,49.409],[-58.214,49.253],[-57.926,49.247],[-58.08,49.147],[-57.85,49.185],[-58.135,49.127],[-58.046,48.996],[-57.885,48.972],[-58.069,48.979],[-58.213,49.074],[-58.357,49.062],[-58.369,49.149],[-58.714,48.568],[-58.851,48.636],[-58.893,48.554],[-58.959,48.616],[-58.769,48.78],[-59.226,48.54],[-59.262,48.473],[-58.703,48.555],[-58.272,48.521],[-58.57,48.44],[-59.403,47.91],[-59.301,47.614],[-59.112,47.561],[-58.426,47.637],[-58.261,47.753],[-58.341,47.643],[-57.885,47.697],[-57.919,47.65],[-57.768,47.616],[-57.333,47.643],[-57.315,47.584],[-57.172,47.637],[-57.147,47.572],[-56.791,47.53],[-56.706,47.568],[-56.754,47.637],[-56.676,47.577],[-56.672,47.627],[-56.336,47.616],[-56.309,47.753],[-56.302,47.629],[-56.181,47.631],[-56.151,47.842],[-56.059,47.7],[-55.86,47.791],[-55.78,47.958],[-55.914,47.659],[-55.63,47.677],[-56.169,47.504],[-56.106,47.467],[-55.747,47.588],[-55.918,47.437],[-55.638,47.545],[-55.599,47.399],[-55.407,47.501],[-55.427,47.72],[-55.356,47.732],[-55.362,47.654],[-55.13,47.664],[-55.109,47.585],[-54.938,47.787],[-55.088,47.602],[-54.699,47.671],[-54.955,47.506],[-55.184,47.46],[-55.487,47.14],[-55.87,47.075],[-55.98,46.97],[-55.851,46.871],[-55.668,46.863],[-55.528,46.944],[-55.418,46.867],[-55.23,46.936],[-55.189,47.075],[-55.155,47.013],[-55.095,47.06],[-55.136,47.17],[-55.027,47.173],[-54.838,47.419],[-54.664,47.376],[-54.417,47.609],[-54.606,47.352],[-54.404,47.451],[-54.458,47.499],[-54.198,47.833],[-54.267,47.903],[-54.125,47.828],[-54.082,47.875],[-53.893,47.599],[-53.923,47.454],[-53.808,47.424],[-53.996,47.317],[-53.932,47.234],[-54.01,47.234],[-54.189,46.828],[-53.948,46.858],[-53.56,47.205],[-53.499,47.136],[-53.643,46.985],[-53.521,46.945],[-53.645,46.801],[-53.486,46.903],[-53.636,46.711],[-53.555,46.618],[-53.355,46.739],[-53.389,46.684],[-53.266,46.739],[-53.193,46.628],[-53.067,46.666],[-52.854,47.026],[-52.938,47.088],[-52.629,47.527]]],[[[-127.919,51.522],[-128.01,51.724],[-128.145,51.59],[-127.933,51.419],[-127.919,51.522]]],[[[-55.353,51.885],[-55.27,52.006],[-55.419,51.919],[-55.353,51.885]]],[[[-128.138,51.864],[-128.135,51.747],[-128.033,51.764],[-127.97,52.063],[-128.178,52.016],[-128.248,51.864],[-128.138,51.864]]],[[[-130.997,52.112],[-131.109,52.154],[-131.024,51.947],[-130.997,52.112]]],[[[-127.947,52.166],[-128.123,52.152],[-128.087,52.089],[-127.94,52.09],[-127.947,52.166]]],[[[-128.248,52.022],[-128.16,52.199],[-128.291,52.125],[-128.248,52.022]]],[[[-128.228,52.213],[-128.447,52.238],[-128.522,52.158],[-128.358,52.145],[-128.34,52.079],[-128.228,52.213]]],[[[-128.097,52.241],[-127.916,52.183],[-127.961,52.296],[-128.173,52.255],[-128.097,52.241]]],[[[-127.241,52.426],[-127.751,52.25],[-127.888,51.953],[-127.718,51.988],[-127.577,52.186],[-127.238,52.313],[-127.241,52.426]]],[[[-128.618,52.454],[-128.764,52.45],[-128.68,52.268],[-128.618,52.454]]],[[[-128.563,52.611],[-128.817,52.522],[-128.516,52.434],[-128.551,52.665],[-128.563,52.611]]],[[[-131.565,52.727],[-131.702,52.721],[-131.602,52.595],[-131.593,52.666],[-131.453,52.645],[-131.469,52.734],[-131.674,52.707],[-131.565,52.727]]],[[[-128.31,52.429],[-128.391,52.797],[-128.466,52.383],[-128.31,52.429]]],[[[-128.93,52.614],[-129.275,52.825],[-128.981,52.454],[-128.93,52.614]]],[[[-128.31,52.727],[-128.275,52.603],[-128.173,52.824],[-128.31,52.727]]],[[[-128.533,52.727],[-128.51,52.654],[-128.502,52.872],[-128.533,52.727]]],[[[-129.557,53.001],[-129.653,53.022],[-129.621,52.958],[-129.557,53.001]]],[[[-129.564,53.056],[-129.688,53.064],[-129.544,53.009],[-129.564,53.056]]],[[[-129.653,53.132],[-129.743,53.132],[-129.589,53.072],[-129.653,53.132]]],[[[-129.304,53.036],[-129.534,53.185],[-129.338,52.973],[-129.304,53.036]]],[[[-131.113,52.172],[-131.01,52.227],[-131.36,52.344],[-131.255,52.355],[-131.248,52.447],[-131.408,52.358],[-131.469,52.508],[-131.661,52.542],[-131.73,52.701],[-131.84,52.714],[-131.853,52.768],[-131.661,52.806],[-131.984,52.878],[-131.922,52.94],[-131.8,52.875],[-131.613,52.927],[-131.626,52.998],[-131.837,53.05],[-131.922,52.987],[-132.004,53.064],[-131.596,53.042],[-131.798,53.256],[-132.065,53.161],[-132.566,53.146],[-132.489,53.032],[-132.114,53.001],[-132.141,52.934],[-132.327,52.913],[-132.134,52.755],[-132.086,52.858],[-131.939,52.773],[-131.922,52.727],[-132.004,52.783],[-131.969,52.727],[-132.086,52.734],[-131.512,52.409],[-131.558,52.33],[-131.28,52.132],[-131.277,52.241],[-131.175,52.124],[-131.148,52.213],[-131.113,52.172]]],[[[-128.804,52.701],[-128.664,52.971],[-128.755,52.604],[-128.595,52.614],[-128.539,53.02],[-128.635,53.163],[-129.064,53.308],[-129.184,52.95],[-129.1,52.903],[-128.865,53.036],[-129.015,53.146],[-128.838,53.036],[-129.111,52.82],[-128.927,52.673],[-128.804,52.701]]],[[[-129.294,53.108],[-129.134,53.12],[-129.241,53.334],[-129.294,53.108]]],[[[-128.914,53.406],[-128.997,53.544],[-129.118,53.321],[-128.928,53.328],[-128.914,53.406]]],[[[-129.743,53.235],[-129.974,53.458],[-130.515,53.63],[-130.527,53.553],[-130.338,53.516],[-130.414,53.499],[-130.326,53.4],[-129.939,53.169],[-129.77,53.159],[-129.743,53.235]]],[[[-129.166,53.385],[-129.094,53.509],[-128.981,53.585],[-128.884,53.576],[-128.842,53.716],[-129.16,53.627],[-129.166,53.385]]],[[[-130.406,53.687],[-130.092,53.57],[-130.261,53.798],[-130.406,53.687]]],[[[-130.253,53.892],[-130.092,53.646],[-129.872,53.639],[-130.058,53.608],[-129.913,53.611],[-129.807,53.385],[-129.568,53.215],[-129.43,53.336],[-129.361,53.246],[-129.337,53.361],[-129.639,53.482],[-129.516,53.488],[-129.831,53.735],[-130.253,53.892]]],[[[-130.447,53.982],[-130.331,53.968],[-130.479,53.844],[-130.352,53.838],[-130.232,53.974],[-130.422,54.1],[-130.674,53.989],[-130.715,53.858],[-130.622,53.856],[-130.676,53.961],[-130.489,53.899],[-130.447,53.982]]],[[[-132.579,53.207],[-132.196,53.159],[-132.127,53.201],[-132.278,53.215],[-131.963,53.283],[-131.933,53.619],[-131.661,54.167],[-131.916,54.04],[-132.182,54.044],[-132.079,53.892],[-132.159,53.7],[-132.484,53.577],[-132.353,53.673],[-132.607,53.632],[-132.658,53.691],[-132.241,53.777],[-132.117,53.872],[-132.161,54.008],[-132.284,54.108],[-132.407,54.099],[-132.661,53.941],[-132.576,54.118],[-133.073,54.167],[-133.144,53.897],[-132.891,53.62],[-132.977,53.557],[-132.826,53.523],[-132.862,53.467],[-132.671,53.491],[-132.4,53.33],[-132.703,53.378],[-132.758,53.317],[-132.538,53.327],[-132.71,53.262],[-132.579,53.207]]],[[[-130.743,54.606],[-130.931,54.623],[-130.962,54.455],[-130.743,54.606]]],[[[-130.592,54.742],[-130.462,54.712],[-130.462,54.804],[-130.592,54.742]]],[[[-57.871,54.818],[-57.988,54.804],[-57.945,54.927],[-58.227,54.871],[-58.157,54.764],[-57.871,54.818]]],[[[-130.431,54.79],[-130.27,54.832],[-130.182,55.032],[-130.431,54.79]]],[[[-60.749,55.935],[-60.864,55.957],[-60.889,55.866],[-60.749,55.935]]],[[[-61.01,56.044],[-60.941,56.092],[-61.098,56.175],[-61.217,56.058],[-60.941,56.019],[-61.01,56.044]]],[[[-61.414,56.373],[-61.797,56.421],[-61.597,56.333],[-61.414,56.373]]],[[[-61.229,56.455],[-61.606,56.558],[-61.633,56.51],[-61.428,56.483],[-61.633,56.47],[-61.147,56.442],[-61.229,56.455]]],[[[-61.216,56.586],[-61.057,56.627],[-61.095,56.685],[-61.216,56.586]]],[[[-61.63,56.846],[-61.647,56.736],[-61.388,56.623],[-61.384,56.772],[-61.585,56.772],[-61.339,56.935],[-61.52,56.949],[-61.63,56.846]]],[[[-61.613,57.415],[-61.825,57.435],[-61.647,57.483],[-61.679,57.538],[-61.9,57.449],[-61.849,57.415],[-61.613,57.415]]],[[[-61.853,57.586],[-62.018,57.547],[-61.929,57.456],[-61.794,57.507],[-61.853,57.586]]],[[[-61.9,57.764],[-61.745,57.713],[-61.654,57.79],[-61.8,57.845],[-61.9,57.764]]],[[[-61.931,57.795],[-61.982,57.915],[-62.104,57.834],[-61.931,57.795]]],[[[-69.102,59.131],[-69.354,59.141],[-69.286,59.07],[-69.344,58.949],[-69.061,59.077],[-69.102,59.131]]],[[[-64.079,59.8],[-64.08,59.866],[-64.203,59.745],[-64.139,59.701],[-63.963,59.752],[-64.079,59.8]]],[[[-107.875,66.943],[-107.924,66.855],[-107.812,67.015],[-107.875,66.943]]],[[[-108.047,66.982],[-108.115,67.037],[-108.037,66.902],[-108.047,66.982]]],[[[-107.417,67.119],[-107.609,67.21],[-107.544,67.088],[-107.417,67.119]]],[[[-108.006,67.372],[-107.93,67.31],[-107.902,67.486],[-108.149,67.413],[-108.006,67.372]]],[[[-108.287,67.536],[-108.492,67.564],[-108.42,67.472],[-108.287,67.536]]],[[[-108.129,67.646],[-108.106,67.468],[-107.923,67.55],[-108.004,67.661],[-108.129,67.646]]],[[[-113.446,67.927],[-113.604,67.906],[-113.248,67.92],[-113.446,67.927]]],[[[-108.911,67.92],[-109.198,67.995],[-108.91,67.872],[-108.911,67.92]]],[[[-109.356,68.057],[-109.548,68.057],[-109.342,67.981],[-109.356,68.057]]],[[[-110.061,68.098],[-110.259,68.043],[-109.876,68.132],[-110.061,68.098]]],[[[-111.658,68.304],[-111.726,68.222],[-111.5,68.304],[-111.658,68.304]]],[[[-100.091,68.373],[-100.234,68.324],[-100.121,68.279],[-100.091,68.373]]],[[[-110.836,68.551],[-111.095,68.48],[-110.699,68.489],[-110.836,68.551]]],[[[-104.49,68.516],[-104.681,68.579],[-105.086,68.551],[-104.655,68.398],[-104.466,68.417],[-104.49,68.516]]],[[[-101.694,68.77],[-102.025,68.824],[-102.352,68.687],[-101.845,68.571],[-101.694,68.77]]],[[[-100.207,68.804],[-100.125,68.907],[-100.561,69.038],[-100.603,68.756],[-100.471,68.8],[-100.392,68.715],[-100.207,68.804]]],[[[-100.042,69.085],[-100.139,69.147],[-100.255,69.05],[-100.022,68.94],[-100.042,69.085]]],[[[-101.529,69.188],[-101.689,69.211],[-101.682,69.087],[-101.529,69.188]]],[[[-135.567,69.386],[-135.292,69.316],[-135.353,69.397],[-135.567,69.386]]],[[[-100.981,69.482],[-101.345,69.578],[-101.243,69.374],[-100.981,69.482]]],[[[-96.555,69.479],[-96.143,69.353],[-96.169,69.57],[-96.74,69.585],[-96.555,69.479]]],[[[-95.944,69.421],[-95.885,69.344],[-95.762,69.564],[-95.746,69.339],[-95.413,69.386],[-95.371,69.514],[-95.63,69.62],[-95.912,69.6],[-95.944,69.421]]],[[[-139.113,69.654],[-139.336,69.572],[-139.138,69.535],[-138.87,69.592],[-139.113,69.654]]],[[[-95.215,68.862],[-95.828,68.876],[-96.048,69.23],[-96.151,69.03],[-96.22,69.314],[-97.284,69.697],[-97.391,69.6],[-97.493,69.674],[-97.342,69.709],[-97.925,69.896],[-98.37,69.606],[-98.024,69.435],[-98.549,69.585],[-98.419,69.476],[-98.611,69.449],[-98.41,69.308],[-98.653,69.301],[-99.007,69.139],[-99.461,69.135],[-99.597,69.027],[-99.192,68.83],[-98.97,68.955],[-98.522,68.75],[-98.364,68.858],[-98.119,68.675],[-97.789,68.66],[-97.464,68.535],[-97.159,68.518],[-97.102,68.59],[-96.52,68.448],[-95.842,68.62],[-95.778,68.741],[-95.595,68.756],[-95.53,68.678],[-95.215,68.862]]],[[[-97.466,69.901],[-97.226,69.88],[-97.388,69.962],[-97.466,69.901]]],[[[-116.263,70.552],[-116.496,70.524],[-116.126,70.538],[-116.263,70.552]]],[[[-117.057,70.572],[-117.304,70.572],[-116.88,70.552],[-117.057,70.572]]],[[[-128.235,70.661],[-128.344,70.545],[-128.084,70.613],[-128.235,70.661]]],[[[-100.351,70.49],[-100.229,70.465],[-100.392,70.585],[-100.194,70.579],[-100.715,70.681],[-100.656,70.552],[-100.351,70.49]]],[[[-100.872,69.808],[-101.022,70.186],[-101.529,70.113],[-101.595,70.277],[-102.192,70.333],[-102.851,70.516],[-103.087,70.677],[-102.928,70.499],[-103.572,70.606],[-104.591,71.073],[-104.319,71.47],[-105.025,72.073],[-105.367,72.792],[-105.85,73.06],[-106.234,73.087],[-106.873,73.316],[-107.088,73.286],[-107.073,73.178],[-108.088,73.354],[-107.868,73.19],[-108.165,73.206],[-108.298,73.134],[-107.985,72.518],[-107.786,72.463],[-107.779,72.141],[-107.252,71.902],[-107.472,71.87],[-107.252,71.806],[-107.801,71.734],[-107.833,71.608],[-108.246,71.723],[-108.192,71.963],[-108.341,71.936],[-108.54,72.149],[-108.633,72.566],[-109.047,72.573],[-108.946,72.674],[-110.076,72.996],[-110.754,72.985],[-110.529,72.849],[-110.23,72.824],[-110.255,72.739],[-109.773,72.717],[-110.294,72.676],[-109.788,72.504],[-110.259,72.559],[-109.78,72.436],[-110.381,72.56],[-110.534,72.504],[-110.334,72.427],[-110.594,72.494],[-110.486,72.558],[-110.704,72.579],[-111.086,72.408],[-111.028,72.285],[-111.377,72.354],[-111.295,72.471],[-111.753,72.207],[-111.659,72.36],[-111.888,72.368],[-111.289,72.566],[-111.22,72.724],[-112.859,73.005],[-113.391,72.912],[-113.604,72.778],[-113.44,72.685],[-113.66,72.613],[-113.509,72.703],[-114.546,72.568],[-114.248,72.689],[-114.337,72.756],[-113.981,72.809],[-113.958,73.14],[-114.584,73.385],[-117.369,72.918],[-118.569,72.478],[-118.128,72.227],[-118.577,72.179],[-119.093,71.899],[-119.093,71.668],[-118.889,71.583],[-118.833,71.663],[-118.461,71.653],[-118.429,71.58],[-117.695,71.668],[-117.969,71.622],[-117.672,71.559],[-118.308,71.47],[-118.162,71.379],[-117.551,71.374],[-117.565,71.504],[-117.39,71.387],[-115.824,71.548],[-115.43,71.489],[-115.057,71.525],[-115.419,71.452],[-115.742,71.511],[-116.215,71.436],[-115.765,71.368],[-117.798,71.17],[-118.386,71.022],[-118.275,70.878],[-117.585,70.606],[-116.233,70.64],[-115.561,70.579],[-113.988,70.716],[-112.172,70.503],[-111.964,70.375],[-111.487,70.332],[-111.716,70.262],[-112.261,70.309],[-112.138,70.277],[-112.551,70.2],[-114.185,70.316],[-115.637,70.248],[-116.965,70.129],[-117.442,69.989],[-117.236,69.756],[-116.859,69.654],[-116.906,69.593],[-116.596,69.564],[-116.633,69.462],[-115.975,69.3],[-115.189,69.243],[-114.255,69.284],[-113.541,69.191],[-113.693,69.195],[-113.55,69.044],[-113.668,68.815],[-113.052,68.51],[-113.244,68.454],[-111.251,68.52],[-111.418,68.579],[-110.376,68.576],[-109.029,68.727],[-108.539,68.947],[-107.941,68.941],[-107.335,69.026],[-106.937,69.216],[-106.963,69.363],[-106.584,69.504],[-106.318,69.401],[-106.412,69.188],[-104.941,69.086],[-105.278,68.955],[-105.123,68.896],[-104.594,68.864],[-104.264,68.948],[-104.1,68.858],[-102.966,68.799],[-102.714,68.84],[-102.749,68.899],[-102.523,68.866],[-102.407,68.955],[-101.822,68.996],[-101.772,69.194],[-101.927,69.262],[-102.09,69.182],[-102.222,69.229],[-101.939,69.421],[-102.283,69.504],[-102.843,69.385],[-103.183,69.116],[-103.017,69.482],[-103.085,69.523],[-103.126,69.44],[-103.49,69.695],[-102.784,69.537],[-102.51,69.564],[-102.673,69.769],[-102.395,69.818],[-102.336,69.767],[-102.225,69.92],[-101.673,69.647],[-101.457,69.906],[-101.295,69.67],[-100.964,69.664],[-100.872,69.808]]],[[[-72.949,66.735],[-73.345,66.659],[-74.472,66.149],[-73.718,65.775],[-73.474,65.46],[-74.118,65.537],[-74.551,65.333],[-74.715,65.44],[-75.105,65.396],[-75.215,65.254],[-75.55,65.277],[-75.621,65.343],[-75.949,65.322],[-75.908,65.261],[-75.751,65.236],[-75.718,65.192],[-75.562,65.169],[-75.363,65.008],[-75.199,65.106],[-75.263,64.957],[-75.393,64.982],[-75.572,64.884],[-75.346,64.925],[-75.379,64.722],[-75.668,64.946],[-75.425,64.972],[-75.441,65.066],[-75.739,65.159],[-75.798,65.232],[-77.392,65.473],[-77.292,65.381],[-77.514,65.326],[-77.313,65.2],[-78.121,64.974],[-78.073,64.816],[-78.299,64.707],[-78.156,64.699],[-78.011,64.428],[-77.679,64.322],[-77.655,64.391],[-77.405,64.328],[-77.351,64.241],[-77.133,64.301],[-76.689,64.192],[-76.711,64.305],[-76.455,64.27],[-76.462,64.324],[-76.188,64.301],[-76.353,64.362],[-75.736,64.372],[-75.922,64.487],[-75.633,64.46],[-75.82,64.622],[-75.219,64.434],[-75.157,64.494],[-74.681,64.378],[-74.506,64.462],[-74.646,64.535],[-74.469,64.562],[-74.989,64.802],[-74.731,64.772],[-74.743,64.858],[-74.544,64.899],[-74.487,64.837],[-74.708,64.74],[-74.541,64.626],[-74.369,64.577],[-74.311,64.686],[-74.242,64.583],[-74.05,64.726],[-74.003,64.583],[-74.167,64.57],[-73.955,64.515],[-74.126,64.542],[-74.163,64.358],[-73.996,64.329],[-73.962,64.48],[-73.783,64.48],[-73.922,64.609],[-73.752,64.542],[-73.646,64.666],[-73.427,64.603],[-73.464,64.508],[-73.314,64.538],[-73.303,64.666],[-73.167,64.59],[-73.482,64.405],[-73.266,64.37],[-73.386,64.281],[-73.283,64.26],[-73.243,64.336],[-73.104,64.281],[-72.714,63.966],[-72.663,64.084],[-72.666,63.856],[-72.378,63.783],[-72.242,63.959],[-72.09,63.911],[-72.365,63.761],[-72.318,63.679],[-72.201,63.78],[-71.93,63.655],[-71.923,63.82],[-71.656,63.658],[-71.535,63.712],[-71.562,63.581],[-71.419,63.637],[-71.403,63.569],[-71.227,63.602],[-71.614,63.427],[-72.142,63.448],[-71.781,63.414],[-71.713,63.178],[-71.409,63.123],[-71.402,63.056],[-71.216,63.009],[-70.926,63.173],[-70.823,63.13],[-71.158,62.994],[-70.946,63.033],[-71.042,62.959],[-70.83,62.897],[-70.24,62.754],[-69.939,62.801],[-69.761,62.733],[-69.835,62.829],[-69.699,62.746],[-69.39,62.767],[-69.589,62.667],[-69.445,62.554],[-69.459,62.629],[-69.377,62.534],[-69.292,62.628],[-69.198,62.445],[-68.554,62.25],[-67.338,62.14],[-67.317,62.073],[-66.746,62.013],[-66.406,61.877],[-65.971,61.886],[-66.204,62.117],[-66.04,62.075],[-65.93,62.205],[-66.265,62.267],[-66.155,62.248],[-66.225,62.35],[-66.344,62.271],[-66.474,62.337],[-66.358,62.452],[-66.512,62.424],[-66.48,62.505],[-66.76,62.684],[-67.006,62.657],[-66.91,62.698],[-67.053,62.692],[-67.198,62.877],[-67.369,62.856],[-67.245,62.89],[-67.424,62.979],[-67.657,62.918],[-67.537,63.045],[-67.773,62.959],[-67.611,63.097],[-67.986,63.076],[-67.917,63.143],[-68.23,63.199],[-68.993,63.761],[-68.529,63.746],[-68.287,63.637],[-68.289,63.699],[-67.698,63.37],[-67.924,63.768],[-67.201,63.288],[-67.012,63.288],[-66.974,63.396],[-67.02,63.239],[-66.834,63.151],[-66.807,63.275],[-66.675,63.029],[-66.55,62.996],[-66.739,63.294],[-66.653,63.376],[-66.397,63],[-66.104,62.952],[-66.283,63.137],[-66.029,62.986],[-65.834,63.033],[-65.963,62.937],[-65.788,62.873],[-65.712,63.051],[-65.752,62.925],[-65.604,62.825],[-65.399,62.829],[-65.327,62.918],[-65.252,62.835],[-65.375,62.787],[-65.245,62.78],[-65.355,62.685],[-65.17,62.568],[-64.929,62.644],[-65.272,63.007],[-64.887,62.869],[-64.628,62.911],[-64.847,62.973],[-64.868,63.096],[-64.751,63.102],[-65.06,63.178],[-64.978,63.228],[-65.149,63.288],[-64.902,63.239],[-65.149,63.431],[-64.987,63.603],[-65.302,63.813],[-64.943,63.633],[-64.717,63.281],[-64.537,63.255],[-64.635,63.418],[-64.508,63.422],[-64.522,63.669],[-64.991,63.828],[-64.639,63.991],[-64.695,64.046],[-64.964,63.973],[-65.213,64.028],[-65.053,64.069],[-65.252,64.179],[-65.395,64.151],[-65.262,64.219],[-65.656,64.301],[-65.227,64.301],[-65.265,64.384],[-65.073,64.449],[-65.211,64.541],[-65.408,64.445],[-65.351,64.53],[-65.707,64.49],[-65.752,64.59],[-65.56,64.713],[-65.647,64.773],[-65.71,64.692],[-65.717,64.844],[-65.776,64.804],[-65.952,64.885],[-65.807,64.637],[-65.957,64.768],[-66.041,64.719],[-66.019,64.858],[-66.218,64.692],[-66.341,64.774],[-66.15,64.871],[-66.682,65.044],[-66.705,64.769],[-66.759,65.069],[-66.917,65.049],[-66.725,65.186],[-67.109,65.062],[-66.937,65.241],[-67.112,65.203],[-67.122,65.316],[-67.417,65.351],[-67.06,65.424],[-67.459,65.501],[-67.259,65.535],[-67.273,65.645],[-67.736,65.638],[-68.033,65.487],[-67.814,65.816],[-68.205,65.796],[-68.082,65.833],[-68.147,65.933],[-68.312,65.913],[-68.191,65.953],[-68.348,66.04],[-68.116,65.967],[-68.212,66.008],[-68.083,65.981],[-68.027,66.076],[-68.2,66.128],[-68.261,66.081],[-68.485,66.193],[-68.85,66.193],[-68.497,66.213],[-68.514,66.303],[-68.399,66.187],[-68.274,66.227],[-67.973,66.083],[-67.923,65.903],[-67.704,65.898],[-67.746,65.966],[-67.616,65.906],[-67.187,65.916],[-67.314,66.001],[-67.163,66.042],[-67.753,66.255],[-67.993,66.509],[-67.629,66.446],[-67.399,66.296],[-67.146,66.303],[-67.41,66.433],[-67.156,66.368],[-67.286,66.526],[-67.746,66.57],[-67.528,66.624],[-67.129,66.487],[-66.883,66.57],[-67.06,66.646],[-66.725,66.591],[-66.862,66.543],[-66.677,66.46],[-66.766,66.385],[-66.443,66.414],[-66.574,66.371],[-66.521,66.219],[-66.15,66.289],[-66.257,66.224],[-66.012,66.118],[-65.682,66.191],[-65.477,66.392],[-65.639,66.173],[-65.96,66.053],[-65.899,65.954],[-64.964,66.076],[-64.71,66.283],[-64.354,66.35],[-64.717,66.225],[-64.854,66.036],[-64.738,65.974],[-64.938,66.007],[-65.336,65.921],[-65.505,65.755],[-65.385,65.788],[-65.454,65.679],[-65.184,65.657],[-64.792,65.728],[-65.341,65.583],[-64.991,65.548],[-64.71,65.659],[-64.929,65.529],[-65.17,65.487],[-65.01,65.369],[-64.409,65.481],[-64.915,65.343],[-64.682,65.343],[-64.909,65.309],[-64.649,65.254],[-64.731,65.159],[-64.617,65.192],[-64.557,65.093],[-64.237,65.432],[-64.374,65.179],[-64.079,65.2],[-64.278,65.104],[-64.11,65.052],[-63.809,65.186],[-63.871,65.044],[-63.655,65.042],[-63.826,64.987],[-63.613,65.003],[-63.535,64.899],[-63.34,65.145],[-63.518,65.193],[-63.313,65.21],[-63.524,65.385],[-63.388,65.398],[-63.655,65.467],[-63.291,65.432],[-63.62,65.549],[-63.607,65.597],[-63.367,65.538],[-63.367,65.633],[-63.721,65.679],[-63.347,65.673],[-63.51,65.937],[-63.196,65.634],[-62.96,65.59],[-62.932,65.761],[-62.657,65.589],[-62.598,65.675],[-62.846,65.769],[-62.572,65.763],[-62.871,65.908],[-62.645,65.811],[-62.291,65.823],[-62.429,65.979],[-62.823,66.022],[-63.066,66.124],[-62.924,66.151],[-62.785,66.038],[-62.319,65.981],[-61.954,66.02],[-62.137,66.155],[-62.699,66.198],[-62.894,66.337],[-62.664,66.22],[-62.319,66.303],[-62.499,66.408],[-62.692,66.401],[-62.627,66.44],[-61.935,66.289],[-61.565,66.344],[-61.565,66.419],[-61.99,66.412],[-61.582,66.478],[-61.822,66.629],[-62.188,66.632],[-61.999,66.699],[-61.438,66.547],[-61.276,66.654],[-61.73,66.831],[-61.606,66.872],[-62,66.872],[-61.754,66.951],[-62.106,66.919],[-62.09,67.06],[-62.425,66.928],[-62.311,66.728],[-62.555,66.938],[-62.747,66.943],[-62.902,66.638],[-62.865,66.969],[-63.349,66.891],[-63.428,66.708],[-63.442,66.911],[-63.528,66.818],[-63.82,66.817],[-63.237,66.974],[-63.281,67.111],[-62.977,67.222],[-63.164,67.338],[-63.771,66.96],[-63.505,67.241],[-64.497,67.139],[-64.7,67.009],[-64.609,67.14],[-63.963,67.276],[-64.773,67.198],[-64.231,67.296],[-64.8,67.351],[-63.908,67.307],[-63.997,67.454],[-64.443,67.481],[-64.042,67.537],[-64.312,67.735],[-64.374,67.7],[-64.641,67.667],[-64.395,67.716],[-64.379,67.772],[-64.503,67.807],[-64.759,67.824],[-64.826,67.694],[-64.913,67.794],[-65.195,67.644],[-64.943,67.914],[-65.067,67.934],[-64.75,68.001],[-65.025,68.057],[-65.419,67.914],[-65.55,67.793],[-65.361,67.598],[-65.614,67.789],[-65.452,67.999],[-65.81,67.975],[-66.012,67.637],[-65.928,68.165],[-66.389,67.781],[-66.746,67.879],[-66.414,67.869],[-66.183,68.016],[-66.248,68.085],[-66.478,68.078],[-66.314,68.129],[-66.581,68.148],[-66.739,67.989],[-66.693,68.145],[-66.971,68.037],[-66.788,68.249],[-67.065,68.296],[-67.38,68.129],[-67.602,68.167],[-67.385,68.154],[-67.033,68.327],[-67.404,68.355],[-67.579,68.252],[-67.698,68.242],[-67.527,68.345],[-67.869,68.268],[-67.403,68.397],[-67.022,68.362],[-66.664,68.441],[-67.129,68.482],[-67.125,68.413],[-67.341,68.413],[-67.242,68.491],[-67.549,68.492],[-67.606,68.384],[-67.63,68.493],[-67.492,68.53],[-67.664,68.565],[-67.859,68.55],[-67.958,68.4],[-67.933,68.56],[-68.76,68.571],[-68.481,68.6],[-68.63,68.639],[-68.904,68.605],[-68.644,68.665],[-68.106,68.63],[-68.048,68.687],[-68.973,68.743],[-68.989,68.803],[-69.383,68.818],[-69.151,68.831],[-69.363,68.881],[-67.819,68.773],[-68.493,68.899],[-67.999,68.856],[-68.04,68.948],[-68.551,68.984],[-67.704,69.024],[-68.373,69.18],[-68.864,69.092],[-69.018,68.968],[-68.925,69.106],[-69.07,69.114],[-68.507,69.201],[-68.964,69.223],[-68.083,69.22],[-68.952,69.339],[-69.208,69.302],[-69.014,69.359],[-68.198,69.311],[-67.678,69.177],[-66.782,69.133],[-66.671,69.264],[-67.228,69.464],[-68.005,69.462],[-68.587,69.591],[-69.291,69.509],[-70.022,69.537],[-69.261,69.535],[-68.726,69.647],[-68.349,69.633],[-68.013,69.776],[-67.115,69.729],[-67.225,69.948],[-68.078,70.327],[-68.349,70.189],[-68.191,70.127],[-68.565,70.053],[-68.649,69.943],[-69.103,69.92],[-69.391,69.784],[-69.747,69.804],[-70.008,69.626],[-69.788,69.832],[-69.444,69.821],[-68.791,70.041],[-68.678,70.202],[-69.683,70.14],[-69.758,69.973],[-70.473,69.845],[-69.815,69.992],[-70.157,70.045],[-69.47,70.248],[-68.72,70.322],[-68.591,70.467],[-68.459,70.373],[-68.281,70.518],[-69.473,70.791],[-70.041,70.597],[-70.394,70.615],[-70.31,70.503],[-70.474,70.478],[-70.449,70.635],[-69.957,70.735],[-69.876,70.884],[-70.985,70.634],[-71.542,70.024],[-71.169,70.535],[-71.515,70.579],[-71.824,70.294],[-71.73,70.425],[-71.967,70.421],[-71.748,70.449],[-71.576,70.613],[-71.212,70.582],[-70.806,70.724],[-70.521,70.914],[-70.621,71.069],[-70.862,71.109],[-71.202,71.007],[-71.174,70.857],[-71.591,70.873],[-72.571,70.613],[-72.165,70.84],[-72.776,70.818],[-72.356,70.879],[-72.045,71.085],[-71.471,71.066],[-71.117,71.27],[-71.544,71.505],[-72.549,71.665],[-73.379,70.983],[-73.276,71.223],[-73.05,71.27],[-73.315,71.34],[-73.881,71.053],[-73.379,71.387],[-73.462,71.442],[-73.639,71.361],[-73.564,71.558],[-73.866,71.535],[-74.242,71.203],[-74.03,71.442],[-74.318,71.415],[-73.996,71.462],[-73.608,71.733],[-73.722,71.778],[-73.996,71.754],[-74.146,71.539],[-74.108,71.738],[-74.523,71.663],[-74.743,71.514],[-74.631,71.39],[-75.077,71.184],[-74.705,71.395],[-74.928,71.456],[-74.844,71.523],[-75.134,71.492],[-74.64,71.668],[-75.395,71.519],[-74.94,71.662],[-75.394,71.675],[-74.252,71.822],[-74.242,72.08],[-75.063,72.128],[-75.196,72.024],[-75.551,71.984],[-75.671,71.817],[-75.866,71.708],[-76.1,71.696],[-75.805,71.758],[-75.585,72.004],[-75.242,72.083],[-75.658,72.124],[-76.005,72.059],[-76.415,71.861],[-76.029,72.089],[-75.639,72.145],[-75.282,72.124],[-75.03,72.203],[-75.198,72.498],[-75.94,72.592],[-76.103,72.48],[-76.169,72.591],[-76.652,72.639],[-76.889,72.743],[-77.601,72.756],[-78.427,72.594],[-78.532,72.426],[-76.997,72.134],[-77.59,72.183],[-77.661,72.1],[-77.691,72.217],[-78.409,72.329],[-78.428,72.179],[-78.537,72.346],[-78.805,72.338],[-78.875,72.231],[-78.429,72.12],[-78.294,71.977],[-78.125,71.977],[-77.696,71.812],[-77.748,71.752],[-78.154,71.972],[-78.299,71.917],[-77.909,71.771],[-78.209,71.824],[-78.504,72.1],[-78.83,72.173],[-78.914,72.014],[-78.504,71.874],[-79.231,71.976],[-78.957,72.283],[-79.332,72.402],[-79.546,72.292],[-79.45,72.196],[-79.546,72.275],[-79.768,72.222],[-79.594,72.341],[-79.819,72.506],[-80.17,72.326],[-79.676,72.128],[-80.245,72.3],[-80.238,72.21],[-80.483,72.181],[-80.397,72.05],[-80.985,71.888],[-80.8,72.018],[-81.026,72.093],[-80.567,72.082],[-80.972,72.203],[-80.512,72.382],[-80.537,72.515],[-81.383,72.244],[-80.245,72.738],[-80.64,72.928],[-80.62,73.16],[-81.188,73.265],[-81.229,73.54],[-81.528,73.716],[-82.831,73.737],[-83.641,73.595],[-84.008,73.505],[-83.665,73.456],[-83.605,73.302],[-83.781,73.436],[-84.182,73.478],[-84.658,73.395],[-84.343,73.231],[-84.797,73.391],[-85.113,73.322],[-85.158,73.209],[-83.638,72.985],[-85.175,73.149],[-85.208,73.059],[-85.417,73.141],[-85.536,73.026],[-85.118,73.033],[-83.953,72.758],[-85.318,72.963],[-85.571,72.972],[-85.682,72.894],[-85.515,72.463],[-85.132,72.354],[-84.78,72.462],[-84.865,72.367],[-84.432,72.382],[-84.939,72.292],[-84.165,72.025],[-84.207,71.939],[-84.862,72.22],[-85.476,72.266],[-85.498,72.08],[-86.051,72.015],[-85.556,71.902],[-85.583,71.792],[-85.258,71.668],[-84.622,71.666],[-84.759,70.966],[-84.968,70.924],[-84.96,71.079],[-85.145,71.086],[-84.982,71.108],[-84.878,71.072],[-84.973,71.196],[-86.824,70.991],[-85.945,71.181],[-85.406,71.197],[-85.193,71.299],[-84.838,71.287],[-84.96,71.429],[-85.497,71.514],[-86.128,71.794],[-86.447,72.128],[-86.266,72.466],[-86.738,72.731],[-86.03,73.302],[-84.837,73.745],[-85.241,73.827],[-86.558,73.855],[-87.995,73.656],[-88.843,73.348],[-88.619,73.286],[-89.051,73.252],[-88.887,73.217],[-89.148,73.186],[-89.361,72.98],[-89.277,72.758],[-89.578,72.792],[-89.468,72.669],[-89.735,72.621],[-89.901,72.443],[-89.901,72.19],[-89.578,72.162],[-89.993,72.072],[-90.119,71.929],[-89.798,71.765],[-90.004,71.456],[-89.813,71.329],[-88.081,71.21],[-87.864,71.275],[-87.749,71.141],[-87.002,70.997],[-87.893,70.935],[-89.558,71.093],[-89.188,70.963],[-89.449,70.908],[-88.769,70.484],[-88.141,70.396],[-87.879,70.318],[-88.263,70.332],[-87.853,70.238],[-87.612,70.284],[-87.78,70.332],[-86.974,70.29],[-87.01,70.374],[-87.249,70.394],[-86.975,70.473],[-86.742,70.387],[-86.883,70.336],[-86.639,70.325],[-86.371,70.527],[-86.55,70.236],[-85.783,69.995],[-85.235,69.996],[-85.609,70.078],[-85.854,70.05],[-85.8,70.1],[-84.952,70.067],[-84.812,70.119],[-84.82,70.03],[-84.368,69.987],[-83.673,69.946],[-83.052,70.01],[-82.138,69.786],[-82.025,69.874],[-81.739,69.88],[-81.739,69.952],[-83.006,70.31],[-81.568,69.97],[-80.929,69.715],[-80.778,69.793],[-81.757,70.13],[-80.068,70.004],[-80.012,69.946],[-79.906,69.983],[-79.681,69.849],[-78.8,69.88],[-78.665,70.014],[-78.925,70.302],[-79.591,70.411],[-79.252,70.558],[-79.347,70.449],[-79.16,70.443],[-79.016,70.682],[-78.717,70.552],[-78.882,70.601],[-79.074,70.477],[-78.868,70.415],[-78.892,70.48],[-78.745,70.456],[-78.582,70.314],[-78.388,70.339],[-78.539,70.312],[-78.408,70.216],[-77.892,70.264],[-77.704,70.201],[-77.683,69.825],[-77.614,69.743],[-77.442,69.791],[-77.519,69.832],[-77.634,69.825],[-76.976,69.942],[-77.313,69.842],[-76.777,69.836],[-76.795,69.722],[-77.203,69.647],[-76.703,69.565],[-76.622,69.689],[-76.182,69.668],[-76.21,69.619],[-76.47,69.658],[-76.63,69.546],[-76.391,69.405],[-75.962,69.373],[-75.602,69.236],[-75.621,69.088],[-75.99,69.011],[-76.422,69.06],[-76.638,69.016],[-76.625,68.682],[-75.607,68.886],[-75.486,69.022],[-75.116,68.893],[-74.809,69.083],[-74.64,69.024],[-74.941,68.998],[-75.044,68.934],[-74.845,68.94],[-75.044,68.907],[-74.703,68.938],[-74.685,68.88],[-74.983,68.811],[-74.825,68.777],[-74.574,68.842],[-74.71,68.726],[-74.22,68.516],[-73.986,68.495],[-73.885,68.555],[-74.188,68.729],[-73.756,68.687],[-73.844,68.35],[-73.619,68.25],[-73.279,68.4],[-73.495,68.277],[-72.995,68.236],[-72.944,67.932],[-72.608,67.786],[-72.663,67.685],[-72.193,67.276],[-72.351,67.119],[-72.803,67.043],[-72.949,66.735]]],[[[-115.324,73.509],[-117.416,74.232],[-118.066,74.281],[-118.725,74.221],[-118.952,74.018],[-119.189,73.992],[-119.144,74.209],[-119.48,74.226],[-119.765,74.035],[-119.518,74.231],[-120.157,74.279],[-121.581,74.556],[-124.756,74.349],[-124.213,73.879],[-123.774,73.766],[-124.86,73.09],[-124.476,72.933],[-125.113,72.868],[-124.952,72.57],[-125.438,72.416],[-125.878,71.964],[-124.959,71.967],[-125.253,71.956],[-123.94,71.653],[-123.255,71.13],[-122.798,71.088],[-121.701,71.468],[-121.423,71.38],[-120.635,71.491],[-120.382,71.692],[-120.434,71.964],[-120.158,72.128],[-120.255,72.261],[-119.806,72.223],[-119.437,72.318],[-119.164,72.63],[-115.754,73.357],[-115.324,73.509]]],[[[-123.369,48.774],[-123.596,48.952],[-123.531,48.734],[-123.369,48.774]]],[[[-123.654,49.034],[-123.317,48.87],[-123.697,49.109],[-123.654,49.034]]],[[[-126.083,49.315],[-126.132,49.397],[-126.231,49.379],[-126.224,49.277],[-126.069,49.256],[-126.083,49.315]]],[[[-123.331,49.373],[-123.326,49.42],[-123.426,49.34],[-123.331,49.373]]],[[[-124.232,49.499],[-124.379,49.507],[-124.186,49.447],[-124.232,49.499]]],[[[-123.452,49.445],[-123.324,49.462],[-123.362,49.541],[-123.452,49.445]]],[[[-124.109,49.678],[-124.02,49.781],[-124.205,49.705],[-124.109,49.678]]],[[[-124.664,49.747],[-124.123,49.5],[-124.348,49.704],[-124.633,49.802],[-124.664,49.747]]],[[[-126.659,49.788],[-126.769,49.883],[-126.987,49.815],[-126.856,49.78],[-126.974,49.736],[-126.679,49.592],[-126.659,49.788]]],[[[-125.028,50.144],[-124.986,50.014],[-124.891,50.069],[-125,50.233],[-125.028,50.144]]],[[[-125.199,50.041],[-125.163,49.993],[-125.166,50.206],[-125.29,50.291],[-125.329,50.155],[-125.199,50.041]]],[[[-124.891,50.193],[-124.832,50.117],[-124.754,50.168],[-124.917,50.303],[-124.891,50.193]]],[[[-124.803,50.229],[-124.723,50.293],[-124.726,50.163],[-124.651,50.224],[-124.725,50.305],[-124.803,50.229]]],[[[-125.336,50.302],[-125.212,50.322],[-125.134,50.128],[-125.049,50.219],[-125.288,50.437],[-125.404,50.332],[-125.336,50.302]]],[[[-125.368,50.461],[-125.545,50.378],[-125.392,50.367],[-125.368,50.461]]],[[[-125.749,50.422],[-125.806,50.475],[-125.965,50.438],[-125.749,50.422]]],[[[-126.337,50.603],[-126.624,50.535],[-126.235,50.557],[-126.337,50.603]]],[[[-126.618,50.672],[-126.288,50.655],[-126.179,50.751],[-126.289,50.829],[-126.618,50.672]]],[[[-126.782,50.775],[-126.562,50.802],[-126.905,50.829],[-126.782,50.775]]],[[[-123.321,48.496],[-123.417,48.691],[-123.535,48.54],[-123.527,48.678],[-123.651,48.753],[-123.573,48.746],[-123.58,48.822],[-123.835,49],[-123.757,49.042],[-123.955,49.229],[-124.795,49.473],[-124.976,49.668],[-124.882,49.725],[-125.178,49.925],[-125.477,50.339],[-126.864,50.53],[-127.882,50.867],[-128.417,50.772],[-128.06,50.453],[-127.593,50.544],[-127.878,50.63],[-127.419,50.603],[-127.562,50.521],[-127.447,50.377],[-127.591,50.486],[-127.926,50.462],[-127.968,50.342],[-127.747,50.243],[-127.898,50.114],[-127.796,50.083],[-127.463,50.187],[-127.363,50.033],[-127.285,50.151],[-127.19,50.096],[-127.097,50.151],[-127.238,49.962],[-127.142,49.867],[-126.936,49.867],[-126.919,49.973],[-126.839,49.888],[-126.844,49.973],[-126.65,49.898],[-126.573,49.707],[-126.467,49.792],[-126.453,49.674],[-126.107,49.683],[-126.549,49.596],[-126.573,49.414],[-126.487,49.384],[-126.432,49.473],[-126.288,49.363],[-126.255,49.451],[-126.055,49.445],[-126.014,49.322],[-125.912,49.438],[-126.028,49.274],[-125.844,49.267],[-125.775,49.37],[-125.747,49.148],[-125.613,49.206],[-125.872,49.09],[-125.607,48.962],[-125.469,48.918],[-125.333,49.042],[-125.24,48.955],[-124.908,49.006],[-124.808,49.247],[-124.847,49.02],[-125.185,48.801],[-125.094,48.73],[-123.654,48.314],[-123.551,48.313],[-123.437,48.445],[-123.302,48.414],[-123.321,48.496]]],[[[-132.979,54.246],[-133.082,54.232],[-133,54.19],[-132.979,54.246]]],[[[-64.477,60.334],[-64.422,60.398],[-64.531,60.376],[-64.641,60.492],[-64.862,60.466],[-64.427,60.286],[-64.477,60.334]]],[[[-67.881,60.497],[-67.999,60.586],[-68.241,60.586],[-68.419,60.21],[-67.973,60.29],[-67.881,60.497]]],[[[-78.244,60.835],[-78.696,60.714],[-78.278,60.773],[-78.244,60.835]]],[[[-64.841,61.352],[-64.679,61.495],[-64.717,61.663],[-65.452,61.657],[-65.47,61.591],[-64.841,61.352]]],[[[-65.703,61.793],[-65.791,61.873],[-65.946,61.801],[-65.703,61.793]]],[[[-93.025,61.917],[-93.216,61.882],[-93.059,61.83],[-93.025,61.917]]],[[[-65.241,61.92],[-65.147,61.784],[-64.874,61.734],[-64.978,61.897],[-65.241,61.92]]],[[[-92.272,62.407],[-92.354,62.362],[-92.142,62.396],[-92.272,62.407]]],[[[-79.282,62.27],[-79.54,62.418],[-79.831,62.411],[-80.215,62.138],[-80.261,61.856],[-79.834,61.573],[-79.326,61.988],[-79.282,62.27]]],[[[-64.381,62.527],[-64.801,62.569],[-64.952,62.435],[-64.594,62.37],[-64.381,62.527]]],[[[-77.723,62.588],[-77.833,62.603],[-77.804,62.548],[-77.621,62.588],[-77.723,62.588]]],[[[-64.967,62.534],[-64.915,62.607],[-65.142,62.554],[-64.967,62.534]]],[[[-91.134,62.685],[-91.271,62.692],[-90.984,62.664],[-91.134,62.685]]],[[[-74.016,62.671],[-74.653,62.719],[-74.119,62.603],[-73.965,62.609],[-74.016,62.671]]],[[[-70.241,62.616],[-70.492,62.767],[-71.236,62.886],[-71.035,62.829],[-71.157,62.803],[-70.774,62.771],[-70.925,62.746],[-70.728,62.553],[-70.362,62.527],[-70.241,62.616]]],[[[-82.191,62.986],[-83.06,62.842],[-83.287,62.932],[-83.419,62.892],[-83.939,62.459],[-83.705,62.144],[-83.281,62.253],[-83.066,62.187],[-81.957,62.698],[-81.862,62.925],[-82.191,62.986]]],[[[-77.538,63.288],[-77.844,63.472],[-78.519,63.485],[-78.532,63.39],[-77.941,63.087],[-77.56,63.185],[-77.538,63.288]]],[[[-91.463,63.617],[-91.453,63.559],[-91.299,63.568],[-91.463,63.617]]],[[[-64.086,63.335],[-64.293,63.439],[-64.395,63.678],[-64.422,63.473],[-64.06,63.275],[-64.086,63.335]]],[[[-76.689,63.486],[-76.709,63.568],[-77.12,63.685],[-77.446,63.661],[-76.982,63.407],[-76.702,63.37],[-76.545,63.467],[-76.689,63.486]]],[[[-64.888,63.795],[-64.401,63.688],[-64.422,63.781],[-64.613,63.788],[-64.563,63.909],[-64.729,63.903],[-64.751,63.828],[-64.813,63.884],[-64.888,63.795]]],[[[-77.973,63.966],[-77.737,63.932],[-77.545,64.028],[-77.905,64.024],[-77.973,63.966]]],[[[-73.276,64.219],[-73.365,64.151],[-73.173,64.206],[-73.276,64.219]]],[[[-73.53,64.504],[-73.534,64.566],[-73.684,64.525],[-73.608,64.314],[-73.53,64.504]]],[[[-65.546,64.548],[-65.217,64.631],[-65.293,64.74],[-65.683,64.515],[-65.546,64.548]]],[[[-62.257,65.748],[-62.47,65.749],[-62.47,65.665],[-62.209,65.61],[-62.257,65.748]]],[[[-83.503,65.81],[-83.291,65.847],[-83.545,65.871],[-83.503,65.81]]],[[[-80.183,63.768],[-80.675,63.894],[-80.522,63.97],[-80.889,64.123],[-80.931,63.993],[-81.399,64.102],[-81.457,64.038],[-81.992,63.999],[-81.588,64.185],[-81.775,64.309],[-81.771,64.512],[-82.098,64.687],[-82.746,64.789],[-83.208,64.948],[-83.428,65.145],[-84.069,65.2],[-84.23,65.268],[-84.16,65.347],[-84.555,65.486],[-84.918,65.214],[-85.008,65.416],[-85.316,65.541],[-85.052,65.614],[-85.201,65.809],[-85.488,65.797],[-85.541,65.922],[-85.939,65.763],[-86.152,65.396],[-86.173,64.83],[-86.419,64.597],[-86.193,64.103],[-86.954,63.897],[-87.209,63.696],[-87.124,63.564],[-85.82,63.706],[-85.714,63.774],[-85.635,63.243],[-85.51,63.129],[-85.274,63.123],[-84.59,63.315],[-84.284,63.627],[-84.089,63.61],[-83.634,63.771],[-83.685,64.014],[-83.513,64.12],[-83.204,64.122],[-83.084,64.19],[-82.966,64.137],[-83.085,63.958],[-82.534,63.973],[-82.371,63.913],[-82.551,63.757],[-82.482,63.685],[-82.075,63.692],[-81.125,63.464],[-80.183,63.768]]],[[[-85.001,66.008],[-85.179,65.988],[-85.113,65.762],[-84.713,65.555],[-84.59,65.686],[-85.001,66.008]]],[[[-84.474,66.09],[-84.125,65.907],[-84.143,65.767],[-83.786,65.793],[-83.685,65.748],[-83.839,65.652],[-83.583,65.706],[-83.301,65.635],[-83.239,65.722],[-83.531,65.713],[-83.786,65.813],[-83.693,65.926],[-84.021,66.088],[-84.458,66.146],[-84.474,66.09]]],[[[-83.274,66.309],[-83.078,66.198],[-82.904,66.268],[-83.274,66.309]]],[[[-62.407,67.187],[-62.902,67.063],[-62.747,67.018],[-62.407,67.187]]],[[[-63.518,67.324],[-63.833,67.29],[-63.36,67.296],[-63.518,67.324]]],[[[-63.757,67.523],[-63.973,67.652],[-64.017,67.512],[-63.757,67.523]]],[[[-73.358,67.838],[-73.446,67.993],[-74.255,68.063],[-74.338,68.181],[-74.462,68.071],[-74.756,68.063],[-74.64,67.857],[-74.402,67.779],[-73.409,67.776],[-73.358,67.838]]],[[[-66.296,68.269],[-66.653,68.198],[-66.271,68.161],[-66.296,68.269]]],[[[-86.577,68.291],[-86.748,68.287],[-86.987,68.084],[-86.886,67.823],[-86.598,67.728],[-86.372,67.937],[-86.577,68.291]]],[[[-75.034,68.173],[-75.911,68.345],[-76.731,68.243],[-77.323,67.708],[-76.982,67.243],[-75.889,67.258],[-75.23,67.432],[-75.03,67.618],[-75.161,67.953],[-75.034,68.173]]],[[[-78.909,68.324],[-79.176,68.332],[-79.044,68.166],[-78.83,68.253],[-78.909,68.324]]],[[[-82.081,68.307],[-82,68.351],[-82.328,68.379],[-82.081,68.307]]],[[[-74.369,68.389],[-74.173,68.247],[-74.084,68.343],[-74.32,68.469],[-74.369,68.389]]],[[[-78.614,68.506],[-78.463,68.62],[-78.886,68.659],[-78.669,68.585],[-78.971,68.475],[-78.614,68.506]]],[[[-74.845,68.579],[-74.517,68.564],[-74.793,68.676],[-74.845,68.579]]],[[[-74.838,68.42],[-74.989,68.669],[-75.239,68.725],[-75.411,68.523],[-74.996,68.338],[-74.811,68.324],[-74.838,68.42]]],[[[-68.006,68.77],[-68.453,68.809],[-67.663,68.701],[-68.006,68.77]]],[[[-90.497,69.243],[-90.66,69.381],[-90.777,69.277],[-90.667,69.357],[-90.685,69.229],[-90.497,69.243]]],[[[-79.08,68.879],[-78.847,68.908],[-78.457,69.229],[-78.342,69.207],[-78.313,69.387],[-78.71,69.342],[-78.622,69.263],[-79.225,69.075],[-79.397,68.863],[-79.08,68.879]]],[[[-90.25,69.298],[-90.202,69.448],[-90.507,69.367],[-90.328,69.239],[-90.25,69.298]]],[[[-76.692,69.411],[-77.327,69.417],[-77.367,69.225],[-77.158,69.118],[-76.901,69.106],[-76.692,69.411]]],[[[-67.444,69.592],[-67.753,69.523],[-67.506,69.496],[-67.308,69.558],[-67.444,69.592]]],[[[-67.91,69.534],[-67.725,69.647],[-67.891,69.712],[-67.828,69.661],[-68.308,69.592],[-67.91,69.534]]],[[[-78.395,69.647],[-78.566,69.647],[-78.858,69.458],[-77.942,69.647],[-78.176,69.756],[-78.395,69.647]]],[[[-79.971,69.633],[-79.533,69.633],[-79.327,69.709],[-79.455,69.801],[-80.15,69.723],[-80.206,69.801],[-80.447,69.8],[-80.403,69.67],[-80.718,69.756],[-80.814,69.695],[-80.497,69.668],[-80.334,69.558],[-80.238,69.626],[-80.231,69.541],[-79.999,69.5],[-79.971,69.633]]],[[[-83.836,69.75],[-83.701,69.723],[-83.701,69.769],[-83.528,69.791],[-83.856,69.832],[-83.836,69.75]]],[[[-91.463,69.777],[-91.425,69.886],[-91.737,69.798],[-91.557,69.729],[-91.463,69.777]]],[[[-87.084,69.989],[-86.46,70.017],[-86.598,70.113],[-87.117,70.161],[-87.379,70.106],[-87.084,69.989]]],[[[-71.508,71.017],[-72.012,71.052],[-72.067,70.932],[-72.228,70.935],[-72.091,70.812],[-71.406,70.917],[-71.343,71.008],[-71.508,71.017]]],[[[-72.954,71.518],[-73.139,71.421],[-73.101,71.553],[-73.379,71.518],[-73.054,71.296],[-72.817,71.449],[-72.954,71.518]]],[[[-72.738,71.662],[-73.044,71.586],[-72.765,71.529],[-72.738,71.662]]],[[[-96.918,72.738],[-96.651,72.779],[-96.727,72.898],[-96.918,72.738]]],[[[-97.072,73.138],[-97.1,72.992],[-96.784,72.931],[-96.651,73.142],[-96.857,73.194],[-97.072,73.138]]],[[[-108.088,73.591],[-107.994,73.547],[-107.58,73.601],[-108.088,73.591]]],[[[-104.681,73.63],[-105.381,73.771],[-106.6,73.711],[-107.039,73.484],[-106.121,73.293],[-105.285,72.851],[-105.36,72.95],[-105.016,73.014],[-104.573,73.332],[-104.681,73.63]]],[[[-80.903,73.607],[-80.697,73.484],[-80.86,73.319],[-80.164,73.233],[-80.002,72.871],[-79.568,72.76],[-78.171,72.899],[-76.125,72.847],[-76.243,73.093],[-76.634,73.17],[-76.714,73.323],[-77.04,73.359],[-77.428,73.56],[-78.139,73.669],[-79.45,73.635],[-80.446,73.774],[-80.862,73.751],[-80.903,73.607]]],[[[-96.321,72.467],[-96.538,72.752],[-97.194,72.615],[-97.026,72.729],[-97.419,72.861],[-97.256,72.962],[-97.985,73.044],[-98.446,72.873],[-98.515,73.005],[-97.828,73.278],[-97.173,73.359],[-97.183,73.472],[-97.616,73.458],[-97.644,73.54],[-96.97,73.641],[-97.194,73.847],[-97.804,73.859],[-97.774,73.919],[-98.097,73.818],[-99.129,73.752],[-99.18,73.691],[-100.001,73.95],[-100.303,73.861],[-99.861,73.895],[-100.023,73.738],[-100.415,73.844],[-101.005,73.802],[-101.119,73.724],[-100.549,73.601],[-100.42,73.419],[-100.919,73.603],[-101.23,73.606],[-101.585,73.457],[-100.858,73.263],[-100.337,73.326],[-100.363,73.4],[-99.769,73.211],[-100.039,73.194],[-100.351,73.293],[-100.556,73.231],[-100.53,73.093],[-100.228,73.134],[-100.035,72.944],[-100.317,72.877],[-100.437,73.034],[-100.431,72.74],[-101.334,72.725],[-101.948,73.093],[-102.485,73.041],[-102.756,72.812],[-102.614,72.661],[-101.794,72.412],[-101.84,72.326],[-101.449,72.242],[-101.216,72.335],[-100.968,72.175],[-100.637,72.186],[-99.385,71.586],[-99.235,71.35],[-98.968,71.383],[-98.73,71.272],[-98.042,71.531],[-98.5,71.723],[-98.295,71.902],[-98.253,71.67],[-97.685,71.618],[-97.212,71.666],[-96.74,71.852],[-96.589,71.821],[-96.501,71.931],[-96.767,71.922],[-96.493,72.028],[-96.869,72.045],[-96.5,72.093],[-96.534,72.244],[-96.877,72.326],[-96.46,72.369],[-96.321,72.467]]],[[[-99.247,73.855],[-98.844,73.852],[-99.172,73.834],[-98.951,73.807],[-98.143,73.878],[-97.658,74.101],[-98.77,74.031],[-99.44,73.909],[-99.247,73.855]]],[[[-90.291,73.923],[-91.572,74.033],[-92.334,73.943],[-92.373,74.048],[-93.273,74.178],[-93.73,74.161],[-93.757,74.077],[-93.919,74.14],[-94.374,74.132],[-95.293,73.992],[-95.299,73.88],[-94.958,73.841],[-95.074,73.778],[-94.622,73.656],[-95.412,73.776],[-95.719,73.691],[-95.513,73.134],[-95.669,72.802],[-95.136,72.463],[-95.177,72.155],[-94.79,72.16],[-95.201,72.111],[-95.145,71.966],[-94.345,72.026],[-94.06,71.984],[-94.027,72.066],[-94.218,72.053],[-93.475,72.442],[-93.787,72.741],[-94.314,72.717],[-94.287,72.78],[-93.301,72.818],[-92.385,72.71],[-92.073,72.755],[-91.376,73.203],[-91.634,73.231],[-91.258,73.272],[-90.291,73.923]]],[[[-97.737,74.471],[-97.377,74.512],[-97.37,74.629],[-97.737,74.471]]],[[[-95.362,74.591],[-95.563,74.643],[-95.87,74.581],[-95.35,74.496],[-95.362,74.591]]],[[[-103.638,75.2],[-103.821,75.367],[-104.403,75.433],[-104.93,75.141],[-104.229,75.019],[-103.763,75.091],[-103.638,75.2]]],[[[-93.437,74.944],[-93.642,75.04],[-93.499,75.268],[-94.394,75.604],[-95.298,75.604],[-95.791,75.501],[-95.705,75.403],[-96.156,75.408],[-95.78,75.383],[-96.171,75.307],[-95.986,75.252],[-96.469,75.194],[-96.616,74.992],[-96.329,75.004],[-96.267,74.91],[-96.065,75.024],[-96.121,74.918],[-95.898,74.826],[-95.515,74.814],[-95.511,74.744],[-95.305,74.805],[-94.724,74.632],[-93.608,74.654],[-93.437,74.944]]],[[[-96.575,75.438],[-96.424,75.581],[-96.206,75.458],[-95.91,75.561],[-96.375,75.66],[-97.055,75.499],[-96.873,75.357],[-96.575,75.438]]],[[[-120.998,75.931],[-121.168,75.734],[-120.914,75.81],[-120.998,75.931]]],[[[-102.873,75.766],[-101.981,75.952],[-102.215,75.993],[-103.045,75.906],[-103.387,75.766],[-102.873,75.766]]],[[[-94.485,75.978],[-94.91,75.937],[-94.658,75.746],[-94.295,75.776],[-94.485,75.978]]],[[[-102.572,75.993],[-102.327,76.023],[-102.444,76.09],[-103.976,75.944],[-103.692,75.889],[-102.572,75.993]]],[[[-117.785,75.896],[-117.463,76.088],[-117.66,76.126],[-118.621,75.922],[-119.409,75.602],[-118.614,75.504],[-118.202,75.602],[-117.785,75.896]]],[[[-78.895,76.123],[-79.752,75.883],[-79.438,75.795],[-79.279,75.877],[-78.896,75.843],[-79.176,75.958],[-78.895,76.123]]],[[[-103.811,76.034],[-102.683,76.117],[-102.727,76.316],[-104.312,76.212],[-104.395,76.081],[-103.811,76.034]]],[[[-104.398,76.469],[-104.378,76.325],[-103.336,76.332],[-103.01,76.423],[-103.796,76.623],[-104.058,76.568],[-104.025,76.67],[-104.681,76.602],[-104.398,76.469]]],[[[-97.425,75.52],[-97.378,75.68],[-97.939,75.746],[-97.57,75.865],[-97.665,76.486],[-98.368,76.57],[-98.151,76.589],[-98.427,76.678],[-98.857,76.678],[-98.487,76.651],[-99.029,76.602],[-98.851,76.438],[-99.123,76.465],[-99.07,76.404],[-99.641,76.637],[-100.333,76.645],[-100.988,76.507],[-100.675,76.381],[-100.139,76.383],[-99.844,76.287],[-100.178,76.318],[-100.077,76.273],[-100.479,76.234],[-99.419,76.164],[-100.221,76.136],[-99.864,75.937],[-99.44,75.972],[-99.947,75.875],[-100.625,76.081],[-100.42,76.123],[-100.741,76.096],[-101.413,76.438],[-102.035,76.413],[-102.103,76.221],[-101.385,76.253],[-101.903,76.106],[-101.71,75.99],[-101.304,76.021],[-101.551,75.87],[-101.359,75.78],[-100.913,75.815],[-101.276,75.746],[-101.833,75.906],[-102.262,75.87],[-102.346,75.787],[-102.119,75.8],[-102.009,75.705],[-102.562,75.726],[-102.633,75.616],[-102.882,75.618],[-102.668,75.504],[-101.449,75.608],[-101.361,75.578],[-100.223,75.667],[-98.894,75.7],[-99.823,75.656],[-99.704,75.595],[-100.042,75.561],[-99.83,75.548],[-100.283,75.527],[-100.041,75.457],[-100.721,75.438],[-100.427,75.383],[-100.749,75.345],[-99.987,75.239],[-100.549,75.205],[-100.33,75.014],[-99.426,74.992],[-99.306,75.131],[-99.374,74.989],[-98.9,75.067],[-98.75,74.988],[-97.976,75.014],[-98.103,75.226],[-97.813,75.113],[-97.569,75.15],[-97.931,75.34],[-98.117,75.298],[-97.88,75.374],[-98.035,75.416],[-97.774,75.424],[-98.042,75.485],[-97.774,75.46],[-97.724,75.572],[-97.305,75.395],[-97.425,75.52]]],[[[-101.16,76.582],[-100.248,76.739],[-100.972,76.736],[-101.687,76.589],[-101.16,76.582]]],[[[-89.675,76.733],[-89.982,76.842],[-90.572,76.774],[-89.977,76.478],[-89.675,76.507],[-89.859,76.616],[-89.675,76.733]]],[[[-105.395,75.674],[-105.607,75.937],[-106.34,76.062],[-106.875,75.965],[-106.886,75.838],[-106.615,75.801],[-106.882,75.766],[-106.881,75.649],[-107.076,75.899],[-107.721,75.886],[-108.026,75.787],[-107.65,76.006],[-107.889,76.068],[-108.499,76.04],[-108.081,76.287],[-108.616,76.423],[-108.732,76.643],[-108.451,76.733],[-108.776,76.864],[-109.325,76.789],[-109.772,76.5],[-110.397,76.397],[-110.384,76.301],[-109.323,76.115],[-109.297,76.039],[-110.055,75.896],[-108.828,75.691],[-108.91,75.479],[-110.514,75.573],[-111.251,75.522],[-111.459,75.842],[-112.227,75.815],[-111.727,75.917],[-112.419,76.051],[-112.426,76.171],[-112.994,76.273],[-113.963,76.191],[-114.159,76.459],[-114.872,76.52],[-115.512,76.456],[-115.927,76.287],[-114.667,76.164],[-116.163,76.204],[-116.63,76.12],[-116.461,75.978],[-116.734,75.921],[-114.827,75.879],[-116.885,75.789],[-117.239,75.583],[-116.116,75.578],[-115.002,75.698],[-116.042,75.485],[-117.202,75.481],[-117.688,75.26],[-116.767,75.122],[-116.257,75.211],[-116.308,75.103],[-116.044,75.129],[-116.256,75.06],[-115.715,74.97],[-115.667,75.149],[-115.406,75.103],[-115.263,75.183],[-115.058,74.967],[-114.441,75.068],[-114.303,75.182],[-114.615,75.283],[-114.196,75.225],[-114.071,75.475],[-113.874,75.374],[-113.323,75.424],[-113.813,75.324],[-113.94,75.183],[-113.645,75.191],[-113.929,75.144],[-113.887,75.058],[-113.206,75.088],[-113.138,75.15],[-112.857,75.11],[-112.679,75.28],[-112.59,75.183],[-112.337,75.226],[-112.346,75.122],[-110.951,75.252],[-111.586,75.006],[-112.798,74.985],[-113.33,74.883],[-113.218,74.846],[-113.752,74.834],[-114.422,74.703],[-113.693,74.444],[-112.437,74.414],[-111.001,74.616],[-110.308,74.852],[-109.582,74.858],[-108.824,75.072],[-108.512,74.978],[-108.807,74.985],[-108.417,74.917],[-107.944,74.937],[-107.772,75.101],[-107.686,74.982],[-107.231,74.92],[-106.009,75.057],[-105.395,75.674]]],[[[-114.837,76.76],[-113.673,76.704],[-113.453,76.774],[-113.846,76.899],[-114.632,76.862],[-114.837,76.76]]],[[[-79.56,74.992],[-79.78,75.032],[-80.249,74.954],[-80.443,75.04],[-79.517,75.229],[-79.574,75.451],[-80.376,75.465],[-79.95,75.54],[-80.503,75.662],[-81.252,75.654],[-81.113,75.779],[-82.331,75.844],[-83.12,75.74],[-84.001,75.829],[-84.665,75.691],[-84.576,75.624],[-85.045,75.656],[-85.227,75.561],[-85.529,75.602],[-86.152,75.509],[-85.522,75.403],[-86.618,75.369],[-86.365,75.43],[-87.266,75.623],[-87.467,75.456],[-87.751,75.581],[-88.228,75.471],[-88.722,75.686],[-88.94,75.432],[-89.208,75.586],[-89.763,75.581],[-89.257,75.636],[-89.163,75.765],[-89.515,75.859],[-89.777,75.794],[-89.964,76.016],[-90.519,75.899],[-90.428,75.972],[-90.798,75.999],[-91.129,75.836],[-90.943,76.006],[-91.161,76.021],[-90.188,76.068],[-90.867,76.068],[-90.691,76.123],[-91.409,76.15],[-91.274,76.212],[-91.613,76.267],[-90.094,76.125],[-90.456,76.178],[-89.38,76.184],[-89.298,76.301],[-91.401,76.459],[-91.566,76.507],[-90.469,76.486],[-91.441,76.694],[-92.369,76.599],[-93.079,76.628],[-93.561,76.395],[-93.179,76.72],[-93.701,76.921],[-94.234,76.891],[-95.771,77.077],[-96.39,77.034],[-96.473,76.959],[-96.818,76.983],[-96.82,76.872],[-96.308,76.76],[-96.89,76.812],[-96.925,76.716],[-96.027,76.555],[-95.588,76.61],[-96.082,76.518],[-95.974,76.436],[-94.801,76.328],[-95.358,76.305],[-95.39,76.239],[-95.061,76.225],[-94.749,76.315],[-93.704,76.252],[-93.677,76.327],[-93.06,76.349],[-92.012,75.664],[-92.504,75.218],[-92.056,75.153],[-92.063,74.803],[-91.513,74.645],[-91.33,74.721],[-91.099,74.629],[-91.23,74.738],[-90.787,74.89],[-91.025,74.704],[-90.723,74.738],[-90.564,74.609],[-90.312,74.629],[-89.919,74.527],[-89.434,74.553],[-89.147,74.608],[-89.099,74.841],[-88.848,74.665],[-88.539,74.904],[-88.297,74.78],[-88.518,74.501],[-87.756,74.52],[-87.644,74.458],[-87.296,74.546],[-87.259,74.468],[-86.604,74.471],[-86.803,74.622],[-86.38,74.487],[-86.179,74.622],[-86.125,74.484],[-85.604,74.498],[-85.534,74.69],[-85.185,74.493],[-85.008,74.704],[-84.915,74.512],[-84.258,74.507],[-83.494,74.578],[-83.492,74.909],[-83.078,74.816],[-82.92,74.552],[-82.606,74.512],[-82.421,74.573],[-82.422,74.518],[-81.789,74.458],[-81.115,74.579],[-80.218,74.587],[-80.101,74.828],[-80.399,74.914],[-80.238,74.878],[-80.197,74.943],[-79.909,74.814],[-79.356,74.886],[-79.56,74.992]]],[[[-119.317,76.2],[-119.084,76.09],[-118.569,76.345],[-118.946,76.523],[-118.305,76.555],[-118.34,76.771],[-117.773,76.811],[-118.058,76.41],[-117.352,76.26],[-116.934,76.356],[-117.008,76.552],[-116.325,76.582],[-115.893,76.698],[-116.366,76.932],[-115.907,76.897],[-115.732,76.949],[-116.401,77.137],[-115.393,77.308],[-116.407,77.562],[-117.133,77.468],[-116.647,77.39],[-116.813,77.317],[-117.174,77.36],[-117.039,77.293],[-117.852,77.39],[-119.163,77.325],[-120.368,76.815],[-121.187,76.688],[-121.512,76.448],[-122.403,76.404],[-123.041,76.088],[-122.606,76.174],[-122.619,75.942],[-121.847,76.045],[-121.3,75.911],[-121.118,76],[-120.953,75.958],[-120.865,76.201],[-120.684,76.006],[-120.388,75.972],[-120.387,75.807],[-119.486,75.975],[-119.806,76.116],[-119.552,76.123],[-119.717,76.335],[-119.501,76.363],[-119.317,76.2]]],[[[-85.162,77.459],[-84.816,77.5],[-85.323,77.589],[-85.542,77.541],[-85.162,77.459]]],[[[-89.661,77.356],[-90.304,77.629],[-91.169,77.618],[-91.18,77.394],[-90.405,77.203],[-90.094,77.204],[-89.661,77.356]]],[[[-104.395,77.193],[-104.437,77.315],[-105.016,77.415],[-104.996,77.537],[-105.909,77.768],[-106.09,77.716],[-105.395,77.219],[-104.791,77.11],[-104.395,77.193]]],[[[-93.252,77.644],[-93.208,77.723],[-93.608,77.781],[-95.355,77.74],[-95.507,77.811],[-96.235,77.706],[-96.329,77.61],[-95.988,77.479],[-93.785,77.438],[-93.252,77.644]]],[[[-77.573,77.857],[-77.956,77.836],[-77.853,77.779],[-77.573,77.857]]],[[[-102.449,77.74],[-101.791,77.679],[-100.932,77.745],[-101.725,77.906],[-102.448,77.881],[-102.449,77.74]]],[[[-113.686,77.867],[-114.327,78.081],[-115.118,77.96],[-114.301,77.713],[-113.722,77.769],[-113.686,77.867]]],[[[-109.604,78.074],[-111.278,78.09],[-113.141,77.923],[-113.166,77.515],[-112.109,77.326],[-110.235,77.504],[-110.108,77.776],[-110.72,77.766],[-110.904,77.853],[-109.787,77.95],[-109.604,78.074]]],[[[-102.901,78.274],[-103.234,78.128],[-102.784,78.207],[-102.901,78.274]]],[[[-109.26,78.459],[-109.887,78.676],[-110.741,78.758],[-113.336,78.336],[-113.062,78.274],[-112.176,78.377],[-111.434,78.275],[-111.155,78.391],[-110.84,78.315],[-109.823,78.295],[-109.409,78.31],[-109.26,78.459]]],[[[-74.558,78.781],[-74.692,78.722],[-74.331,78.678],[-74.167,78.727],[-74.558,78.781]]],[[[-96.91,77.795],[-96.496,77.906],[-96.366,77.863],[-95.061,77.973],[-94.889,78.109],[-95.403,78.233],[-94.828,78.364],[-95.461,78.511],[-96.274,78.535],[-96.164,78.624],[-96.598,78.694],[-98.149,78.819],[-98.37,78.727],[-98.025,78.553],[-98.384,78.466],[-97.92,78.22],[-96.869,78.137],[-97.774,78.042],[-96.993,77.925],[-96.91,77.795]]],[[[-105.607,79.104],[-105.403,79.013],[-104.708,79.031],[-104.955,78.798],[-104.247,78.997],[-103.832,78.905],[-104.188,78.777],[-103.326,78.748],[-104.044,78.631],[-103.4,78.617],[-103.54,78.5],[-104.641,78.583],[-105.018,78.524],[-104.466,78.275],[-103.947,78.243],[-102.744,78.381],[-102.593,78.244],[-102.161,78.288],[-101.06,78.206],[-100.61,77.864],[-99.939,77.783],[-99.182,77.844],[-98.946,78.069],[-99.77,78.294],[-99.872,78.439],[-99.528,78.583],[-100.063,78.638],[-99.892,78.699],[-100.35,78.824],[-101.185,78.807],[-101.014,78.951],[-101.648,79.081],[-102.421,79.014],[-102.599,78.878],[-102.879,79.233],[-103.722,79.363],[-105.457,79.329],[-105.607,79.104]]],[[[-100.152,79.998],[-100.07,79.878],[-99.584,79.899],[-98.824,79.669],[-98.874,80.084],[-99.779,80.151],[-100.152,79.998]]],[[[-95.852,80.653],[-94.971,80.639],[-95.478,80.708],[-96.11,80.686],[-95.852,80.653]]],[[[-96.623,80.044],[-96.137,79.912],[-96.589,79.857],[-95.854,79.652],[-95.193,79.647],[-94.3,79.775],[-94.728,79.611],[-95.739,79.542],[-95.755,79.406],[-95.28,79.405],[-95.211,79.281],[-94.53,79.342],[-94.48,79.427],[-93.841,79.399],[-94.211,79.275],[-93.93,79.259],[-93.321,79.452],[-93.389,79.343],[-93.005,79.392],[-93.087,79.487],[-92.847,79.413],[-92.287,79.458],[-92.495,79.365],[-91.121,79.392],[-92.564,79.31],[-92.627,79.245],[-90.366,79.248],[-91.881,79.164],[-93.33,79.171],[-94.294,78.987],[-93.875,78.834],[-93.038,78.768],[-93.813,78.768],[-93.282,78.595],[-92.811,78.638],[-91.649,78.565],[-92.969,78.49],[-92.614,78.336],[-92.22,78.332],[-92.025,78.211],[-90.884,78.145],[-90.288,78.167],[-90.705,78.335],[-90.139,78.325],[-89.496,78.156],[-90.006,78.614],[-88.811,78.165],[-88.54,78.417],[-88.805,78.61],[-88.228,78.464],[-87.91,78.552],[-88.022,78.655],[-88.358,78.658],[-88.174,78.996],[-87.728,79.083],[-87.998,78.811],[-87.649,78.643],[-86.94,78.919],[-86.982,79.061],[-86.747,78.959],[-84.919,79.296],[-85.699,79.618],[-86.011,79.439],[-86.309,79.648],[-87.402,79.517],[-86.962,79.909],[-87.488,79.837],[-87.008,79.953],[-87.239,80.07],[-87.899,80.059],[-88.064,80.125],[-87.568,80.183],[-87.674,80.404],[-88.644,80.397],[-88.146,80.103],[-88.482,80.145],[-88.538,80.099],[-89.235,80.274],[-89.058,80.468],[-89.325,80.537],[-89.832,80.529],[-89.774,80.464],[-90.731,80.567],[-91.798,81.159],[-93.258,81.373],[-93.567,81.303],[-94.188,81.367],[-94.396,81.262],[-93.217,81.215],[-93.156,81.098],[-94.302,81.123],[-93.909,81.043],[-94.447,80.968],[-94.903,81.064],[-95.534,80.824],[-94.129,80.728],[-94.656,80.652],[-93.786,80.529],[-96.027,80.584],[-96.102,80.495],[-95.437,80.344],[-95.949,80.392],[-96.685,80.344],[-95.969,80.201],[-95.264,80.251],[-95.698,80.18],[-95.402,80.127],[-94.586,80.226],[-94.107,80.187],[-94.807,80.097],[-94.382,79.988],[-96.711,80.148],[-96.623,80.044]]],[[[-61.085,82.331],[-61.579,82.489],[-62.352,82.482],[-62.175,82.53],[-63.373,82.441],[-62.928,82.571],[-63.853,82.722],[-63.447,82.827],[-64.136,82.837],[-64.443,82.76],[-64.697,82.91],[-65.132,82.899],[-65.155,82.77],[-65.852,82.842],[-66.668,82.712],[-68.618,82.63],[-66.3,82.935],[-68.132,82.933],[-69.039,83.046],[-69.617,82.99],[-69.688,83.117],[-70.817,83.111],[-71.501,83.01],[-70.837,82.886],[-71.583,82.948],[-71.628,83.103],[-72.274,83.109],[-73.653,82.927],[-72.591,82.701],[-74.2,83.002],[-77.335,83.013],[-75.4,82.619],[-76.218,82.452],[-75.894,82.599],[-77.852,82.926],[-78.107,82.831],[-78.701,82.949],[-79.074,82.88],[-79.34,82.976],[-80.43,82.9],[-79.676,82.831],[-79.895,82.765],[-78.548,82.676],[-79.901,82.718],[-79.847,82.644],[-80.315,82.786],[-81.541,82.824],[-80.581,82.543],[-82.328,82.659],[-81.479,82.503],[-82.497,82.509],[-82.712,82.381],[-80.934,82.104],[-79.864,82.027],[-79.231,81.818],[-82.97,82.298],[-82.627,82.104],[-81.877,82.044],[-83.13,82.071],[-83.427,82.303],[-84.946,82.427],[-84.708,82.483],[-85.901,82.445],[-85.401,82.277],[-86.879,82.208],[-86.728,82.137],[-84.752,81.991],[-84.603,81.893],[-84.866,81.994],[-84.796,81.886],[-85.684,82.008],[-85.399,81.857],[-86.629,82.059],[-87.131,81.976],[-86.728,81.893],[-87.29,81.964],[-87.373,82.077],[-88.07,82.107],[-89.007,82.007],[-89.079,81.914],[-89.389,81.937],[-89.335,81.809],[-89.722,81.923],[-90.243,81.9],[-91.957,81.66],[-91.47,81.53],[-90.299,81.704],[-90.092,81.626],[-89.586,81.632],[-90.834,81.464],[-90.421,81.369],[-88.343,81.591],[-87.314,81.518],[-88.889,81.5],[-89.924,81.342],[-88.934,81.249],[-90.298,81.193],[-89.826,81.013],[-87.388,81.069],[-84.749,81.296],[-86.699,81.005],[-89.434,80.928],[-87.707,80.645],[-87.276,80.632],[-85.781,81.034],[-82.385,81.185],[-85.622,80.98],[-86.749,80.604],[-86.118,80.537],[-85.563,80.625],[-85.797,80.53],[-83.899,80.538],[-83.863,80.762],[-83.274,80.847],[-83.499,80.701],[-81.76,80.817],[-83.087,80.647],[-83.12,80.548],[-81.217,80.628],[-79.279,80.93],[-79.066,81.091],[-79.505,81.2],[-78.737,81.114],[-78.192,81.305],[-76.854,81.455],[-78.444,81.171],[-78.936,80.879],[-76.483,80.879],[-78.532,80.781],[-79.964,80.618],[-78.109,80.564],[-83.206,80.323],[-82.169,80.018],[-81.404,79.94],[-81.523,79.718],[-80.881,79.654],[-79.752,79.707],[-80.587,79.569],[-81.787,79.611],[-82.171,79.869],[-83.788,80.251],[-86.504,80.309],[-86.535,80.031],[-85.254,79.926],[-86.396,79.963],[-86.475,79.761],[-85.021,79.618],[-84.33,79.192],[-83.962,79.22],[-83.961,79.128],[-83.363,79.055],[-83.982,79.051],[-84.453,79.148],[-84.752,79.039],[-84.279,78.955],[-82.535,78.885],[-81.479,79.049],[-81.754,78.843],[-83.26,78.837],[-82.773,78.734],[-82.262,78.751],[-82.596,78.706],[-82.343,78.569],[-83.746,78.839],[-85.031,78.922],[-86.61,78.809],[-87.118,78.593],[-86.858,78.549],[-87.511,78.435],[-87.523,78.233],[-87.091,78.207],[-87.517,78.134],[-86.77,78.12],[-85.86,78.386],[-86.289,78.083],[-85.491,78.106],[-84.647,78.599],[-84.871,78.37],[-84.576,78.353],[-84.968,78.214],[-84.028,78.179],[-85.035,78.179],[-84.852,78.058],[-84.289,78.083],[-84.707,78.035],[-85.063,78.063],[-85.68,77.935],[-85.473,77.872],[-84.55,77.928],[-84.315,77.898],[-84.891,77.838],[-84.868,77.898],[-85.32,77.872],[-85.325,77.804],[-84.946,77.829],[-85.307,77.671],[-84.943,77.603],[-84.499,77.755],[-84.845,77.543],[-83.918,77.494],[-83.202,77.71],[-82.765,78.028],[-82.335,78.07],[-82.986,77.679],[-83.836,77.459],[-83.466,77.349],[-84.573,77.407],[-84.466,77.302],[-85.402,77.401],[-85.508,77.479],[-85.796,77.425],[-85.974,77.713],[-86.452,77.836],[-87.192,77.905],[-88.042,77.823],[-88.222,77.863],[-87.721,77.37],[-86.85,77.364],[-87.249,77.308],[-86.913,77.267],[-87.215,77.212],[-86.604,77.178],[-86.823,77.129],[-87.362,77.177],[-87.586,77.098],[-88.294,77.136],[-89.473,76.881],[-89.427,76.671],[-89.681,76.575],[-89.17,76.424],[-88.808,76.447],[-88.71,76.601],[-88.599,76.41],[-88.507,76.824],[-88.434,76.404],[-87.918,76.364],[-87.817,76.416],[-87.707,76.34],[-87.406,76.356],[-87.563,76.62],[-87.433,76.466],[-86.722,76.348],[-86.643,76.477],[-86.303,76.528],[-86.578,76.642],[-86.207,76.527],[-86.347,76.389],[-85.203,76.284],[-84.388,76.315],[-85.056,76.52],[-85.013,76.587],[-84.633,76.439],[-84.235,76.447],[-84.293,76.664],[-83.713,76.435],[-83.279,76.406],[-83.401,76.762],[-83.103,76.466],[-82.801,76.39],[-82.282,76.4],[-82.082,76.568],[-82.512,76.662],[-82.73,76.821],[-82.276,76.635],[-81.783,76.688],[-82.056,76.516],[-81.538,76.473],[-81.207,76.564],[-80.772,76.42],[-81.073,76.129],[-79.293,76.302],[-78.774,76.577],[-78.5,76.459],[-78.141,76.527],[-77.716,76.822],[-78.091,77.023],[-78.72,76.828],[-78.964,76.842],[-78.903,76.934],[-79.389,76.93],[-79.007,77.105],[-79.432,77.239],[-80.372,77.075],[-80.115,77.206],[-81.103,77.287],[-81.858,77.17],[-82.152,77.316],[-81.171,77.333],[-81.737,77.435],[-81.937,77.685],[-80.78,77.336],[-79.133,77.291],[-78.82,77.384],[-78.766,77.311],[-78.289,77.378],[-77.716,77.61],[-78.43,77.911],[-78.217,78.003],[-76.881,77.905],[-76.232,78.021],[-75.901,77.968],[-75.618,78.131],[-76.888,78.223],[-75.626,78.2],[-75.03,78.336],[-76.688,78.52],[-75.398,78.516],[-74.633,78.59],[-74.774,78.835],[-75.744,78.897],[-76.459,78.849],[-75.722,78.967],[-76.733,79.037],[-77.718,78.97],[-78.271,78.774],[-77.732,79.025],[-78.895,79.069],[-77.534,79.024],[-76.169,79.077],[-76.133,79.124],[-78.257,79.172],[-76.089,79.205],[-75.757,79.084],[-74.492,79.037],[-74.825,79.179],[-74.469,79.227],[-77.497,79.248],[-78.059,79.357],[-77.162,79.33],[-77.402,79.453],[-77.124,79.469],[-76.873,79.35],[-75.914,79.347],[-76.194,79.47],[-77.127,79.494],[-77.134,79.549],[-75.028,79.373],[-74.996,79.513],[-74.282,79.44],[-73.966,79.564],[-73.317,79.509],[-73.383,79.776],[-74.845,79.85],[-74.228,79.896],[-73.813,79.822],[-72.931,79.824],[-72.92,79.71],[-72.232,79.663],[-71.142,79.79],[-70.912,79.893],[-71.449,79.916],[-70.705,79.992],[-70.514,80.103],[-72.342,80.063],[-71.898,80.118],[-72.379,80.228],[-71.735,80.118],[-70.159,80.192],[-69.959,80.262],[-70.453,80.344],[-70.824,80.567],[-70.309,80.358],[-69.374,80.397],[-67.563,80.946],[-64.449,81.471],[-64.546,81.55],[-65.736,81.493],[-70.02,81.106],[-69.637,81.18],[-70.165,81.194],[-66.608,81.516],[-67.269,81.571],[-68.581,81.516],[-68.856,81.55],[-68.389,81.567],[-69.308,81.722],[-68.213,81.563],[-65.858,81.627],[-65.341,81.694],[-66.047,81.694],[-65.375,81.763],[-64.373,81.725],[-64.326,81.831],[-63.92,81.799],[-62.258,82.024],[-61.085,82.331]]],[[[-79.841,53.146],[-79.917,53.17],[-79.93,53.094],[-79.807,53.097],[-79.841,53.146]]],[[[-79.95,53.352],[-80.086,53.33],[-79.984,53.265],[-79.95,53.352]]],[[[-79.978,56.202],[-79.679,56.331],[-79.546,56.53],[-79.674,56.385],[-80.06,56.304],[-80.105,56.201],[-79.978,56.202]]],[[[-79.594,56.771],[-79.565,56.621],[-79.483,56.739],[-79.573,56.818],[-79.594,56.771]]],[[[-79.903,56.894],[-79.731,56.802],[-79.795,56.952],[-79.903,56.894]]],[[[-80.225,59.731],[-80.327,59.615],[-80.156,59.683],[-80.225,59.731]]],[[[-80.108,59.765],[-79.882,59.861],[-80.043,59.878],[-80.108,59.765]]],[[[-59.794,43.965],[-59.998,43.938],[-60.13,43.96],[-59.908,43.916],[-59.808,43.94],[-59.707,44.014],[-59.794,43.965]]],[[[-66.861,44.727],[-66.906,44.606],[-66.783,44.661],[-66.69,44.62],[-66.743,44.782],[-66.861,44.727]]],[[[-73.995,45.32],[-74.159,45.26],[-73.921,45.334],[-73.995,45.32]]],[[[-60.914,45.567],[-61.112,45.549],[-61.004,45.461],[-60.914,45.567]]],[[[-73.857,45.549],[-73.718,45.562],[-73.565,45.699],[-73.857,45.549]]],[[[-73.499,45.71],[-73.694,45.555],[-73.968,45.437],[-73.589,45.448],[-73.499,45.71]]],[[[-70.843,47.033],[-71.114,46.859],[-70.874,46.937],[-70.843,47.033]]],[[[-60.081,45.792],[-60.127,45.869],[-59.805,45.936],[-59.958,46.027],[-59.811,46.17],[-60.136,46.252],[-60.205,46.142],[-60.29,46.156],[-60.205,46.242],[-60.284,46.328],[-60.653,46.072],[-60.301,46.219],[-60.782,45.954],[-60.699,45.891],[-60.4,45.998],[-60.737,45.774],[-60.732,45.684],[-60.838,45.642],[-60.807,45.721],[-60.913,45.756],[-61.148,45.708],[-60.914,45.854],[-61.098,45.854],[-61.071,45.895],[-60.815,45.937],[-60.736,46.057],[-61.119,45.949],[-60.632,46.118],[-60.427,46.284],[-60.434,46.334],[-60.599,46.197],[-60.306,46.834],[-60.496,46.895],[-60.396,47.026],[-60.603,47.034],[-61.541,46.04],[-61.455,45.71],[-61.285,45.548],[-60.871,45.646],[-60.727,45.566],[-60.081,45.792]]],[[[-62.004,46.464],[-63.238,46.407],[-63.332,46.499],[-63.457,46.467],[-63.677,46.568],[-63.709,46.444],[-63.826,46.519],[-63.936,46.478],[-63.834,46.612],[-64.093,46.78],[-63.975,46.894],[-63.997,47.067],[-64.417,46.683],[-64.145,46.598],[-64.073,46.642],[-64.134,46.416],[-63.737,46.396],[-63.8,46.332],[-63.602,46.217],[-63.233,46.145],[-63.142,46.198],[-63.271,46.197],[-63.196,46.272],[-62.963,46.32],[-63.117,46.216],[-62.866,46.136],[-63.031,46.067],[-62.909,46.072],[-62.751,45.951],[-62.456,46.025],[-62.572,46.033],[-62.453,46.108],[-62.607,46.184],[-62.497,46.184],[-62.576,46.239],[-62.437,46.216],[-62.497,46.272],[-62.366,46.271],[-62.36,46.361],[-62.166,46.358],[-62.004,46.464]]],[[[-61.671,47.547],[-61.386,47.644],[-61.562,47.627],[-61.941,47.403],[-62.011,47.225],[-61.793,47.24],[-61.966,47.283],[-61.593,47.561],[-61.859,47.424],[-61.671,47.547]]],[[[-64.505,47.89],[-64.691,47.85],[-64.649,47.732],[-64.519,47.829],[-64.477,47.944],[-64.505,47.89]]],[[[-64.546,47.972],[-64.59,47.903],[-64.472,47.963],[-64.511,48.034],[-64.546,47.972]]],[[[-64.319,49.791],[-63.764,49.602],[-63.587,49.39],[-63.093,49.233],[-62.248,49.068],[-61.812,49.069],[-61.661,49.151],[-61.883,49.354],[-62.204,49.414],[-62.534,49.605],[-63.124,49.784],[-64.214,49.952],[-64.511,49.868],[-64.319,49.791]]],[[[-79.395,52.084],[-79.635,52.022],[-79.62,51.92],[-79.337,51.963],[-79.252,52.077],[-79.395,52.084]]],[[[-80.759,52.919],[-81.174,53.212],[-81.883,53.18],[-82.063,53.023],[-80.718,52.695],[-80.759,52.919]]],[[[-79.286,54.914],[-79.78,54.784],[-79.019,54.941],[-79.286,54.914]]],[[[-77.312,55.619],[-77.648,55.427],[-77.211,55.654],[-77.312,55.619]]],[[[-79.005,56.017],[-78.966,56.084],[-79.142,55.797],[-79.005,56.017]]],[[[-78.758,56.168],[-78.655,56.236],[-78.7,56.449],[-78.936,56.119],[-78.758,56.168]]],[[[-79.546,56.044],[-79.786,55.79],[-79.634,55.903],[-79.469,55.879],[-79.156,56.236],[-79.286,55.866],[-78.98,56.392],[-79.203,55.859],[-78.882,56.326],[-78.936,56.43],[-79.247,56.562],[-79.223,56.65],[-79.133,56.615],[-79.204,56.685],[-79.285,56.661],[-79.409,56.222],[-79.605,56.129],[-79.435,56.414],[-79.454,56.56],[-79.525,56.294],[-80.026,55.9],[-79.909,55.825],[-79.493,56.132],[-79.546,56.044]]],[[[-79.906,56.867],[-79.888,56.749],[-79.817,56.832],[-79.906,56.867]]],[[[-125.862,49.237],[-125.923,49.197],[-125.842,49.134],[-125.786,49.209],[-125.862,49.237]]],[[[-55.827,53.079],[-55.871,53.026],[-55.759,53.034],[-55.827,53.079]]],[[[-55.928,53.492],[-55.983,53.442],[-55.769,53.403],[-55.767,53.476],[-55.928,53.492]]],[[[-57.153,53.693],[-57.114,53.643],[-57.031,53.713],[-57.153,53.693]]],[[[-56.922,53.798],[-56.984,53.759],[-56.818,53.79],[-56.922,53.798]]],[[[-130.818,54.486],[-130.87,54.435],[-130.73,54.421],[-130.818,54.486]]],[[[-76.791,57.336],[-76.739,57.284],[-76.835,57.426],[-76.791,57.336]]],[[[-67.558,58.411],[-67.658,58.364],[-67.582,58.278],[-67.558,58.411]]],[[[-66.438,62.895],[-66.562,62.931],[-66.343,62.85],[-66.438,62.895]]],[[[-66.925,63.065],[-67.074,63.097],[-66.793,62.925],[-66.925,63.065]]],[[[-67.853,63.346],[-67.964,63.41],[-67.818,63.291],[-67.853,63.346]]],[[[-64.043,63.563],[-64.169,63.605],[-64.091,63.486],[-64.043,63.563]]],[[[-64.217,63.843],[-64.334,63.845],[-64.261,63.724],[-64.217,63.843]]],[[[-64.965,64.31],[-65.075,64.307],[-64.991,64.193],[-64.878,64.23],[-64.965,64.31]]],[[[-113.008,67.947],[-113.155,67.922],[-112.761,67.964],[-113.008,67.947]]],[[[-136.212,69.179],[-136.222,69.106],[-136.006,69.09],[-136.212,69.179]]],[[[-81.643,69.414],[-81.839,69.434],[-81.883,69.363],[-81.486,69.347],[-81.643,69.414]]],[[[-135.706,69.509],[-135.841,69.481],[-135.595,69.448],[-135.706,69.509]]],[[[-82.506,69.791],[-82.855,69.794],[-82.559,69.743],[-82.506,69.791]]]]}},{"type":"Feature","properties":{"id":"CHE"},"geometry":{"type":"Polygon","coordinates":[[[10.454,46.864],[10.379,46.996],[10.111,46.847],[9.875,46.927],[9.858,47.015],[9.581,47.057],[9.477,47.064],[9.521,47.263],[9.65,47.41],[9.547,47.535],[9.183,47.67],[8.717,47.695],[8.558,47.801],[8.391,47.665],[8.607,47.656],[8.561,47.589],[7.586,47.585],[7.379,47.431],[6.973,47.489],[6.867,47.354],[7.037,47.33],[6.665,47.021],[6.443,46.944],[6.429,46.761],[6.118,46.583],[6.09,46.246],[5.959,46.212],[5.959,46.13],[6.108,46.139],[6.281,46.24],[6.214,46.315],[6.302,46.394],[6.763,46.429],[6.766,46.152],[7.022,45.925],[7.154,45.877],[7.541,45.984],[7.844,45.919],[8.111,46.127],[8.087,46.272],[8.399,46.452],[8.438,46.235],[8.809,46.09],[8.768,45.983],[8.9,45.826],[9.002,45.821],[9.002,46.039],[9.225,46.231],[9.263,46.485],[9.435,46.498],[9.536,46.299],[9.918,46.371],[10.118,46.231],[10.141,46.403],[10.026,46.446],[10.033,46.533],[10.192,46.627],[10.444,46.538],[10.369,46.672],[10.454,46.864]]]}},{"type":"Feature","properties":{"id":"CHN"},"geometry":{"type":"MultiPolygon","coordinates":[[[[76.777,35.646],[77.384,35.472],[77.774,35.499],[77.883,35.431],[78.044,35.492],[78.001,35.269],[78.296,34.625],[78.665,34.526],[78.985,34.286],[78.73,34.079],[78.801,33.494],[79.075,33.296],[79.456,33.25],[79.334,32.994],[79.621,32.729],[79.444,32.535],[79.32,32.592],[79.113,32.472],[79.075,32.371],[78.943,32.346],[78.771,32.462],[78.737,32.63],[78.385,32.548],[78.458,32.23],[78.745,31.964],[78.671,31.771],[78.819,31.607],[78.7,31.51],[78.745,31.308],[78.921,31.27],[79.07,31.461],[79.131,31.438],[79.402,31.024],[79.578,30.938],[79.85,30.954],[80.225,30.734],[80.18,30.559],[80.596,30.46],[80.996,30.197],[81.085,30.026],[81.195,30.004],[81.35,30.157],[81.388,30.374],[81.509,30.328],[81.614,30.417],[82.073,30.337],[82.154,30.058],[82.542,29.923],[82.837,29.66],[82.976,29.664],[83.065,29.579],[83.174,29.621],[83.524,29.184],[83.639,29.155],[83.914,29.289],[84.09,29.257],[84.231,29.026],[84.207,28.941],[84.451,28.734],[84.812,28.542],[84.928,28.538],[85.055,28.639],[85.161,28.595],[85.078,28.436],[85.109,28.292],[85.612,28.251],[85.693,28.335],[85.98,27.885],[86.113,27.927],[86.069,28.077],[86.156,28.157],[86.203,28.003],[86.425,27.91],[86.554,28.104],[86.662,28.107],[87.156,27.826],[87.727,27.808],[87.837,27.908],[88.118,27.861],[88.116,27.947],[88.379,27.983],[88.594,28.107],[88.78,28.028],[88.854,27.844],[88.742,27.532],[88.892,27.316],[88.997,27.331],[88.978,27.53],[89.125,27.615],[89.459,28.048],[89.916,28.316],[90.226,28.358],[90.291,28.261],[90.387,28.299],[90.588,28.233],[90.475,28.072],[90.667,28.09],[91.009,27.967],[91.29,28.091],[91.638,27.94],[91.628,27.853],[91.952,27.725],[92.24,27.865],[92.304,27.786],[92.393,27.856],[92.575,27.848],[92.736,27.986],[92.639,28.057],[92.679,28.133],[93.208,28.341],[93.186,28.432],[93.317,28.603],[93.446,28.672],[93.928,28.683],[93.992,28.845],[94.347,29.024],[94.288,29.148],[94.63,29.319],[94.777,29.167],[95.367,29.037],[95.488,29.069],[95.564,29.246],[95.717,29.218],[95.745,29.34],[96.142,29.368],[96.235,29.241],[96.366,29.257],[96.175,29.109],[96.195,28.941],[96.367,29.037],[96.593,28.758],[96.302,28.421],[96.37,28.378],[96.717,28.437],[96.966,28.33],[97.078,28.375],[97.323,28.217],[97.448,28.298],[97.528,28.53],[97.67,28.511],[97.765,28.352],[97.898,28.355],[98.119,28.141],[98.107,27.973],[98.295,27.537],[98.383,27.556],[98.41,27.684],[98.666,27.597],[98.75,26.792],[98.642,26.255],[98.706,26.175],[98.644,26.098],[98.619,26.146],[98.546,26.106],[98.685,25.853],[98.498,25.831],[98.312,25.557],[98.14,25.611],[98.045,25.312],[97.91,25.208],[97.801,25.238],[97.7,25.065],[97.773,24.855],[97.536,24.745],[97.514,24.462],[97.647,24.432],[97.72,24.147],[97.516,23.943],[97.625,23.847],[98.105,24.102],[98.435,24.13],[98.585,24.076],[98.866,24.146],[98.659,23.961],[98.664,23.797],[98.793,23.758],[98.856,23.61],[98.781,23.533],[98.89,23.407],[98.859,23.179],[99.217,23.057],[99.334,23.13],[99.493,23.057],[99.538,22.926],[99.413,22.931],[99.308,22.745],[99.358,22.495],[99.144,22.154],[99.942,22.046],[99.95,21.721],[100.143,21.655],[100.09,21.529],[100.187,21.428],[100.342,21.53],[100.457,21.455],[100.622,21.469],[101.083,21.767],[101.244,21.193],[101.518,21.243],[101.756,21.143],[101.824,21.234],[101.715,21.321],[101.736,21.571],[101.804,21.626],[101.516,22.245],[101.601,22.277],[101.689,22.479],[101.755,22.496],[101.868,22.379],[101.995,22.447],[102.218,22.411],[102.468,22.769],[103.029,22.43],[103.31,22.788],[103.504,22.581],[103.647,22.799],[103.96,22.507],[104.087,22.792],[104.241,22.824],[104.237,22.742],[104.34,22.686],[104.554,22.836],[104.701,22.818],[104.824,22.924],[104.798,23.086],[104.87,23.164],[105.201,23.254],[105.312,23.366],[105.552,23.06],[105.69,23.044],[105.854,22.905],[106.132,22.975],[106.255,22.855],[106.488,22.925],[106.79,22.797],[106.68,22.579],[106.577,22.595],[106.527,22.438],[106.663,22.223],[106.653,21.969],[106.729,22.008],[107.009,21.927],[107.003,21.811],[107.273,21.718],[107.348,21.599],[107.812,21.648],[107.991,21.486],[107.971,21.432],[108.081,21.486],[107.991,21.548],[108.176,21.576],[108.206,21.643],[108.211,21.501],[108.284,21.545],[108.341,21.726],[108.471,21.671],[108.39,21.575],[108.471,21.562],[108.565,21.679],[108.478,21.699],[108.458,21.918],[108.491,21.856],[108.573,21.952],[108.56,21.895],[108.636,21.89],[108.594,21.74],[108.677,21.815],[108.649,21.733],[108.725,21.746],[108.745,21.603],[108.861,21.644],[108.78,21.726],[108.844,21.745],[108.801,21.818],[108.924,21.767],[108.855,21.685],[108.928,21.615],[109.136,21.603],[109.143,21.51],[109.04,21.45],[109.139,21.402],[109.239,21.486],[109.245,21.432],[109.531,21.492],[109.573,21.582],[109.465,21.664],[109.594,21.746],[109.608,21.575],[109.677,21.623],[109.65,21.52],[109.773,21.486],[109.773,21.582],[109.814,21.458],[109.944,21.493],[109.924,21.363],[109.766,21.356],[109.661,20.928],[109.718,20.808],[109.76,20.855],[109.787,20.691],[109.86,20.715],[109.752,20.674],[109.821,20.555],[109.848,20.596],[109.822,20.517],[110.01,20.434],[109.982,20.352],[109.863,20.406],[109.917,20.239],[110.038,20.302],[110.28,20.253],[110.534,20.478],[110.301,20.657],[110.342,20.822],[110.356,20.732],[110.409,20.751],[110.369,20.849],[110.157,20.849],[110.196,21.071],[110.219,21.028],[110.399,21.177],[110.358,21.436],[110.437,21.398],[110.434,21.309],[110.486,21.336],[110.431,21.191],[110.636,21.23],[110.636,21.381],[110.76,21.445],[110.636,21.37],[110.651,21.26],[110.768,21.398],[110.993,21.425],[111.069,21.473],[110.98,21.445],[111.028,21.541],[111.124,21.507],[111.088,21.473],[111.192,21.531],[111.301,21.499],[111.267,21.439],[111.438,21.534],[111.432,21.603],[111.476,21.514],[111.596,21.534],[111.582,21.582],[111.63,21.53],[111.788,21.616],[111.678,21.781],[111.835,21.767],[111.868,21.677],[112,21.774],[111.904,21.815],[111.89,21.925],[111.969,21.824],[112.041,21.884],[112.028,21.797],[112.193,21.843],[112.182,21.753],[112.286,21.709],[112.402,21.801],[112.357,21.98],[112.397,22.069],[112.391,21.956],[112.494,21.966],[112.426,21.845],[112.551,21.773],[112.826,21.966],[112.912,21.856],[113.026,21.949],[113.085,22.208],[113.157,22.025],[113.303,22.183],[113.402,22.18],[113.16,22.488],[113.165,22.576],[113.484,22.155],[113.588,22.238],[113.599,22.575],[113.378,22.767],[113.494,22.775],[113.213,22.905],[113.484,22.924],[113.502,23.02],[113.417,23.097],[113.509,23.062],[113.542,23.086],[113.703,23.158],[113.83,23.117],[113.72,23.138],[113.582,23.098],[113.529,23.011],[113.583,23.021],[113.576,22.939],[113.617,23.035],[113.597,22.918],[113.638,23.035],[113.606,22.847],[113.672,22.747],[113.758,22.753],[113.89,22.453],[113.964,22.538],[114.055,22.507],[114.396,22.614],[114.516,22.453],[114.618,22.514],[114.495,22.562],[114.59,22.644],[114.507,22.647],[114.522,22.706],[114.775,22.816],[114.821,22.791],[114.742,22.733],[114.744,22.609],[114.896,22.548],[114.967,22.676],[114.863,22.763],[114.985,22.689],[115.304,22.903],[115.233,22.788],[115.411,22.788],[115.374,22.694],[115.575,22.668],[115.527,22.767],[115.612,22.864],[115.559,22.836],[115.468,22.849],[115.406,22.925],[115.548,22.895],[115.561,22.849],[115.73,22.934],[115.684,22.878],[115.81,22.746],[116.076,22.868],[116.042,22.933],[116.124,22.895],[116.096,22.826],[116.145,22.848],[116.281,22.958],[116.214,22.983],[116.495,22.939],[116.605,23.21],[116.509,23.234],[116.612,23.239],[116.647,23.163],[116.715,23.244],[116.667,23.281],[116.805,23.236],[116.749,23.326],[116.573,23.324],[116.523,23.419],[116.773,23.349],[116.917,23.663],[116.951,23.611],[117.068,23.651],[117.084,23.551],[117.23,23.693],[117.257,23.616],[117.277,23.782],[117.49,23.833],[117.417,23.947],[117.571,23.903],[117.592,23.737],[117.695,23.954],[117.667,24.063],[117.798,24.022],[117.748,23.908],[117.894,24.028],[117.907,24.186],[117.979,24.162],[118.126,24.262],[118.091,24.341],[118.016,24.327],[118.043,24.407],[117.907,24.385],[117.791,24.467],[118.022,24.446],[118.058,24.516],[117.975,24.553],[118.044,24.618],[118.11,24.584],[118.16,24.693],[118.219,24.541],[118.405,24.607],[118.431,24.7],[118.554,24.518],[118.62,24.545],[118.642,24.679],[118.763,24.763],[118.638,24.772],[118.572,24.885],[118.671,24.875],[118.668,24.953],[118.716,24.844],[118.952,24.871],[118.912,24.953],[119.018,24.96],[119.004,25.05],[118.954,25.003],[118.849,25.074],[118.975,25.183],[118.876,25.244],[119.027,25.278],[118.969,25.226],[119.069,25.217],[119.029,25.141],[119.099,25.111],[119.116,25.214],[119.256,25.176],[119.344,25.242],[119.278,25.33],[119.201,25.26],[119.203,25.358],[119.103,25.42],[119.305,25.605],[119.381,25.591],[119.447,25.439],[119.507,25.474],[119.483,25.371],[119.576,25.467],[119.579,25.344],[119.655,25.358],[119.579,25.585],[119.492,25.565],[119.449,25.687],[119.59,25.687],[119.566,25.872],[119.701,25.995],[119.519,26.044],[119.441,25.964],[119.33,25.944],[119.247,25.967],[119.195,26.088],[119.094,26.146],[119.216,26.1],[119.277,26.053],[119.327,26.048],[119.415,26.009],[119.436,25.981],[119.459,25.982],[119.668,26.221],[119.654,26.272],[119.95,26.365],[119.826,26.427],[119.682,26.317],[119.648,26.437],[119.566,26.455],[119.654,26.498],[119.792,26.413],[119.785,26.578],[119.675,26.619],[119.6,26.57],[119.552,26.749],[119.606,26.797],[119.725,26.698],[119.686,26.812],[119.756,26.738],[119.846,26.852],[119.792,26.688],[119.88,26.655],[119.925,26.792],[120.08,26.797],[119.847,26.524],[120.134,26.646],[120.128,26.797],[120.032,26.9],[120.219,26.915],[120.236,26.966],[120.149,26.982],[120.255,26.997],[120.244,27.133],[120.422,27.147],[120.347,27.18],[120.365,27.21],[120.347,27.243],[120.306,27.215],[120.257,27.257],[120.182,27.217],[120.196,27.298],[120.312,27.318],[120.292,27.249],[120.347,27.249],[120.376,27.236],[120.429,27.174],[120.422,27.222],[120.518,27.202],[120.505,27.345],[120.546,27.403],[120.635,27.38],[120.682,27.482],[120.597,27.57],[120.676,27.66],[120.635,27.763],[120.723,27.716],[120.868,27.883],[120.835,27.956],[120.589,28.027],[120.56,28.113],[120.606,28.042],[120.965,27.987],[121.125,28.236],[121.025,28.305],[121.13,28.306],[121.169,28.385],[121.265,28.366],[121.225,28.239],[121.33,28.148],[121.409,28.305],[121.621,28.285],[121.51,28.657],[121.258,28.675],[121.299,28.723],[121.142,28.846],[121.351,28.712],[121.621,28.736],[121.67,28.825],[121.492,28.928],[121.684,28.915],[121.69,29.017],[121.532,29.02],[121.621,29.113],[121.402,29.107],[121.409,29.161],[121.504,29.179],[121.574,29.305],[121.629,29.188],[121.64,29.307],[121.652,29.183],[121.724,29.182],[121.787,29.375],[121.841,29.319],[121.785,29.168],[121.943,29.196],[121.991,29.257],[121.9,29.299],[121.971,29.449],[121.91,29.525],[121.971,29.593],[121.916,29.641],[121.796,29.601],[121.745,29.545],[121.845,29.536],[121.812,29.49],[121.711,29.539],[121.485,29.391],[121.443,29.524],[121.687,29.563],[122.136,29.885],[121.722,29.961],[121.43,30.293],[121.254,30.348],[120.893,30.17],[120.751,30.226],[120.646,30.127],[120.792,30.066],[120.632,30.122],[120.734,30.232],[120.622,30.373],[120.45,30.369],[120.385,30.25],[120.274,30.278],[120.147,30.199],[120.258,30.298],[120.379,30.274],[120.43,30.39],[120.479,30.404],[120.698,30.394],[120.811,30.297],[121.02,30.571],[121.543,30.817],[121.977,30.915],[121.725,31.282],[121.32,31.505],[121.144,31.685],[120.731,31.814],[120.717,31.861],[120.825,31.829],[120.75,31.978],[120.469,32.025],[120.23,31.909],[120.006,31.95],[119.772,32.127],[119.789,32.199],[119.606,32.197],[119.685,32.292],[119.613,32.355],[119.842,32.299],[119.992,32.016],[120.131,31.943],[120.634,32.077],[120.811,32.023],[120.978,31.814],[121.115,31.796],[121.286,31.891],[121.676,31.724],[121.93,31.727],[121.822,31.952],[121.443,32.114],[121.361,32.232],[121.419,32.25],[121.389,32.385],[120.83,32.698],[120.896,33.014],[120.484,33.65],[120.257,34.312],[119.648,34.534],[119.442,34.746],[119.347,34.781],[119.192,34.718],[119.193,35],[119.358,35.097],[119.424,35.313],[119.552,35.38],[119.648,35.584],[119.905,35.625],[119.908,35.745],[120.003,35.728],[120.097,35.901],[120.299,35.973],[120.175,35.994],[120.097,36.226],[120.285,36.176],[120.306,36.274],[120.362,36.192],[120.292,36.062],[120.354,36.041],[120.697,36.144],[120.648,36.331],[120.722,36.331],[120.751,36.459],[120.874,36.381],[120.964,36.548],[120.85,36.605],[120.75,36.541],[120.751,36.617],[120.851,36.651],[121.024,36.584],[121.402,36.712],[121.459,36.829],[121.607,36.845],[121.496,36.774],[121.625,36.74],[121.637,36.831],[121.95,36.939],[121.926,36.994],[122.049,36.98],[122.033,36.898],[122.166,37.014],[122.266,36.898],[122.185,36.85],[122.355,36.829],[122.406,36.922],[122.526,36.914],[122.54,37.028],[122.402,37.021],[122.454,37.154],[122.471,37.11],[122.629,37.193],[122.55,37.32],[122.688,37.41],[122.183,37.418],[122.122,37.563],[121.988,37.426],[121.635,37.481],[121.587,37.454],[121.676,37.439],[121.57,37.429],[121.394,37.622],[121.172,37.577],[121.138,37.701],[120.738,37.834],[120.216,37.684],[120.306,37.665],[120.298,37.598],[119.859,37.36],[119.897,37.249],[119.771,37.152],[119.441,37.121],[119.146,37.179],[118.961,37.296],[118.97,37.593],[119.069,37.741],[119.218,37.675],[119.26,37.716],[118.95,38.097],[118.76,38.155],[118.543,38.068],[118.065,38.143],[117.716,38.379],[117.544,38.621],[117.702,38.995],[117.775,38.981],[117.715,39.111],[118.028,39.22],[118.326,39.031],[118.527,39.149],[118.796,39.152],[118.874,39.214],[118.97,39.193],[118.926,39.131],[119.279,39.384],[119.281,39.575],[119.209,39.57],[119.536,39.891],[120.472,40.214],[120.546,40.402],[120.825,40.674],[121.021,40.719],[120.94,40.741],[120.982,40.827],[121.05,40.797],[121.176,40.922],[121.361,40.94],[121.575,40.842],[121.74,40.849],[121.868,40.996],[121.851,40.832],[122.159,40.702],[122.15,40.604],[122.302,40.502],[121.827,40.023],[121.874,39.991],[121.471,39.81],[121.533,39.622],[121.223,39.529],[121.436,39.509],[121.526,39.365],[121.943,39.399],[121.59,39.264],[121.674,39.088],[121.352,39.038],[121.334,38.969],[121.086,38.906],[121.18,38.721],[121.237,38.798],[121.696,38.863],[121.587,38.94],[121.636,38.995],[121.745,39.034],[121.86,38.945],[121.827,39.036],[122.042,39.06],[122.29,39.351],[123.009,39.68],[123.223,39.68],[123.252,39.817],[123.417,39.825],[123.428,39.727],[123.591,39.784],[123.657,39.919],[123.773,39.818],[124.202,39.879],[124.358,40.089],[124.896,40.484],[125.041,40.461],[125.025,40.534],[125.413,40.632],[125.761,40.886],[126.008,40.899],[126.124,41.076],[126.522,41.352],[126.679,41.736],[126.789,41.696],[126.93,41.801],[127.18,41.585],[127.135,41.522],[127.638,41.43],[128.001,41.471],[128.146,41.376],[128.303,41.583],[128.048,41.864],[128.035,41.994],[128.94,42.035],[129.211,42.22],[129.194,42.318],[129.34,42.445],[129.535,42.37],[129.592,42.448],[129.703,42.442],[129.909,43.008],[130.239,42.902],[130.263,42.709],[130.453,42.549],[130.501,42.611],[130.531,42.53],[130.572,42.622],[130.407,42.735],[131.103,42.91],[131.078,43.032],[131.281,43.38],[131.161,43.533],[131.264,44.054],[130.933,44.842],[131.434,44.961],[131.853,45.338],[131.969,45.234],[132.921,45.028],[133.115,45.123],[133.18,45.494],[133.477,45.628],[133.477,45.82],[133.658,45.935],[133.687,46.142],[133.902,46.259],[133.934,46.391],[133.846,46.471],[134.015,46.665],[134.069,46.981],[134.227,47.118],[134.184,47.328],[134.557,47.471],[134.773,47.711],[134.559,48.01],[134.719,48.263],[134.386,48.381],[133.738,48.251],[133.524,48.095],[133.092,48.107],[132.806,47.936],[132.675,47.951],[132.525,47.708],[131.603,47.662],[131.441,47.741],[130.966,47.704],[130.907,47.884],[130.675,48.064],[130.824,48.294],[130.759,48.486],[130.626,48.482],[130.53,48.616],[130.674,48.871],[130.202,48.883],[129.926,49.026],[129.711,49.274],[129.552,49.29],[129.481,49.421],[129.379,49.425],[129.341,49.341],[129.218,49.391],[129.115,49.349],[128.998,49.441],[128.76,49.471],[128.802,49.565],[128.672,49.611],[128.198,49.539],[127.855,49.585],[127.539,49.79],[127.487,50.026],[127.591,50.209],[127.331,50.328],[127.287,50.751],[126.932,51.064],[126.972,51.324],[126.87,51.252],[126.809,51.289],[126.909,51.391],[126.677,51.577],[126.726,51.709],[126.439,51.998],[126.556,52.131],[126.317,52.2],[126.439,52.275],[126.316,52.316],[126.344,52.391],[126.212,52.533],[125.991,52.586],[126.088,52.775],[125.977,52.765],[125.837,52.907],[125.646,52.885],[125.734,52.982],[125.621,53.062],[125.074,53.212],[124.898,53.186],[124.87,53.108],[123.614,53.563],[123.542,53.514],[123.253,53.568],[122.86,53.474],[122.317,53.496],[121.203,53.277],[120.874,53.28],[120.033,52.761],[120.079,52.59],[120.454,52.639],[120.724,52.542],[120.626,52.347],[120.779,52.118],[120.648,51.911],[120.1,51.66],[119.741,51.072],[119.518,50.905],[119.497,50.737],[119.138,50.393],[119.364,50.319],[119.338,50.124],[119.209,50.015],[118.644,49.955],[117.837,49.509],[117.058,49.673],[116.684,49.823],[115.791,48.514],[115.8,48.242],[115.514,48.132],[115.576,47.91],[115.915,47.684],[116.244,47.863],[116.822,47.876],[117.361,47.651],[117.767,47.993],[118.473,47.989],[118.767,47.756],[119.083,47.662],[119.134,47.528],[119.31,47.476],[119.282,47.415],[119.7,47.16],[119.896,46.899],[119.854,46.66],[119.68,46.592],[119.317,46.612],[118.847,46.765],[118.72,46.677],[118.269,46.723],[117.798,46.52],[117.568,46.604],[117.394,46.571],[117.337,46.357],[116.815,46.387],[116.568,46.291],[116.213,45.908],[116.17,45.709],[115.667,45.454],[114.534,45.386],[114.089,44.962],[113.635,44.746],[112.749,44.865],[112.413,45.066],[111.843,45.04],[111.396,44.347],[111.839,43.939],[111.933,43.697],[110.973,43.316],[110.407,42.769],[109.485,42.449],[108.797,42.398],[108.177,42.454],[106.768,42.287],[105.201,41.743],[104.974,41.586],[104.892,41.645],[104.505,41.657],[104.501,41.871],[103.691,41.759],[103.073,42.005],[102.034,42.185],[101.735,42.461],[101.525,42.537],[100.017,42.677],[99.474,42.564],[97.193,42.787],[96.358,42.724],[96.319,42.91],[95.874,43.247],[95.535,43.958],[95.319,44.017],[95.398,44.281],[95.037,44.255],[94.698,44.343],[94.182,44.661],[93.927,44.673],[93.525,44.951],[92.848,45.039],[92.219,45.01],[92.043,45.075],[91.534,45.071],[91.057,45.218],[90.873,45.186],[90.651,45.493],[90.711,45.752],[91.002,46.022],[90.896,46.302],[91.047,46.566],[90.885,46.945],[90.712,47.015],[90.469,47.309],[90.345,47.659],[90.083,47.756],[90.045,47.88],[89.751,47.824],[89.542,48.031],[89.046,47.993],[88.596,48.198],[88.503,48.393],[87.983,48.552],[88.059,48.708],[87.738,48.869],[87.873,48.968],[87.816,49.166],[87.324,49.085],[86.859,49.105],[86.709,48.954],[86.752,48.715],[86.565,48.527],[85.719,48.359],[85.515,47.92],[85.679,47.275],[85.499,47.052],[85.226,47.042],[84.74,46.815],[84.664,46.984],[83.905,46.974],[83.021,47.206],[82.986,46.943],[82.291,45.533],[82.632,45.416],[82.54,45.124],[82.245,45.232],[81.95,45.144],[81.665,45.348],[80.854,45.127],[80.103,45.032],[79.858,44.904],[79.992,44.794],[80.245,44.816],[80.492,44.728],[80.356,44.653],[80.339,44.121],[80.713,43.459],[80.643,43.326],[80.793,43.149],[80.368,43.028],[80.554,42.899],[80.248,42.816],[80.144,42.645],[80.268,42.238],[80.21,42.19],[80.231,42.034],[79.843,42.002],[79.748,41.88],[79.282,41.783],[78.36,41.378],[78.349,41.27],[78.075,41.04],[77.831,41.063],[77.504,40.981],[76.861,41.013],[76.621,40.611],[76.33,40.348],[76.244,40.441],[75.902,40.299],[75.682,40.292],[75.524,40.633],[75.194,40.441],[74.835,40.512],[74.787,40.421],[74.862,40.326],[74.706,40.331],[74.334,40.094],[73.977,40.044],[73.819,39.786],[73.922,39.582],[73.838,39.476],[73.633,39.448],[73.608,39.207],[73.829,38.96],[73.681,38.873],[73.736,38.722],[73.933,38.53],[74.046,38.53],[74.123,38.669],[74.313,38.669],[74.833,38.464],[74.791,38.081],[74.965,37.767],[74.892,37.599],[75.164,37.401],[74.892,37.231],[74.794,37.214],[74.721,37.298],[74.368,37.167],[74.542,37.022],[74.793,37.015],[74.872,36.907],[75.119,36.991],[75.378,36.894],[75.432,36.723],[75.571,36.767],[75.791,36.688],[75.987,36.421],[76.014,36.23],[75.922,36.032],[76.09,35.978],[76.166,35.806],[76.555,35.898],[76.571,35.751],[76.777,35.646]],[[119.477,23.603],[119.442,23.562],[119.501,23.65],[119.477,23.603]]],[[[111.011,19.684],[110.935,19.995],[110.788,20.01],[110.678,20.164],[110.566,20.07],[110.606,19.923],[110.383,20.081],[110.418,19.923],[110.345,20.058],[110.157,20.067],[109.99,19.906],[109.943,19.991],[109.835,19.931],[109.719,20.011],[109.527,19.951],[109.582,19.856],[109.255,19.898],[109.163,19.725],[109.273,19.794],[109.307,19.711],[109.211,19.725],[109.008,19.597],[108.627,19.275],[108.685,18.515],[109.136,18.361],[109.163,18.288],[109.44,18.289],[109.507,18.253],[109.479,18.193],[109.561,18.259],[109.561,18.169],[109.709,18.207],[109.739,18.259],[109.67,18.273],[109.732,18.273],[109.746,18.396],[110.021,18.451],[109.969,18.39],[110.04,18.382],[110.034,18.512],[110.534,18.786],[110.503,18.882],[110.493,18.793],[110.431,18.821],[110.513,18.906],[110.582,19.15],[110.555,19.087],[110.479,19.169],[110.58,19.155],[110.67,19.382],[110.796,19.485],[110.794,19.601],[110.848,19.622],[110.876,19.54],[111.011,19.684]]],[[[111.963,21.658],[111.835,21.644],[111.809,21.566],[112,21.621],[111.963,21.658]]],[[[112.645,21.713],[112.525,21.599],[112.65,21.64],[112.645,21.713]]],[[[112.844,21.774],[112.712,21.703],[112.774,21.692],[112.765,21.582],[112.844,21.774]]],[[[113.391,22.028],[113.383,22.09],[113.309,22.024],[113.391,22.028]]],[[[117.072,23.473],[116.943,23.43],[117.129,23.399],[117.126,23.483],[117.072,23.473]]],[[[117.469,23.753],[117.373,23.767],[117.32,23.574],[117.432,23.583],[117.527,23.74],[117.469,23.753]]],[[[121.906,24.95],[122.005,25.002],[121.581,25.283],[121.436,25.241],[121.443,25.136],[121.059,25.05],[120.184,23.764],[120.165,23.362],[120.055,23.044],[120.166,23.032],[120.24,22.659],[120.313,22.577],[120.334,22.526],[120.285,22.58],[120.331,22.52],[120.381,22.484],[120.512,22.425],[120.621,22.295],[120.714,21.937],[120.84,21.905],[120.948,22.527],[121.4,23.145],[121.607,24.077],[121.882,24.598],[121.807,24.779],[121.906,24.95]]],[[[119.305,26.036],[119.258,26.048],[119.209,26.099],[119.258,26.001],[119.405,25.978],[119.305,26.036]]],[[[121.256,28.14],[121.231,28.22],[121.12,28.136],[121.152,28.041],[121.279,28.085],[121.256,28.14]]],[[[122.239,30.313],[122.074,30.291],[122.202,30.242],[122.239,30.313]]],[[[122.399,30.456],[122.273,30.436],[122.423,30.415],[122.399,30.456]]],[[[119.881,32.125],[119.814,32.276],[119.716,32.273],[119.819,32.204],[119.792,32.122],[119.902,32.073],[119.881,32.125]]],[[[121.423,39.475],[121.341,39.481],[121.259,39.392],[121.364,39.445],[121.337,39.377],[121.422,39.374],[121.423,39.475]]],[[[110.548,21.037],[110.39,21.096],[110.246,20.986],[110.441,21.006],[110.517,20.938],[110.548,21.037]]],[[[110.617,21.191],[110.418,21.178],[110.543,21.105],[110.617,21.191]]],[[[118.394,24.523],[118.282,24.477],[118.284,24.401],[118.463,24.432],[118.394,24.523]]],[[[118.093,24.556],[118.07,24.46],[118.136,24.429],[118.181,24.535],[118.093,24.556]]],[[[119.847,25.536],[119.73,25.646],[119.693,25.594],[119.778,25.522],[119.678,25.501],[119.704,25.424],[119.847,25.461],[119.847,25.536]]],[[[121.958,29.12],[121.868,29.147],[121.889,29.072],[121.958,29.12]]],[[[122.143,29.733],[122.107,29.79],[122.033,29.723],[122.163,29.655],[122.143,29.733]]],[[[122.395,29.884],[122.407,29.953],[122.33,29.958],[122.395,29.833],[122.395,29.884]]],[[[122.327,30.024],[121.963,30.142],[122.019,29.997],[122.294,29.934],[122.327,30.024]]],[[[121.844,31.608],[121.323,31.829],[121.176,31.784],[121.572,31.529],[121.851,31.439],[121.978,31.478],[121.844,31.608]]],[[[119.648,23.603],[119.527,23.54],[119.668,23.549],[119.648,23.603]]],[[[110.471,20.647],[110.418,20.655],[110.457,20.587],[110.471,20.647]]],[[[113.547,22.742],[113.477,22.72],[113.642,22.602],[113.547,22.742]]],[[[119.551,25.209],[119.445,25.229],[119.529,25.165],[119.551,25.209]]],[[[122.346,30.242],[122.408,30.266],[122.278,30.236],[122.346,30.242]]],[[[121.762,31.374],[121.584,31.441],[121.766,31.321],[121.762,31.374]]],[[[118.633,39.075],[118.56,39.003],[118.478,39.043],[118.503,38.919],[118.633,39.075]]]]}},{"type":"Feature","properties":{"id":"CIV"},"geometry":{"type":"MultiPolygon","coordinates":[[[[-7.99,10.162],[-8.174,9.942],[-8.123,9.845],[-8.158,9.531],[-8.054,9.389],[-7.865,9.41],[-7.93,9.184],[-7.747,9.076],[-7.932,8.997],[-7.969,8.813],[-7.697,8.625],[-7.662,8.375],[-7.971,8.497],[-8.254,8.447],[-8.266,8.246],[-8.003,8.184],[-7.963,8.015],[-8.069,8.029],[-8.098,7.792],[-8.229,7.544],[-8.415,7.613],[-8.485,7.558],[-8.287,6.994],[-8.352,6.755],[-8.619,6.493],[-8.418,6.451],[-8.412,6.34],[-7.914,6.272],[-7.787,5.958],[-7.494,5.806],[-7.447,5.846],[-7.384,5.569],[-7.45,5.423],[-7.39,5.317],[-7.576,5.072],[-7.574,4.375],[-7.457,4.344],[-6.903,4.662],[-5.851,5.03],[-5.551,5.115],[-5.002,5.129],[-5.228,5.204],[-5.187,5.164],[-5.399,5.142],[-5.322,5.23],[-5.01,5.216],[-4.982,5.136],[-4.893,5.129],[-3.996,5.232],[-4.184,5.28],[-4.809,5.18],[-4.673,5.314],[-4.687,5.232],[-4.564,5.3],[-4.454,5.259],[-4.464,5.298],[-4.275,5.312],[-3.989,5.269],[-3.941,5.293],[-4.009,5.314],[-3.906,5.348],[-3.744,5.274],[-3.805,5.376],[-3.729,5.267],[-4.002,5.267],[-3.312,5.12],[-3.262,5.341],[-3.146,5.369],[-3.205,5.219],[-3.139,5.142],[-2.767,5.161],[-2.79,5.347],[-2.73,5.373],[-2.786,5.595],[-2.946,5.608],[-2.965,5.71],[-3.03,5.704],[-3.263,6.617],[-3.225,6.849],[-2.973,7.215],[-2.942,7.577],[-2.791,7.943],[-2.611,8.04],[-2.611,8.165],[-2.506,8.209],[-2.619,8.924],[-2.775,9.055],[-2.661,9.254],[-2.715,9.311],[-2.689,9.489],[-2.81,9.411],[-2.99,9.708],[-3.095,9.734],[-3.215,9.916],[-3.302,9.841],[-3.317,9.901],[-3.755,9.936],[-4.054,9.798],[-4.15,9.818],[-4.371,9.583],[-4.502,9.655],[-4.51,9.745],[-4.681,9.682],[-4.796,9.755],[-4.798,9.843],[-4.966,9.901],[-4.963,10.04],[-5.07,10.11],[-5.136,10.304],[-5.403,10.301],[-5.594,10.454],[-5.878,10.376],[-6.016,10.19],[-6.24,10.252],[-6.181,10.42],[-6.261,10.514],[-6.204,10.63],[-6.256,10.726],[-6.427,10.686],[-6.446,10.552],[-6.669,10.654],[-6.669,10.361],[-6.961,10.345],[-7.016,10.141],[-7.363,10.252],[-7.501,10.459],[-7.664,10.437],[-7.829,10.212],[-7.99,10.162]]],[[[-3.115,5.108],[-3.234,5.163],[-3.276,5.118],[-3.115,5.108]]]]}},{"type":"Feature","properties":{"id":"DEU"},"geometry":{"type":"MultiPolygon","coordinates":[[[[13.816,48.766],[13,49.295],[12.644,49.429],[12.384,49.743],[12.524,49.905],[12.247,50.045],[12.08,50.243],[12.149,50.312],[12.3,50.161],[12.51,50.389],[12.953,50.404],[13.01,50.493],[13.16,50.497],[13.369,50.628],[13.448,50.597],[13.557,50.707],[14.347,50.88],[14.288,51.037],[14.482,51.037],[14.613,50.846],[14.775,50.813],[14.955,51.064],[14.955,51.435],[14.71,51.53],[14.732,51.658],[14.586,51.804],[14.761,52.077],[14.545,52.382],[14.645,52.577],[14.124,52.851],[14.442,53.252],[14.264,53.752],[13.817,53.853],[13.906,53.943],[13.746,54.036],[13.808,54.105],[13.712,54.174],[13.484,54.091],[13.115,54.28],[13.009,54.438],[12.855,54.358],[12.684,54.372],[12.705,54.415],[12.541,54.372],[12.412,54.251],[12.438,54.388],[12.527,54.372],[12.624,54.423],[12.921,54.434],[12.534,54.488],[12.109,54.183],[12.115,54.098],[12.088,54.194],[11.69,54.155],[11.458,53.906],[11.175,54.018],[10.902,53.961],[10.753,54.05],[11.067,54.184],[11.136,54.386],[10.731,54.31],[10.318,54.443],[10.142,54.324],[10.143,54.492],[9.84,54.475],[10.027,54.56],[9.948,54.78],[9.824,54.757],[9.58,54.866],[9.244,54.802],[8.661,54.896],[8.689,54.735],[9.012,54.506],[8.6,54.338],[8.678,54.269],[8.963,54.318],[8.813,54.18],[9.018,54.098],[8.997,54.03],[8.833,54.036],[8.916,53.937],[8.985,53.897],[9.258,53.886],[9.395,53.831],[9.584,53.612],[9.832,53.544],[9.567,53.6],[9.275,53.865],[8.861,53.831],[8.652,53.892],[8.486,53.7],[8.566,53.547],[8.504,53.358],[8.552,53.544],[8.271,53.613],[8.315,53.475],[8.205,53.411],[8.077,53.469],[8.168,53.553],[8.031,53.708],[7.305,53.685],[7.087,53.587],[7.023,53.451],[7.038,53.349],[7.303,53.333],[7.367,53.303],[7.255,53.32],[7.195,53.245],[7.037,52.647],[6.737,52.635],[6.672,52.542],[6.715,52.462],[6.973,52.451],[7.048,52.365],[7.026,52.231],[6.673,52.05],[6.811,51.961],[6.345,51.821],[6.127,51.897],[6.156,51.842],[5.931,51.816],[6.205,51.458],[6.057,51.212],[6.147,51.152],[5.852,51.043],[6.064,50.908],[5.995,50.75],[6.249,50.614],[6.171,50.518],[6.337,50.481],[6.372,50.329],[6.117,50.12],[6.223,49.887],[6.503,49.796],[6.345,49.455],[6.512,49.425],[6.726,49.156],[6.914,49.207],[7.043,49.108],[7.274,49.105],[7.41,49.169],[7.635,49.038],[8.2,48.959],[7.81,48.615],[7.579,48.114],[7.512,47.707],[7.586,47.585],[8.561,47.589],[8.607,47.656],[8.391,47.665],[8.558,47.801],[8.717,47.695],[9.183,47.67],[9.547,47.535],[9.782,47.588],[9.946,47.541],[10.083,47.359],[10.209,47.372],[10.16,47.271],[10.428,47.396],[10.429,47.577],[10.859,47.531],[10.979,47.391],[11.237,47.394],[11.62,47.59],[12.174,47.605],[12.242,47.732],[12.239,47.679],[12.424,47.692],[12.497,47.629],[12.762,47.667],[12.779,47.555],[13.002,47.466],[13.072,47.659],[12.892,47.724],[12.991,47.847],[12.739,48.113],[13.406,48.377],[13.455,48.573],[13.717,48.522],[13.816,48.766]]],[[[14.21,53.938],[13.762,54.164],[13.815,54.101],[13.774,54.023],[13.946,54.067],[14.051,54.005],[14.048,53.941],[13.904,53.995],[13.932,53.899],[13.84,53.85],[14.201,53.878],[14.21,53.938]]],[[[11.256,54.479],[11.121,54.536],[11.008,54.455],[11.314,54.414],[11.256,54.479]]],[[[13.698,54.392],[13.579,54.455],[13.64,54.586],[13.425,54.585],[13.419,54.688],[13.242,54.66],[13.253,54.565],[13.369,54.612],[13.521,54.516],[13.349,54.524],[13.369,54.585],[13.298,54.52],[13.143,54.543],[13.273,54.482],[13.15,54.29],[13.407,54.228],[13.482,54.338],[13.664,54.353],[13.723,54.278],[13.698,54.392]]],[[[8.498,54.756],[8.395,54.715],[8.566,54.688],[8.498,54.756]]],[[[8.36,54.948],[8.416,55.065],[8.289,54.891],[8.284,54.742],[8.307,54.865],[8.654,54.894],[8.388,54.894],[8.36,54.948]]]]}},{"type":"Feature","properties":{"id":"EGY"},"geometry":{"type":"MultiPolygon","coordinates":[[[[35.621,23.139],[35.489,23.497],[35.484,23.918],[35.514,23.977],[35.793,23.902],[35.494,24.109],[35.145,24.5],[34.633,25.569],[33.941,26.654],[33.996,26.897],[33.837,27.121],[33.838,27.243],[33.496,27.647],[33.592,27.647],[33.473,27.823],[33.592,27.791],[33.554,27.896],[32.869,28.579],[32.807,28.778],[32.626,28.973],[32.581,29.369],[32.338,29.592],[32.578,30.011],[32.715,29.456],[33.178,28.99],[33.229,28.569],[33.565,28.297],[33.763,28.024],[34.257,27.729],[34.214,27.791],[34.435,27.976],[34.41,28.32],[34.625,28.736],[34.737,29.311],[34.887,29.49],[34.2,31.314],[33.648,31.117],[33.5,31.128],[33.406,31.155],[33.133,31.046],[33.109,31.196],[32.954,31.107],[33.064,31.135],[33.01,31.056],[32.927,31.112],[32.731,31.039],[32.667,31.052],[32.927,31.155],[32.602,31.061],[32.331,31.271],[32.207,31.295],[32.283,31.265],[32.283,31.137],[32.106,31.053],[32.016,31.128],[32.037,31.217],[31.926,31.187],[31.767,31.285],[31.858,31.354],[31.89,31.532],[31.995,31.395],[32.2,31.295],[31.945,31.521],[31.874,31.536],[31.557,31.443],[31.097,31.608],[30.978,31.584],[31.119,31.493],[31.029,31.518],[30.981,31.437],[30.734,31.388],[30.543,31.402],[30.974,31.587],[30.536,31.464],[30.362,31.509],[30.399,31.443],[30.344,31.498],[30.313,31.351],[30.179,31.278],[30.289,31.238],[30.165,31.217],[30.07,31.333],[29.503,30.957],[29.028,30.827],[28.424,31.083],[27.927,31.099],[27.853,31.24],[27.66,31.18],[27.446,31.223],[27.321,31.381],[25.967,31.617],[25.302,31.507],[25.191,31.531],[25.151,31.656],[24.861,31.38],[24.883,31.039],[24.995,30.785],[24.688,30.144],[24.981,29.181],[24.981,26.86],[24.981,24.33],[24.981,21.995],[28.096,21.995],[31.248,21.994],[31.423,22.227],[31.492,22.173],[31.435,21.995],[34.09,21.995],[36.884,21.996],[36.895,22.066],[36.44,22.356],[36.226,22.635],[35.848,22.763],[35.621,23.139]]],[[[34.007,27.509],[33.914,27.524],[34.051,27.449],[34.007,27.509]]],[[[34.585,27.955],[34.49,27.996],[34.518,27.93],[34.62,27.92],[34.585,27.955]]],[[[33.376,31.19],[33.27,31.217],[33.476,31.142],[33.376,31.19]]],[[[33.079,31.227],[32.935,31.148],[33.103,31.227],[33.262,31.224],[33.105,31.24],[33.079,31.227]]]]}},{"type":"Feature","properties":{"id":"ESP"},"geometry":{"type":"MultiPolygon","coordinates":[[[[-5.341,35.847],[-5.283,35.912],[-5.399,35.925],[-5.341,35.847]]],[[[-1.794,43.386],[-2.128,43.287],[-2.661,43.412],[-2.691,43.368],[-2.769,43.453],[-2.947,43.431],[-3.008,43.321],[-3.461,43.412],[-3.432,43.467],[-3.579,43.518],[-3.811,43.425],[-3.827,43.497],[-4.482,43.384],[-5.3,43.538],[-5.414,43.507],[-5.394,43.555],[-5.677,43.561],[-5.852,43.663],[-6.069,43.57],[-6.944,43.566],[-7.045,43.479],[-7.044,43.559],[-7.271,43.561],[-7.367,43.68],[-7.692,43.727],[-7.686,43.793],[-7.858,43.668],[-7.909,43.766],[-8.313,43.567],[-8.333,43.471],[-8.169,43.492],[-8.305,43.451],[-8.175,43.416],[-8.21,43.313],[-8.331,43.406],[-8.354,43.349],[-8.693,43.293],[-8.841,43.339],[-8.988,43.283],[-8.933,43.235],[-9.17,43.189],[-9.208,43.138],[-9.108,43.141],[-9.28,43.055],[-9.292,42.923],[-9.135,42.918],[-9.1,42.758],[-8.888,42.831],[-9.03,42.708],[-9.012,42.531],[-8.731,42.688],[-8.827,42.462],[-8.943,42.469],[-8.844,42.404],[-8.655,42.441],[-8.867,42.256],[-8.622,42.31],[-8.896,42.119],[-8.881,41.893],[-8.627,42.051],[-8.222,42.154],[-8.095,42.041],[-8.23,41.905],[-8.18,41.811],[-7.906,41.914],[-7.897,41.858],[-7.722,41.899],[-7.443,41.806],[-7.219,41.879],[-7.16,41.986],[-6.609,41.962],[-6.524,41.867],[-6.542,41.659],[-6.366,41.664],[-6.206,41.57],[-6.321,41.411],[-6.647,41.268],[-6.804,41.064],[-6.942,41.016],[-6.816,40.857],[-6.794,40.356],[-7.043,40.181],[-6.88,40.009],[-7.021,39.694],[-7.557,39.68],[-7.314,39.457],[-7.244,39.196],[-6.986,39.067],[-7.056,38.855],[-7.281,38.72],[-7.359,38.446],[-7.104,38.174],[-6.947,38.197],[-7.024,38.023],[-7.273,37.977],[-7.529,37.557],[-7.399,37.185],[-7.101,37.224],[-6.928,37.172],[-6.963,37.234],[-6.853,37.295],[-6.893,37.167],[-6.5,36.96],[-6.388,36.808],[-6.345,36.901],[-6.195,36.932],[-6.433,36.751],[-6.395,36.637],[-6.179,36.514],[-6.231,36.473],[-6.31,36.534],[-6.037,36.19],[-5.612,36.006],[-5.439,36.063],[-5.425,36.18],[-5.339,36.141],[-5.187,36.411],[-4.659,36.508],[-4.403,36.724],[-3.415,36.696],[-2.933,36.752],[-2.718,36.682],[-2.561,36.819],[-2.362,36.837],[-2.147,36.73],[-1.9,36.941],[-1.671,37.363],[-1.324,37.562],[-1.106,37.532],[-0.705,37.62],[-0.856,37.742],[-0.761,37.796],[-0.624,38.162],[-0.504,38.207],[-0.51,38.338],[0.235,38.742],[-0.106,38.937],[-0.227,39.112],[-0.331,39.48],[-0.194,39.715],[0.563,40.59],[0.733,40.634],[0.592,40.582],[0.677,40.565],[0.848,40.675],[0.874,40.728],[0.695,40.786],[0.99,41.04],[2.06,41.275],[2.297,41.465],[3.15,41.845],[3.236,41.966],[3.119,42.218],[3.318,42.323],[3.187,42.35],[3.181,42.431],[2.934,42.47],[2.515,42.326],[2.277,42.429],[2.009,42.347],[1.707,42.503],[1.448,42.435],[1.429,42.595],[1.343,42.709],[0.724,42.845],[0.644,42.684],[-0.039,42.685],[-0.323,42.843],[-0.569,42.773],[-0.76,42.947],[-1.15,43.006],[-1.286,43.109],[-1.457,43.045],[-1.403,43.243],[-1.747,43.291],[-1.794,43.386]]],[[[-17.934,27.852],[-18.16,27.722],[-17.979,27.643],[-17.879,27.815],[-17.934,27.852]]],[[[-15.392,28.03],[-15.409,28.18],[-15.706,28.167],[-15.815,27.901],[-15.578,27.734],[-15.378,27.852],[-15.392,28.03]]],[[[-17.31,28.207],[-17.343,28.098],[-17.258,28.025],[-17.098,28.101],[-17.31,28.207]]],[[[-16.428,28.15],[-16.356,28.381],[-16.118,28.572],[-16.316,28.572],[-16.507,28.424],[-16.916,28.355],[-16.693,28],[-16.546,28.024],[-16.428,28.15]]],[[[-13.973,28.736],[-14.224,28.219],[-14.507,28.071],[-14.343,28.051],[-13.934,28.244],[-13.824,28.682],[-13.973,28.736]]],[[[-17.756,28.819],[-17.911,28.856],[-17.997,28.78],[-17.837,28.455],[-17.721,28.731],[-17.756,28.819]]],[[[-13.483,29.24],[-13.537,29.138],[-13.798,29.048],[-13.867,28.865],[-13.775,28.84],[-13.482,28.999],[-13.418,29.209],[-13.483,29.24]]],[[[1.526,38.678],[1.431,38.755],[1.383,38.642],[1.581,38.653],[1.526,38.678]]],[[[1.606,39.091],[1.357,39.078],[1.217,38.885],[1.403,38.832],[1.606,39.091]]],[[[3.354,39.784],[3.136,39.789],[3.207,39.893],[3.097,39.914],[3.179,39.969],[2.933,39.914],[2.356,39.559],[2.493,39.47],[2.682,39.559],[2.787,39.376],[2.959,39.363],[3.061,39.269],[3.253,39.386],[3.454,39.66],[3.474,39.75],[3.354,39.784]]],[[[4.303,39.926],[4.105,40.079],[3.803,40.018],[3.831,39.936],[4.248,39.816],[4.337,39.867],[4.303,39.926]]]]}},{"type":"Feature","properties":{"id":"ETH"},"geometry":{"type":"Polygon","coordinates":[[[41.885,3.977],[42.103,4.192],[42.832,4.302],[43.119,4.648],[43.528,4.842],[43.969,4.954],[44.942,4.911],[46.424,6.497],[47.979,7.997],[46.979,7.997],[43.985,9.008],[43.621,9.337],[43.419,9.413],[43.249,9.652],[43.187,9.883],[43.068,9.923],[42.836,10.208],[42.647,10.632],[42.924,10.999],[42.772,10.996],[42.616,11.09],[41.938,10.93],[41.761,10.996],[41.792,11.704],[42.379,12.466],[42.185,12.733],[41.947,12.876],[41.712,13.248],[41.192,13.616],[40.833,14.106],[40.105,14.466],[39.892,14.427],[39.515,14.568],[39.208,14.44],[39.127,14.602],[39.01,14.651],[38.866,14.494],[38.427,14.417],[38.229,14.68],[38.007,14.724],[37.891,14.88],[37.554,14.105],[37.294,14.457],[37.121,14.421],[37.06,14.277],[36.748,14.332],[36.526,14.264],[36.391,13.599],[36.234,13.362],[36.137,13.032],[36.115,12.702],[35.688,12.659],[35.317,12.024],[35.073,11.819],[35.073,11.549],[34.944,11.253],[34.958,10.903],[34.839,10.729],[34.754,10.684],[34.575,10.884],[34.279,10.566],[34.303,10.114],[34.067,9.531],[34.103,8.579],[33.95,8.433],[33.741,8.367],[33.62,8.461],[33.235,8.456],[33.162,8.362],[33.185,8.141],[32.99,7.917],[33.058,7.798],[33.716,7.657],[34.007,7.41],[34.034,7.25],[34.181,7.167],[34.281,6.98],[34.504,6.89],[34.525,6.753],[34.704,6.685],[34.959,6.062],[34.974,5.863],[35.099,5.622],[35.262,5.512],[35.287,5.374],[35.469,5.431],[35.804,5.318],[35.752,4.854],[35.921,4.619],[35.94,4.508],[36.041,4.444],[36.844,4.432],[37.016,4.371],[38.102,3.613],[38.509,3.651],[39.504,3.403],[39.848,3.867],[40.764,4.285],[41.163,3.943],[41.885,3.977]]]}},{"type":"Feature","properties":{"id":"FRA"},"geometry":{"type":"MultiPolygon","coordinates":[[[[-54.112,2.114],[-53.765,2.369],[-53.532,2.247],[-53.344,2.35],[-53.234,2.251],[-53.269,2.196],[-52.981,2.173],[-52.691,2.373],[-52.409,2.897],[-52.355,3.152],[-51.649,4.152],[-51.801,4.613],[-51.909,4.656],[-51.937,4.392],[-52.046,4.334],[-51.951,4.454],[-52.025,4.694],[-52.232,4.875],[-52.34,4.725],[-52.279,4.931],[-52.389,4.896],[-52.402,4.974],[-52.897,5.406],[-53.934,5.745],[-54.061,5.437],[-54.311,5.226],[-54.487,4.903],[-54.407,4.192],[-54.241,3.876],[-53.995,3.624],[-54.003,3.455],[-54.211,3.127],[-54.17,2.853],[-54.376,2.484],[-54.615,2.326],[-54.477,2.214],[-54.112,2.114]]],[[[2.522,51.088],[1.581,50.869],[1.542,50.278],[1.673,50.193],[1.521,50.215],[1.221,49.979],[0.186,49.703],[0.079,49.516],[0.34,49.457],[0.493,49.494],[0.411,49.452],[-0.219,49.28],[-0.94,49.392],[-1.123,49.345],[-1.306,49.558],[-1.263,49.696],[-1.607,49.65],[-1.935,49.724],[-1.816,49.384],[-1.548,49.225],[-1.554,48.747],[-1.357,48.643],[-1.796,48.616],[-1.844,48.712],[-1.946,48.699],[-2.029,48.643],[-1.98,48.514],[-2.052,48.65],[-2.214,48.582],[-2.316,48.699],[-2.682,48.509],[-3.008,48.821],[-3.125,48.76],[-3.091,48.871],[-3.221,48.794],[-3.23,48.872],[-3.398,48.807],[-3.515,48.842],[-3.585,48.683],[-3.81,48.733],[-3.852,48.63],[-3.974,48.733],[-4.564,48.63],[-4.765,48.52],[-4.768,48.345],[-4.29,48.432],[-4.454,48.335],[-4.269,48.363],[-4.325,48.322],[-4.187,48.308],[-4.516,48.296],[-4.547,48.347],[-4.626,48.287],[-4.557,48.177],[-4.379,48.232],[-4.285,48.115],[-4.728,48.041],[-4.435,47.976],[-4.372,47.807],[-4.185,47.813],[-4.132,47.924],[-3.446,47.705],[-3.283,47.787],[-3.358,47.711],[-3.283,47.691],[-3.358,47.697],[-3.224,47.656],[-3.193,47.746],[-3.118,47.732],[-3.201,47.64],[-3.132,47.478],[-3.123,47.599],[-2.94,47.561],[-2.975,47.664],[-2.919,47.596],[-2.707,47.643],[-2.741,47.551],[-2.909,47.558],[-2.83,47.504],[-2.577,47.554],[-2.622,47.513],[-2.364,47.506],[-2.495,47.491],[-2.392,47.424],[-2.556,47.383],[-2.436,47.307],[-2.542,47.3],[-2.278,47.246],[-2.01,47.32],[-1.727,47.211],[-2.015,47.3],[-2.161,47.271],[-2.241,47.142],[-1.991,47.035],[-2.119,46.82],[-1.91,46.692],[-1.795,46.495],[-1.24,46.284],[-1.111,46.303],[-1.211,46.175],[-1.049,46.039],[-1.152,45.868],[-0.987,45.717],[-1.164,45.807],[-1.247,45.71],[-0.795,45.477],[-0.656,45.099],[-0.494,44.998],[-0.596,45.025],[-0.535,44.895],[-0.716,45.135],[-0.766,45.326],[-1.085,45.569],[-1.26,44.627],[-1.172,44.778],[-1.045,44.669],[-1.187,44.665],[-1.257,44.556],[-1.477,43.58],[-1.661,43.4],[-1.794,43.386],[-1.747,43.291],[-1.403,43.243],[-1.457,43.045],[-1.286,43.109],[-1.15,43.006],[-0.76,42.947],[-0.569,42.773],[-0.323,42.843],[-0.039,42.685],[0.644,42.684],[0.724,42.845],[1.343,42.709],[1.429,42.595],[1.543,42.649],[1.722,42.61],[1.707,42.503],[2.009,42.347],[2.277,42.429],[2.515,42.326],[2.934,42.47],[3.181,42.431],[3.042,42.629],[3.114,43.106],[3.953,43.54],[4.82,43.346],[4.695,43.579],[4.856,43.342],[4.868,43.421],[5.051,43.429],[5.029,43.559],[5.226,43.48],[5.026,43.409],[5.034,43.335],[5.294,43.355],[5.347,43.216],[5.674,43.18],[5.857,43.045],[5.941,43.134],[6.154,43.034],[6.193,43.109],[6.375,43.091],[6.66,43.19],[6.693,43.273],[6.591,43.269],[6.731,43.408],[6.894,43.428],[6.962,43.54],[7.139,43.554],[7.152,43.655],[7.502,43.792],[7.478,43.866],[7.69,44.067],[7.656,44.176],[7.341,44.124],[6.973,44.249],[6.836,44.534],[6.96,44.683],[7.055,44.685],[7.005,44.828],[6.745,44.908],[6.603,45.103],[7.108,45.259],[7.161,45.411],[6.782,45.777],[7.022,45.925],[6.766,46.152],[6.763,46.429],[6.302,46.394],[6.214,46.315],[6.281,46.24],[6.108,46.139],[5.959,46.13],[5.959,46.212],[6.09,46.246],[6.118,46.583],[6.429,46.761],[6.443,46.944],[6.665,47.021],[7.037,47.33],[6.867,47.354],[6.973,47.489],[7.379,47.431],[7.586,47.585],[7.512,47.707],[7.579,48.114],[7.81,48.615],[8.2,48.959],[7.635,49.038],[7.41,49.169],[7.274,49.105],[7.043,49.108],[6.914,49.207],[6.726,49.156],[6.512,49.425],[6.345,49.455],[6.194,49.499],[5.961,49.441],[5.791,49.538],[5.456,49.499],[5.259,49.691],[4.858,49.787],[4.816,50.161],[4.646,49.984],[4.435,49.932],[4.132,49.975],[4.198,50.258],[4.003,50.344],[3.697,50.298],[3.608,50.477],[3.271,50.527],[3.129,50.779],[2.787,50.723],[2.587,50.845],[2.522,51.088]]],[[[-60.81,14.462],[-60.937,14.666],[-60.879,14.777],[-60.961,14.75],[-61.136,14.877],[-61.219,14.847],[-61.16,14.667],[-60.996,14.565],[-61.106,14.517],[-61.07,14.467],[-60.869,14.476],[-60.871,14.408],[-60.81,14.462]]],[[[-61.194,15.932],[-61.268,16.009],[-61.332,15.932],[-61.275,15.874],[-61.194,15.932]]],[[[-61.552,16.286],[-61.738,16.365],[-61.797,16.312],[-61.695,15.949],[-61.566,16.034],[-61.552,16.286]]],[[[-61.544,16.285],[-61.462,16.202],[-61.164,16.253],[-61.366,16.349],[-61.463,16.513],[-61.544,16.285]]],[[[55.788,-21.103],[55.578,-20.875],[55.287,-20.912],[55.225,-21.03],[55.35,-21.271],[55.575,-21.368],[55.812,-21.343],[55.855,-21.157],[55.788,-21.103]]],[[[45.201,-12.723],[45.091,-12.647],[45.042,-12.698],[45.136,-12.904],[45.063,-12.899],[45.097,-12.982],[45.186,-12.969],[45.201,-12.723]]],[[[8.566,42.209],[8.745,42.057],[8.586,41.969],[8.614,41.901],[8.805,41.907],[8.655,41.75],[8.923,41.695],[8.792,41.561],[9.223,41.373],[9.351,41.581],[9.292,41.626],[9.402,41.706],[9.403,41.953],[9.56,42.147],[9.422,43.017],[9.347,43.004],[9.292,42.675],[9.118,42.732],[8.709,42.579],[8.549,42.377],[8.688,42.273],[8.566,42.209]]],[[[-1.219,45.944],[-1.405,46.053],[-1.209,45.814],[-1.219,45.944]]],[[[-2.2,46.985],[-2.296,47.033],[-2.143,46.91],[-2.2,46.985]]],[[[-3.115,47.331],[-3.262,47.383],[-3.223,47.312],[-3.115,47.331]]]]}},{"type":"Feature","properties":{"id":"GBR"},"geometry":{"type":"MultiPolygon","coordinates":[[[[-7.247,55.069],[-7.405,55.004],[-7.543,54.742],[-7.93,54.697],[-7.708,54.604],[-8.174,54.462],[-7.856,54.211],[-7.31,54.115],[-7.153,54.224],[-7.192,54.335],[-7.018,54.413],[-6.64,54.168],[-6.631,54.042],[-6.355,54.111],[-6.08,54.035],[-5.894,54.105],[-5.862,54.231],[-5.64,54.235],[-5.541,54.327],[-5.58,54.384],[-5.709,54.352],[-5.626,54.441],[-5.702,54.578],[-5.558,54.512],[-5.516,54.338],[-5.431,54.485],[-5.575,54.68],[-5.907,54.606],[-5.69,54.793],[-5.986,54.982],[-6.101,55.212],[-6.963,55.195],[-7.054,55.049],[-7.247,55.069]]],[[[-2.665,51.617],[-2.383,51.773],[-2.975,51.384],[-3.022,51.192],[-3.769,51.248],[-4.229,51.192],[-4.208,51.076],[-4.338,50.997],[-4.526,51.015],[-4.577,50.775],[-4.792,50.595],[-4.921,50.589],[-4.845,50.514],[-5.016,50.538],[-5.15,50.35],[-5.438,50.194],[-5.685,50.162],[-5.705,50.052],[-5.475,50.13],[-5.191,49.959],[-5.057,50.061],[-5.126,50.096],[-5.053,50.196],[-5.002,50.144],[-4.694,50.343],[-4.194,50.322],[-4.29,50.397],[-4.201,50.459],[-4.054,50.3],[-3.661,50.221],[-3.487,50.405],[-3.556,50.432],[-3.464,50.679],[-3.368,50.617],[-2.865,50.734],[-2.453,50.528],[-2.398,50.646],[-1.965,50.602],[-2.039,50.74],[-1.561,50.719],[-1.317,50.8],[-1.466,50.918],[-1.151,50.781],[-1.165,50.844],[-1.069,50.844],[-1.083,50.781],[-0.939,50.843],[-0.79,50.73],[-0.27,50.831],[0.271,50.747],[0.762,50.931],[0.98,50.918],[1.028,51.042],[1.384,51.152],[1.448,51.383],[0.977,51.349],[0.577,51.394],[0.695,51.477],[0.385,51.453],[0.924,51.588],[0.93,51.744],[0.699,51.72],[0.98,51.844],[1.065,51.775],[1.276,51.845],[1.2,51.878],[1.282,51.947],[1.069,51.953],[1.271,51.956],[1.158,52.029],[1.332,51.94],[1.582,52.081],[1.747,52.625],[1.644,52.776],[1.275,52.929],[0.57,52.969],[0.385,52.768],[0.01,52.886],[0.357,53.146],[0.219,53.419],[-0.279,53.707],[-0.726,53.701],[-0.26,53.735],[0.131,53.573],[-0.219,54.023],[-0.076,54.112],[-0.37,54.248],[-0.563,54.477],[-1.204,54.626],[-1.631,55.585],[-1.816,55.633],[-2.138,55.915],[-2.635,56.058],[-3.078,55.947],[-3.656,56.01],[-3.837,56.106],[-3.343,56.027],[-2.964,56.206],[-2.648,56.229],[-2.577,56.284],[-2.803,56.345],[-2.885,56.458],[-3.323,56.366],[-3.061,56.452],[-2.728,56.47],[-2.515,56.592],[-1.761,57.497],[-1.998,57.703],[-3.035,57.669],[-3.409,57.723],[-4.249,57.497],[-4.009,57.689],[-4.412,57.603],[-4.078,57.73],[-3.988,57.696],[-3.779,57.856],[-4.04,57.818],[-4.392,57.908],[-4.009,57.868],[-4.084,57.964],[-4.002,57.936],[-3.183,58.328],[-3.019,58.64],[-3.375,58.677],[-3.364,58.601],[-4.029,58.595],[-4.495,58.45],[-4.475,58.566],[-4.761,58.448],[-4.66,58.556],[-4.777,58.607],[-4.818,58.525],[-4.836,58.605],[-4.988,58.628],[-5.106,58.506],[-5.016,58.388],[-5.143,58.415],[-5.173,58.354],[-4.934,58.223],[-5.392,58.261],[-5.242,58.148],[-5.301,58.07],[-5.447,58.084],[-5.071,57.833],[-5.366,57.943],[-5.222,57.847],[-5.613,57.929],[-5.606,57.77],[-5.699,57.869],[-5.811,57.833],[-5.674,57.71],[-5.806,57.643],[-5.513,57.541],[-5.839,57.579],[-5.808,57.355],[-5.448,57.422],[-5.729,57.298],[-5.441,57.319],[-5.407,57.23],[-5.578,57.267],[-5.681,57.158],[-5.4,57.106],[-5.776,57.076],[-5.523,57.004],[-5.832,56.997],[-5.921,56.894],[-5.66,56.873],[-5.851,56.829],[-5.757,56.785],[-6.234,56.729],[-6.162,56.678],[-5.544,56.695],[-6.008,56.642],[-5.674,56.497],[-5.12,56.818],[-5.238,56.717],[-4.996,56.716],[-5.318,56.661],[-5.414,56.545],[-5.242,56.565],[-5.455,56.47],[-5.201,56.462],[-5.065,56.565],[-5.209,56.447],[-5.457,56.441],[-5.573,56.328],[-5.532,56.086],[-5.708,55.943],[-5.571,56.038],[-5.66,55.797],[-5.455,55.846],[-5.681,55.674],[-5.783,55.314],[-5.525,55.359],[-5.49,55.645],[-5.318,55.783],[-5.444,56.028],[-4.921,56.278],[-5.338,55.997],[-5.307,55.86],[-5.201,55.831],[-5.181,55.969],[-5.087,55.901],[-5.124,56.01],[-4.969,55.88],[-4.921,56.168],[-4.852,56.113],[-4.756,56.207],[-4.865,56.067],[-4.852,55.988],[-4.839,56.081],[-4.673,55.962],[-4.482,55.928],[-4.886,55.92],[-4.921,55.709],[-4.618,55.496],[-5.008,55.141],[-4.988,54.928],[-5.115,55.032],[-5.157,54.879],[-4.859,54.633],[-4.955,54.805],[-4.859,54.866],[-4.382,54.68],[-4.403,54.907],[-4.012,54.768],[-3.817,54.886],[-3.582,54.884],[-3.571,54.995],[-3.022,54.976],[-3.388,54.883],[-3.634,54.513],[-3.307,54.192],[-3.207,54.263],[-3.241,54.112],[-3.145,54.064],[-3.049,54.222],[-2.939,54.155],[-2.796,54.249],[-2.858,53.968],[-3.057,53.906],[-3.049,53.77],[-2.899,53.735],[-3.102,53.558],[-2.925,53.35],[-2.7,53.352],[-2.881,53.288],[-3.058,53.435],[-3.186,53.393],[-3.088,53.235],[-3.33,53.352],[-3.602,53.289],[-3.878,53.338],[-3.831,53.289],[-4.178,53.218],[-4.763,52.789],[-4.516,52.789],[-4.407,52.893],[-4.078,52.927],[-4.149,52.812],[-3.988,52.734],[-4.125,52.604],[-3.947,52.549],[-4.316,52.216],[-4.841,52.015],[-5.07,52.026],[-5.311,51.864],[-5.126,51.856],[-5.11,51.779],[-5.25,51.734],[-5.183,51.689],[-4.911,51.718],[-4.824,51.796],[-4.845,51.714],[-5.113,51.685],[-5.022,51.616],[-4.365,51.789],[-4.315,51.677],[-4.071,51.676],[-4.29,51.617],[-4.29,51.556],[-3.842,51.622],[-3.539,51.399],[-3.185,51.398],[-2.975,51.563],[-2.665,51.617]]],[[[-1.083,50.713],[-1.319,50.772],[-1.569,50.658],[-1.279,50.583],[-1.083,50.713]]],[[[0.911,51.412],[0.734,51.412],[0.911,51.364],[0.911,51.412]]],[[[-4.098,53.31],[-4.203,53.298],[-4.325,53.419],[-4.571,53.393],[-4.407,53.131],[-4.098,53.31]]],[[[-5.071,55.509],[-5.297,55.723],[-5.393,55.647],[-5.346,55.483],[-5.164,55.435],[-5.071,55.509]]],[[[-6.03,55.729],[-6.14,55.941],[-6.311,55.818],[-6.331,55.89],[-6.445,55.849],[-6.504,55.681],[-6.25,55.777],[-6.287,55.578],[-6.03,55.729]]],[[[-5.798,56.113],[-5.983,56.009],[-5.886,55.976],[-6.075,55.916],[-6.027,55.796],[-5.694,56.147],[-5.798,56.113]]],[[[-6.819,56.538],[-6.965,56.46],[-6.729,56.53],[-6.819,56.538]]],[[[-5.688,56.435],[-6.191,56.645],[-6.338,56.552],[-6.017,56.504],[-6.203,56.38],[-6.021,56.382],[-6.36,56.304],[-5.809,56.319],[-5.688,56.435]]],[[[-7.394,57.01],[-7.449,57.059],[-7.557,56.953],[-7.394,57.01]]],[[[-6.325,57.059],[-6.455,57.004],[-6.342,56.942],[-6.243,57.01],[-6.325,57.059]]],[[[-7.244,57.326],[-7.428,57.388],[-7.353,57.1],[-7.216,57.114],[-7.346,57.148],[-7.244,57.326]]],[[[-7.264,57.483],[-7.396,57.434],[-7.205,57.419],[-7.264,57.483]]],[[[-7.129,57.653],[-7.312,57.689],[-7.545,57.593],[-7.158,57.511],[-7.312,57.552],[-7.126,57.571],[-7.216,57.634],[-7.099,57.607],[-7.129,57.653]]],[[[-6.564,57.347],[-6.531,57.415],[-6.324,57.311],[-6.482,57.312],[-6.318,57.161],[-6.164,57.201],[-6.089,57.127],[-6.044,57.23],[-5.845,57.188],[-6.007,57.028],[-5.663,57.213],[-5.647,57.265],[-6.154,57.306],[-6.154,57.59],[-6.311,57.703],[-6.416,57.646],[-6.311,57.463],[-6.64,57.607],[-6.607,57.444],[-6.716,57.514],[-6.784,57.456],[-6.564,57.347]]],[[[-6.955,57.744],[-6.742,57.831],[-6.787,57.899],[-6.661,57.88],[-6.764,58.004],[-6.688,58.059],[-6.592,58.059],[-6.709,58.004],[-6.661,57.929],[-6.537,57.921],[-6.455,57.977],[-6.545,58.018],[-6.352,58.039],[-6.407,58.107],[-6.619,58.086],[-6.373,58.141],[-6.4,58.21],[-6.16,58.217],[-6.366,58.237],[-6.167,58.346],[-6.243,58.511],[-6.819,58.285],[-6.709,58.189],[-6.87,58.189],[-6.86,58.107],[-6.907,58.217],[-7.031,58.245],[-7.113,58.182],[-7.058,58.039],[-6.935,58.052],[-7.113,57.99],[-6.839,57.936],[-7.125,57.837],[-6.955,57.744]]],[[[-3.248,58.792],[-3.193,58.854],[-3.393,58.92],[-3.299,58.779],[-3.132,58.806],[-3.248,58.792]]],[[[-2.728,58.971],[-2.795,58.926],[-2.781,58.99],[-3.117,58.998],[-2.994,59.06],[-3.085,59.128],[-3.35,59.098],[-3.353,58.983],[-3.289,58.95],[-3.228,59.039],[-3.203,58.916],[-2.981,58.96],[-2.824,58.882],[-2.728,58.971]]],[[[-2.542,59.121],[-2.666,59.155],[-2.686,59.089],[-2.542,59.121]]],[[[-3.005,59.128],[-2.953,59.183],[-3.102,59.19],[-3.005,59.128]]],[[[-2.83,59.197],[-2.734,59.148],[-2.761,59.252],[-2.83,59.197]]],[[[-2.446,59.293],[-2.612,59.293],[-2.693,59.192],[-2.446,59.293]]],[[[-3.049,59.32],[-2.83,59.252],[-2.965,59.361],[-3.049,59.32]]],[[[-0.785,60.615],[-0.939,60.629],[-0.856,60.567],[-0.785,60.615]]],[[[-1.097,60.416],[-1.221,60.409],[-1.218,60.498],[-1.37,60.402],[-1.301,60.643],[-1.316,60.594],[-1.419,60.608],[-1.48,60.539],[-1.384,60.512],[-1.455,60.509],[-1.527,60.557],[-1.609,60.483],[-1.446,60.492],[-1.395,60.39],[-1.26,60.355],[-1.364,60.286],[-1.69,60.285],[-1.455,60.156],[-1.411,60.259],[-1.329,60.204],[-1.268,60.245],[-1.376,59.909],[-1.275,59.854],[-1.124,60.15],[-1.219,60.238],[-1.09,60.273],[-1.172,60.348],[-1.034,60.451],[-1.097,60.416]]],[[[-0.987,60.698],[-1.092,60.735],[-1.103,60.615],[-1.171,60.646],[-1.131,60.496],[-1.024,60.503],[-0.987,60.698]]]]}},{"type":"Feature","properties":{"id":"GUY"},"geometry":{"type":"MultiPolygon","coordinates":[[[[-56.482,1.942],[-56.705,2.03],[-57.09,2.774],[-57.202,2.846],[-57.308,3.395],[-57.476,3.339],[-57.655,3.39],[-57.644,3.517],[-57.83,3.662],[-58.068,4.151],[-57.837,4.651],[-57.925,4.796],[-57.85,4.923],[-57.687,5.006],[-57.29,5.02],[-57.289,5.171],[-57.19,5.169],[-57.336,5.317],[-57.162,5.639],[-57.167,6.085],[-57.409,6.313],[-57.491,6.339],[-57.529,6.266],[-57.599,6.427],[-58.006,6.792],[-58.312,6.892],[-58.462,6.822],[-58.59,6.417],[-58.68,6.376],[-58.568,6.907],[-58.485,7.011],[-58.49,7.376],[-59.105,8.014],[-59.739,8.404],[-59.761,8.355],[-59.434,8.13],[-59.838,8.369],[-60.021,8.558],[-59.829,8.245],[-60.375,7.824],[-60.526,7.813],[-60.731,7.525],[-60.602,7.33],[-60.628,7.191],[-60.548,7.126],[-60.372,7.172],[-60.304,7.054],[-60.377,6.939],[-60.7,6.767],[-60.908,6.815],[-60.934,6.732],[-61.13,6.716],[-61.212,6.561],[-61.122,6.187],[-61.397,5.946],[-60.74,5.202],[-60.449,5.174],[-60.132,5.243],[-59.981,5.057],[-60.032,4.725],[-60.16,4.528],[-59.687,4.381],[-59.738,4.203],[-59.528,3.94],[-59.686,3.69],[-59.863,3.582],[-59.822,3.357],[-59.969,3.043],[-60,2.694],[-59.903,2.36],[-59.742,2.264],[-59.759,1.862],[-59.646,1.84],[-59.681,1.757],[-59.531,1.703],[-59.26,1.387],[-58.967,1.31],[-58.834,1.186],[-58.698,1.281],[-58.519,1.267],[-58.514,1.439],[-58.32,1.601],[-58.027,1.517],[-57.985,1.658],[-57.561,1.709],[-57.319,1.977],[-57.104,2.021],[-57.011,1.919],[-56.806,1.874],[-56.482,1.942]]],[[[-58.379,6.972],[-58.461,6.883],[-58.334,6.965],[-58.379,6.972]]]]}},{"type":"Feature","properties":{"id":"IDN"},"geometry":{"type":"MultiPolygon","coordinates":[[[[117.704,4.163],[117.839,4.04],[117.935,4.06],[117.907,4.157],[117.704,4.163]]],[[[124.451,-9.18],[124.31,-9.489],[124.258,-9.501],[124.211,-9.379],[124.121,-9.427],[124.01,-9.344],[123.689,-9.611],[123.577,-10.034],[123.765,-10.075],[123.515,-10.213],[123.472,-10.365],[123.799,-10.375],[124.122,-10.173],[124.499,-10.112],[124.98,-9.649],[125.062,-9.486],[124.958,-9.212],[125.151,-9.185],[125.162,-9.061],[125.087,-8.986],[124.933,-9.074],[124.92,-8.962],[124.451,-9.18]]],[[[117.567,4.16],[117.203,4.356],[116.59,4.331],[116.522,4.397],[116.411,4.289],[116.311,4.383],[116.126,4.379],[116.021,4.271],[115.844,4.389],[115.771,4.226],[115.647,4.169],[115.539,3.921],[115.601,3.43],[115.518,3.357],[115.464,3.031],[115.31,2.986],[115.242,3.042],[115.069,2.833],[115.056,2.609],[115.206,2.51],[114.779,2.247],[114.832,1.903],[114.68,1.841],[114.546,1.435],[114.375,1.507],[114.173,1.421],[113.91,1.442],[113.625,1.228],[113.524,1.314],[112.958,1.416],[113.024,1.514],[112.973,1.57],[112.47,1.568],[112.162,1.435],[112.093,1.143],[111.91,1.114],[111.823,1.008],[111.623,1.03],[111.503,0.958],[111.472,1.022],[111.198,1.075],[110.554,0.851],[110.263,0.994],[110.17,1.174],[109.658,1.597],[109.642,1.781],[109.528,1.89],[109.645,2.083],[109.579,1.998],[109.341,1.936],[109.272,1.694],[109.073,1.534],[108.986,1.216],[109.266,1.395],[109.143,1.251],[108.924,1.164],[108.981,0.956],[108.855,0.832],[108.931,0.616],[108.921,0.34],[109.102,0.243],[109.3,0.01],[109.157,0.02],[109.225,-0.237],[109.046,-0.246],[109.136,-0.36],[109.139,-0.529],[109.401,-0.597],[109.355,-0.648],[109.507,-0.716],[109.263,-0.667],[109.273,-0.854],[109.391,-0.912],[109.428,-0.847],[109.526,-0.862],[109.677,-0.984],[109.764,-0.871],[109.74,-0.968],[109.935,-1.113],[109.93,-1.223],[110.061,-1.346],[110.034,-1.646],[109.904,-1.826],[110.093,-1.95],[110.16,-2.436],[110.221,-2.533],[110.281,-2.518],[110.157,-2.621],[110.263,-3.003],[110.549,-2.868],[110.662,-3.081],[110.956,-2.879],[110.754,-3.026],[110.986,-3.087],[111.363,-2.923],[111.57,-3.016],[111.703,-2.944],[111.754,-2.739],[111.833,-3.062],[111.809,-3.533],[111.905,-3.572],[112.203,-3.33],[112.349,-3.323],[112.545,-3.444],[112.638,-3.417],[113.022,-3.163],[112.941,-3.106],[113.035,-2.923],[113.351,-3.272],[113.303,-3.163],[113.366,-3.253],[113.612,-3.174],[113.632,-3.457],[114.042,-3.356],[114.118,-3.19],[114.108,-3.347],[114.187,-3.382],[114.365,-3.212],[114.264,-3.398],[114.477,-3.501],[114.55,-3.348],[114.522,-3.519],[114.611,-3.684],[114.607,-4.132],[114.664,-4.184],[115.968,-3.609],[116.111,-3.246],[116.168,-3.266],[116.167,-3.156],[116.265,-3.137],[116.106,-2.998],[116.138,-2.823],[116.229,-3.002],[116.288,-2.987],[116.393,-2.574],[116.297,-2.608],[116.304,-2.526],[116.445,-2.498],[116.518,-2.554],[116.603,-2.224],[116.518,-2.166],[116.411,-2.204],[116.371,-2.138],[116.283,-2.169],[116.458,-2.042],[116.467,-1.907],[116.425,-1.766],[116.222,-1.79],[116.54,-1.623],[116.568,-1.447],[116.762,-1.365],[116.743,-1.025],[116.82,-1.261],[116.958,-1.24],[117.282,-0.809],[117.339,-0.901],[117.627,-0.771],[117.483,-0.7],[117.551,-0.69],[117.555,-0.503],[117.63,-0.419],[117.441,-0.525],[117.497,-0.35],[117.435,-0.24],[117.53,-0.032],[117.47,0.109],[117.743,0.741],[117.903,0.837],[118.033,0.8],[117.894,1.113],[118.097,0.909],[118.384,0.805],[118.798,0.805],[119.012,0.976],[118.985,1.058],[118.857,1.058],[118.613,1.351],[118.456,1.395],[118.425,1.486],[117.924,1.819],[117.873,1.99],[117.75,2.031],[117.9,2.05],[117.826,2.107],[117.915,2.093],[118.058,2.22],[118.082,2.337],[117.826,2.607],[117.784,2.758],[117.62,2.826],[117.736,2.902],[117.544,2.922],[117.685,2.963],[117.565,2.984],[117.617,3.086],[117.27,3.234],[117.36,3.244],[117.447,3.435],[117.243,3.491],[117.2,3.555],[117.199,3.616],[117.031,3.594],[117.091,3.646],[117.51,3.607],[117.469,3.792],[117.629,3.632],[117.826,3.704],[117.702,3.779],[117.783,3.779],[117.719,3.861],[117.523,3.93],[117.688,3.909],[117.373,4.17],[117.567,4.16]],[[118.6,2.244],[118.556,2.312],[118.654,2.182],[118.6,2.244]]],[[[140.974,-2.601],[140.724,-2.634],[140.745,-2.499],[140.377,-2.395],[140.332,-2.456],[140.158,-2.321],[139.781,-2.355],[139.107,-2.013],[138.843,-1.95],[138.665,-1.789],[138.075,-1.61],[137.839,-1.471],[137.124,-1.797],[137.102,-1.888],[137.234,-2.061],[137.178,-2.106],[136.749,-2.252],[136.533,-2.19],[136.381,-2.234],[136.266,-2.56],[135.965,-2.776],[135.91,-2.986],[135.757,-3.056],[135.505,-3.348],[135.341,-3.39],[134.899,-3.263],[134.819,-3.136],[134.851,-2.9],[134.701,-2.959],[134.638,-2.511],[134.546,-2.463],[134.484,-2.539],[134.533,-2.834],[134.464,-2.862],[134.33,-2.522],[134.193,-2.379],[134.087,-1.683],[134.216,-1.56],[134.282,-1.35],[134.036,-0.958],[134.172,-0.864],[133.977,-0.723],[133.392,-0.723],[132.975,-0.445],[132.397,-0.353],[132.151,-0.436],[131.876,-0.69],[131.243,-0.819],[131.292,-0.915],[131.236,-1.117],[130.948,-1.412],[131.206,-1.524],[131.337,-1.453],[131.277,-1.374],[131.373,-1.395],[131.437,-1.502],[131.573,-1.48],[131.75,-1.573],[131.791,-1.498],[131.805,-1.608],[131.982,-1.539],[131.887,-1.652],[131.917,-1.707],[132.024,-1.676],[131.942,-1.895],[132.027,-2.018],[132.127,-1.998],[132.048,-2.083],[132.306,-2.266],[132.56,-2.186],[132.689,-2.307],[133.296,-2.204],[133.549,-2.245],[133.594,-2.183],[133.646,-2.236],[133.94,-2.108],[133.895,-2.163],[133.95,-2.169],[133.792,-2.26],[133.929,-2.274],[133.95,-2.204],[133.95,-2.293],[133.867,-2.341],[133.964,-2.326],[133.899,-2.378],[134.005,-2.388],[133.866,-2.411],[133.908,-2.477],[133.747,-2.438],[133.82,-2.477],[133.817,-2.649],[133.713,-2.512],[133.682,-2.717],[133.641,-2.543],[133.519,-2.59],[133.473,-2.522],[133.45,-2.642],[133.446,-2.495],[133.381,-2.676],[133.381,-2.512],[133.173,-2.422],[133.034,-2.479],[132.737,-2.81],[132.586,-2.717],[132.202,-2.676],[131.958,-2.788],[132.044,-2.803],[131.976,-2.93],[132.326,-2.947],[132.553,-3.107],[132.671,-3.329],[132.812,-3.282],[132.821,-3.437],[132.932,-3.554],[132.881,-3.643],[132.756,-3.628],[132.731,-3.682],[132.796,-3.941],[132.99,-4.114],[133.251,-4.067],[133.453,-3.865],[133.409,-3.722],[133.592,-3.545],[133.491,-3.444],[133.514,-3.378],[133.628,-3.416],[133.668,-3.122],[133.861,-2.923],[133.929,-3.115],[133.846,-3.087],[133.691,-3.216],[133.702,-3.404],[133.641,-3.484],[133.703,-3.673],[133.829,-3.722],[133.838,-3.59],[133.971,-3.85],[134.11,-3.818],[134.127,-3.745],[134.193,-3.836],[134.141,-3.903],[134.315,-4.02],[134.334,-3.869],[134.525,-4.026],[134.676,-3.908],[134.968,-3.937],[134.688,-3.947],[134.648,-4.119],[135.186,-4.449],[135.95,-4.506],[136.822,-4.928],[136.969,-4.87],[136.947,-4.918],[137.042,-4.943],[137.102,-4.889],[137.09,-4.96],[137.219,-5.013],[137.279,-4.937],[137.268,-5.014],[137.378,-5.082],[137.573,-5.121],[137.732,-5.273],[137.808,-5.253],[137.814,-5.358],[137.925,-5.329],[137.999,-5.479],[138.071,-5.41],[138.071,-5.729],[138.363,-5.679],[138.158,-5.774],[138.404,-5.836],[138.262,-5.915],[138.466,-6.402],[138.829,-6.706],[138.682,-6.645],[138.683,-6.715],[139.192,-6.973],[138.931,-6.843],[138.562,-6.919],[138.843,-7.146],[139.061,-7.213],[139.24,-7.151],[139.157,-7.243],[138.667,-7.198],[138.865,-7.336],[138.944,-7.497],[139.093,-7.56],[138.994,-7.865],[138.915,-7.903],[138.925,-8.07],[138.843,-8.117],[138.914,-8.292],[139.224,-8.074],[139.217,-7.951],[139.288,-7.973],[139.219,-7.98],[139.255,-8.146],[139.395,-8.201],[139.974,-8.097],[140.061,-7.924],[140.152,-7.885],[140.061,-7.948],[139.988,-8.192],[140.977,-9.106],[140.977,-6.897],[140.849,-6.703],[140.977,-6.335],[140.974,-2.601]]],[[[113.395,-8.447],[113.289,-8.433],[113.282,-8.488],[113.395,-8.447]]],[[[123.146,-8.426],[123,-8.449],[122.883,-8.583],[123.164,-8.474],[123.146,-8.426]]],[[[128.231,-8.251],[128.214,-8.199],[128.083,-8.255],[128.231,-8.251]]],[[[129.03,-8.207],[128.834,-8.2],[129.006,-8.264],[129.03,-8.207]]],[[[127.742,-8.159],[127.604,-8.207],[127.769,-8.213],[127.742,-8.159]]],[[[117.664,-8.148],[117.487,-8.183],[117.493,-8.361],[117.567,-8.364],[117.664,-8.148]]],[[[127.216,-8.027],[127.152,-8.097],[127.225,-8.109],[127.216,-8.027]]],[[[131.105,-7.629],[130.971,-7.701],[131.092,-7.692],[131.105,-7.629]]],[[[131.175,-7.404],[130.989,-7.473],[131.08,-7.504],[131.175,-7.404]]],[[[120.96,-7.282],[120.792,-7.279],[121.067,-7.303],[120.96,-7.282]]],[[[120.758,-7.076],[120.621,-6.998],[120.556,-7.073],[120.67,-7.151],[120.772,-7.131],[120.758,-7.076]]],[[[138.753,-6.778],[138.619,-6.729],[138.716,-6.865],[138.787,-6.83],[138.753,-6.778]]],[[[134.707,-6.589],[134.628,-6.709],[134.669,-6.773],[134.707,-6.589]]],[[[134.608,-6.421],[134.446,-6.285],[134.347,-6.36],[134.464,-6.425],[134.542,-6.529],[134.608,-6.421]]],[[[134.841,-6.288],[134.826,-6.473],[134.888,-6.314],[134.841,-6.288]]],[[[134.378,-6.254],[134.356,-6.255],[134.234,-6.13],[134.271,-6.062],[134.126,-6.034],[134.162,-6.197],[134.203,-6.194],[134.338,-6.332],[134.423,-6.281],[134.378,-6.254]]],[[[109.906,-7.838],[110.715,-8.193],[111.017,-8.255],[111.103,-8.207],[111.162,-8.282],[111.425,-8.269],[111.696,-8.371],[111.792,-8.257],[112.673,-8.447],[113.241,-8.281],[113.724,-8.528],[113.964,-8.562],[113.98,-8.62],[114.303,-8.612],[114.385,-8.665],[114.367,-8.741],[114.625,-8.741],[114.445,-8.603],[114.406,-8.447],[114.377,-8.519],[114.467,-7.831],[114.389,-7.758],[114.046,-7.612],[113.786,-7.726],[113.529,-7.7],[113.323,-7.786],[113.133,-7.728],[112.761,-7.531],[112.823,-7.263],[112.604,-7.193],[112.684,-7.175],[112.583,-6.871],[112.084,-6.906],[111.976,-6.785],[111.74,-6.782],[111.493,-6.623],[111.366,-6.712],[111.144,-6.692],[111.011,-6.421],[110.671,-6.5],[110.572,-6.836],[110.381,-6.976],[110.177,-6.856],[109.941,-6.923],[109.493,-6.802],[109.352,-6.876],[109.021,-6.789],[108.945,-6.849],[108.605,-6.762],[108.54,-6.487],[108.372,-6.34],[108.36,-6.246],[108.187,-6.231],[108.094,-6.327],[107.885,-6.187],[107.678,-6.238],[107.47,-6.145],[107.354,-5.976],[107.044,-5.914],[107.005,-6.072],[106.793,-6.104],[106.685,-6.012],[106.47,-6.034],[106.299,-5.945],[106.159,-6.01],[106.053,-5.881],[105.867,-6.11],[105.782,-6.512],[105.644,-6.482],[105.49,-6.809],[105.364,-6.665],[105.217,-6.772],[105.275,-6.849],[105.979,-6.818],[106.333,-7.001],[106.511,-6.964],[106.54,-7.055],[106.386,-7.231],[106.398,-7.378],[107.411,-7.496],[107.865,-7.745],[108.454,-7.819],[108.54,-7.692],[108.673,-7.721],[108.873,-7.611],[109.014,-7.733],[109.369,-7.713],[109.426,-7.774],[109.906,-7.838]]],[[[124.065,-5.963],[123.979,-5.87],[124.059,-6.027],[124.065,-5.963]]],[[[132.797,-5.609],[132.785,-5.527],[132.764,-5.679],[132.797,-5.609]]],[[[123.777,-5.514],[123.691,-5.473],[123.815,-5.596],[123.777,-5.514]]],[[[123.54,-5.246],[123.559,-5.351],[123.634,-5.367],[123.624,-5.267],[123.54,-5.246]]],[[[127.235,-3.821],[127.165,-3.814],[127.145,-3.885],[127.241,-3.911],[127.235,-3.821]]],[[[122.321,-3.512],[122.293,-3.581],[122.355,-3.557],[122.321,-3.512]]],[[[132.703,-3.453],[132.62,-3.424],[132.703,-3.519],[132.703,-3.453]]],[[[127.615,-3.307],[127.564,-3.256],[127.48,-3.293],[127.644,-3.356],[127.615,-3.307]]],[[[127.772,-3.163],[127.643,-3.224],[127.778,-3.244],[127.772,-3.163]]],[[[127.954,-2.917],[127.827,-3.029],[127.947,-3.018],[127.954,-2.917]]],[[[124.349,-1.96],[124.301,-1.987],[124.37,-2.039],[124.349,-1.96]]],[[[103.08,0.624],[103.037,0.658],[103.077,0.575],[103.08,0.624]]],[[[104.565,0.798],[104.511,0.75],[104.62,0.777],[104.565,0.798]]],[[[103.462,0.919],[103.407,0.911],[103.469,0.87],[103.462,0.919]]],[[[119.847,-0.875],[119.734,-0.634],[119.525,-0.86],[119.453,-1.096],[119.314,-1.246],[119.347,-1.959],[119.216,-2.01],[119.134,-2.204],[119.136,-2.454],[118.914,-2.648],[118.806,-2.63],[118.757,-2.776],[118.772,-2.862],[118.886,-2.87],[118.848,-3.068],[118.764,-3.091],[118.927,-3.566],[119.298,-3.428],[119.498,-3.495],[119.454,-3.7],[119.593,-4.026],[119.647,-3.978],[119.627,-4.315],[119.497,-4.718],[119.52,-4.917],[119.353,-5.356],[119.433,-5.588],[119.518,-5.558],[119.57,-5.656],[119.61,-5.609],[119.724,-5.704],[119.915,-5.569],[120.1,-5.596],[120.323,-5.51],[120.464,-5.62],[120.264,-5.15],[120.309,-4.871],[120.45,-4.647],[120.352,-4.1],[120.447,-3.729],[120.426,-3.256],[120.264,-3.142],[120.203,-2.958],[120.584,-2.682],[120.799,-2.615],[121.006,-2.661],[121.08,-2.759],[120.984,-2.824],[121.082,-2.872],[121.067,-3.194],[120.889,-3.389],[120.875,-3.499],[121.16,-3.796],[121.255,-3.816],[121.256,-3.903],[121.628,-4.087],[121.533,-4.238],[121.48,-4.581],[121.554,-4.744],[121.704,-4.835],[122.077,-4.842],[122.129,-4.8],[122.04,-4.663],[122.108,-4.52],[122.599,-4.397],[122.758,-4.485],[122.67,-4.315],[122.842,-4.438],[122.9,-4.389],[122.845,-4.058],[122.775,-4.048],[122.842,-4.129],[122.688,-4.138],[122.656,-4.007],[122.551,-3.971],[122.656,-3.889],[122.549,-3.879],[122.441,-3.731],[122.205,-3.594],[122.291,-3.471],[122.252,-3.376],[122.378,-3.439],[122.321,-3.257],[122.429,-3.246],[122.473,-3.151],[122.28,-3.04],[122.287,-2.889],[122.016,-2.694],[121.823,-2.287],[121.575,-2.163],[121.402,-1.909],[121.341,-1.991],[121.296,-1.817],[121.441,-1.814],[121.553,-1.929],[121.692,-1.908],[121.861,-1.67],[122.184,-1.614],[122.369,-1.493],[122.839,-0.899],[123.096,-0.835],[123.311,-1.051],[123.454,-0.758],[123.403,-0.643],[123.076,-0.556],[122.735,-0.648],[122.929,-0.759],[122.208,-0.765],[122.105,-0.926],[121.714,-0.935],[121.62,-0.8],[121.207,-1.191],[121.105,-1.406],[120.83,-1.34],[120.676,-1.395],[120.5,-0.975],[120.256,-0.899],[120.073,-0.614],[119.996,-0.209],[120.158,0.228],[120.375,0.478],[120.503,0.529],[121.108,0.407],[121.602,0.552],[121.8,0.426],[123.074,0.516],[123.239,0.325],[123.626,0.267],[124.322,0.399],[124.514,0.503],[124.664,0.806],[124.899,0.973],[125.115,1.385],[125.249,1.485],[125.175,1.678],[124.984,1.732],[124.826,1.573],[124.836,1.469],[124.548,1.36],[124.594,1.196],[124.389,1.186],[124.29,1.017],[123.929,0.832],[123.187,0.974],[123.176,0.923],[122.968,0.963],[122.849,0.818],[122.454,1.021],[121.99,1.022],[121.926,1.099],[121.547,1.072],[121.45,1.167],[121.451,1.298],[121.265,1.23],[121.08,1.332],[120.834,1.326],[120.802,1.053],[120.662,0.969],[120.568,0.782],[120.346,0.856],[120.342,0.983],[120.278,0.994],[120.227,0.815],[120.046,0.734],[120.032,0.516],[119.912,0.474],[119.869,0.287],[119.785,0.239],[119.888,0.071],[119.833,-0.084],[119.634,0.01],[119.675,-0.099],[119.8,-0.124],[119.758,-0.47],[119.847,-0.875]]],[[[128.194,2.367],[128.129,2.358],[128.155,2.286],[128.194,2.367]]],[[[100.947,1.825],[100.813,2.04],[100.434,2.273],[100.211,2.706],[100.121,2.664],[100.126,2.53],[100.055,2.727],[99.974,2.703],[100.008,2.603],[99.953,2.696],[99.98,2.948],[99.751,3.18],[98.797,3.725],[98.677,3.915],[98.306,4.08],[98.263,4.177],[98.179,4.108],[98.266,4.212],[98.276,4.425],[98.138,4.534],[97.997,4.546],[97.909,4.89],[97.526,5.242],[97.227,5.146],[96.973,5.273],[96.407,5.217],[96.088,5.295],[95.888,5.512],[95.612,5.627],[95.432,5.655],[95.213,5.573],[95.254,5.412],[95.199,5.293],[95.565,4.638],[96.198,4.121],[96.48,3.779],[96.884,3.682],[97.172,3.255],[97.271,3.214],[97.405,2.943],[97.603,2.866],[97.658,2.412],[97.744,2.281],[97.956,2.272],[98.269,2.038],[98.535,1.936],[98.691,1.736],[98.727,1.792],[98.774,1.749],[98.819,1.62],[98.753,1.536],[98.71,1.564],[99.1,0.602],[99.138,0.263],[99.341,0.239],[99.747,-0.03],[99.824,-0.313],[100.301,-0.816],[100.416,-1.048],[100.366,-1.15],[100.406,-1.264],[100.569,-1.331],[100.654,-1.618],[100.858,-1.892],[100.834,-2.159],[100.923,-2.333],[101.105,-2.587],[101.327,-2.739],[101.611,-3.225],[102.222,-3.643],[102.313,-3.991],[102.92,-4.493],[103.173,-4.618],[103.415,-4.869],[103.705,-4.955],[103.891,-5.104],[103.901,-5.219],[103.991,-5.246],[104.561,-5.928],[104.716,-5.921],[104.551,-5.508],[104.681,-5.507],[105.163,-5.786],[105.215,-5.759],[105.155,-5.727],[105.216,-5.698],[105.18,-5.58],[105.28,-5.444],[105.73,-5.897],[105.83,-5.655],[105.91,-4.943],[105.906,-4.469],[105.813,-4.239],[105.952,-3.834],[105.82,-3.673],[105.9,-3.407],[106.073,-3.256],[106.028,-2.983],[105.81,-2.899],[105.778,-2.69],[105.618,-2.595],[105.624,-2.402],[104.98,-2.326],[104.929,-2.375],[104.883,-2.285],[104.731,-2.591],[104.531,-2.773],[104.57,-2.656],[104.713,-2.558],[104.71,-2.371],[104.606,-2.402],[104.757,-2.33],[104.883,-2.126],[104.815,-2.008],[104.686,-2.045],[104.655,-1.97],[104.589,-2.019],[104.637,-1.922],[104.564,-1.858],[104.497,-1.936],[104.538,-1.761],[104.377,-1.032],[104.212,-1.073],[103.956,-0.977],[103.829,-1.073],[103.346,-0.696],[103.416,-0.575],[103.373,-0.449],[103.418,-0.518],[103.598,-0.437],[103.346,-0.367],[103.437,-0.338],[103.489,-0.212],[103.271,-0.258],[103.576,-0.104],[103.577,-0.014],[103.802,-0.007],[103.743,0.277],[103.606,0.311],[103.541,0.435],[103.362,0.536],[102.903,0.268],[102.546,0.169],[102.43,0.246],[102.582,0.181],[103.075,0.442],[102.954,0.676],[102.425,0.804],[102.209,1.024],[102.118,1.387],[101.749,1.662],[101.427,1.709],[101.317,2.025],[101.05,2.291],[100.886,2.298],[100.8,2.209],[100.947,1.825]]],[[[120.792,-9.961],[120.478,-9.641],[120.271,-9.643],[120.229,-9.492],[120.094,-9.461],[119.959,-9.29],[119.799,-9.384],[119.169,-9.386],[118.942,-9.526],[119.097,-9.718],[119.634,-9.769],[119.967,-9.984],[120.156,-10.221],[120.45,-10.31],[120.725,-10.197],[120.84,-10.051],[120.792,-9.961]]],[[[115.55,-8.666],[115.468,-8.732],[115.589,-8.807],[115.55,-8.666]]],[[[119.723,-8.621],[119.695,-8.667],[119.634,-8.597],[119.615,-8.778],[119.698,-8.802],[119.792,-8.624],[119.723,-8.621]]],[[[119.559,-8.518],[119.415,-8.443],[119.381,-8.741],[119.47,-8.741],[119.457,-8.597],[119.57,-8.59],[119.559,-8.518]]],[[[123.349,-8.269],[123.157,-8.244],[123.02,-8.392],[123.289,-8.404],[123.349,-8.269]]],[[[116.633,-8.275],[116.394,-8.201],[116.286,-8.236],[116.028,-8.445],[116.088,-8.737],[115.849,-8.725],[115.839,-8.817],[116.019,-8.908],[116.069,-8.856],[116.403,-8.954],[116.423,-8.836],[116.472,-8.839],[116.447,-8.92],[116.565,-8.896],[116.5,-8.803],[116.743,-8.392],[116.633,-8.275]]],[[[119.086,-8.132],[119.02,-8.19],[119.052,-8.261],[119.137,-8.191],[119.086,-8.132]]],[[[119.204,-8.611],[119.167,-8.56],[119.052,-8.646],[118.972,-8.302],[118.754,-8.326],[118.667,-8.547],[118.647,-8.289],[118.463,-8.249],[118.312,-8.371],[118.15,-8.134],[117.918,-8.086],[117.741,-8.148],[117.712,-8.241],[117.97,-8.461],[118.233,-8.549],[118.282,-8.642],[118.068,-8.656],[117.969,-8.748],[117.805,-8.72],[117.623,-8.438],[117.592,-8.515],[117.558,-8.405],[117.443,-8.411],[117.434,-8.481],[117.195,-8.358],[116.985,-8.496],[116.838,-8.508],[116.749,-8.667],[116.824,-8.799],[116.728,-8.963],[117.01,-9.107],[117.192,-9.024],[117.389,-9.054],[117.725,-8.912],[118.158,-8.868],[118.394,-8.675],[118.415,-8.583],[118.414,-8.854],[118.714,-8.8],[118.908,-8.851],[118.927,-8.797],[118.702,-8.748],[118.898,-8.688],[118.972,-8.751],[119.152,-8.742],[119.204,-8.611]]],[[[123.026,-8.289],[122.98,-8.147],[122.863,-8.07],[122.74,-8.222],[122.94,-8.193],[122.881,-8.286],[122.598,-8.395],[122.485,-8.484],[122.477,-8.595],[122.288,-8.634],[122.04,-8.515],[122.019,-8.426],[121.893,-8.493],[121.626,-8.467],[121.502,-8.602],[120.976,-8.338],[120.422,-8.227],[119.991,-8.447],[119.867,-8.413],[119.806,-8.741],[119.907,-8.872],[120.165,-8.769],[120.279,-8.829],[120.578,-8.79],[120.748,-8.871],[120.833,-8.817],[120.995,-8.941],[121.341,-8.918],[121.396,-8.794],[121.581,-8.818],[121.646,-8.906],[121.69,-8.851],[121.78,-8.888],[122.115,-8.732],[122.449,-8.734],[122.807,-8.611],[122.804,-8.438],[122.897,-8.461],[122.904,-8.363],[123.026,-8.289]]],[[[115.619,-8.289],[115.502,-8.173],[115.193,-8.055],[114.858,-8.193],[114.448,-8.122],[114.605,-8.386],[114.927,-8.467],[115.156,-8.662],[115.135,-8.851],[115.229,-8.83],[115.203,-8.747],[115.323,-8.624],[115.701,-8.419],[115.619,-8.289]]],[[[115.571,-6.905],[115.276,-6.835],[115.214,-6.928],[115.293,-7.008],[115.317,-6.952],[115.401,-6.973],[115.382,-6.911],[115.571,-6.905]]],[[[112.701,-5.726],[112.583,-5.794],[112.604,-5.847],[112.731,-5.828],[112.701,-5.726]]],[[[102.407,-5.404],[102.172,-5.28],[102.099,-5.335],[102.284,-5.499],[102.39,-5.477],[102.407,-5.404]]],[[[116.399,-3.393],[116.325,-3.533],[116.386,-3.64],[116.399,-3.393]]],[[[116.304,-3.718],[116.268,-3.219],[116.119,-3.324],[116.016,-3.629],[116.091,-4.067],[116.306,-3.904],[116.304,-3.718]]],[[[100.399,-3.184],[100.468,-3.015],[100.227,-2.773],[100.189,-2.967],[100.461,-3.334],[100.399,-3.184]]],[[[100.207,-2.694],[99.975,-2.494],[100.016,-2.834],[100.139,-2.82],[100.207,-2.694]]],[[[99.823,-2.293],[99.694,-2.068],[99.565,-2.031],[99.528,-2.145],[99.604,-2.266],[99.846,-2.38],[99.823,-2.293]]],[[[108.964,-1.573],[108.793,-1.58],[108.858,-1.664],[108.964,-1.573]]],[[[109.76,-1.104],[109.723,-0.987],[109.475,-0.977],[109.417,-1.254],[109.502,-1.292],[109.76,-1.104]]],[[[99.274,-1.635],[98.898,-0.916],[98.658,-0.963],[98.594,-1.198],[98.885,-1.679],[99.118,-1.802],[99.255,-1.772],[99.2,-1.628],[99.274,-1.738],[99.274,-1.635]]],[[[98.502,-0.461],[98.429,-0.244],[98.336,-0.518],[98.275,-0.525],[98.501,-0.566],[98.502,-0.461]]],[[[98.48,-0.158],[98.406,-0.007],[98.296,-0.007],[98.549,-0.381],[98.48,-0.158]]],[[[103.294,0.625],[103.179,0.696],[103.14,0.539],[103.281,0.538],[103.294,0.625]]],[[[103.489,0.777],[103.357,0.872],[103.346,0.763],[103.434,0.647],[103.489,0.777]]],[[[103.802,0.853],[103.726,0.873],[103.832,0.765],[103.802,0.853]]],[[[103.942,0.996],[103.839,1.003],[103.922,0.935],[103.942,0.996]]],[[[103.443,1.013],[103.39,1.13],[103.334,1.111],[103.341,1.02],[103.443,1.013]]],[[[103.049,0.797],[102.764,1.011],[102.605,1.011],[102.556,1.126],[102.468,1.106],[102.501,0.953],[102.407,0.873],[102.516,0.791],[102.895,0.79],[103.007,0.694],[103.049,0.797]]],[[[103.126,0.928],[102.802,1.163],[102.716,1.154],[102.625,1.022],[102.791,1.031],[103.127,0.834],[103.175,0.882],[103.126,0.928]]],[[[104.146,1.16],[104.031,1.188],[103.907,1.072],[104.092,0.99],[104.146,1.16]]],[[[104.655,1.096],[104.576,1.225],[104.232,1.093],[104.271,1.004],[104.485,1.034],[104.421,0.957],[104.567,0.83],[104.659,0.928],[104.655,1.096]]],[[[102.473,1.242],[102.291,1.405],[102.211,1.398],[102.233,1.1],[102.369,0.935],[102.468,0.973],[102.446,1.076],[102.473,1.242]]],[[[102.496,1.364],[102.463,1.515],[102.008,1.615],[102.096,1.475],[102.33,1.413],[102.479,1.271],[102.496,1.364]]],[[[98.555,1.682],[98.432,1.662],[98.599,1.632],[98.555,1.682]]],[[[97.151,2.058],[97.069,2.087],[97.102,2.016],[97.151,2.058]]],[[[101.721,2.058],[101.649,2.128],[101.418,2.044],[101.397,1.909],[101.491,1.737],[101.625,1.714],[101.715,1.778],[101.776,1.948],[101.721,2.058]]],[[[97.329,2.148],[97.281,2.229],[97.103,2.213],[97.322,2.031],[97.329,2.148]]],[[[109.109,2.532],[108.968,2.544],[109.027,2.486],[109.109,2.532]]],[[[96.48,2.415],[96.158,2.68],[96.103,2.655],[96.126,2.734],[95.883,2.846],[95.912,2.906],[95.792,2.943],[95.78,2.846],[95.7,2.832],[95.791,2.655],[96.066,2.579],[96.335,2.355],[96.481,2.364],[96.48,2.415]]],[[[108.842,2.974],[108.775,2.895],[108.842,2.846],[108.899,2.983],[108.842,2.974]]],[[[105.802,2.997],[105.689,3.06],[105.713,2.843],[105.812,2.904],[105.853,2.984],[105.802,2.997]]],[[[106.285,3.179],[106.208,3.225],[106.279,3.087],[106.285,3.179]]],[[[117.504,3.334],[117.417,3.289],[117.528,3.291],[117.504,3.334]]],[[[106.271,3.361],[106.23,3.258],[106.279,3.231],[106.271,3.361]]],[[[117.625,3.438],[117.531,3.403],[117.648,3.246],[117.684,3.4],[117.625,3.438]]],[[[117.517,3.477],[117.394,3.566],[117.218,3.56],[117.271,3.5],[117.517,3.477]]],[[[117.699,4.111],[117.661,4.149],[117.594,4.064],[117.665,3.983],[117.753,4.052],[117.699,4.111]]],[[[108.396,3.875],[108.396,3.991],[108.225,4.245],[107.985,4.012],[108.062,3.856],[108.262,3.792],[108.28,3.732],[108.187,3.792],[108.094,3.696],[108.184,3.648],[108.318,3.684],[108.396,3.875]]],[[[95.115,5.711],[95.015,5.745],[95.061,5.656],[95.115,5.711]]],[[[95.342,5.896],[95.214,5.903],[95.338,5.779],[95.342,5.896]]],[[[123.39,-10.591],[123.386,-10.433],[123.049,-10.711],[122.813,-10.778],[122.821,-10.893],[123.209,-10.813],[123.409,-10.679],[123.39,-10.591]]],[[[121.94,-10.43],[121.69,-10.564],[121.882,-10.598],[121.998,-10.509],[121.94,-10.43]]],[[[123.466,-10.15],[123.389,-10.175],[123.322,-10.339],[123.413,-10.333],[123.396,-10.228],[123.506,-10.187],[123.466,-10.15]]],[[[123.928,-8.227],[123.804,-8.179],[123.642,-8.223],[123.589,-8.374],[123.518,-8.353],[123.568,-8.248],[123.414,-8.267],[123.37,-8.317],[123.486,-8.351],[123.227,-8.526],[123.583,-8.566],[123.572,-8.472],[123.928,-8.227]]],[[[124.308,-8.22],[124.258,-8.182],[124.109,-8.385],[124.023,-8.313],[123.907,-8.455],[124.019,-8.43],[124.059,-8.552],[124.15,-8.539],[124.308,-8.22]]],[[[138.897,-8.337],[138.785,-8.159],[138.548,-8.347],[138.894,-8.405],[138.897,-8.337]]],[[[125.134,-8.217],[124.952,-8.15],[124.603,-8.207],[124.569,-8.131],[124.475,-8.133],[124.392,-8.265],[124.548,-8.231],[124.334,-8.413],[124.428,-8.467],[125.123,-8.352],[125.134,-8.217]]],[[[128.091,-8.131],[127.762,-8.117],[128.026,-8.261],[128.127,-8.161],[128.091,-8.131]]],[[[131.109,-8.131],[131.038,-8.083],[130.926,-8.133],[130.763,-8.351],[131.182,-8.125],[131.109,-8.131]]],[[[129.841,-7.878],[129.725,-7.796],[129.588,-7.836],[129.594,-7.924],[129.759,-8.054],[129.841,-7.878]]],[[[126.837,-7.726],[126.627,-7.56],[126.328,-7.696],[125.969,-7.66],[125.774,-8.008],[126.054,-7.885],[126.466,-7.967],[126.559,-7.82],[126.837,-7.726]]],[[[127.47,-7.528],[127.373,-7.506],[127.358,-7.656],[127.482,-7.59],[127.47,-7.528]]],[[[138.939,-7.542],[138.717,-7.36],[138.395,-7.405],[138.089,-7.56],[137.759,-8.073],[137.638,-8.426],[138.376,-8.41],[138.661,-8.169],[138.904,-8.076],[138.891,-7.898],[138.977,-7.841],[139.076,-7.576],[138.939,-7.542]]],[[[131.699,-7.227],[131.704,-7.132],[131.569,-7.131],[131.453,-7.334],[131.242,-7.488],[131.181,-7.65],[131.25,-7.707],[131.115,-7.707],[131.161,-7.8],[131.09,-7.849],[131.116,-8.001],[131.283,-7.936],[131.317,-8.018],[131.39,-7.847],[131.633,-7.62],[131.709,-7.418],[131.643,-7.255],[131.699,-7.227]]],[[[131.982,-7.189],[131.918,-7.104],[131.732,-7.141],[131.966,-7.255],[131.982,-7.189]]],[[[128.67,-7.137],[128.62,-7.063],[128.529,-7.131],[128.639,-7.22],[128.67,-7.137]]],[[[114.046,-6.915],[113.924,-6.865],[112.915,-6.892],[112.693,-7.059],[112.726,-7.159],[113.128,-7.231],[113.122,-7.139],[113.166,-7.22],[113.513,-7.248],[113.61,-7.129],[113.873,-7.129],[113.91,-7.048],[114.125,-6.982],[114.046,-6.915]]],[[[105.264,-6.528],[105.188,-6.548],[105.12,-6.631],[105.175,-6.583],[105.204,-6.673],[105.264,-6.528]]],[[[134.484,-6.576],[134.457,-6.445],[134.33,-6.389],[134.295,-6.298],[134.103,-6.18],[134.12,-6.42],[134.21,-6.507],[134.111,-6.459],[134.073,-6.827],[134.185,-6.919],[134.311,-6.859],[134.402,-6.657],[134.499,-6.638],[134.484,-6.576]]],[[[120.546,-5.938],[120.47,-5.767],[120.429,-6.186],[120.481,-6.477],[120.546,-5.938]]],[[[104.833,-5.76],[104.77,-5.752],[104.838,-5.82],[104.833,-5.76]]],[[[132.802,-5.787],[132.698,-5.597],[132.62,-5.603],[132.692,-5.929],[132.776,-5.924],[132.802,-5.787]]],[[[134.758,-6.158],[134.691,-6.188],[134.772,-6.09],[134.601,-5.952],[134.736,-5.97],[134.758,-5.671],[134.635,-5.589],[134.697,-5.534],[134.628,-5.445],[134.508,-5.429],[134.505,-5.548],[134.352,-5.714],[134.202,-5.713],[134.378,-5.794],[134.288,-5.924],[134.368,-6.034],[134.277,-6.119],[134.334,-6.221],[134.449,-6.264],[134.554,-6.356],[134.608,-6.37],[134.702,-6.322],[134.758,-6.158]]],[[[133.184,-5.31],[133.11,-5.311],[132.842,-5.997],[133.113,-5.596],[133.184,-5.31]]],[[[122.067,-5.215],[121.977,-5.07],[121.854,-5.102],[121.807,-5.26],[121.968,-5.468],[122.047,-5.452],[122.067,-5.215]]],[[[122.78,-4.917],[122.711,-4.615],[122.383,-4.746],[122.327,-4.842],[122.403,-5.062],[122.28,-5.37],[122.451,-5.315],[122.407,-5.353],[122.469,-5.396],[122.511,-5.287],[122.543,-5.429],[122.598,-5.42],[122.659,-5.296],[122.604,-5.16],[122.78,-4.917]]],[[[123.15,-5.225],[123.047,-5.137],[122.95,-5.19],[123.052,-4.74],[123.15,-4.718],[123.22,-4.817],[123.2,-4.589],[123.041,-4.384],[122.855,-4.61],[122.834,-4.929],[122.753,-5.034],[122.804,-5.044],[122.758,-5.207],[122.815,-5.211],[122.567,-5.507],[122.638,-5.662],[122.828,-5.676],[122.918,-5.527],[122.876,-5.458],[123.145,-5.385],[123.213,-5.302],[123.15,-5.225]]],[[[133.558,-4.232],[133.324,-4.108],[133.388,-4.205],[133.628,-4.3],[133.558,-4.232]]],[[[123.204,-3.993],[123.028,-3.974],[122.951,-4.047],[123.045,-4.21],[123.196,-4.188],[123.253,-4.09],[123.204,-3.993]]],[[[123.177,-3.574],[123.061,-3.571],[123.12,-3.629],[123.177,-3.574]]],[[[128.529,-3.533],[128.427,-3.523],[128.393,-3.643],[128.564,-3.592],[128.529,-3.533]]],[[[128.331,-3.512],[127.984,-3.621],[127.933,-3.763],[128.203,-3.639],[128.097,-3.773],[128.237,-3.722],[128.252,-3.615],[128.335,-3.627],[128.331,-3.512]]],[[[128.721,-3.526],[128.561,-3.494],[128.636,-3.623],[128.669,-3.569],[128.728,-3.615],[128.721,-3.526]]],[[[127.241,-3.471],[127.26,-3.371],[127.055,-3.323],[127.094,-3.201],[126.84,-3.074],[126.421,-3.07],[126.202,-3.182],[126.091,-3.112],[125.992,-3.248],[126.203,-3.631],[126.697,-3.864],[127.206,-3.66],[127.241,-3.471]]],[[[106.909,-2.93],[106.813,-2.892],[106.723,-2.966],[106.861,-3.029],[106.909,-2.93]]],[[[107.099,-2.859],[107.017,-2.88],[107.084,-2.91],[107.099,-2.859]]],[[[107.395,-2.869],[107.341,-2.887],[107.41,-2.948],[107.505,-2.855],[107.395,-2.869]]],[[[130.873,-3.574],[130.817,-3.434],[130.667,-3.404],[130.588,-3.129],[130.389,-2.994],[129.965,-2.974],[129.541,-2.78],[129.4,-2.792],[129.177,-2.958],[129.105,-2.948],[129.053,-2.804],[128.865,-2.862],[128.175,-2.857],[128.07,-2.971],[128.104,-3.067],[127.842,-3.173],[127.93,-3.323],[127.926,-3.553],[128.166,-3.067],[128.179,-3.194],[128.272,-3.212],[128.484,-3.462],[128.678,-3.432],[128.877,-3.203],[128.982,-3.252],[128.961,-3.356],[129.486,-3.463],[129.563,-3.44],[129.51,-3.303],[129.89,-3.333],[130.002,-3.473],[130.818,-3.869],[130.873,-3.574]]],[[[108.294,-2.848],[108.098,-2.608],[108.032,-2.642],[107.834,-2.525],[107.67,-2.561],[107.547,-2.917],[107.611,-2.918],[107.603,-3.229],[107.815,-3.167],[107.87,-3.052],[107.981,-3.24],[108.074,-3.226],[108.211,-3.136],[108.294,-2.848]]],[[[134.581,-2.416],[134.567,-2.293],[134.521,-2.407],[134.581,-2.416]]],[[[134.385,-2.004],[134.36,-2.153],[134.426,-2.04],[134.385,-2.004]]],[[[126.069,-2.384],[125.977,-2.18],[125.999,-2.015],[125.933,-1.965],[125.864,-2.053],[125.905,-2.231],[126.013,-2.46],[126.076,-2.463],[126.069,-2.384]]],[[[123.857,-1.95],[123.787,-1.874],[123.794,-1.992],[123.869,-1.998],[123.857,-1.95]]],[[[126.329,-1.819],[125.402,-1.775],[125.335,-1.851],[125.432,-1.881],[125.432,-1.95],[125.928,-1.931],[126.329,-1.819]]],[[[130.386,-1.888],[130.44,-1.836],[130.343,-1.677],[129.715,-1.881],[130.126,-2.067],[130.338,-1.95],[130.374,-2.013],[130.437,-1.976],[130.344,-1.928],[130.386,-1.888]]],[[[125.315,-1.779],[125.269,-1.728],[125.197,-1.789],[125.12,-1.683],[125.048,-1.765],[124.518,-1.626],[124.385,-1.668],[124.329,-1.871],[124.406,-2.004],[124.543,-2.007],[124.828,-1.895],[125.014,-1.944],[125.05,-1.888],[125.318,-1.883],[125.315,-1.779]]],[[[136.848,-1.765],[135.422,-1.611],[136.266,-1.909],[136.899,-1.799],[136.848,-1.765]]],[[[106.769,-2.56],[106.319,-2.431],[106.201,-2.178],[106.179,-1.888],[106.042,-1.584],[105.914,-1.494],[105.696,-1.532],[105.813,-1.793],[105.663,-1.74],[105.703,-1.655],[105.566,-1.532],[105.35,-1.649],[105.402,-1.783],[105.136,-1.966],[105.147,-2.08],[105.306,-2.135],[105.566,-2.067],[105.78,-2.151],[105.829,-2.395],[105.944,-2.499],[105.908,-2.675],[105.987,-2.821],[106.436,-2.971],[106.532,-3.106],[106.752,-3.074],[106.604,-2.91],[106.722,-2.629],[106.833,-2.58],[106.769,-2.56]]],[[[135.286,-1.477],[135.097,-1.509],[135.334,-1.484],[135.286,-1.477]]],[[[128.145,-1.594],[127.634,-1.329],[127.488,-1.45],[127.428,-1.415],[127.379,-1.632],[127.533,-1.731],[128.052,-1.715],[128.151,-1.67],[128.145,-1.594]]],[[[127.69,-1.214],[127.547,-1.171],[127.461,-1.236],[127.666,-1.272],[127.69,-1.214]]],[[[123.503,-1.264],[123.352,-1.229],[123.232,-1.395],[123.189,-1.145],[122.914,-1.176],[122.812,-1.444],[122.896,-1.59],[123.152,-1.301],[123.185,-1.486],[123.111,-1.577],[123.243,-1.632],[123.289,-1.422],[123.408,-1.517],[123.529,-1.433],[123.503,-1.264]]],[[[129.954,-1.163],[129.744,-1.2],[129.859,-1.233],[129.954,-1.163]]],[[[134.998,-1.019],[134.928,-1.072],[134.955,-0.991],[134.878,-0.936],[134.8,-1.028],[134.926,-1.136],[134.998,-1.019]]],[[[131.057,-1.001],[131.035,-0.915],[130.892,-0.89],[130.65,-0.974],[130.758,-1.238],[130.962,-1.354],[131.057,-1.001]]],[[[130.917,-0.778],[130.479,-0.8],[130.4,-0.929],[130.819,-0.87],[130.917,-0.778]]],[[[136.376,-1.094],[136.196,-1.067],[135.869,-0.704],[135.778,-0.749],[135.37,-0.636],[135.459,-0.793],[135.661,-0.887],[135.765,-0.839],[135.885,-1.183],[136.161,-1.221],[136.376,-1.094]]],[[[127.296,-0.744],[127.261,-0.62],[127.201,-0.623],[127.156,-0.772],[127.279,-0.806],[127.296,-0.744]]],[[[130.678,-0.436],[130.505,-0.441],[130.462,-0.525],[130.597,-0.465],[130.572,-0.532],[130.641,-0.528],[130.678,-0.436]]],[[[121.854,-0.401],[121.752,-0.401],[121.642,-0.546],[121.735,-0.48],[121.895,-0.508],[121.854,-0.401]]],[[[104.549,-0.398],[104.47,-0.332],[104.346,-0.428],[104.339,-0.346],[104.284,-0.401],[104.256,-0.476],[104.356,-0.662],[104.42,-0.575],[104.511,-0.614],[104.599,-0.464],[104.549,-0.398]]],[[[122.03,-0.332],[121.927,-0.312],[121.861,-0.378],[122.027,-0.407],[122.03,-0.332]]],[[[127.889,-0.765],[127.79,-0.69],[127.653,-0.707],[127.604,-0.617],[127.688,-0.481],[127.579,-0.325],[127.517,-0.302],[127.446,-0.415],[127.317,-0.34],[127.295,-0.494],[127.47,-0.641],[127.458,-0.816],[127.626,-0.752],[127.755,-0.888],[127.889,-0.765]]],[[[127.235,-0.49],[127.297,-0.282],[127.175,-0.256],[127.11,-0.288],[127.109,-0.501],[127.235,-0.49]]],[[[103.713,-0.27],[103.558,-0.223],[103.462,-0.367],[103.757,-0.346],[103.713,-0.27]]],[[[122.369,-0.264],[122.226,-0.199],[122.376,-0.346],[122.369,-0.264]]],[[[131.298,-0.237],[131.297,-0.159],[131.154,-0.086],[130.825,-0.004],[130.359,-0.08],[130.359,-0.127],[130.338,-0.08],[130.297,-0.165],[130.406,-0.127],[130.424,-0.199],[130.217,-0.201],[130.524,-0.258],[130.547,-0.436],[130.579,-0.334],[130.688,-0.291],[130.756,-0.446],[130.948,-0.367],[130.751,-0.288],[130.625,-0.085],[130.716,-0.093],[130.979,-0.36],[131.098,-0.323],[131.253,-0.384],[131.345,-0.288],[131.298,-0.237]]],[[[104.929,-0.237],[104.849,-0.14],[104.766,-0.188],[104.565,0.03],[104.436,-0.192],[104.541,-0.271],[104.736,-0.214],[104.935,-0.332],[104.917,-0.288],[105.011,-0.282],[104.929,-0.237]]],[[[129.537,-0.134],[129.293,0.048],[129.54,-0.217],[129.537,-0.134]]],[[[127.46,-0.004],[127.409,0.147],[127.399,0.003],[127.46,-0.004]]],[[[104.497,0.071],[104.414,0.176],[104.411,0.092],[104.477,0.024],[104.497,0.071]]],[[[104.406,0.339],[104.339,0.365],[104.405,0.292],[104.406,0.339]]],[[[127.379,0.623],[127.446,0.667],[127.418,0.757],[127.379,0.623]]],[[[104.284,0.708],[104.273,0.797],[104.196,0.78],[104.284,0.708]]],[[[127.371,0.784],[127.289,0.837],[127.313,0.757],[127.371,0.784]]],[[[104.226,0.88],[104.099,0.949],[104.176,0.798],[104.257,0.84],[104.226,0.88]]],[[[97.928,0.996],[97.417,1.519],[97.335,1.538],[97.236,1.417],[97.064,1.415],[97.247,1.267],[97.395,0.945],[97.614,0.824],[97.704,0.573],[97.819,0.559],[97.874,0.622],[97.928,0.996]]],[[[125.295,1.552],[125.185,1.391],[125.267,1.414],[125.295,1.552]]],[[[127.666,-0.209],[127.886,-0.406],[128.032,-0.699],[128.25,-0.796],[128.251,-0.867],[128.441,-0.909],[128.228,-0.71],[127.981,-0.264],[127.886,0.024],[127.91,0.438],[127.96,0.483],[128.461,0.395],[128.9,0.208],[128.69,0.347],[128.681,0.555],[128.365,0.644],[128.214,0.774],[128.3,0.894],[128.701,1.071],[128.719,1.571],[128.437,1.539],[128.205,1.39],[128.092,1.257],[128.176,1.233],[128.179,1.154],[127.994,1.083],[127.852,0.812],[127.742,0.818],[127.628,0.937],[128.015,1.305],[128.015,1.719],[127.846,1.851],[128.047,2.204],[127.935,2.188],[127.63,1.835],[127.399,1.209],[127.404,1.043],[127.492,1.055],[127.495,0.905],[127.625,0.832],[127.527,0.561],[127.577,0.416],[127.716,0.313],[127.666,-0.209]]],[[[125.432,2.388],[125.369,2.374],[125.392,2.326],[125.453,2.333],[125.432,2.388]]],[[[128.686,2.484],[128.566,2.634],[128.321,2.459],[128.197,2.266],[128.269,1.995],[128.567,2.11],[128.686,2.484]]],[[[125.444,2.793],[125.36,2.753],[125.393,2.629],[125.444,2.793]]],[[[125.653,3.47],[125.442,3.737],[125.507,3.463],[125.617,3.395],[125.653,3.47]]],[[[126.744,3.853],[126.812,3.732],[126.856,3.758],[126.744,3.853]]],[[[126.657,3.981],[126.615,4.044],[126.696,3.812],[126.657,3.981]]],[[[126.871,4.331],[126.875,4.494],[126.744,4.546],[126.711,4.264],[126.803,4.223],[126.676,4.004],[126.798,4.018],[126.81,4.157],[126.922,4.282],[126.871,4.331]]],[[[121.78,-7.343],[121.759,-7.416],[121.835,-7.388],[121.78,-7.343]]],[[[114.369,-7.09],[114.27,-7.081],[114.392,-7.179],[114.369,-7.09]]],[[[122.139,-0.384],[122.077,-0.269],[122.071,-0.398],[122.139,-0.384]]],[[[115.891,-7.107],[115.88,-7.158],[115.778,-7.115],[115.743,-7.15],[115.838,-7.197],[115.894,-7.164],[115.891,-7.107]]],[[[134.728,-6.505],[134.624,-6.486],[134.675,-6.563],[134.728,-6.505]]],[[[133.592,-2.462],[133.49,-2.431],[133.563,-2.513],[133.592,-2.462]]],[[[123.601,-1.603],[123.523,-1.483],[123.493,-1.71],[123.601,-1.703],[123.601,-1.603]]],[[[128.367,-0.988],[128.306,-0.943],[128.407,-1.026],[128.367,-0.988]]],[[[98.548,0.159],[98.539,0.09],[98.852,0.11],[98.548,0.159]]],[[[125.172,1.799],[125.129,1.828],[125.145,1.742],[125.172,1.799]]]]}},{"type":"Feature","properties":{"id":"IND"},"geometry":{"type":"MultiPolygon","coordinates":[[[[80.996,30.197],[80.596,30.46],[80.18,30.559],[80.225,30.734],[79.85,30.954],[79.578,30.938],[79.402,31.024],[79.131,31.438],[79.07,31.461],[78.921,31.27],[78.745,31.308],[78.7,31.51],[78.819,31.607],[78.671,31.771],[78.745,31.964],[78.458,32.23],[78.385,32.548],[78.737,32.63],[78.771,32.462],[78.943,32.346],[79.075,32.371],[79.113,32.472],[79.32,32.592],[79.444,32.535],[79.621,32.729],[79.334,32.994],[79.456,33.25],[79.075,33.296],[78.801,33.494],[78.73,34.079],[78.985,34.286],[78.665,34.526],[78.296,34.625],[78.001,35.269],[78.044,35.492],[77.883,35.431],[77.774,35.499],[77.384,35.472],[76.777,35.646],[77.049,35.11],[77.013,34.986],[76.758,34.915],[76.64,34.741],[76.023,34.677],[75.796,34.508],[75.656,34.497],[75.213,34.645],[74.286,34.769],[73.919,34.643],[73.78,34.396],[73.991,34.219],[73.916,34.028],[74.272,33.962],[73.966,33.735],[74.158,33.494],[74.002,33.178],[74.311,32.994],[74.346,32.767],[74.574,32.753],[74.685,32.831],[74.63,32.588],[74.689,32.471],[75.024,32.466],[75.359,32.262],[75.295,32.149],[74.829,32.025],[74.55,31.827],[74.489,31.711],[74.617,31.459],[74.506,31.175],[74.659,31.084],[74.319,30.893],[73.852,30.373],[73.944,30.188],[73.37,29.927],[73.233,29.537],[72.93,29.048],[72.355,28.767],[72.15,28.354],[71.908,28.136],[71.861,27.95],[71.226,27.845],[70.832,27.701],[70.71,27.741],[70.535,28.016],[70.342,28.011],[69.534,27.126],[69.504,26.735],[69.816,26.58],[70.158,26.53],[70.064,25.996],[70.115,25.882],[70.265,25.697],[70.654,25.674],[70.654,25.397],[70.849,25.163],[71.064,24.683],[70.955,24.585],[70.977,24.465],[71.083,24.412],[70.755,24.231],[70.568,24.273],[70.563,24.424],[70.416,24.402],[70.098,24.299],[69.972,24.165],[69.715,24.169],[69.563,24.277],[68.963,24.257],[68.904,24.321],[68.839,24.236],[68.747,24.331],[68.724,23.965],[68.33,23.967],[68.183,23.842],[68.169,23.748],[68.28,23.686],[68.143,23.613],[68.318,23.586],[68.428,23.714],[68.822,23.878],[68.409,23.621],[68.412,23.495],[68.437,23.549],[68.486,23.514],[68.424,23.446],[68.536,23.421],[68.607,23.326],[68.541,23.278],[68.623,23.268],[68.654,23.158],[69.202,22.852],[69.716,22.747],[69.833,22.858],[70.135,22.93],[70.131,22.994],[70.392,22.941],[70.399,23.069],[70.503,23.104],[70.505,22.98],[70.375,22.903],[70.178,22.562],[69.973,22.541],[69.795,22.419],[69.733,22.48],[69.616,22.356],[69.516,22.448],[69.48,22.342],[69.212,22.274],[69.202,22.415],[69.072,22.399],[69.074,22.482],[68.945,22.295],[70.054,21.153],[70.74,20.718],[71.141,20.766],[72.105,21.205],[72.299,21.626],[72.166,21.794],[71.996,21.8],[72.004,21.858],[72.105,21.836],[72.058,21.899],[72.169,21.841],[72.157,21.926],[72.029,21.939],[72.102,21.945],[72.097,22.007],[72.173,21.976],[72.308,22.079],[72.306,22.23],[72.149,22.278],[72.328,22.261],[72.397,22.367],[72.392,22.253],[72.466,22.233],[72.574,22.288],[72.917,22.271],[72.748,22.164],[72.575,22.195],[72.502,21.976],[72.543,21.911],[72.735,21.994],[72.567,21.849],[72.55,21.667],[73.132,21.758],[72.823,21.644],[72.584,21.417],[72.747,21.453],[72.565,21.386],[72.646,21.363],[72.587,21.341],[72.618,21.253],[72.735,21.199],[72.615,21.106],[72.714,21.164],[72.7,21.075],[72.81,21.13],[72.85,21.048],[72.772,21.024],[72.888,20.983],[72.837,20.836],[72.9,20.868],[72.947,20.759],[72.65,19.842],[72.678,19.747],[72.733,19.78],[72.722,19.536],[72.742,19.581],[72.879,19.532],[72.754,19.482],[72.763,19.38],[73.05,19.218],[72.785,19.314],[72.824,19.054],[72.77,18.948],[72.821,18.903],[72.975,19.163],[72.988,18.999],[73.057,19.015],[72.897,18.894],[72.982,18.871],[72.995,18.731],[72.927,18.827],[72.852,18.72],[73.015,18.47],[72.925,18.536],[72.891,18.429],[73.072,18.273],[73.057,18.186],[72.94,18.286],[72.927,18.224],[73.043,18.067],[73.005,18.012],[73.121,17.626],[73.201,17.586],[73.126,17.557],[73.249,17.285],[73.187,17.306],[73.312,16.645],[73.371,16.61],[73.315,16.599],[73.379,16.518],[73.303,16.533],[73.447,16.114],[73.488,16.189],[73.45,16.059],[73.718,15.627],[73.838,15.661],[73.737,15.572],[73.766,15.497],[73.866,15.538],[73.796,15.449],[73.968,15.374],[73.783,15.408],[73.891,15.343],[73.962,15.152],[73.913,15.079],[74.112,14.846],[74.235,14.877],[74.096,14.793],[74.253,14.719],[74.276,14.61],[74.339,14.613],[74.301,14.527],[74.359,14.571],[74.428,14.476],[74.352,14.53],[74.415,14.301],[74.509,14.25],[74.429,14.24],[74.495,14.031],[74.66,13.66],[74.688,13.712],[74.736,13.654],[74.667,13.633],[74.689,13.382],[74.818,12.862],[74.941,12.879],[74.828,12.825],[75.194,12.022],[75.277,11.967],[75.304,12.043],[75.302,11.966],[75.393,11.975],[75.325,11.899],[75.736,11.372],[76.153,10.22],[76.24,10.239],[76.182,10.106],[76.243,9.987],[76.215,10.138],[76.245,10.102],[76.394,9.843],[76.407,9.569],[76.503,9.535],[76.357,9.521],[76.394,9.679],[76.251,9.963],[76.363,9.325],[76.443,9.145],[76.415,9.247],[76.483,9.172],[76.528,8.947],[76.668,9.007],[76.544,8.912],[76.996,8.368],[77.309,8.131],[77.511,8.076],[78.056,8.364],[78.128,8.488],[78.115,8.658],[78.215,8.765],[78.162,8.753],[78.183,8.877],[78.412,9.1],[78.989,9.278],[79.293,9.25],[79.454,9.159],[79.341,9.316],[79.075,9.3],[78.913,9.474],[78.981,9.667],[79.279,10.036],[79.236,10.167],[79.286,10.253],[79.587,10.344],[79.557,10.299],[79.857,10.293],[79.833,11.342],[79.676,11.296],[79.819,11.382],[79.752,11.577],[79.786,11.769],[80.005,12.242],[79.944,12.218],[80.18,12.533],[80.333,13.198],[80.327,13.43],[80.119,13.501],[80.053,13.619],[80.094,13.695],[80.136,13.619],[80.142,13.729],[80.314,13.441],[80.136,14.229],[80.047,14.207],[80.175,14.345],[80.197,14.565],[80.142,14.571],[80.053,15.093],[80.28,15.701],[80.67,15.908],[80.776,15.884],[80.807,15.716],[80.897,16.031],[80.91,15.853],[81.013,15.778],[80.999,15.847],[81.15,15.97],[81.26,16.333],[81.411,16.383],[81.763,16.323],[82.307,16.58],[82.367,16.909],[82.349,16.956],[82.314,16.847],[82.253,16.929],[82.388,17.127],[83.239,17.593],[83.213,17.635],[83.299,17.664],[83.247,17.716],[83.341,17.717],[83.452,17.923],[84.113,18.298],[84.741,19.028],[84.739,19.148],[84.791,19.121],[85.18,19.475],[85.577,19.691],[85.331,19.576],[85.288,19.601],[85.378,19.615],[85.391,19.691],[85.248,19.656],[85.124,19.478],[85.268,19.78],[85.44,19.896],[85.57,19.876],[85.577,19.746],[85.427,19.704],[85.48,19.666],[86.372,19.965],[86.153,20.143],[86.426,19.999],[86.495,20.184],[86.755,20.314],[86.694,20.294],[86.81,20.415],[86.72,20.368],[86.751,20.489],[87.043,20.698],[86.94,20.698],[86.987,20.752],[86.879,20.781],[86.966,20.806],[86.844,21.082],[86.918,21.327],[87.201,21.552],[87.834,21.729],[88.164,22.09],[88.133,22.179],[87.965,22.245],[87.907,22.425],[88.009,22.24],[88.198,22.168],[88.147,21.959],[88.254,21.555],[88.306,21.572],[88.262,21.799],[88.31,21.61],[88.331,21.719],[88.393,21.6],[88.456,21.624],[88.496,21.952],[88.488,21.557],[88.572,21.558],[88.633,21.75],[88.565,21.767],[88.567,21.851],[88.66,22.205],[88.631,21.945],[88.69,21.946],[88.763,22.131],[88.708,21.578],[88.791,21.568],[88.811,21.692],[88.806,21.623],[88.859,21.637],[88.859,21.767],[88.892,21.654],[89.083,21.617],[88.905,21.969],[89.061,21.938],[89.06,22.13],[88.928,22.548],[88.945,22.848],[88.839,22.976],[88.96,23.203],[88.697,23.252],[88.77,23.489],[88.542,23.639],[88.578,23.855],[88.714,23.925],[88.678,24.154],[88.738,24.287],[88.475,24.315],[88.11,24.501],[88.022,24.646],[88.115,24.916],[88.202,24.945],[88.323,24.875],[88.441,25.19],[88.924,25.168],[88.985,25.285],[88.842,25.333],[88.772,25.502],[88.53,25.5],[88.26,25.789],[88.088,25.831],[88.164,26.14],[88.498,26.353],[88.461,26.454],[88.315,26.465],[88.385,26.624],[88.656,26.415],[88.712,26.328],[88.663,26.264],[89.019,26.234],[88.891,26.386],[88.941,26.439],[89.044,26.381],[89.119,26.147],[89.335,25.999],[89.542,25.96],[89.611,26.072],[89.563,26.143],[89.653,26.223],[89.829,25.979],[89.819,25.285],[90.365,25.15],[91.236,25.202],[91.639,25.124],[92.034,25.182],[92.484,24.928],[92.381,24.837],[92.223,24.891],[92.108,24.406],[91.9,24.338],[91.877,24.158],[91.733,24.234],[91.704,24.143],[91.629,24.215],[91.582,24.096],[91.363,24.1],[91.132,23.721],[91.314,23.101],[91.371,23.063],[91.394,23.263],[91.586,22.944],[91.796,23.09],[91.744,23.272],[91.941,23.495],[91.923,23.723],[92.019,23.64],[92.151,23.732],[92.194,23.648],[92.259,23.706],[92.36,22.927],[92.496,22.696],[92.576,21.978],[92.684,22.154],[92.877,21.957],[92.906,22.017],[92.968,21.987],[93.025,22.202],[93.142,22.187],[93.174,22.259],[93.08,22.773],[93.176,22.882],[93.152,23.05],[93.273,23.006],[93.375,23.13],[93.432,23.647],[93.322,24.08],[93.457,23.96],[93.711,24.005],[94.132,23.857],[94.295,24.333],[94.709,25.026],[94.689,25.139],[94.553,25.204],[94.608,25.395],[95.009,25.737],[95.001,25.922],[95.151,26.05],[95.042,26.288],[95.123,26.612],[95.411,26.702],[96.143,27.258],[96.705,27.361],[96.865,27.172],[97.119,27.087],[96.881,27.444],[96.862,27.599],[97.223,27.9],[97.334,27.894],[97.323,28.217],[97.078,28.375],[96.966,28.33],[96.717,28.437],[96.37,28.378],[96.302,28.421],[96.593,28.758],[96.367,29.037],[96.195,28.941],[96.175,29.109],[96.366,29.257],[96.235,29.241],[96.142,29.368],[95.745,29.34],[95.717,29.218],[95.564,29.246],[95.488,29.069],[95.367,29.037],[94.777,29.167],[94.63,29.319],[94.288,29.148],[94.347,29.024],[93.992,28.845],[93.928,28.683],[93.446,28.672],[93.317,28.603],[93.186,28.432],[93.208,28.341],[92.679,28.133],[92.639,28.057],[92.736,27.986],[92.575,27.848],[92.393,27.856],[92.304,27.786],[92.24,27.865],[91.952,27.725],[91.628,27.853],[91.564,27.851],[91.636,27.783],[91.604,27.532],[91.727,27.46],[91.975,27.472],[92.089,27.292],[91.988,27.122],[92.073,26.888],[91.893,26.881],[91.879,26.803],[91.825,26.858],[91.521,26.798],[91.42,26.872],[91.297,26.775],[90.717,26.767],[90.349,26.897],[90.089,26.742],[89.61,26.712],[89.546,26.798],[89.342,26.854],[89.128,26.813],[88.907,26.981],[88.852,26.945],[88.828,27.098],[88.73,27.151],[88.892,27.316],[88.742,27.532],[88.854,27.844],[88.78,28.028],[88.594,28.107],[88.379,27.983],[88.116,27.947],[88.118,27.861],[88.16,27.774],[88.023,27.495],[87.969,27.111],[88.168,26.725],[87.975,26.367],[87.87,26.465],[87.587,26.378],[87.416,26.427],[87.3,26.346],[87.106,26.405],[87.041,26.58],[86.714,26.415],[86.284,26.612],[86.011,26.654],[85.829,26.566],[85.609,26.851],[85.287,26.737],[84.817,27.011],[84.64,27.028],[84.607,27.31],[84.289,27.376],[84.117,27.513],[83.834,27.434],[83.855,27.345],[83.387,27.47],[83.282,27.331],[83.133,27.444],[82.752,27.495],[82.68,27.694],[82.402,27.677],[82.027,27.912],[81.856,27.851],[81.396,28.161],[81.296,28.128],[81.17,28.361],[80.905,28.441],[80.556,28.679],[80.488,28.562],[80.33,28.627],[80.036,28.837],[80.133,29.11],[80.258,29.202],[80.214,29.417],[80.385,29.605],[80.369,29.758],[80.868,30.2],[80.996,30.197]]],[[[80.968,15.795],[80.868,15.812],[80.943,15.741],[80.968,15.795]]],[[[93.92,7.024],[93.831,7.236],[93.676,7.182],[93.649,7.013],[93.834,6.746],[93.903,6.808],[93.92,7.024]]],[[[93.731,7.369],[93.697,7.445],[93.618,7.26],[93.731,7.369]]],[[[93.429,7.955],[93.37,8.017],[93.305,7.95],[93.454,7.869],[93.429,7.955]]],[[[93.566,7.999],[93.511,7.98],[93.574,7.925],[93.566,7.999]]],[[[93.532,8.035],[93.505,8.227],[93.447,8.154],[93.517,8.063],[93.484,7.992],[93.532,8.035]]],[[[93.135,8.24],[93.084,8.356],[93.066,8.268],[93.176,8.213],[93.135,8.24]]],[[[92.811,9.231],[92.751,9.261],[92.731,9.131],[92.832,9.145],[92.811,9.231]]],[[[92.585,10.771],[92.528,10.895],[92.429,10.851],[92.384,10.529],[92.535,10.525],[92.585,10.771]]],[[[92.677,11.413],[92.636,11.508],[92.594,11.378],[92.677,11.413]]],[[[92.267,11.59],[92.217,11.598],[92.252,11.529],[92.267,11.59]]],[[[93.042,11.961],[93.015,12.037],[92.947,11.99],[93.066,11.899],[93.042,11.961]]],[[[93.053,13.284],[92.977,13.345],[93.078,13.397],[93.012,13.578],[92.847,13.345],[92.835,13.002],[92.737,12.807],[92.783,12.665],[92.722,12.599],[92.718,12.362],[92.793,12.208],[92.682,12.22],[92.618,11.866],[92.571,11.933],[92.525,11.857],[92.717,11.494],[92.761,11.664],[92.684,11.65],[92.799,11.899],[92.762,11.94],[92.737,11.879],[92.757,12.077],[92.894,12.205],[92.915,12.338],[92.847,12.434],[92.936,12.42],[92.991,12.519],[92.964,12.865],[92.876,12.917],[92.953,12.971],[92.937,13.067],[93.037,13.062],[93.053,13.284]]],[[[88.051,21.705],[88.052,21.642],[88.139,21.63],[88.147,21.87],[88.051,21.705]]],[[[88.636,21.921],[88.585,21.827],[88.646,21.788],[88.636,21.921]]]]}},{"type":"Feature","properties":{"id":"IRN"},"geometry":{"type":"MultiPolygon","coordinates":[[[[44.807,39.64],[44.566,39.766],[44.459,39.698],[44.388,39.414],[44.015,39.374],[44.078,39.2],[44.187,39.145],[44.152,38.965],[44.275,38.844],[44.29,38.382],[44.459,38.338],[44.202,37.897],[44.596,37.716],[44.566,37.447],[44.802,37.293],[44.766,37.142],[44.887,37.016],[44.831,36.792],[45.046,36.668],[44.991,36.534],[45.084,36.413],[45.239,36.403],[45.32,35.994],[45.54,35.994],[45.749,35.811],[46.06,35.857],[46.327,35.803],[46.238,35.716],[46.004,35.674],[45.964,35.494],[46.12,35.319],[46.151,35.112],[45.913,35.087],[45.85,34.907],[45.755,34.91],[45.667,34.807],[45.702,34.551],[45.501,34.592],[45.417,34.444],[45.558,34.312],[45.545,34.139],[45.38,33.974],[45.486,33.939],[45.735,33.583],[45.886,33.631],[45.928,33.551],[45.853,33.494],[45.974,33.491],[46.155,33.26],[46.167,33.168],[46.03,33.106],[46.12,33.062],[46.097,32.954],[46.479,32.892],[47.091,32.475],[47.265,32.485],[47.411,32.395],[47.491,32.149],[47.834,31.806],[47.679,31.408],[47.673,30.995],[48.012,30.989],[48.014,30.464],[48.141,30.442],[48.2,30.324],[48.397,30.221],[48.464,29.989],[48.611,29.957],[48.643,30.055],[48.915,30.042],[48.862,30.346],[48.935,30.419],[49.037,30.433],[48.981,30.516],[49.211,30.506],[49.264,30.45],[49.203,30.347],[49.062,30.408],[48.921,30.381],[49.161,30.224],[49.221,30.265],[49.245,30.156],[49.48,30.156],[49.532,30.023],[49.915,30.204],[50.073,30.196],[50.145,29.938],[50.655,29.449],[50.644,29.143],[50.84,29.141],[50.93,29.055],[50.899,28.949],[50.823,28.997],[50.805,28.934],[51.059,28.736],[51.081,28.534],[51.4,27.932],[51.683,27.831],[52.011,27.833],[52.46,27.633],[52.67,27.449],[52.601,27.353],[53.029,27.104],[53.444,26.976],[53.492,26.854],[53.716,26.709],[54.308,26.715],[54.389,26.605],[54.561,26.585],[54.62,26.508],[54.802,26.498],[55.271,26.793],[55.484,26.768],[55.666,26.995],[55.939,27.027],[56.124,27.161],[56.353,27.202],[56.809,27.14],[56.865,27.012],[56.973,27.003],[56.926,26.955],[57.025,26.851],[57.08,26.415],[57.213,26.166],[57.167,26.083],[57.312,25.784],[57.756,25.743],[57.772,25.636],[57.925,25.701],[58.138,25.55],[58.419,25.612],[58.825,25.56],[59.024,25.403],[59.454,25.462],[59.904,25.33],[60.209,25.32],[60.271,25.38],[60.467,25.29],[60.395,25.378],[60.55,25.447],[60.633,25.275],[61.412,25.059],[61.545,25.248],[61.588,25.202],[61.66,25.769],[61.755,25.82],[61.833,26.225],[62.124,26.374],[62.265,26.361],[62.292,26.501],[62.419,26.562],[62.754,26.644],[63.141,26.625],[63.19,26.846],[63.262,26.872],[63.231,27.066],[63.32,27.117],[63.177,27.258],[62.892,27.213],[62.742,27.267],[62.815,27.495],[62.762,28.246],[62.576,28.229],[62.391,28.406],[61.893,28.543],[61.567,28.871],[61.337,29.374],[60.844,29.858],[61.802,30.847],[61.826,31.015],[61.687,31.373],[60.822,31.495],[60.83,32.249],[60.563,33.058],[60.568,33.151],[60.921,33.514],[60.512,33.638],[60.493,34.139],[60.644,34.307],[60.89,34.319],[60.7,34.516],[60.948,34.638],[61.065,34.815],[61.147,35.102],[61.108,35.278],[61.187,35.3],[61.29,35.548],[61.241,35.894],[61.13,35.971],[61.225,36.124],[61.166,36.636],[60.342,36.637],[60.019,37.026],[59.462,37.208],[59.312,37.53],[58.801,37.695],[58.358,37.633],[58.207,37.679],[58.157,37.788],[57.352,37.968],[57.175,38.278],[57.038,38.187],[56.729,38.271],[56.436,38.255],[56.303,38.179],[56.3,38.08],[55.709,38.119],[55.13,37.952],[54.827,37.735],[54.788,37.525],[54.654,37.439],[54.206,37.325],[53.914,37.343],[54.02,37.028],[54.014,36.821],[53.701,36.817],[53.609,36.877],[53.948,36.899],[54.007,36.953],[51.909,36.583],[51.005,36.768],[50.357,37.127],[50.196,37.389],[49.934,37.474],[49.442,37.495],[49.133,37.623],[48.945,37.903],[48.874,38.434],[48.608,38.396],[48.415,38.618],[48.31,38.6],[47.993,38.85],[48.059,38.948],[48.294,39.005],[48.106,39.269],[48.339,39.379],[47.971,39.705],[47.102,39.308],[46.554,38.89],[46.378,38.925],[46.126,38.863],[45.439,39.004],[45.311,39.201],[45.153,39.214],[44.807,39.64]]],[[[54.037,26.488],[54.019,26.556],[53.903,26.536],[54.037,26.488]]],[[[53.317,26.8],[53.382,26.803],[53.149,26.848],[53.317,26.8]]],[[[56.212,27.003],[55.898,26.907],[55.758,26.954],[55.774,26.797],[55.285,26.66],[55.291,26.548],[55.877,26.743],[55.947,26.696],[56.287,26.955],[56.212,27.003]]]]}},{"type":"Feature","properties":{"id":"ITA"},"geometry":{"type":"MultiPolygon","coordinates":[[[[7.022,45.925],[6.782,45.777],[7.161,45.411],[7.108,45.259],[6.603,45.103],[6.745,44.908],[7.005,44.828],[7.055,44.685],[6.96,44.683],[6.836,44.534],[6.973,44.249],[7.341,44.124],[7.656,44.176],[7.69,44.067],[7.478,43.866],[7.502,43.792],[8.068,43.897],[8.466,44.304],[8.762,44.432],[9.211,44.305],[9.231,44.354],[9.832,44.042],[9.845,44.109],[10.106,44.017],[10.252,43.847],[10.317,43.493],[10.528,43.247],[10.5,42.941],[10.764,42.918],[10.731,42.804],[10.944,42.743],[11.158,42.564],[11.107,42.391],[11.377,42.407],[11.658,42.279],[11.827,42.034],[12.02,41.993],[12.239,41.736],[12.635,41.447],[12.894,41.399],[13.045,41.228],[13.286,41.296],[13.544,41.207],[13.722,41.252],[14.048,40.79],[14.294,40.839],[14.474,40.73],[14.343,40.571],[14.782,40.67],[14.998,40.398],[14.911,40.242],[15.127,40.17],[15.261,40.029],[15.41,39.994],[15.624,40.078],[15.713,39.981],[16.222,38.857],[16.153,38.731],[15.837,38.649],[15.905,38.474],[15.813,38.301],[15.633,38.22],[15.635,38.009],[15.761,37.925],[16.063,37.933],[16.169,38.143],[16.57,38.43],[16.586,38.798],[16.935,38.939],[17.104,38.899],[17.206,39.029],[17.125,39.091],[17.159,39.406],[16.546,39.661],[16.49,39.775],[16.632,39.966],[16.605,40.084],[16.912,40.445],[17.05,40.519],[17.323,40.498],[17.213,40.406],[17.512,40.304],[17.863,40.286],[18.072,39.912],[18.347,39.798],[18.516,40.139],[18.007,40.651],[15.961,41.459],[15.9,41.615],[16.184,41.78],[16.14,41.92],[15.165,41.928],[14.741,42.085],[14.709,42.175],[14.075,42.599],[13.616,43.56],[12.692,43.991],[12.39,44.223],[12.266,44.827],[12.416,44.803],[12.407,44.891],[12.445,44.821],[12.534,44.97],[12.369,45.066],[12.369,45.011],[12.307,45.231],[12.23,45.204],[12.154,45.313],[12.397,45.539],[12.582,45.553],[12.41,45.436],[13.085,45.642],[13.119,45.772],[13.369,45.745],[13.402,45.675],[13.574,45.79],[13.808,45.614],[13.712,45.593],[13.848,45.585],[13.895,45.632],[13.779,45.743],[13.566,45.83],[13.606,45.985],[13.462,46.006],[13.637,46.18],[13.41,46.208],[13.365,46.29],[13.701,46.52],[12.405,46.69],[12.267,46.868],[12.127,46.909],[12.181,47.085],[11.735,46.971],[11.174,46.964],[10.997,46.769],[10.454,46.864],[10.369,46.672],[10.444,46.538],[10.192,46.627],[10.033,46.533],[10.026,46.446],[10.141,46.403],[10.118,46.231],[9.918,46.371],[9.536,46.299],[9.435,46.498],[9.263,46.485],[9.225,46.231],[9.002,46.039],[9.002,45.821],[8.9,45.826],[8.768,45.983],[8.809,46.09],[8.438,46.235],[8.399,46.452],[8.087,46.272],[8.111,46.127],[7.844,45.919],[7.541,45.984],[7.154,45.877],[7.022,45.925]]],[[[12,36.836],[11.925,36.812],[12.031,36.741],[12,36.836]]],[[[15.529,38.303],[15.292,38.207],[15.237,38.265],[15.088,38.128],[14.907,38.188],[14.512,38.044],[14.021,38.049],[13.791,37.974],[13.391,38.103],[13.318,38.221],[13.101,38.19],[13.061,38.083],[12.901,38.028],[12.732,38.193],[12.705,38.111],[12.493,38.021],[12.427,37.797],[12.659,37.565],[12.943,37.569],[13.174,37.487],[13.716,37.171],[14.279,37.044],[14.487,36.793],[15.094,36.655],[15.158,36.924],[15.332,37.012],[15.183,37.207],[15.252,37.258],[15.104,37.33],[15.092,37.477],[15.213,37.761],[15.648,38.267],[15.529,38.303]]],[[[14.908,38.474],[14.966,38.453],[14.966,38.516],[14.908,38.474]]],[[[8.456,39.074],[8.346,39.098],[8.41,38.962],[8.456,39.074]]],[[[8.306,39.193],[8.23,39.173],[8.269,39.1],[8.306,39.193]]],[[[8.275,41.057],[8.326,41.126],[8.21,40.996],[8.275,41.057]]],[[[9.792,40.557],[9.658,40.8],[9.724,40.845],[9.504,40.927],[9.663,41.003],[9.512,41.016],[9.56,41.126],[9.443,41.092],[9.422,41.181],[9.231,41.263],[8.823,40.947],[8.521,40.827],[8.31,40.851],[8.193,40.964],[8.147,40.593],[8.292,40.595],[8.38,40.469],[8.49,40.104],[8.377,40.034],[8.395,39.913],[8.555,39.853],[8.504,39.721],[8.566,39.701],[8.517,39.702],[8.444,39.757],[8.373,39.222],[8.641,38.864],[8.717,38.933],[8.853,38.878],[9.026,38.995],[9.08,39.225],[9.014,39.264],[9.519,39.105],[9.566,39.149],[9.732,40.084],[9.626,40.263],[9.8,40.456],[9.792,40.557]]],[[[10.443,42.845],[10.107,42.757],[10.416,42.709],[10.443,42.845]]],[[[12.352,45.405],[12.321,45.348],[12.431,45.416],[12.352,45.405]]]]}},{"type":"Feature","properties":{"id":"JOR"},"geometry":{"type":"Polygon","coordinates":[[[39.146,32.118],[39.292,32.245],[39.236,32.353],[39.029,32.328],[38.978,32.475],[39.057,32.497],[38.775,33.372],[36.807,32.313],[36.388,32.379],[36.177,32.527],[36.066,32.517],[35.896,32.713],[35.77,32.748],[35.594,32.67],[35.559,31.765],[35.396,31.258],[35.438,31.104],[35.14,30.43],[35.145,30.123],[34.949,29.352],[36.044,29.191],[36.477,29.495],[36.729,29.854],[37.47,29.995],[37.648,30.331],[37.981,30.499],[36.96,31.491],[38.963,31.994],[39.146,32.118]]]}},{"type":"Feature","properties":{"id":"JPN"},"geometry":{"type":"MultiPolygon","coordinates":[[[[129.783,31.8],[129.655,31.66],[129.696,31.621],[129.783,31.8]]],[[[131.66,32.477],[132.081,32.943],[131.903,32.983],[131.996,33.092],[131.81,33.128],[131.903,33.266],[131.51,33.273],[131.506,33.363],[131.596,33.349],[131.737,33.485],[131.667,33.667],[131.521,33.676],[131.368,33.575],[131.103,33.624],[130.962,33.816],[131.007,33.966],[130.914,33.891],[130.756,33.944],[130.489,33.855],[130.445,33.718],[130.289,33.682],[130.399,33.669],[130.391,33.605],[130.29,33.574],[130.208,33.665],[130.093,33.573],[130.168,33.534],[130.017,33.446],[129.853,33.553],[129.871,33.443],[129.787,33.455],[129.869,33.397],[129.852,33.28],[129.673,33.399],[129.58,33.371],[129.552,33.226],[129.653,33.19],[129.667,33.101],[129.71,33.163],[129.746,33.066],[129.946,33.016],[130.003,32.845],[129.794,32.875],[129.823,32.98],[129.682,33.094],[129.638,32.927],[129.859,32.725],[129.74,32.568],[130.094,32.795],[130.208,32.752],[130.128,32.684],[130.166,32.593],[130.361,32.688],[130.339,32.857],[130.105,32.876],[130.222,32.975],[130.128,33.121],[130.241,33.188],[130.421,33.088],[130.441,32.924],[130.611,32.785],[130.626,32.704],[130.448,32.621],[130.668,32.649],[130.512,32.338],[130.32,32.118],[130.18,32.093],[130.235,31.82],[130.171,31.79],[130.334,31.562],[130.228,31.381],[130.119,31.409],[130.222,31.246],[130.451,31.249],[130.586,31.155],[130.66,31.271],[130.563,31.334],[130.529,31.513],[130.645,31.715],[130.776,31.71],[130.759,31.564],[130.688,31.619],[130.591,31.586],[130.696,31.546],[130.795,31.344],[130.658,31.003],[131.132,31.28],[131.014,31.363],[131.072,31.45],[131.338,31.373],[131.66,32.477]]],[[[134.69,33.828],[134.696,33.952],[134.595,34.03],[134.647,34.239],[134.44,34.208],[134.144,34.392],[133.937,34.375],[133.701,34.231],[133.558,34.259],[133.641,34.079],[133.511,33.965],[133.127,33.933],[132.898,34.123],[132.919,34.068],[132.712,33.905],[132.677,33.716],[132.011,33.349],[132.421,33.444],[132.379,33.319],[132.526,33.315],[132.548,33.227],[132.486,33.169],[132.395,33.204],[132.49,33.133],[132.382,33.02],[132.471,33.041],[132.504,32.892],[132.709,32.909],[132.628,32.752],[132.915,32.778],[133.002,32.712],[133.002,32.987],[133.225,33.159],[133.292,33.365],[133.739,33.538],[133.925,33.494],[134.177,33.236],[134.312,33.573],[134.751,33.835],[134.69,33.828]]],[[[133.074,36.128],[132.949,36.062],[133.045,36.055],[133.074,36.128]]],[[[133.422,34.445],[133.723,34.528],[133.794,34.443],[133.936,34.451],[134.046,34.582],[133.937,34.587],[134.148,34.597],[134.279,34.698],[134.209,34.728],[134.354,34.705],[134.491,34.787],[134.744,34.767],[135.046,34.625],[135.413,34.692],[135.373,34.485],[135.061,34.267],[135.19,34.15],[135.123,34.137],[135.162,34.025],[135.059,33.88],[135.392,33.714],[135.328,33.671],[135.445,33.551],[135.766,33.482],[135.76,33.433],[135.96,33.593],[136.105,33.891],[136.273,33.971],[136.219,34.075],[136.308,34.09],[136.337,34.184],[136.707,34.334],[136.846,34.308],[136.794,34.253],[136.896,34.267],[136.916,34.434],[136.551,34.602],[136.52,34.681],[136.659,34.984],[136.83,35.079],[136.886,35.089],[136.856,34.74],[136.971,34.696],[136.916,34.776],[136.979,34.924],[137.018,34.783],[137.28,34.808],[137.341,34.727],[137.111,34.625],[137.073,34.665],[137.016,34.579],[137.547,34.677],[138.233,34.595],[138.216,34.712],[138.554,35.096],[138.803,35.122],[138.908,35.031],[138.762,34.98],[138.747,34.691],[138.835,34.596],[138.994,34.65],[139.141,34.871],[139.077,35.075],[139.184,35.263],[139.544,35.308],[139.616,35.134],[139.685,35.14],[139.745,35.249],[139.648,35.298],[139.642,35.454],[139.788,35.513],[139.765,35.654],[139.789,35.603],[139.984,35.669],[140.102,35.567],[139.781,35.318],[139.866,35.246],[139.87,34.999],[139.757,34.956],[139.926,34.907],[140.135,35.123],[140.378,35.176],[140.483,35.566],[140.661,35.689],[140.879,35.721],[140.646,36.013],[140.564,36.283],[140.742,36.768],[140.96,36.966],[141.008,37.134],[140.967,38.17],[141.079,38.361],[141.17,38.323],[141.304,38.408],[141.525,38.268],[141.549,38.385],[141.47,38.43],[141.548,38.519],[141.467,38.57],[141.535,38.632],[141.463,38.661],[141.566,38.704],[141.589,38.882],[141.674,38.852],[141.638,38.985],[141.73,38.951],[141.728,39.036],[141.847,39.022],[141.817,39.091],[141.913,39.098],[141.844,39.152],[141.981,39.351],[141.905,39.33],[142.058,39.466],[141.953,39.461],[142.07,39.55],[142.036,39.639],[141.96,39.612],[142.005,39.773],[141.83,40.251],[141.437,40.67],[141.386,41.03],[141.461,41.43],[141.276,41.353],[140.907,41.539],[140.766,41.145],[141.206,41.265],[141.278,41.155],[141.126,40.873],[140.889,41.011],[140.852,40.884],[140.703,40.853],[140.633,41.194],[140.462,41.184],[140.342,41.266],[140.248,41.123],[140.408,41.026],[140.322,41.027],[140.271,40.812],[140.046,40.768],[139.86,40.609],[140.024,40.355],[139.978,40.125],[139.822,39.961],[139.701,40.006],[139.76,39.858],[139.966,39.88],[140.059,39.727],[139.995,39.327],[139.774,38.817],[139.493,38.454],[139.425,38.151],[138.858,37.828],[138.551,37.378],[138.245,37.184],[137.448,36.934],[137.299,36.757],[137.006,36.836],[137.047,37.099],[136.861,37.077],[136.951,37.234],[137.014,37.185],[137.23,37.292],[137.351,37.506],[136.842,37.4],[136.674,37.175],[136.768,36.981],[136.69,36.731],[136.382,36.391],[136.124,36.253],[135.963,36],[136.099,35.776],[136.069,35.662],[136.02,35.765],[135.981,35.63],[135.812,35.643],[135.834,35.534],[135.738,35.571],[135.724,35.491],[135.622,35.487],[135.649,35.543],[135.53,35.493],[135.463,35.603],[135.319,35.447],[135.248,35.592],[135.188,35.545],[135.306,35.672],[135.227,35.772],[134.927,35.641],[134.537,35.672],[134.238,35.547],[133.58,35.534],[133.4,35.454],[133.265,35.496],[133.309,35.577],[133.091,35.601],[132.635,35.441],[132.639,35.295],[131.858,34.715],[131.597,34.66],[131.414,34.424],[131.209,34.369],[131.281,34.408],[131.171,34.43],[131.173,34.368],[130.959,34.427],[131.034,34.382],[130.893,34.343],[130.879,33.938],[131.036,34.048],[131.258,33.925],[131.39,34.04],[131.441,33.979],[131.741,34.056],[131.823,34.027],[131.78,33.97],[131.852,33.998],[132.099,33.872],[132.056,33.777],[132.162,33.842],[132.222,34.239],[132.346,34.349],[132.518,34.353],[132.554,34.192],[132.656,34.199],[133.093,34.39],[133.168,34.355],[133.076,34.26],[133.186,34.281],[133.247,34.426],[133.282,34.322],[133.422,34.445]]],[[[143.896,44.158],[143.814,44.168],[143.976,44.148],[143.896,44.158]]],[[[145.767,43.387],[145.582,43.336],[145.517,43.229],[145.258,43.327],[145.394,43.305],[145.071,43.775],[145.372,44.249],[145.341,44.346],[144.74,43.915],[144.379,43.956],[144.243,44.119],[144.153,44.02],[144.119,44.129],[143.728,44.113],[143.68,44.182],[143.777,44.189],[143.405,44.317],[142.981,44.586],[141.945,45.52],[141.823,45.423],[141.666,45.45],[141.575,45.207],[141.792,44.597],[141.641,43.938],[141.337,43.713],[141.423,43.318],[141.169,43.141],[141.011,43.229],[140.796,43.196],[140.487,43.372],[140.36,43.325],[140.338,43.211],[140.521,42.996],[140.282,42.757],[140.183,42.81],[139.843,42.627],[139.787,42.247],[140.145,41.983],[139.98,41.582],[140.038,41.443],[140.209,41.401],[140.432,41.531],[140.453,41.681],[140.66,41.827],[140.708,41.746],[141.006,41.712],[141.2,41.799],[140.714,42.133],[140.549,42.106],[140.292,42.26],[140.458,42.564],[140.734,42.564],[140.977,42.3],[141.428,42.564],[141.817,42.6],[143.242,41.928],[143.349,42.319],[143.886,42.844],[144.323,43.003],[144.742,42.924],[144.799,43.047],[145.014,42.989],[145.138,43.128],[145.531,43.169],[145.767,43.387]]],[[[123.815,24.392],[123.77,24.418],[123.668,24.297],[123.873,24.258],[123.934,24.367],[123.815,24.392]]],[[[124.329,24.584],[124.212,24.447],[124.078,24.435],[124.14,24.342],[124.242,24.364],[124.329,24.584]]],[[[125.387,24.782],[125.26,24.885],[125.259,24.733],[125.453,24.745],[125.387,24.782]]],[[[126.81,26.352],[126.698,26.369],[126.789,26.303],[126.81,26.352]]],[[[128.338,26.797],[128.255,26.886],[128.057,26.645],[127.878,26.695],[127.96,26.564],[127.722,26.43],[127.652,26.084],[127.797,26.14],[127.828,26.316],[127.92,26.31],[127.852,26.441],[128.138,26.554],[128.338,26.797]]],[[[128.989,27.811],[128.947,27.914],[128.895,27.891],[128.929,27.687],[129.024,27.757],[128.989,27.811]]],[[[129.297,28.12],[129.181,28.19],[129.221,28.099],[129.35,28.086],[129.297,28.12]]],[[[130.03,28.373],[129.914,28.297],[129.995,28.291],[130.03,28.373]]],[[[129.708,28.462],[129.673,28.51],[129.644,28.44],[129.626,28.483],[129.264,28.329],[129.271,28.255],[129.146,28.25],[129.376,28.12],[129.447,28.291],[129.708,28.462]]],[[[129.894,29.875],[129.833,29.873],[129.92,29.82],[129.894,29.875]]],[[[130.675,30.375],[130.499,30.468],[130.376,30.394],[130.486,30.226],[130.604,30.252],[130.675,30.375]]],[[[131.052,30.84],[130.851,30.47],[130.87,30.344],[130.962,30.373],[131.058,30.611],[131.052,30.84]]],[[[130.41,32.512],[130.219,32.456],[130.242,32.395],[130.354,32.424],[130.362,32.375],[130.469,32.512],[130.41,32.512]]],[[[130.16,32.546],[130.003,32.533],[129.98,32.333],[130.064,32.307],[129.961,32.252],[129.995,32.191],[130.203,32.339],[130.16,32.546]]],[[[128.878,32.674],[128.808,32.8],[128.661,32.783],[128.6,32.614],[128.773,32.572],[128.78,32.647],[128.878,32.674]]],[[[139.791,33.135],[139.836,33.04],[139.877,33.088],[139.791,33.135]]],[[[129.098,32.988],[129.108,33.167],[129.084,33.023],[128.979,32.948],[129.065,32.818],[129.183,32.985],[129.098,32.988]]],[[[129.556,33.411],[129.343,33.18],[129.493,33.245],[129.556,33.411]]],[[[129.776,33.773],[129.689,33.871],[129.657,33.743],[129.721,33.698],[129.776,33.773]]],[[[132.236,33.869],[132.374,33.842],[132.469,33.938],[132.326,33.896],[132.226,33.953],[132.236,33.869]]],[[[132.555,34.071],[132.532,34.177],[132.455,34.088],[132.555,34.071]]],[[[129.313,34.28],[129.207,34.329],[129.172,34.107],[129.277,34.129],[129.313,34.28]]],[[[135.003,34.608],[134.683,34.328],[134.729,34.191],[134.958,34.27],[134.896,34.373],[135.003,34.608]]],[[[129.453,34.619],[129.465,34.701],[129.289,34.57],[129.229,34.356],[129.309,34.384],[129.325,34.305],[129.408,34.352],[129.362,34.405],[129.453,34.619]]],[[[139.418,34.781],[139.356,34.797],[139.351,34.72],[139.443,34.677],[139.418,34.781]]],[[[133.367,36.274],[133.292,36.342],[133.193,36.206],[133.326,36.158],[133.367,36.274]]],[[[138.459,38.07],[138.514,38.323],[138.242,38.071],[138.248,37.978],[138.343,37.967],[138.223,37.802],[138.5,37.907],[138.575,38.074],[138.459,38.07]]],[[[139.549,42.243],[139.414,42.173],[139.455,42.052],[139.549,42.243]]],[[[145.312,43.593],[145.202,43.614],[145.332,43.565],[145.284,43.518],[145.363,43.555],[145.312,43.593]]],[[[141.327,45.172],[141.203,45.249],[141.132,45.21],[141.251,45.099],[141.327,45.172]]],[[[141.053,45.45],[140.967,45.463],[141.036,45.265],[141.053,45.45]]],[[[130.22,30.472],[130.142,30.489],[130.262,30.435],[130.22,30.472]]],[[[134.367,34.554],[134.161,34.479],[134.347,34.431],[134.367,34.554]]],[[[129.933,31.868],[129.821,31.846],[129.89,31.811],[129.933,31.868]]],[[[128.9,32.818],[128.837,32.834],[128.84,32.778],[128.9,32.818]]],[[[128.953,32.874],[128.881,32.863],[128.94,32.804],[128.953,32.874]]],[[[137.048,37.152],[136.905,37.144],[136.947,37.097],[137.048,37.152]]]]}},{"type":"Feature","properties":{"id":"KAZ"},"geometry":{"type":"MultiPolygon","coordinates":[[[[87.324,49.085],[87.272,49.205],[86.913,49.339],[86.824,49.509],[86.599,49.574],[86.776,49.695],[86.748,49.783],[86.61,49.796],[86.177,49.463],[85.615,49.617],[85.224,49.596],[84.955,49.907],[84.987,50.067],[84.25,50.26],[84.196,50.511],[83.951,50.78],[83.434,50.993],[83.108,50.993],[82.976,50.882],[82.726,50.901],[82.673,50.79],[82.476,50.714],[81.744,50.785],[81.46,50.73],[81.401,50.959],[81.052,50.956],[81.152,51.187],[80.683,51.302],[80.599,51.209],[80.422,51.188],[80.439,50.958],[80.143,50.817],[80.015,50.839],[80.055,50.753],[77.867,53.272],[76.495,53.992],[76.377,54.154],[76.665,54.134],[76.896,54.464],[76.477,54.323],[76.234,54.347],[76.184,54.252],[75.429,54.09],[75.434,53.987],[75.028,53.808],[74.772,53.831],[74.616,53.681],[74.438,53.673],[74.388,53.462],[74.223,53.595],[74.077,53.566],[73.904,53.639],[73.653,53.609],[73.411,53.43],[73.23,53.662],[73.432,53.865],[73.683,53.874],[73.741,54.058],[73.602,54.071],[73.518,53.956],[73.36,53.938],[73.063,53.979],[72.942,54.122],[72.624,54.135],[72.503,54.051],[72.656,54.043],[72.7,53.958],[72.392,53.908],[72.358,54.093],[72.483,54.136],[72.043,54.378],[72.155,54.128],[71.984,54.232],[71.762,54.248],[71.647,54.109],[71.321,54.201],[71.161,54.102],[70.971,54.305],[71.191,54.318],[71.141,54.564],[71.265,54.662],[71.006,54.774],[70.82,55.294],[70.441,55.283],[70.214,55.132],[69.674,55.334],[69.335,55.385],[69.186,55.326],[68.927,55.434],[68.971,55.279],[68.701,55.361],[68.605,55.196],[68.177,55.171],[68.308,55.073],[68.166,54.956],[67.882,54.97],[67.623,54.854],[67.311,54.86],[65.977,54.612],[65.933,54.703],[65.744,54.601],[65.45,54.627],[65.449,54.557],[65.198,54.516],[65.184,54.31],[64.911,54.403],[64.72,54.334],[64.579,54.386],[64.004,54.32],[63.897,54.194],[63.709,54.25],[63.157,54.18],[63.085,54.086],[62.581,54.054],[62.525,53.872],[62.39,53.942],[62.413,54.027],[62.003,54.017],[62.004,53.932],[61.791,54.001],[61.582,53.948],[61.338,54.063],[61.194,54.018],[61.211,53.908],[60.996,53.941],[60.978,53.883],[61.199,53.797],[61.008,53.636],[60.88,53.633],[61.281,53.542],[61.503,53.589],[61.555,53.506],[61.412,53.436],[61.235,53.503],[61.163,53.299],[62.051,53.125],[62.094,52.992],[61.959,52.935],[61.606,52.948],[61.448,53.021],[60.975,52.971],[61.058,52.922],[60.673,52.672],[61.04,52.335],[60.672,52.144],[60.426,52.13],[59.986,51.952],[60.061,51.859],[60.452,51.805],[60.376,51.663],[60.937,51.611],[61.023,51.486],[61.474,51.426],[61.664,51.258],[61.534,51.206],[61.404,50.803],[61.095,50.723],[60.718,50.653],[60.3,50.685],[60.021,50.854],[59.816,50.563],[59.523,50.475],[59.452,50.537],[59.563,50.58],[59.438,50.631],[58.926,50.678],[58.664,50.79],[58.55,50.893],[58.595,51.023],[58.308,51.15],[58.168,51.055],[57.769,51.12],[57.722,50.909],[57.468,50.858],[57.154,51.1],[56.716,51.072],[56.688,50.969],[56.478,51.073],[56.315,50.884],[56.158,50.906],[56.079,50.725],[55.66,50.53],[54.638,51.028],[54.503,50.928],[54.638,50.886],[54.676,50.603],[54.499,50.523],[54.38,50.619],[54.479,50.853],[54.276,50.904],[53.936,51.186],[53.674,51.22],[53.61,51.388],[53.407,51.484],[52.546,51.46],[52.308,51.775],[52.092,51.659],[51.869,51.673],[51.693,51.454],[51.584,51.535],[51.304,51.472],[51.237,51.536],[51.372,51.63],[50.767,51.759],[50.791,51.597],[50.671,51.568],[50.582,51.635],[50.325,51.303],[49.779,51.102],[49.437,51.112],[49.347,50.964],[49.408,50.848],[48.83,50.596],[48.568,50.637],[48.874,50.07],[48.785,49.933],[48.43,49.81],[48.239,49.865],[47.808,50.32],[47.599,50.453],[47.47,50.412],[47.295,50.275],[47.309,50.045],[46.9,49.82],[46.775,49.333],[47.04,49.15],[46.754,48.914],[46.478,48.411],[47.099,48.265],[47.104,48.101],[47.192,48.072],[47.044,47.986],[47.124,47.808],[47.36,47.683],[47.412,47.836],[48.174,47.713],[48.525,47.41],[49.006,46.769],[48.764,46.683],[48.557,46.762],[48.455,46.661],[48.539,46.568],[49.227,46.328],[49.168,46.409],[49.292,46.396],[49.223,46.471],[49.371,46.399],[49.305,46.588],[49.493,46.5],[49.469,46.594],[49.579,46.499],[49.623,46.583],[49.817,46.54],[50.43,46.897],[50.569,46.829],[50.616,46.936],[50.752,46.975],[50.741,46.906],[50.847,47.037],[51.213,47.121],[51.592,46.987],[51.68,47.057],[51.744,46.927],[51.941,46.88],[52.019,46.937],[52.113,46.813],[52.245,46.81],[52.189,46.884],[52.357,46.894],[52.456,47.001],[53.06,46.892],[53.208,46.695],[52.997,46.505],[53.082,46.512],[53.157,46.342],[53.118,46.114],[52.732,45.554],[53.261,45.343],[52.91,45.313],[52.519,45.409],[51.94,45.367],[51.758,45.457],[51.544,45.335],[51.416,45.39],[51.244,45.162],[51.273,45.025],[51.197,45.066],[50.959,44.979],[50.962,44.864],[51.56,44.511],[51.366,44.56],[51.143,44.485],[50.873,44.629],[50.311,44.662],[50.237,44.369],[50.847,44.189],[50.861,44.025],[51.315,43.462],[51.276,43.154],[51.651,43.191],[51.912,42.842],[52.169,42.887],[52.3,42.791],[52.471,42.826],[52.713,42.731],[52.71,42.585],[52.564,42.742],[52.676,42.538],[52.402,42.093],[52.491,41.902],[52.438,41.749],[52.979,42.127],[53.412,42.258],[54.123,42.338],[54.907,41.932],[55.228,41.473],[55.509,41.259],[55.978,41.322],[55.976,44.995],[58.531,45.559],[61.036,44.383],[61.162,44.168],[62.026,43.481],[63.208,43.627],[64.427,43.547],[64.923,43.719],[65.517,43.297],[65.795,42.877],[66.101,42.99],[66.009,42.003],[66.504,41.993],[66.733,41.158],[67.937,41.2],[68.034,41.043],[68.131,41.03],[67.991,40.811],[68.462,40.585],[68.614,40.609],[68.571,40.914],[69.031,41.209],[69.036,41.374],[69.402,41.475],[69.394,41.545],[69.625,41.668],[69.912,41.713],[70.358,42.062],[70.61,42.027],[70.734,42.197],[70.948,42.248],[70.853,42.306],[70.962,42.468],[71.064,42.47],[71.003,42.564],[71.143,42.603],[71.245,42.747],[71.848,42.834],[72.726,42.653],[72.875,42.544],[73.278,42.513],[73.326,42.429],[73.505,42.403],[73.413,42.627],[73.571,43.032],[73.902,43.131],[73.965,43.217],[74.197,43.196],[74.179,43.262],[75.179,42.85],[75.62,42.805],[75.797,42.936],[76.414,42.886],[76.957,42.989],[77.328,42.898],[79.148,42.791],[79.426,42.47],[79.918,42.424],[80.21,42.19],[80.268,42.238],[80.144,42.645],[80.248,42.816],[80.554,42.899],[80.368,43.028],[80.793,43.149],[80.643,43.326],[80.713,43.459],[80.339,44.121],[80.356,44.653],[80.492,44.728],[80.245,44.816],[79.992,44.794],[79.858,44.904],[80.103,45.032],[80.854,45.127],[81.665,45.348],[81.95,45.144],[82.245,45.232],[82.54,45.124],[82.632,45.416],[82.291,45.533],[82.986,46.943],[83.021,47.206],[83.905,46.974],[84.664,46.984],[84.74,46.815],[85.226,47.042],[85.499,47.052],[85.679,47.275],[85.515,47.92],[85.719,48.359],[86.565,48.527],[86.752,48.715],[86.709,48.954],[86.859,49.105],[87.324,49.085]]],[[[50.26,45.01],[50.304,44.959],[50.348,45.085],[50.26,45.01]]],[[[50.17,44.83],[50.021,44.944],[50.113,45.08],[49.986,44.947],[50.17,44.83]]],[[[52.693,45.46],[52.636,45.526],[52.552,45.478],[52.677,45.397],[52.693,45.46]]],[[[49.822,46.314],[49.72,46.357],[49.805,46.211],[49.822,46.314]]]]}},{"type":"Feature","properties":{"id":"KEN"},"geometry":{"type":"MultiPolygon","coordinates":[[[[35.921,4.619],[34.381,4.62],[33.977,4.22],[34.069,4.088],[34.085,3.877],[34.205,3.875],[34.152,3.776],[34.44,3.668],[34.381,3.477],[34.434,3.182],[34.876,2.591],[34.924,2.477],[34.866,2.348],[35.006,1.917],[34.973,1.654],[34.779,1.389],[34.798,1.232],[34.487,1.082],[34.388,0.816],[34.15,0.604],[34.085,0.347],[33.894,0.11],[33.954,-0.154],[33.904,-1.003],[34,-1.003],[37.645,-3.046],[37.7,-3.314],[37.585,-3.413],[37.599,-3.513],[37.708,-3.527],[37.771,-3.655],[39.191,-4.678],[39.3,-4.595],[39.396,-4.629],[39.54,-4.43],[39.67,-4.088],[39.561,-4.04],[39.636,-4.017],[39.606,-3.97],[39.708,-4.038],[39.745,-3.969],[39.684,-3.917],[39.786,-3.917],[39.867,-3.695],[39.781,-3.567],[39.866,-3.616],[39.966,-3.321],[39.989,-3.373],[40.123,-3.267],[40.233,-2.982],[40.163,-2.934],[40.232,-2.669],[40.491,-2.529],[40.651,-2.539],[40.817,-2.398],[40.774,-2.279],[40.863,-2.231],[40.945,-2.309],[40.979,-2.242],[40.861,-1.963],[40.945,-2.073],[41.006,-1.902],[41.013,-2.042],[41.219,-1.922],[41.283,-1.969],[41.535,-1.696],[41.523,-1.573],[40.98,-0.871],[40.965,2.814],[41.343,3.201],[41.885,3.977],[41.163,3.943],[40.764,4.285],[39.848,3.867],[39.504,3.403],[38.509,3.651],[38.102,3.613],[37.016,4.371],[36.844,4.432],[36.041,4.444],[35.94,4.508],[35.921,4.619]]],[[[41.054,-2.05],[40.969,-2.12],[40.994,-2.197],[40.996,-2.144],[41.155,-2.112],[41.054,-2.05]]]]}},{"type":"Feature","properties":{"id":"KOR"},"geometry":{"type":"MultiPolygon","coordinates":[[[[128.365,38.624],[128.226,38.4],[128.04,38.304],[127.09,38.286],[126.666,37.938],[126.679,37.686],[126.755,37.638],[126.661,37.672],[126.662,37.758],[126.535,37.768],[126.615,37.38],[126.871,37.268],[126.658,37.254],[126.686,37.13],[126.865,37.179],[126.755,37.049],[126.89,37.096],[126.911,37.014],[126.824,37.003],[126.913,36.93],[127.042,36.994],[126.86,36.87],[126.851,36.754],[126.796,36.956],[126.682,36.995],[126.631,36.912],[126.626,36.996],[126.501,37.055],[126.583,36.898],[126.519,36.948],[126.484,36.842],[126.445,37.003],[126.353,37],[126.419,36.922],[126.357,36.789],[126.283,36.804],[126.309,36.967],[126.128,36.761],[126.133,36.704],[126.158,36.761],[126.213,36.727],[126.178,36.673],[126.274,36.72],[126.295,36.583],[126.343,36.74],[126.424,36.607],[126.48,36.747],[126.498,36.448],[126.617,36.473],[126.499,36.42],[126.603,36.172],[126.493,36.131],[126.589,36.131],[126.692,36],[126.871,36.062],[126.744,35.99],[126.521,35.971],[126.612,35.89],[126.837,35.893],[126.703,35.848],[126.782,35.76],[126.662,35.793],[126.468,35.64],[126.692,35.534],[126.493,35.525],[126.459,35.345],[126.309,35.233],[126.452,35.1],[126.425,35.02],[126.343,35.157],[126.254,35.123],[126.374,35.017],[126.315,34.938],[126.436,34.981],[126.374,34.791],[126.513,34.782],[126.568,34.901],[126.576,34.822],[126.665,34.808],[126.364,34.749],[126.624,34.63],[126.379,34.711],[126.465,34.585],[126.29,34.75],[126.295,34.589],[126.54,34.563],[126.466,34.472],[126.521,34.294],[126.603,34.3],[126.634,34.396],[126.727,34.433],[126.778,34.586],[126.81,34.451],[126.898,34.418],[127.01,34.612],[127.248,34.767],[127.358,34.698],[127.314,34.652],[127.275,34.705],[127.247,34.584],[127.213,34.637],[127.125,34.541],[127.344,34.445],[127.439,34.541],[127.349,34.586],[127.504,34.591],[127.365,34.824],[127.521,34.89],[127.561,34.662],[127.641,34.618],[127.624,34.698],[127.742,34.726],[127.776,34.849],[127.657,34.812],[127.575,34.914],[127.719,34.99],[127.891,34.947],[128.069,35.082],[128.056,34.932],[128.207,34.891],[128.335,34.947],[128.413,34.838],[128.474,34.891],[128.42,34.983],[128.5,35.009],[128.389,35.049],[128.511,35.104],[128.652,35.061],[128.602,35.214],[128.7,35.096],[128.918,35.082],[128.958,35.137],[129,35.046],[129.36,35.354],[129.374,35.533],[129.413,35.472],[129.455,35.513],[129.587,36.017],[129.555,36.082],[129.453,35.993],[129.381,36.041],[129.474,36.731],[129.43,37.073],[129.064,37.679],[128.632,38.145],[128.365,38.624]]],[[[126.405,36.459],[126.36,36.609],[126.364,36.411],[126.432,36.408],[126.405,36.459]]],[[[126.946,33.478],[126.792,33.564],[126.485,33.521],[126.271,33.436],[126.171,33.269],[126.27,33.198],[126.607,33.241],[126.841,33.31],[126.946,33.478]]],[[[127.173,34.484],[127.117,34.438],[127.229,34.43],[127.173,34.484]]],[[[126.38,34.498],[126.248,34.575],[126.103,34.403],[126.21,34.359],[126.38,34.498]]],[[[127.782,34.685],[127.736,34.625],[127.798,34.58],[127.782,34.685]]],[[[126.056,34.914],[125.987,34.863],[126.081,34.871],[126.056,34.914]]],[[[128.07,34.815],[127.92,34.835],[127.902,34.94],[127.829,34.869],[127.892,34.713],[127.938,34.767],[128.056,34.698],[128.07,34.815]]],[[[128.749,34.869],[128.703,35.033],[128.611,34.955],[128.646,34.891],[128.488,34.869],[128.529,34.808],[128.605,34.835],[128.584,34.705],[128.694,34.736],[128.749,34.869]]],[[[126.111,35.051],[126.165,35.144],[126.069,35.102],[126.111,35.051]]],[[[126.563,37.514],[126.365,37.442],[126.443,37.421],[126.563,37.514]]],[[[130.904,37.546],[130.827,37.471],[130.897,37.463],[130.904,37.546]]],[[[126.357,37.695],[126.314,37.746],[126.282,37.699],[126.357,37.695]]],[[[126.508,37.597],[126.516,37.767],[126.407,37.821],[126.37,37.631],[126.508,37.597]]],[[[128.073,34.845],[128.018,34.917],[127.964,34.86],[128.073,34.845]]],[[[126.614,37.255],[126.543,37.285],[126.539,37.198],[126.614,37.255]]],[[[126.854,34.309],[126.893,34.341],[126.758,34.336],[126.854,34.309]]],[[[126.764,34.309],[126.654,34.395],[126.652,34.33],[126.764,34.309]]],[[[126.762,34.383],[126.86,34.399],[126.823,34.44],[126.762,34.383]]],[[[126.341,34.864],[126.297,34.918],[126.231,34.855],[126.341,34.864]]]]}},{"type":"Feature","properties":{"id":"KWT"},"geometry":{"type":"MultiPolygon","coordinates":[[[[48.433,28.54],[48.352,28.641],[48.394,28.743],[48.158,29.017],[48.1,29.35],[47.705,29.364],[47.966,29.576],[48.181,29.562],[47.996,29.828],[47.948,29.994],[47.731,30.089],[47.358,30.092],[47.145,30.003],[46.853,29.445],[46.532,29.096],[47.434,28.995],[47.668,28.534],[48.433,28.54]]],[[[48.338,29.463],[48.269,29.43],[48.397,29.387],[48.338,29.463]]],[[[48.353,29.71],[48.344,29.791],[48.134,29.99],[48.194,29.916],[48.095,29.895],[48.113,29.839],[48.046,29.8],[48.162,29.63],[48.229,29.6],[48.353,29.71]]]]}},{"type":"Feature","properties":{"id":"LKA"},"geometry":{"type":"MultiPolygon","coordinates":[[[[81.876,7.092],[81.856,7.412],[81.771,7.457],[81.749,7.623],[81.595,7.726],[81.713,7.712],[81.561,7.999],[81.396,8.137],[81.404,8.192],[81.448,8.128],[81.366,8.482],[81.134,8.501],[81.25,8.546],[81.232,8.651],[80.979,8.98],[80.915,8.944],[80.875,9.041],[80.958,9.018],[80.834,9.142],[80.882,9.145],[80.824,9.27],[80.247,9.826],[80.139,9.799],[80.248,9.755],[80.444,9.576],[80.222,9.754],[80.13,9.777],[80.122,9.819],[79.971,9.815],[79.91,9.768],[79.958,9.686],[80.615,9.446],[80.427,9.5],[80.287,9.453],[80.053,9.596],[80.197,9.473],[80.053,9.392],[80.106,9.193],[80.048,9.026],[79.916,8.939],[79.942,8.642],[79.807,8.24],[79.81,7.987],[79.732,8.013],[79.779,8.35],[79.697,8.219],[79.863,6.807],[80.094,6.136],[80.204,6.026],[80.591,5.924],[81.325,6.205],[81.65,6.431],[81.776,6.61],[81.876,7.092]]],[[[81.739,7.66],[81.808,7.479],[81.725,7.74],[81.739,7.66]]],[[[79.714,9.076],[79.91,8.973],[79.842,9.077],[79.714,9.076]]],[[[79.731,9.5],[79.659,9.555],[79.666,9.491],[79.731,9.5]]],[[[79.896,9.617],[79.978,9.624],[79.882,9.761],[79.841,9.699],[79.896,9.617]]]]}},{"type":"Feature","properties":{"id":"LUX"},"geometry":{"type":"Polygon","coordinates":[[[6.117,50.12],[5.962,50.166],[5.719,49.891],[5.885,49.644],[5.791,49.538],[5.961,49.441],[6.194,49.499],[6.345,49.455],[6.503,49.796],[6.223,49.887],[6.117,50.12]]]}},{"type":"Feature","properties":{"id":"MUS"},"geometry":{"type":"Polygon","coordinates":[[[57.796,-20.223],[57.68,-20],[57.597,-19.983],[57.4,-20.201],[57.308,-20.444],[57.378,-20.507],[57.672,-20.48],[57.796,-20.223]]]}},{"type":"Feature","properties":{"id":"NGA"},"geometry":{"type":"MultiPolygon","coordinates":[[[[3.596,11.696],[3.468,11.419],[3.722,11.112],[3.73,10.808],[3.837,10.6],[3.773,10.408],[3.652,10.436],[3.572,10.286],[3.668,10.147],[3.589,9.949],[3.513,9.847],[3.326,9.802],[3.332,9.652],[3.246,9.634],[3.133,9.457],[3.076,9.095],[2.769,9.057],[2.671,7.898],[2.792,7.478],[2.741,7.408],[2.78,7.041],[2.715,6.98],[2.779,6.699],[2.704,6.368],[3.385,6.398],[3.37,6.45],[3.402,6.552],[3.481,6.602],[3.515,6.527],[3.844,6.611],[3.541,6.455],[3.44,6.423],[3.428,6.459],[3.385,6.445],[3.444,6.41],[3.87,6.432],[4.406,6.359],[4.748,6.139],[5.045,5.767],[5.29,5.91],[5.103,5.793],[5.129,5.628],[5.28,5.617],[5.338,5.725],[5.326,5.605],[5.447,5.656],[5.51,5.591],[5.223,5.581],[5.198,5.501],[5.434,5.396],[5.424,5.437],[5.485,5.412],[5.517,5.499],[5.64,5.54],[5.534,5.476],[5.578,5.382],[5.34,5.344],[5.366,5.163],[5.496,5.142],[5.386,5.126],[5.475,4.847],[5.595,4.636],[5.89,4.369],[5.961,4.334],[5.989,4.416],[6.062,4.295],[6.04,4.406],[6.089,4.411],[6.113,4.272],[6.223,4.3],[6.236,4.498],[6.263,4.396],[6.333,4.437],[6.271,4.293],[6.57,4.335],[6.55,4.505],[6.613,4.337],[6.688,4.337],[6.654,4.512],[6.695,4.423],[6.736,4.608],[6.716,4.355],[6.871,4.361],[6.716,4.834],[6.785,4.817],[6.869,4.4],[6.969,4.375],[7.024,4.398],[6.901,4.684],[6.989,4.608],[6.963,4.731],[7.044,4.643],[7.044,4.437],[7.185,4.519],[7.072,4.758],[7.281,4.505],[7.333,4.529],[7.281,4.601],[7.502,4.573],[7.545,4.711],[7.558,4.525],[8.289,4.549],[8.354,4.649],[8.182,4.991],[8.53,4.709],[8.799,5.16],[8.904,5.595],[8.819,5.703],[8.856,5.848],[8.983,5.896],[9.341,6.314],[9.693,6.531],[9.789,6.795],[9.875,6.788],[10.143,7.008],[10.211,6.879],[10.496,6.875],[10.579,7.131],[10.621,7.044],[10.832,6.945],[10.909,6.784],[11.037,6.741],[11.114,6.434],[11.37,6.456],[11.533,6.645],[11.562,6.876],[11.872,7.079],[11.737,7.263],[12.021,7.576],[12.019,7.719],[12.192,7.961],[12.227,8.386],[12.404,8.497],[12.369,8.61],[12.558,8.606],[12.773,8.759],[12.898,9.262],[12.855,9.378],[13.195,9.542],[13.263,9.802],[13.23,10.045],[13.435,10.153],[13.539,10.621],[13.755,11.017],[13.982,11.276],[14.165,11.238],[14.606,11.515],[14.621,11.63],[14.542,11.71],[14.67,12.167],[14.487,12.338],[14.189,12.37],[14.065,13.078],[13.607,13.704],[13.33,13.709],[13.228,13.548],[12.842,13.489],[12.805,13.373],[12.561,13.243],[12.473,13.064],[12.058,13.117],[11.44,13.364],[10.675,13.375],[10.12,13.25],[9.59,12.801],[8.679,12.924],[8.105,13.3],[7.824,13.345],[7.392,13.113],[7.198,13.117],[7.069,12.996],[6.937,12.995],[6.369,13.626],[6.142,13.641],[5.522,13.88],[5.228,13.741],[4.857,13.774],[4.507,13.695],[4.126,13.473],[4.089,12.996],[3.929,12.75],[3.642,12.518],[3.604,11.906],[3.667,11.76],[3.596,11.696]]],[[[7.274,4.492],[7.229,4.533],[7.138,4.397],[7.298,4.415],[7.333,4.492],[7.274,4.492]]]]}},{"type":"Feature","properties":{"id":"NLD"},"geometry":{"type":"MultiPolygon","coordinates":[[[[7.195,53.245],[6.829,53.451],[5.981,53.406],[5.592,53.303],[5.078,52.954],[4.874,52.904],[4.745,52.968],[4.508,52.336],[4.142,52.006],[4.016,51.988],[4.078,51.844],[3.862,51.816],[4.177,51.686],[4.113,51.639],[4.207,51.59],[3.988,51.59],[4.283,51.448],[4.105,51.446],[3.851,51.611],[3.447,51.546],[3.827,51.391],[3.957,51.456],[4.261,51.369],[4.411,51.357],[4.377,51.443],[4.483,51.474],[4.63,51.418],[4.779,51.495],[4.762,51.413],[4.91,51.392],[5.028,51.477],[5.215,51.259],[5.493,51.287],[5.829,51.156],[5.624,50.83],[5.707,50.754],[5.995,50.75],[6.064,50.908],[5.852,51.043],[6.147,51.152],[6.057,51.212],[6.205,51.458],[5.931,51.816],[6.156,51.842],[6.127,51.897],[6.345,51.821],[6.811,51.961],[6.673,52.05],[7.026,52.231],[7.048,52.365],[6.973,52.451],[6.715,52.462],[6.672,52.542],[6.737,52.635],[7.037,52.647],[7.195,53.245]]],[[[3.349,51.375],[3.392,51.247],[3.61,51.29],[3.809,51.205],[4.119,51.272],[4.221,51.368],[3.349,51.375]]],[[[-68.212,12.228],[-68.377,12.31],[-68.417,12.257],[-68.303,12.203],[-68.254,12.024],[-68.212,12.228]]],[[[4.037,51.686],[3.689,51.725],[3.96,51.624],[4.089,51.644],[4.037,51.686]]],[[[4.893,53.111],[4.854,53.188],[4.727,53.003],[4.893,53.111]]],[[[5.424,53.43],[5.168,53.368],[5.585,53.454],[5.424,53.43]]],[[[6.212,53.509],[6.133,53.454],[6.339,53.502],[6.212,53.509]]]]}},{"type":"Feature","properties":{"id":"NPL"},"geometry":{"type":"Polygon","coordinates":[[[88.118,27.861],[87.837,27.908],[87.727,27.808],[87.156,27.826],[86.662,28.107],[86.554,28.104],[86.425,27.91],[86.203,28.003],[86.156,28.157],[86.069,28.077],[86.113,27.927],[85.98,27.885],[85.693,28.335],[85.612,28.251],[85.109,28.292],[85.078,28.436],[85.161,28.595],[85.055,28.639],[84.928,28.538],[84.812,28.542],[84.451,28.734],[84.207,28.941],[84.231,29.026],[84.09,29.257],[83.914,29.289],[83.639,29.155],[83.524,29.184],[83.174,29.621],[83.065,29.579],[82.976,29.664],[82.837,29.66],[82.542,29.923],[82.154,30.058],[82.073,30.337],[81.614,30.417],[81.509,30.328],[81.388,30.374],[81.35,30.157],[81.195,30.004],[81.085,30.026],[80.996,30.197],[80.868,30.2],[80.369,29.758],[80.385,29.605],[80.214,29.417],[80.258,29.202],[80.133,29.11],[80.036,28.837],[80.33,28.627],[80.488,28.562],[80.556,28.679],[80.905,28.441],[81.17,28.361],[81.296,28.128],[81.396,28.161],[81.856,27.851],[82.027,27.912],[82.402,27.677],[82.68,27.694],[82.752,27.495],[83.133,27.444],[83.282,27.331],[83.387,27.47],[83.855,27.345],[83.834,27.434],[84.117,27.513],[84.289,27.376],[84.607,27.31],[84.64,27.028],[84.817,27.011],[85.287,26.737],[85.609,26.851],[85.829,26.566],[86.011,26.654],[86.284,26.612],[86.714,26.415],[87.041,26.58],[87.106,26.405],[87.3,26.346],[87.416,26.427],[87.587,26.378],[87.87,26.465],[87.975,26.367],[88.168,26.725],[87.969,27.111],[88.023,27.495],[88.16,27.774],[88.118,27.861]]]}},{"type":"Feature","properties":{"id":"PAK"},"geometry":{"type":"MultiPolygon","coordinates":[[[[76.777,35.646],[76.571,35.751],[76.555,35.898],[76.166,35.806],[76.09,35.978],[75.922,36.032],[76.014,36.23],[75.987,36.421],[75.791,36.688],[75.571,36.767],[75.432,36.723],[75.378,36.894],[75.119,36.991],[74.872,36.907],[74.793,37.015],[74.542,37.022],[74.537,36.962],[74.394,36.994],[74.035,36.816],[73.64,36.897],[72.565,36.821],[72.17,36.711],[72.172,36.654],[71.773,36.48],[71.783,36.397],[71.61,36.458],[71.558,36.328],[71.166,36.046],[71.464,35.795],[71.622,35.43],[71.53,35.301],[71.638,35.19],[71.47,34.95],[71.081,34.673],[71.066,34.558],[70.957,34.532],[71.122,34.357],[71.063,34.054],[70.862,33.965],[70.522,33.939],[69.873,34.017],[69.847,33.927],[69.958,33.753],[70.118,33.717],[70.294,33.319],[69.995,33.127],[69.488,33.028],[69.477,32.857],[69.376,32.772],[69.426,32.655],[69.233,32.463],[69.299,31.938],[69.04,31.673],[68.804,31.603],[68.676,31.775],[68.505,31.823],[68.419,31.783],[68.55,31.754],[68.498,31.725],[68.139,31.825],[67.966,31.638],[67.569,31.53],[67.611,31.411],[67.77,31.395],[67.765,31.334],[67.346,31.208],[67.035,31.236],[66.943,31.315],[66.697,31.196],[66.55,30.977],[66.366,30.923],[66.268,30.601],[66.305,30.245],[66.219,30.058],[66.341,29.957],[66.196,29.835],[65.036,29.54],[64.478,29.57],[64.173,29.484],[64.086,29.387],[63.569,29.497],[62.478,29.408],[60.844,29.858],[61.337,29.374],[61.567,28.871],[61.893,28.543],[62.391,28.406],[62.576,28.229],[62.762,28.246],[62.815,27.495],[62.742,27.267],[62.892,27.213],[63.177,27.258],[63.32,27.117],[63.231,27.066],[63.262,26.872],[63.19,26.846],[63.141,26.625],[62.754,26.644],[62.419,26.562],[62.292,26.501],[62.265,26.361],[62.124,26.374],[61.833,26.225],[61.755,25.82],[61.66,25.769],[61.588,25.202],[61.783,25.188],[61.755,25.013],[61.881,25.103],[62.097,25.107],[62.059,25.162],[62.145,25.218],[62.297,25.185],[62.256,25.099],[62.381,25.088],[62.343,25.155],[62.477,25.259],[63.501,25.194],[63.469,25.289],[63.573,25.365],[64.06,25.345],[64.049,25.416],[63.977,25.413],[64.127,25.454],[64.094,25.336],[64.439,25.235],[64.565,25.27],[64.655,25.166],[64.744,25.324],[65.155,25.296],[65.395,25.392],[65.652,25.344],[66.252,25.473],[66.498,25.399],[66.492,25.481],[66.336,25.553],[66.094,25.475],[66.204,25.593],[66.376,25.626],[66.531,25.518],[66.548,25.366],[66.737,25.181],[66.654,24.839],[66.965,24.844],[67.256,24.748],[67.152,24.616],[67.253,24.59],[67.184,24.59],[67.272,24.369],[67.362,24.344],[67.279,24.281],[67.341,24.086],[67.533,24.07],[67.451,23.988],[67.541,23.939],[67.479,23.892],[67.615,23.85],[67.65,23.933],[67.632,23.803],[67.716,23.792],[67.719,23.844],[67.832,23.81],[67.855,23.912],[68.014,23.769],[68.014,23.939],[68.102,23.816],[68.063,23.723],[68.149,23.695],[68.157,23.905],[68.183,23.842],[68.33,23.967],[68.724,23.965],[68.747,24.331],[68.839,24.236],[68.904,24.321],[68.963,24.257],[69.563,24.277],[69.715,24.169],[69.972,24.165],[70.098,24.299],[70.416,24.402],[70.563,24.424],[70.568,24.273],[70.755,24.231],[71.083,24.412],[70.977,24.465],[70.955,24.585],[71.064,24.683],[70.849,25.163],[70.654,25.397],[70.654,25.674],[70.265,25.697],[70.115,25.882],[70.064,25.996],[70.158,26.53],[69.816,26.58],[69.504,26.735],[69.534,27.126],[70.342,28.011],[70.535,28.016],[70.71,27.741],[70.832,27.701],[71.226,27.845],[71.861,27.95],[71.908,28.136],[72.15,28.354],[72.355,28.767],[72.93,29.048],[73.233,29.537],[73.37,29.927],[73.944,30.188],[73.852,30.373],[74.319,30.893],[74.659,31.084],[74.506,31.175],[74.617,31.459],[74.489,31.711],[74.55,31.827],[74.829,32.025],[75.295,32.149],[75.359,32.262],[75.024,32.466],[74.689,32.471],[74.63,32.588],[74.685,32.831],[74.574,32.753],[74.346,32.767],[74.311,32.994],[74.002,33.178],[74.158,33.494],[73.966,33.735],[74.272,33.962],[73.916,34.028],[73.991,34.219],[73.78,34.396],[73.919,34.643],[74.286,34.769],[75.213,34.645],[75.656,34.497],[75.796,34.508],[76.023,34.677],[76.64,34.741],[76.758,34.915],[77.013,34.986],[77.049,35.11],[76.777,35.646]]],[[[67.376,24.063],[67.427,24.008],[67.485,24.049],[67.376,24.063]]]]}},{"type":"Feature","properties":{"id":"PHL"},"geometry":{"type":"MultiPolygon","coordinates":[[[[120.861,5.574],[120.824,5.534],[120.898,5.499],[120.861,5.574]]],[[[125.791,6.948],[125.782,7.135],[125.716,7.196],[125.674,7.07],[125.777,6.894],[125.791,6.948]]],[[[122.972,7.384],[122.828,7.431],[122.801,7.321],[122.972,7.384]]],[[[125.99,9.686],[125.935,9.76],[125.947,9.566],[125.99,9.686]]],[[[126.569,7.301],[126.583,7.719],[126.383,7.886],[126.466,8.096],[126.459,8.24],[126.339,8.215],[126.405,8.493],[126.158,8.528],[126.111,8.607],[126.255,8.685],[126.345,8.853],[126.179,9.093],[126.22,9.306],[126.058,9.246],[125.994,9.398],[125.911,9.405],[125.973,9.48],[125.644,9.611],[125.589,9.755],[125.459,9.823],[125.399,9.681],[125.539,9.207],[125.517,9.016],[125.312,8.994],[125.209,9.086],[125.187,8.876],[125.106,8.83],[124.809,9.009],[124.753,8.5],[124.636,8.432],[124.657,8.515],[124.406,8.608],[124.232,8.213],[123.969,8.168],[123.676,7.963],[123.685,8.037],[123.883,8.165],[123.845,8.452],[123.759,8.607],[123.617,8.671],[123.581,8.583],[123.513,8.699],[123.397,8.723],[123.436,8.649],[123.318,8.534],[123.042,8.49],[122.958,8.309],[123.014,8.232],[122.945,8.162],[122.735,8.115],[122.679,8.164],[122.252,7.98],[122.105,7.771],[122.146,7.589],[121.899,7.057],[122.038,6.917],[122.154,6.928],[122.28,7.295],[122.373,7.373],[122.348,7.453],[122.468,7.523],[122.444,7.609],[122.619,7.774],[122.815,7.743],[122.822,7.459],[122.917,7.548],[123.007,7.472],[123.118,7.741],[123.187,7.626],[123.141,7.513],[123.28,7.52],[123.431,7.369],[123.452,7.453],[123.354,7.572],[123.486,7.664],[123.445,7.801],[123.704,7.809],[124.065,7.603],[124.247,7.404],[124.184,7.226],[124.029,7.115],[123.965,6.832],[124.037,6.8],[124.055,6.438],[124.202,6.222],[124.964,5.859],[125.089,5.885],[125.158,6.109],[125.251,6.093],[125.278,5.979],[125.181,5.798],[125.371,5.573],[125.699,6.04],[125.59,6.499],[125.406,6.589],[125.378,6.674],[125.51,7.016],[125.644,7.099],[125.668,7.257],[125.853,7.336],[125.983,6.921],[126.079,6.843],[126.095,6.514],[126.2,6.283],[126.257,6.745],[126.172,6.904],[126.243,6.919],[126.34,6.787],[126.31,6.949],[126.466,7.003],[126.612,7.258],[126.569,7.301]]],[[[125.295,9.971],[125.137,10.166],[125.274,9.919],[125.295,9.971]]],[[[124.38,10.691],[124.284,10.604],[124.378,10.628],[124.38,10.691]]],[[[124.466,10.714],[124.409,10.648],[124.509,10.642],[124.466,10.714]]],[[[125.822,10.735],[125.687,10.805],[125.769,10.7],[125.822,10.735]]],[[[119.632,11.07],[119.58,11.098],[119.613,11.008],[119.632,11.07]]],[[[124.6,11.563],[124.523,11.686],[124.349,11.68],[124.473,11.474],[124.609,11.487],[124.6,11.563]]],[[[124.815,11.632],[124.733,11.722],[124.832,11.536],[124.815,11.632]]],[[[122.297,18.404],[122.235,18.515],[122.153,18.519],[121.987,18.29],[121.645,18.369],[121.65,18.314],[121.107,18.643],[120.927,18.566],[120.813,18.645],[120.771,18.561],[120.561,18.487],[120.579,18.325],[120.334,17.556],[120.444,17.389],[120.434,16.982],[120.276,16.612],[120.402,16.206],[120.367,16.066],[120.299,16.017],[120.119,16.056],[120.088,16.157],[119.902,16.251],[119.892,16.387],[119.802,16.358],[119.756,16.203],[119.756,15.945],[119.854,15.949],[119.895,15.874],[119.867,15.743],[119.964,15.514],[119.888,15.429],[120.005,15.269],[120.08,14.804],[120.176,14.757],[120.209,14.88],[120.292,14.826],[120.253,14.699],[120.467,14.421],[120.598,14.506],[120.536,14.723],[120.586,14.903],[120.594,14.818],[120.621,14.873],[120.642,14.787],[120.841,14.761],[120.937,14.667],[120.97,14.502],[120.573,14.175],[120.663,13.775],[120.705,13.927],[120.877,13.912],[120.887,13.694],[121.004,13.781],[121.039,13.633],[121.279,13.595],[121.464,13.695],[121.485,13.852],[121.725,13.969],[122.369,13.55],[122.588,13.174],[122.691,13.229],[122.673,13.379],[122.567,13.564],[122.636,13.537],[122.498,13.652],[122.51,13.82],[122.413,13.948],[122.537,13.961],[122.863,13.695],[122.815,13.654],[122.859,13.606],[123.169,13.449],[123.301,13.236],[123.31,13.012],[123.441,13.037],[123.605,12.893],[123.698,12.931],[123.725,12.845],[123.893,12.975],[124.025,12.955],[124.002,12.88],[123.794,12.831],[123.879,12.645],[124.055,12.537],[124.185,13.057],[124.082,13.01],[123.883,13.146],[123.746,13.064],[123.768,13.224],[123.856,13.229],[123.527,13.606],[123.57,13.723],[123.966,13.715],[123.938,13.784],[123.712,13.934],[123.681,13.885],[123.445,13.962],[123.417,13.906],[123.332,14.1],[123.218,13.993],[123.29,13.935],[123.335,13.982],[123.302,13.789],[123.108,13.722],[123.05,13.776],[123.042,14.098],[122.68,14.351],[122.644,14.285],[122.416,14.325],[122.3,14.092],[122.264,14.247],[122.163,14.168],[122.314,14.016],[122.183,13.989],[122.232,13.906],[121.936,13.995],[121.732,14.188],[121.608,14.63],[121.725,14.731],[121.391,15.266],[121.39,15.378],[121.629,15.661],[121.567,15.916],[122.135,16.261],[121.998,16.031],[122.204,16.237],[122.204,16.435],[122.529,17.091],[122.417,17.146],[122.415,17.319],[122.251,17.36],[122.157,17.619],[122.17,18.1],[122.307,18.251],[122.297,18.404]]],[[[120.252,5.267],[120.188,5.345],[119.822,5.131],[119.819,5.06],[119.954,5.076],[120.121,5.218],[120.217,5.115],[120.252,5.267]]],[[[120.588,6.381],[120.495,6.249],[120.577,6.252],[120.588,6.381]]],[[[122.297,6.633],[122.067,6.741],[121.807,6.619],[121.962,6.405],[122.189,6.451],[122.235,6.571],[122.335,6.603],[122.297,6.633]]],[[[117.085,8.058],[116.962,8.062],[117.01,7.8],[117.087,7.872],[117.085,8.058]]],[[[117.325,8.323],[117.29,8.184],[117.36,8.219],[117.325,8.323]]],[[[124.784,9.2],[124.709,9.25],[124.636,9.182],[124.77,9.077],[124.784,9.2]]],[[[123.698,9.165],[123.642,9.294],[123.471,9.185],[123.632,9.098],[123.698,9.165]]],[[[126.166,9.829],[126.071,10.059],[125.966,9.85],[126.049,9.755],[126.166,9.829]]],[[[124.565,9.871],[124.578,10.034],[124.397,10.152],[124.223,10.152],[123.886,9.915],[123.801,9.758],[123.938,9.617],[124.294,9.607],[124.5,9.768],[124.596,9.737],[124.565,9.871]]],[[[125.72,9.912],[125.638,10.46],[125.522,10.317],[125.495,10.109],[125.597,10.09],[125.664,9.889],[125.72,9.912]]],[[[119.95,10.604],[119.838,10.638],[119.753,10.54],[119.789,10.457],[119.915,10.481],[119.909,10.556],[119.984,10.531],[119.95,10.604]]],[[[122.711,10.735],[122.67,10.762],[122.537,10.607],[122.482,10.503],[122.537,10.419],[122.687,10.506],[122.711,10.735]]],[[[123.574,10.831],[123.522,10.92],[123.26,10.995],[122.994,10.907],[122.972,10.721],[122.815,10.515],[122.873,10.1],[122.708,9.986],[122.475,9.974],[122.395,9.843],[122.403,9.699],[122.552,9.491],[122.845,9.347],[123.033,9.035],[123.23,9.108],[123.318,9.257],[123.321,9.343],[123.136,9.553],[123.157,9.868],[123.574,10.831]]],[[[124.047,10.834],[124.055,11.064],[124,11.077],[124.046,11.277],[123.723,10.494],[123.387,9.974],[123.328,9.408],[123.48,9.549],[123.653,10.064],[124.015,10.372],[124.047,10.834]]],[[[123.801,11.179],[123.746,11.292],[123.734,11.154],[123.801,11.179]]],[[[119.672,10.553],[119.654,10.675],[119.591,10.672],[119.603,10.824],[119.505,10.885],[119.518,11.012],[119.572,11.015],[119.502,11.423],[119.388,11.187],[119.415,11.056],[119.335,11.103],[119.32,11.001],[119.468,10.733],[119.222,10.942],[119.345,10.724],[119.278,10.508],[119.135,10.388],[119.12,10.488],[119.072,10.392],[119.002,10.398],[119.025,10.31],[118.816,10.189],[118.832,10.084],[118.779,10.056],[118.772,10.131],[118.134,9.343],[118.003,9.233],[117.904,9.261],[117.762,9.078],[117.656,9.058],[117.264,8.61],[117.191,8.338],[117.345,8.471],[117.513,8.507],[117.566,8.661],[117.755,8.69],[118.014,8.888],[118.137,9.131],[118.365,9.193],[118.756,9.668],[118.701,9.776],[118.778,9.734],[118.774,9.934],[119.196,10.056],[119.286,10.261],[119.576,10.381],[119.725,10.519],[119.672,10.553]]],[[[119.867,11.516],[119.716,11.46],[119.833,11.378],[119.867,11.516]]],[[[125.274,10.323],[125.194,10.603],[125.014,10.755],[125.042,11.248],[124.974,11.277],[124.976,11.392],[124.846,11.433],[124.63,11.304],[124.301,11.543],[124.404,11.303],[124.396,10.934],[124.514,10.874],[124.622,11.002],[124.779,10.821],[124.78,10.152],[125.032,10.02],[124.991,10.381],[125.151,10.185],[125.141,10.279],[125.26,10.261],[125.274,10.323]]],[[[123.17,11.481],[123.122,11.509],[123.164,11.598],[122.901,11.438],[122.945,11.522],[122.83,11.605],[122.725,11.612],[122.622,11.509],[122.377,11.733],[121.964,11.934],[121.897,11.894],[121.854,11.769],[122.084,11.725],[122.107,11.658],[122.045,11.017],[121.937,10.776],[121.95,10.433],[122.227,10.642],[122.59,10.699],[122.631,10.774],[122.745,10.796],[122.789,10.976],[123.131,11.183],[123.17,11.481]]],[[[120.025,11.893],[119.92,11.982],[119.854,11.954],[119.929,11.776],[120.005,11.783],[119.967,11.664],[120.08,11.789],[120.025,11.893]]],[[[120.347,12.029],[120.23,12.219],[120.196,12.112],[119.885,12.323],[119.922,12.277],[119.848,12.167],[119.895,12.208],[120.001,12.011],[120.114,11.967],[120.142,12.029],[120.347,12.029]]],[[[122.688,12.403],[122.632,12.485],[122.423,12.463],[122.612,12.277],[122.688,12.403]]],[[[125.713,11.149],[125.629,11.236],[125.555,11.212],[125.638,11.368],[125.466,11.612],[125.446,11.947],[125.525,12.057],[125.459,12.126],[125.538,12.184],[125.315,12.296],[125.35,12.399],[125.272,12.499],[125.166,12.578],[125.05,12.529],[124.877,12.591],[124.877,12.533],[124.679,12.516],[124.283,12.571],[124.493,12.098],[124.68,12.03],[124.892,11.761],[125.044,11.758],[124.978,11.593],[124.828,11.509],[125.007,11.426],[125.001,11.29],[125.172,11.265],[125.247,11.092],[125.317,11.15],[125.425,11.09],[125.652,11.149],[125.761,11.023],[125.713,11.149]]],[[[124.055,11.8],[124,12.008],[124.05,11.971],[123.89,12.208],[123.795,12.247],[123.794,12.187],[123.434,12.519],[123.326,12.438],[123.356,12.549],[123.235,12.593],[123.273,12.424],[123.218,12.228],[123.295,12.217],[123.16,11.918],[123.485,12.218],[123.733,12.008],[123.743,11.927],[123.856,11.913],[124.055,11.726],[124.055,11.8]]],[[[122.115,12.666],[121.996,12.593],[121.924,12.339],[122.012,12.105],[122.156,12.632],[122.115,12.666]]],[[[123.787,12.376],[123.733,12.591],[123.609,12.687],[123.583,12.624],[123.787,12.376]]],[[[123.28,12.865],[123.04,13.128],[122.945,13.111],[122.974,13.019],[123.376,12.694],[123.28,12.865]]],[[[121.526,12.704],[121.483,13.015],[121.553,13.111],[121.436,13.146],[121.197,13.441],[121.122,13.372],[120.977,13.53],[120.755,13.467],[120.322,13.488],[120.328,13.397],[120.452,13.42],[120.515,13.231],[120.665,13.156],[120.798,12.729],[120.912,12.635],[120.981,12.423],[121.143,12.31],[121.101,12.331],[121.114,12.251],[121.245,12.214],[121.355,12.324],[121.396,12.29],[121.438,12.522],[121.546,12.611],[121.526,12.704]]],[[[122.102,13.417],[121.998,13.551],[121.859,13.566],[121.814,13.352],[122.009,13.205],[122.102,13.417]]],[[[120.261,13.712],[120.238,13.805],[120.086,13.861],[120.108,13.777],[120.261,13.712]]],[[[124.418,13.873],[124.308,13.906],[124.216,14.086],[124.137,14.078],[124.047,13.606],[124.188,13.523],[124.252,13.599],[124.335,13.558],[124.418,13.873]]],[[[122.105,14.103],[121.927,14.221],[122.177,14.007],[122.105,14.103]]],[[[122.235,14.798],[122.106,14.844],[122.242,14.736],[122.235,14.798]]],[[[122.005,15.011],[121.826,15.012],[121.94,14.64],[122.024,14.723],[121.968,14.903],[122.058,14.983],[122.005,15.011]]],[[[121.388,18.903],[121.279,18.862],[121.478,18.882],[121.388,18.903]]],[[[121.971,18.985],[121.872,18.971],[121.847,18.824],[121.971,18.985]]],[[[121.526,19.321],[121.517,19.394],[121.351,19.376],[121.498,19.259],[121.526,19.321]]],[[[121.977,19.577],[121.897,19.557],[121.961,19.492],[121.977,19.577]]],[[[121.877,20.77],[121.856,20.838],[121.786,20.703],[121.877,20.77]]],[[[119.483,4.851],[119.435,4.903],[119.457,4.656],[119.483,4.851]]],[[[121.382,6.006],[121.218,5.999],[121.042,6.097],[120.872,5.961],[120.934,5.886],[121.228,5.942],[121.292,5.859],[121.419,5.948],[121.382,6.006]]],[[[121.094,10.896],[121.018,10.834],[121.087,10.823],[121.094,10.896]]],[[[120.285,11.93],[120.203,11.948],[120.268,11.816],[120.285,11.93]]],[[[121.406,12.062],[121.359,12.115],[121.384,12.001],[121.406,12.062]]],[[[119.797,5.058],[119.798,5.121],[119.746,5.044],[119.797,5.058]]],[[[125.419,5.425],[125.334,5.388],[125.419,5.368],[125.419,5.425]]],[[[123.841,9.642],[123.726,9.587],[123.805,9.56],[123.841,9.642]]],[[[121.474,11.867],[121.413,11.84],[121.526,11.847],[121.474,11.867]]],[[[124.149,13.186],[124.21,13.196],[124.066,13.211],[124.149,13.186]]],[[[124.086,13.26],[123.912,13.289],[124.025,13.222],[124.086,13.26]]],[[[123.89,13.274],[123.922,13.33],[123.849,13.354],[123.874,13.23],[123.89,13.274]]],[[[120.005,16.269],[119.973,16.351],[119.926,16.295],[120.005,16.269]]],[[[123.992,10.324],[123.933,10.254],[124.044,10.324],[123.992,10.324]]]]}},{"type":"Feature","properties":{"id":"RUS"},"geometry":{"type":"MultiPolygon","coordinates":[[[[87.816,49.166],[88.144,49.271],[88.2,49.454],[88.616,49.493],[88.871,49.436],[88.868,49.538],[88.975,49.456],[89.195,49.522],[89.216,49.634],[89.372,49.582],[89.702,49.72],[89.668,49.927],[89.969,49.967],[90.021,50.071],[90.475,50.215],[90.684,50.216],[91.012,50.425],[91.416,50.461],[91.75,50.684],[92.159,50.689],[92.361,50.868],[92.65,50.674],[92.796,50.788],[92.962,50.778],[93.105,50.599],[94.259,50.558],[94.354,50.224],[94.603,50.02],[94.922,50.046],[95.076,49.946],[95.501,49.887],[95.828,50.02],[95.946,49.938],[96.056,49.999],[96.585,49.858],[96.702,49.914],[96.969,49.887],[97.153,49.75],[97.343,49.734],[97.574,49.847],[97.567,49.917],[97.83,49.923],[98.048,50.023],[98.262,50.284],[98.293,50.519],[98.038,50.623],[97.985,50.847],[97.806,51.001],[98.04,51.457],[98.22,51.475],[98.332,51.718],[98.683,51.819],[98.886,52.129],[99.324,51.934],[99.71,51.881],[99.918,51.749],[100.511,51.727],[101.35,51.45],[102.075,51.375],[102.193,51.307],[102.147,51.098],[102.303,50.564],[102.887,50.315],[103.202,50.297],[103.277,50.198],[103.601,50.134],[103.785,50.186],[104.122,50.148],[104.406,50.301],[105.329,50.476],[105.985,50.4],[106.222,50.292],[106.657,50.327],[107.192,50.006],[107.947,49.933],[107.927,49.67],[108.538,49.327],[109.287,49.339],[110.181,49.162],[110.371,49.242],[110.731,49.138],[111.338,49.365],[112.03,49.412],[112.473,49.534],[112.777,49.501],[113.061,49.596],[113.183,49.802],[113.58,50.02],[114.286,50.277],[114.754,50.236],[115.388,49.891],[115.716,49.878],[116.218,50.014],[116.575,49.922],[116.684,49.823],[117.058,49.673],[117.837,49.509],[118.644,49.955],[119.209,50.015],[119.338,50.124],[119.364,50.319],[119.138,50.393],[119.497,50.737],[119.518,50.905],[119.741,51.072],[120.1,51.66],[120.648,51.911],[120.779,52.118],[120.626,52.347],[120.724,52.542],[120.454,52.639],[120.079,52.59],[120.033,52.761],[120.874,53.28],[121.203,53.277],[122.317,53.496],[122.86,53.474],[123.253,53.568],[123.542,53.514],[123.614,53.563],[124.87,53.108],[124.898,53.186],[125.074,53.212],[125.621,53.062],[125.734,52.982],[125.646,52.885],[125.837,52.907],[125.977,52.765],[126.088,52.775],[125.991,52.586],[126.212,52.533],[126.344,52.391],[126.316,52.316],[126.439,52.275],[126.317,52.2],[126.556,52.131],[126.439,51.998],[126.726,51.709],[126.677,51.577],[126.909,51.391],[126.809,51.289],[126.87,51.252],[126.972,51.324],[126.932,51.064],[127.287,50.751],[127.331,50.328],[127.591,50.209],[127.487,50.026],[127.539,49.79],[127.855,49.585],[128.198,49.539],[128.672,49.611],[128.802,49.565],[128.76,49.471],[128.998,49.441],[129.115,49.349],[129.218,49.391],[129.341,49.341],[129.379,49.425],[129.481,49.421],[129.552,49.29],[129.711,49.274],[129.926,49.026],[130.202,48.883],[130.674,48.871],[130.53,48.616],[130.626,48.482],[130.759,48.486],[130.824,48.294],[130.675,48.064],[130.907,47.884],[130.966,47.704],[131.441,47.741],[131.603,47.662],[132.525,47.708],[132.675,47.951],[132.806,47.936],[133.092,48.107],[133.524,48.095],[133.738,48.251],[134.386,48.381],[134.719,48.263],[134.559,48.01],[134.773,47.711],[134.557,47.471],[134.184,47.328],[134.227,47.118],[134.069,46.981],[134.015,46.665],[133.846,46.471],[133.934,46.391],[133.902,46.259],[133.687,46.142],[133.658,45.935],[133.477,45.82],[133.477,45.628],[133.18,45.494],[133.115,45.123],[132.921,45.028],[131.969,45.234],[131.853,45.338],[131.434,44.961],[130.933,44.842],[131.264,44.054],[131.161,43.533],[131.281,43.38],[131.078,43.032],[131.103,42.91],[130.407,42.735],[130.572,42.622],[130.531,42.53],[130.704,42.295],[130.873,42.528],[130.661,42.643],[130.721,42.7],[130.95,42.653],[130.815,42.634],[130.89,42.6],[131.12,42.667],[131.22,42.555],[131.273,42.777],[131.472,42.873],[131.394,42.945],[131.565,42.996],[131.816,43.337],[131.968,43.271],[132.052,43.315],[131.85,43.1],[131.93,43.07],[132.346,43.298],[132.312,42.845],[132.404,42.942],[132.578,42.84],[132.763,42.908],[132.816,42.756],[132.99,42.827],[133.079,42.75],[133.024,42.699],[133.158,42.688],[133.593,42.853],[133.717,42.817],[133.927,42.883],[134.194,43.08],[135.128,43.501],[135.182,43.711],[135.426,43.763],[135.519,43.881],[135.464,43.95],[135.624,44.038],[135.838,44.363],[136.165,44.497],[136.307,44.744],[136.444,44.785],[136.811,45.193],[137.671,45.795],[138.1,46.228],[138.563,47.03],[138.969,47.318],[139.262,47.788],[140.177,48.462],[140.213,48.767],[140.398,48.993],[140.219,49.014],[140.344,49.047],[140.336,49.288],[140.436,49.294],[140.561,49.575],[140.415,49.875],[140.691,50.08],[140.523,50.151],[140.442,50.53],[140.53,50.862],[140.707,51.032],[140.686,51.313],[140.874,51.372],[140.8,51.454],[140.915,51.624],[141.426,51.925],[141.303,52.022],[141.355,52.106],[141.556,52.162],[141.128,52.423],[141.316,52.659],[141.201,52.777],[141.261,52.852],[140.707,53.111],[141.189,52.987],[141.433,53.149],[141.407,53.304],[140.931,53.436],[140.95,53.489],[141.098,53.475],[140.581,53.639],[140.257,53.869],[140.331,53.97],[140.241,54.057],[139.816,54.215],[139.768,54.304],[139.302,54.191],[138.644,54.297],[138.772,54.016],[138.439,53.514],[138.216,53.492],[138.58,53.828],[138.579,53.999],[138.15,53.673],[137.335,53.529],[137.218,53.601],[137.488,53.671],[137.863,53.968],[137.591,53.956],[137.308,54.118],[137.437,54.146],[137.484,54.085],[137.736,54.321],[137.395,54.308],[137.061,54.146],[137.291,54.036],[137.186,53.851],[137.108,53.808],[136.958,53.858],[136.764,53.775],[136.659,53.935],[136.814,54.159],[136.739,54.414],[136.841,54.432],[136.823,54.648],[136.681,54.615],[136.662,54.685],[136.535,54.596],[135.75,54.571],[135.654,54.666],[135.244,54.701],[135.173,54.821],[135.265,54.928],[136.162,55.318],[136.43,55.565],[137.391,55.946],[138.069,56.438],[138.223,56.424],[138.13,56.586],[138.454,56.839],[138.55,56.86],[138.582,56.785],[138.623,56.959],[138.885,57.019],[139.114,57.234],[139.79,57.483],[140.035,57.713],[140.496,57.845],[140.904,58.383],[141.584,58.618],[142.262,59.125],[143.165,59.381],[143.494,59.319],[143.904,59.423],[145.001,59.37],[145.957,59.417],[145.825,59.241],[146.05,59.139],[146.323,59.18],[146.319,59.402],[146.504,59.463],[147.546,59.238],[147.591,59.304],[147.826,59.27],[147.845,59.377],[148.219,59.409],[148.394,59.379],[148.437,59.262],[148.935,59.233],[148.99,59.375],[148.736,59.368],[148.743,59.472],[148.846,59.553],[148.892,59.467],[149.212,59.469],[149.041,59.643],[149.375,59.772],[150.306,59.646],[150.601,59.541],[150.774,59.562],[150.504,59.489],[150.766,59.484],[150.78,59.432],[150.942,59.461],[150.907,59.559],[151.396,59.604],[151.666,59.459],[151.734,59.307],[152.137,59.296],[152.322,59.207],[151.102,59.114],[151.354,58.833],[152.02,58.875],[152.363,59.06],[152.557,58.95],[152.9,58.904],[153.007,59.061],[153.337,59.09],[153.369,59.241],[153.648,59.191],[153.769,59.247],[153.692,59.185],[154.049,59.053],[154.358,59.111],[154.438,59.216],[154.791,59.131],[154.813,59.194],[155.194,59.176],[155.21,59.344],[154.963,59.496],[154.429,59.547],[154.516,59.41],[154.402,59.535],[154.298,59.443],[154.138,59.457],[154.22,59.664],[154.368,59.575],[154.221,59.87],[154.473,59.879],[154.408,60.063],[154.564,60.094],[154.488,59.946],[154.952,60.367],[155.914,60.704],[155.943,60.923],[156.374,61.149],[156.655,61.197],[156.67,61.516],[156.924,61.552],[157.028,61.651],[157.365,61.685],[157.537,61.792],[158.08,61.734],[158.26,61.826],[158.837,61.821],[159.118,61.917],[159.36,61.893],[159.478,61.764],[159.566,61.817],[159.577,61.653],[159.881,61.705],[160.346,61.945],[160.414,61.765],[160.259,61.69],[160.285,61.554],[160.035,61.459],[159.996,61.284],[159.776,61.242],[159.943,61.244],[160,61.106],[159.798,60.931],[160.444,61.036],[160.17,60.825],[160.186,60.578],[160.431,60.749],[160.47,60.699],[160.687,60.76],[160.792,60.718],[160.915,60.9],[161.807,61.372],[161.89,61.336],[161.888,61.431],[161.986,61.373],[162.417,61.676],[162.775,61.594],[162.623,61.659],[162.839,61.708],[163.017,61.517],[163.327,61.658],[162.977,61.8],[163.193,62.067],[163.091,62.227],[163.369,62.328],[163.168,62.432],[163.399,62.576],[163.908,62.584],[164.447,62.689],[165.11,62.485],[165.651,62.459],[165.124,62.451],[165.287,62.366],[165.297,62.323],[165.225,62.383],[164.739,62.46],[164.538,62.451],[164.127,62.262],[164.045,61.683],[163.866,61.647],[163.751,61.443],[163.952,61.435],[164.029,61.347],[163.487,61.002],[163.774,60.919],[163.728,60.868],[163.436,60.832],[163.315,60.722],[163.325,60.805],[162.917,60.76],[162.754,60.646],[161.939,60.417],[161.897,60.203],[160.847,59.618],[160.497,59.552],[160.336,59.361],[159.803,59.096],[159.728,58.883],[159.194,58.542],[159.237,58.468],[159.153,58.508],[158.247,58.052],[158.338,57.953],[158.225,58.025],[157.64,58.025],[157.47,57.804],[157.242,57.77],[156.981,57.857],[156.801,57.773],[156.976,57.391],[156.684,57.048],[156.552,57.109],[156.461,56.948],[156.064,56.716],[156.125,56.832],[155.947,56.622],[155.653,55.921],[155.61,54.895],[156.111,52.935],[156.266,52.598],[156.447,52.511],[156.372,52.447],[156.282,52.529],[156.439,52.216],[156.524,51.312],[156.762,51.078],[156.67,50.864],[157.476,51.361],[157.537,51.486],[157.913,51.631],[158.287,51.968],[158.39,52.226],[158.558,52.313],[158.543,52.421],[158.421,52.412],[158.53,52.488],[158.421,52.659],[158.565,52.647],[158.5,52.779],[158.647,52.899],[158.436,52.92],[158.438,53.025],[158.592,53.062],[158.709,52.892],[159.164,53.135],[159.825,53.283],[159.771,53.204],[160.059,53.097],[159.791,53.516],[159.949,53.475],[159.931,53.645],[159.915,53.591],[159.818,53.66],[160.053,54.176],[160.741,54.535],[161.151,54.597],[161.312,54.49],[161.724,54.509],[162.109,54.743],[162.152,54.863],[161.813,55.179],[161.764,55.555],[162.057,56.069],[162.593,56.268],[162.414,56.384],[162.683,56.484],[162.91,56.426],[163.02,56.538],[163.085,56.461],[162.557,56.228],[163.051,56.005],[163.118,56.106],[163.366,56.181],[163.239,56.733],[162.967,56.704],[162.784,56.763],[162.8,57.346],[163.075,57.461],[163.33,57.709],[163.219,57.813],[162.69,57.97],[162.53,57.937],[162.522,57.754],[162.355,57.689],[162.456,57.784],[162.082,57.882],[161.993,58.087],[162.405,58.654],[162.788,58.832],[162.677,58.874],[162.89,58.979],[162.878,58.906],[163.069,58.968],[162.883,59.133],[163.074,59.142],[163.164,59.034],[163.262,59.081],[163.067,59.234],[163.313,59.288],[163.18,59.558],[163.39,59.632],[163.362,59.827],[163.794,59.991],[163.683,59.974],[163.629,60.047],[164.205,59.998],[164.042,59.908],[164.19,59.854],[164.118,59.941],[164.489,60.111],[164.839,59.787],[165.212,59.991],[164.999,60.135],[165.192,60.17],[165.229,60.097],[165.445,60.259],[165.671,60.252],[166.212,60.457],[165.941,60.366],[166.013,60.44],[166.373,60.499],[166.103,59.909],[166.11,59.827],[166.245,59.831],[167.048,60.328],[167.025,60.428],[167.192,60.355],[167.374,60.406],[167.336,60.471],[167.592,60.445],[167.768,60.553],[169.167,60.567],[169.214,60.629],[169.693,60.416],[169.755,60.276],[169.975,60.232],[169.844,60.211],[169.936,60.076],[170.265,59.92],[170.401,59.966],[170.502,60.273],[170.662,60.332],[170.516,60.451],[170.717,60.428],[170.751,60.529],[171.179,60.559],[171.372,60.643],[171.396,60.783],[171.413,60.69],[171.633,60.745],[171.537,60.807],[171.949,60.848],[171.958,60.953],[172.047,60.861],[172.201,60.976],[172.009,61.101],[172.263,61.015],[172.476,61.056],[172.263,61.115],[172.434,61.143],[172.338,61.211],[172.647,61.191],[172.767,61.263],[172.668,61.334],[172.895,61.278],[172.931,61.352],[172.716,61.431],[172.897,61.472],[173.128,61.397],[173.481,61.555],[173.545,61.749],[173.805,61.65],[174.107,61.78],[174.073,61.842],[174.69,61.861],[174.6,61.985],[174.765,61.917],[175.23,62.044],[175.258,62.169],[175.395,62.123],[175.306,62.075],[176.279,62.317],[176.662,62.535],[177.239,62.57],[176.928,62.673],[176.992,62.869],[177.189,62.71],[177.458,62.815],[177.307,62.582],[178.061,62.541],[179.074,62.287],[179.116,62.472],[179.384,62.521],[179.609,62.706],[179.512,62.873],[179.25,62.985],[179.386,63.161],[178.809,63.35],[178.848,63.404],[179.006,63.321],[178.777,63.595],[178.838,63.435],[178.699,63.386],[178.595,63.411],[178.711,63.57],[178.269,63.565],[178.531,63.644],[178.705,63.596],[178.609,63.676],[178.759,63.623],[178.643,64.001],[178.639,63.946],[178.383,63.973],[178.484,64.071],[178.589,64.035],[178.2,64.44],[178.283,64.354],[178.075,64.254],[178.184,64.206],[177.813,64.254],[177.454,64.421],[177.362,64.548],[177.492,64.768],[176.986,64.711],[176.743,64.571],[176.458,64.692],[176.114,64.542],[176.424,64.71],[176.082,64.919],[175.712,64.775],[174.442,64.692],[175.715,64.794],[176.046,64.963],[176.436,64.811],[176.626,64.868],[177.204,64.795],[177.298,64.838],[176.959,65.047],[176.546,65.001],[176.306,65.055],[176.937,65.083],[177.433,64.929],[177.389,64.836],[177.602,64.726],[178.218,64.658],[178.75,64.692],[178.562,64.592],[179.479,64.823],[180,65.066],[180,65.069],[180,65.568],[180,66.066],[180,66.565],[180,67.064],[180,67.562],[180,68.061],[180,68.56],[180,68.981],[179.692,69.016],[179.548,69.113],[179.959,68.996],[179.306,69.258],[178.709,69.287],[178.666,69.383],[179.068,69.331],[176.735,69.675],[176.242,69.774],[176.128,69.894],[175.782,69.885],[176.146,69.84],[175.997,69.769],[175.53,69.856],[175.716,69.881],[173.928,69.845],[173.279,69.942],[173.173,69.881],[173.254,69.919],[173.479,69.836],[173.198,69.783],[172.725,69.981],[170.482,70.142],[170.592,69.765],[170.161,69.613],[170.606,69.59],[171.159,69.044],[170.68,68.94],[170.728,68.822],[170.633,68.918],[170.449,68.863],[170.625,68.749],[170.351,68.828],[169.625,68.777],[169.371,69.077],[168.288,69.243],[168.254,69.544],[167.802,69.775],[166.894,69.496],[165.675,69.596],[164.834,69.567],[164.027,69.774],[163.585,69.684],[162.327,69.702],[161.436,69.38],[161.574,68.921],[161.134,68.561],[160.821,68.527],[161.107,68.605],[161.415,68.982],[160.963,69.106],[160.926,69.642],[160.319,69.654],[160.256,69.719],[159.769,69.762],[159.692,69.911],[159.915,70.099],[159.689,70.134],[159.938,70.128],[160.094,70.31],[159.843,70.582],[159.238,70.829],[157.989,71.048],[155.936,71.099],[155.605,71.066],[155.53,70.976],[155.48,71.062],[152.541,70.791],[151.681,70.976],[152.137,71.017],[151.591,71.31],[151.033,71.394],[150.595,71.278],[150.657,71.39],[150.409,71.285],[150.047,71.21],[150.515,71.346],[150.635,71.515],[149.868,71.462],[150.102,71.595],[149.953,71.67],[148.827,71.675],[149.039,71.758],[148.834,71.812],[149.149,71.771],[149.369,71.904],[149.67,71.771],[150.056,71.867],[149.611,72.148],[148.402,72.311],[147.196,72.33],[146.157,71.821],[145.333,71.661],[144.893,71.675],[144.886,71.771],[145.216,71.843],[144.971,71.98],[145.329,71.871],[145.806,71.929],[145.613,72.244],[145.88,72.219],[145.968,72.07],[146.079,72.17],[146.347,72.128],[145.993,72.03],[145.972,71.856],[146.929,72.313],[145.069,72.264],[144.478,72.17],[144.105,72.278],[144.521,72.225],[144.943,72.438],[145.372,72.346],[146.854,72.354],[144.304,72.642],[142.232,72.702],[140.726,72.899],[140.583,72.868],[141.111,72.587],[140.577,72.496],[139.542,72.498],[139.089,72.237],[139.35,72.134],[139.257,72.179],[139.533,72.164],[139.561,72.232],[140.197,72.214],[140.132,72.154],[139.874,72.178],[139.635,71.955],[139.336,71.95],[139.809,71.861],[139.735,71.672],[140.033,71.472],[139.443,71.495],[139.192,71.415],[138.756,71.643],[138.438,71.539],[138.5,71.613],[138.099,71.581],[137.829,71.387],[138.363,71.319],[137.996,71.302],[138.24,71.278],[138.067,71.225],[137.739,71.229],[138.065,71.15],[137.813,71.12],[137.526,71.22],[137.705,71.285],[137.532,71.246],[137.492,71.347],[136.775,71.523],[136.547,71.477],[136.444,71.576],[135.622,71.623],[135.423,71.531],[134.81,71.482],[134.669,71.264],[134.609,71.403],[133.909,71.399],[133.152,71.579],[132.715,71.811],[133.031,71.955],[133.354,71.834],[133.341,71.886],[133.066,71.971],[132.718,71.946],[132.092,71.498],[131.942,71.267],[132.188,71.216],[131.851,71.208],[131.546,70.887],[131.042,70.739],[130.769,70.978],[130.62,70.866],[130.167,70.969],[130.08,71.083],[129.626,71.086],[129.665,71.253],[129.164,71.606],[128.875,71.597],[128.82,71.658],[129.305,71.761],[129.544,71.723],[129.041,72.019],[129.184,71.809],[128.927,71.739],[128.249,72.205],[127.747,72.326],[127.791,72.438],[128.934,72.073],[129.489,72.128],[129.242,72.134],[129.564,72.231],[129.358,72.263],[129.501,72.332],[129.258,72.464],[128.611,72.483],[127.905,72.667],[128.479,72.725],[129.198,72.655],[129.308,72.717],[128.129,72.786],[128.291,72.909],[129.479,72.979],[129.114,73.122],[128.777,73.071],[128.961,73.19],[128.235,73.265],[128.365,73.354],[127.96,73.347],[127.988,73.471],[126.858,73.533],[126.932,73.43],[126.563,73.382],[126.565,73.233],[126.42,73.409],[126.158,73.382],[126.171,73.459],[126.391,73.464],[126.288,73.557],[125.941,73.428],[125.948,73.541],[125.563,73.409],[125.652,73.525],[125.198,73.551],[125.137,73.704],[124.987,73.628],[124.383,73.806],[124.06,73.685],[123.877,73.773],[123.974,73.627],[123.646,73.603],[123.569,73.716],[123.246,73.546],[123.417,73.444],[123.218,73.409],[123.664,73.17],[123.401,73.174],[123.191,72.922],[122.465,73.019],[122.953,72.892],[122.321,72.95],[122.623,72.828],[121.791,72.977],[121.055,72.932],[119.783,73.018],[120.534,72.874],[119.722,72.959],[119.535,73.055],[118.394,73.238],[118.467,73.478],[118.998,73.491],[118.45,73.589],[115.413,73.71],[114.675,73.593],[114.109,73.6],[113.467,73.505],[113.775,73.356],[114.036,73.347],[113.562,73.253],[113.542,72.977],[113.158,72.823],[113.391,72.681],[114.09,72.601],[113.497,72.645],[113.177,72.733],[113.118,72.861],[113.487,72.964],[113.498,73.336],[113.131,73.45],[113.428,73.634],[112.847,73.995],[112.945,73.79],[112.372,73.705],[111.295,73.869],[111.198,73.978],[111.536,74.051],[111.126,74.03],[110.959,73.909],[110.022,74.014],[109.536,73.821],[109.674,73.678],[110.664,73.787],[110.918,73.766],[110.899,73.686],[109.714,73.453],[109.194,73.552],[109.417,73.416],[109.209,73.469],[109.221,73.387],[108.241,73.301],[108.317,73.222],[106.776,73.141],[106.333,73.19],[106.224,72.977],[107.103,72.856],[106.657,72.832],[106.036,72.953],[105.483,72.768],[105.073,72.765],[105.834,73.002],[106.063,73.273],[106.785,73.341],[107.147,73.618],[108.067,73.635],[108.996,74.016],[109.797,74.162],[109.968,74.305],[109.561,74.314],[110.212,74.372],[110.332,74.496],[110.96,74.548],[111.403,74.691],[111.772,74.669],[112.147,74.878],[112.88,74.993],[113.72,75.41],[113.267,75.651],[112.814,75.557],[112.871,75.711],[112.337,75.848],[113.068,75.683],[113.617,75.656],[113.556,75.54],[113.89,75.854],[113.781,75.939],[113.481,75.856],[113.259,76.266],[112.932,76.26],[113.303,76.116],[113.059,76.164],[112.962,76.065],[112.602,76.041],[112.858,76.144],[112.501,76.239],[112.748,76.335],[112.257,76.454],[111.829,76.341],[112.199,76.472],[111.489,76.61],[111.555,76.684],[111.119,76.682],[111.09,76.762],[110.061,76.692],[109.398,76.76],[107.946,76.737],[107.845,76.535],[106.82,76.469],[106.417,76.509],[106.397,76.604],[106.598,76.556],[106.724,76.719],[107.5,76.925],[106.83,77.055],[106.755,77.001],[106.206,77.062],[105.451,76.984],[105.928,77.144],[104.142,77.089],[105.456,77.24],[105.758,77.369],[106.292,77.37],[105.874,77.569],[105.334,77.541],[104.752,77.706],[104.324,77.669],[104.061,77.736],[103.593,77.632],[103.197,77.659],[101.207,77.099],[101.206,76.986],[100.919,76.976],[100.864,76.838],[101.235,76.767],[100.878,76.555],[102.25,76.383],[101.016,76.459],[100.851,76.54],[100.304,76.462],[98.849,76.517],[99.878,76.096],[99.902,75.927],[99.571,75.78],[99.755,76.049],[99.574,76.155],[99.09,76.164],[99.235,76.224],[98.713,76.205],[98.816,76.267],[97.971,76.144],[98.161,76.091],[97.626,76.082],[97.824,75.988],[97.185,75.931],[97.251,76.043],[96.835,75.889],[96.461,75.872],[96.519,76.016],[95.74,75.856],[95.575,75.889],[96.193,76.08],[95.873,76.138],[94.573,76.16],[94.739,76.116],[94.459,76.052],[94.374,76.121],[93.686,76.132],[93.999,76.054],[93.427,76.012],[93.43,76.107],[93.121,76.096],[92.827,75.965],[93.007,75.887],[93.277,75.982],[93.419,75.873],[93.546,75.953],[93.74,75.9],[94.144,75.955],[93.801,75.884],[91.7,75.736],[91.58,75.638],[90.978,75.62],[90.887,75.671],[89.954,75.578],[90.058,75.52],[89.636,75.505],[89.704,75.444],[89.246,75.507],[87.953,75.1],[87.025,75.164],[86.919,75.076],[87.79,75.026],[87.574,74.93],[87.426,75.006],[87.173,74.985],[87.386,74.944],[87.064,74.725],[86.762,74.704],[86.958,74.609],[86.028,74.814],[86.101,74.736],[85.74,74.636],[86.782,74.561],[86.535,74.512],[87.262,74.355],[87.016,74.367],[86.993,74.27],[86.949,74.343],[86.716,74.302],[86.954,74.389],[86.475,74.458],[86.07,74.424],[86.305,74.318],[85.937,74.368],[85.974,74.276],[86.663,74.236],[86.896,74.07],[87.362,74.048],[86.94,74.033],[87.296,73.841],[87.664,73.891],[87.165,73.611],[85.882,73.496],[85.894,73.34],[86.623,73.166],[86.782,73.001],[86.663,73.122],[85.833,73.332],[85.787,73.481],[87.011,73.779],[87.08,73.872],[86.016,73.867],[85.585,73.819],[85.427,73.712],[84.793,73.765],[83.484,73.655],[81.957,73.663],[80.513,73.567],[80.677,73.505],[80.255,73.33],[80.563,73.222],[80.231,73.176],[80.569,73.142],[80.437,73.101],[80.814,72.974],[80.704,72.545],[81.208,72.355],[82.198,72.282],[82.185,72.093],[82.678,71.879],[83.361,71.841],[83.619,71.631],[83.116,71.113],[83.382,71.033],[83.775,70.477],[83.534,70.332],[82.952,70.325],[83.177,70.083],[82.644,70.181],[83.011,70.427],[83.137,70.764],[82.888,71.007],[82.877,70.917],[82.735,70.966],[82.579,70.911],[82.465,70.613],[82.157,70.572],[82.349,70.202],[82.082,70.565],[82.417,70.777],[82.208,70.987],[82.273,71.279],[83.048,71.415],[83.296,71.703],[82.867,71.786],[81.737,71.7],[81.342,71.764],[80.647,72.034],[80.835,72.083],[79.391,72.386],[78.125,72.385],[77.668,72.193],[77.442,72.21],[77.465,72.068],[78.032,72.095],[78.226,71.983],[78.11,71.88],[77.585,71.831],[76.878,72.05],[75.997,71.908],[76.272,71.573],[77.492,71.301],[77.712,71.281],[77.988,71.375],[77.928,71.257],[78.279,71.259],[78.238,71.11],[78.43,71.045],[78.346,71.1],[78.525,71.093],[78.442,70.914],[79.074,71.024],[79.04,70.937],[78.411,70.895],[77.949,70.976],[77.783,71.142],[77.005,71.184],[76.914,71.072],[76.889,71.19],[76.108,71.204],[75.263,71.366],[75.533,71.542],[75.254,71.942],[75.755,72.306],[75.556,72.498],[75.687,72.585],[75.338,72.683],[75.522,72.76],[75.037,72.882],[74.742,72.814],[75.059,72.595],[74.962,72.114],[73.526,71.822],[73.499,71.665],[73.022,71.429],[73.556,71.255],[74.321,70.659],[74.267,70.48],[73.708,70.161],[73.516,69.746],[73.9,69.421],[73.835,69.117],[74.314,69.146],[74.773,69.081],[75.107,69.104],[75.509,69.261],[76.042,69.239],[77.647,68.911],[77.787,68.515],[77.928,68.519],[78.173,68.274],[77.709,68.222],[77.537,68.129],[77.494,67.751],[77.776,67.778],[77.874,67.685],[78.4,67.637],[78.438,67.703],[78.565,67.604],[78.868,67.653],[79.052,67.571],[77.693,67.545],[77.676,67.617],[77.12,67.769],[77.305,67.91],[77.193,67.985],[77.357,68.233],[77.162,68.294],[77.326,68.523],[76.663,68.763],[76.609,68.966],[76.16,68.982],[74.481,68.721],[74.332,68.386],[74.725,68.152],[74.73,67.686],[73.9,67.296],[73.797,66.964],[72.942,66.657],[72.494,66.619],[72.318,66.528],[72.306,66.289],[71.833,66.235],[71.429,66.356],[70.363,66.334],[69.132,66.605],[68.965,66.81],[69.398,66.83],[69.598,66.789],[69.898,66.872],[70.287,66.682],[70.741,66.758],[70.295,66.638],[70.689,66.515],[70.98,66.536],[71.165,66.659],[71.577,66.659],[71.515,66.878],[71.302,66.954],[71.748,66.916],[71.995,67.056],[71.913,67.132],[72.128,67.207],[72.226,67.159],[72.048,67.303],[72.403,67.328],[72.581,67.62],[73.039,67.729],[73.114,67.69],[73.091,68.214],[73.534,68.482],[73.646,68.458],[72.571,68.951],[72.502,69.647],[72.692,69.837],[72.436,70.286],[72.771,70.425],[72.837,70.86],[72.636,71.132],[71.803,71.48],[72.345,71.708],[72.874,72.281],[72.837,72.71],[72.131,72.832],[71.886,72.797],[71.983,72.848],[71.563,72.916],[69.588,72.878],[69.795,72.964],[69.465,72.975],[68.976,72.696],[68.349,71.675],[67.588,71.415],[66.912,71.295],[66.616,71.032],[66.871,71.091],[66.608,70.881],[66.689,70.77],[67.138,70.842],[67.334,70.758],[67.094,70.221],[67.328,70.106],[67.143,69.983],[66.985,69.97],[66.978,70.058],[66.885,70.013],[66.814,69.572],[66.958,69.537],[66.855,69.637],[67.017,69.703],[67.824,69.511],[68.04,69.49],[68.107,69.549],[68.026,69.319],[68.458,68.985],[68.686,68.918],[69.219,68.962],[68.951,68.903],[69.109,68.879],[68.561,68.373],[68.651,68.318],[68.288,68.188],[68.135,68.423],[67.196,68.707],[67.09,68.856],[65.69,69.085],[65.646,69.131],[65.903,69.113],[65.068,69.268],[64.786,69.147],[64.831,69.294],[65.004,69.304],[64.128,69.55],[60.927,69.868],[60.706,69.824],[60.654,69.673],[60.233,69.665],[60.139,69.578],[60.591,69.133],[60.711,69.106],[60.777,69.177],[60.903,69.122],[60.969,68.907],[60.467,68.722],[59.811,68.688],[59.964,68.466],[59.675,68.336],[59.087,68.417],[59.056,68.62],[59.423,68.757],[58.892,68.934],[59.203,69.004],[58.301,68.91],[58.396,68.735],[58.245,68.888],[57.978,68.853],[57.93,68.751],[57.604,68.742],[57.33,68.565],[55.997,68.66],[55.393,68.564],[54.937,68.398],[54.832,68.173],[54.504,68.312],[54.203,68.21],[54.185,68.321],[53.993,68.221],[53.239,68.253],[53.327,68.351],[53.691,68.345],[53.609,68.413],[53.804,68.345],[53.932,68.391],[53.72,68.657],[54.026,68.845],[53.595,68.907],[54.561,69],[54.104,69.001],[53.437,68.918],[52.328,68.633],[52.411,68.586],[52.634,68.659],[52.491,68.592],[52.731,68.474],[52.402,68.338],[52.136,68.379],[52.361,68.475],[52.059,68.485],[52.177,68.582],[51.059,68.351],[50.779,68.379],[50.001,68.058],[49.133,67.863],[48.586,67.934],[48.778,67.727],[49.107,67.639],[48.7,67.716],[47.846,67.601],[47.948,67.444],[47.581,66.87],[47.41,66.929],[46.407,66.746],[46.578,66.873],[46.025,66.833],[45.594,67.158],[44.912,67.372],[45.028,67.532],[45.315,67.592],[45.35,67.73],[46.698,67.816],[46.535,68.133],[45.944,68.446],[45.582,68.514],[43.985,68.551],[43.317,68.667],[44.228,68.297],[44.181,68.036],[44.412,68.063],[44.138,67.995],[44.268,67.927],[44.087,67.885],[44.152,67.694],[43.761,67.221],[44.378,67.104],[44.522,66.919],[44.364,66.782],[44.563,66.666],[44.096,66.262],[44.18,65.864],[43.836,66.186],[43.411,66.098],[43.515,65.974],[43.353,66.041],[43.302,66.102],[43.693,66.237],[43.302,66.426],[42.549,66.385],[42.645,66.453],[42.156,66.526],[41.644,66.173],[40.71,65.972],[39.739,65.539],[39.741,65.357],[40.517,64.774],[40.411,64.737],[40.517,64.541],[40.182,64.559],[39.85,64.676],[39.786,64.597],[39.924,64.603],[39.567,64.545],[38.448,64.818],[38.472,64.743],[38.048,64.646],[38.067,64.781],[38.403,64.774],[38.385,64.845],[38.046,64.854],[37.129,65.157],[36.82,65.147],[36.807,64.959],[36.44,64.917],[36.56,64.717],[37.121,64.395],[37.339,64.34],[37.749,64.442],[38.026,64.295],[37.902,64.24],[38.086,64.059],[38.002,63.956],[37.438,63.792],[37.194,63.891],[36.292,64.01],[35.811,64.342],[35.583,64.411],[35.589,64.322],[35.349,64.296],[34.743,64.556],[34.978,64.612],[34.832,64.698],[35.009,64.743],[34.757,64.774],[34.942,64.858],[34.702,64.98],[34.816,65.043],[34.463,65.364],[34.297,65.385],[34.682,65.453],[34.689,65.81],[34.969,65.728],[34.852,65.9],[34.103,66.247],[33.311,66.317],[33.629,66.344],[33.516,66.406],[33.735,66.426],[33.602,66.502],[32.941,66.528],[33.193,66.579],[33.537,66.536],[33.26,66.618],[32.901,66.575],[33.324,66.646],[32.42,66.886],[32.55,67],[32.262,67.125],[31.851,67.153],[32.93,67.1],[32.805,67.01],[33.101,66.858],[33.517,66.724],[33.592,66.831],[33.947,66.685],[34.141,66.774],[34.092,66.672],[34.522,66.657],[34.356,66.63],[34.48,66.538],[34.804,66.614],[35.558,66.387],[38.554,66.055],[40.085,66.289],[41.145,66.789],[41.39,67.125],[41.34,67.224],[41.109,67.254],[41.04,67.678],[40.655,67.815],[40.467,67.761],[39.793,68.165],[39.85,68.043],[39.521,68.076],[38.639,68.385],[38.51,68.365],[38.765,68.291],[38.389,68.343],[37.681,68.713],[35.33,69.276],[35.147,69.27],[35.169,69.181],[34.421,69.311],[33.62,69.328],[33.563,69.182],[33.064,69.058],[33.023,68.955],[33.061,69.083],[33.544,69.209],[33.297,69.229],[33.448,69.288],[33.235,69.27],[33.524,69.428],[32.989,69.394],[32.824,69.301],[33.085,69.476],[32.77,69.414],[32.899,69.482],[32.537,69.51],[32.194,69.435],[32.502,69.517],[32.399,69.584],[32.016,69.564],[32.112,69.753],[32.17,69.655],[32.872,69.583],[33.133,69.729],[32.523,69.803],[32.054,69.964],[31.913,69.936],[32.099,69.792],[31.711,69.827],[31.811,69.688],[31.478,69.698],[31.297,69.613],[31.395,69.724],[30.841,69.806],[30.853,69.527],[30.119,69.635],[30.225,69.541],[29.967,69.373],[29.377,69.302],[29.12,69.047],[28.41,68.899],[28.801,68.835],[28.447,68.515],[28.69,68.183],[29.331,68.073],[30.009,67.686],[29.916,67.508],[29.052,66.908],[29.9,66.108],[30.112,65.712],[30.099,65.656],[29.703,65.629],[29.839,65.565],[29.58,65.235],[29.833,65.205],[29.85,65.121],[29.598,65.034],[29.634,64.907],[29.78,64.796],[30.119,64.768],[30.181,64.643],[29.955,64.569],[30.053,64.378],[30.558,64.22],[30.552,64.022],[29.981,63.742],[30.461,63.473],[31.204,63.213],[31.57,62.906],[31.244,62.503],[29.779,61.593],[27.794,60.533],[28.216,60.548],[28.69,60.738],[28.703,60.461],[28.439,60.56],[28.617,60.382],[28.799,60.369],[29.052,60.184],[29.701,60.201],[29.948,60.03],[30.246,59.975],[30.162,59.868],[29.161,60.003],[28.833,59.787],[28.476,59.852],[28.375,59.666],[28.059,59.79],[28.019,59.482],[28.182,59.356],[27.882,59.276],[27.411,58.755],[27.555,58.395],[27.495,58.221],[27.799,57.861],[27.525,57.807],[27.329,57.571],[27.528,57.528],[27.511,57.43],[27.84,57.291],[27.628,56.844],[27.914,56.82],[27.865,56.743],[28.126,56.548],[28.149,56.142],[28.311,56.043],[28.611,56.088],[28.809,55.935],[29.031,56.024],[29.396,55.948],[29.344,55.787],[29.481,55.681],[29.908,55.843],[30.2,55.858],[30.469,55.794],[30.742,55.594],[30.886,55.6],[30.918,55.388],[30.794,55.286],[31.006,55.023],[30.815,54.928],[30.771,54.786],[31.168,54.622],[31.065,54.492],[31.209,54.448],[31.325,54.229],[31.823,54.053],[31.745,53.795],[32.084,53.81],[32.442,53.714],[32.429,53.562],[32.72,53.439],[32.717,53.335],[32.455,53.3],[32.201,53.098],[31.416,53.2],[31.247,53.014],[31.561,52.787],[31.481,52.682],[31.629,52.548],[31.567,52.311],[31.764,52.101],[31.91,52.029],[32.233,52.081],[32.394,52.327],[32.909,52.241],[33.183,52.367],[33.481,52.358],[33.51,52.288],[33.804,52.355],[34.065,52.159],[34.096,51.952],[34.413,51.778],[34.376,51.709],[34.089,51.667],[34.224,51.515],[34.186,51.394],[34.309,51.335],[34.186,51.249],[34.608,51.234],[34.675,51.168],[35.079,51.208],[35.144,51.058],[35.355,51.026],[35.285,50.944],[35.469,50.669],[35.378,50.622],[35.611,50.352],[36.106,50.421],[36.269,50.281],[36.41,50.305],[36.594,50.204],[37.415,50.432],[38,49.9],[38.166,49.941],[38.174,50.06],[38.3,50.061],[38.356,49.981],[38.665,49.965],[38.937,49.803],[39.156,49.874],[39.261,49.745],[39.558,49.724],[39.802,49.542],[40.131,49.58],[40.035,49.487],[40.134,49.236],[39.919,49.048],[39.681,49.02],[39.759,48.895],[40.054,48.869],[39.975,48.79],[39.779,48.808],[39.632,48.587],[39.835,48.573],[39.924,48.376],[39.816,48.308],[39.993,48.273],[39.76,48.015],[39.759,47.833],[38.831,47.848],[38.735,47.677],[38.319,47.591],[38.191,47.317],[38.301,47.276],[38.217,47.103],[38.81,47.288],[38.478,47.142],[38.847,47.164],[39.088,47.286],[39.264,47.261],[39.28,47.088],[39.389,47.115],[39.28,47.013],[39.075,47.033],[38.804,46.894],[38.435,46.847],[38.378,46.708],[38.513,46.732],[38.575,46.654],[38.272,46.732],[37.982,46.617],[37.731,46.67],[37.905,46.411],[38.123,46.378],[38.571,46.105],[38.56,46.033],[38.167,46.121],[38.04,45.816],[38.097,46.058],[37.94,46.02],[37.829,45.753],[37.667,45.669],[37.703,45.622],[37.595,45.635],[37.586,45.432],[37.635,45.608],[37.729,45.302],[37.591,45.289],[37.519,45.369],[37.381,45.306],[37.159,45.326],[37.319,45.272],[37.078,45.239],[37.139,45.336],[36.833,45.443],[36.668,45.326],[36.782,45.388],[36.847,45.367],[36.803,45.313],[36.758,45.354],[36.789,45.292],[36.962,45.283],[36.577,45.194],[36.702,45.104],[37.192,44.991],[37.499,44.668],[37.8,44.635],[37.778,44.73],[38.217,44.387],[38.758,44.274],[39.963,43.393],[40.073,43.551],[40.233,43.576],[40.52,43.505],[40.652,43.539],[41.578,43.215],[42.043,43.181],[42.355,43.236],[42.615,43.137],[42.83,43.169],[43.156,42.942],[43.801,42.746],[43.723,42.625],[43.94,42.552],[44.508,42.75],[44.679,42.724],[44.773,42.61],[44.859,42.76],[45.155,42.693],[45.323,42.53],[45.699,42.508],[45.631,42.201],[45.934,42.029],[46.526,41.882],[46.568,41.787],[46.741,41.851],[47.027,41.557],[47.141,41.552],[47.344,41.268],[47.871,41.208],[48.054,41.461],[48.37,41.58],[48.579,41.845],[48.387,41.937],[48.096,42.35],[47.727,42.663],[47.698,42.867],[47.462,43.021],[47.586,43.3],[47.493,43.296],[47.491,43.463],[47.702,43.874],[47.544,43.865],[47.404,43.511],[47.366,43.621],[47.503,43.781],[47.246,44.212],[47.122,44.223],[47.026,44.36],[46.759,44.401],[46.68,44.528],[46.722,44.655],[46.962,44.765],[47.003,44.922],[47.078,44.785],[47.099,44.956],[47.201,44.97],[47.297,45.187],[47.37,45.186],[47.46,45.391],[47.381,45.411],[47.497,45.43],[47.494,45.585],[47.572,45.567],[47.385,45.75],[47.654,45.559],[47.56,45.772],[47.818,45.608],[47.859,45.724],[48.243,45.71],[48.289,45.837],[48.399,45.835],[48.555,45.967],[48.716,45.814],[48.791,45.841],[48.752,45.966],[48.655,45.957],[48.729,46.02],[48.627,46.087],[48.714,46.13],[48.818,46.056],[48.839,46.149],[48.932,46.085],[49.042,46.196],[49.115,46.151],[49.076,46.286],[49.15,46.336],[49.299,46.252],[49.227,46.328],[48.539,46.568],[48.455,46.661],[48.557,46.762],[48.764,46.683],[49.006,46.769],[48.525,47.41],[48.174,47.713],[47.412,47.836],[47.36,47.683],[47.124,47.808],[47.044,47.986],[47.192,48.072],[47.104,48.101],[47.099,48.265],[46.478,48.411],[46.754,48.914],[47.04,49.15],[46.775,49.333],[46.9,49.82],[47.309,50.045],[47.295,50.275],[47.47,50.412],[47.599,50.453],[47.808,50.32],[48.239,49.865],[48.43,49.81],[48.785,49.933],[48.874,50.07],[48.568,50.637],[48.83,50.596],[49.408,50.848],[49.347,50.964],[49.437,51.112],[49.779,51.102],[50.325,51.303],[50.582,51.635],[50.671,51.568],[50.791,51.597],[50.767,51.759],[51.372,51.63],[51.237,51.536],[51.304,51.472],[51.584,51.535],[51.693,51.454],[51.869,51.673],[52.092,51.659],[52.308,51.775],[52.546,51.46],[53.407,51.484],[53.61,51.388],[53.674,51.22],[53.936,51.186],[54.276,50.904],[54.479,50.853],[54.38,50.619],[54.499,50.523],[54.676,50.603],[54.638,50.886],[54.503,50.928],[54.638,51.028],[55.66,50.53],[56.079,50.725],[56.158,50.906],[56.315,50.884],[56.478,51.073],[56.688,50.969],[56.716,51.072],[57.154,51.1],[57.468,50.858],[57.722,50.909],[57.769,51.12],[58.168,51.055],[58.308,51.15],[58.595,51.023],[58.55,50.893],[58.664,50.79],[58.926,50.678],[59.438,50.631],[59.563,50.58],[59.452,50.537],[59.523,50.475],[59.816,50.563],[60.021,50.854],[60.3,50.685],[60.718,50.653],[61.095,50.723],[61.404,50.803],[61.534,51.206],[61.664,51.258],[61.474,51.426],[61.023,51.486],[60.937,51.611],[60.376,51.663],[60.452,51.805],[60.061,51.859],[59.986,51.952],[60.426,52.13],[60.672,52.144],[61.04,52.335],[60.673,52.672],[61.058,52.922],[60.975,52.971],[61.448,53.021],[61.606,52.948],[61.959,52.935],[62.094,52.992],[62.051,53.125],[61.163,53.299],[61.235,53.503],[61.412,53.436],[61.555,53.506],[61.503,53.589],[61.281,53.542],[60.88,53.633],[61.008,53.636],[61.199,53.797],[60.978,53.883],[60.996,53.941],[61.211,53.908],[61.194,54.018],[61.338,54.063],[61.582,53.948],[61.791,54.001],[62.004,53.932],[62.003,54.017],[62.413,54.027],[62.39,53.942],[62.525,53.872],[62.581,54.054],[63.085,54.086],[63.157,54.18],[63.709,54.25],[63.897,54.194],[64.004,54.32],[64.579,54.386],[64.72,54.334],[64.911,54.403],[65.184,54.31],[65.198,54.516],[65.449,54.557],[65.45,54.627],[65.744,54.601],[65.933,54.703],[65.977,54.612],[67.311,54.86],[67.623,54.854],[67.882,54.97],[68.166,54.956],[68.308,55.073],[68.177,55.171],[68.605,55.196],[68.701,55.361],[68.971,55.279],[68.927,55.434],[69.186,55.326],[69.335,55.385],[69.674,55.334],[70.214,55.132],[70.441,55.283],[70.82,55.294],[71.006,54.774],[71.265,54.662],[71.141,54.564],[71.191,54.318],[70.971,54.305],[71.161,54.102],[71.321,54.201],[71.647,54.109],[71.762,54.248],[71.984,54.232],[72.155,54.128],[72.043,54.378],[72.483,54.136],[72.358,54.093],[72.392,53.908],[72.7,53.958],[72.656,54.043],[72.503,54.051],[72.624,54.135],[72.942,54.122],[73.063,53.979],[73.36,53.938],[73.518,53.956],[73.602,54.071],[73.741,54.058],[73.683,53.874],[73.432,53.865],[73.23,53.662],[73.411,53.43],[73.653,53.609],[73.904,53.639],[74.077,53.566],[74.223,53.595],[74.388,53.462],[74.438,53.673],[74.616,53.681],[74.772,53.831],[75.028,53.808],[75.434,53.987],[75.429,54.09],[76.184,54.252],[76.234,54.347],[76.477,54.323],[76.896,54.464],[76.665,54.134],[76.377,54.154],[76.495,53.992],[77.867,53.272],[80.055,50.753],[80.015,50.839],[80.143,50.817],[80.439,50.958],[80.422,51.188],[80.599,51.209],[80.683,51.302],[81.152,51.187],[81.052,50.956],[81.401,50.959],[81.46,50.73],[81.744,50.785],[82.476,50.714],[82.673,50.79],[82.726,50.901],[82.976,50.882],[83.108,50.993],[83.434,50.993],[83.951,50.78],[84.196,50.511],[84.25,50.26],[84.987,50.067],[84.955,49.907],[85.224,49.596],[85.615,49.617],[86.177,49.463],[86.61,49.796],[86.748,49.783],[86.776,49.695],[86.599,49.574],[86.824,49.509],[86.913,49.339],[87.272,49.205],[87.324,49.085],[87.816,49.166]]],[[[22.767,54.356],[22.682,54.57],[22.844,54.832],[22.581,55.058],[22.05,55.034],[21.375,55.29],[21.183,55.202],[21.243,54.961],[21.091,54.902],[20.531,54.965],[20.925,55.283],[20.482,54.976],[19.977,54.965],[19.9,54.667],[19.61,54.457],[22.767,54.356]]],[[[-180,65.066],[-179.663,65.141],[-179.261,65.532],[-179.277,65.63],[-179.767,65.82],[-179.693,66.184],[-179.575,66.111],[-179.252,66.145],[-179.424,66.344],[-179.171,66.289],[-179.164,66.414],[-179.118,66.243],[-178.982,66.159],[-178.785,66.167],[-178.477,66.383],[-178.496,66.14],[-178.682,66.102],[-178.684,66.013],[-178.978,66.049],[-178.628,65.73],[-178.424,65.713],[-178.461,65.473],[-177.416,65.441],[-176.977,65.608],[-176.044,65.452],[-175.735,65.147],[-175.865,64.999],[-175.368,64.847],[-175.411,64.771],[-174.988,64.766],[-174.952,64.862],[-174.723,64.807],[-174.653,64.898],[-174.652,64.725],[-174.306,64.666],[-173.989,64.412],[-173.635,64.332],[-173.385,64.395],[-173.415,64.617],[-173.264,64.446],[-173.368,64.285],[-173.106,64.241],[-172.924,64.264],[-172.951,64.339],[-172.822,64.32],[-172.788,64.438],[-173.013,64.462],[-172.883,64.495],[-172.59,64.37],[-172.22,64.407],[-172.465,64.558],[-172.816,64.612],[-172.967,64.561],[-172.845,64.649],[-173.043,64.66],[-172.755,64.733],[-172.806,64.803],[-173.164,64.765],[-173,64.855],[-172.763,64.838],[-172.323,64.948],[-172.08,65.076],[-172.227,65.1],[-172.202,65.217],[-172.702,65.248],[-172.189,65.242],[-172.093,65.484],[-172.389,65.432],[-172.39,65.582],[-172.86,65.7],[-172.29,65.666],[-172.26,65.545],[-171.744,65.5],[-172.034,65.474],[-171.251,65.522],[-171.039,65.467],[-170.982,65.592],[-171.264,65.656],[-171.463,65.833],[-170.875,65.623],[-170.588,65.605],[-170.606,65.861],[-169.641,66.068],[-169.952,66.184],[-170.136,66.139],[-170.338,66.186],[-170.106,66.193],[-170.274,66.29],[-170.626,66.235],[-170.385,66.317],[-171.363,66.675],[-171.353,66.772],[-171.63,66.83],[-171.719,66.951],[-172.986,67.039],[-172.362,66.933],[-172.782,66.894],[-173.074,66.993],[-173.226,66.911],[-173.087,66.847],[-173.303,66.822],[-173.295,66.981],[-173.143,67],[-173.272,67.052],[-173.071,67.044],[-173.389,67.078],[-173.464,67.029],[-173.646,67.116],[-174.612,67.061],[-174.026,66.961],[-173.931,66.668],[-174.264,66.566],[-173.691,66.439],[-173.999,66.219],[-174.016,66.472],[-174.206,66.473],[-174.166,66.399],[-174.464,66.28],[-174.436,66.532],[-174.971,66.665],[-174.688,66.732],[-174.7,66.917],[-174.908,67.037],[-174.756,67.303],[-175.08,67.481],[-175.023,67.374],[-175.367,67.358],[-175.172,67.435],[-175.227,67.533],[-175.127,67.5],[-175.266,67.659],[-175.824,67.813],[-176.012,67.727],[-175.725,67.57],[-176.206,67.645],[-176.327,67.71],[-176.07,67.727],[-176.116,67.807],[-175.921,67.851],[-176.533,68.003],[-176.209,67.902],[-176.539,67.895],[-176.789,67.979],[-176.725,68.038],[-176.565,68.01],[-177.075,68.164],[-177.219,68.14],[-177.338,68.245],[-177.635,68.195],[-177.766,68.263],[-177.492,68.292],[-178.375,68.557],[-177.705,68.345],[-178.074,68.259],[-178.021,68.416],[-178.7,68.543],[-178.725,68.676],[-178.485,68.592],[-178.845,68.752],[-179.32,68.812],[-179.523,68.965],[-179.58,68.909],[-180,68.982],[-180,68.56],[-180,68.061],[-180,67.562],[-180,67.064],[-180,66.565],[-180,66.066],[-180,65.568],[-180,65.069],[-180,65.066]]],[[[180,71.536],[178.668,71.099],[178.793,70.805],[179.667,70.875],[180,70.992],[180,71.053],[180,71.536]]],[[[-180,70.992],[-179.342,70.908],[-177.93,71.041],[-177.443,71.237],[-178.395,71.541],[-179.736,71.586],[-180,71.537],[-180,71.053],[-180,70.992]]],[[[131.92,43.02],[131.827,43.065],[131.757,42.99],[131.883,42.961],[131.92,43.02]]],[[[142.529,54.297],[142.283,54.304],[142.708,53.948],[142.604,53.698],[142.739,53.846],[142.8,53.698],[142.719,53.64],[142.498,53.658],[142.514,53.546],[142.687,53.529],[142.455,53.38],[142.264,53.38],[142.241,53.529],[141.769,53.372],[141.928,53.021],[141.844,52.591],[141.642,52.318],[141.639,51.885],[141.823,51.736],[141.687,51.747],[142.079,51.471],[142.269,51.112],[142.041,50.551],[142.174,50.086],[142.125,49.462],[141.967,48.862],[141.857,48.774],[142.133,48.334],[142.191,47.967],[141.966,47.612],[142.057,47.054],[141.814,46.538],[141.933,46.036],[142.085,45.901],[142.407,46.554],[142.618,46.719],[142.725,46.741],[142.797,46.594],[143.16,46.598],[143.303,46.514],[143.276,46.56],[143.369,46.555],[143.431,46.025],[143.626,46.375],[143.455,46.848],[143.396,46.794],[143.178,46.832],[143.371,46.738],[143.341,46.684],[143.173,46.708],[143.091,46.803],[143.174,46.863],[143.098,46.876],[143.016,47.254],[142.714,47.437],[142.545,47.767],[142.537,48.01],[143.009,49.123],[143.174,49.246],[143.667,49.315],[143.331,49.314],[143.259,49.393],[144.058,49.253],[144.504,48.949],[144.757,48.643],[144.685,48.873],[144.41,49.039],[144.283,49.25],[144.117,49.768],[143.79,50.309],[143.522,51.285],[143.483,51.214],[143.379,51.35],[143.475,51.343],[143.365,51.645],[143.338,51.508],[143.224,51.522],[143.318,51.706],[143.125,51.967],[143.119,52.338],[143.268,52.598],[143.194,52.337],[143.297,52.454],[143.361,52.871],[143.211,53.363],[143.094,53.382],[143.121,53.518],[142.988,53.563],[143.071,53.598],[142.852,53.872],[143.004,54.135],[142.723,54.426],[142.635,54.266],[142.543,54.237],[142.529,54.297]]],[[[-172.243,64.816],[-172.461,64.828],[-172.633,64.684],[-172.043,64.751],[-172.243,64.816]]],[[[70.131,66.556],[70.05,66.709],[69.562,66.769],[69.636,66.694],[69.473,66.798],[69.146,66.81],[69.257,66.746],[69.425,66.768],[69.545,66.591],[69.871,66.478],[70.131,66.556]]],[[[51.3,68.495],[50.792,68.379],[51.498,68.489],[51.3,68.495]]],[[[55.369,68.948],[55.225,68.914],[55.507,68.914],[55.369,68.948]]],[[[161.487,69.027],[161.319,69.243],[161.358,69.55],[161.066,69.417],[161.135,69.092],[161.456,69.001],[161.409,68.893],[161.487,69.027]]],[[[161.631,69.561],[161.475,69.638],[161.375,69.408],[161.616,69.45],[161.631,69.561]]],[[[51.41,71.806],[51.532,71.566],[51.84,71.456],[52.279,71.477],[52.269,71.588],[52.416,71.477],[52.547,71.635],[52.61,71.469],[52.882,71.394],[53.03,71.5],[53.113,71.422],[53.444,71.545],[53.252,71.456],[53.413,71.312],[53.951,71.462],[53.451,71.264],[53.796,71.155],[54.064,71.237],[53.992,71.161],[54.244,71.123],[53.807,71.134],[53.904,71.055],[53.502,71.094],[53.705,70.846],[53.577,70.889],[53.3,70.866],[53.54,70.805],[53.545,70.854],[54.225,70.73],[54.287,70.777],[54.767,70.648],[54.479,70.736],[54.513,70.825],[55.163,70.553],[55.25,70.679],[55.472,70.654],[55.405,70.75],[56.021,70.574],[55.808,70.695],[56.132,70.596],[56.09,70.669],[56.535,70.597],[56.476,70.548],[56.645,70.574],[56.434,70.676],[56.22,70.668],[56.224,70.742],[56.552,70.754],[56.493,70.695],[56.652,70.63],[56.597,70.675],[57.343,70.572],[56.776,70.711],[57.452,70.606],[57.433,70.744],[57.639,70.73],[57.039,70.87],[56.106,71.259],[55.506,71.898],[55.225,71.929],[55.575,72.2],[55.377,72.303],[55.466,72.436],[55.116,72.45],[55.536,72.472],[55.267,72.587],[55.618,72.542],[55.616,72.697],[55.946,72.669],[55.481,72.806],[56.22,72.827],[56.252,72.972],[55.616,72.964],[56.377,73.007],[56.387,73.069],[55.808,73.066],[56.582,73.13],[56.435,73.23],[54.935,73.425],[54.191,73.272],[53.753,73.299],[53.323,73.221],[53.122,73.101],[53.382,73.012],[53.142,72.962],[53.382,72.889],[53.027,72.925],[52.617,72.863],[52.375,72.73],[53.218,72.648],[52.755,72.638],[52.724,72.559],[53.102,72.601],[52.689,72.489],[52.868,72.347],[52.581,72.374],[52.588,72.264],[52.417,72.289],[52.368,72.075],[52.188,72.129],[52.067,72.074],[51.866,72.159],[51.61,72.092],[51.41,71.806]]],[[[86.892,73.697],[86.399,73.594],[86.784,73.608],[86.892,73.697]]],[[[97.158,76.088],[96.748,75.981],[97.335,76.109],[97.158,76.088]]],[[[94.999,76.273],[94.41,76.212],[94.849,76.186],[94.999,76.273]]],[[[96.575,76.341],[96.383,76.335],[96.685,76.294],[96.575,76.341]]],[[[96.897,76.257],[96.787,76.212],[96.86,76.272],[97.075,76.308],[96.854,76.356],[96.743,76.175],[97.041,76.239],[96.897,76.257]]],[[[94.163,76.596],[93.868,76.589],[94.362,76.575],[94.163,76.596]]],[[[95.266,76.671],[95.122,76.719],[94.821,76.643],[95.266,76.671]]],[[[56.987,74.691],[55.612,74.676],[55.657,74.52],[56.28,74.485],[55.388,74.445],[55.261,74.361],[55.735,74.28],[55.076,74.266],[55.864,74.106],[55.019,74.173],[54.589,74.019],[54.785,73.966],[54.316,73.931],[53.869,73.779],[53.654,73.812],[54.074,73.609],[54.53,73.704],[55.35,73.717],[54.204,73.505],[54.417,73.478],[54.033,73.375],[54.25,73.328],[54.9,73.448],[55.924,73.312],[55.917,73.448],[56.121,73.29],[56.761,73.252],[56.749,73.362],[56.908,73.315],[57.254,73.491],[56.735,73.68],[57.35,73.553],[57.618,73.669],[57.35,73.828],[56.556,73.889],[57.395,73.846],[57.749,73.726],[57.912,73.916],[57.261,74.08],[57.536,74.094],[57.412,74.184],[58.123,73.987],[58.162,74.15],[58.308,74.088],[58.522,74.149],[58.292,74.222],[58.529,74.172],[58.728,74.239],[58.639,74.424],[58.187,74.581],[59.146,74.444],[59.084,74.649],[59.29,74.643],[59.091,74.738],[59.755,74.587],[59.858,74.691],[59.509,74.8],[59.934,74.725],[60.276,74.75],[60.194,74.855],[60.688,74.924],[59.927,75.006],[60.416,75.011],[60.571,75.118],[60.725,75.028],[61.277,75.328],[61.482,75.223],[61.694,75.376],[63.304,75.589],[63.552,75.711],[63.71,75.636],[65.078,75.807],[68.288,76.281],[68.938,76.568],[68.809,76.869],[68.034,76.998],[66.944,76.949],[65.761,76.693],[65.999,76.533],[65.485,76.575],[64.626,76.375],[64.091,76.313],[63.695,76.347],[62.957,76.207],[62.779,76.271],[62.504,76.178],[62.383,76.271],[61.705,76.315],[61.077,76.28],[60.9,76.157],[61.146,76.116],[60.735,76.005],[60.468,76.013],[60.838,76.123],[60.268,76.11],[60.043,76.054],[60.322,75.998],[59.399,75.937],[58.605,75.733],[57.98,75.672],[58.165,75.578],[57.501,75.499],[57.741,75.328],[57.046,75.398],[56.446,75.067],[56.371,75.188],[55.918,75.198],[55.87,74.997],[56.421,75.037],[56.357,74.941],[56.678,74.949],[55.817,74.807],[56.466,74.799],[56.603,74.697],[56.987,74.691]]],[[[92.457,79.11],[92.176,79.131],[92.724,79.077],[92.457,79.11]]],[[[92.305,79.453],[91.785,79.419],[92.244,79.382],[92.305,79.453]]],[[[91.372,79.486],[90.794,79.564],[91.531,79.449],[91.372,79.486]]],[[[146.175,43.538],[146.079,43.518],[146.134,43.463],[146.175,43.538]]],[[[146.882,43.859],[146.605,43.809],[146.602,43.736],[146.915,43.803],[146.882,43.859]]],[[[146.469,44.429],[146.119,44.506],[145.729,44.044],[145.411,43.836],[145.443,43.725],[145.552,43.716],[145.556,43.653],[145.589,43.848],[146.117,44.254],[146.514,44.364],[146.572,44.45],[146.469,44.429]]],[[[148.799,45.416],[148.851,45.482],[148.727,45.525],[148.312,45.275],[148.07,45.251],[147.94,45.426],[147.895,45.224],[147.62,45.065],[147.511,45.087],[147.467,44.967],[147.217,44.799],[147.109,44.827],[147.197,44.714],[147.091,44.637],[146.999,44.663],[147.001,44.566],[146.937,44.625],[146.862,44.445],[146.958,44.421],[147.226,44.581],[147.645,44.908],[147.654,44.995],[147.913,44.963],[148.278,45.223],[148.817,45.333],[148.799,45.416]]],[[[150.334,46.211],[149.667,45.853],[149.437,45.587],[149.638,45.611],[150.023,45.824],[150.569,46.232],[150.334,46.211]]],[[[152.206,47.129],[152.225,47.177],[151.721,46.798],[151.801,46.766],[151.985,46.879],[152.295,47.142],[152.206,47.129]]],[[[152.503,47.383],[152.413,47.341],[152.524,47.299],[152.503,47.383]]],[[[153.288,48.077],[153.165,48.121],[153.233,48.04],[153.288,48.077]]],[[[154.563,49.157],[154.444,49.165],[154.488,49.088],[154.601,49.111],[154.563,49.157]]],[[[154.448,49.817],[154.374,49.778],[154.448,49.73],[154.448,49.817]]],[[[156.125,50.638],[156.073,50.782],[155.889,50.691],[155.69,50.404],[155.202,50.294],[155.228,50.055],[155.396,49.996],[155.501,50.137],[155.885,50.254],[156.153,50.519],[156.125,50.638]]],[[[156.46,50.874],[156.181,50.761],[156.272,50.633],[156.406,50.63],[156.5,50.749],[156.46,50.874]]],[[[155.563,50.808],[155.673,50.87],[155.474,50.922],[155.563,50.808]]],[[[137.822,54.458],[137.715,54.367],[137.918,54.509],[137.822,54.458]]],[[[168.059,54.547],[167.439,54.866],[168.11,54.503],[168.059,54.547]]],[[[137.171,55.12],[136.67,54.907],[137.075,54.933],[137.171,55.12]]],[[[138.047,55.058],[137.883,55.003],[137.952,55.147],[137.568,55.195],[137.226,54.778],[137.485,54.879],[137.719,54.624],[138.212,55.036],[138.047,55.058]]],[[[166.664,54.756],[166.25,55.152],[166.254,55.332],[165.94,55.365],[165.746,55.297],[165.993,55.222],[166.195,54.945],[166.664,54.68],[166.664,54.756]]],[[[150.725,59.128],[150.472,59.004],[150.611,59.006],[150.725,59.128]]],[[[164.707,58.977],[164.558,59.24],[163.717,59.006],[163.913,58.994],[163.611,58.607],[163.416,58.55],[163.49,58.444],[163.846,58.691],[164.17,58.824],[164.632,58.865],[164.707,58.977]]],[[[35.867,65.031],[35.786,65.165],[35.524,65.144],[35.745,64.962],[35.867,65.031]]],[[[42.646,66.742],[42.426,66.752],[42.644,66.666],[42.646,66.742]]],[[[50.323,69.151],[49.272,69.508],[48.906,69.508],[48.304,69.277],[48.219,68.896],[48.592,68.731],[49.249,68.78],[49.72,68.89],[50.208,69.157],[50.169,69.012],[50.323,69.151]]],[[[169.446,69.849],[168.265,70.024],[167.754,69.832],[168.875,69.568],[169.235,69.592],[169.446,69.849]]],[[[60.54,69.819],[60.414,69.963],[59.554,70.2],[59.024,70.48],[58.52,70.348],[58.824,70.216],[58.412,70.26],[58.696,70.003],[59.016,69.86],[58.94,69.942],[59.431,69.889],[59.563,69.715],[60.254,69.689],[60.54,69.819]]],[[[57.117,70.559],[56.843,70.606],[57.138,70.497],[57.117,70.559]]],[[[160.723,70.838],[160.674,70.914],[160.425,70.928],[160.504,70.805],[160.723,70.838]]],[[[53.232,71.216],[52.779,71.319],[52.77,71.378],[53.02,71.281],[52.741,71.406],[52.721,71.349],[52.217,71.333],[52.756,71.177],[53.01,70.968],[53.232,71.216]]],[[[137.914,71.558],[137.218,71.576],[136.992,71.518],[137.693,71.419],[137.914,71.558]]],[[[78.279,72.552],[77.568,72.628],[76.87,72.307],[77.771,72.305],[78.356,72.473],[78.279,72.552]]],[[[128.831,72.655],[128.104,72.635],[128.653,72.527],[128.974,72.594],[128.831,72.655]]],[[[128.317,72.812],[129.207,72.762],[129.417,72.813],[128.994,72.932],[128.317,72.812]]],[[[79.563,72.768],[79.173,73.101],[78.597,72.816],[79.395,72.704],[79.563,72.768]]],[[[74.725,73.107],[74.212,73.115],[74.093,73.028],[74.656,72.859],[74.703,73.079],[74.962,73.06],[74.725,73.107]]],[[[120.279,73.101],[120.022,73.168],[119.634,73.128],[119.721,73.034],[120.23,73.04],[120.279,73.101]]],[[[76.695,73.186],[76.133,73.208],[76.633,73.131],[76.695,73.186]]],[[[71.669,73.227],[71.436,73.353],[71.289,73.252],[70.98,73.265],[71.229,73.465],[70.47,73.499],[69.959,73.399],[69.875,73.038],[71.374,73.179],[71.73,73.034],[71.669,73.227]]],[[[76.757,73.45],[76.251,73.554],[76.072,73.525],[76.757,73.45]]],[[[75.923,73.524],[76.034,73.579],[75.619,73.553],[75.321,73.397],[75.923,73.524]]],[[[143.475,73.321],[143.407,73.543],[142.045,73.917],[141.127,73.882],[140.493,73.485],[139.767,73.418],[139.965,73.327],[140.789,73.41],[143.175,73.177],[143.526,73.208],[143.475,73.321]]],[[[124.586,73.916],[124.381,73.939],[124.296,73.873],[124.514,73.841],[124.586,73.916]]],[[[84.355,74.019],[83.885,74.007],[84.379,73.956],[84.355,74.019]]],[[[83.513,74.121],[83.18,74.155],[82.814,74.094],[83.433,74.037],[83.513,74.121]]],[[[82.568,74.163],[82.321,74.101],[82.62,74.055],[82.568,74.163]]],[[[136.259,73.957],[135.354,74.259],[136.146,73.877],[136.259,73.957]]],[[[141.098,74.149],[140.891,74.277],[140.222,74.22],[140.438,73.908],[140.988,73.985],[141.098,74.149]]],[[[84.871,74.506],[84.398,74.441],[84.733,74.396],[84.542,74.457],[84.871,74.506]]],[[[113.406,74.444],[112.11,74.551],[111.951,74.371],[111.459,74.314],[112.163,74.139],[112.775,74.088],[113.406,74.444]]],[[[85.539,74.574],[85.179,74.561],[85.248,74.476],[85.501,74.465],[85.539,74.574]]],[[[86.078,74.555],[85.803,74.574],[85.658,74.471],[86.147,74.493],[86.078,74.555]]],[[[79.614,74.602],[79.244,74.659],[79.317,74.591],[79.149,74.608],[79.49,74.517],[79.614,74.602]]],[[[85.227,74.745],[85.706,74.731],[85.496,74.814],[85.227,74.745]]],[[[87.029,74.992],[86.524,74.987],[86.566,74.897],[86.251,74.919],[86.298,74.858],[86.92,74.82],[86.687,74.896],[87.054,74.891],[87.029,74.992]]],[[[82.24,75.376],[82.013,75.444],[82.171,75.52],[81.897,75.492],[81.94,75.394],[81.739,75.383],[81.752,75.463],[81.492,75.362],[81.688,75.277],[81.871,75.316],[81.985,75.177],[82.24,75.376]]],[[[150.828,75.163],[150.5,75.094],[150.129,75.226],[149.127,75.269],[148.61,75.216],[148.408,75.421],[147.374,75.44],[147.325,75.35],[146.797,75.366],[146.436,75.597],[146.072,75.24],[148.172,74.804],[149.209,74.758],[150.609,74.894],[150.828,75.163]]],[[[135.991,75.527],[136.184,75.616],[135.693,75.869],[135.45,75.376],[135.983,75.417],[135.991,75.527]]],[[[83.279,75.956],[82.259,75.972],[82.862,75.917],[83.279,75.956]]],[[[145.366,75.54],[143.947,75.835],[143.585,75.87],[143.059,75.807],[142.547,75.863],[141.31,76.184],[141.625,76.013],[140.966,76.035],[141.062,75.65],[140.476,75.64],[140.51,75.79],[139.817,75.878],[139.825,75.97],[138.995,76.145],[139.049,76.239],[138.533,76.186],[138.432,76.063],[138.377,76.157],[137.433,75.953],[137.743,75.749],[137.198,75.79],[137.068,75.726],[137.294,75.602],[137.143,75.41],[137.431,75.389],[136.862,75.362],[136.91,75.273],[138.063,74.796],[139.127,74.652],[139.496,74.768],[139.652,74.981],[140.069,74.828],[141.844,74.999],[142.199,75.004],[142.365,74.931],[141.974,74.934],[142.514,74.817],[142.715,74.895],[143.696,74.937],[143.615,75.011],[142.669,75.088],[142.439,75.203],[142.008,75.623],[142.411,75.666],[142.338,75.726],[143.001,75.708],[142.494,75.376],[142.884,75.147],[143.999,75.025],[144.688,75.16],[144.941,75.273],[144.678,75.328],[144.729,75.432],[145.366,75.54]]],[[[96.644,76.267],[96.283,76.309],[96.104,76.232],[95.812,76.303],[95.57,76.238],[95.35,76.289],[95.266,76.219],[96.345,76.105],[96.246,76.205],[96.447,76.272],[96.596,76.157],[96.644,76.267]]],[[[111.959,76.602],[112.601,76.445],[112.528,76.623],[111.959,76.602]]],[[[97.476,76.65],[97.418,76.719],[97.525,76.582],[97.476,76.65]]],[[[149.375,76.738],[148.867,76.734],[148.432,76.629],[149.2,76.627],[149.375,76.738]]],[[[96.527,77.206],[95.257,76.992],[96.235,76.99],[96.527,77.206]]],[[[89.689,77.281],[89.266,77.298],[89.301,77.147],[89.747,77.164],[89.689,77.281]]],[[[107.745,77.329],[107.395,77.36],[107.205,77.234],[107.745,77.329]]],[[[107.704,78.137],[107.338,78.191],[106.395,78.131],[107.451,78.053],[107.704,78.137]]],[[[106.532,78.254],[106.766,78.308],[106.47,78.343],[105.991,78.219],[106.532,78.254]]],[[[105.416,78.583],[105.175,78.809],[104.759,78.853],[104.579,78.775],[104.455,78.967],[103.624,79.171],[102.921,79.058],[102.379,78.822],[103.153,79.31],[102.303,79.433],[102.246,79.242],[101.647,79.364],[101.043,79.133],[100.988,79.063],[101.626,78.987],[101.07,79.035],[100.907,78.985],[100.824,78.809],[101.166,78.761],[100.385,78.752],[99.371,77.96],[100.037,77.962],[101.21,78.194],[102.607,78.226],[102.66,78.165],[103.016,78.257],[104.787,78.336],[105.416,78.583]]],[[[77.614,79.522],[76.051,79.649],[76.696,79.478],[77.614,79.522]]],[[[93.628,79.933],[90.867,80.063],[91.299,79.919],[91.073,79.851],[92.322,79.757],[91.922,79.679],[93.052,79.715],[93.747,79.856],[93.628,79.933]]],[[[51.347,79.953],[51.001,80.103],[50.045,79.974],[51.347,79.953]]],[[[99.886,79.041],[99.035,79.296],[99.46,79.248],[99.686,79.323],[100.022,79.824],[99.199,80.05],[98.557,80.059],[98.377,79.878],[97.926,79.902],[97.216,79.701],[98.09,80.056],[97.592,80.175],[95.502,80.111],[95.242,80.022],[94.952,80.104],[94.225,79.899],[94.69,79.816],[93.28,79.552],[92.854,79.556],[93.279,79.52],[93.236,79.439],[93.882,79.604],[93.697,79.46],[94.312,79.479],[94.334,79.249],[94.827,79.067],[95.468,79.112],[95.697,78.998],[96.799,78.989],[97.442,78.817],[99.406,78.822],[99.886,79.041]]],[[[50.081,80.068],[50.336,80.182],[49.899,80.234],[49.531,80.159],[50.081,80.068]]],[[[55.795,80.642],[56.946,80.694],[56.53,80.787],[55.782,80.761],[55.432,80.714],[55.795,80.642]]],[[[46.687,80.529],[47.2,80.626],[47.431,80.594],[47.749,80.77],[48.727,80.611],[48.496,80.798],[47.138,80.842],[46.921,80.749],[44.857,80.617],[45.515,80.52],[46.044,80.574],[46.084,80.44],[46.687,80.529]]],[[[62.222,80.813],[61.603,80.896],[60.362,80.79],[59.968,80.81],[60.171,80.854],[59.694,80.837],[59.221,80.653],[59.636,80.431],[60.307,80.496],[61.084,80.411],[62.116,80.622],[62.222,80.813]]],[[[58.13,80.781],[58.896,80.774],[58.929,80.882],[58.157,80.871],[57.816,80.81],[58.13,80.781]]],[[[55.766,80.784],[55.097,80.903],[54.823,80.836],[53.985,80.829],[54.877,80.721],[55.766,80.784]]],[[[51.689,80.727],[51.313,80.79],[50.34,80.716],[50.47,80.81],[51.018,80.837],[50.878,80.912],[49.802,80.893],[49.004,80.776],[49.203,80.694],[49.682,80.721],[49.188,80.521],[48.569,80.506],[48.376,80.571],[47.415,80.466],[48.1,80.476],[48.202,80.416],[47.619,80.405],[48.189,80.338],[47.224,80.309],[47.089,80.372],[46.618,80.295],[46.895,80.192],[47.929,80.247],[47.664,80.07],[48.116,80.137],[48.444,80.101],[48.528,80.209],[48.969,80.152],[48.84,80.388],[49.816,80.401],[49.728,80.494],[50.95,80.537],[51.689,80.727]]],[[[79.807,80.974],[79.211,80.961],[79.128,80.807],[80.326,80.861],[80.437,80.94],[79.807,80.974]]],[[[58.654,81.044],[58.07,81.112],[57.845,81.06],[58.367,80.946],[58.654,81.044]]],[[[57.336,80.892],[57.838,80.853],[58.282,80.927],[56.147,81.123],[57.336,80.892]]],[[[54.564,80.995],[55.381,80.969],[55.799,80.854],[56.668,80.809],[57.059,80.692],[57.707,80.783],[56.623,80.982],[56.019,81.044],[55.52,81.008],[54.671,81.125],[54.564,80.995]]],[[[50.477,81.07],[50.409,81.013],[50.968,81.096],[50.778,81.17],[50.477,81.07]]],[[[91.547,81.154],[89.894,81.174],[89.996,81.105],[91.186,81.057],[91.547,81.154]]],[[[97.747,80.742],[95.777,81.289],[95.104,81.271],[95.547,81.221],[93.053,80.995],[92.677,80.879],[92.535,80.753],[93.27,80.797],[92.769,80.517],[91.888,80.46],[92.628,80.392],[91.662,80.385],[91.422,80.31],[93.244,80.31],[92.107,80.29],[92.888,80.172],[92.066,80.172],[93.75,79.997],[94.53,80.131],[97.188,80.234],[97.131,80.666],[97.719,80.664],[97.747,80.742]]],[[[57.266,81.427],[58.57,81.413],[57.784,81.565],[56.946,81.522],[56.74,81.454],[57.266,81.427]]],[[[62.504,81.653],[63.467,81.589],[63.806,81.66],[62.648,81.722],[62.106,81.68],[62.504,81.653]]],[[[58.295,81.714],[59.356,81.753],[59.403,81.837],[57.978,81.817],[57.891,81.708],[58.295,81.714]]],[[[154.837,49.65],[154.608,49.375],[154.699,49.265],[154.832,49.344],[154.837,49.65]]],[[[59.034,75.96],[58.693,75.903],[59.26,75.984],[59.034,75.96]]],[[[59.002,79.981],[59.372,79.92],[59.738,79.96],[59.786,80.094],[58.796,80.044],[59.002,79.981]]],[[[55.712,80.103],[57.077,80.083],[57.022,80.364],[55.989,80.337],[55.712,80.103]]],[[[52.623,80.183],[53.49,80.172],[53.821,80.241],[53.294,80.409],[52.183,80.276],[52.623,80.183]]],[[[57.529,80.131],[57.97,80.099],[58.041,80.206],[58.407,80.166],[58.077,80.262],[58.391,80.32],[59.276,80.33],[58.899,80.427],[56.946,80.482],[57.529,80.131]]],[[[53.798,80.473],[54.334,80.429],[54.269,80.589],[53.883,80.611],[53.798,80.473]]],[[[60.256,81.036],[60.07,80.98],[60.988,80.922],[61.702,81.105],[60.256,81.036]]],[[[62.771,80.886],[62.511,80.81],[63.131,80.683],[64.587,80.755],[65.462,80.925],[65.23,81.137],[64.423,81.194],[64.169,81.01],[63.142,80.971],[62.771,80.886]]],[[[57.336,81.205],[56.994,81.166],[57.39,81.124],[58.084,81.215],[57.336,81.205]]],[[[55.647,81.2],[56.615,81.179],[57.905,81.297],[56.336,81.385],[56.603,81.262],[55.466,81.324],[55.647,81.2]]],[[[58.563,81.324],[59.385,81.331],[59.018,81.403],[58.563,81.324]]],[[[40.455,64.582],[40.188,64.708],[39.833,64.69],[40.195,64.574],[40.455,64.582]]],[[[40.145,64.734],[40.396,64.629],[40.334,64.772],[40.035,64.761],[40.145,64.734]]],[[[67.217,69.421],[66.939,69.439],[67.096,69.366],[67.217,69.421]]],[[[67.328,69.573],[67.059,69.451],[67.259,69.439],[67.328,69.573]]],[[[66.837,70.392],[66.668,70.538],[66.59,70.473],[66.837,70.392]]],[[[66.559,70.544],[66.428,70.8],[66.567,70.499],[66.559,70.544]]],[[[66.6,70.914],[66.6,71.004],[66.447,70.819],[66.6,70.914]]],[[[152.875,76.151],[152.829,76.196],[152.555,76.139],[152.773,76.083],[152.875,76.151]]],[[[58.815,79.917],[58.614,79.979],[58.252,79.939],[58.815,79.917]]],[[[54.408,80.285],[54.109,80.287],[54.158,80.189],[54.408,80.285]]],[[[55.499,80.317],[55.071,80.301],[55.045,80.223],[55.499,80.317]]],[[[54.842,80.431],[54.627,80.477],[54.39,80.387],[54.842,80.431]]],[[[47.851,43.999],[47.628,43.963],[47.763,43.928],[47.851,43.999]]],[[[-172.475,64.642],[-172.725,64.626],[-172.519,64.593],[-172.475,64.642]]],[[[161.894,69.654],[161.667,69.637],[161.779,69.549],[161.894,69.654]]],[[[170.125,69.773],[169.955,69.727],[170.101,69.687],[170.275,69.773],[170.125,69.773]]],[[[83.305,70.806],[83.091,70.361],[83.469,70.738],[83.305,70.806]]],[[[89.047,77.141],[88.664,77.08],[88.92,76.977],[89.047,77.141]]]]}},{"type":"Feature","properties":{"id":"SAU"},"geometry":{"type":"MultiPolygon","coordinates":[[[[51.569,24.256],[51.279,24.308],[51.498,24.576],[51.444,24.62],[51.302,24.517],[51.269,24.625],[50.979,24.568],[50.761,24.736],[50.562,25.055],[50.472,25.437],[50.149,25.7],[50.258,25.632],[50.101,25.989],[49.99,26.002],[50.032,26.201],[50.141,26.036],[50.217,26.324],[50.031,26.495],[49.988,26.724],[50.158,26.665],[49.973,26.842],[49.699,26.958],[49.572,27.194],[49.489,27.175],[49.524,27.133],[49.375,27.149],[49.412,27.204],[49.323,27.206],[49.313,27.345],[49.223,27.331],[49.264,27.414],[49.12,27.441],[49.313,27.449],[49.24,27.545],[48.832,27.612],[48.88,27.688],[48.779,27.72],[48.813,27.829],[48.839,27.729],[48.883,27.827],[48.744,27.961],[48.792,28.007],[48.652,28.046],[48.433,28.54],[47.668,28.534],[47.434,28.995],[46.532,29.096],[44.692,29.202],[42.075,31.08],[40.424,31.921],[39.146,32.118],[38.963,31.994],[36.96,31.491],[37.981,30.499],[37.648,30.331],[37.47,29.995],[36.729,29.854],[36.477,29.495],[36.044,29.191],[34.949,29.352],[34.804,28.527],[34.573,28.113],[34.613,28.03],[34.709,28.14],[34.805,28.071],[35.052,28.12],[35.216,28.054],[35.164,28.009],[36.032,26.907],[36.513,26.111],[36.696,26.022],[36.702,25.78],[36.936,25.646],[37.242,25.175],[37.257,24.871],[37.149,24.851],[37.457,24.441],[37.429,24.367],[37.523,24.268],[37.676,24.291],[37.866,24.15],[37.948,24.207],[37.935,24.139],[38.437,23.802],[38.54,23.543],[38.6,23.568],[38.798,23.15],[38.8,22.999],[39.013,22.767],[39.07,22.366],[39.143,22.403],[39.006,22.002],[38.931,22.006],[39.067,21.725],[39.109,21.748],[39.171,21.404],[39.081,21.315],[39.174,21.109],[39.76,20.351],[39.941,20.259],[39.903,20.308],[40.084,20.279],[40.535,19.962],[40.657,19.76],[40.745,19.777],[40.76,19.609],[40.945,19.506],[41.069,19.125],[41.177,19.067],[41.136,18.937],[41.249,18.834],[41.21,18.698],[41.436,18.47],[41.493,18.224],[41.788,17.834],[42.302,17.454],[42.363,17.025],[42.357,17.182],[42.712,16.731],[42.789,16.371],[43.036,16.536],[43.085,16.673],[43.18,16.665],[43.212,16.797],[43.113,16.91],[43.118,17.086],[43.252,17.272],[43.165,17.326],[43.413,17.52],[43.915,17.302],[44.149,17.405],[45.165,17.428],[45.43,17.312],[45.891,17.267],[46.323,17.224],[46.71,17.275],[46.97,16.957],[47.161,16.947],[47.428,17.092],[47.589,17.463],[48.162,18.149],[49.036,18.58],[51.979,18.996],[54.978,19.995],[55.638,21.979],[55.187,22.704],[55.105,22.621],[52.558,22.939],[51.594,24.078],[51.569,24.256]]],[[[42.186,16.706],[42.062,16.814],[42.035,16.716],[41.905,16.748],[41.757,16.896],[41.955,16.67],[42.086,16.694],[42.073,16.636],[42.179,16.583],[42.186,16.706]]],[[[41.919,16.791],[42.002,16.761],[41.938,16.973],[41.861,17.014],[41.928,16.955],[41.835,16.892],[41.919,16.791]]],[[[49.565,27.352],[49.501,27.361],[49.456,27.29],[49.531,27.346],[49.565,27.298],[49.689,27.318],[49.565,27.352]]],[[[36.942,25.418],[36.904,25.394],[36.777,25.496],[36.9,25.361],[36.942,25.418]]],[[[36.79,25.498],[36.879,25.443],[36.691,25.567],[36.79,25.498]]],[[[36.683,25.572],[36.531,25.645],[36.544,25.703],[36.5,25.663],[36.529,25.594],[36.683,25.572]]],[[[36.544,25.731],[36.611,25.709],[36.591,25.861],[36.544,25.731]]]]}},{"type":"Feature","properties":{"id":"SGP"},"geometry":{"type":"Polygon","coordinates":[[[103.961,1.391],[103.708,1.429],[103.64,1.322],[103.839,1.266],[103.975,1.334],[103.961,1.391]]]}},{"type":"Feature","properties":{"id":"TUR"},"geometry":{"type":"MultiPolygon","coordinates":[[[[44.807,39.64],[44.326,40.035],[44.032,40.009],[43.665,40.11],[43.721,40.169],[43.559,40.478],[43.729,40.677],[43.648,40.914],[43.46,41.023],[43.411,41.175],[43.231,41.173],[43.103,41.249],[43.184,41.299],[42.767,41.504],[42.801,41.579],[42.585,41.579],[42.463,41.432],[41.948,41.506],[41.813,41.422],[41.521,41.514],[41.39,41.379],[40.143,40.923],[39.63,41.008],[39.43,41.112],[38.331,40.918],[37.896,40.982],[37.784,41.123],[37.525,41.037],[37.136,41.147],[36.985,41.294],[36.758,41.366],[36.62,41.375],[36.518,41.263],[36.395,41.256],[36.134,41.462],[36.045,41.701],[35.973,41.729],[35.915,41.646],[35.957,41.736],[35.577,41.63],[35.298,41.715],[35.092,41.928],[35.216,42.024],[35.024,42.093],[34.694,41.946],[33.324,42.019],[32.263,41.72],[32.162,41.612],[31.404,41.316],[31.393,41.188],[31.231,41.092],[30.833,41.08],[30.282,41.216],[30.137,41.144],[29.17,41.233],[29.008,41.031],[29.255,40.811],[29.939,40.735],[29.501,40.729],[28.793,40.553],[29.134,40.451],[29.052,40.367],[27.945,40.366],[28.034,40.474],[27.76,40.537],[27.684,40.496],[27.884,40.386],[27.763,40.315],[27.452,40.322],[27.287,40.468],[26.736,40.404],[26.408,40.194],[26.311,40.019],[26.168,39.974],[26.074,39.475],[26.938,39.575],[26.93,39.488],[26.609,39.275],[26.719,39.263],[26.875,39.091],[26.806,38.95],[27.041,38.94],[27.063,38.887],[26.897,38.817],[26.903,38.735],[26.719,38.721],[26.719,38.653],[26.849,38.597],[26.89,38.508],[26.815,38.543],[26.935,38.435],[27.164,38.447],[26.795,38.359],[26.702,38.43],[26.673,38.307],[26.588,38.419],[26.63,38.519],[26.403,38.677],[26.388,38.454],[26.513,38.433],[26.385,38.318],[26.294,38.37],[26.235,38.274],[26.39,38.262],[26.595,38.104],[26.636,38.204],[26.76,38.217],[26.873,38.035],[27.239,37.988],[27.25,37.744],[27.011,37.666],[27.209,37.597],[27.191,37.357],[27.407,37.413],[27.464,37.252],[27.616,37.275],[27.61,37.2],[27.528,37.193],[27.565,37.126],[27.253,37.124],[27.263,36.963],[27.376,37.028],[27.562,36.973],[28.329,37.037],[28.165,36.912],[28.042,36.939],[28.028,36.781],[27.645,36.806],[27.37,36.679],[27.671,36.658],[27.719,36.756],[27.918,36.74],[28.118,36.801],[28.116,36.719],[27.966,36.689],[28.09,36.644],[27.959,36.603],[28.036,36.565],[28.295,36.72],[28.257,36.846],[28.396,36.789],[28.452,36.884],[28.829,36.603],[28.939,36.751],[29.096,36.665],[29.014,36.548],[29.115,36.553],[29.096,36.391],[29.35,36.233],[29.624,36.199],[29.672,36.123],[30.234,36.309],[30.427,36.226],[30.57,36.528],[30.57,36.781],[30.687,36.891],[31.341,36.809],[32.019,36.547],[32.365,36.178],[32.804,36.027],[33.157,36.137],[33.552,36.128],[33.647,36.193],[33.688,36.137],[33.871,36.315],[33.959,36.214],[34.276,36.587],[34.693,36.814],[35.346,36.541],[35.624,36.603],[35.709,36.72],[35.579,36.685],[35.607,36.74],[35.805,36.775],[36.02,36.926],[36.189,36.802],[36.211,36.642],[35.787,36.304],[35.975,36.019],[35.911,35.918],[36.139,35.82],[36.197,35.952],[36.358,35.994],[36.373,36.228],[36.67,36.237],[36.531,36.479],[36.64,36.828],[36.965,36.754],[37.053,36.62],[37.446,36.634],[38.224,36.908],[38.48,36.856],[38.725,36.694],[39.24,36.661],[39.765,36.742],[40.709,37.1],[41.48,37.076],[42.009,37.176],[42.211,37.325],[42.347,37.24],[42.357,37.11],[42.545,37.141],[42.772,37.375],[42.937,37.32],[43.115,37.371],[43.809,37.2],[44.088,37.311],[44.235,37.237],[44.18,37.088],[44.285,36.969],[44.61,37.178],[44.766,37.142],[44.802,37.293],[44.566,37.447],[44.596,37.716],[44.202,37.897],[44.459,38.338],[44.29,38.382],[44.275,38.844],[44.152,38.965],[44.187,39.145],[44.078,39.2],[44.015,39.374],[44.388,39.414],[44.459,39.698],[44.566,39.766],[44.807,39.64]]],[[[28.017,41.973],[27.812,41.995],[27.546,41.901],[27.273,42.092],[27.047,42.083],[26.939,41.996],[26.606,41.967],[26.526,41.824],[26.334,41.79],[26.333,41.713],[26.595,41.612],[26.632,41.358],[26.321,41.246],[26.359,40.965],[26.033,40.735],[26.054,40.661],[26.091,40.605],[26.506,40.599],[26.79,40.661],[26.829,40.602],[26.219,40.331],[26.272,40.23],[26.167,40.05],[26.683,40.455],[27.288,40.704],[27.524,40.989],[27.941,40.971],[28.165,41.085],[28.541,40.99],[28.552,41.081],[28.625,40.968],[28.992,41.008],[29.109,41.235],[28.233,41.519],[27.972,41.822],[28.017,41.973]]],[[[26.061,39.838],[25.978,39.834],[26.075,39.785],[26.061,39.838]]],[[[26.012,40.167],[25.926,40.243],[25.663,40.126],[26.012,40.167]]],[[[27.658,40.653],[27.546,40.66],[27.536,40.602],[27.733,40.625],[27.658,40.653]]]]}},{"type":"Feature","properties":{"id":"URY"},"geometry":{"type":"Polygon","coordinates":[[[-57.603,-30.191],[-57.89,-30.551],[-57.796,-30.868],[-57.904,-30.93],[-57.905,-31.241],[-58.075,-31.475],[-57.98,-31.599],[-58.049,-31.797],[-58.203,-31.893],[-58.187,-32.153],[-58.097,-32.281],[-58.197,-32.47],[-58.048,-32.912],[-58.138,-33.095],[-58.367,-33.154],[-58.438,-33.551],[-58.389,-33.942],[-57.855,-34.471],[-57.152,-34.451],[-56.874,-34.67],[-56.376,-34.783],[-56.403,-34.855],[-56.156,-34.941],[-55.693,-34.765],[-55.377,-34.801],[-55.26,-34.898],[-55.06,-34.888],[-54.959,-34.973],[-54.306,-34.708],[-54.329,-34.562],[-54.239,-34.59],[-54.26,-34.686],[-54.146,-34.668],[-53.765,-34.39],[-53.711,-34.199],[-53.53,-34.048],[-53.379,-33.741],[-53.54,-33.649],[-53.537,-33.171],[-53.12,-32.707],[-53.561,-32.45],[-53.757,-32.055],[-54.274,-31.823],[-54.605,-31.46],[-54.85,-31.425],[-55.029,-31.269],[-55.087,-31.327],[-55.244,-31.245],[-55.592,-30.848],[-55.855,-31.075],[-56.011,-31.082],[-56.011,-30.798],[-56.831,-30.102],[-57.077,-30.106],[-57.245,-30.293],[-57.536,-30.274],[-57.603,-30.191]]]}},{"type":"Feature","properties":{"id":"USA"},"geometry":{"type":"MultiPolygon","coordinates":[[[[-122.753,48.993],[-122.808,48.935],[-122.667,48.732],[-122.509,48.756],[-122.44,48.581],[-122.567,48.585],[-122.489,48.455],[-122.633,48.516],[-122.683,48.43],[-122.559,48.434],[-122.386,48.304],[-122.401,48.235],[-122.534,48.25],[-122.51,48.147],[-122.348,48.054],[-122.469,48.177],[-122.376,48.213],[-122.34,48.09],[-122.192,48.026],[-122.404,47.798],[-122.328,47.357],[-122.433,47.265],[-122.538,47.316],[-122.572,47.209],[-122.722,47.089],[-122.817,47.166],[-122.893,47.047],[-122.935,47.13],[-123.01,47.083],[-122.93,47.174],[-123.079,47.13],[-122.806,47.398],[-122.773,47.173],[-122.633,47.405],[-122.686,47.301],[-122.569,47.264],[-122.508,47.52],[-122.553,47.583],[-122.682,47.528],[-122.697,47.623],[-122.592,47.583],[-122.661,47.73],[-122.596,47.692],[-122.558,47.74],[-122.468,47.757],[-122.553,47.921],[-122.613,47.946],[-122.571,47.82],[-122.624,47.847],[-122.764,47.669],[-122.949,47.597],[-123.114,47.391],[-122.839,47.432],[-123.161,47.357],[-122.856,47.826],[-122.8,47.68],[-122.62,47.878],[-122.77,48.141],[-122.878,48.107],[-122.873,47.994],[-122.927,48.095],[-123.03,48.045],[-123.108,48.184],[-123.247,48.115],[-123.971,48.166],[-124.728,48.388],[-124.672,47.991],[-124.423,47.742],[-124.178,46.926],[-124.117,47.043],[-123.813,46.959],[-124.047,46.891],[-124.021,46.832],[-124.127,46.899],[-124.093,46.743],[-123.764,46.678],[-123.956,46.623],[-123.841,46.416],[-123.927,46.44],[-123.958,46.378],[-124.063,46.655],[-124.08,46.272],[-124.009,46.313],[-123.873,46.24],[-123.693,46.305],[-123.456,46.267],[-123.298,46.152],[-123.18,46.179],[-123.256,46.133],[-123.386,46.146],[-123.537,46.234],[-123.865,46.186],[-123.799,46.102],[-124.023,46.231],[-123.923,46.014],[-123.981,45.76],[-123.938,45.661],[-123.871,45.698],[-124.002,45.344],[-124.078,44.675],[-124.005,44.616],[-124.084,44.498],[-124.018,44.41],[-124.114,44.307],[-124.203,43.681],[-124.149,43.748],[-124.07,43.712],[-124.21,43.657],[-124.335,43.365],[-124.209,43.452],[-124.14,43.375],[-124.233,43.424],[-124.317,43.3],[-124.342,43.352],[-124.401,43.31],[-124.567,42.834],[-124.415,42.662],[-124.412,42.249],[-124.217,42.006],[-124.263,41.776],[-124.159,41.737],[-124.062,41.436],[-124.233,40.767],[-124.151,40.863],[-124.087,40.825],[-124.226,40.686],[-124.24,40.759],[-124.409,40.444],[-124.364,40.261],[-123.854,39.834],[-123.726,38.919],[-123.129,38.449],[-122.832,38.096],[-122.996,38.243],[-122.95,38.144],[-123.027,37.994],[-122.935,38.071],[-122.528,37.816],[-122.439,37.882],[-122.502,38.114],[-122.397,38.153],[-122.13,38.042],[-122.055,38.134],[-121.898,38.053],[-121.683,38.147],[-121.779,38.036],[-121.604,38.106],[-121.445,38.004],[-121.569,38.066],[-121.613,38.021],[-121.607,38.099],[-121.69,38.009],[-122.004,38.056],[-122.148,38.024],[-122.227,38.058],[-122.366,38.012],[-122.43,37.964],[-122.314,37.886],[-122.332,37.782],[-122.217,37.758],[-122.032,37.463],[-122.374,37.604],[-122.409,37.81],[-122.515,37.781],[-122.52,37.531],[-122.339,37.119],[-122.135,36.966],[-121.906,36.969],[-121.804,36.836],[-121.764,36.722],[-121.981,36.584],[-121.9,36.304],[-121.507,36.003],[-121.288,35.665],[-120.887,35.433],[-120.877,35.224],[-120.645,35.139],[-120.637,34.563],[-120.454,34.443],[-119.563,34.415],[-119.129,34.101],[-118.807,33.999],[-118.514,34.022],[-118.412,33.742],[-118.117,33.744],[-117.509,33.335],[-117.322,33.108],[-117.255,32.691],[-117.175,32.727],[-117.133,32.69],[-117.115,32.6],[-117.226,32.697],[-117.125,32.532],[-114.724,32.713],[-114.822,32.5],[-111.067,31.334],[-108.215,31.327],[-108.215,31.778],[-106.392,31.746],[-106.209,31.477],[-105.961,31.371],[-105.376,30.86],[-104.934,30.611],[-104.682,30.193],[-104.68,29.942],[-104.517,29.654],[-104.057,29.339],[-103.784,29.275],[-103.387,29.029],[-103.123,28.996],[-102.859,29.229],[-102.883,29.344],[-102.691,29.737],[-102.406,29.777],[-102.321,29.894],[-102.109,29.802],[-101.405,29.778],[-101.312,29.598],[-101.234,29.623],[-101.213,29.532],[-101.038,29.46],[-100.669,29.116],[-100.624,28.925],[-100.323,28.51],[-100.275,28.277],[-100.056,28.138],[-99.833,27.777],[-99.515,27.589],[-99.462,27.057],[-99.248,26.827],[-99.106,26.423],[-98.801,26.372],[-98.654,26.244],[-98.429,26.218],[-98.223,26.075],[-97.66,26.031],[-97.366,25.844],[-97.328,25.933],[-97.138,25.975],[-97.152,26.075],[-97.256,25.999],[-97.212,26.091],[-97.311,26.123],[-97.562,26.838],[-97.548,26.9],[-97.481,26.878],[-97.563,26.994],[-97.481,27.022],[-97.426,27.264],[-97.761,27.279],[-97.668,27.311],[-97.774,27.468],[-97.63,27.3],[-97.487,27.4],[-97.542,27.29],[-97.411,27.335],[-97.26,27.695],[-97.391,27.846],[-97.521,27.873],[-97.184,27.837],[-97.021,28.1],[-97.149,28.006],[-97.218,28.075],[-97.173,28.159],[-97.014,28.209],[-96.973,28.134],[-96.91,28.264],[-96.945,28.126],[-96.88,28.151],[-96.782,28.242],[-96.844,28.416],[-96.775,28.4],[-96.793,28.48],[-96.654,28.319],[-96.404,28.435],[-96.548,28.469],[-96.493,28.511],[-96.609,28.579],[-96.651,28.73],[-96.447,28.636],[-96.493,28.579],[-96.37,28.627],[-96.445,28.764],[-96.346,28.635],[-96.188,28.691],[-96.215,28.629],[-96.137,28.627],[-96.226,28.587],[-95.988,28.645],[-96.219,28.489],[-95.719,28.715],[-95.94,28.626],[-95.952,28.689],[-95.602,28.764],[-95.159,29.046],[-95.171,29.209],[-95.116,29.175],[-94.821,29.374],[-95.024,29.542],[-94.986,29.675],[-95.052,29.75],[-94.92,29.655],[-94.734,29.782],[-94.693,29.696],[-94.779,29.53],[-94.486,29.566],[-94.763,29.367],[-94.102,29.671],[-93.876,29.675],[-93.938,29.806],[-93.854,29.987],[-93.76,29.961],[-93.894,29.791],[-93.831,29.7],[-93.2,29.773],[-92.314,29.534],[-92.025,29.627],[-92.107,29.62],[-92.1,29.71],[-92.172,29.695],[-92.202,29.764],[-91.848,29.831],[-91.858,29.719],[-91.638,29.742],[-91.559,29.538],[-91.429,29.566],[-91.299,29.484],[-91.228,29.608],[-91.263,29.469],[-91.113,29.271],[-91.223,29.38],[-91.34,29.339],[-91.285,29.261],[-90.706,29.12],[-90.586,29.229],[-90.603,29.308],[-90.483,29.291],[-90.434,29.357],[-90.394,29.243],[-90.339,29.311],[-90.261,29.269],[-90.229,29.087],[-90.018,29.298],[-90.024,29.429],[-90.21,29.515],[-90.182,29.579],[-89.816,29.474],[-89.744,29.37],[-89.818,29.316],[-89.455,29.25],[-89.384,29.088],[-89.276,29.16],[-89.414,28.928],[-89.248,29.106],[-89.134,28.996],[-89.023,29.147],[-89.097,29.16],[-89.01,29.175],[-89.147,29.237],[-89.197,29.353],[-89.54,29.398],[-89.524,29.47],[-89.757,29.634],[-89.62,29.627],[-89.702,29.71],[-89.483,29.634],[-89.601,29.735],[-89.483,29.833],[-89.414,29.764],[-89.345,29.792],[-89.332,29.88],[-89.435,29.929],[-89.37,29.951],[-89.455,29.976],[-89.366,30.049],[-89.486,30.076],[-89.665,29.875],[-89.84,30.011],[-89.718,30.033],[-89.667,30.164],[-89.743,30.1],[-89.736,30.175],[-89.789,30.099],[-89.88,30.155],[-90.168,30.024],[-90.38,30.08],[-90.428,30.189],[-90.189,30.391],[-89.596,30.156],[-89.443,30.19],[-89.332,30.377],[-89.24,30.321],[-88.859,30.408],[-88.982,30.422],[-88.928,30.442],[-88.742,30.354],[-88.591,30.395],[-88.471,30.324],[-88.335,30.404],[-88.138,30.32],[-88.03,30.738],[-87.912,30.584],[-87.911,30.414],[-87.821,30.405],[-87.764,30.28],[-88.03,30.224],[-87.59,30.275],[-87.612,30.36],[-87.474,30.359],[-87.427,30.483],[-87.346,30.428],[-87.529,30.278],[-87.329,30.32],[-87.157,30.475],[-87.181,30.585],[-87.077,30.45],[-87.03,30.607],[-86.894,30.439],[-87.194,30.36],[-86.602,30.418],[-86.488,30.524],[-86.408,30.461],[-86.207,30.505],[-86.117,30.379],[-86.248,30.436],[-86.511,30.408],[-86.066,30.306],[-85.721,30.134],[-85.854,30.265],[-85.755,30.319],[-85.709,30.247],[-85.587,30.326],[-85.555,30.285],[-85.721,30.196],[-85.395,30.056],[-85.442,30.02],[-85.68,30.134],[-85.357,29.889],[-85.33,29.689],[-85.413,29.851],[-85.346,29.678],[-85.004,29.716],[-84.873,29.805],[-84.875,29.733],[-84.508,29.922],[-84.377,29.887],[-84.343,29.947],[-84.466,29.99],[-84.346,29.97],[-84.384,30.032],[-84.209,30.107],[-84.024,30.107],[-83.681,29.921],[-83.397,29.655],[-83.405,29.532],[-83.041,29.18],[-82.801,29.175],[-82.634,28.888],[-82.664,28.448],[-82.842,27.829],[-82.719,27.66],[-82.815,27.832],[-82.654,27.695],[-82.562,27.886],[-82.719,27.928],[-82.644,27.969],[-82.691,28.038],[-82.541,27.943],[-82.527,27.825],[-82.422,27.917],[-82.39,27.811],[-82.637,27.524],[-82.589,27.503],[-82.661,27.52],[-82.657,27.462],[-82.729,27.515],[-82.574,27.395],[-82.314,26.849],[-82.15,26.803],[-82.274,27.016],[-82.155,26.928],[-81.978,26.996],[-82.097,26.909],[-82.039,26.528],[-81.78,26.715],[-82.009,26.485],[-81.856,26.449],[-81.801,26.099],[-81.664,25.981],[-81.732,25.92],[-81.623,25.947],[-81.348,25.817],[-81.141,25.385],[-80.917,25.246],[-81.006,25.214],[-81.13,25.344],[-81.177,25.228],[-81.102,25.125],[-80.855,25.186],[-80.711,25.145],[-80.566,25.246],[-80.403,25.186],[-80.423,25.252],[-80.314,25.371],[-80.307,25.618],[-80.132,25.901],[-80.129,25.775],[-80.038,26.811],[-80.149,27.138],[-80.314,27.243],[-80.197,27.18],[-80.738,28.373],[-80.848,28.791],[-80.752,28.742],[-80.766,28.612],[-80.675,28.596],[-80.657,28.621],[-80.6,28.6],[-80.588,28.506],[-80.62,28.207],[-80.451,27.866],[-80.592,28.208],[-80.528,28.473],[-80.627,28.651],[-80.922,29.068],[-81.178,29.586],[-81.41,30.456],[-81.5,30.551],[-81.489,30.621],[-81.438,30.524],[-81.429,30.682],[-81.499,30.704],[-81.533,30.847],[-81.451,30.964],[-81.52,30.977],[-81.451,31.022],[-81.514,31.093],[-81.424,31.025],[-81.405,31.095],[-81.493,31.114],[-81.455,31.206],[-81.386,31.142],[-81.268,31.259],[-81.492,31.368],[-81.326,31.349],[-81.331,31.552],[-81.196,31.718],[-81.273,31.766],[-81.106,31.743],[-81.04,31.827],[-81.143,31.855],[-81.118,31.908],[-80.958,31.879],[-80.937,31.976],[-80.836,32.003],[-80.895,32.059],[-80.788,32.236],[-80.821,32.108],[-80.678,32.215],[-80.799,32.32],[-80.855,32.539],[-80.678,32.303],[-80.657,32.463],[-80.637,32.267],[-80.471,32.323],[-80.43,32.41],[-80.547,32.347],[-80.458,32.423],[-80.587,32.457],[-80.478,32.478],[-80.67,32.521],[-80.54,32.561],[-80.331,32.486],[-80.204,32.561],[-80.266,32.621],[-80.177,32.567],[-80.005,32.612],[-79.871,32.708],[-79.944,32.851],[-79.829,32.763],[-79.589,32.914],[-79.585,33.014],[-79.387,33.017],[-79.293,33.109],[-79.34,33.156],[-79.183,33.184],[-79.291,33.278],[-79.277,33.359],[-79.19,33.437],[-79.272,33.317],[-79.183,33.218],[-79.133,33.417],[-78.763,33.779],[-78.375,33.951],[-78.018,33.896],[-77.963,34.191],[-77.942,33.93],[-77.73,34.316],[-77.536,34.469],[-77.379,34.527],[-77.436,34.753],[-77.337,34.561],[-77.137,34.682],[-77.132,34.762],[-77.093,34.677],[-76.702,34.726],[-76.771,34.753],[-76.685,34.801],[-76.633,34.709],[-76.616,34.816],[-76.513,34.734],[-76.346,34.883],[-76.27,34.973],[-76.353,35.027],[-76.325,34.976],[-76.462,34.941],[-76.454,35.073],[-76.49,34.973],[-76.569,34.993],[-76.54,34.932],[-76.632,34.987],[-76.757,34.91],[-76.94,34.98],[-77.079,35.157],[-76.764,34.989],[-76.561,35.124],[-76.675,35.171],[-76.47,35.271],[-76.976,35.438],[-77.052,35.534],[-76.6,35.395],[-76.647,35.521],[-76.463,35.541],[-76.575,35.497],[-76.498,35.391],[-76.418,35.465],[-76.374,35.343],[-76.355,35.413],[-76.15,35.347],[-75.886,35.637],[-75.784,35.576],[-75.722,35.829],[-75.853,35.98],[-75.861,35.881],[-75.99,35.887],[-76.037,35.651],[-76.141,35.699],[-76.037,35.699],[-76.124,35.795],[-76.056,35.793],[-76.048,35.984],[-76.284,35.973],[-76.264,35.925],[-76.42,35.981],[-76.73,35.945],[-76.73,36.323],[-76.687,36.056],[-76.577,36.012],[-76.312,36.096],[-76.463,36.206],[-76.22,36.1],[-76.292,36.213],[-76.168,36.131],[-76.063,36.162],[-76.199,36.323],[-75.908,36.165],[-75.962,36.307],[-75.786,36.082],[-75.919,36.429],[-75.928,36.364],[-76.037,36.501],[-76.045,36.59],[-75.901,36.496],[-75.947,36.718],[-75.719,36.01],[-75.524,35.794],[-76.005,36.932],[-76.31,36.96],[-76.292,36.85],[-76.381,36.901],[-76.524,36.863],[-76.495,36.954],[-76.66,37.043],[-76.67,37.185],[-76.718,37.15],[-76.973,37.24],[-77.017,37.295],[-77.274,37.316],[-77.004,37.323],[-76.931,37.245],[-76.86,37.323],[-76.744,37.197],[-76.634,37.221],[-76.429,36.976],[-76.283,37.028],[-76.386,37.232],[-76.468,37.214],[-76.606,37.296],[-76.798,37.504],[-76.496,37.249],[-76.372,37.288],[-76.415,37.443],[-76.258,37.336],[-76.27,37.517],[-76.393,37.533],[-76.284,37.57],[-76.552,37.627],[-76.926,38.059],[-77.134,38.166],[-76.935,38.094],[-76.505,37.657],[-76.469,37.709],[-76.305,37.638],[-76.325,37.849],[-76.25,37.823],[-76.248,37.903],[-76.531,38.025],[-76.615,38.15],[-76.954,38.21],[-77.041,38.396],[-77.343,38.349],[-77.23,38.657],[-77.135,38.636],[-77.168,38.689],[-77.048,38.716],[-77.068,38.902],[-77.012,38.697],[-77.228,38.557],[-77.255,38.394],[-77.032,38.481],[-76.922,38.292],[-76.839,38.257],[-76.881,38.399],[-76.804,38.254],[-76.517,38.132],[-76.456,38.207],[-76.324,38.044],[-76.373,38.299],[-76.451,38.293],[-76.674,38.486],[-76.681,38.679],[-76.636,38.474],[-76.419,38.322],[-76.382,38.385],[-76.512,38.528],[-76.55,38.755],[-76.493,38.899],[-76.569,38.953],[-76.452,38.944],[-76.569,39.066],[-76.456,38.989],[-76.394,39.025],[-76.516,39.076],[-76.433,39.067],[-76.433,39.131],[-76.623,39.26],[-76.449,39.195],[-76.397,39.238],[-76.483,39.311],[-76.401,39.256],[-76.431,39.318],[-76.333,39.351],[-76.401,39.393],[-76.312,39.403],[-76.284,39.311],[-76.232,39.475],[-76.21,39.365],[-76.068,39.458],[-76.083,39.558],[-75.935,39.604],[-76.001,39.453],[-75.832,39.584],[-75.839,39.461],[-76.034,39.393],[-75.839,39.371],[-76.175,39.316],[-76.273,39.168],[-76.235,39.025],[-76.065,39.146],[-76.198,38.979],[-76.315,39.029],[-76.375,38.842],[-76.247,38.951],[-76.106,38.878],[-76.188,38.847],[-76.109,38.801],[-76.173,38.757],[-76.253,38.855],[-76.305,38.823],[-76.341,38.673],[-76.288,38.776],[-76.292,38.721],[-76.234,38.757],[-76.199,38.675],[-76.168,38.728],[-76.154,38.653],[-76.024,38.593],[-75.963,38.659],[-75.97,38.607],[-76.054,38.568],[-76.277,38.625],[-76.286,38.563],[-76.172,38.566],[-76.319,38.474],[-76.216,38.317],[-76.21,38.392],[-76.038,38.232],[-75.99,38.362],[-75.963,38.248],[-75.843,38.404],[-75.907,38.271],[-75.819,38.234],[-75.941,38.135],[-75.743,38.111],[-75.875,37.951],[-75.633,37.96],[-75.743,37.912],[-75.661,37.843],[-75.787,37.809],[-75.935,37.576],[-76.017,37.258],[-75.949,37.125],[-75.887,37.357],[-75.104,38.316],[-75.18,38.408],[-75.063,38.457],[-75.079,38.337],[-75.045,38.425],[-75.06,38.613],[-75.208,38.57],[-75.099,38.638],[-75.139,38.688],[-75.065,38.633],[-75.084,38.796],[-75.195,38.815],[-75.394,39.056],[-75.398,39.249],[-75.588,39.463],[-75.592,39.649],[-75.392,39.84],[-75.148,39.903],[-75.024,40.016],[-75.144,39.875],[-75.406,39.803],[-75.558,39.613],[-75.532,39.478],[-75.146,39.187],[-74.906,39.18],[-74.955,38.926],[-74.803,38.988],[-74.551,39.283],[-74.642,39.307],[-74.413,39.357],[-74.469,39.399],[-74.407,39.557],[-74.297,39.509],[-74.061,40.062],[-74.093,39.776],[-73.979,40.449],[-73.993,40.402],[-74.283,40.497],[-73.918,40.931],[-73.976,41.292],[-73.872,41.116],[-73.875,41.013],[-73.922,40.887],[-73.909,40.869],[-73.932,40.818],[-73.927,40.805],[-73.798,40.813],[-73.635,41.007],[-73.221,41.167],[-73.108,41.149],[-72.91,41.305],[-72.892,41.245],[-72.508,41.256],[-72.351,41.29],[-72.392,41.366],[-72.288,41.283],[-72.083,41.352],[-71.871,41.303],[-71.498,41.366],[-71.391,41.819],[-71.26,41.651],[-71.111,41.797],[-71.207,41.646],[-71.186,41.469],[-71.062,41.564],[-71.04,41.507],[-70.948,41.536],[-70.905,41.64],[-70.845,41.592],[-70.71,41.748],[-70.624,41.729],[-70.659,41.521],[-70.418,41.64],[-69.939,41.674],[-69.925,41.838],[-70.081,42.058],[-70.247,42.061],[-70.1,42.037],[-70,41.816],[-70.07,41.773],[-70.335,41.719],[-70.275,41.736],[-70.504,41.79],[-70.545,41.941],[-70.715,42.003],[-70.648,42.065],[-70.591,42.017],[-70.742,42.236],[-70.899,42.318],[-70.867,42.265],[-70.955,42.243],[-71.047,42.322],[-70.892,42.428],[-70.878,42.538],[-70.597,42.634],[-70.632,42.695],[-70.757,42.657],[-70.864,42.826],[-70.733,43.12],[-70.66,43.094],[-70.571,43.298],[-70.322,43.453],[-70.344,43.539],[-70.205,43.561],[-70.287,43.651],[-70.109,43.807],[-69.951,43.849],[-70.009,43.741],[-69.931,43.849],[-69.985,43.726],[-69.869,43.87],[-69.791,43.733],[-69.883,43.977],[-69.783,44.057],[-69.758,43.76],[-69.63,44.027],[-69.67,43.874],[-69.592,43.808],[-69.534,44.021],[-69.548,43.835],[-69.364,44.061],[-69.37,43.973],[-69.219,44.008],[-69.263,43.93],[-69.191,43.952],[-68.937,44.332],[-68.987,44.421],[-68.807,44.473],[-68.802,44.56],[-68.743,44.537],[-68.816,44.402],[-68.699,44.41],[-68.821,44.315],[-68.541,44.237],[-68.574,44.411],[-68.465,44.39],[-68.478,44.493],[-68.409,44.405],[-68.273,44.452],[-68.308,44.529],[-68.222,44.466],[-68.202,44.525],[-68.061,44.328],[-67.972,44.404],[-68.029,44.469],[-67.968,44.501],[-67.937,44.409],[-67.902,44.487],[-67.902,44.397],[-67.791,44.6],[-67.714,44.501],[-67.659,44.567],[-67.569,44.539],[-67.554,44.644],[-67.454,44.605],[-67.435,44.659],[-67.409,44.596],[-67.396,44.699],[-67.196,44.644],[-66.977,44.816],[-67.059,44.897],[-67.044,44.834],[-67.088,44.888],[-67.149,44.816],[-67.203,44.905],[-67.04,44.973],[-67.176,45.179],[-67.319,45.154],[-67.471,45.266],[-67.431,45.598],[-67.807,45.713],[-67.814,47.082],[-68.3,47.368],[-68.906,47.19],[-69.057,47.269],[-69.07,47.432],[-69.222,47.46],[-70.008,46.704],[-70.074,46.42],[-70.281,46.212],[-70.263,45.923],[-70.419,45.717],[-70.687,45.573],[-70.732,45.492],[-70.641,45.408],[-70.813,45.423],[-70.892,45.235],[-70.993,45.348],[-71.16,45.246],[-71.334,45.289],[-71.449,45.227],[-71.504,45.014],[-74.713,44.999],[-74.887,45.009],[-75.27,44.864],[-75.87,44.409],[-76.15,44.305],[-76.455,44.084],[-76.842,43.626],[-78.751,43.617],[-79.174,43.465],[-79.032,43.013],[-78.909,42.93],[-79.019,42.803],[-80.247,42.365],[-81.277,42.209],[-82.425,41.677],[-82.711,41.68],[-83.097,41.876],[-83.129,42.24],[-82.526,42.62],[-82.146,43.576],[-82.548,45.335],[-83.484,45.772],[-83.637,45.774],[-83.463,46.008],[-83.614,46.116],[-83.965,46.063],[-84.097,46.225],[-84.11,46.526],[-84.567,46.461],[-84.773,46.633],[-84.879,46.898],[-88.347,48.299],[-89.364,47.98],[-89.92,47.987],[-90.12,48.115],[-90.75,48.084],[-90.874,48.234],[-91.276,48.065],[-91.575,48.048],[-92.07,48.347],[-92.282,48.332],[-92.372,48.223],[-92.491,48.433],[-92.719,48.46],[-92.649,48.536],[-92.98,48.618],[-93.386,48.615],[-93.757,48.517],[-93.875,48.636],[-94.593,48.726],[-94.711,48.808],[-94.827,49.293],[-94.983,49.356],[-95.161,49.369],[-95.177,48.993],[-97.815,48.993],[-102.211,48.993],[-106.607,48.993],[-110.564,48.993],[-114.74,48.993],[-118.697,48.993],[-122.753,48.993]],[[-75.153,38.207],[-75.379,37.856],[-75.092,38.303],[-75.153,38.207]]],[[[-141.006,69.651],[-141.413,69.65],[-143.236,70.118],[-143.298,70.043],[-143.551,70.127],[-144.064,70.086],[-144.071,69.989],[-144.13,70.068],[-144.942,69.978],[-145.275,69.993],[-145.215,70.044],[-145.88,70.175],[-147.68,70.212],[-147.843,70.308],[-148.223,70.359],[-148.512,70.318],[-148.682,70.42],[-149.489,70.523],[-150.417,70.415],[-150.379,70.497],[-150.794,70.503],[-151.222,70.376],[-151.98,70.449],[-151.76,70.567],[-152.63,70.559],[-152.075,70.579],[-152.509,70.664],[-152.219,70.812],[-152.327,70.857],[-152.713,70.89],[-152.715,70.821],[-153.256,70.933],[-153.894,70.898],[-154.23,70.778],[-154.81,70.881],[-154.608,71.021],[-154.972,71.12],[-155.097,71.017],[-155.09,71.155],[-155.097,71.086],[-155.289,71.086],[-155.192,70.995],[-155.309,71.029],[-155.577,70.846],[-155.891,70.837],[-155.978,70.76],[-155.981,70.894],[-156.187,70.922],[-155.556,71.127],[-156.443,71.268],[-156.604,71.354],[-156.472,71.412],[-157.865,70.866],[-159.06,70.817],[-158.99,70.777],[-159.279,70.765],[-159.222,70.689],[-159.449,70.784],[-159.141,70.825],[-159.373,70.846],[-159.161,70.887],[-159.668,70.805],[-160.096,70.643],[-160.12,70.606],[-159.948,70.636],[-159.716,70.497],[-159.291,70.538],[-159.71,70.47],[-159.826,70.497],[-159.771,70.195],[-159.948,70.37],[-160.134,70.325],[-159.922,70.49],[-160.202,70.477],[-159.944,70.522],[-159.947,70.597],[-160.172,70.605],[-160.95,70.29],[-162.122,70.154],[-161.703,70.264],[-161.906,70.321],[-163.019,69.746],[-163.126,69.39],[-163.623,69.119],[-164.346,68.929],[-166.223,68.886],[-166.315,68.406],[-166.829,68.351],[-166.297,68.3],[-164.151,67.62],[-163.725,67.111],[-162.58,67.015],[-162.36,67.167],[-162.457,66.995],[-162.288,67.071],[-162.248,67.015],[-161.835,67.055],[-161.525,66.991],[-161.731,66.954],[-161.902,66.735],[-161.495,66.537],[-161.272,66.543],[-161.136,66.652],[-160.881,66.672],[-160.552,66.591],[-160.275,66.655],[-160.216,66.433],[-160.765,66.37],[-161.204,66.539],[-161.634,66.458],[-162.066,66.653],[-162.017,66.781],[-162.307,66.953],[-162.485,66.96],[-162.639,66.9],[-162.505,66.75],[-162.21,66.707],[-161.888,66.524],[-161.912,66.279],[-161.745,66.406],[-161.26,66.369],[-160.997,66.241],[-161.093,66.124],[-161.106,66.25],[-161.506,66.279],[-161.821,65.98],[-162.179,66.076],[-162.677,66.007],[-162.759,66.111],[-163.68,66.079],[-163.917,66.211],[-164.191,66.193],[-163.855,66.289],[-163.762,66.526],[-163.93,66.586],[-163.629,66.57],[-163.736,66.603],[-164.274,66.602],[-164.718,66.556],[-165.033,66.399],[-165.306,66.437],[-165.766,66.324],[-165.874,66.226],[-165.5,66.152],[-165.755,66.105],[-166.287,66.18],[-167.06,65.878],[-167.346,65.899],[-167.531,65.726],[-168.04,65.636],[-167.882,65.755],[-168.135,65.67],[-168.052,65.58],[-167.399,65.401],[-166.031,65.243],[-166.371,65.273],[-166.713,65.113],[-166.932,65.169],[-166.88,65.282],[-166.957,65.178],[-166.39,64.899],[-166.483,64.73],[-166.19,64.585],[-165.036,64.448],[-164.837,64.455],[-164.766,64.48],[-164.924,64.46],[-164.938,64.535],[-164.657,64.521],[-164.746,64.493],[-164.342,64.59],[-163.679,64.586],[-163.166,64.411],[-163.04,64.521],[-163.39,64.597],[-163.149,64.658],[-162.827,64.501],[-162.781,64.344],[-162.122,64.713],[-161.895,64.712],[-161.716,64.795],[-161.806,64.823],[-161.422,64.774],[-161.183,64.94],[-160.991,64.939],[-161.155,64.925],[-160.788,64.718],[-161.035,64.508],[-161.414,64.538],[-161.539,64.398],[-161.189,64.418],[-160.767,63.824],[-161.186,63.506],[-162.169,63.431],[-162.018,63.486],[-162.293,63.55],[-162.597,63.277],[-163.074,63.061],[-163.351,63.031],[-163.529,63.117],[-163.807,62.986],[-163.542,63.129],[-163.664,63.117],[-163.729,63.217],[-164.366,63.229],[-164.595,63.13],[-164.314,63.014],[-164.691,63.027],[-164.883,62.842],[-164.766,62.801],[-164.89,62.787],[-164.813,62.62],[-164.479,62.746],[-164.858,62.564],[-164.582,62.426],[-164.734,62.379],[-164.609,62.437],[-164.868,62.538],[-165.133,62.516],[-165.706,62.117],[-165.75,61.984],[-165.588,61.862],[-166.103,61.821],[-165.766,61.691],[-166.116,61.636],[-166.144,61.726],[-166.195,61.586],[-166.106,61.499],[-165.924,61.562],[-165.777,61.516],[-165.921,61.399],[-165.61,61.287],[-165.513,61.087],[-165.363,61.078],[-165.39,61.225],[-165.226,61.273],[-165.205,61.41],[-164.691,61.601],[-165.159,61.419],[-165.213,61.265],[-165.363,61.213],[-165.212,61.15],[-165.157,61.156],[-165.136,61.201],[-165.082,61.218],[-165.143,61.259],[-165.061,61.218],[-165.13,61.157],[-165.191,61.136],[-165.059,61.063],[-164.766,61.109],[-165.198,60.978],[-165.129,60.923],[-164.879,60.957],[-164.798,60.903],[-164.628,60.932],[-164.564,60.855],[-164.007,60.862],[-163.704,61],[-163.756,60.945],[-163.563,60.89],[-163.93,60.855],[-163.409,60.752],[-163.78,60.58],[-163.816,60.755],[-163.986,60.776],[-164.42,60.554],[-164.218,60.69],[-164.271,60.788],[-164.669,60.826],[-164.64,60.913],[-164.835,60.868],[-164.937,60.936],[-164.999,60.711],[-165.431,60.553],[-165.222,60.499],[-164.986,60.547],[-165.101,60.407],[-164.753,60.287],[-164.649,60.334],[-164.413,60.092],[-164.115,60.005],[-164.212,59.955],[-164.129,59.843],[-163.615,59.801],[-162.526,59.998],[-162.45,60.191],[-162.703,60.266],[-162.56,60.261],[-162.608,60.334],[-162.416,60.382],[-162.276,60.613],[-162.123,60.659],[-162.183,60.731],[-162.072,60.665],[-161.882,60.704],[-162.224,60.588],[-162.459,60.295],[-162.317,60.113],[-162.29,60.242],[-162.149,60.245],[-162.21,60.025],[-161.714,59.501],[-162.052,59.27],[-161.896,59.075],[-161.569,59.115],[-161.856,59.034],[-161.775,58.771],[-161.656,58.806],[-161.891,58.654],[-162.176,58.645],[-161.763,58.591],[-161.765,58.645],[-161.71,58.614],[-161.765,58.559],[-161.301,58.682],[-161.3,58.815],[-161.18,58.783],[-160.889,58.884],[-160.834,58.813],[-160.352,59.071],[-160.329,58.941],[-159.997,58.874],[-159.906,58.765],[-159.617,58.931],[-159.661,58.839],[-159.385,58.756],[-159.051,58.425],[-158.83,58.405],[-158.709,58.492],[-158.915,58.775],[-158.827,58.819],[-158.886,58.737],[-158.788,58.77],[-158.825,58.977],[-158.729,58.874],[-158.462,59.053],[-158.544,59.176],[-158.442,59.087],[-158.14,59.036],[-157.995,58.908],[-158.173,59.013],[-158.498,58.994],[-158.558,58.806],[-158.203,58.613],[-157.084,58.887],[-156.783,59.155],[-157.078,58.757],[-156.941,58.738],[-157.436,58.522],[-157.562,58.364],[-157.483,58.23],[-157.139,58.168],[-157.384,58.207],[-157.606,58.105],[-157.71,57.653],[-157.595,57.493],[-157.414,57.497],[-157.392,57.566],[-157.414,57.49],[-157.657,57.484],[-157.758,57.564],[-158.058,57.367],[-158.312,57.315],[-158.682,57.022],[-158.64,56.764],[-158.945,56.843],[-159.011,56.789],[-158.889,56.89],[-159.209,56.695],[-159.746,56.579],[-160.369,56.277],[-160.572,55.935],[-160.251,55.852],[-160.244,55.777],[-160.785,55.888],[-160.662,55.733],[-160.799,55.715],[-161.023,55.891],[-160.874,55.993],[-161.368,55.956],[-161.155,56.017],[-161.8,55.89],[-162.605,55.43],[-162.504,55.44],[-162.497,55.374],[-162.642,55.38],[-162.962,55.169],[-163.077,55.181],[-163.025,55.246],[-163.335,55.12],[-163.246,54.97],[-163.357,54.818],[-163.05,54.942],[-163.206,55.019],[-163.183,55.139],[-162.878,54.939],[-162.649,55.053],[-162.56,54.961],[-162.718,55.218],[-162.645,55.3],[-162.361,55.105],[-162.517,55.115],[-162.449,55.04],[-162.202,55.04],[-162.231,55.113],[-162.101,55.168],[-162.128,55.103],[-162.001,55.093],[-162.046,55.236],[-161.902,55.218],[-161.621,55.613],[-161.408,55.636],[-161.145,55.535],[-161.368,55.578],[-161.479,55.485],[-161.507,55.364],[-161.279,55.355],[-160.925,55.519],[-160.683,55.465],[-160.768,55.545],[-160.613,55.606],[-160.495,55.486],[-160.366,55.606],[-160.442,55.647],[-160.164,55.657],[-160.155,55.737],[-160.065,55.701],[-160.038,55.797],[-159.857,55.79],[-159.83,55.853],[-159.625,55.813],[-159.71,55.668],[-159.617,55.635],[-159.757,55.599],[-159.627,55.578],[-159.545,55.89],[-159.422,55.79],[-159.356,55.879],[-158.928,55.921],[-158.859,56.013],[-158.683,55.958],[-158.702,56.147],[-158.565,56.168],[-158.64,56.202],[-158.479,56.191],[-158.605,56.052],[-158.428,56.007],[-158.503,56.102],[-158.408,56.078],[-158.41,56.181],[-158.36,56.127],[-158.119,56.236],[-158.414,56.202],[-158.208,56.284],[-158.473,56.343],[-158.537,56.25],[-158.646,56.271],[-158.416,56.446],[-158.126,56.517],[-157.877,56.478],[-157.869,56.569],[-158.128,56.55],[-157.773,56.684],[-157.665,56.611],[-157.483,56.62],[-157.606,56.722],[-157.406,56.764],[-157.444,56.857],[-157.189,56.776],[-156.961,56.977],[-156.809,56.907],[-156.776,57.052],[-156.55,56.983],[-156.645,57.059],[-156.376,57.143],[-156.447,57.23],[-156.34,57.285],[-156.545,57.323],[-156.215,57.476],[-156.061,57.43],[-156.02,57.577],[-155.742,57.552],[-155.605,57.792],[-155.31,57.74],[-155.337,57.833],[-155.069,57.897],[-155.023,58.026],[-154.779,58.005],[-154.67,58.072],[-154.583,58.025],[-154.494,58.203],[-154.336,58.085],[-154.337,58.162],[-154.227,58.141],[-154.302,58.196],[-154.166,58.217],[-154.248,58.258],[-154.121,58.28],[-154.364,58.285],[-154,58.386],[-154.11,58.477],[-153.942,58.503],[-153.899,58.617],[-153.609,58.644],[-153.264,58.857],[-153.712,59.071],[-154.165,59.026],[-154.261,59.148],[-153.953,59.361],[-154.145,59.381],[-153.751,59.44],[-153.877,59.546],[-153.586,59.567],[-153.706,59.632],[-153.623,59.695],[-153.491,59.65],[-153.453,59.793],[-153.322,59.718],[-153.425,59.649],[-153.237,59.648],[-153,59.813],[-153.288,59.82],[-153.243,59.862],[-152.719,59.916],[-152.579,60.081],[-153.083,60.3],[-152.596,60.228],[-152.246,60.396],[-152.33,60.492],[-152.051,60.673],[-151.87,60.759],[-151.711,60.726],[-151.808,60.848],[-151.567,60.995],[-151.177,61.054],[-150.54,61.369],[-150.5,61.262],[-149.984,61.246],[-149.757,61.453],[-149.428,61.513],[-149.246,61.499],[-149.683,61.399],[-150.067,61.156],[-149.026,60.855],[-149.753,60.974],[-150.225,60.937],[-150.387,61.047],[-151.417,60.718],[-151.306,60.387],[-151.872,59.749],[-151.411,59.608],[-151.431,59.666],[-150.993,59.779],[-151.174,59.6],[-151.441,59.532],[-151.382,59.445],[-151.652,59.486],[-151.894,59.413],[-151.815,59.354],[-151.987,59.293],[-151.742,59.167],[-151.41,59.26],[-151.11,59.219],[-151.243,59.318],[-151.043,59.297],[-150.959,59.204],[-150.918,59.327],[-150.609,59.439],[-150.657,59.552],[-150.493,59.601],[-150.479,59.467],[-150.224,59.715],[-150.348,59.47],[-150.088,59.595],[-150.119,59.7],[-150.013,59.628],[-149.916,59.718],[-150.032,59.799],[-149.757,59.662],[-149.868,59.848],[-149.766,59.84],[-149.725,59.964],[-149.636,59.745],[-149.527,59.718],[-149.628,59.828],[-149.389,59.998],[-149.409,60.124],[-149.286,59.875],[-149.103,60.058],[-149.107,59.969],[-148.646,59.923],[-148.546,60.032],[-148.435,59.959],[-148.333,60.17],[-148.189,60.135],[-148.1,60.221],[-148.21,60.156],[-148.226,60.26],[-148.443,60.184],[-148.391,60.277],[-147.936,60.461],[-148.084,60.605],[-148.264,60.451],[-148.47,60.546],[-148.69,60.457],[-148.488,60.582],[-148.337,60.541],[-148.197,60.629],[-148.231,60.773],[-148.43,60.629],[-148.375,60.78],[-148.667,60.675],[-148.45,60.8],[-148.704,60.793],[-148.333,60.819],[-148.333,60.971],[-148.149,61.06],[-148.41,60.986],[-148.409,61.06],[-148.146,61.118],[-148.049,61.027],[-147.73,61.28],[-148.05,60.95],[-147.87,60.838],[-147.703,60.951],[-147.599,60.869],[-147.561,61.156],[-147.542,60.913],[-147.423,61.012],[-147.365,60.891],[-147.288,61.007],[-147.165,60.951],[-146.984,61.006],[-146.977,60.946],[-146.609,61.131],[-146.3,61.133],[-146.284,61.081],[-146.648,61.074],[-146.57,61.031],[-146.7,60.977],[-146.586,60.945],[-146.735,60.924],[-146.628,60.827],[-146.358,60.822],[-146.223,60.893],[-146.093,60.841],[-146.696,60.745],[-146.482,60.687],[-146.043,60.801],[-146.239,60.635],[-145.939,60.708],[-146.004,60.636],[-145.629,60.679],[-145.939,60.456],[-145.573,60.451],[-145.27,60.357],[-144.756,60.684],[-144.623,60.717],[-144.761,60.673],[-144.887,60.485],[-144.791,60.465],[-144.942,60.307],[-144.571,60.191],[-144.196,60.206],[-144.253,60.155],[-144.003,60.04],[-144.25,60.032],[-143.919,59.997],[-142.798,60.112],[-141.673,59.961],[-141.393,60.022],[-141.478,60.111],[-141.378,60.142],[-141.267,59.956],[-141.454,59.882],[-140.323,59.701],[-139.849,59.819],[-139.521,60.051],[-139.239,59.878],[-138.897,59.813],[-139.28,59.834],[-139.29,59.576],[-139.305,59.865],[-139.473,59.994],[-139.621,59.89],[-139.48,59.704],[-139.645,59.573],[-139.857,59.546],[-138.63,59.142],[-138.449,59.192],[-138.61,59.128],[-138.288,59.081],[-137.671,58.633],[-137.438,58.656],[-137.631,58.606],[-137.112,58.395],[-136.861,58.382],[-136.665,58.22],[-136.561,58.258],[-136.621,58.354],[-136.371,58.3],[-136.41,58.379],[-136.561,58.374],[-136.506,58.443],[-136.273,58.313],[-136.057,58.36],[-136.062,58.474],[-136.293,58.669],[-136.328,58.6],[-136.526,58.614],[-136.343,58.692],[-136.492,58.749],[-136.438,58.669],[-136.516,58.702],[-136.588,58.848],[-136.739,58.874],[-136.8,58.84],[-136.995,58.893],[-137.13,58.826],[-137.013,58.923],[-136.904,58.932],[-137.046,59.069],[-136.633,58.892],[-136.712,59.026],[-136.574,58.916],[-136.492,58.971],[-136.475,58.837],[-136.26,58.826],[-136.382,58.806],[-136.21,58.751],[-136.1,58.854],[-136.118,58.933],[-136.225,58.923],[-136.157,59.038],[-136.047,58.861],[-135.964,58.923],[-135.773,58.905],[-136.074,58.813],[-135.821,58.6],[-135.909,58.381],[-135.628,58.426],[-135.478,58.374],[-135.485,58.484],[-135.35,58.277],[-135.094,58.237],[-135.163,58.635],[-135.554,59.23],[-135.307,59.087],[-135.554,59.32],[-135.414,59.301],[-135.348,59.471],[-135.149,58.844],[-135.026,58.738],[-134.95,58.82],[-134.916,58.656],[-134.991,58.683],[-134.756,58.382],[-134.498,58.354],[-134.158,58.204],[-133.977,58.505],[-133.772,58.525],[-134.005,58.409],[-134.06,58.072],[-133.864,57.987],[-133.682,58.155],[-133.691,57.942],[-133.861,57.957],[-133.686,57.791],[-133.554,57.929],[-133.124,57.857],[-133.552,57.915],[-133.529,57.751],[-133.004,57.518],[-133.648,57.703],[-133.591,57.575],[-133.313,57.593],[-133.497,57.532],[-133.454,57.432],[-133.336,57.438],[-133.419,57.344],[-133.038,57.367],[-133.472,57.282],[-133.552,57.181],[-133.317,57.102],[-133.168,57.17],[-133.165,57.086],[-132.878,57.021],[-132.795,57.093],[-132.768,56.97],[-132.922,56.983],[-132.761,56.846],[-132.515,56.755],[-132.36,56.818],[-132.54,56.632],[-132.305,56.64],[-132.345,56.529],[-132.161,56.38],[-131.98,56.366],[-131.908,56.233],[-131.489,56.222],[-131.963,56.157],[-132.046,55.817],[-132.169,55.802],[-132.168,55.723],[-132.266,55.756],[-132.172,55.589],[-131.961,55.501],[-132.004,55.668],[-131.881,55.599],[-131.764,55.797],[-131.915,55.859],[-131.414,56.01],[-131.342,55.961],[-131.01,56.113],[-131.196,55.971],[-130.92,55.81],[-130.862,55.312],[-130.656,55.352],[-130.612,55.297],[-130.925,55.294],[-131.038,55.108],[-130.811,55.147],[-130.76,55.097],[-130.462,55.332],[-130.72,55.081],[-130.987,55.044],[-130.866,54.773],[-130.736,54.832],[-130.753,54.969],[-130.691,54.763],[-130.365,54.907],[-129.989,55.284],[-130.174,55.749],[-130.02,55.908],[-130.094,56.101],[-130.404,56.122],[-130.76,56.345],[-131.56,56.594],[-131.826,56.593],[-131.872,56.793],[-132.107,56.859],[-132.032,57.028],[-132.341,57.08],[-132.231,57.197],[-133.392,58.404],[-133.831,58.718],[-134.222,58.843],[-134.692,59.235],[-134.958,59.281],[-135.096,59.419],[-135.019,59.559],[-135.465,59.79],[-136.35,59.592],[-136.245,59.528],[-136.468,59.462],[-136.569,59.172],[-136.841,59.148],[-137.487,58.9],[-137.611,59.239],[-138.599,59.754],[-138.705,59.898],[-139.182,60.073],[-139.079,60.341],[-139.68,60.327],[-140.016,60.187],[-140.424,60.293],[-140.534,60.219],[-140.995,60.304],[-141.002,62.654],[-141.003,64.986],[-141.004,67.318],[-141.006,69.651]]],[[[-73.933,40.797],[-73.939,40.828],[-73.917,40.863],[-73.928,40.878],[-74.017,40.699],[-73.933,40.797]]],[[[-132.648,54.818],[-132.629,54.904],[-132.778,54.935],[-132.636,54.757],[-132.648,54.818]]],[[[-131.244,54.935],[-131.264,54.997],[-131.482,54.926],[-131.331,54.861],[-131.244,54.935]]],[[[-132.826,55.054],[-132.751,54.995],[-132.668,55.051],[-132.823,55.191],[-132.826,55.054]]],[[[-132.703,54.701],[-133.166,55.243],[-133.148,54.954],[-132.908,54.838],[-132.843,54.694],[-132.703,54.701]]],[[[-131.48,55.006],[-131.357,55.033],[-131.373,55.201],[-131.552,55.277],[-131.625,55.017],[-131.548,55.089],[-131.48,55.006]]],[[[-133.291,55.263],[-133.318,55.339],[-133.432,55.314],[-133.437,55.211],[-133.249,55.217],[-133.291,55.263]]],[[[-131.818,55.414],[-131.818,55.198],[-131.723,55.14],[-131.764,55.249],[-131.636,55.299],[-131.818,55.414]]],[[[-133.45,55.407],[-133.656,55.373],[-133.607,55.236],[-133.45,55.407]]],[[[-133.538,55.483],[-133.6,55.448],[-133.428,55.447],[-133.477,55.517],[-133.538,55.483]]],[[[-133.347,55.448],[-133.272,55.53],[-133.391,55.557],[-133.347,55.448]]],[[[-133.604,55.489],[-133.703,55.558],[-133.799,55.448],[-133.604,55.489]]],[[[-133.306,55.797],[-133.682,55.79],[-133.542,55.695],[-133.491,55.79],[-133.418,55.738],[-133.306,55.797]]],[[[-155.652,55.887],[-155.75,55.818],[-155.597,55.76],[-155.556,55.915],[-155.652,55.887]]],[[[-134.179,55.915],[-134.332,55.923],[-134.318,55.834],[-134.179,55.915]]],[[[-130.962,55.585],[-130.969,55.701],[-131.28,55.965],[-131.579,55.907],[-131.47,55.832],[-131.688,55.832],[-131.483,55.783],[-131.709,55.74],[-131.517,55.729],[-131.687,55.684],[-131.62,55.595],[-131.82,55.464],[-131.526,55.299],[-131.506,55.499],[-131.421,55.53],[-131.462,55.332],[-131.325,55.447],[-131.351,55.646],[-131.271,55.447],[-131.463,55.293],[-131.298,55.277],[-131.21,55.406],[-131.311,55.236],[-131.192,55.186],[-130.972,55.385],[-130.962,55.585]]],[[[-133.607,56.079],[-133.795,55.944],[-133.703,55.903],[-133.47,56.017],[-133.311,55.998],[-133.285,56.147],[-133.617,56.132],[-133.483,56.092],[-133.607,56.079]]],[[[-132.548,56.304],[-132.703,56.222],[-132.645,56.058],[-132.449,56.065],[-132.336,55.918],[-132.133,55.929],[-132.202,56.092],[-132.092,56.106],[-132.359,56.218],[-132.484,56.195],[-132.4,56.35],[-132.548,56.304]]],[[[-131.977,54.832],[-131.963,55.03],[-132.223,54.989],[-132.001,55.104],[-131.994,55.268],[-132.24,55.197],[-132.243,55.256],[-132.095,55.267],[-132.155,55.366],[-132.484,55.407],[-132.277,55.453],[-132.401,55.517],[-132.682,55.455],[-132.524,55.625],[-132.141,55.465],[-132.371,55.668],[-132.435,55.627],[-132.508,55.828],[-132.736,55.997],[-133.079,56.058],[-133.14,56.119],[-133.025,56.172],[-133.182,56.332],[-133.312,56.277],[-133.615,56.353],[-133.573,56.185],[-133.265,56.147],[-133.26,55.945],[-133.14,55.877],[-133.237,55.745],[-133.382,55.723],[-133.379,55.63],[-133.251,55.585],[-132.908,55.633],[-133.126,55.484],[-132.846,55.352],[-133.207,55.384],[-133.213,55.279],[-132.91,55.285],[-133.035,55.226],[-132.949,55.208],[-132.799,55.27],[-132.696,55.147],[-132.641,55.256],[-132.613,55.064],[-132.56,55.124],[-132.465,55.051],[-132.593,54.968],[-132.49,55.003],[-132.436,54.917],[-132.38,55.023],[-132.265,54.845],[-132.36,54.804],[-132.216,54.804],[-132.278,54.715],[-132.004,54.694],[-131.977,54.832]]],[[[-132.613,56.401],[-132.924,56.452],[-133.055,56.345],[-132.82,56.236],[-132.647,56.282],[-132.613,56.401]]],[[[-132.004,56.339],[-132.152,56.352],[-132.375,56.488],[-132.338,56.258],[-132.072,56.119],[-131.928,56.195],[-132.004,56.339]]],[[[-154.056,56.53],[-154.138,56.51],[-153.877,56.565],[-154.056,56.53]]],[[[-157.061,56.582],[-157.331,56.524],[-156.988,56.531],[-157.061,56.582]]],[[[-154.425,56.593],[-154.7,56.53],[-154.768,56.401],[-154.425,56.593]]],[[[-154.083,56.552],[-154.103,56.613],[-154.35,56.545],[-154.083,56.552]]],[[[-132.96,56.788],[-132.919,56.507],[-132.539,56.576],[-132.816,56.797],[-132.96,56.788]]],[[[-133.885,56.49],[-133.923,56.617],[-133.71,56.595],[-133.717,56.771],[-133.862,56.81],[-133.994,56.639],[-133.936,56.812],[-134.265,56.942],[-134.108,56.846],[-134.306,56.898],[-134.281,56.793],[-134.388,56.865],[-134.397,56.73],[-134.334,56.668],[-134.223,56.694],[-134.247,56.62],[-134.086,56.647],[-134.306,56.565],[-134.121,56.497],[-134.082,56.552],[-134.034,56.486],[-134.039,56.373],[-134.155,56.366],[-134.178,56.441],[-134.293,56.304],[-134.17,56.332],[-134.263,56.246],[-134.114,55.997],[-134.19,56.178],[-134.052,56.319],[-133.949,56.092],[-133.885,56.49]]],[[[-133.913,57.083],[-134.018,57.018],[-133.738,56.894],[-133.878,56.876],[-133.753,56.807],[-133.679,56.854],[-133.659,56.464],[-133.148,56.462],[-133.093,56.606],[-133.242,56.634],[-133.351,56.832],[-132.974,56.609],[-132.98,56.935],[-133.299,57.01],[-133.263,56.925],[-133.335,56.997],[-133.913,57.083]]],[[[-152.908,57.165],[-153.212,57.134],[-153.244,57.211],[-153.412,57.079],[-153.272,56.999],[-152.908,57.165]]],[[[-135.602,57.172],[-135.615,57.284],[-135.844,57.325],[-135.855,57.223],[-135.711,57.168],[-135.841,56.99],[-135.628,57.01],[-135.602,57.172]]],[[[-134.621,56.744],[-134.839,57.258],[-134.985,57.298],[-134.909,57.34],[-135.204,57.429],[-135.18,57.481],[-135.396,57.443],[-135.279,57.511],[-135.437,57.55],[-135.609,57.388],[-135.475,57.354],[-135.673,57.35],[-135.529,57.237],[-135.334,57.25],[-135.413,57.158],[-135.266,57.161],[-135.375,57.093],[-135.165,57.042],[-135.35,56.97],[-135.368,56.829],[-135.122,56.832],[-135.188,56.677],[-134.999,56.762],[-135.11,56.602],[-134.985,56.715],[-134.961,56.627],[-134.847,56.689],[-135.053,56.538],[-134.667,56.17],[-134.621,56.744]]],[[[-153.302,57.833],[-153.212,57.813],[-153.28,57.903],[-153.507,57.97],[-153.302,57.833]]],[[[-152.161,57.627],[-152.426,57.614],[-152.397,57.689],[-152.551,57.703],[-152.329,57.826],[-152.486,57.911],[-152.818,57.86],[-152.886,57.729],[-152.808,57.908],[-153.284,58.01],[-153.048,57.833],[-153.24,57.902],[-153.179,57.71],[-153.449,57.847],[-153.321,57.731],[-153.499,57.761],[-153.507,57.627],[-153.665,57.895],[-153.925,57.81],[-153.906,57.711],[-153.585,57.617],[-153.885,57.648],[-153.678,57.545],[-153.851,57.577],[-153.631,57.271],[-153.891,57.408],[-153.935,57.535],[-154.11,57.545],[-153.973,57.572],[-154.019,57.647],[-154.22,57.676],[-154.635,57.514],[-154.803,57.291],[-154.602,57.259],[-154.529,56.992],[-154.305,56.856],[-154.104,57.114],[-154.413,57.05],[-154.495,57.114],[-153.96,57.12],[-154.1,56.965],[-153.74,57.134],[-153.973,56.963],[-153.775,56.997],[-154.15,56.751],[-153.987,56.744],[-153.56,56.987],[-153.761,57.052],[-153.498,57.074],[-153.542,57.176],[-153.455,57.117],[-153.391,57.209],[-152.959,57.257],[-153.175,57.351],[-152.882,57.352],[-152.837,57.271],[-152.663,57.3],[-152.596,57.374],[-152.801,57.471],[-153.042,57.429],[-152.973,57.518],[-152.363,57.429],[-152.161,57.627]]],[[[-136.39,57.964],[-136.338,58.015],[-136.496,58.095],[-136.553,57.925],[-136.451,57.847],[-136.39,57.964]]],[[[-153.418,58.066],[-152.891,57.998],[-153.278,58.147],[-153.418,58.066]]],[[[-135.848,57.394],[-135.691,57.367],[-135.546,57.466],[-135.605,57.607],[-135.807,57.641],[-135.704,57.676],[-135.813,57.764],[-135.057,57.467],[-134.814,57.497],[-134.914,57.756],[-135.364,57.726],[-135.372,57.805],[-135.89,57.99],[-135.014,57.786],[-134.93,57.813],[-135.204,57.943],[-134.916,57.847],[-134.925,58.027],[-135.389,58.141],[-135.641,57.952],[-135.793,57.984],[-135.632,57.997],[-135.783,58.042],[-135.627,58.041],[-135.485,58.162],[-135.785,58.276],[-135.965,58.164],[-136.137,58.223],[-136.101,58.059],[-136.273,58.221],[-136.273,58.107],[-136.431,58.107],[-136.033,57.847],[-136.312,57.996],[-136.416,57.826],[-136.225,57.785],[-136.115,57.622],[-135.95,57.621],[-136.074,57.607],[-135.801,57.466],[-136.012,57.518],[-135.848,57.394]]],[[[-134.597,58.237],[-134.258,58.196],[-134.563,58.345],[-134.68,58.309],[-134.597,58.237]]],[[[-134.354,57.093],[-134.085,57.256],[-134.176,57.388],[-133.958,57.304],[-133.865,57.355],[-134.073,57.511],[-133.84,57.463],[-134.289,57.837],[-134.307,58.098],[-133.789,57.589],[-134.177,58.164],[-134.693,58.168],[-134.949,58.409],[-134.798,58.113],[-134.731,58.179],[-134.806,58.055],[-134.654,57.598],[-134.567,57.511],[-134.354,57.545],[-134.569,57.492],[-134.464,57.394],[-134.306,57.394],[-134.313,57.332],[-134.556,57.398],[-134.457,57.312],[-134.583,57.269],[-134.526,57.216],[-134.633,57.224],[-134.615,57.01],[-134.354,57.093]]],[[[-151.966,58.333],[-152.144,58.234],[-152.117,58.401],[-152.212,58.353],[-152.349,58.421],[-152.42,58.323],[-152.5,58.463],[-152.651,58.484],[-152.883,58.409],[-152.767,58.258],[-153.11,58.271],[-152.905,58.168],[-153.188,58.22],[-153.23,58.169],[-152.805,57.992],[-152.577,58.207],[-152.548,58.086],[-152.274,58.135],[-152.37,58.203],[-152.277,58.264],[-152.117,58.148],[-151.966,58.333]]],[[[-152.644,58.518],[-152.483,58.481],[-152.349,58.628],[-152.644,58.518]]],[[[-160.948,58.738],[-161.078,58.639],[-161.172,58.691],[-161.074,58.547],[-160.898,58.57],[-160.688,58.819],[-160.948,58.738]]],[[[-152.25,58.923],[-152.158,58.957],[-152.329,58.971],[-152.363,58.916],[-152.25,58.923]]],[[[-150.704,59.395],[-150.732,59.312],[-150.609,59.381],[-150.704,59.395]]],[[[-153.525,59.33],[-153.377,59.348],[-153.398,59.409],[-153.525,59.33]]],[[[-144.342,59.985],[-144.605,59.813],[-144.209,60.012],[-144.342,59.985]]],[[[-147.964,60.074],[-147.966,60.157],[-148.141,60.012],[-147.964,60.074]]],[[[-148.159,60.043],[-148.05,60.196],[-148.314,60.032],[-148.159,60.043]]],[[[-147.107,60.286],[-147.011,60.348],[-147.116,60.382],[-147.915,59.793],[-147.492,59.862],[-146.922,60.313],[-147.107,60.286]]],[[[-145.174,60.382],[-145.284,60.334],[-145.137,60.307],[-145.095,60.416],[-145.174,60.382]]],[[[-146.189,60.402],[-146.613,60.478],[-146.701,60.355],[-146.49,60.361],[-146.672,60.271],[-146.079,60.402],[-146.189,60.402]]],[[[-147.771,60.41],[-147.909,60.293],[-147.799,60.17],[-147.625,60.39],[-147.737,60.396],[-147.614,60.437],[-147.689,60.504],[-147.771,60.41]]],[[[-151.87,60.485],[-151.953,60.508],[-152.073,60.35],[-151.87,60.485]]],[[[-145.757,60.629],[-146.333,60.465],[-146.063,60.488],[-145.757,60.629]]],[[[-148.087,60.8],[-147.915,60.813],[-148.032,60.93],[-148.087,60.8]]],[[[-162.341,63.602],[-162.428,63.642],[-162.718,63.575],[-162.359,63.546],[-162.341,63.602]]],[[[-163.185,69.61],[-163.176,69.482],[-163.136,69.683],[-163.185,69.61]]],[[[-163.056,69.805],[-163.129,69.702],[-162.841,69.935],[-163.056,69.805]]],[[[-162.702,70.022],[-162.806,69.948],[-162.56,70.092],[-162.702,70.022]]],[[[-162.485,70.173],[-162.56,70.106],[-162.163,70.27],[-162.485,70.173]]],[[[-81.705,24.598],[-81.726,24.556],[-81.65,24.576],[-81.705,24.598]]],[[[-81.506,24.639],[-81.561,24.693],[-81.567,24.672],[-81.526,24.648],[-81.527,24.625],[-81.636,24.584],[-81.531,24.615],[-81.506,24.639]]],[[[-81.088,24.686],[-81.04,24.734],[-81.136,24.707],[-81.088,24.686]]],[[[-80.321,25.248],[-80.252,25.344],[-80.369,25.286],[-80.357,25.227],[-80.598,24.95],[-80.321,25.248]]],[[[-82.129,26.461],[-82.205,26.55],[-82.164,26.454],[-82.027,26.447],[-82.129,26.461]]],[[[-82.137,26.585],[-82.082,26.492],[-82.178,26.701],[-82.137,26.585]]],[[[-97.198,26.276],[-97.343,26.757],[-97.377,27.208],[-97.398,26.831],[-97.166,26.103],[-97.198,26.276]]],[[[-97.075,27.815],[-97.206,27.633],[-97.254,27.66],[-97.388,27.224],[-97.075,27.815]]],[[[-80.389,27.719],[-80.163,27.174],[-80.445,27.857],[-80.389,27.719]]],[[[-96.88,28.13],[-97.034,27.852],[-96.85,28.071],[-96.88,28.13]]],[[[-96.428,28.393],[-96.808,28.188],[-96.836,28.071],[-96.417,28.329],[-96.428,28.393]]],[[[-80.677,28.579],[-80.737,28.485],[-80.65,28.225],[-80.612,28.569],[-80.677,28.579]]],[[[-94.814,29.353],[-95.117,29.089],[-94.724,29.333],[-94.814,29.353]]],[[[-91.802,29.49],[-91.72,29.582],[-91.917,29.648],[-92.035,29.596],[-91.802,29.49]]],[[[-85.142,29.641],[-85.086,29.686],[-85.213,29.689],[-85.142,29.641]]],[[[-84.737,29.736],[-84.987,29.62],[-85.097,29.627],[-84.969,29.612],[-84.788,29.695],[-84.693,29.764],[-84.737,29.736]]],[[[-88.872,30.059],[-88.855,29.769],[-88.811,29.915],[-88.872,30.059]]],[[[-89.188,30.08],[-89.25,30.102],[-89.181,30.169],[-89.345,30.066],[-89.188,30.08]]],[[[-89.058,30.258],[-89.154,30.23],[-89.085,30.196],[-89.058,30.258]]],[[[-88.643,30.24],[-88.756,30.25],[-88.538,30.224],[-88.643,30.24]]],[[[-86.694,30.408],[-87.296,30.332],[-86.522,30.401],[-86.694,30.408]]],[[[-81.479,30.806],[-81.462,30.726],[-81.417,30.97],[-81.479,30.806]]],[[[-118.359,32.828],[-118.607,33.031],[-118.499,32.851],[-118.359,32.828]]],[[[-119.489,33.267],[-119.579,33.276],[-119.439,33.22],[-119.489,33.267]]],[[[-118.516,33.423],[-118.464,33.324],[-118.304,33.309],[-118.369,33.408],[-118.604,33.477],[-118.516,33.423]]],[[[-120.044,34.037],[-120.249,34.001],[-120.11,33.893],[-119.969,33.941],[-120.044,34.037]]],[[[-119.529,34.025],[-119.933,34.06],[-119.817,33.959],[-119.529,34.025]]],[[[-77.432,34.5],[-77.634,34.362],[-77.353,34.528],[-77.432,34.5]]],[[[-76.897,34.698],[-77.1,34.65],[-76.681,34.705],[-76.897,34.698]]],[[[-76.256,34.914],[-76.531,34.589],[-76.202,34.945],[-76.256,34.914]]],[[[-75.99,35.123],[-76.017,35.075],[-75.77,35.198],[-75.99,35.123]]],[[[-75.476,35.695],[-75.517,35.781],[-75.516,35.291],[-75.736,35.188],[-75.516,35.26],[-75.476,35.695]]],[[[-74.359,39.447],[-74.426,39.394],[-74.302,39.465],[-74.359,39.447]]],[[[-74.133,39.715],[-74.256,39.522],[-74.098,39.756],[-74.133,39.715]]],[[[-74.126,40.633],[-74.251,40.501],[-74.054,40.603],[-74.126,40.633]]],[[[-71.919,41.065],[-72.109,41.001],[-72.155,41.055],[-72.322,41.036],[-72.481,40.898],[-72.625,40.908],[-72.247,41.156],[-72.628,40.984],[-73.113,40.973],[-73.235,40.908],[-73.402,40.954],[-73.358,40.9],[-73.486,40.946],[-73.48,40.877],[-73.633,40.9],[-73.653,40.824],[-73.72,40.866],[-73.758,40.771],[-73.909,40.789],[-74.04,40.62],[-73.988,40.569],[-73.771,40.623],[-73.939,40.542],[-73.582,40.584],[-73.711,40.61],[-72.651,40.797],[-72.724,40.77],[-71.857,41.072],[-71.919,41.065]]],[[[-70.054,41.393],[-70.082,41.293],[-70.278,41.308],[-69.967,41.249],[-70.054,41.393]]],[[[-70.501,41.394],[-70.453,41.359],[-70.456,41.43],[-70.501,41.394]]],[[[-70.576,41.428],[-70.605,41.474],[-70.846,41.347],[-70.776,41.304],[-70.507,41.363],[-70.576,41.428]]],[[[-71.286,41.582],[-71.346,41.455],[-71.234,41.489],[-71.221,41.661],[-71.286,41.582]]],[[[-122.435,47.426],[-122.456,47.501],[-122.51,47.332],[-122.367,47.384],[-122.435,47.426]]],[[[-122.497,47.607],[-122.548,47.717],[-122.578,47.602],[-122.497,47.607]]],[[[-122.359,47.977],[-122.514,48.091],[-122.536,48.006],[-122.581,48.188],[-122.724,48.234],[-122.518,48.294],[-122.657,48.385],[-122.744,48.206],[-122.607,48.154],[-122.539,47.972],[-122.387,47.905],[-122.359,47.977]]],[[[-122.862,48.489],[-122.877,48.566],[-122.938,48.458],[-122.828,48.417],[-122.862,48.489]]],[[[-123.02,48.499],[-123.158,48.615],[-123.139,48.496],[-122.965,48.451],[-123.02,48.499]]],[[[-122.746,48.664],[-122.918,48.711],[-123.027,48.627],[-122.874,48.594],[-122.896,48.7],[-122.821,48.609],[-122.746,48.664]]],[[[-159.521,54.792],[-159.597,54.82],[-159.589,54.76],[-159.521,54.792]]],[[[-153.834,57.502],[-153.868,57.543],[-153.844,57.436],[-153.834,57.502]]],[[[-178.986,51.384],[-178.987,51.308],[-178.904,51.354],[-178.986,51.384]]],[[[-176.265,51.81],[-176.303,51.869],[-176.423,51.851],[-176.397,51.742],[-176.265,51.81]]],[[[-176.011,51.83],[-176.19,51.887],[-176.224,51.844],[-176.149,51.775],[-176.011,51.83]]],[[[-177.8,51.796],[-177.622,51.857],[-177.841,51.837],[-177.952,51.925],[-178.214,51.876],[-177.955,51.764],[-178.101,51.665],[-177.933,51.599],[-177.8,51.796]]],[[[-177.122,51.933],[-177.216,51.819],[-177.659,51.73],[-177.672,51.659],[-177.436,51.726],[-177.157,51.7],[-177.047,51.892],[-177.122,51.933]]],[[[-176.437,51.788],[-176.464,51.851],[-176.641,51.857],[-176.546,51.98],[-176.759,51.953],[-176.704,51.788],[-176.905,51.808],[-176.82,51.769],[-176.978,51.6],[-176.827,51.72],[-176.814,51.616],[-176.71,51.617],[-176.71,51.686],[-176.471,51.72],[-176.437,51.788]]],[[[-176.139,51.994],[-176.043,51.963],[-175.964,52.035],[-176.069,52.108],[-176.176,52.09],[-176.139,51.994]]],[[[-173.123,52.108],[-174.059,52.125],[-173.49,52.022],[-172.956,52.09],[-173.123,52.108]]],[[[-172.407,52.385],[-172.633,52.261],[-172.311,52.316],[-172.407,52.385]]],[[[-174.052,52.241],[-174.011,52.358],[-174.19,52.418],[-174.436,52.323],[-174.228,52.268],[-174.339,52.186],[-175.341,52.015],[-174.49,52.035],[-174.525,52.097],[-174.411,52.043],[-174.413,52.114],[-174.099,52.113],[-174.203,52.213],[-174.052,52.241]]],[[[-170.605,52.687],[-170.744,52.679],[-170.837,52.549],[-170.622,52.594],[-170.605,52.687]]],[[[-170.104,52.783],[-170.194,52.727],[-170.063,52.734],[-170.104,52.783]]],[[[-169.687,52.872],[-170.011,52.824],[-169.723,52.774],[-169.687,52.872]]],[[[-167.857,53.393],[-167.807,53.52],[-168.008,53.57],[-168.237,53.53],[-168.407,53.409],[-168.361,53.271],[-168.623,53.274],[-168.871,52.954],[-169.111,52.824],[-168.766,52.914],[-168.288,53.243],[-167.857,53.393]]],[[[-166.137,53.838],[-166.299,53.782],[-166.213,53.708],[-166.137,53.838]]],[[[-166.294,53.728],[-166.346,53.783],[-166.377,53.721],[-166.575,53.714],[-166.225,53.905],[-166.37,54.008],[-166.61,53.831],[-166.635,54.005],[-167.022,53.961],[-167.156,53.83],[-166.706,53.721],[-166.829,53.708],[-166.802,53.632],[-167.028,53.705],[-166.994,53.618],[-167.134,53.632],[-167.144,53.557],[-166.96,53.536],[-167.85,53.31],[-167.508,53.26],[-167.007,53.453],[-166.752,53.451],[-166.795,53.57],[-166.659,53.491],[-166.665,53.598],[-166.596,53.536],[-166.294,53.728]]],[[[-165.267,54.091],[-165.486,54.077],[-165.294,54.044],[-165.267,54.091]]],[[[-165.739,54.125],[-165.946,54.222],[-166.123,54.118],[-165.901,54.033],[-165.657,54.125],[-165.739,54.125]]],[[[-165.486,54.174],[-165.405,54.192],[-165.547,54.222],[-165.494,54.296],[-165.627,54.296],[-165.61,54.118],[-165.486,54.174]]],[[[-159.39,55.023],[-159.463,55.064],[-159.463,54.948],[-159.339,54.976],[-159.39,55.023]]],[[[-159.524,55.071],[-159.534,55.251],[-159.659,55.065],[-159.524,55.071]]],[[[-159.901,55.14],[-159.887,55.297],[-159.954,55.176],[-160.065,55.201],[-160.018,55.105],[-160.111,55.161],[-160.072,55.099],[-160.195,55.122],[-160.093,55.051],[-160.223,54.876],[-159.826,55.181],[-159.901,55.14]]],[[[-154.9,19.567],[-154.99,19.727],[-155.085,19.727],[-155.168,19.947],[-155.738,20.244],[-155.88,20.252],[-155.835,19.976],[-156.06,19.731],[-155.887,19.36],[-155.878,19.029],[-155.675,18.906],[-155.503,19.138],[-154.875,19.413],[-154.814,19.507],[-154.9,19.567]]],[[[-156.562,20.598],[-156.701,20.525],[-156.545,20.513],[-156.562,20.598]]],[[[-156.848,20.877],[-157.063,20.89],[-156.962,20.732],[-156.831,20.764],[-156.848,20.877]]],[[[-156.002,20.8],[-156.282,20.95],[-156.482,20.904],[-156.598,21.033],[-156.686,20.964],[-156.62,20.807],[-156.464,20.781],[-156.408,20.587],[-156.048,20.651],[-156.002,20.8]]],[[[-156.749,21.171],[-157.26,21.222],[-157.304,21.11],[-156.87,21.053],[-156.725,21.124],[-156.749,21.171]]],[[[-157.707,21.352],[-157.726,21.459],[-157.776,21.413],[-157.842,21.461],[-157.97,21.709],[-158.121,21.586],[-158.279,21.575],[-158.094,21.294],[-157.961,21.389],[-157.947,21.303],[-157.704,21.26],[-157.647,21.306],[-157.707,21.352]]],[[[-160.114,22],[-160.245,21.851],[-160.211,21.78],[-160.072,21.911],[-160.051,21.983],[-160.114,22]]],[[[-159.301,22.151],[-159.358,22.223],[-159.559,22.233],[-159.717,22.158],[-159.787,22.019],[-159.437,21.869],[-159.334,21.958],[-159.301,22.151]]],[[[179.4,51.408],[179.28,51.399],[178.92,51.612],[178.636,51.637],[179.243,51.354],[179.472,51.371],[179.4,51.408]]],[[[178.534,51.987],[178.517,51.896],[178.604,51.938],[178.534,51.987]]],[[[179.781,51.967],[179.637,52.035],[179.486,51.974],[179.642,51.874],[179.781,51.967]]],[[[177.643,52.125],[177.224,51.892],[177.317,51.829],[177.414,51.931],[177.612,51.928],[177.643,52.125]]],[[[173.791,52.502],[173.389,52.404],[173.743,52.361],[173.791,52.502]]],[[[173.377,52.83],[173.442,52.858],[173.263,52.872],[173.25,52.944],[173.167,52.913],[173.127,52.995],[172.66,53.009],[172.476,52.927],[172.811,52.888],[172.763,52.796],[172.944,52.75],[173.077,52.828],[173.377,52.83]]],[[[-164.973,54.125],[-165.226,54.091],[-164.976,54.076],[-164.973,54.125]]],[[[-162.587,54.441],[-162.827,54.502],[-162.729,54.396],[-162.55,54.386],[-162.587,54.441]]],[[[-162.375,54.954],[-162.309,54.837],[-162.238,54.968],[-162.375,54.954]]],[[[-163.074,54.688],[-163.144,54.77],[-163.354,54.777],[-163.526,55.044],[-163.757,55.06],[-164.225,54.895],[-164.478,54.919],[-164.701,54.678],[-164.958,54.585],[-164.845,54.423],[-164.653,54.392],[-164.406,54.436],[-164.133,54.623],[-163.623,54.612],[-163.369,54.765],[-163.074,54.688]]],[[[-161.731,55.161],[-161.906,55.155],[-161.826,55.099],[-161.783,55.145],[-161.77,55.059],[-161.641,55.12],[-161.731,55.161]]],[[[-160.325,55.359],[-160.531,55.325],[-160.336,55.249],[-160.325,55.359]]],[[[-160.497,55.195],[-160.58,55.236],[-160.545,55.386],[-160.679,55.307],[-160.666,55.384],[-160.784,55.39],[-160.819,55.12],[-160.683,55.211],[-160.538,55.133],[-160.497,55.195]]],[[[-160.148,55.386],[-160.171,55.454],[-160.334,55.444],[-160.148,55.386]]],[[[-158.709,55.831],[-158.9,55.874],[-158.884,55.805],[-158.858,55.863],[-158.709,55.831]]],[[[-169.581,56.61],[-169.789,56.62],[-169.587,56.541],[-169.474,56.593],[-169.581,56.61]]],[[[-170.242,57.216],[-170.41,57.197],[-170.29,57.106],[-170.104,57.25],[-170.242,57.216]]],[[[-165.582,59.951],[-165.726,60.066],[-165.684,60.3],[-166.076,60.334],[-166.157,60.437],[-166.152,60.381],[-166.761,60.304],[-166.82,60.218],[-167.453,60.217],[-167.122,60.001],[-166.182,59.756],[-166.082,59.779],[-166.247,59.854],[-165.582,59.951]]],[[[-172.297,60.351],[-172.812,60.478],[-172.925,60.607],[-173.038,60.565],[-173.058,60.498],[-172.626,60.337],[-172.209,60.313],[-172.297,60.351]]],[[[-168.741,63.281],[-169.008,63.349],[-169.221,63.349],[-169.07,63.321],[-169.187,63.301],[-170.085,63.486],[-170.082,63.615],[-170.31,63.699],[-170.646,63.685],[-170.937,63.572],[-171.544,63.617],[-171.407,63.644],[-171.739,63.791],[-171.853,63.521],[-171.736,63.376],[-171.408,63.323],[-170.845,63.459],[-170.235,63.284],[-170.262,63.198],[-169.817,63.127],[-169.666,62.945],[-169.351,63.176],[-168.851,63.163],[-168.741,63.281]]],[[[-68.848,44.096],[-68.815,44.032],[-68.773,44.082],[-68.848,44.096]]],[[[-68.642,44.26],[-68.725,44.219],[-68.682,44.153],[-68.642,44.26]]],[[[-68.245,44.425],[-68.355,44.423],[-68.429,44.326],[-68.341,44.224],[-68.314,44.308],[-68.177,44.328],[-68.245,44.425]]],[[[-81.251,31.505],[-81.28,31.385],[-81.175,31.521],[-81.251,31.505]]],[[[-75.904,37.129],[-75.811,37.2],[-75.874,37.29],[-75.904,37.129]]],[[[-167.671,65.794],[-167.717,65.738],[-167.556,65.817],[-167.671,65.794]]]]}}]}
