{"type":"FeatureCollection","features":[{"type":"Feature","properties":{},"geometry":{"type":"Polygon","coordinates":[[[92.29896,20.94559],[92.29827,20.94589],[92.29794,20.94644],[92.29871,20.9492],[92.29805,20.9534],[92.29722,20.9559],[92.29657,20.95656],[92.29437,20.95679],[92.2939,20.95647],[92.29282,20.95337],[92.29312,20.95237],[92.29489,20.94975],[92.29612,20.94726],[92.29699,20.94625],[92.29657,20.94473],[92.2977,20.93782],[92.29759,20.93713],[92.29702,20.93656],[92.29382,20.93628],[92.29184,20.93742],[92.28708,20.94111],[92.27967,20.94622],[92.27662,20.94929],[92.2742,20.95311],[92.27411,20.95568],[92.27583,20.96199],[92.27664,20.96812],[92.27771,20.96951],[92.27823,20.975],[92.27734,20.98256],[92.27561,20.98841],[92.27184,20.99712],[92.27211,20.99805],[92.27441,20.99916],[92.27479,21.00013],[92.27424,21.00092],[92.27179,21.00111],[92.27098,21.00173],[92.26974,21.0069],[92.26723,21.01434],[92.26659,21.01996],[92.26591,21.02304],[92.26482,21.0237],[92.26387,21.0232],[92.26388,21.01788],[92.26315,21.01713],[92.26227,21.01717],[92.25977,21.02067],[92.25686,21.02831],[92.25536,21.03448],[92.25543,21.03883],[92.25645,21.04638],[92.25705,21.04812],[92.25916,21.04962],[92.26119,21.05013],[92.26218,21.04979],[92.26289,21.04893],[92.2639,21.04866],[92.26459,21.04886],[92.26549,21.0499],[92.2654,21.05075],[92.26276,21.05392],[92.26291,21.05456],[92.26457,21.05633],[92.26526,21.05797],[92.26493,21.05894],[92.26388,21.05922],[92.25798,21.05479],[92.25565,21.05215],[92.25427,21.04985],[92.2534,21.04727],[92.25162,21.03756],[92.25114,21.03327],[92.25107,21.02877],[92.25168,21.02279],[92.2528,21.01866],[92.25668,21.01188],[92.25824,21.00358],[92.25786,20.9995],[92.25821,20.99216],[92.25968,20.98519],[92.25944,20.98362],[92.25981,20.98094],[92.26104,20.97949],[92.26161,20.97565],[92.26146,20.97454],[92.26045,20.9737],[92.25988,20.97232],[92.25937,20.95982],[92.26008,20.95826],[92.26145,20.94877],[92.26212,20.94683],[92.26372,20.93926],[92.26518,20.93712],[92.26617,20.93416],[92.2677,20.92503],[92.26956,20.91972],[92.27329,20.91299],[92.28079,20.90278],[92.28448,20.8995],[92.28573,20.89754],[92.28759,20.89647],[92.28952,20.8945],[92.29172,20.89293],[92.29729,20.89063],[92.29957,20.88792],[92.30006,20.88528],[92.30106,20.88427],[92.30243,20.88033],[92.30319,20.87767],[92.30352,20.87503],[92.30543,20.87202],[92.30922,20.86315],[92.30869,20.86164],[92.30882,20.86103],[92.31088,20.85989],[92.31317,20.8557],[92.3131,20.85425],[92.31472,20.8515],[92.31596,20.84758],[92.31756,20.84659],[92.31867,20.84448],[92.31994,20.83954],[92.32146,20.8307],[92.32182,20.82584],[92.32345,20.81852],[92.32338,20.81772],[92.32475,20.81444],[92.32573,20.80987],[92.32803,20.80581],[92.3312,20.79792],[92.33252,20.79563],[92.33265,20.79471],[92.33448,20.79226],[92.33677,20.77331],[92.33771,20.7709],[92.3393,20.7686],[92.33827,20.76408],[92.33847,20.76287],[92.33974,20.75988],[92.34148,20.75813],[92.34199,20.75784],[92.3445,20.75754],[92.34543,20.75708],[92.34668,20.75508],[92.34666,20.75439],[92.34513,20.75067],[92.34233,20.74937],[92.34085,20.74979],[92.33333,20.75517],[92.32985,20.7573],[92.32768,20.758],[92.32644,20.7588],[92.31911,20.76545],[92.31455,20.77059],[92.31141,20.77587],[92.30663,20.78195],[92.30406,20.78602],[92.30204,20.78976],[92.29889,20.7973],[92.29751,20.79912],[92.29631,20.80215],[92.29269,20.80805],[92.28932,20.81495],[92.27397,20.84312],[92.26078,20.86433],[92.25468,20.87361],[92.25222,20.87912],[92.25081,20.88023],[92.24653,20.88545],[92.24251,20.89178],[92.24103,20.89328],[92.23714,20.89926],[92.2355,20.90052],[92.23217,20.9045],[92.22708,20.91234],[92.21992,20.92522],[92.2143,20.93739],[92.21337,20.94086],[92.21115,20.94588],[92.20839,20.95089],[92.20514,20.95532],[92.20287,20.95953],[92.20165,20.96719],[92.19993,20.97204],[92.19776,20.97678],[92.1968,20.98186],[92.19439,20.98815],[92.19328,20.99249],[92.18826,21.00722],[92.18588,21.01296],[92.17906,21.02221],[92.1709,21.03258],[92.16928,21.03596],[92.16805,21.03688],[92.16622,21.03953],[92.16412,21.04104],[92.15476,21.05097],[92.1448,21.06228],[92.14256,21.06553],[92.13935,21.06849],[92.13465,21.07357],[92.11261,21.09902],[92.11119,21.10174],[92.10802,21.1047],[92.10548,21.10803],[92.10142,21.11251],[92.09974,21.11508],[92.09391,21.12141],[92.08416,21.13349],[92.07946,21.14067],[92.0705,21.14993],[92.06754,21.15358],[92.06647,21.15615],[92.06482,21.15729],[92.0634,21.15882],[92.05948,21.16356],[92.05862,21.16509],[92.0568,21.16676],[92.05557,21.16883],[92.0549,21.17192],[92.05012,21.17881],[92.04736,21.18575],[92.04795,21.18854],[92.04789,21.19751],[92.04874,21.20254],[92.04876,21.20515],[92.04835,21.20948],[92.04729,21.2141],[92.0477,21.22124],[92.04704,21.22592],[92.04532,21.23411],[92.0463,21.24968],[92.04701,21.25372],[92.04724,21.26451],[92.04704,21.26892],[92.04572,21.27463],[92.04553,21.27721],[92.04625,21.28051],[92.04746,21.28388],[92.04735,21.28658],[92.04648,21.28936],[92.04339,21.29554],[92.04112,21.29899],[92.03889,21.30327],[92.03558,21.30811],[92.03489,21.30967],[92.03495,21.3103],[92.03538,21.31079],[92.03761,21.31087],[92.03821,21.31193],[92.03496,21.31777],[92.03293,21.32035],[92.03153,21.323],[92.03033,21.32841],[92.02697,21.33626],[92.0269,21.33818],[92.02735,21.33972],[92.02805,21.34085],[92.02835,21.34276],[92.0291,21.34391],[92.02917,21.3447],[92.02462,21.35434],[92.02222,21.35786],[92.01727,21.36713],[92.00924,21.37794],[92.00713,21.38034],[92.00615,21.3822],[91.99945,21.3912],[91.997,21.39466],[91.99677,21.39538],[91.996,21.39607],[91.98612,21.40979],[91.969,21.42899],[91.9655,21.43363],[91.952,21.44925],[91.95016,21.45265],[91.94741,21.45667],[91.94545,21.4588],[91.94369,21.46205],[91.94307,21.4644],[91.94384,21.46644],[91.94625,21.46776],[91.94776,21.4682],[91.95339,21.46831],[91.95483,21.46712],[91.95652,21.46707],[91.957,21.46751],[91.9577,21.46944],[91.95782,21.47045],[91.95731,21.47315],[91.95782,21.47404],[91.96149,21.47464],[91.96212,21.47406],[91.96271,21.47234],[91.96394,21.47208],[91.96912,21.47754],[91.97043,21.47803],[91.97109,21.47797],[91.97188,21.47758],[91.9722,21.47705],[91.97276,21.47473],[91.97273,21.47127],[91.97217,21.46956],[91.96891,21.46355],[91.9684,21.45997],[91.96777,21.45792],[91.96781,21.45484],[91.9684,21.45425],[91.96946,21.45429],[91.96991,21.45472],[91.97498,21.46998],[91.97575,21.47894],[91.98021,21.48214],[91.98599,21.48929],[91.99283,21.49952],[91.99716,21.50794],[91.99936,21.51148],[92.00026,21.51582],[92.00067,21.51631],[92.00196,21.5164],[92.00444,21.51475],[92.00673,21.51226],[92.00857,21.50922],[92.00851,21.50786],[92.00788,21.50616],[92.00581,21.50303],[92.00698,21.50016],[92.00854,21.49853],[92.00917,21.49831],[92.01031,21.49868],[92.01187,21.49873],[92.01265,21.49959],[92.01273,21.50024],[92.01238,21.50082],[92.01152,21.50124],[92.0096,21.50118],[92.00893,21.50194],[92.0088,21.50288],[92.00925,21.50394],[92.00974,21.50434],[92.01133,21.50477],[92.01247,21.50694],[92.01253,21.50758],[92.01218,21.50813],[92.01096,21.50855],[92.00997,21.50954],[92.00967,21.5118],[92.00728,21.5163],[92.00698,21.51852],[92.00632,21.51907],[92.0024,21.51961],[92.00166,21.52038],[92.00163,21.52526],[92.00222,21.52633],[92.00226,21.52724],[92.00175,21.52824],[92.00066,21.53476],[92.00074,21.53786],[91.99982,21.53926],[92.00026,21.54138],[91.99973,21.54255],[91.99957,21.54396],[91.99899,21.54501],[91.9981,21.55023],[91.99873,21.55146],[91.99877,21.55361],[91.99847,21.55417],[91.99714,21.555],[91.99674,21.55871],[91.99611,21.55972],[91.99607,21.56116],[91.99662,21.56215],[91.99668,21.56334],[91.99628,21.56456],[91.99597,21.56948],[91.99485,21.57789],[91.9957,21.5816],[91.9971,21.58378],[91.99802,21.58447],[91.99835,21.58589],[92.00017,21.58882],[92.00129,21.58982],[92.00195,21.5915],[92.00451,21.59426],[92.00495,21.5958],[92.00644,21.59654],[92.00912,21.59613],[92.0126,21.59702],[92.01542,21.59912],[92.0167,21.59964],[92.01732,21.60044],[92.0174,21.60107],[92.01709,21.60164],[92.01626,21.60196],[92.01424,21.60093],[92.01294,21.6006],[92.00915,21.60059],[92.0083,21.60124],[92.00829,21.60206],[92.00963,21.60403],[92.01006,21.60623],[92.00947,21.61089],[92.00789,21.61499],[92.00603,21.61846],[92.00429,21.62118],[92.00036,21.62587],[91.99946,21.62761],[91.9982,21.6307],[91.99568,21.64089],[91.99597,21.64319],[91.99547,21.64413],[91.9943,21.64462],[91.99391,21.64512],[91.99388,21.64618],[91.99453,21.64826],[91.99581,21.64907],[91.99617,21.64962],[91.99639,21.65259],[91.9973,21.65432],[91.99953,21.65612],[92.00243,21.65704],[92.00285,21.65777],[92.00259,21.65857],[92.00214,21.6589],[91.99508,21.65944],[91.99297,21.65881],[91.99259,21.65785],[91.99368,21.65654],[91.99368,21.65567],[91.99265,21.6543],[91.99139,21.65332],[91.9896,21.65084],[91.98789,21.64776],[91.98734,21.6474],[91.98666,21.64739],[91.98609,21.64773],[91.981,21.65361],[91.98106,21.65537],[91.98066,21.65613],[91.98003,21.65639],[91.97826,21.65635],[91.97652,21.65842],[91.97366,21.65919],[91.96986,21.6617],[91.96782,21.66377],[91.963,21.67031],[91.96173,21.67316],[91.96172,21.67511],[91.96109,21.67644],[91.9608,21.67816],[91.95762,21.6853],[91.957,21.68836],[91.95627,21.68953],[91.95407,21.69736],[91.95211,21.70218],[91.95216,21.70301],[91.94951,21.71104],[91.94865,21.7155],[91.94802,21.71628],[91.94753,21.71784],[91.94695,21.72457],[91.94728,21.72549],[91.94694,21.72981],[91.94615,21.73126],[91.94585,21.73553],[91.94631,21.73658],[91.94592,21.73992],[91.94472,21.74281],[91.94249,21.74503],[91.94056,21.74616],[91.93915,21.74645],[91.93725,21.748],[91.93639,21.748],[91.93576,21.74745],[91.93585,21.74563],[91.93537,21.74446],[91.93551,21.74384],[91.9362,21.74333],[91.93955,21.74336],[91.94077,21.7429],[91.9425,21.74079],[91.94335,21.73833],[91.9434,21.73708],[91.94292,21.73597],[91.94347,21.73268],[91.94349,21.72997],[91.94395,21.7285],[91.94391,21.72677],[91.94465,21.72285],[91.94478,21.71944],[91.94532,21.71737],[91.94587,21.71105],[91.94714,21.70526],[91.94843,21.70199],[91.9496,21.70026],[91.94983,21.69882],[91.95209,21.69285],[91.95338,21.68819],[91.9578,21.67689],[91.95888,21.67233],[91.96006,21.6701],[91.96026,21.66875],[91.96601,21.66027],[91.96689,21.65976],[91.97073,21.65607],[91.97263,21.65521],[91.97464,21.65346],[91.97793,21.64968],[91.98255,21.64307],[91.98629,21.63484],[91.98755,21.63316],[91.98957,21.62444],[91.99116,21.62228],[91.99268,21.61856],[91.99278,21.61739],[91.99386,21.61454],[91.9939,21.61304],[91.99301,21.61129],[91.99348,21.60958],[91.99197,21.60595],[91.98992,21.60329],[91.98912,21.60299],[91.98783,21.60312],[91.9866,21.60192],[91.98517,21.59586],[91.98415,21.59461],[91.98438,21.59264],[91.98397,21.58992],[91.98412,21.58899],[91.98347,21.57929],[91.98239,21.57302],[91.98073,21.55158],[91.98121,21.54441],[91.98002,21.54289],[91.98035,21.54054],[91.97957,21.53797],[91.97993,21.53511],[91.97545,21.52793],[91.97443,21.52693],[91.97289,21.52411],[91.97289,21.52351],[91.97354,21.52226],[91.97348,21.52017],[91.97291,21.51888],[91.97365,21.51767],[91.97369,21.51702],[91.97261,21.51372],[91.97039,21.51005],[91.9706,21.50923],[91.97178,21.50785],[91.9718,21.5072],[91.97142,21.50666],[91.97006,21.50587],[91.96826,21.506],[91.96646,21.50552],[91.95933,21.5059],[91.95655,21.50456],[91.95456,21.50433],[91.9513,21.50316],[91.94553,21.50345],[91.94101,21.50483],[91.93988,21.50618],[91.93925,21.50648],[91.93435,21.50591],[91.93213,21.50606],[91.93053,21.50486],[91.92903,21.50519],[91.92727,21.50485],[91.92582,21.50502],[91.92407,21.50424],[91.92264,21.50403],[91.92009,21.50498],[91.91786,21.5041],[91.91668,21.50403],[91.91325,21.5053],[91.91237,21.50467],[91.9117,21.50274],[91.90982,21.50201],[91.90748,21.50268],[91.90609,21.50378],[91.90498,21.50615],[91.90443,21.5065],[91.90355,21.50643],[91.90311,21.5061],[91.90235,21.50401],[91.90241,21.5032],[91.9043,21.50086],[91.90821,21.49748],[91.9131,21.49229],[91.91445,21.49133],[91.91881,21.48981],[91.92323,21.48887],[91.92866,21.48905],[91.93289,21.49036],[91.93425,21.49002],[91.93477,21.48917],[91.93431,21.48781],[91.93289,21.48681],[91.93178,21.48464],[91.92648,21.47976],[91.9229,21.47593],[91.9215,21.47504],[91.90759,21.47294],[91.90419,21.47519],[91.90266,21.47572],[91.89986,21.47556],[91.89817,21.47477],[91.89595,21.47455],[91.89343,21.47563],[91.88564,21.48237],[91.87966,21.48596],[91.87678,21.48862],[91.87347,21.49033],[91.86728,21.49507],[91.86464,21.49858],[91.86432,21.49979],[91.85799,21.50522],[91.85408,21.51087],[91.84753,21.51754],[91.84704,21.51857],[91.84666,21.52107],[91.8453,21.52381],[91.84424,21.52746],[91.8425,21.5316],[91.84263,21.53221],[91.84332,21.53274],[91.84639,21.53185],[91.84871,21.52754],[91.85051,21.52547],[91.85424,21.52245],[91.85987,21.52016],[91.86073,21.52032],[91.86125,21.52119],[91.86078,21.52209],[91.85609,21.52419],[91.85381,21.52563],[91.85102,21.52838],[91.84858,21.53405],[91.84791,21.53785],[91.84804,21.53964],[91.84927,21.54119],[91.84985,21.54144],[91.85165,21.54117],[91.85276,21.54143],[91.85319,21.54194],[91.85365,21.54383],[91.85457,21.54437],[91.8568,21.54373],[91.85992,21.54193],[91.86111,21.54219],[91.86182,21.54368],[91.86285,21.54422],[91.86446,21.54386],[91.86607,21.54416],[91.8708,21.54241],[91.87228,21.54243],[91.873,21.54319],[91.87295,21.54391],[91.86973,21.54725],[91.86771,21.54845],[91.86737,21.54902],[91.8676,21.55028],[91.86717,21.55127],[91.86723,21.55187],[91.86781,21.55244],[91.87089,21.5535],[91.8711,21.55432],[91.87069,21.55539],[91.87026,21.55588],[91.86665,21.55733],[91.86581,21.55831],[91.86432,21.55925],[91.86188,21.56292],[91.86106,21.56637],[91.86136,21.56812],[91.86271,21.57164],[91.86397,21.57367],[91.86472,21.57404],[91.86578,21.57399],[91.86669,21.57445],[91.86806,21.57436],[91.86912,21.57504],[91.86908,21.57602],[91.86722,21.57754],[91.86703,21.57838],[91.86888,21.58053],[91.86968,21.5828],[91.87148,21.58574],[91.87145,21.58654],[91.8708,21.58748],[91.87098,21.58828],[91.87432,21.59152],[91.87488,21.59268],[91.87628,21.59405],[91.8772,21.59446],[91.87959,21.59467],[91.88262,21.59648],[91.88273,21.5971],[91.88217,21.59816],[91.88032,21.5985],[91.87963,21.59903],[91.87952,21.60086],[91.87872,21.60216],[91.87926,21.60308],[91.88051,21.60327],[91.88119,21.60374],[91.88206,21.60786],[91.88385,21.61181],[91.88354,21.61279],[91.88157,21.61378],[91.88141,21.61539],[91.88192,21.6163],[91.8832,21.6171],[91.88412,21.61865],[91.88635,21.61971],[91.88684,21.62042],[91.88636,21.62266],[91.88651,21.62702],[91.88522,21.62827],[91.8853,21.62947],[91.8861,21.63011],[91.88676,21.63134],[91.89111,21.63554],[91.89218,21.63709],[91.89318,21.63775],[91.89345,21.63833],[91.89281,21.6398],[91.89143,21.64072],[91.89111,21.64128],[91.89229,21.64606],[91.89263,21.64891],[91.8922,21.65362],[91.89076,21.65868],[91.88827,21.66262],[91.8885,21.66344],[91.88955,21.66433],[91.88963,21.66494],[91.88834,21.66946],[91.88638,21.67057],[91.8838,21.6769],[91.8826,21.67787],[91.88238,21.67843],[91.88191,21.68533],[91.88347,21.68766],[91.883,21.68931],[91.88346,21.69077],[91.88183,21.69095],[91.88065,21.69028],[91.87836,21.68666],[91.87638,21.68128],[91.87692,21.67342],[91.87806,21.67221],[91.87971,21.66732],[91.88076,21.66634],[91.88313,21.66152],[91.88477,21.6573],[91.88437,21.65632],[91.88278,21.65592],[91.88223,21.65507],[91.88414,21.65155],[91.88422,21.64961],[91.88325,21.6486],[91.87958,21.64798],[91.87793,21.64843],[91.87514,21.65139],[91.87452,21.65153],[91.87317,21.65116],[91.8725,21.65138],[91.86977,21.65471],[91.86594,21.65553],[91.85841,21.66071],[91.85701,21.66098],[91.85643,21.66156],[91.85766,21.66982],[91.85723,21.67888],[91.85901,21.68498],[91.85965,21.68839],[91.85905,21.69086],[91.86006,21.69375],[91.86253,21.69634],[91.86574,21.69827],[91.87114,21.69828],[91.87389,21.6986],[91.87546,21.69838],[91.87607,21.69855],[91.87664,21.69915],[91.87661,21.70455],[91.87624,21.70531],[91.87509,21.70559],[91.87399,21.70522],[91.87276,21.70525],[91.87134,21.7041],[91.86985,21.70394],[91.86887,21.70468],[91.86881,21.70663],[91.87057,21.70892],[91.87259,21.71059],[91.87297,21.7116],[91.87414,21.71285],[91.87522,21.71519],[91.87604,21.72168],[91.87718,21.72577],[91.87903,21.73693],[91.87977,21.73846],[91.88002,21.74058],[91.88164,21.74493],[91.88208,21.74742],[91.88302,21.74928],[91.88332,21.75219],[91.88295,21.75545],[91.88312,21.75612],[91.88403,21.75675],[91.88637,21.75607],[91.88723,21.75623],[91.88863,21.7588],[91.89006,21.76054],[91.89589,21.76296],[91.89782,21.76326],[91.89943,21.76522],[91.89912,21.76618],[91.89035,21.77183],[91.88989,21.77335],[91.89127,21.77573],[91.89168,21.77712],[91.89334,21.77841],[91.89406,21.77942],[91.89412,21.78396],[91.89532,21.78513],[91.89859,21.78947],[91.90297,21.79822],[91.90259,21.80012],[91.90356,21.80239],[91.9042,21.80345],[91.9052,21.80409],[91.90707,21.80815],[91.90847,21.81019],[91.9099,21.81715],[91.91152,21.82129],[91.91139,21.82233],[91.912,21.82336],[91.91271,21.82803],[91.91595,21.84208],[91.91571,21.84335],[91.9167,21.8469],[91.91676,21.85553],[91.91715,21.85655],[91.91802,21.85722],[91.91821,21.85781],[91.91734,21.85932],[91.91731,21.86276],[91.91662,21.86474],[91.91662,21.86648],[91.91578,21.8699],[91.9151,21.87624],[91.91424,21.88026],[91.91375,21.88624],[91.91407,21.88719],[91.9136,21.88991],[91.91264,21.89126],[91.91219,21.89395],[91.90837,21.90441],[91.90829,21.90567],[91.90732,21.90841],[91.90665,21.91151],[91.90612,21.91252],[91.90597,21.9138],[91.90638,21.91964],[91.90703,21.92068],[91.90712,21.9221],[91.90649,21.92275],[91.90459,21.92294],[91.90401,21.92351],[91.90282,21.92875],[91.90254,21.93464],[91.9016,21.93743],[91.90007,21.93956],[91.89735,21.94109],[91.89701,21.94159],[91.89789,21.94504],[91.89776,21.94563],[91.89681,21.94626],[91.89401,21.94641],[91.89323,21.94678],[91.89156,21.94876],[91.88912,21.95325],[91.88764,21.95835],[91.88716,21.96128],[91.88543,21.96597],[91.88598,21.9674],[91.8853,21.97357],[91.8844,21.97414],[91.88047,21.9739],[91.87957,21.97452],[91.88,21.98254],[91.87957,21.98434],[91.87972,21.98544],[91.87875,21.98778],[91.87836,21.99061],[91.87795,21.9914],[91.87605,21.99334],[91.87585,21.99481],[91.8739,21.99813],[91.8721,22.00364],[91.87019,22.00612],[91.87075,22.00792],[91.87227,22.00912],[91.87276,22.00988],[91.87548,22.0109],[91.87685,22.01397],[91.87881,22.02337],[91.87903,22.02735],[91.87862,22.03103],[91.87705,22.03628],[91.87684,22.03821],[91.87683,22.04241],[91.87773,22.04791],[91.87776,22.05033],[91.87671,22.05371],[91.87551,22.05546],[91.87421,22.06038],[91.86581,22.0798],[91.86496,22.08393],[91.86118,22.09172],[91.86115,22.09327],[91.86178,22.09543],[91.86306,22.09804],[91.86367,22.1004],[91.86628,22.10693],[91.86659,22.10961],[91.86636,22.11113],[91.86474,22.11583],[91.86394,22.11654],[91.85183,22.11725],[91.84813,22.11551],[91.84701,22.11566],[91.84579,22.11673],[91.84393,22.11755],[91.84289,22.12018],[91.84153,22.12154],[91.83977,22.12247],[91.83582,22.12818],[91.83325,22.13283],[91.83301,22.13425],[91.83167,22.13749],[91.83161,22.13841],[91.8274,22.14453],[91.82647,22.15076],[91.8235,22.15787],[91.82229,22.16561],[91.8179,22.18136],[91.81625,22.18401],[91.81285,22.19294],[91.80982,22.20408],[91.81165,22.22232],[91.8115,22.22296],[91.81099,22.22338],[91.79954,22.22609],[91.79679,22.22901],[91.79635,22.23082],[91.7939,22.23241],[91.79205,22.23424],[91.78951,22.23789],[91.78764,22.24127],[91.78346,22.24565],[91.77992,22.25088],[91.77557,22.2595],[91.77404,22.2672],[91.77184,22.27043],[91.77124,22.27299],[91.76852,22.27579],[91.76777,22.27716],[91.76721,22.27909],[91.76724,22.28429],[91.76603,22.28785],[91.76581,22.29011],[91.7625,22.29394],[91.76152,22.29819],[91.75876,22.30098],[91.75728,22.31002],[91.75751,22.31252],[91.75842,22.31562],[91.76018,22.31635],[91.76252,22.31671],[91.76319,22.31732],[91.76323,22.31824],[91.76268,22.31927],[91.76209,22.32532],[91.76246,22.32602],[91.76428,22.32683],[91.76442,22.32894],[91.76404,22.32951],[91.76278,22.33016],[91.76221,22.3313],[91.76104,22.33194],[91.76036,22.33391],[91.75922,22.33549],[91.75845,22.33797],[91.75823,22.34091],[91.75753,22.34254],[91.75782,22.34507],[91.75835,22.34612],[91.75746,22.34838],[91.75824,22.3495],[91.7583,22.35041],[91.75747,22.35204],[91.75626,22.35247],[91.75547,22.35341],[91.75397,22.3543],[91.7534,22.35565],[91.75341,22.35681],[91.75253,22.35799],[91.75135,22.36197],[91.75048,22.36297],[91.75057,22.37001],[91.75123,22.37117],[91.75102,22.37292],[91.75129,22.37448],[91.75008,22.37544],[91.74923,22.37665],[91.749,22.37856],[91.74919,22.37995],[91.74809,22.38102],[91.74688,22.38392],[91.74525,22.38583],[91.74438,22.3894],[91.74323,22.39083],[91.74292,22.39414],[91.74374,22.39573],[91.74381,22.39685],[91.7449,22.39882],[91.74357,22.4016],[91.74235,22.40233],[91.74128,22.40369],[91.74074,22.40558],[91.74068,22.40714],[91.73977,22.40909],[91.74018,22.4116],[91.74145,22.41262],[91.74171,22.41323],[91.74154,22.41386],[91.74052,22.41461],[91.74026,22.41514],[91.74059,22.41697],[91.74015,22.4184],[91.74089,22.4195],[91.74097,22.42014],[91.74009,22.42174],[91.73903,22.42249],[91.73848,22.42352],[91.73705,22.42407],[91.73652,22.42462],[91.73635,22.42707],[91.73693,22.42919],[91.73653,22.42995],[91.73339,22.43244],[91.73324,22.43368],[91.73237,22.43508],[91.73119,22.43824],[91.73076,22.44033],[91.73092,22.44151],[91.7303,22.44246],[91.72951,22.44633],[91.72861,22.448],[91.72852,22.44895],[91.72575,22.45343],[91.72517,22.45631],[91.72427,22.45883],[91.7243,22.45976],[91.72318,22.46235],[91.72328,22.46362],[91.72302,22.46431],[91.72112,22.46688],[91.72074,22.46799],[91.71959,22.46917],[91.71809,22.46971],[91.71743,22.47053],[91.71742,22.4721],[91.71544,22.47485],[91.71539,22.47619],[91.71441,22.4781],[91.71345,22.47912],[91.71278,22.48089],[91.71045,22.48487],[91.70992,22.48717],[91.71048,22.4887],[91.70966,22.49102],[91.70915,22.49149],[91.70779,22.49175],[91.70608,22.49272],[91.70445,22.49511],[91.70265,22.49715],[91.70164,22.49787],[91.70122,22.49942],[91.6998,22.50115],[91.69767,22.50531],[91.69791,22.50688],[91.69671,22.50974],[91.69478,22.51215],[91.69402,22.51376],[91.69199,22.51524],[91.68935,22.51641],[91.68297,22.52087],[91.68245,22.52176],[91.68164,22.52536],[91.67923,22.52956],[91.67343,22.5357],[91.6722,22.53736],[91.67039,22.5382],[91.66686,22.54139],[91.66632,22.54256],[91.66594,22.54489],[91.6587,22.55051],[91.64709,22.56272],[91.64058,22.57074],[91.63837,22.57293],[91.63508,22.57554],[91.63447,22.57653],[91.63422,22.57814],[91.63035,22.58109],[91.62932,22.58405],[91.62711,22.58506],[91.62443,22.58736],[91.62128,22.58934],[91.61597,22.59431],[91.61369,22.59825],[91.60898,22.60336],[91.60688,22.6075],[91.60323,22.61258],[91.59533,22.62132],[91.59414,22.62505],[91.59253,22.62663],[91.59091,22.63056],[91.58887,22.63289],[91.58574,22.6375],[91.58393,22.63929],[91.5829,22.6414],[91.58134,22.64273],[91.57966,22.64495],[91.57815,22.64588],[91.57616,22.64794],[91.57349,22.64981],[91.56775,22.65665],[91.56565,22.65979],[91.56418,22.6609],[91.56214,22.66169],[91.55903,22.66363],[91.55392,22.66792],[91.55161,22.669],[91.54863,22.66953],[91.54425,22.66797],[91.54209,22.66842],[91.53824,22.67148],[91.52409,22.68546],[91.52319,22.68759],[91.51686,22.69094],[91.50852,22.6965],[91.50597,22.69855],[91.49772,22.70278],[91.48908,22.70667],[91.48594,22.70921],[91.4797,22.71181],[91.4781,22.71199],[91.47592,22.71395],[91.47435,22.71407],[91.47008,22.71585],[91.46905,22.71714],[91.46735,22.7178],[91.45656,22.724],[91.44885,22.72688],[91.44456,22.72904],[91.44229,22.73187],[91.43886,22.73464],[91.436,22.73536],[91.4345,22.73621],[91.43378,22.73758],[91.43413,22.73953],[91.43377,22.74033],[91.43254,22.74073],[91.43048,22.74196],[91.427,22.74307],[91.4246,22.74444],[91.42437,22.74523],[91.42544,22.75275],[91.42827,22.75703],[91.42841,22.75972],[91.43403,22.76519],[91.43499,22.7657],[91.43898,22.7725],[91.43978,22.77324],[91.44044,22.77335],[91.44511,22.77206],[91.44742,22.77217],[91.44948,22.77343],[91.4505,22.77539],[91.45003,22.78068],[91.44857,22.78495],[91.44746,22.78667],[91.44565,22.78843],[91.4436,22.78956],[91.4385,22.79556],[91.43609,22.79779],[91.42975,22.80175],[91.42906,22.80193],[91.42841,22.80173],[91.42303,22.79598],[91.41944,22.79462],[91.418,22.79364],[91.41701,22.79237],[91.41656,22.79079],[91.41706,22.78814],[91.41757,22.78773],[91.41846,22.78771],[91.41997,22.78923],[91.42008,22.79129],[91.4204,22.79183],[91.42607,22.7942],[91.43011,22.79241],[91.43381,22.79121],[91.43522,22.7903],[91.43554,22.78974],[91.43553,22.78794],[91.43509,22.7862],[91.43399,22.78448],[91.4334,22.78414],[91.42812,22.78573],[91.42632,22.78569],[91.42519,22.78534],[91.42297,22.78611],[91.4218,22.78615],[91.42113,22.78599],[91.42067,22.7855],[91.42068,22.78465],[91.42113,22.78416],[91.4227,22.78362],[91.42497,22.78383],[91.42564,22.78361],[91.42917,22.78013],[91.42998,22.77838],[91.42972,22.77534],[91.42742,22.77039],[91.42601,22.76536],[91.42343,22.76252],[91.41996,22.76038],[91.41779,22.75978],[91.41307,22.75962],[91.41007,22.75897],[91.40943,22.75906],[91.40452,22.76283],[91.40053,22.76523],[91.39693,22.76679],[91.38701,22.77266],[91.38531,22.77391],[91.38439,22.77505],[91.38308,22.77582],[91.36823,22.78005],[91.36295,22.78099],[91.35888,22.78414],[91.35646,22.78476],[91.35487,22.78642],[91.35278,22.78792],[91.34899,22.78986],[91.34529,22.79124],[91.34236,22.79188],[91.33895,22.79186],[91.33613,22.79326],[91.33354,22.79499],[91.33275,22.79586],[91.33185,22.79875],[91.33075,22.79929],[91.32696,22.79834],[91.32632,22.7975],[91.32638,22.79208],[91.3268,22.78918],[91.32844,22.78591],[91.32984,22.78456],[91.33174,22.78372],[91.33456,22.78385],[91.33693,22.78258],[91.3414,22.78127],[91.34537,22.7808],[91.34837,22.77867],[91.3496,22.77717],[91.35215,22.77628],[91.35379,22.77435],[91.35714,22.77207],[91.35898,22.77116],[91.36299,22.76956],[91.37148,22.76766],[91.37253,22.76691],[91.37638,22.76646],[91.37876,22.76479],[91.38095,22.76116],[91.38114,22.7602],[91.38084,22.75961],[91.37628,22.75853],[91.37004,22.75822],[91.36933,22.75848],[91.36863,22.75947],[91.36791,22.75986],[91.36321,22.75981],[91.35437,22.7604],[91.34029,22.76243],[91.328,22.76321],[91.32148,22.76258],[91.31248,22.76077],[91.30175,22.75744],[91.29668,22.75524],[91.29413,22.75377],[91.28877,22.74919],[91.28558,22.7481],[91.28193,22.74643],[91.28034,22.74532],[91.27925,22.74553],[91.27713,22.74796],[91.27633,22.74823],[91.27416,22.74746],[91.27249,22.74725],[91.26803,22.74517],[91.26742,22.74465],[91.26645,22.74275],[91.2581,22.73436],[91.25322,22.72717],[91.25089,22.72194],[91.24886,22.71562],[91.24845,22.71508],[91.24762,22.71159],[91.24716,22.70329],[91.24542,22.70181],[91.24299,22.69487],[91.24488,22.69193],[91.24641,22.69069],[91.24712,22.68963],[91.24841,22.68509],[91.24859,22.68117],[91.24933,22.68071],[91.25103,22.68077],[91.25272,22.67987],[91.25543,22.67976],[91.25745,22.6779],[91.25794,22.6768],[91.25936,22.67576],[91.26471,22.66879],[91.26827,22.66227],[91.26998,22.66003],[91.27052,22.65864],[91.27455,22.65319],[91.27712,22.64909],[91.28151,22.64099],[91.28324,22.63648],[91.28485,22.62785],[91.28524,22.61736],[91.28215,22.60735],[91.28125,22.60531],[91.27825,22.6015],[91.27607,22.60023],[91.27323,22.59771],[91.2685,22.59134],[91.26737,22.59043],[91.26509,22.58932],[91.26154,22.58626],[91.26133,22.5842],[91.2602,22.58241],[91.25902,22.58174],[91.25722,22.58142],[91.25453,22.57876],[91.25292,22.57612],[91.25055,22.57481],[91.24751,22.57184],[91.24262,22.57036],[91.22872,22.56315],[91.22322,22.55902],[91.21613,22.55287],[91.20949,22.54643],[91.19989,22.53604],[91.19697,22.53258],[91.19444,22.5289],[91.1933,22.52801],[91.19019,22.5268],[91.18856,22.52689],[91.1855,22.52611],[91.18188,22.5259],[91.17932,22.52522],[91.17794,22.52529],[91.17627,22.52474],[91.16561,22.52274],[91.16041,22.52133],[91.15715,22.52076],[91.15634,22.52106],[91.156,22.52201],[91.15749,22.5239],[91.15751,22.52562],[91.15698,22.5263],[91.15576,22.52646],[91.15454,22.52598],[91.15245,22.52402],[91.15181,22.52291],[91.15177,22.52155],[91.1527,22.51879],[91.15237,22.51689],[91.14947,22.51265],[91.14927,22.51032],[91.1499,22.50939],[91.15235,22.50763],[91.15457,22.50678],[91.15543,22.50692],[91.15598,22.50778],[91.15582,22.50838],[91.15431,22.5103],[91.15392,22.51188],[91.15419,22.51333],[91.15525,22.51475],[91.15694,22.51557],[91.16119,22.5163],[91.16433,22.51863],[91.1688,22.52014],[91.17308,22.51999],[91.17901,22.51904],[91.18211,22.51968],[91.18289,22.51923],[91.18307,22.5184],[91.18273,22.51783],[91.18069,22.51648],[91.17794,22.51358],[91.17399,22.51024],[91.16781,22.50308],[91.16522,22.49933],[91.1652,22.49812],[91.16348,22.49474],[91.15851,22.48757],[91.15183,22.47668],[91.14896,22.47273],[91.14531,22.46846],[91.1436,22.46589],[91.13961,22.46181],[91.13492,22.45854],[91.13457,22.45802],[91.13468,22.45722],[91.24969,22.3304],[91.24985,22.32983],[91.15289,22.11429],[91.09041,22.03483],[91.0445,22.01944],[90.95272,22.01691],[90.83126,22.02394],[90.76016,22.06523],[90.75954,22.06506],[90.75848,22.0638],[90.75312,22.05993],[90.75017,22.05839],[90.74423,22.0564],[90.7396,22.0533],[90.73795,22.05152],[90.73617,22.04879],[90.72957,22.04139],[90.72513,22.0378],[90.72429,22.0374],[90.72364,22.03608],[90.71833,22.02982],[90.71551,22.02764],[90.71113,22.02238],[90.70637,22.01766],[90.70536,22.01637],[90.7045,22.0135],[90.70323,22.0124],[90.69809,22.01063],[90.69095,22.00496],[90.68306,22.00158],[90.68035,22.00096],[90.67625,21.9995],[90.67216,21.99856],[90.66241,21.99699],[90.66051,21.99796],[90.65831,21.99755],[90.65629,21.99596],[90.65232,21.99545],[90.64316,21.99516],[90.63936,21.99446],[90.63183,21.99377],[90.62832,21.99404],[90.62516,21.99719],[90.62218,21.9995],[90.62039,22.00146],[90.61541,22.00913],[90.6094,22.02203],[90.60878,22.0226],[90.60439,22.02432],[90.59916,22.03169],[90.59784,22.03302],[90.59705,22.0365],[90.59692,22.04058],[90.59839,22.04211],[90.59836,22.04375],[90.59971,22.04895],[90.6006,22.05041],[90.60208,22.05568],[90.6041,22.06047],[90.61065,22.0707],[90.61474,22.0778],[90.6214,22.09984],[90.62174,22.10344],[90.62235,22.10607],[90.62237,22.11212],[90.62292,22.11791],[90.62099,22.1293],[90.62083,22.13672],[90.62034,22.14211],[90.62178,22.15236],[90.62257,22.16436],[90.62124,22.17171],[90.62138,22.17531],[90.63378,22.19111],[90.64138,22.19889],[90.64808,22.20865],[90.65319,22.21758],[90.65512,22.22401],[90.65708,22.22765],[90.65869,22.23221],[90.6641,22.24201],[90.66381,22.2426],[90.66322,22.24292],[90.617,22.24419],[90.60966,22.244],[90.60767,22.24455],[90.60218,22.24455],[90.60113,22.24525],[90.59868,22.24593],[90.59521,22.24757],[90.59136,22.24989],[90.58384,22.25521],[90.58281,22.25539],[90.57247,22.2486],[90.56084,22.2394],[90.55494,22.23559],[90.55433,22.23404],[90.55179,22.23152],[90.55086,22.23094],[90.5505,22.23004],[90.54958,22.22899],[90.54768,22.22771],[90.54725,22.22693],[90.5444,22.22417],[90.54384,22.22306],[90.53981,22.21908],[90.53669,22.21694],[90.53403,22.21412],[90.53321,22.21376],[90.53158,22.21233],[90.52668,22.20695],[90.52356,22.20272],[90.52235,22.20041],[90.52019,22.19782],[90.51417,22.18734],[90.51242,22.18254],[90.50701,22.17179],[90.50421,22.16828],[90.49735,22.1613],[90.49718,22.16072],[90.49756,22.15813],[90.49585,22.15244],[90.4921,22.14636],[90.48601,22.1381],[90.48147,22.13354],[90.47711,22.12822],[90.47197,22.1208],[90.46941,22.11654],[90.46834,22.11551],[90.46769,22.11361],[90.46537,22.10995],[90.45924,22.10276],[90.45006,22.09297],[90.4373,22.08179],[90.43394,22.07974],[90.4322,22.0793],[90.43127,22.0794],[90.42892,22.08036],[90.42271,22.08153],[90.41827,22.08319],[90.40282,22.08669],[90.39747,22.08897],[90.39151,22.09016],[90.37853,22.08501],[90.37804,22.08431],[90.37796,22.08267],[90.37682,22.08096],[90.37095,22.07666],[90.36177,22.07104],[90.35479,22.06797],[90.35007,22.06533],[90.34819,22.06457],[90.34736,22.06386],[90.34391,22.06204],[90.33867,22.05763],[90.33729,22.05539],[90.33238,22.04929],[90.32703,22.04066],[90.32565,22.03548],[90.32481,22.02766],[90.32349,22.02364],[90.32338,22.02165],[90.32267,22.02044],[90.32085,22.0189],[90.31968,22.01637],[90.31811,22.0144],[90.31821,22.01263],[90.31485,22.00008],[90.31112,21.98988],[90.30974,21.98692],[90.30853,21.98509],[90.30752,21.98422],[90.30265,21.97617],[90.30259,21.97519],[90.30307,21.9739],[90.30277,21.97158],[90.30297,21.96704],[90.30181,21.96098],[90.2985,21.95154],[90.29838,21.95047],[90.29613,21.94535],[90.29519,21.94452],[90.29298,21.93777],[90.29115,21.93517],[90.28999,21.93185],[90.28841,21.92983],[90.28771,21.92585],[90.28568,21.92232],[90.28495,21.92045],[90.28401,21.9195],[90.28232,21.91543],[90.28151,21.912],[90.28063,21.90993],[90.28047,21.90845],[90.27925,21.90627],[90.27864,21.90399],[90.27693,21.90127],[90.27595,21.89873],[90.27401,21.89508],[90.27219,21.89288],[90.26982,21.88677],[90.26746,21.8826],[90.26648,21.88026],[90.26575,21.87978],[90.2644,21.87981],[90.26373,21.87926],[90.26318,21.87668],[90.26366,21.875],[90.26391,21.87217],[90.26313,21.86947],[90.26249,21.86537],[90.26145,21.86349],[90.26136,21.8625],[90.26015,21.86079],[90.25927,21.85819],[90.25842,21.85666],[90.25759,21.85298],[90.25688,21.85138],[90.25695,21.85032],[90.25622,21.84861],[90.2555,21.84754],[90.25422,21.84673],[90.25364,21.84518],[90.25262,21.84385],[90.25209,21.84185],[90.25267,21.8406],[90.25263,21.83995],[90.25192,21.83819],[90.24905,21.83363],[90.2477,21.829],[90.24674,21.82793],[90.246,21.82634],[90.24384,21.82459],[90.24141,21.82369],[90.24028,21.82373],[90.2397,21.82339],[90.2393,21.82123],[90.2372,21.81893],[90.22957,21.81214],[90.22285,21.80768],[90.21966,21.80618],[90.2139,21.80482],[90.19878,21.804],[90.19785,21.80342],[90.19659,21.80123],[90.19533,21.80049],[90.18766,21.79997],[90.18499,21.80008],[90.18227,21.80054],[90.1783,21.80194],[90.17399,21.80049],[90.16966,21.80041],[90.16692,21.80072],[90.15419,21.80354],[90.15281,21.80444],[90.13512,21.80955],[90.11937,21.81486],[90.11272,21.8178],[90.10631,21.82139],[90.09521,21.8301],[90.08685,21.84026],[90.0851,21.8435],[90.08418,21.84791],[90.07083,21.86278],[90.06802,21.86355],[90.06501,21.86371],[90.06301,21.86347],[90.05997,21.86383],[90.05253,21.86576],[90.05128,21.86676],[90.04941,21.86699],[90.044,21.8702],[90.03444,21.87693],[90.03164,21.88026],[90.02794,21.88372],[90.02681,21.88517],[90.02606,21.88701],[90.02633,21.88848],[90.02599,21.8902],[90.02612,21.89177],[90.02647,21.89273],[90.02783,21.89432],[90.02795,21.89495],[90.02661,21.89671],[90.02522,21.90339],[90.02515,21.90526],[90.02585,21.90788],[90.02557,21.90912],[90.02615,21.9127],[90.02478,21.91651],[90.02469,21.9266],[90.02506,21.93041],[90.02652,21.93617],[90.02669,21.94082],[90.02883,21.94336],[90.02965,21.94483],[90.03152,21.94625],[90.04077,21.94906],[90.05241,21.95384],[90.05703,21.95736],[90.05758,21.95811],[90.06244,21.96218],[90.06326,21.96346],[90.06669,21.96667],[90.06675,21.9678],[90.05609,21.97975],[90.05453,21.9802],[90.05113,21.97998],[90.04685,21.98046],[90.04283,21.98037],[90.04177,21.98059],[90.04026,21.98005],[90.03622,21.97973],[90.03246,21.97985],[90.03084,21.98016],[90.02787,21.97912],[90.02602,21.97775],[90.02072,21.9763],[90.01777,21.97653],[90.01536,21.97822],[90.01471,21.97839],[89.99946,21.97537],[89.98788,21.97146],[89.98599,21.96535],[89.98308,21.96322],[89.98148,21.95989],[89.97764,21.95669],[89.97142,21.9535],[89.96382,21.95174],[89.96185,21.95072],[89.9604,21.95069],[89.95936,21.95151],[89.95743,21.95237],[89.95703,21.95411],[89.95623,21.95487],[89.95266,21.95462],[89.95057,21.95505],[89.94906,21.95646],[89.94643,21.95792],[89.94516,21.95936],[89.94249,21.96154],[89.94186,21.96306],[89.94106,21.96392],[89.94064,21.96628],[89.93856,21.97097],[89.93853,21.97321],[89.9365,21.97541],[89.93557,21.97766],[89.93475,21.97874],[89.93228,21.97995],[89.9303,21.98224],[89.93028,21.98488],[89.92983,21.98662],[89.93102,21.99015],[89.93107,21.99754],[89.93154,21.9995],[89.93161,22.00185],[89.93079,22.01002],[89.92872,22.01437],[89.92633,22.01649],[89.92469,22.01715],[89.92327,22.0196],[89.92023,22.02286],[89.91862,22.02392],[89.9171,22.02445],[89.91647,22.02607],[89.91532,22.02744],[89.9102,22.03977],[89.90838,22.04591],[89.90831,22.04735],[89.90536,22.05976],[89.90308,22.06785],[89.90126,22.07147],[89.90133,22.07278],[89.90313,22.07739],[89.90369,22.0811],[89.90549,22.08591],[89.9068,22.09269],[89.90778,22.09518],[89.90926,22.10114],[89.91036,22.11177],[89.91111,22.12464],[89.91218,22.13115],[89.91211,22.13777],[89.90962,22.15101],[89.90757,22.15655],[89.90697,22.15938],[89.90344,22.16253],[89.90282,22.16364],[89.90211,22.16573],[89.90171,22.16845],[89.90022,22.17191],[89.89886,22.17721],[89.89358,22.19237],[89.89211,22.19934],[89.89101,22.20043],[89.88781,22.20846],[89.88459,22.21391],[89.88448,22.21494],[89.88012,22.22274],[89.87931,22.22332],[89.83923,22.21722],[89.8385,22.21682],[89.83758,22.21518],[89.83768,22.21435],[89.83839,22.21383],[89.83994,22.21383],[89.84228,22.21468],[89.84511,22.21372],[89.84658,22.21352],[89.85156,22.21147],[89.85586,22.21013],[89.86162,22.20684],[89.8651,22.20425],[89.87254,22.19573],[89.87394,22.19356],[89.87503,22.19021],[89.87643,22.17713],[89.87822,22.16952],[89.88057,22.1619],[89.88567,22.1475],[89.88763,22.13924],[89.88836,22.13268],[89.88829,22.12712],[89.8869,22.1192],[89.88619,22.11791],[89.88624,22.1169],[89.88547,22.11307],[89.88404,22.10894],[89.87984,22.10045],[89.877,22.09648],[89.87493,22.09457],[89.86483,22.08795],[89.8632,22.08656],[89.85785,22.08075],[89.85308,22.07457],[89.84906,22.06871],[89.84587,22.06542],[89.84227,22.06437],[89.84058,22.06429],[89.83408,22.06559],[89.82608,22.06478],[89.81881,22.06562],[89.81586,22.06656],[89.81383,22.06764],[89.80738,22.0731],[89.80524,22.07429],[89.80489,22.0748],[89.80525,22.07592],[89.80804,22.0774],[89.82605,22.09234],[89.8321,22.098],[89.83575,22.10229],[89.83932,22.10786],[89.84129,22.11238],[89.84217,22.11696],[89.84211,22.12022],[89.84165,22.12247],[89.84017,22.12527],[89.83816,22.12755],[89.83013,22.13287],[89.82209,22.13695],[89.81604,22.14043],[89.81389,22.14237],[89.81325,22.14344],[89.81306,22.14464],[89.8136,22.1454],[89.82375,22.14967],[89.82888,22.15265],[89.83265,22.15549],[89.83479,22.15769],[89.83621,22.15972],[89.83643,22.16073],[89.83587,22.16224],[89.83668,22.1634],[89.83683,22.16454],[89.82609,22.18315],[89.81964,22.19651],[89.81551,22.20231],[89.81045,22.20801],[89.81031,22.20883],[89.8108,22.21011],[89.81061,22.21071],[89.81009,22.21111],[89.8087,22.21136],[89.80756,22.21229],[89.80425,22.21738],[89.80271,22.2214],[89.80172,22.22178],[89.80075,22.22117],[89.8006,22.2204],[89.80122,22.21631],[89.8024,22.21381],[89.80574,22.20847],[89.81497,22.19601],[89.82023,22.18424],[89.82434,22.17674],[89.82917,22.17003],[89.83377,22.16506],[89.83499,22.16234],[89.8339,22.16054],[89.83029,22.15763],[89.81868,22.15286],[89.81585,22.15122],[89.81292,22.14857],[89.81049,22.14586],[89.80977,22.14462],[89.80944,22.14296],[89.80999,22.14026],[89.81077,22.13893],[89.81477,22.13454],[89.81693,22.13283],[89.81981,22.13117],[89.83572,22.12574],[89.83875,22.12338],[89.83901,22.12263],[89.83652,22.11797],[89.8346,22.11538],[89.83502,22.11427],[89.83586,22.11405],[89.83685,22.11444],[89.83751,22.11439],[89.83804,22.11402],[89.83825,22.11323],[89.83595,22.10814],[89.83385,22.10511],[89.83082,22.10162],[89.82811,22.09944],[89.82725,22.09943],[89.82662,22.09998],[89.82684,22.10149],[89.82655,22.10225],[89.82577,22.10261],[89.82494,22.10237],[89.82148,22.09852],[89.81606,22.09391],[89.8116,22.08965],[89.80329,22.0789],[89.80041,22.07374],[89.79966,22.07329],[89.79773,22.07353],[89.7972,22.07315],[89.79699,22.07256],[89.79708,22.07204],[89.80155,22.0676],[89.80756,22.06298],[89.81174,22.05867],[89.81887,22.05479],[89.81923,22.05421],[89.81916,22.05311],[89.81943,22.05258],[89.81998,22.05225],[89.82127,22.05227],[89.82202,22.05191],[89.82284,22.05105],[89.82533,22.04707],[89.82602,22.04694],[89.82665,22.04719],[89.82797,22.04951],[89.8285,22.04987],[89.8333,22.05059],[89.83981,22.0493],[89.84338,22.04697],[89.84836,22.04251],[89.85213,22.03742],[89.8554,22.03201],[89.85831,22.0223],[89.85917,22.0153],[89.86123,21.98698],[89.86123,21.97328],[89.86226,21.96723],[89.86261,21.96182],[89.86398,21.95704],[89.86655,21.95226],[89.8693,21.94621],[89.87097,21.9415],[89.8704,21.93783],[89.87205,21.93407],[89.87273,21.92774],[89.87497,21.91787],[89.87685,21.91134],[89.8772,21.90465],[89.87574,21.89792],[89.87222,21.89382],[89.86896,21.88904],[89.86744,21.88488],[89.86501,21.88187],[89.86084,21.87756],[89.8566,21.87534],[89.85402,21.87439],[89.84993,21.87384],[89.84801,21.8747],[89.84474,21.87747],[89.84333,21.88031],[89.84389,21.88187],[89.8463,21.88506],[89.8483,21.88912],[89.84799,21.89301],[89.84611,21.8965],[89.84149,21.90003],[89.82639,21.90879],[89.81643,21.91389],[89.81154,21.91784],[89.80993,21.92238],[89.81008,21.92631],[89.81197,21.9314],[89.81561,21.93652],[89.82827,21.94621],[89.83411,21.94908],[89.84046,21.95115],[89.84453,21.95313],[89.84575,21.95602],[89.84508,21.95958],[89.84304,21.96261],[89.83823,21.9685],[89.83205,21.97392],[89.81626,21.98203],[89.81094,21.98538],[89.80649,21.98767],[89.80555,21.98862],[89.80467,21.98872],[89.8041,21.98839],[89.80379,21.98772],[89.80426,21.9864],[89.80791,21.98373],[89.82662,21.97339],[89.8352,21.96622],[89.84138,21.95874],[89.84239,21.95693],[89.84245,21.95565],[89.84195,21.95503],[89.83949,21.95412],[89.83438,21.95313],[89.82793,21.94993],[89.8192,21.94452],[89.81501,21.94149],[89.81149,21.93811],[89.80888,21.93465],[89.80778,21.93196],[89.8069,21.92871],[89.80617,21.92214],[89.8069,21.91884],[89.80823,21.91642],[89.81295,21.91253],[89.82325,21.9057],[89.82574,21.90451],[89.83142,21.90078],[89.83418,21.89955],[89.83759,21.89698],[89.84467,21.89256],[89.84461,21.89103],[89.84141,21.88731],[89.84083,21.88585],[89.83939,21.88406],[89.83767,21.88093],[89.83641,21.87729],[89.83663,21.87201],[89.83754,21.8676],[89.83733,21.86461],[89.83778,21.86174],[89.83778,21.85667],[89.83809,21.85565],[89.83778,21.85358],[89.836,21.85153],[89.83129,21.84903],[89.815,21.84519],[89.81385,21.84528],[89.81099,21.84428],[89.80505,21.84563],[89.80039,21.84601],[89.79643,21.84482],[89.79544,21.84415],[89.78759,21.84321],[89.78566,21.84207],[89.78556,21.84145],[89.78592,21.84041],[89.78543,21.83833],[89.78391,21.83726],[89.78063,21.83681],[89.77416,21.83836],[89.77305,21.83962],[89.77294,21.84077],[89.77732,21.85312],[89.78069,21.86011],[89.78076,21.86142],[89.78213,21.86252],[89.78464,21.86727],[89.78461,21.86849],[89.78333,21.86965],[89.78299,21.87186],[89.78331,21.8745],[89.78541,21.88068],[89.78568,21.8824],[89.78527,21.88422],[89.78568,21.88584],[89.78535,21.8864],[89.78475,21.8867],[89.78386,21.88651],[89.78345,21.88601],[89.78374,21.88404],[89.78096,21.8788],[89.78016,21.87551],[89.77944,21.87005],[89.77993,21.86204],[89.77588,21.85831],[89.77359,21.8542],[89.76983,21.85365],[89.76784,21.85508],[89.76639,21.85505],[89.76363,21.85637],[89.76177,21.85664],[89.76043,21.85737],[89.75788,21.85706],[89.75671,21.85659],[89.75382,21.85759],[89.7527,21.85752],[89.7506,21.85807],[89.7493,21.85797],[89.74874,21.85829],[89.74825,21.86098],[89.7485,21.86252],[89.74753,21.8656],[89.74482,21.86946],[89.74319,21.87469],[89.74136,21.87688],[89.74018,21.87758],[89.73904,21.87894],[89.73642,21.88843],[89.73544,21.89043],[89.73147,21.89603],[89.73125,21.89681],[89.72786,21.89953],[89.71781,21.9048],[89.7173,21.90557],[89.71766,21.90659],[89.72936,21.9164],[89.73173,21.91925],[89.73332,21.92726],[89.73064,21.93533],[89.72561,21.94186],[89.72255,21.9432],[89.72065,21.94575],[89.71788,21.95276],[89.71595,21.95669],[89.71516,21.96048],[89.71582,21.96207],[89.71633,21.96246],[89.71854,21.96334],[89.72433,21.96485],[89.72836,21.96569],[89.73375,21.96543],[89.73976,21.9667],[89.74388,21.96877],[89.74662,21.97068],[89.7497,21.97461],[89.75,21.97793],[89.74885,21.98039],[89.7464,21.98373],[89.73924,21.98851],[89.73791,21.99037],[89.73822,21.99117],[89.73882,21.99149],[89.74705,21.99322],[89.75064,21.99526],[89.75332,21.99894],[89.7538,22.00195],[89.75302,22.00416],[89.75394,22.00546],[89.75397,22.00627],[89.7516,22.0092],[89.74765,22.01254],[89.74543,22.01572],[89.74539,22.01638],[89.7457,22.01743],[89.74617,22.0179],[89.75675,22.02114],[89.75978,22.02309],[89.7607,22.02575],[89.76103,22.02973],[89.76023,22.03294],[89.75893,22.03401],[89.75858,22.03554],[89.75802,22.03596],[89.7559,22.0361],[89.75422,22.03656],[89.74774,22.03589],[89.74707,22.03616],[89.74508,22.04007],[89.74233,22.04914],[89.74237,22.0512],[89.74282,22.05186],[89.74393,22.05255],[89.74934,22.05423],[89.75021,22.05572],[89.75173,22.05641],[89.75251,22.05798],[89.75265,22.05959],[89.75202,22.0646],[89.75161,22.0651],[89.75097,22.0653],[89.75026,22.0651],[89.7498,22.0646],[89.74985,22.05855],[89.74933,22.05653],[89.74852,22.05618],[89.74227,22.05586],[89.73985,22.05346],[89.73922,22.05234],[89.73894,22.05022],[89.73933,22.04732],[89.74164,22.03797],[89.74321,22.03544],[89.74582,22.03356],[89.74728,22.03313],[89.75003,22.03336],[89.75337,22.03421],[89.75532,22.03439],[89.75736,22.03382],[89.75805,22.03289],[89.75767,22.0301],[89.75504,22.02386],[89.75433,22.02358],[89.74965,22.02314],[89.74579,22.02174],[89.74352,22.02042],[89.74179,22.01796],[89.74166,22.01552],[89.743,22.0121],[89.74562,22.00838],[89.74836,22.00521],[89.74928,22.0036],[89.74988,22.00131],[89.74918,21.99865],[89.74721,21.99751],[89.73949,21.99612],[89.73683,21.99528],[89.7348,21.99317],[89.73358,21.99127],[89.73331,21.99029],[89.73358,21.98847],[89.73473,21.98641],[89.73811,21.98326],[89.74176,21.98073],[89.74589,21.97729],[89.74615,21.97614],[89.74543,21.9752],[89.73296,21.96992],[89.72969,21.96933],[89.72774,21.96976],[89.72632,21.97083],[89.72627,21.97399],[89.72412,21.97957],[89.72015,21.98091],[89.714,21.9799],[89.7134,21.98032],[89.71272,21.98167],[89.71185,21.98242],[89.71053,21.98454],[89.70888,21.98595],[89.70843,21.98675],[89.70836,21.98777],[89.70917,21.99085],[89.70925,21.99268],[89.70815,21.9963],[89.70746,21.99993],[89.70746,22.00597],[89.70652,22.00801],[89.70305,22.01081],[89.70238,22.01098],[89.69978,22.0106],[89.69896,22.011],[89.69862,22.01152],[89.69872,22.01231],[89.70388,22.02114],[89.70515,22.02405],[89.70601,22.02756],[89.70613,22.0296],[89.70595,22.03173],[89.70532,22.03373],[89.70402,22.03573],[89.70268,22.03677],[89.7006,22.03942],[89.69999,22.04071],[89.69295,22.04378],[89.68745,22.04529],[89.68227,22.04743],[89.67872,22.04988],[89.67764,22.05151],[89.67899,22.05421],[89.68064,22.05611],[89.68633,22.05978],[89.69105,22.06144],[89.70109,22.06306],[89.70264,22.06362],[89.70704,22.06783],[89.71077,22.07396],[89.711,22.07889],[89.71054,22.08174],[89.70904,22.08708],[89.70872,22.0907],[89.70902,22.09242],[89.71202,22.0994],[89.71259,22.10163],[89.7131,22.10593],[89.71345,22.11069],[89.71299,22.11234],[89.71214,22.11373],[89.71146,22.11824],[89.71216,22.12393],[89.71212,22.12719],[89.7128,22.12888],[89.71111,22.13101],[89.70908,22.13676],[89.70615,22.14266],[89.70544,22.14525],[89.70436,22.15262],[89.70294,22.15749],[89.70064,22.16258],[89.69742,22.16748],[89.69631,22.16985],[89.69394,22.18026],[89.69475,22.18307],[89.69634,22.18511],[89.69759,22.18592],[89.69842,22.18586],[89.70307,22.18382],[89.70562,22.1834],[89.7091,22.1839],[89.71144,22.18539],[89.7135,22.18858],[89.71409,22.19045],[89.71414,22.19586],[89.71348,22.19829],[89.71191,22.20064],[89.71052,22.20183],[89.70843,22.20279],[89.70702,22.203],[89.70501,22.20277],[89.70219,22.20176],[89.70071,22.20079],[89.69612,22.19664],[89.6948,22.19596],[89.69414,22.19593],[89.69284,22.19655],[89.69221,22.19742],[89.692,22.19873],[89.69611,22.20918],[89.69713,22.21015],[89.6974,22.21186],[89.70247,22.21827],[89.7067,22.22515],[89.71801,22.23805],[89.72197,22.24368],[89.72468,22.24917],[89.72806,22.25768],[89.73284,22.26364],[89.73647,22.26967],[89.73776,22.27247],[89.7386,22.27607],[89.73827,22.27915],[89.73662,22.28172],[89.73468,22.28261],[89.73054,22.28293],[89.72733,22.28246],[89.72127,22.27976],[89.70794,22.27562],[89.7039,22.27524],[89.70286,22.27579],[89.70257,22.27635],[89.70263,22.27735],[89.70585,22.28513],[89.71007,22.29775],[89.70998,22.30207],[89.70941,22.30447],[89.70808,22.30727],[89.7053,22.30977],[89.70428,22.31125],[89.7026,22.31163],[89.70089,22.31147],[89.69914,22.31196],[89.69311,22.31615],[89.69245,22.31704],[89.691,22.32144],[89.69014,22.32647],[89.68964,22.32722],[89.6879,22.328],[89.68768,22.33008],[89.68527,22.33199],[89.68054,22.33344],[89.67911,22.33443],[89.67872,22.3373],[89.67723,22.34173],[89.67403,22.34823],[89.67344,22.35033],[89.67283,22.3553],[89.67167,22.35947],[89.6697,22.36376],[89.66881,22.36507],[89.66739,22.36633],[89.66611,22.36674],[89.6654,22.3678],[89.66436,22.36847],[89.66192,22.36924],[89.65814,22.36945],[89.6556,22.3689],[89.65374,22.368],[89.65171,22.36656],[89.65008,22.36615],[89.64837,22.36624],[89.64348,22.36739],[89.64146,22.36711],[89.63997,22.36647],[89.63796,22.36487],[89.63641,22.36207],[89.63593,22.35328],[89.63567,22.35276],[89.62497,22.34904],[89.62433,22.34852],[89.62439,22.34584],[89.62349,22.34186],[89.6164,22.32502],[89.60666,22.30962],[89.60426,22.30642],[89.59604,22.29844],[89.59017,22.29356],[89.58719,22.29042],[89.58322,22.28353],[89.58052,22.278],[89.5791,22.27395],[89.57769,22.2675],[89.57738,22.26439],[89.57752,22.26066],[89.57791,22.25695],[89.57945,22.25033],[89.58057,22.24764],[89.58284,22.24392],[89.58301,22.24287],[89.58233,22.24161],[89.57871,22.24067],[89.57762,22.24117],[89.57479,22.24536],[89.57486,22.24977],[89.57444,22.25166],[89.57369,22.2529],[89.57117,22.25479],[89.56904,22.25559],[89.5659,22.25595],[89.56099,22.25582],[89.55815,22.25622],[89.55625,22.25809],[89.55525,22.26027],[89.55462,22.26256],[89.55319,22.27483],[89.55364,22.28227],[89.55288,22.28602],[89.55102,22.29114],[89.55024,22.29181],[89.54902,22.2908],[89.55059,22.28417],[89.55032,22.27878],[89.55063,22.26851],[89.5531,22.25923],[89.55532,22.2556],[89.55607,22.25519],[89.55737,22.255],[89.55827,22.25416],[89.56033,22.25363],[89.56635,22.25316],[89.57028,22.25234],[89.57125,22.25059],[89.57188,22.24652],[89.57201,22.23967],[89.5706,22.23475],[89.56517,22.23038],[89.54715,22.21435],[89.54146,22.2072],[89.53954,22.2038],[89.53822,22.20291],[89.53803,22.20192],[89.53922,22.20087],[89.53962,22.20001],[89.54017,22.19394],[89.54084,22.19056],[89.54156,22.18821],[89.54323,22.18461],[89.54581,22.18115],[89.54964,22.17728],[89.55298,22.17287],[89.56005,22.16451],[89.57318,22.1433],[89.57969,22.13377],[89.58197,22.128],[89.58275,22.12411],[89.58234,22.12079],[89.58105,22.11533],[89.57729,22.103],[89.57472,22.09734],[89.56803,22.08553],[89.56522,22.07973],[89.55994,22.07134],[89.55737,22.06634],[89.55135,22.05089],[89.5482,22.04099],[89.5466,22.03482],[89.54544,22.02981],[89.54297,22.01586],[89.54096,22.0099],[89.53773,22.00635],[89.53508,22.00189],[89.53388,21.99886],[89.53255,21.99715],[89.53176,21.99684],[89.53075,21.99731],[89.52998,21.99882],[89.52796,21.9992],[89.52672,21.99986],[89.52227,22.0032],[89.52101,22.00435],[89.5203,22.00548],[89.51868,22.00654],[89.51409,22.01216],[89.51263,22.01289],[89.511,22.01439],[89.51053,22.01553],[89.51079,22.01712],[89.5154,22.02311],[89.51984,22.03052],[89.52767,22.04207],[89.52918,22.04679],[89.53218,22.05263],[89.53412,22.05796],[89.53518,22.06533],[89.53555,22.07156],[89.53539,22.07491],[89.53379,22.08448],[89.53117,22.09048],[89.5285,22.09238],[89.52712,22.09409],[89.5272,22.09514],[89.52853,22.09629],[89.52828,22.09731],[89.526,22.098],[89.52423,22.09776],[89.52304,22.09824],[89.52088,22.10005],[89.51837,22.1029],[89.51685,22.11056],[89.51449,22.11826],[89.51236,22.12739],[89.51084,22.13164],[89.50818,22.13765],[89.50292,22.15192],[89.50076,22.15972],[89.49655,22.17229],[89.49232,22.18275],[89.4886,22.19695],[89.48492,22.20675],[89.47915,22.22064],[89.47674,22.22939],[89.47709,22.23072],[89.48222,22.23965],[89.48468,22.24617],[89.48703,22.25037],[89.49044,22.25826],[89.49379,22.26432],[89.49421,22.26634],[89.49359,22.26697],[89.49221,22.26718],[89.49166,22.26783],[89.49088,22.2761],[89.48895,22.28274],[89.48719,22.28645],[89.48431,22.28981],[89.48093,22.2926],[89.47955,22.29435],[89.47613,22.3014],[89.47622,22.30271],[89.47707,22.30442],[89.48136,22.30821],[89.4817,22.30893],[89.48158,22.30956],[89.48109,22.31001],[89.48019,22.31009],[89.47838,22.30882],[89.47483,22.30748],[89.47375,22.30781],[89.47147,22.31135],[89.46987,22.3152],[89.46692,22.31864],[89.45935,22.32689],[89.45109,22.33379],[89.44756,22.33721],[89.44577,22.33969],[89.44156,22.34702],[89.43707,22.35272],[89.43571,22.35526],[89.43596,22.35635],[89.43914,22.35947],[89.44255,22.36361],[89.4441,22.36598],[89.44497,22.36825],[89.44661,22.37329],[89.44694,22.37661],[89.44794,22.38063],[89.44845,22.38385],[89.44862,22.39142],[89.44958,22.39664],[89.44824,22.40741],[89.44878,22.4108],[89.44558,22.41642],[89.4443,22.41764],[89.44358,22.41913],[89.43979,22.42187],[89.43808,22.42405],[89.43629,22.42778],[89.43603,22.43091],[89.4344,22.43938],[89.43579,22.44912],[89.43634,22.45587],[89.43608,22.45695],[89.43624,22.45818],[89.43515,22.46155],[89.4344,22.46194],[89.42588,22.46145],[89.41819,22.46146],[89.41748,22.46066],[89.41739,22.4575],[89.41583,22.45637],[89.41542,22.45563],[89.41556,22.45502],[89.41605,22.45458],[89.41767,22.4545],[89.41837,22.45399],[89.42006,22.44909],[89.42382,22.42557],[89.42283,22.41863],[89.42679,22.40042],[89.42643,22.39876],[89.42687,22.39825],[89.42835,22.39753],[89.43088,22.39308],[89.43689,22.38673],[89.43795,22.38443],[89.43666,22.38179],[89.43345,22.37895],[89.43002,22.37467],[89.4247,22.36403],[89.42248,22.3583],[89.42222,22.35477],[89.42163,22.35422],[89.42038,22.35384],[89.41991,22.35288],[89.42019,22.35227],[89.42128,22.35135],[89.42228,22.34845],[89.42181,22.34718],[89.42199,22.3464],[89.4225,22.34601],[89.42404,22.34563],[89.42813,22.34037],[89.43448,22.33402],[89.44582,22.32572],[89.45131,22.31798],[89.45519,22.31447],[89.45731,22.31084],[89.46075,22.30131],[89.46263,22.29496],[89.46658,22.28813],[89.47602,22.27526],[89.47778,22.27111],[89.47665,22.26873],[89.46899,22.26208],[89.46469,22.25683],[89.4599,22.25189],[89.45611,22.25095],[89.45028,22.25016],[89.44479,22.24856],[89.435,22.2419],[89.42744,22.2384],[89.41848,22.23536],[89.41786,22.23541],[89.41521,22.23694],[89.41397,22.23914],[89.41423,22.2419],[89.41938,22.25651],[89.42148,22.26035],[89.43066,22.26889],[89.43309,22.27447],[89.43311,22.28034],[89.43192,22.28564],[89.42727,22.29083],[89.42247,22.2948],[89.41749,22.29782],[89.41182,22.30179],[89.41014,22.30402],[89.41021,22.30507],[89.41217,22.30782],[89.41526,22.31068],[89.41766,22.31449],[89.42073,22.32055],[89.42371,22.32223],[89.42442,22.32345],[89.4244,22.32427],[89.42376,22.32485],[89.42308,22.3249],[89.42092,22.32324],[89.42032,22.32308],[89.41783,22.32386],[89.4156,22.32529],[89.41268,22.32656],[89.40942,22.32894],[89.40564,22.33053],[89.4022,22.33306],[89.40012,22.33375],[89.39828,22.33522],[89.39805,22.33587],[89.39843,22.33767],[89.40219,22.34467],[89.40229,22.34679],[89.40136,22.348],[89.40027,22.34811],[89.39957,22.34734],[89.39958,22.34579],[89.39676,22.34203],[89.39545,22.33919],[89.39476,22.33553],[89.39539,22.33356],[89.39752,22.33122],[89.39967,22.32977],[89.40629,22.32696],[89.41283,22.32344],[89.41557,22.32163],[89.41588,22.32111],[89.41562,22.32017],[89.41329,22.31769],[89.40654,22.31166],[89.40522,22.30984],[89.40524,22.30439],[89.40657,22.30051],[89.40852,22.29761],[89.41064,22.29569],[89.41737,22.29111],[89.41767,22.29057],[89.41741,22.28922],[89.41768,22.28865],[89.42238,22.28636],[89.42508,22.28395],[89.42619,22.28158],[89.42627,22.27722],[89.42528,22.27569],[89.42576,22.27396],[89.42394,22.27065],[89.42235,22.26848],[89.41674,22.26367],[89.41371,22.26043],[89.41214,22.26009],[89.41126,22.25932],[89.41138,22.25706],[89.40762,22.24995],[89.40641,22.2453],[89.40631,22.24257],[89.408,22.23625],[89.40914,22.23416],[89.411,22.23224],[89.41351,22.23061],[89.41841,22.22897],[89.4199,22.22977],[89.42222,22.23036],[89.42419,22.23143],[89.4261,22.23189],[89.43537,22.23532],[89.43958,22.2372],[89.44968,22.24281],[89.45497,22.24518],[89.45751,22.24577],[89.45918,22.24476],[89.45972,22.24366],[89.4595,22.23903],[89.45809,22.23166],[89.45719,22.22984],[89.45625,22.22661],[89.45556,22.2227],[89.45472,22.21428],[89.45459,22.211],[89.45529,22.20719],[89.45495,22.20597],[89.45523,22.20302],[89.45702,22.19615],[89.457,22.19489],[89.4583,22.19314],[89.46098,22.18731],[89.4631,22.1801],[89.46449,22.17751],[89.46581,22.17328],[89.46697,22.17123],[89.46702,22.1697],[89.46922,22.16579],[89.47031,22.16197],[89.46986,22.16072],[89.46585,22.15784],[89.46562,22.15682],[89.46617,22.15612],[89.46689,22.15607],[89.46808,22.15671],[89.4727,22.15775],[89.47361,22.15749],[89.47429,22.15666],[89.47532,22.15369],[89.47704,22.15052],[89.47751,22.14836],[89.4767,22.14748],[89.47219,22.14703],[89.46907,22.14767],[89.46751,22.14915],[89.46567,22.15395],[89.46522,22.15442],[89.4647,22.15447],[89.46386,22.15417],[89.46266,22.15262],[89.46272,22.15097],[89.46228,22.14894],[89.46147,22.14744],[89.46024,22.14742],[89.45645,22.14952],[89.45313,22.15227],[89.45171,22.15387],[89.44973,22.15765],[89.4479,22.1603],[89.44545,22.16302],[89.44226,22.165],[89.43912,22.16597],[89.43672,22.16628],[89.43525,22.16697],[89.42969,22.17358],[89.42096,22.18009],[89.41736,22.18242],[89.41649,22.18433],[89.41687,22.1878],[89.41676,22.1911],[89.41627,22.19291],[89.41404,22.19667],[89.4114,22.19837],[89.40861,22.19919],[89.40524,22.19968],[89.40185,22.20055],[89.39549,22.20114],[89.3951,22.20164],[89.39515,22.20246],[89.39681,22.20359],[89.40078,22.20399],[89.4039,22.20544],[89.40567,22.20803],[89.40594,22.20982],[89.40566,22.21126],[89.40373,22.21353],[89.40009,22.21552],[89.39875,22.21542],[89.39812,22.21564],[89.39744,22.21691],[89.39454,22.21909],[89.39447,22.21994],[89.39509,22.22057],[89.39983,22.22179],[89.40013,22.2226],[89.39971,22.22335],[89.39836,22.22364],[89.39453,22.22328],[89.39237,22.22239],[89.39156,22.22146],[89.3912,22.21989],[89.39198,22.21759],[89.39382,22.21613],[89.39612,22.21524],[89.39745,22.21534],[89.3981,22.21512],[89.39888,22.21374],[89.3999,22.21309],[89.4013,22.21158],[89.40196,22.20946],[89.40146,22.20797],[89.40043,22.20711],[89.3928,22.20442],[89.39105,22.20298],[89.39051,22.20178],[89.3905,22.20066],[89.39132,22.19824],[89.39206,22.19757],[89.39354,22.19717],[89.3995,22.1982],[89.40635,22.19623],[89.41132,22.19389],[89.41198,22.19295],[89.41259,22.19101],[89.41399,22.18243],[89.41467,22.18124],[89.4177,22.17788],[89.42175,22.1753],[89.4234,22.17384],[89.42556,22.17061],[89.42639,22.1682],[89.42775,22.16569],[89.42772,22.16458],[89.42698,22.16342],[89.4252,22.16253],[89.41884,22.16231],[89.41498,22.16134],[89.41309,22.16055],[89.40874,22.15756],[89.40556,22.15378],[89.40432,22.15145],[89.40437,22.14836],[89.40755,22.13909],[89.40603,22.13414],[89.40498,22.13356],[89.39796,22.13482],[89.39734,22.13459],[89.39691,22.13388],[89.39702,22.13327],[89.39748,22.13282],[89.40275,22.13109],[89.40402,22.13041],[89.40438,22.1299],[89.40431,22.12911],[89.40368,22.12858],[89.39963,22.12715],[89.39303,22.12667],[89.38939,22.1259],[89.38713,22.12486],[89.38055,22.12018],[89.37812,22.11711],[89.377,22.11359],[89.37763,22.10929],[89.37843,22.10678],[89.37842,22.10395],[89.37888,22.1008],[89.37821,22.09996],[89.37382,22.09903],[89.36963,22.09947],[89.36874,22.1005],[89.36669,22.10559],[89.36192,22.11154],[89.35139,22.11747],[89.3508,22.11925],[89.35374,22.12555],[89.35414,22.12973],[89.35385,22.132],[89.35322,22.13346],[89.35037,22.13609],[89.34906,22.13685],[89.3482,22.13701],[89.3457,22.13684],[89.34324,22.13593],[89.34067,22.13424],[89.33647,22.12941],[89.33531,22.12843],[89.33374,22.12781],[89.33149,22.12855],[89.33049,22.12959],[89.32964,22.13151],[89.32905,22.13463],[89.32956,22.13654],[89.33082,22.13848],[89.33389,22.14179],[89.33685,22.14427],[89.33932,22.14769],[89.34042,22.15137],[89.34051,22.15523],[89.33854,22.16169],[89.33825,22.16602],[89.33738,22.16997],[89.33755,22.17623],[89.33699,22.1795],[89.33535,22.18269],[89.333,22.18527],[89.32978,22.18686],[89.32557,22.18982],[89.32511,22.19092],[89.32528,22.19224],[89.32844,22.19643],[89.33108,22.2027],[89.33174,22.20588],[89.33186,22.21179],[89.33262,22.21226],[89.34068,22.21365],[89.34299,22.21468],[89.34476,22.21643],[89.34588,22.21831],[89.34683,22.22097],[89.3477,22.2333],[89.34835,22.23516],[89.34969,22.2369],[89.35548,22.23986],[89.35748,22.2421],[89.35811,22.24519],[89.35788,22.24739],[89.35683,22.24923],[89.3551,22.2509],[89.35276,22.2518],[89.34661,22.25218],[89.3429,22.25287],[89.3416,22.25331],[89.34107,22.25395],[89.34108,22.25456],[89.34163,22.25519],[89.3465,22.25665],[89.34898,22.25791],[89.35062,22.25941],[89.35178,22.26111],[89.35174,22.26333],[89.34795,22.26552],[89.34299,22.26764],[89.33679,22.27115],[89.32882,22.27484],[89.32853,22.27538],[89.32874,22.27622],[89.3337,22.28164],[89.33542,22.28398],[89.3358,22.28511],[89.3356,22.28629],[89.33437,22.28782],[89.33275,22.28913],[89.31364,22.29771],[89.31086,22.2994],[89.31093,22.3006],[89.31228,22.30134],[89.31768,22.30088],[89.31833,22.30106],[89.31886,22.30195],[89.31816,22.30295],[89.31205,22.30384],[89.31071,22.30363],[89.30964,22.30301],[89.30826,22.30063],[89.30832,22.29976],[89.30936,22.29768],[89.31111,22.2958],[89.31718,22.29304],[89.31745,22.29206],[89.31672,22.2913],[89.30991,22.29259],[89.30452,22.2926],[89.30067,22.29134],[89.29374,22.28798],[89.28864,22.28756],[89.28759,22.28773],[89.28654,22.28745],[89.28469,22.28826],[89.28412,22.29474],[89.2836,22.29634],[89.28337,22.29939],[89.28365,22.3002],[89.28356,22.30142],[89.28278,22.30486],[89.28179,22.3062],[89.28151,22.30729],[89.28048,22.30909],[89.28026,22.31028],[89.27934,22.31164],[89.27722,22.3166],[89.27382,22.32138],[89.27153,22.3233],[89.2667,22.3255],[89.26493,22.327],[89.26158,22.32871],[89.25922,22.33072],[89.25821,22.33221],[89.2563,22.33375],[89.25514,22.33518],[89.25493,22.33606],[89.25365,22.33788],[89.2526,22.3411],[89.25271,22.34252],[89.25384,22.34319],[89.26135,22.34253],[89.26667,22.34137],[89.26865,22.34066],[89.27056,22.34086],[89.2718,22.34063],[89.27315,22.3409],[89.277,22.34396],[89.2777,22.34649],[89.27761,22.34937],[89.27706,22.35116],[89.27624,22.35257],[89.2762,22.35377],[89.27536,22.35513],[89.27443,22.35893],[89.27371,22.35994],[89.26967,22.36885],[89.26848,22.3744],[89.26647,22.37662],[89.26391,22.37826],[89.25821,22.3801],[89.25395,22.38083],[89.25141,22.37966],[89.24944,22.37767],[89.24845,22.37542],[89.24612,22.37255],[89.24387,22.37141],[89.24034,22.37027],[89.23917,22.37039],[89.23843,22.37087],[89.23652,22.37361],[89.2362,22.37554],[89.23532,22.37671],[89.23571,22.37882],[89.23794,22.38179],[89.24064,22.38218],[89.24465,22.38188],[89.24755,22.38304],[89.24919,22.38331],[89.25242,22.3852],[89.25584,22.3887],[89.25832,22.39441],[89.25873,22.39692],[89.25852,22.39967],[89.25692,22.40408],[89.25609,22.40434],[89.25518,22.40414],[89.25433,22.40332],[89.25479,22.40169],[89.25549,22.40067],[89.25565,22.39783],[89.25513,22.39476],[89.2545,22.39339],[89.2542,22.39173],[89.25251,22.389],[89.24907,22.3869],[89.24757,22.38657],[89.24589,22.3856],[89.24413,22.38519],[89.23966,22.3849],[89.23823,22.38417],[89.23743,22.38326],[89.23491,22.38265],[89.23334,22.38107],[89.23291,22.38013],[89.23233,22.37575],[89.23319,22.37207],[89.23602,22.36865],[89.24102,22.36699],[89.24438,22.36741],[89.24763,22.36931],[89.25231,22.37435],[89.25558,22.37705],[89.25707,22.37729],[89.25818,22.37692],[89.25946,22.37577],[89.26135,22.37291],[89.26372,22.36753],[89.2642,22.36533],[89.26487,22.3646],[89.26575,22.36231],[89.2657,22.36076],[89.26695,22.35986],[89.269,22.35583],[89.27168,22.35212],[89.27316,22.34902],[89.2736,22.34626],[89.27315,22.34546],[89.27225,22.34522],[89.27027,22.34588],[89.26757,22.3489],[89.26546,22.35012],[89.26462,22.3518],[89.26412,22.35221],[89.26196,22.35256],[89.26052,22.35164],[89.25791,22.35154],[89.25669,22.35217],[89.25483,22.35235],[89.25074,22.3502],[89.24888,22.34824],[89.24716,22.3445],[89.24771,22.33773],[89.24878,22.33539],[89.25331,22.33093],[89.25626,22.32637],[89.25896,22.32403],[89.25994,22.32231],[89.26115,22.32157],[89.26388,22.31832],[89.26488,22.31774],[89.26884,22.31296],[89.27293,22.3088],[89.27314,22.30459],[89.27388,22.30186],[89.27447,22.29613],[89.27545,22.29288],[89.2757,22.29012],[89.28035,22.28445],[89.2842,22.28189],[89.28618,22.28122],[89.28824,22.28098],[89.2942,22.28158],[89.30201,22.2843],[89.30533,22.28508],[89.30704,22.28514],[89.30918,22.28481],[89.31194,22.28343],[89.31362,22.28149],[89.31387,22.28041],[89.31354,22.27862],[89.31256,22.2769],[89.31079,22.27523],[89.30689,22.27237],[89.30525,22.27151],[89.30419,22.27114],[89.30295,22.27132],[89.30023,22.27093],[89.29808,22.26975],[89.29626,22.26952],[89.2926,22.26742],[89.28765,22.26298],[89.28724,22.2604],[89.28649,22.25916],[89.28638,22.25758],[89.28674,22.25646],[89.28651,22.25399],[89.28768,22.25114],[89.28978,22.24824],[89.29,22.24712],[89.29113,22.24586],[89.29483,22.2436],[89.29898,22.24035],[89.30073,22.23931],[89.30118,22.23845],[89.30771,22.23187],[89.30783,22.23101],[89.30743,22.22983],[89.30659,22.22892],[89.30617,22.22738],[89.30391,22.2239],[89.30275,22.22096],[89.30201,22.22046],[89.2991,22.22088],[89.28783,22.22119],[89.28077,22.22171],[89.27787,22.22125],[89.26753,22.2219],[89.26073,22.22085],[89.25791,22.2208],[89.25329,22.222],[89.25077,22.22333],[89.24825,22.22527],[89.24705,22.2274],[89.2468,22.23004],[89.24903,22.24364],[89.24949,22.24815],[89.25001,22.2495],[89.25069,22.25542],[89.25149,22.25668],[89.25127,22.25775],[89.25167,22.26168],[89.2511,22.26544],[89.25178,22.26895],[89.25225,22.26958],[89.2553,22.27168],[89.26373,22.27482],[89.26689,22.27677],[89.27087,22.2812],[89.27114,22.28335],[89.27102,22.28627],[89.27056,22.28676],[89.2699,22.2869],[89.25787,22.28426],[89.25508,22.2814],[89.25255,22.27996],[89.25189,22.27891],[89.24978,22.27711],[89.24657,22.27228],[89.24312,22.26473],[89.24266,22.26218],[89.24288,22.26003],[89.24432,22.25519],[89.24299,22.25121],[89.24053,22.24804],[89.2397,22.24784],[89.23827,22.24817],[89.23755,22.24775],[89.23727,22.24717],[89.23752,22.24636],[89.23907,22.24565],[89.23945,22.24485],[89.23714,22.23982],[89.23611,22.23664],[89.23596,22.22917],[89.23732,22.22504],[89.24162,22.2184],[89.2412,22.21611],[89.23562,22.20925],[89.23182,22.20804],[89.22923,22.20786],[89.22688,22.20691],[89.22198,22.20117],[89.2218,22.2006],[89.22281,22.19899],[89.22317,22.19581],[89.22437,22.19279],[89.2266,22.18882],[89.22986,22.18485],[89.23381,22.17849],[89.23724,22.16831],[89.23896,22.16482],[89.24085,22.16255],[89.24129,22.1614],[89.24121,22.16082],[89.24022,22.15998],[89.23897,22.15985],[89.23754,22.15927],[89.23055,22.15909],[89.22749,22.15859],[89.21256,22.1484],[89.21145,22.14839],[89.21097,22.14883],[89.21084,22.14945],[89.21132,22.15098],[89.21167,22.15416],[89.21115,22.15751],[89.21037,22.15981],[89.21123,22.16246],[89.21252,22.1637],[89.22048,22.16843],[89.2214,22.17006],[89.22143,22.17237],[89.21939,22.17451],[89.21699,22.17578],[89.21441,22.17674],[89.20771,22.1779],[89.20711,22.17761],[89.20678,22.17706],[89.20726,22.17595],[89.20903,22.17523],[89.2146,22.17388],[89.21794,22.17229],[89.21834,22.17171],[89.2184,22.17076],[89.21776,22.16993],[89.21273,22.16767],[89.21156,22.16689],[89.2107,22.16617],[89.20887,22.16368],[89.20775,22.15932],[89.20802,22.15626],[89.20759,22.15161],[89.20679,22.14939],[89.20541,22.14707],[89.20444,22.14667],[89.2032,22.14699],[89.19762,22.15223],[89.19425,22.15403],[89.19074,22.15353],[89.18913,22.1524],[89.1881,22.15079],[89.18768,22.14828],[89.18947,22.1386],[89.19037,22.1353],[89.19185,22.13197],[89.19356,22.12933],[89.20176,22.12222],[89.20566,22.11467],[89.20769,22.10688],[89.20772,22.10585],[89.21029,22.09751],[89.21429,22.08748],[89.21355,22.08497],[89.21223,22.08295],[89.2104,22.08203],[89.20859,22.0821],[89.19821,22.0798],[89.19272,22.08196],[89.19042,22.0813],[89.18998,22.08061],[89.19007,22.08001],[89.1907,22.07945],[89.19174,22.07937],[89.19375,22.07847],[89.1948,22.07763],[89.19754,22.07721],[89.19965,22.07751],[89.20755,22.07967],[89.2123,22.08024],[89.21472,22.08196],[89.21611,22.08456],[89.21669,22.08484],[89.21752,22.0847],[89.21948,22.08309],[89.22571,22.07947],[89.23047,22.0774],[89.23492,22.07505],[89.23887,22.07119],[89.24092,22.06787],[89.24357,22.06239],[89.24453,22.05694],[89.24427,22.05406],[89.24291,22.05172],[89.23651,22.04545],[89.23427,22.04285],[89.22835,22.03401],[89.22195,22.02735],[89.22025,22.02425],[89.2123,22.0172],[89.21066,22.01378],[89.20829,22.00476],[89.20605,22.00265],[89.20435,22.00196],[89.20247,22.00209],[89.20107,22.00283],[89.19425,22.01081],[89.1911,22.01932],[89.18939,22.02228],[89.1879,22.02407],[89.18496,22.02576],[89.18,22.02759],[89.17892,22.02765],[89.17322,22.02656],[89.17179,22.0266],[89.16815,22.0275],[89.16276,22.02745],[89.1584,22.03076],[89.15777,22.03091],[89.15698,22.03058],[89.15668,22.03004],[89.15664,22.01528],[89.16161,22.00319],[89.16247,21.99714],[89.16181,21.99357],[89.15984,21.99059],[89.15662,21.9882],[89.15651,21.97872],[89.15718,21.97774],[89.15843,21.97789],[89.16612,21.98678],[89.169,21.99148],[89.17097,21.9954],[89.17179,21.99629],[89.17165,22.0005],[89.17085,22.00557],[89.16937,22.00945],[89.16526,22.01728],[89.16456,22.01975],[89.1648,22.02031],[89.16596,22.02118],[89.1727,22.02214],[89.17689,22.02159],[89.18387,22.02163],[89.18465,22.02124],[89.18538,22.02002],[89.18632,22.0165],[89.18685,22.01195],[89.18942,22.00668],[89.19217,22.00342],[89.19471,22.00142],[89.20469,21.99788],[89.20945,21.99723],[89.21146,21.99733],[89.21363,21.99682],[89.22663,21.99168],[89.22983,21.99002],[89.24093,21.98641],[89.24129,21.98609],[89.24163,21.98533],[89.24165,21.98406],[89.24117,21.98307],[89.23801,21.98048],[89.23419,21.97807],[89.23256,21.97726],[89.23151,21.97708],[89.2305,21.97607],[89.22396,21.97304],[89.22185,21.97236],[89.21978,21.97207],[89.21107,21.96883],[89.20424,21.96299],[89.20297,21.96241],[89.20264,21.96191],[89.20272,21.96036],[89.20168,21.95704],[89.20125,21.95403],[89.20119,21.95172],[89.20162,21.94872],[89.2028,21.94576],[89.20462,21.94249],[89.21113,21.93435],[89.21347,21.93272],[89.21995,21.93018],[89.22116,21.92918],[89.22253,21.929],[89.22478,21.92927],[89.22786,21.92889],[89.23116,21.92931],[89.23559,21.92929],[89.24049,21.9285],[89.24136,21.92734],[89.24521,21.91612],[89.24808,21.91315],[89.25057,21.91155],[89.25352,21.9106],[89.25553,21.90913],[89.25703,21.90874],[89.25781,21.90802],[89.26227,21.90654],[89.2821,21.90542],[89.28362,21.90504],[89.28413,21.90458],[89.28426,21.90393],[89.28384,21.90275],[89.27971,21.89641],[89.27266,21.88855],[89.2703,21.88636],[89.26931,21.88459],[89.2679,21.88396],[89.26745,21.88327],[89.26753,21.88267],[89.26861,21.88118],[89.26727,21.87164],[89.26733,21.8684],[89.27224,21.85837],[89.27325,21.85537],[89.2729,21.85051],[89.27196,21.84711],[89.2694,21.84393],[89.26752,21.84358],[89.26656,21.84255],[89.26579,21.84151],[89.26552,21.84044],[89.26469,21.83952],[89.26462,21.83757],[89.26417,21.83684],[89.26237,21.83577],[89.25914,21.83526],[89.25677,21.83442],[89.25494,21.83315],[89.25368,21.82851],[89.25381,21.82552],[89.25327,21.82267],[89.25158,21.81988],[89.25046,21.81895],[89.24952,21.8186],[89.24571,21.81812],[89.24445,21.81891],[89.23653,21.82077],[89.23426,21.82168],[89.23326,21.82127],[89.23301,21.82037],[89.2339,21.8189],[89.23441,21.81857],[89.23835,21.81797],[89.24144,21.81701],[89.2442,21.81681],[89.24558,21.81712],[89.24665,21.81641],[89.24968,21.81572],[89.2529,21.81751],[89.25534,21.82084],[89.25689,21.82514],[89.25711,21.829],[89.25855,21.83152],[89.25916,21.83177],[89.26637,21.83161],[89.26709,21.83125],[89.26786,21.83003],[89.26839,21.82769],[89.26812,21.82409],[89.26993,21.821],[89.27371,21.81096],[89.27785,21.80455],[89.28195,21.79697],[89.28071,21.79354],[89.28086,21.79233],[89.28263,21.7904],[89.28435,21.78768],[89.28521,21.78561],[89.28586,21.78062],[89.28487,21.77716],[89.28487,21.77302],[89.28567,21.76751],[89.2849,21.76543],[89.28538,21.76186],[89.28675,21.75883],[89.28732,21.75615],[89.28658,21.75505],[89.28575,21.75488],[89.28298,21.7558],[89.27697,21.75883],[89.27268,21.75995],[89.26959,21.76042],[89.26526,21.76014],[89.26135,21.76104],[89.25895,21.76074],[89.25517,21.75947],[89.25245,21.75805],[89.24968,21.75803],[89.24427,21.75932],[89.24138,21.75749],[89.23835,21.7566],[89.22942,21.75484],[89.22142,21.75141],[89.21898,21.75165],[89.21844,21.75201],[89.21706,21.75453],[89.21508,21.75704],[89.21466,21.75963],[89.2139,21.76163],[89.21064,21.76328],[89.2094,21.76516],[89.20929,21.7687],[89.20762,21.77206],[89.2053,21.77464],[89.20274,21.77542],[89.19663,21.77987],[89.19337,21.78386],[89.19165,21.78816],[89.18914,21.79892],[89.19043,21.80235],[89.19045,21.80554],[89.19013,21.80781],[89.19053,21.81041],[89.18949,21.81227],[89.18489,21.81519],[89.18456,21.81596],[89.19002,21.82355],[89.19327,21.82528],[89.19685,21.82559],[89.20058,21.82466],[89.20335,21.82439],[89.2078,21.82285],[89.21213,21.82191],[89.21772,21.82163],[89.22296,21.82206],[89.22358,21.82228],[89.22401,21.82299],[89.22378,21.82378],[89.22303,21.8242],[89.21719,21.82396],[89.2121,21.82433],[89.20941,21.82488],[89.20066,21.82812],[89.19516,21.82919],[89.19447,21.83001],[89.19594,21.8356],[89.1966,21.83634],[89.19803,21.8409],[89.19948,21.84891],[89.20017,21.85634],[89.20009,21.8605],[89.20045,21.86185],[89.19999,21.86355],[89.19986,21.87117],[89.20081,21.8727],[89.20019,21.87428],[89.20142,21.88576],[89.2025,21.88882],[89.20395,21.89143],[89.20942,21.89887],[89.21077,21.90029],[89.21342,21.90683],[89.21375,21.90986],[89.21351,21.9128],[89.21238,21.9159],[89.21169,21.91675],[89.21118,21.91812],[89.20752,21.92146],[89.20187,21.92407],[89.19793,21.92498],[89.19694,21.92484],[89.19042,21.92532],[89.18571,21.92519],[89.18166,21.92574],[89.18114,21.92606],[89.18083,21.92672],[89.18106,21.92854],[89.18016,21.92916],[89.17947,21.92905],[89.17843,21.9283],[89.1776,21.92681],[89.17686,21.92644],[89.16444,21.92516],[89.15686,21.92474],[89.15638,21.92406],[89.15632,21.91431],[89.15704,21.91331],[89.15904,21.91292],[89.1726,21.91324],[89.17809,21.91451],[89.18513,21.91547],[89.19749,21.91387],[89.20023,21.9129],[89.20075,21.91224],[89.20089,21.90985],[89.19972,21.90591],[89.19286,21.89221],[89.19011,21.88584],[89.18633,21.87596],[89.18427,21.86832],[89.1829,21.85494],[89.18501,21.83722],[89.18283,21.83484],[89.18224,21.83458],[89.18122,21.83488],[89.18069,21.83605],[89.18019,21.83646],[89.1793,21.83648],[89.17865,21.83591],[89.17844,21.83152],[89.17785,21.82957],[89.17586,21.82737],[89.17346,21.82354],[89.17055,21.81685],[89.1702,21.81255],[89.16794,21.80348],[89.16628,21.80227],[89.15734,21.80055],[89.15604,21.79819],[89.15556,21.64452],[89.18307,21.44573],[89.20189,21.32503],[89.23235,21.12915],[89.24306,20.89899],[89.25516,20.63758],[89.28252,20.04354],[89.30741,19.49909],[89.33148,18.96917],[89.34774,18.60917],[89.35913,18.35615],[89.38312,17.8206],[89.40304,17.37343],[89.43163,16.72796],[89.43216,16.72706],[89.43277,16.72689],[89.43356,16.72721],[89.59138,16.95031],[89.73981,17.15955],[89.84525,17.30784],[89.91925,17.41173],[90.06759,17.61957],[90.1953,17.79803],[90.36567,18.03541],[90.50392,18.22746],[90.65339,18.43451],[90.78273,18.61315],[90.93267,18.81971],[91.07356,19.0132],[91.23535,19.23471],[91.39769,19.45623],[91.51784,19.6197],[91.67997,19.83963],[91.84217,20.0589],[92.00212,20.21843],[92.16417,20.44412],[92.17504,20.4451],[92.18602,20.43418],[92.19802,20.42382],[92.2109,20.4143],[92.22456,20.40556],[92.23898,20.39781],[92.2541,20.39109],[92.2698,20.38549],[92.27785,20.38313],[92.29426,20.37929],[92.31101,20.37668],[92.31947,20.37585],[92.3365,20.37515],[92.34505,20.37528],[92.3621,20.37652],[92.37902,20.37904],[92.39548,20.38275],[92.40139,20.38006],[92.40209,20.38008],[92.40263,20.38047],[92.41456,20.43649],[92.4294,20.55492],[92.41625,20.59075],[92.39508,20.62043],[92.35318,20.66418],[92.3418,20.67883],[92.34212,20.67984],[92.3682,20.70395],[92.36853,20.70476],[92.3128,20.90166],[92.31098,20.90543],[92.31108,20.90759],[92.30632,20.92458],[92.30228,20.93056],[92.30182,20.93403],[92.30269,20.93734],[92.30102,20.94326],[92.29984,20.94499],[92.29896,20.94559]],[[89.6656,22.36523],[89.66699,22.36328],[89.66916,22.3586],[89.67128,22.34751],[89.6747,22.34077],[89.67575,22.33697],[89.67674,22.33473],[89.67796,22.3338],[89.67852,22.33217],[89.68063,22.33064],[89.68723,22.32825],[89.68775,22.3278],[89.6877,22.32318],[89.68814,22.32003],[89.6906,22.31494],[89.69174,22.31355],[89.69437,22.31146],[89.69589,22.31064],[89.70346,22.30773],[89.70473,22.30668],[89.7051,22.30594],[89.7053,22.3036],[89.70371,22.29393],[89.70152,22.28653],[89.69966,22.28154],[89.69903,22.28066],[89.69852,22.27844],[89.69866,22.27523],[89.69935,22.27358],[89.70128,22.27218],[89.70267,22.27163],[89.70441,22.27122],[89.7069,22.27122],[89.72044,22.275],[89.72751,22.27754],[89.73309,22.27913],[89.73429,22.27883],[89.7349,22.27763],[89.73149,22.27063],[89.72476,22.26142],[89.72248,22.25699],[89.72001,22.25064],[89.71716,22.24463],[89.71297,22.23908],[89.70298,22.22795],[89.69976,22.22276],[89.69539,22.21715],[89.68896,22.20485],[89.68722,22.19996],[89.68731,22.19793],[89.68819,22.19449],[89.68904,22.19285],[89.69196,22.18887],[89.69181,22.18796],[89.68974,22.18398],[89.68895,22.181],[89.68879,22.17657],[89.68937,22.17371],[89.69209,22.16737],[89.69619,22.16099],[89.69772,22.15798],[89.6985,22.15519],[89.6989,22.14881],[89.70053,22.14291],[89.70251,22.13803],[89.70667,22.13105],[89.7078,22.12806],[89.70651,22.12175],[89.70914,22.10438],[89.70872,22.10271],[89.70543,22.09751],[89.70438,22.09411],[89.70383,22.08789],[89.70444,22.08383],[89.70484,22.07634],[89.70434,22.07234],[89.70385,22.07113],[89.70297,22.0705],[89.69563,22.06874],[89.68489,22.06764],[89.6836,22.06932],[89.6797,22.07156],[89.67426,22.07632],[89.67219,22.07918],[89.66829,22.08613],[89.66781,22.08657],[89.6673,22.08654],[89.66628,22.08582],[89.66673,22.08343],[89.66793,22.08084],[89.66957,22.07825],[89.6737,22.07309],[89.67599,22.07091],[89.68063,22.06737],[89.68103,22.06636],[89.68068,22.06546],[89.67716,22.06331],[89.67468,22.06119],[89.67254,22.05806],[89.67138,22.05402],[89.67134,22.05145],[89.67233,22.0477],[89.67343,22.04576],[89.6755,22.04314],[89.67804,22.04101],[89.68001,22.03979],[89.68533,22.03744],[89.68961,22.03602],[89.69697,22.03427],[89.69842,22.03334],[89.69876,22.03197],[89.69793,22.02992],[89.69114,22.01846],[89.68808,22.01243],[89.68699,22.00902],[89.68595,22.00698],[89.67808,21.99449],[89.6763,21.98941],[89.6758,21.98577],[89.67585,21.98245],[89.67799,21.97614],[89.68284,21.97039],[89.68397,21.96816],[89.68535,21.96124],[89.68566,21.95688],[89.68563,21.95285],[89.68509,21.95001],[89.67798,21.92988],[89.6763,21.92192],[89.66969,21.90928],[89.66767,21.9073],[89.66476,21.90538],[89.66077,21.90457],[89.65774,21.90333],[89.65707,21.90349],[89.65413,21.90611],[89.65279,21.90778],[89.6514,21.91123],[89.65101,21.91316],[89.64917,21.917],[89.64371,21.92564],[89.64161,21.92846],[89.64036,21.9307],[89.64016,21.93168],[89.63579,21.93744],[89.62883,21.94546],[89.62901,21.94622],[89.62978,21.94713],[89.63777,21.95202],[89.6409,21.95437],[89.64369,21.95712],[89.6454,21.95965],[89.64696,21.96304],[89.6487,21.96955],[89.64838,21.97419],[89.64863,21.9796],[89.6481,21.98216],[89.64618,21.98579],[89.64466,21.98629],[89.64168,21.98629],[89.63808,21.98554],[89.63532,21.98457],[89.62729,21.98081],[89.62637,21.98094],[89.62531,21.98274],[89.62377,21.99111],[89.62366,21.99957],[89.62429,22.00164],[89.62491,22.0019],[89.62586,22.00172],[89.63168,21.99471],[89.63366,21.99272],[89.63603,21.99134],[89.63823,21.99094],[89.64216,21.99218],[89.64366,21.99237],[89.64505,21.99332],[89.64838,21.99681],[89.65431,22.00118],[89.65492,22.00213],[89.65496,22.0035],[89.65681,22.00657],[89.65745,22.01039],[89.66097,22.01717],[89.66102,22.02024],[89.65886,22.02348],[89.65899,22.02498],[89.65867,22.02565],[89.65812,22.02614],[89.65656,22.02658],[89.65431,22.02962],[89.65427,22.03039],[89.65467,22.03132],[89.65396,22.03484],[89.6541,22.0377],[89.65376,22.03924],[89.65446,22.04058],[89.65503,22.0435],[89.65621,22.04444],[89.65671,22.0457],[89.65702,22.04816],[89.65634,22.04982],[89.6579,22.05226],[89.65873,22.0526],[89.66011,22.05212],[89.66301,22.05188],[89.6645,22.05248],[89.66551,22.05253],[89.66725,22.05393],[89.66735,22.05559],[89.66125,22.0702],[89.65984,22.07219],[89.65816,22.07247],[89.65715,22.07325],[89.65557,22.07329],[89.65041,22.07065],[89.64791,22.07023],[89.64698,22.07085],[89.64694,22.07293],[89.65061,22.07991],[89.65049,22.0823],[89.65132,22.08347],[89.65143,22.08411],[89.65086,22.08821],[89.64987,22.08947],[89.6502,22.09756],[89.64992,22.09811],[89.64868,22.09879],[89.64761,22.10003],[89.64673,22.10018],[89.64398,22.09979],[89.64162,22.09918],[89.64046,22.09798],[89.63816,22.09752],[89.63555,22.09767],[89.63457,22.09802],[89.63351,22.09982],[89.63161,22.09997],[89.63038,22.10095],[89.62729,22.10076],[89.62663,22.10029],[89.62645,22.09969],[89.62667,22.09861],[89.62762,22.09754],[89.62755,22.09624],[89.62697,22.09566],[89.62289,22.09528],[89.60984,22.09062],[89.60387,22.08883],[89.59968,22.08702],[89.59898,22.08707],[89.59844,22.08748],[89.59828,22.08833],[89.60126,22.09952],[89.60271,22.11049],[89.6038,22.11243],[89.60364,22.11337],[89.60401,22.11706],[89.6038,22.12447],[89.60558,22.12632],[89.60564,22.12715],[89.60525,22.12767],[89.60407,22.12803],[89.60363,22.12846],[89.60253,22.13033],[89.59834,22.13968],[89.59542,22.14499],[89.59235,22.14973],[89.59028,22.15151],[89.58439,22.15961],[89.57449,22.17108],[89.5721,22.17432],[89.57133,22.17593],[89.56748,22.18004],[89.5603,22.18677],[89.5577,22.19071],[89.55462,22.19753],[89.55339,22.20147],[89.55264,22.20563],[89.55322,22.20757],[89.55527,22.20881],[89.56097,22.21033],[89.56545,22.21075],[89.56806,22.21141],[89.57137,22.21242],[89.57711,22.21481],[89.58189,22.21778],[89.58643,22.22279],[89.58932,22.22796],[89.59515,22.24298],[89.59655,22.24768],[89.59768,22.25325],[89.59798,22.25829],[89.59755,22.26123],[89.59667,22.26478],[89.59345,22.2744],[89.59338,22.27597],[89.59935,22.28279],[89.60731,22.29106],[89.61125,22.29648],[89.61332,22.29775],[89.61705,22.30553],[89.62484,22.31554],[89.62995,22.32336],[89.632,22.32733],[89.63429,22.33283],[89.63657,22.34074],[89.63624,22.34783],[89.63656,22.34877],[89.63804,22.34988],[89.63928,22.35219],[89.63989,22.35573],[89.63944,22.35816],[89.64003,22.36345],[89.64083,22.36405],[89.64265,22.36429],[89.64718,22.36364],[89.65051,22.36392],[89.65242,22.36444],[89.65902,22.36723],[89.66057,22.36714],[89.66476,22.36593],[89.6656,22.36523]],[[89.22188,22.1328],[89.22094,22.13254],[89.20943,22.13204],[89.2044,22.13003],[89.20302,22.12891],[89.19723,22.13165],[89.19603,22.13306],[89.19347,22.13922],[89.19143,22.14784],[89.19177,22.1495],[89.19284,22.15037],[89.19416,22.15003],[89.19879,22.14685],[89.20107,22.1446],[89.20291,22.14431],[89.20446,22.14447],[89.2058,22.14528],[89.20825,22.14596],[89.20913,22.14579],[89.20964,22.14488],[89.20926,22.14319],[89.20928,22.14123],[89.21065,22.13891],[89.21252,22.13731],[89.21527,22.13588],[89.21802,22.13508],[89.22204,22.13481],[89.22254,22.13439],[89.2227,22.13378],[89.22247,22.13319],[89.22188,22.1328]],[[89.32204,22.29103],[89.32669,22.289],[89.32796,22.28755],[89.32888,22.28708],[89.33104,22.28733],[89.33185,22.28665],[89.33161,22.28425],[89.32743,22.27977],[89.32606,22.27749],[89.32583,22.27554],[89.32716,22.27225],[89.32991,22.27027],[89.33334,22.26881],[89.33436,22.26863],[89.33887,22.26656],[89.34328,22.26399],[89.34617,22.26281],[89.34659,22.26231],[89.34657,22.26148],[89.34611,22.261],[89.34168,22.25982],[89.33923,22.25863],[89.33633,22.25647],[89.33542,22.25506],[89.33529,22.25428],[89.33592,22.2529],[89.33688,22.2519],[89.33759,22.25052],[89.33885,22.24926],[89.33857,22.24778],[89.33774,22.24668],[89.33784,22.2451],[89.33868,22.2446],[89.33987,22.24479],[89.34278,22.24792],[89.34492,22.24843],[89.35131,22.2476],[89.35236,22.24708],[89.3527,22.24637],[89.3527,22.24565],[89.35186,22.24391],[89.346,22.23838],[89.34458,22.23774],[89.34417,22.23643],[89.34198,22.23426],[89.34141,22.23135],[89.3407,22.23066],[89.33922,22.23013],[89.33818,22.22888],[89.3383,22.22803],[89.3399,22.22705],[89.34031,22.22564],[89.34124,22.22459],[89.3425,22.21969],[89.34212,22.21819],[89.34108,22.21751],[89.33864,22.21787],[89.3324,22.21737],[89.32899,22.21577],[89.32638,22.21294],[89.32497,22.21023],[89.32417,22.20766],[89.32584,22.20259],[89.32591,22.20094],[89.32549,22.20026],[89.32447,22.19989],[89.32335,22.20038],[89.31917,22.2083],[89.31823,22.20907],[89.31709,22.21071],[89.31446,22.21271],[89.31388,22.21347],[89.30918,22.21644],[89.30886,22.21699],[89.3092,22.21849],[89.31041,22.21958],[89.31379,22.22409],[89.31458,22.22595],[89.31493,22.22876],[89.3148,22.2326],[89.31249,22.23942],[89.31098,22.2416],[89.30974,22.24233],[89.30808,22.24409],[89.30581,22.24552],[89.30404,22.24607],[89.29966,22.249],[89.29688,22.25227],[89.29604,22.25395],[89.29574,22.25563],[89.29619,22.25744],[89.29743,22.25899],[89.29766,22.26],[89.29981,22.26269],[89.30486,22.26529],[89.30611,22.26547],[89.30781,22.26468],[89.30867,22.26476],[89.31013,22.26663],[89.31312,22.26749],[89.31581,22.26906],[89.31718,22.26948],[89.32066,22.27193],[89.3214,22.27285],[89.324,22.27873],[89.32448,22.28252],[89.32413,22.28429],[89.32039,22.2899],[89.32077,22.29086],[89.32204,22.29103]],[[89.56953,22.03628],[89.58307,22.03252],[89.58709,22.03071],[89.58955,22.02862],[89.59307,22.02697],[89.59542,22.02674],[89.59669,22.02585],[89.59787,22.02577],[89.60043,22.0247],[89.60157,22.02273],[89.60365,22.02121],[89.60485,22.02101],[89.60536,22.02064],[89.60708,22.01836],[89.60779,22.01513],[89.607,22.01335],[89.60766,22.01147],[89.60607,22.00573],[89.6002,21.9979],[89.5947,21.99201],[89.59289,21.99169],[89.58996,21.98909],[89.58031,21.98423],[89.57397,21.98204],[89.56804,21.97955],[89.5623,21.97657],[89.56137,21.97566],[89.56103,21.97393],[89.56156,21.97235],[89.56577,21.96779],[89.56851,21.96536],[89.57659,21.95958],[89.57792,21.95903],[89.58181,21.95424],[89.5819,21.9498],[89.57529,21.94301],[89.57246,21.94206],[89.56928,21.94198],[89.5676,21.94228],[89.56609,21.943],[89.56329,21.94664],[89.55865,21.95126],[89.55419,21.95492],[89.54914,21.9607],[89.54901,21.96131],[89.54956,21.96304],[89.55216,21.98887],[89.55757,22.0005],[89.56277,22.01445],[89.5655,22.02473],[89.56797,22.03572],[89.5686,22.0363],[89.56953,22.03628]],[[90.58739,22.21641],[90.58631,22.21027],[90.58528,22.20952],[90.584,22.2073],[90.57978,22.20202],[90.57533,22.19543],[90.57271,22.19327],[90.56887,22.1914],[90.567,22.19174],[90.56642,22.19298],[90.5671,22.19945],[90.56763,22.2017],[90.56624,22.20377],[90.56592,22.2063],[90.56766,22.21418],[90.57222,22.22087],[90.5774,22.22664],[90.58076,22.23253],[90.58257,22.23439],[90.58609,22.2369],[90.58697,22.23663],[90.58748,22.23583],[90.58894,22.23096],[90.5892,22.22845],[90.58892,22.22639],[90.58712,22.22095],[90.58675,22.21798],[90.58739,22.21641]],[[90.3638,21.93005],[90.3585,21.9248],[90.35665,21.92232],[90.35557,21.91958],[90.3555,21.91573],[90.35475,21.91454],[90.35465,21.91229],[90.35519,21.9099],[90.35632,21.9072],[90.36563,21.88684],[90.36874,21.8832],[90.37427,21.87961],[90.37556,21.8783],[90.37577,21.87629],[90.37459,21.87487],[90.37499,21.87345],[90.37482,21.87252],[90.37336,21.87022],[90.3703,21.86858],[90.3702,21.86419],[90.36797,21.8613],[90.36767,21.85986],[90.36726,21.85935],[90.35956,21.8561],[90.35021,21.8534],[90.3471,21.85049],[90.34594,21.84982],[90.34307,21.84878],[90.33895,21.84813],[90.32617,21.84852],[90.32347,21.84929],[90.32172,21.84943],[90.31832,21.85205],[90.3168,21.85449],[90.31531,21.85579],[90.31395,21.85788],[90.3137,21.85959],[90.31444,21.86354],[90.31353,21.86982],[90.31249,21.87187],[90.31019,21.87462],[90.30877,21.87782],[90.30798,21.88246],[90.30849,21.88409],[90.30997,21.88469],[90.31105,21.88661],[90.31246,21.8874],[90.31311,21.88836],[90.31701,21.89202],[90.3175,21.89403],[90.31871,21.89679],[90.3218,21.90126],[90.32835,21.91389],[90.32881,21.91537],[90.32899,21.91833],[90.33081,21.92373],[90.33309,21.92918],[90.3352,21.93247],[90.3367,21.93668],[90.33722,21.93979],[90.33978,21.94625],[90.34129,21.94831],[90.34231,21.95058],[90.34708,21.95762],[90.35037,21.96183],[90.35402,21.96762],[90.35552,21.97398],[90.35622,21.97546],[90.3579,21.97753],[90.36114,21.98058],[90.37176,21.98952],[90.37699,21.99449],[90.3799,21.99675],[90.3845,21.99927],[90.39746,22.00938],[90.39807,22.00958],[90.39934,22.00939],[90.39994,22.00969],[90.40026,22.01025],[90.40048,22.01224],[90.40174,22.01335],[90.40586,22.01845],[90.41126,22.02375],[90.41298,22.02505],[90.41405,22.02506],[90.41481,22.02445],[90.41751,22.02083],[90.4193,22.01782],[90.42085,22.0132],[90.42061,22.01153],[90.41781,22.00491],[90.4171,22.0005],[90.41646,21.99253],[90.4142,21.98697],[90.41106,21.98056],[90.40937,21.97454],[90.40964,21.96945],[90.41051,21.96508],[90.41022,21.96211],[90.41004,21.96102],[90.40686,21.95261],[90.40361,21.94713],[90.40083,21.94485],[90.39873,21.94388],[90.3916,21.94258],[90.38644,21.94097],[90.38123,21.93867],[90.37473,21.9366],[90.37337,21.93706],[90.37055,21.93723],[90.36758,21.9353],[90.36423,21.9317],[90.3638,21.93005]],[[90.48128,22.05613],[90.47933,22.04771],[90.47846,22.04685],[90.47798,22.04569],[90.47691,22.04539],[90.47631,22.0457],[90.47529,22.04717],[90.47547,22.04853],[90.47512,22.04953],[90.4732,22.05203],[90.47211,22.05248],[90.47074,22.05252],[90.46567,22.05611],[90.46257,22.05969],[90.46243,22.06036],[90.46304,22.06126],[90.46452,22.06182],[90.46634,22.06197],[90.47036,22.06289],[90.47305,22.06386],[90.47547,22.06511],[90.47811,22.0654],[90.48005,22.06478],[90.48136,22.06384],[90.48229,22.06255],[90.48128,22.05613]],[[90.47895,22.04476],[90.48024,22.04464],[90.48081,22.04427],[90.48354,22.04103],[90.48535,22.03825],[90.48599,22.03637],[90.48588,22.03428],[90.48547,22.03349],[90.48444,22.03293],[90.48351,22.03289],[90.48285,22.0335],[90.48272,22.03487],[90.4809,22.03967],[90.48039,22.04006],[90.47915,22.04029],[90.47869,22.04079],[90.47746,22.04372],[90.47797,22.04462],[90.47895,22.04476]],[[90.51519,21.97237],[90.50844,21.96305],[90.50629,21.96203],[90.50541,21.96229],[90.50391,21.967],[90.50177,21.97217],[90.49463,21.98618],[90.49474,21.98747],[90.49935,21.99018],[90.50035,21.99162],[90.50211,21.99311],[90.50512,21.99442],[90.50776,21.99405],[90.51148,21.9926],[90.51471,21.99181],[90.5207,21.99088],[90.52231,21.99091],[90.52292,21.99063],[90.52326,21.99008],[90.52321,21.98946],[90.51902,21.98278],[90.5176,21.97756],[90.51519,21.97237]],[[90.57649,22.18492],[90.57813,22.18595],[90.57991,22.18635],[90.58091,22.18589],[90.58125,22.18479],[90.58194,22.18427],[90.58663,22.18462],[90.59169,22.18548],[90.59902,22.18772],[90.60003,22.18768],[90.60117,22.18688],[90.60187,22.18544],[90.60269,22.18222],[90.60322,22.17812],[90.601,22.17355],[90.59866,22.17105],[90.58957,22.16581],[90.58695,22.1631],[90.58469,22.16013],[90.58267,22.15829],[90.57934,22.15625],[90.57197,22.15255],[90.56993,22.15085],[90.5689,22.14901],[90.56815,22.14377],[90.56739,22.142],[90.56209,22.13541],[90.56041,22.13393],[90.55739,22.13244],[90.55384,22.13183],[90.55085,22.13193],[90.54431,22.13336],[90.54206,22.13483],[90.54067,22.13614],[90.54038,22.13679],[90.5406,22.13782],[90.54362,22.14282],[90.55192,22.15908],[90.55346,22.16136],[90.55749,22.16547],[90.56208,22.17085],[90.56426,22.17274],[90.56883,22.17811],[90.57205,22.18021],[90.57398,22.18272],[90.57649,22.18492]],[[90.34191,21.99544],[90.34262,21.99768],[90.34387,21.99951],[90.34561,22.00069],[90.34637,22.002],[90.34834,22.00292],[90.34992,22.00441],[90.35287,22.00856],[90.35567,22.01411],[90.35593,22.01695],[90.35721,22.01796],[90.36078,22.02669],[90.36165,22.02812],[90.36163,22.02932],[90.36488,22.03741],[90.3665,22.03875],[90.36754,22.03917],[90.37219,22.0423],[90.3771,22.04771],[90.37905,22.05103],[90.37963,22.05296],[90.38046,22.05347],[90.38132,22.05337],[90.38256,22.05242],[90.3844,22.04967],[90.38774,22.04746],[90.38933,22.04677],[90.39011,22.0454],[90.38944,22.04363],[90.38143,22.03266],[90.37872,22.02843],[90.37491,22.02366],[90.35962,22.00747],[90.35017,21.99878],[90.34437,21.99459],[90.34338,21.99411],[90.3427,21.9941],[90.34201,21.99462],[90.34191,21.99544]],[[90.55364,21.99533],[90.55384,21.99634],[90.5553,21.9993],[90.5563,22.00048],[90.56104,22.00512],[90.56372,22.0069],[90.56498,22.00672],[90.56641,22.00423],[90.56679,22.00261],[90.56527,21.99749],[90.56325,21.99489],[90.55573,21.98934],[90.55407,21.98904],[90.55097,21.98539],[90.54846,21.98366],[90.54754,21.98362],[90.54689,21.98422],[90.54683,21.98486],[90.54985,21.99111],[90.55039,21.99149],[90.55187,21.99171],[90.55326,21.9915],[90.55408,21.99216],[90.55364,21.99533]],[[90.57648,21.89126],[90.57639,21.88793],[90.5761,21.88709],[90.57512,21.88574],[90.57361,21.8847],[90.57051,21.88364],[90.56587,21.8826],[90.56007,21.88224],[90.55441,21.88234],[90.5443,21.88537],[90.53852,21.88754],[90.53413,21.88994],[90.52863,21.89113],[90.52614,21.89127],[90.52388,21.89199],[90.51851,21.89262],[90.51773,21.89327],[90.51414,21.89986],[90.50862,21.90656],[90.50822,21.90744],[90.50763,21.91002],[90.50732,21.91376],[90.50771,21.9172],[90.50858,21.91976],[90.50898,21.92525],[90.50968,21.92803],[90.51321,21.93526],[90.52456,21.95148],[90.52963,21.95783],[90.53564,21.96353],[90.53687,21.96418],[90.53938,21.96431],[90.5409,21.96367],[90.54508,21.96059],[90.54676,21.95996],[90.54879,21.95966],[90.55267,21.96015],[90.5609,21.96218],[90.56793,21.96582],[90.57221,21.96916],[90.57384,21.97075],[90.57677,21.97448],[90.58104,21.9816],[90.58385,21.98386],[90.58804,21.98359],[90.59045,21.98209],[90.59174,21.98204],[90.59537,21.98105],[90.59695,21.981],[90.59766,21.9815],[90.59767,21.98262],[90.59689,21.98347],[90.59576,21.9838],[90.59131,21.98665],[90.58966,21.98691],[90.58786,21.98841],[90.5875,21.99239],[90.58648,21.99343],[90.58602,21.99454],[90.58616,21.99536],[90.58721,21.99653],[90.58733,21.99838],[90.58581,22.00347],[90.58569,22.00511],[90.58726,22.01138],[90.5877,22.01532],[90.58623,22.01746],[90.58308,22.02032],[90.58249,22.0215],[90.58291,22.02244],[90.58734,22.02579],[90.59101,22.02919],[90.5926,22.02941],[90.59543,22.02833],[90.59916,22.02409],[90.60393,22.0171],[90.6129,22.00506],[90.61786,21.9995],[90.62188,21.99249],[90.62146,21.99005],[90.61985,21.98906],[90.61891,21.98729],[90.61356,21.98392],[90.60674,21.97897],[90.6043,21.9791],[90.60367,21.9789],[90.6032,21.97822],[90.60317,21.97652],[90.60272,21.97607],[90.60161,21.97569],[90.60122,21.97516],[90.60123,21.97452],[90.60202,21.97351],[90.60214,21.97275],[90.60049,21.96903],[90.59753,21.96007],[90.59704,21.95935],[90.59387,21.94477],[90.59225,21.93897],[90.5901,21.9276],[90.58902,21.9261],[90.58762,21.92239],[90.58662,21.9183],[90.58408,21.91389],[90.58386,21.91221],[90.58165,21.90887],[90.58092,21.90681],[90.57563,21.89845],[90.57462,21.89618],[90.57461,21.89517],[90.57648,21.89126]],[[90.58478,22.03007],[90.58789,22.03441],[90.58942,22.03512],[90.5905,22.03484],[90.59122,22.03323],[90.59105,22.03241],[90.59038,22.03152],[90.5861,22.02848],[90.58542,22.0285],[90.58487,22.02886],[90.58463,22.02944],[90.58478,22.03007]],[[90.55611,22.19662],[90.55668,22.19542],[90.55685,22.19344],[90.55463,22.18796],[90.5541,22.18754],[90.55341,22.18748],[90.55152,22.18907],[90.55073,22.19057],[90.55067,22.19199],[90.55421,22.19693],[90.55526,22.19724],[90.55611,22.19662]],[[90.72262,22.01562],[90.72124,22.01756],[90.72092,22.01899],[90.72184,22.02148],[90.72557,22.02879],[90.72817,22.03289],[90.7351,22.04154],[90.7409,22.05035],[90.74314,22.05216],[90.74514,22.05316],[90.74621,22.05337],[90.75068,22.05321],[90.75384,22.05237],[90.75429,22.05143],[90.75253,22.04547],[90.75111,22.04204],[90.75025,22.04068],[90.74322,22.03245],[90.74111,22.03109],[90.73066,22.02105],[90.72788,22.019],[90.72455,22.01545],[90.7235,22.01514],[90.72262,22.01562]],[[91.41413,22.34436],[91.41814,22.35172],[91.42119,22.35509],[91.42256,22.35576],[91.42398,22.35588],[91.42521,22.35549],[91.42572,22.35484],[91.42572,22.35356],[91.42429,22.35177],[91.42376,22.3503],[91.42093,22.34714],[91.41553,22.34282],[91.41486,22.34279],[91.41428,22.34312],[91.414,22.34369],[91.41413,22.34436]],[[91.36281,22.36925],[91.3638,22.37083],[91.3649,22.37131],[91.36602,22.37267],[91.3677,22.37327],[91.36948,22.37545],[91.37223,22.37759],[91.37364,22.3799],[91.37571,22.38019],[91.37784,22.38198],[91.3942,22.38941],[91.4006,22.39565],[91.40351,22.39965],[91.40695,22.40135],[91.41337,22.40118],[91.41954,22.39894],[91.42187,22.39627],[91.42642,22.39214],[91.43079,22.387],[91.43243,22.38159],[91.43346,22.3754],[91.43277,22.36952],[91.43131,22.36508],[91.4301,22.3629],[91.4215,22.35981],[91.41636,22.35609],[91.41358,22.35325],[91.4111,22.34888],[91.40623,22.34636],[91.40293,22.34354],[91.39948,22.34153],[91.39737,22.34108],[91.39265,22.34106],[91.38641,22.34152],[91.381,22.3435],[91.3761,22.34639],[91.37106,22.35253],[91.37002,22.3554],[91.36835,22.35647],[91.36732,22.35833],[91.36694,22.36014],[91.36422,22.36369],[91.36282,22.36751],[91.36281,22.36925]],[[91.25769,22.43477],[91.25861,22.43413],[91.26135,22.43038],[91.26292,22.4264],[91.26319,22.42423],[91.26161,22.42096],[91.25959,22.41971],[91.25891,22.41888],[91.25337,22.4171],[91.2523,22.41757],[91.25064,22.41948],[91.24951,22.42015],[91.249,22.4208],[91.2486,22.42252],[91.24664,22.42601],[91.24651,22.42829],[91.24675,22.42898],[91.24832,22.43085],[91.25106,22.43317],[91.25439,22.43478],[91.2563,22.43504],[91.25769,22.43477]],[[91.27485,22.44621],[91.27554,22.44526],[91.27622,22.44347],[91.27514,22.44175],[91.27405,22.44144],[91.27182,22.44337],[91.27162,22.44419],[91.27321,22.44649],[91.27408,22.44666],[91.27485,22.44621]],[[91.30462,22.51171],[91.30379,22.51132],[91.30302,22.51002],[91.30212,22.50961],[91.29936,22.51048],[91.29847,22.51047],[91.29675,22.50938],[91.29492,22.50874],[91.2909,22.50428],[91.28997,22.50389],[91.2893,22.50401],[91.28771,22.5057],[91.28493,22.51012],[91.28095,22.51462],[91.2774,22.51549],[91.27501,22.51679],[91.2697,22.51873],[91.26703,22.52109],[91.26639,22.52212],[91.26612,22.52568],[91.26526,22.53023],[91.26819,22.53689],[91.27142,22.54113],[91.27544,22.5452],[91.27667,22.54686],[91.28037,22.54975],[91.28128,22.55095],[91.29117,22.55878],[91.29202,22.5589],[91.29322,22.55819],[91.29411,22.55826],[91.29705,22.56042],[91.30113,22.56431],[91.30677,22.57094],[91.3098,22.5752],[91.31478,22.58602],[91.31563,22.58634],[91.33138,22.58602],[91.332,22.58544],[91.33229,22.58405],[91.33281,22.58366],[91.33666,22.58355],[91.33739,22.58309],[91.33778,22.57898],[91.3383,22.57859],[91.33983,22.57832],[91.34032,22.57763],[91.34026,22.57266],[91.33991,22.57209],[91.33616,22.56981],[91.33005,22.56996],[91.32587,22.56698],[91.32506,22.56597],[91.32494,22.56536],[91.32547,22.56448],[91.32626,22.56423],[91.32839,22.56499],[91.33116,22.56458],[91.33237,22.5653],[91.33406,22.56582],[91.33664,22.56526],[91.33711,22.56452],[91.33667,22.56289],[91.33751,22.56158],[91.33721,22.55988],[91.33759,22.55902],[91.33854,22.55845],[91.33891,22.55786],[91.33884,22.55434],[91.3384,22.55319],[91.33465,22.54747],[91.33332,22.54468],[91.33194,22.54327],[91.33152,22.54211],[91.32934,22.54079],[91.32918,22.53874],[91.32774,22.53489],[91.32674,22.53442],[91.32381,22.53428],[91.32123,22.53173],[91.3212,22.53089],[91.32261,22.52873],[91.3227,22.52686],[91.3211,22.52496],[91.31835,22.52481],[91.31732,22.52432],[91.31651,22.52322],[91.31544,22.5196],[91.3137,22.51581],[91.31325,22.51198],[91.31245,22.51146],[91.3107,22.51132],[91.30903,22.5117],[91.30809,22.51244],[91.30744,22.51352],[91.30663,22.51382],[91.30582,22.51352],[91.30536,22.51228],[91.30462,22.51171]],[[91.28814,22.66706],[91.28535,22.6719],[91.28376,22.67312],[91.28077,22.67889],[91.28031,22.68086],[91.28034,22.68257],[91.27854,22.68557],[91.27777,22.68819],[91.27772,22.69411],[91.27828,22.69746],[91.28432,22.7075],[91.28572,22.71034],[91.28706,22.71455],[91.28811,22.72161],[91.28889,22.72307],[91.29556,22.73203],[91.29696,22.73328],[91.29916,22.73438],[91.3089,22.73744],[91.31646,22.73832],[91.32063,22.73815],[91.32252,22.73843],[91.3281,22.73796],[91.33111,22.73604],[91.33741,22.7357],[91.34771,22.7317],[91.35251,22.73115],[91.35501,22.7294],[91.35965,22.72735],[91.36484,22.72394],[91.36856,22.72205],[91.37218,22.71864],[91.38162,22.71155],[91.38318,22.71006],[91.38478,22.70937],[91.38605,22.70844],[91.38671,22.70854],[91.38841,22.70964],[91.38949,22.70959],[91.39002,22.70895],[91.39066,22.70594],[91.39343,22.70475],[91.39542,22.70452],[91.39678,22.70334],[91.39648,22.70174],[91.39496,22.70013],[91.39458,22.69852],[91.39552,22.69717],[91.39675,22.69263],[91.39672,22.69158],[91.39723,22.69036],[91.39856,22.68876],[91.39918,22.6864],[91.39786,22.68249],[91.39792,22.68012],[91.39755,22.67787],[91.39642,22.67576],[91.3941,22.67307],[91.39328,22.67021],[91.39462,22.66608],[91.39407,22.66217],[91.39293,22.66031],[91.38983,22.65784],[91.37986,22.65304],[91.37358,22.65121],[91.37129,22.6516],[91.36604,22.65322],[91.36108,22.65357],[91.35787,22.65286],[91.35422,22.65267],[91.35317,22.65231],[91.34338,22.65088],[91.33609,22.64911],[91.33167,22.64782],[91.33041,22.64713],[91.33006,22.64598],[91.33167,22.64306],[91.33154,22.64244],[91.33105,22.642],[91.32955,22.64185],[91.32758,22.64268],[91.32593,22.64406],[91.32506,22.64421],[91.32208,22.64307],[91.31847,22.64014],[91.31637,22.63871],[91.31547,22.63852],[91.31479,22.63879],[91.30964,22.64306],[91.3089,22.64477],[91.30535,22.64859],[91.3026,22.65282],[91.29965,22.65454],[91.29685,22.65721],[91.29194,22.66484],[91.29005,22.66625],[91.28868,22.66658],[91.28814,22.66706]],[[91.52375,22.53624],[91.52502,22.53706],[91.52572,22.53703],[91.52628,22.53665],[91.53375,22.52132],[91.53847,22.51317],[91.53943,22.51009],[91.54027,22.50918],[91.54063,22.50788],[91.54217,22.50556],[91.54241,22.50468],[91.54218,22.50286],[91.54272,22.50114],[91.54229,22.49922],[91.54334,22.49725],[91.55457,22.46913],[91.55721,22.45505],[91.55852,22.45143],[91.55838,22.44938],[91.55898,22.44795],[91.55857,22.44472],[91.55908,22.44238],[91.55848,22.43707],[91.55649,22.43458],[91.55568,22.43283],[91.55438,22.42841],[91.55413,22.42401],[91.5526,22.4188],[91.55174,22.4179],[91.54835,22.41643],[91.54664,22.41531],[91.54407,22.41274],[91.54119,22.41063],[91.53954,22.40848],[91.53625,22.40707],[91.53464,22.40577],[91.53239,22.40278],[91.52978,22.4012],[91.52554,22.40085],[91.52343,22.40014],[91.51967,22.39986],[91.51802,22.39889],[91.51425,22.399],[91.51282,22.39809],[91.50963,22.3979],[91.50372,22.39842],[91.50293,22.39876],[91.50005,22.40116],[91.49667,22.40149],[91.49296,22.4025],[91.492,22.40346],[91.49037,22.40446],[91.48928,22.40471],[91.48797,22.40441],[91.48661,22.40475],[91.48559,22.40571],[91.48326,22.40695],[91.48256,22.40823],[91.48121,22.40911],[91.48014,22.41047],[91.47979,22.41203],[91.47907,22.41299],[91.47842,22.41508],[91.47773,22.41601],[91.47529,22.4171],[91.47433,22.4183],[91.47383,22.41949],[91.47286,22.42027],[91.4716,22.42524],[91.46999,22.42802],[91.46965,22.42946],[91.46572,22.43468],[91.46438,22.43566],[91.46298,22.43623],[91.46239,22.43685],[91.46091,22.43967],[91.45938,22.44499],[91.45803,22.44782],[91.44947,22.4596],[91.44451,22.46551],[91.43957,22.47261],[91.4362,22.48078],[91.43209,22.49394],[91.43022,22.50152],[91.42704,22.52001],[91.42825,22.53195],[91.4309,22.53868],[91.43204,22.54658],[91.43205,22.55622],[91.43148,22.57365],[91.4306,22.58354],[91.43064,22.58724],[91.43118,22.5897],[91.43033,22.59116],[91.4304,22.59356],[91.4326,22.59906],[91.4348,22.6022],[91.43774,22.6043],[91.44175,22.60647],[91.44499,22.60623],[91.45134,22.60274],[91.45877,22.59726],[91.47275,22.58566],[91.479,22.58127],[91.48734,22.57478],[91.49588,22.56509],[91.49875,22.55967],[91.5009,22.55743],[91.50117,22.55607],[91.50252,22.55434],[91.50398,22.55353],[91.5043,22.55173],[91.50582,22.55058],[91.51283,22.54269],[91.51552,22.54055],[91.51791,22.53807],[91.51872,22.53615],[91.52191,22.53501],[91.52255,22.5352],[91.52375,22.53624]],[[89.22686,21.69961],[89.22952,21.70025],[89.23018,21.7001],[89.23101,21.69893],[89.23127,21.6977],[89.23451,21.69334],[89.23676,21.69185],[89.24499,21.68934],[89.24727,21.68912],[89.24984,21.68971],[89.25155,21.69068],[89.25306,21.69215],[89.25587,21.69583],[89.25772,21.69677],[89.26726,21.69626],[89.27159,21.69543],[89.27413,21.69553],[89.27702,21.69496],[89.28056,21.69369],[89.28195,21.69354],[89.28416,21.69247],[89.28742,21.68978],[89.28862,21.68953],[89.28979,21.68882],[89.29071,21.68737],[89.29075,21.68637],[89.28919,21.68397],[89.28782,21.68045],[89.28294,21.67615],[89.27986,21.67216],[89.27861,21.66966],[89.2758,21.66763],[89.27422,21.66707],[89.26925,21.6666],[89.26298,21.6674],[89.26106,21.66921],[89.26015,21.66942],[89.25934,21.66914],[89.25902,21.66801],[89.26034,21.66639],[89.2611,21.66465],[89.26215,21.66348],[89.26231,21.66257],[89.26063,21.66036],[89.25768,21.65873],[89.25643,21.65837],[89.25327,21.65814],[89.2505,21.65745],[89.24748,21.65722],[89.24505,21.656],[89.2437,21.65566],[89.24282,21.65499],[89.23992,21.65478],[89.23846,21.65394],[89.23755,21.65398],[89.23576,21.65462],[89.23464,21.65437],[89.23253,21.65454],[89.23007,21.65516],[89.2268,21.65507],[89.21902,21.65686],[89.21724,21.65606],[89.21491,21.65633],[89.21282,21.65559],[89.21156,21.65629],[89.21119,21.65749],[89.21025,21.65857],[89.21012,21.65927],[89.21059,21.66068],[89.21076,21.6638],[89.21233,21.66665],[89.21276,21.6686],[89.21368,21.67045],[89.21525,21.67219],[89.21539,21.67325],[89.21625,21.67456],[89.21635,21.67559],[89.21704,21.67656],[89.21721,21.67767],[89.2183,21.6794],[89.21799,21.68105],[89.21859,21.68427],[89.22022,21.68616],[89.22025,21.68734],[89.22109,21.68927],[89.22189,21.69029],[89.22255,21.69307],[89.22495,21.69692],[89.22517,21.69861],[89.22686,21.69961]],[[89.24728,21.69188],[89.24623,21.69247],[89.24329,21.693],[89.23972,21.69473],[89.23702,21.6956],[89.23647,21.69627],[89.23611,21.6976],[89.23611,21.69967],[89.23504,21.70245],[89.23095,21.70443],[89.22671,21.70467],[89.22564,21.70588],[89.22549,21.70724],[89.22813,21.71018],[89.22787,21.71386],[89.22616,21.71817],[89.22561,21.72102],[89.22318,21.72466],[89.22399,21.72652],[89.22385,21.72712],[89.2229,21.72806],[89.22255,21.72948],[89.22244,21.73146],[89.22326,21.73335],[89.22323,21.73392],[89.22187,21.73635],[89.22,21.7385],[89.21999,21.73969],[89.22055,21.74108],[89.22285,21.74184],[89.2234,21.74263],[89.22197,21.74592],[89.22203,21.74657],[89.2232,21.74774],[89.22578,21.74834],[89.22976,21.75102],[89.23268,21.75229],[89.24126,21.75391],[89.2447,21.75583],[89.24755,21.75608],[89.25052,21.75504],[89.25448,21.75516],[89.26217,21.75737],[89.26976,21.7566],[89.27474,21.75564],[89.27972,21.75325],[89.28449,21.74984],[89.28501,21.74778],[89.2848,21.74628],[89.28641,21.74412],[89.28741,21.74123],[89.2871,21.73778],[89.28649,21.73592],[89.28831,21.73037],[89.28487,21.72375],[89.28362,21.71765],[89.28127,21.71355],[89.28057,21.7102],[89.2804,21.70748],[89.27953,21.70469],[89.27755,21.70304],[89.27457,21.70302],[89.27079,21.70238],[89.26759,21.70227],[89.26563,21.70362],[89.26118,21.70493],[89.2586,21.70525],[89.25709,21.70575],[89.25643,21.70566],[89.25583,21.70508],[89.25586,21.70416],[89.25742,21.7027],[89.26266,21.70213],[89.26348,21.70138],[89.26344,21.70054],[89.2625,21.69974],[89.25912,21.69965],[89.25431,21.69807],[89.25188,21.69638],[89.25071,21.6941],[89.24877,21.69207],[89.24797,21.69171],[89.24728,21.69188]],[[89.34729,21.70181],[89.34461,21.69787],[89.34184,21.69626],[89.34062,21.69648],[89.33741,21.69622],[89.33523,21.69658],[89.33234,21.69814],[89.3311,21.7018],[89.33407,21.70822],[89.33451,21.71051],[89.33571,21.71353],[89.33563,21.71507],[89.33605,21.71565],[89.3367,21.71587],[89.33756,21.71556],[89.34076,21.71115],[89.34282,21.70895],[89.34495,21.70796],[89.34653,21.70521],[89.34767,21.70395],[89.34759,21.70235],[89.34729,21.70181]],[[89.45097,21.71412],[89.44532,21.71843],[89.44045,21.72264],[89.43806,21.72647],[89.43754,21.72874],[89.43816,21.73121],[89.44158,21.7358],[89.44383,21.73688],[89.45002,21.73808],[89.4553,21.73947],[89.45735,21.73942],[89.45843,21.74035],[89.46014,21.741],[89.46149,21.74072],[89.46302,21.73965],[89.4633,21.73916],[89.46431,21.73504],[89.46489,21.73075],[89.46299,21.71512],[89.46091,21.71188],[89.45906,21.71129],[89.4559,21.71205],[89.45097,21.71412]],[[89.4711,21.81134],[89.47143,21.8104],[89.47083,21.80883],[89.47107,21.80057],[89.47303,21.79679],[89.47331,21.79557],[89.47266,21.79088],[89.4721,21.78937],[89.47058,21.78689],[89.45983,21.77353],[89.4569,21.76946],[89.45302,21.76588],[89.45168,21.76579],[89.45049,21.76638],[89.44849,21.76854],[89.44773,21.76898],[89.44706,21.76904],[89.44646,21.76874],[89.44528,21.76672],[89.44552,21.76561],[89.44538,21.76344],[89.44372,21.75924],[89.4437,21.75793],[89.44163,21.75436],[89.43898,21.7522],[89.43725,21.75037],[89.43217,21.74776],[89.4307,21.74772],[89.42656,21.74518],[89.42521,21.74391],[89.42459,21.74259],[89.42559,21.74065],[89.42614,21.7378],[89.42563,21.73637],[89.42431,21.73488],[89.41372,21.7271],[89.41045,21.72611],[89.40889,21.72711],[89.40818,21.72714],[89.40741,21.72672],[89.40666,21.72561],[89.40495,21.72488],[89.40405,21.72404],[89.40078,21.72329],[89.39479,21.72364],[89.39033,21.72542],[89.38898,21.72659],[89.38709,21.72765],[89.38312,21.72818],[89.37609,21.73268],[89.37474,21.73413],[89.37358,21.73647],[89.37169,21.74218],[89.37069,21.74258],[89.36925,21.74177],[89.36853,21.74169],[89.36587,21.74343],[89.36395,21.74625],[89.36224,21.75012],[89.36197,21.75165],[89.36339,21.75362],[89.36349,21.75426],[89.36236,21.75584],[89.36257,21.7573],[89.36219,21.7586],[89.36073,21.76013],[89.35987,21.76183],[89.35991,21.76293],[89.3594,21.76493],[89.35966,21.76677],[89.35912,21.76967],[89.35944,21.77203],[89.35934,21.77577],[89.35841,21.77717],[89.35849,21.77894],[89.35805,21.78021],[89.35827,21.78127],[89.35765,21.78246],[89.35767,21.78344],[89.3572,21.78471],[89.35705,21.78857],[89.35618,21.79004],[89.35602,21.79104],[89.35632,21.79354],[89.35572,21.79535],[89.35665,21.79649],[89.35677,21.79731],[89.35573,21.79897],[89.35388,21.79925],[89.35217,21.80102],[89.3512,21.80135],[89.35068,21.80185],[89.35047,21.80366],[89.34966,21.80573],[89.34981,21.80877],[89.35229,21.81455],[89.354,21.81763],[89.36107,21.82765],[89.36389,21.83454],[89.36497,21.84027],[89.36832,21.8489],[89.37931,21.86871],[89.38264,21.8777],[89.38267,21.87884],[89.38403,21.88311],[89.38514,21.88794],[89.38497,21.88923],[89.38641,21.90166],[89.3859,21.90851],[89.38459,21.91489],[89.38463,21.91606],[89.38409,21.91717],[89.38429,21.92039],[89.38524,21.92146],[89.38533,21.92229],[89.38295,21.9251],[89.38235,21.92817],[89.38074,21.93117],[89.37881,21.93299],[89.36794,21.95158],[89.36536,21.95476],[89.36286,21.95917],[89.36296,21.96256],[89.36399,21.96766],[89.36433,21.97291],[89.36313,21.98007],[89.36279,21.98724],[89.3585,21.99965],[89.35592,22.00443],[89.35472,22.01],[89.353,22.02527],[89.35407,22.03072],[89.35575,22.03355],[89.36348,22.04055],[89.37068,22.0501],[89.37377,22.05519],[89.37613,22.06266],[89.37719,22.06355],[89.37763,22.06512],[89.39095,22.07772],[89.39231,22.08207],[89.39296,22.08683],[89.39128,22.09162],[89.3895,22.09479],[89.38562,22.09814],[89.3842,22.10045],[89.38322,22.1053],[89.38304,22.11134],[89.38308,22.11456],[89.38415,22.11693],[89.38636,22.11866],[89.39197,22.12072],[89.39712,22.12215],[89.40193,22.12233],[89.40502,22.12343],[89.40864,22.1259],[89.41051,22.13169],[89.41154,22.13742],[89.41085,22.14251],[89.40897,22.14664],[89.4084,22.14873],[89.40863,22.14946],[89.41309,22.15491],[89.41556,22.15698],[89.41927,22.15825],[89.42321,22.15888],[89.42768,22.15905],[89.43214,22.16063],[89.43605,22.16257],[89.44234,22.1602],[89.4469,22.15507],[89.45119,22.15078],[89.46137,22.14238],[89.46193,22.13967],[89.46064,22.13503],[89.45858,22.13058],[89.45802,22.12686],[89.45855,22.12619],[89.45965,22.12614],[89.46373,22.13095],[89.46451,22.13119],[89.46536,22.13084],[89.46811,22.12348],[89.46863,22.11919],[89.47102,22.11294],[89.47093,22.11233],[89.47029,22.11177],[89.46921,22.11189],[89.46534,22.11556],[89.46031,22.1212],[89.45952,22.12159],[89.45866,22.12134],[89.45822,22.12049],[89.45926,22.11754],[89.46218,22.11325],[89.47145,22.10323],[89.47591,22.09798],[89.48192,22.09257],[89.48415,22.09114],[89.48443,22.08956],[89.48403,22.08886],[89.47849,22.08446],[89.47231,22.0808],[89.46471,22.07715],[89.44861,22.07476],[89.44733,22.07264],[89.44242,22.06939],[89.43699,22.06392],[89.43368,22.06119],[89.42755,22.05366],[89.42529,22.04809],[89.42474,22.04411],[89.42527,22.03978],[89.42665,22.03562],[89.42716,22.03198],[89.42684,22.02946],[89.42612,22.02719],[89.42681,22.02557],[89.42768,22.01063],[89.42836,22.00602],[89.43162,21.99679],[89.43263,21.98915],[89.43206,21.98829],[89.42857,21.98638],[89.42705,21.98606],[89.42541,21.98681],[89.42445,21.98635],[89.42421,21.98566],[89.42452,21.98483],[89.42432,21.98403],[89.42074,21.98017],[89.41744,21.97493],[89.41652,21.97214],[89.41646,21.96993],[89.4172,21.96625],[89.41918,21.96364],[89.42468,21.95877],[89.42754,21.95064],[89.4296,21.94786],[89.43422,21.94329],[89.44622,21.93788],[89.45577,21.93435],[89.45658,21.93351],[89.45673,21.93291],[89.45622,21.93134],[89.45411,21.92833],[89.44657,21.91908],[89.44484,21.91416],[89.44475,21.91028],[89.44725,21.90667],[89.44986,21.90409],[89.45291,21.90253],[89.45669,21.90157],[89.46579,21.90157],[89.4689,21.90213],[89.46955,21.90194],[89.46998,21.90145],[89.47016,21.90021],[89.47125,21.89943],[89.47162,21.89882],[89.47208,21.89647],[89.47204,21.88957],[89.47082,21.88599],[89.46921,21.8844],[89.4675,21.87882],[89.46745,21.85545],[89.46689,21.85474],[89.46369,21.85301],[89.46319,21.8509],[89.4622,21.85058],[89.46011,21.85082],[89.458,21.85144],[89.45354,21.85171],[89.44543,21.85067],[89.42849,21.84933],[89.42437,21.84984],[89.42311,21.85025],[89.42233,21.84987],[89.42206,21.84908],[89.42271,21.84806],[89.42471,21.84692],[89.43459,21.84632],[89.44932,21.84827],[89.45603,21.84796],[89.46034,21.84734],[89.46271,21.84631],[89.46361,21.84514],[89.46367,21.84451],[89.46203,21.84099],[89.46154,21.84061],[89.45958,21.84013],[89.45895,21.8376],[89.45702,21.83602],[89.45707,21.8352],[89.45933,21.83199],[89.45889,21.83084],[89.45715,21.8297],[89.45697,21.82871],[89.45874,21.82718],[89.46059,21.82422],[89.46222,21.82354],[89.4648,21.82136],[89.46657,21.81774],[89.469,21.8167],[89.4695,21.81564],[89.46943,21.8126],[89.4711,21.81134]],[[89.3623,21.8822],[89.3628,21.88143],[89.36406,21.87645],[89.36398,21.87562],[89.36106,21.87233],[89.35917,21.86961],[89.35598,21.86195],[89.35424,21.85279],[89.3541,21.85071],[89.35105,21.8417],[89.34633,21.83083],[89.34502,21.8296],[89.34428,21.828],[89.34266,21.82579],[89.34009,21.82344],[89.33977,21.82255],[89.33809,21.82051],[89.33598,21.81352],[89.33548,21.81274],[89.33426,21.80566],[89.33443,21.80481],[89.33527,21.80346],[89.3356,21.79394],[89.33485,21.79215],[89.33426,21.79183],[89.33358,21.79187],[89.33252,21.793],[89.33231,21.79458],[89.33162,21.79587],[89.33079,21.79892],[89.32836,21.80206],[89.32526,21.80943],[89.32466,21.81577],[89.32363,21.81738],[89.32112,21.8201],[89.31947,21.82421],[89.31507,21.83256],[89.3137,21.83682],[89.3127,21.83822],[89.31151,21.8391],[89.31067,21.84019],[89.30941,21.84377],[89.30943,21.84577],[89.31062,21.85354],[89.31234,21.8576],[89.3135,21.85955],[89.31573,21.86118],[89.32342,21.86964],[89.32583,21.87141],[89.32686,21.87171],[89.32764,21.87272],[89.33006,21.87417],[89.33417,21.87619],[89.35833,21.88492],[89.35951,21.88445],[89.36011,21.88284],[89.36181,21.88257],[89.3623,21.8822]],[[89.29365,21.84171],[89.29244,21.84152],[89.28859,21.84226],[89.28515,21.8425],[89.2842,21.84317],[89.28514,21.84921],[89.28462,21.85734],[89.28342,21.86196],[89.2817,21.86674],[89.27896,21.87072],[89.27798,21.87365],[89.27842,21.87559],[89.286,21.88203],[89.28977,21.88681],[89.29509,21.89685],[89.2963,21.90035],[89.29646,21.9073],[89.29448,21.91203],[89.28667,21.91754],[89.28047,21.91946],[89.27934,21.92086],[89.27857,21.9212],[89.27775,21.92095],[89.27698,21.91985],[89.27547,21.91915],[89.2678,21.91803],[89.26145,21.91592],[89.26077,21.91602],[89.25681,21.92217],[89.25527,21.92551],[89.25286,21.92949],[89.24874,21.93332],[89.24119,21.93953],[89.236,21.94269],[89.23532,21.9427],[89.23434,21.94199],[89.23308,21.94178],[89.22039,21.94417],[89.2163,21.94621],[89.21252,21.9494],[89.2106,21.95177],[89.21062,21.95241],[89.21184,21.95433],[89.21561,21.95784],[89.22094,21.9607],[89.23536,21.96516],[89.23948,21.96771],[89.2448,21.97153],[89.24892,21.97598],[89.25111,21.97996],[89.25131,21.98347],[89.25028,21.98713],[89.24668,21.99254],[89.24376,21.99571],[89.23965,21.99795],[89.23384,22.0005],[89.2278,22.00304],[89.22248,22.00479],[89.21975,22.00655],[89.21927,22.00737],[89.22059,22.01021],[89.23381,22.0258],[89.24016,22.03408],[89.24462,22.04044],[89.24975,22.04586],[89.25269,22.05317],[89.25338,22.06208],[89.25286,22.06606],[89.25132,22.06972],[89.24771,22.07544],[89.24428,22.07878],[89.23759,22.08403],[89.22487,22.0927],[89.22466,22.09329],[89.22488,22.09469],[89.22588,22.09735],[89.22872,22.09897],[89.23158,22.0993],[89.23631,22.09927],[89.24497,22.09485],[89.24912,22.09383],[89.25115,22.09223],[89.25407,22.0861],[89.25717,22.08261],[89.26025,22.08089],[89.26368,22.08053],[89.26763,22.08085],[89.27106,22.08149],[89.28342,22.08626],[89.28727,22.08717],[89.29132,22.08642],[89.29388,22.08537],[89.29402,22.08434],[89.29303,22.08292],[89.28651,22.07735],[89.28155,22.07257],[89.27776,22.06367],[89.2769,22.06065],[89.27673,22.05524],[89.27844,22.04935],[89.28222,22.04315],[89.28582,22.03837],[89.29086,22.03311],[89.29307,22.02793],[89.29318,22.02698],[89.29767,22.018],[89.30076,22.01052],[89.30556,21.99731],[89.31518,21.98315],[89.32788,21.97057],[89.33749,21.95991],[89.34779,21.94255],[89.35243,21.93109],[89.3533,21.92684],[89.35569,21.92376],[89.35826,21.91723],[89.35947,21.91134],[89.36011,21.90063],[89.3592,21.89816],[89.35174,21.89414],[89.34573,21.8927],[89.33921,21.88984],[89.32804,21.88387],[89.32479,21.8806],[89.31772,21.87214],[89.3136,21.86935],[89.3114,21.86467],[89.30539,21.85447],[89.30316,21.84826],[89.30196,21.84412],[89.3011,21.83455],[89.30179,21.82993],[89.30188,21.82568],[89.30076,21.82372],[89.29833,21.82101],[89.29778,21.8199],[89.29698,21.81952],[89.29613,21.81979],[89.28926,21.82643],[89.28765,21.8289],[89.28548,21.83111],[89.28452,21.8334],[89.2823,21.83476],[89.28193,21.83546],[89.28249,21.83675],[89.28362,21.83746],[89.28752,21.83704],[89.29207,21.83797],[89.2948,21.84034],[89.29479,21.84096],[89.29422,21.84186],[89.29365,21.84171]],[[89.47197,22.13913],[89.47464,22.1405],[89.48078,22.142],[89.48287,22.14113],[89.48465,22.13973],[89.48537,22.13786],[89.4882,22.13557],[89.49541,22.12793],[89.49661,22.12603],[89.49816,22.12078],[89.49816,22.11505],[89.50125,22.10169],[89.50331,22.09644],[89.50705,22.08906],[89.50685,22.08825],[89.5061,22.08781],[89.50289,22.08859],[89.50221,22.08807],[89.50212,22.08726],[89.50266,22.08663],[89.5064,22.08453],[89.50855,22.08242],[89.51122,22.07685],[89.51095,22.07588],[89.50703,22.07246],[89.48912,22.06132],[89.4812,22.0553],[89.47538,22.05302],[89.47279,22.05097],[89.47157,22.04795],[89.46839,22.04756],[89.46788,22.04715],[89.4677,22.04655],[89.46811,22.04572],[89.4699,22.045],[89.47039,22.04437],[89.47077,22.04297],[89.47083,22.03818],[89.4725,22.03006],[89.47917,22.02002],[89.48508,22.01216],[89.48673,22.0092],[89.48769,22.00521],[89.48717,22.0032],[89.48767,21.99769],[89.4884,21.99614],[89.48906,21.98954],[89.49036,21.98342],[89.49299,21.97695],[89.49522,21.97305],[89.49482,21.97092],[89.49749,21.96838],[89.50017,21.96376],[89.50192,21.96207],[89.50353,21.95859],[89.50505,21.95617],[89.50596,21.95381],[89.50773,21.95105],[89.50867,21.94527],[89.50758,21.93629],[89.50707,21.93504],[89.50486,21.93277],[89.50375,21.9302],[89.50393,21.92956],[89.50483,21.92876],[89.50627,21.92876],[89.50688,21.92847],[89.50726,21.92778],[89.50722,21.92707],[89.5048,21.92277],[89.50478,21.92115],[89.50394,21.91987],[89.50416,21.91836],[89.50326,21.91722],[89.50281,21.91534],[89.50206,21.91429],[89.49743,21.912],[89.49657,21.91218],[89.49565,21.91323],[89.49349,21.91385],[89.4877,21.91253],[89.48598,21.91136],[89.48384,21.91066],[89.47929,21.9113],[89.47648,21.91103],[89.47411,21.91128],[89.46698,21.91059],[89.46046,21.90877],[89.45594,21.9086],[89.45252,21.90976],[89.45211,21.91022],[89.45255,21.91437],[89.45435,21.91744],[89.45736,21.92048],[89.46024,21.92404],[89.46227,21.92857],[89.46246,21.92991],[89.46215,21.93297],[89.46067,21.93855],[89.45875,21.94164],[89.45741,21.94285],[89.45289,21.94554],[89.44632,21.94827],[89.44062,21.94891],[89.43782,21.95024],[89.43586,21.952],[89.42338,21.9675],[89.42215,21.97022],[89.42207,21.97185],[89.42317,21.97455],[89.42699,21.97796],[89.43386,21.98215],[89.43818,21.98871],[89.4387,21.98992],[89.43908,21.99279],[89.4383,21.99751],[89.43721,22.0005],[89.43159,22.0325],[89.4294,22.04138],[89.42958,22.0449],[89.43127,22.05037],[89.43209,22.05183],[89.43463,22.0551],[89.43729,22.05789],[89.44023,22.06043],[89.44092,22.06059],[89.44175,22.06018],[89.44536,22.05598],[89.44931,22.05232],[89.45125,22.0511],[89.45232,22.05117],[89.45285,22.05181],[89.45274,22.05261],[89.45044,22.05443],[89.44743,22.05739],[89.44464,22.0608],[89.44301,22.06335],[89.44296,22.06395],[89.44353,22.06501],[89.44642,22.06683],[89.45,22.07005],[89.4525,22.07089],[89.46536,22.07329],[89.46924,22.07476],[89.47278,22.07685],[89.47831,22.08132],[89.48105,22.08314],[89.48443,22.08488],[89.48822,22.08762],[89.48921,22.08898],[89.49071,22.08917],[89.4953,22.0884],[89.49594,22.08866],[89.4963,22.08921],[89.49626,22.08985],[89.49566,22.09044],[89.49095,22.09135],[89.48639,22.09331],[89.48185,22.10153],[89.47807,22.10758],[89.47464,22.1141],[89.47172,22.12125],[89.46935,22.12847],[89.47,22.13445],[89.47143,22.13852],[89.47197,22.13913]],[[89.26568,22.09275],[89.27155,22.10049],[89.27477,22.10684],[89.27659,22.11306],[89.27762,22.11431],[89.27729,22.11572],[89.27773,22.11843],[89.27983,22.12314],[89.28243,22.1277],[89.28427,22.133],[89.28632,22.14033],[89.28757,22.14803],[89.28959,22.15199],[89.2952,22.15584],[89.30291,22.16014],[89.3116,22.1675],[89.31812,22.17504],[89.3231,22.18318],[89.32412,22.18332],[89.33013,22.18152],[89.33127,22.18044],[89.3329,22.1739],[89.3344,22.15928],[89.33649,22.15207],[89.33629,22.15031],[89.33537,22.14882],[89.33281,22.14634],[89.32777,22.1425],[89.32597,22.14038],[89.32494,22.13798],[89.32406,22.13278],[89.32416,22.13052],[89.32486,22.12845],[89.32613,22.12673],[89.32883,22.12448],[89.33023,22.12387],[89.33287,22.12342],[89.33513,22.12383],[89.33789,22.12494],[89.34017,22.12632],[89.34601,22.13102],[89.34669,22.13115],[89.34733,22.13091],[89.34775,22.13017],[89.34758,22.12867],[89.34596,22.12357],[89.3455,22.12104],[89.34565,22.11821],[89.34745,22.11357],[89.35144,22.11016],[89.35899,22.10682],[89.36188,22.10116],[89.36383,22.09869],[89.36653,22.09629],[89.3699,22.09455],[89.37279,22.0935],[89.3783,22.09177],[89.38181,22.0911],[89.38313,22.09013],[89.38385,22.08888],[89.38371,22.08807],[89.38129,22.08353],[89.37478,22.0768],[89.36916,22.07003],[89.36717,22.06581],[89.36463,22.06245],[89.36183,22.05397],[89.3606,22.05144],[89.35785,22.04898],[89.35312,22.04601],[89.34853,22.04232],[89.34603,22.03966],[89.34304,22.03557],[89.34018,22.03006],[89.33999,22.0281],[89.33891,22.0244],[89.33913,22.02273],[89.33865,22.02142],[89.33892,22.02027],[89.33875,22.01914],[89.33933,22.01698],[89.33898,22.01454],[89.33985,22.01283],[89.34074,22.012],[89.34106,22.01026],[89.34172,22.00929],[89.34195,22.00832],[89.34263,22.00762],[89.34391,22.00492],[89.34515,22.00327],[89.34612,21.99948],[89.3473,21.99217],[89.349,21.98545],[89.3491,21.98334],[89.34732,21.97421],[89.34691,21.97372],[89.34626,21.97352],[89.34561,21.97369],[89.34138,21.9762],[89.33613,21.98161],[89.3339,21.98318],[89.33084,21.98606],[89.32459,21.9936],[89.32182,21.9995],[89.3212,22.0021],[89.32016,22.00369],[89.31804,22.00939],[89.31473,22.01545],[89.31308,22.01997],[89.31061,22.0234],[89.30691,22.03002],[89.30652,22.03235],[89.3052,22.03387],[89.3037,22.0372],[89.30049,22.04289],[89.29272,22.05595],[89.29024,22.05933],[89.28946,22.06122],[89.29127,22.06356],[89.29712,22.06758],[89.30101,22.07131],[89.30433,22.07263],[89.30485,22.07261],[89.30601,22.07229],[89.30868,22.0706],[89.31625,22.06273],[89.3182,22.06108],[89.32653,22.05623],[89.33269,22.05432],[89.33336,22.05449],[89.3338,22.05499],[89.33367,22.05603],[89.32917,22.05768],[89.32695,22.05906],[89.32291,22.06233],[89.31486,22.07011],[89.30709,22.07476],[89.30433,22.07752],[89.30407,22.07832],[89.3047,22.08439],[89.3035,22.09035],[89.30014,22.0965],[89.29837,22.09812],[89.29466,22.09939],[89.29038,22.09996],[89.28477,22.09962],[89.28377,22.09919],[89.28238,22.09915],[89.28043,22.09805],[89.27801,22.09725],[89.26766,22.09133],[89.26658,22.09106],[89.26595,22.09126],[89.26549,22.09197],[89.26568,22.09275]],[[89.54659,21.89168],[89.5462,21.89585],[89.54657,21.89705],[89.54616,21.89967],[89.54623,21.90175],[89.54678,21.90302],[89.54621,21.90496],[89.5475,21.90712],[89.54785,21.90919],[89.54794,21.91199],[89.54728,21.91359],[89.54832,21.91509],[89.54787,21.91649],[89.54824,21.91778],[89.5479,21.92048],[89.54815,21.92147],[89.54714,21.92577],[89.54724,21.92716],[89.54655,21.92911],[89.54585,21.93286],[89.54594,21.9368],[89.54455,21.94259],[89.54496,21.94464],[89.54424,21.94589],[89.54398,21.94864],[89.54296,21.95046],[89.54243,21.95236],[89.5426,21.95519],[89.54175,21.95696],[89.54238,21.95874],[89.54292,21.95931],[89.5438,21.95953],[89.54467,21.95912],[89.54731,21.95609],[89.55037,21.95321],[89.55269,21.95018],[89.55498,21.94786],[89.55868,21.94135],[89.5602,21.93934],[89.56331,21.93701],[89.56549,21.93619],[89.56859,21.93553],[89.56908,21.93516],[89.56929,21.93441],[89.56849,21.92821],[89.56875,21.92762],[89.56932,21.92726],[89.57052,21.92754],[89.57177,21.92987],[89.57431,21.93181],[89.57374,21.9348],[89.57398,21.93541],[89.57856,21.93787],[89.58181,21.94071],[89.58491,21.94419],[89.58766,21.94603],[89.58961,21.94651],[89.5954,21.94645],[89.6019,21.94718],[89.60594,21.94734],[89.6142,21.94691],[89.61806,21.94639],[89.62053,21.94554],[89.62143,21.94478],[89.623,21.94194],[89.62457,21.93665],[89.62701,21.93223],[89.63199,21.92632],[89.64139,21.91642],[89.6457,21.91113],[89.64595,21.90976],[89.6451,21.9081],[89.64258,21.90503],[89.63466,21.89669],[89.63012,21.89081],[89.62644,21.88486],[89.62541,21.88273],[89.62449,21.87912],[89.62355,21.8716],[89.62391,21.8687],[89.62449,21.86703],[89.62702,21.86198],[89.62936,21.85893],[89.64139,21.8463],[89.6429,21.84437],[89.64509,21.84047],[89.64881,21.83596],[89.65278,21.8323],[89.65496,21.82911],[89.65657,21.82728],[89.65803,21.82618],[89.65928,21.82275],[89.66198,21.81932],[89.66427,21.81771],[89.67456,21.80735],[89.67649,21.80653],[89.68356,21.80082],[89.68779,21.79825],[89.68915,21.79796],[89.69222,21.79798],[89.69333,21.79711],[89.69428,21.79692],[89.69562,21.79616],[89.69606,21.79519],[89.69622,21.79271],[89.69522,21.78843],[89.69548,21.78772],[89.69763,21.78499],[89.69846,21.78016],[89.69807,21.77652],[89.69684,21.77354],[89.6953,21.77192],[89.6927,21.77047],[89.68853,21.76742],[89.68727,21.76768],[89.68559,21.76991],[89.68431,21.76986],[89.68338,21.76903],[89.6828,21.76742],[89.68264,21.76591],[89.68176,21.76438],[89.68038,21.76362],[89.67934,21.76246],[89.67756,21.76153],[89.67575,21.75995],[89.67201,21.75875],[89.66961,21.75738],[89.66801,21.75752],[89.66686,21.75828],[89.66594,21.75821],[89.66459,21.75685],[89.66247,21.75649],[89.66144,21.75518],[89.65862,21.7544],[89.65117,21.75553],[89.64968,21.75658],[89.64797,21.75951],[89.64772,21.76102],[89.64869,21.76287],[89.64843,21.76346],[89.64785,21.76381],[89.64481,21.76405],[89.6426,21.76336],[89.64166,21.76185],[89.64048,21.76082],[89.64056,21.75923],[89.64019,21.75846],[89.63748,21.75745],[89.6359,21.75729],[89.63334,21.75762],[89.62992,21.75907],[89.62805,21.76085],[89.62145,21.76184],[89.61941,21.76298],[89.61176,21.76433],[89.61023,21.76512],[89.60982,21.76588],[89.60998,21.7665],[89.61598,21.7757],[89.61854,21.78384],[89.61877,21.78689],[89.61788,21.79647],[89.61731,21.79843],[89.61468,21.80294],[89.6095,21.8094],[89.60938,21.81065],[89.60901,21.81116],[89.59602,21.81911],[89.58588,21.82688],[89.58177,21.83051],[89.56907,21.83966],[89.56103,21.84675],[89.55673,21.85171],[89.55468,21.85604],[89.55467,21.85692],[89.555,21.85742],[89.55854,21.85828],[89.55905,21.85937],[89.5585,21.86014],[89.55579,21.86167],[89.55524,21.86282],[89.55565,21.86925],[89.55514,21.8697],[89.55382,21.87006],[89.55108,21.87336],[89.55106,21.87464],[89.5498,21.87793],[89.54975,21.88527],[89.55039,21.88823],[89.55175,21.89224],[89.55838,21.90665],[89.56674,21.92018],[89.56684,21.92082],[89.56636,21.92154],[89.56569,21.92173],[89.56489,21.92142],[89.56061,21.91515],[89.55288,21.90156],[89.55049,21.89624],[89.54877,21.89119],[89.54829,21.89075],[89.54741,21.89067],[89.54685,21.89102],[89.54659,21.89168]],[[89.54212,21.78247],[89.5438,21.78501],[89.54368,21.78705],[89.54656,21.7918],[89.54879,21.79246],[89.54932,21.79309],[89.54933,21.79641],[89.54848,21.79815],[89.54844,21.80061],[89.54699,21.80222],[89.54381,21.80225],[89.54308,21.80267],[89.54072,21.80616],[89.54058,21.80691],[89.5389,21.80981],[89.53743,21.81167],[89.53751,21.81318],[89.53697,21.81561],[89.5354,21.81678],[89.53344,21.82032],[89.53314,21.82224],[89.53382,21.82837],[89.53545,21.83436],[89.53836,21.84296],[89.5389,21.84432],[89.54138,21.84825],[89.5422,21.84861],[89.54518,21.84716],[89.54971,21.84553],[89.55104,21.84278],[89.55251,21.84074],[89.55681,21.83599],[89.55926,21.83388],[89.56411,21.83054],[89.57372,21.82458],[89.58565,21.81527],[89.59401,21.80928],[89.59567,21.80747],[89.59734,21.80669],[89.60297,21.80227],[89.60404,21.79996],[89.60507,21.79409],[89.60481,21.78661],[89.60381,21.78407],[89.60239,21.77856],[89.60079,21.77535],[89.59676,21.77488],[89.59276,21.77314],[89.58975,21.77152],[89.58796,21.76894],[89.58675,21.76668],[89.5865,21.76335],[89.58712,21.76056],[89.58612,21.75877],[89.58576,21.75357],[89.58612,21.74637],[89.58942,21.74296],[89.59261,21.73849],[89.60083,21.73102],[89.60167,21.73057],[89.60423,21.72716],[89.60426,21.72636],[89.60337,21.72446],[89.60397,21.72282],[89.60359,21.72204],[89.60023,21.72045],[89.59843,21.7205],[89.59023,21.71724],[89.58866,21.7159],[89.58448,21.716],[89.58279,21.71575],[89.57689,21.71696],[89.575,21.71687],[89.57343,21.7174],[89.57226,21.71839],[89.57076,21.71851],[89.56679,21.71967],[89.5655,21.72046],[89.56451,21.72154],[89.56304,21.72202],[89.56184,21.7228],[89.55705,21.7267],[89.55526,21.72964],[89.55451,21.73233],[89.55297,21.73456],[89.55262,21.73578],[89.55077,21.73819],[89.5461,21.74686],[89.54558,21.75169],[89.54287,21.75776],[89.54152,21.7597],[89.54096,21.76173],[89.53634,21.77063],[89.53655,21.7745],[89.53703,21.77552],[89.53811,21.77575],[89.54105,21.774],[89.54196,21.77389],[89.54267,21.77442],[89.54324,21.77666],[89.54468,21.77731],[89.54554,21.77852],[89.54557,21.77955],[89.54436,21.78062],[89.5427,21.78089],[89.54216,21.78126],[89.54194,21.78186],[89.54212,21.78247]],[[89.86638,21.8352],[89.86868,21.8331],[89.86957,21.83307],[89.87079,21.83372],[89.87179,21.83331],[89.87295,21.83153],[89.87282,21.83042],[89.87186,21.82898],[89.86264,21.82731],[89.85548,21.82844],[89.85474,21.82903],[89.85428,21.83036],[89.8535,21.8355],[89.85192,21.8386],[89.85091,21.84142],[89.84902,21.84837],[89.84806,21.85359],[89.84822,21.85729],[89.84962,21.85815],[89.85276,21.86141],[89.85551,21.86217],[89.85698,21.86208],[89.861,21.8608],[89.86395,21.85889],[89.86426,21.8572],[89.86349,21.84739],[89.86192,21.84052],[89.863,21.83589],[89.86374,21.83543],[89.86638,21.8352]],[[89.63204,21.8865],[89.63443,21.89035],[89.63786,21.89437],[89.64355,21.89968],[89.64437,21.89986],[89.64524,21.89937],[89.64681,21.89526],[89.64979,21.88942],[89.65266,21.87936],[89.65365,21.87751],[89.65876,21.87018],[89.65884,21.86768],[89.65836,21.86447],[89.65457,21.85885],[89.65189,21.85836],[89.64893,21.85875],[89.64129,21.86268],[89.63903,21.86433],[89.63239,21.87039],[89.63052,21.8755],[89.63009,21.87944],[89.63056,21.88306],[89.63204,21.8865]],[[89.72135,21.97671],[89.72238,21.97483],[89.72208,21.97181],[89.72172,21.97101],[89.71595,21.96815],[89.71335,21.96625],[89.71161,21.96394],[89.71034,21.96042],[89.71072,21.95411],[89.71317,21.94681],[89.71678,21.94161],[89.72672,21.93001],[89.72683,21.92894],[89.7249,21.92426],[89.71613,21.91707],[89.71158,21.90964],[89.71075,21.9072],[89.71143,21.90066],[89.71269,21.89787],[89.71435,21.89616],[89.71881,21.89313],[89.72898,21.88914],[89.73013,21.88735],[89.73083,21.88198],[89.73222,21.87658],[89.73495,21.87274],[89.73804,21.86924],[89.7403,21.86562],[89.73871,21.85902],[89.73918,21.85745],[89.74045,21.85618],[89.74142,21.85208],[89.74041,21.849],[89.74068,21.84521],[89.74009,21.84281],[89.74047,21.84098],[89.74007,21.84046],[89.73879,21.83986],[89.73538,21.83732],[89.73309,21.8349],[89.72615,21.83277],[89.71311,21.83293],[89.70522,21.83533],[89.702,21.83745],[89.7007,21.84171],[89.70116,21.84243],[89.70321,21.84353],[89.70329,21.84453],[89.70257,21.84516],[89.69233,21.84393],[89.68874,21.84457],[89.68493,21.8462],[89.68305,21.84555],[89.68122,21.84331],[89.68002,21.83965],[89.67754,21.8377],[89.67306,21.83676],[89.67074,21.83854],[89.66817,21.84279],[89.66714,21.84677],[89.66682,21.85064],[89.67002,21.8632],[89.66985,21.86875],[89.66749,21.87545],[89.66358,21.88168],[89.66013,21.88574],[89.65946,21.88734],[89.66007,21.88847],[89.66557,21.89229],[89.67537,21.90015],[89.67916,21.90635],[89.68208,21.91256],[89.68311,21.91559],[89.68448,21.92435],[89.68757,21.93135],[89.69169,21.93757],[89.69392,21.94441],[89.69512,21.95046],[89.6953,21.95779],[89.69374,21.96591],[89.69067,21.97131],[89.69025,21.97259],[89.68877,21.97441],[89.68749,21.97698],[89.68695,21.9795],[89.68701,21.98919],[89.68645,21.99244],[89.68809,21.99482],[89.69066,21.99726],[89.69444,22.00252],[89.6969,22.00505],[89.69959,22.00555],[89.7023,22.00661],[89.7036,22.00645],[89.70427,22.00589],[89.70458,21.99839],[89.70561,21.99467],[89.70584,21.99168],[89.7049,21.98964],[89.70444,21.98772],[89.7056,21.98428],[89.70828,21.98121],[89.71131,21.97821],[89.71228,21.9776],[89.71495,21.97662],[89.71913,21.97737],[89.72069,21.97721],[89.72135,21.97671]],[[89.21234,22.14256],[89.21311,22.14386],[89.22008,22.14939],[89.22694,22.15432],[89.23003,22.15591],[89.23227,22.15639],[89.24085,22.15671],[89.24376,22.15729],[89.24425,22.15764],[89.24565,22.16021],[89.24602,22.16309],[89.24462,22.16513],[89.24239,22.16704],[89.23999,22.1699],[89.23913,22.17197],[89.23621,22.18262],[89.23398,22.18643],[89.23038,22.18993],[89.22763,22.19359],[89.22661,22.19655],[89.22681,22.19983],[89.22774,22.20161],[89.23158,22.20281],[89.24068,22.20757],[89.24377,22.21043],[89.24546,22.21283],[89.24601,22.21498],[89.24681,22.21543],[89.24806,22.21536],[89.25407,22.2133],[89.25922,22.21314],[89.26952,22.21361],[89.29578,22.21329],[89.30097,22.21294],[89.30388,22.21162],[89.30555,22.2095],[89.30574,22.20789],[89.31003,22.1974],[89.31173,22.19228],[89.31161,22.18617],[89.31021,22.18341],[89.30213,22.17531],[89.29252,22.16974],[89.28223,22.16306],[89.27861,22.15846],[89.27638,22.15639],[89.27346,22.15305],[89.26523,22.1378],[89.26467,22.13721],[89.26357,22.13674],[89.26322,22.1362],[89.2632,22.13383],[89.26402,22.1316],[89.26437,22.12904],[89.26473,22.1146],[89.26348,22.11215],[89.26025,22.10884],[89.2563,22.10582],[89.25338,22.1028],[89.25,22.10065],[89.24737,22.10042],[89.24454,22.10076],[89.24187,22.10262],[89.23507,22.10467],[89.22763,22.10312],[89.22471,22.1028],[89.22197,22.10169],[89.21991,22.10038],[89.21841,22.09872],[89.21776,22.09864],[89.21703,22.09904],[89.2141,22.10291],[89.21456,22.10519],[89.21424,22.10853],[89.21321,22.11203],[89.21302,22.11408],[89.21167,22.11664],[89.21046,22.11998],[89.20826,22.1237],[89.20818,22.1259],[89.20875,22.12651],[89.21173,22.12791],[89.21888,22.12841],[89.22214,22.1292],[89.22472,22.13032],[89.22704,22.13373],[89.22718,22.13435],[89.22637,22.13663],[89.22386,22.13816],[89.21545,22.13985],[89.21283,22.14104],[89.21228,22.14178],[89.21234,22.14256]],[[89.51806,22.07283],[89.51949,22.06976],[89.51952,22.06728],[89.51883,22.06346],[89.51488,22.05423],[89.51162,22.04867],[89.50527,22.04087],[89.50201,22.0361],[89.49647,22.02951],[89.49563,22.02925],[89.49326,22.02984],[89.49279,22.03023],[89.49177,22.03233],[89.48553,22.03641],[89.48052,22.0391],[89.47952,22.04135],[89.47837,22.04793],[89.47914,22.05037],[89.48111,22.05169],[89.48501,22.05264],[89.48879,22.05407],[89.49342,22.05646],[89.4996,22.06108],[89.50544,22.06489],[89.51093,22.06935],[89.51441,22.07304],[89.51531,22.07442],[89.51644,22.07449],[89.51806,22.07283]],[[89.88515,22.09583],[89.88644,22.09674],[89.8873,22.0967],[89.88779,22.09631],[89.88864,22.09442],[89.8888,22.09236],[89.88849,22.09034],[89.88776,22.08844],[89.88556,22.08498],[89.88303,22.08176],[89.87895,22.07736],[89.87801,22.07689],[89.87734,22.07697],[89.87673,22.07755],[89.87506,22.08132],[89.87482,22.08348],[89.87848,22.08823],[89.88123,22.09102],[89.88515,22.09583]],[[90.38203,21.84259],[90.37826,21.84088],[90.37583,21.84026],[90.37338,21.84005],[90.37137,21.84032],[90.36983,21.84107],[90.36837,21.84227],[90.36813,21.84345],[90.37074,21.84759],[90.37534,21.8504],[90.3762,21.8503],[90.3767,21.84991],[90.37821,21.84668],[90.37975,21.84508],[90.38134,21.84486],[90.38238,21.84429],[90.38265,21.8433],[90.38203,21.84259]],[[90.45987,21.8447],[90.46,21.84317],[90.45932,21.84197],[90.45785,21.84086],[90.45095,21.83863],[90.44358,21.83698],[90.441,21.83596],[90.4361,21.83573],[90.43315,21.83635],[90.43253,21.83696],[90.43249,21.83759],[90.43318,21.83909],[90.43305,21.84118],[90.43371,21.84465],[90.43477,21.84581],[90.43535,21.8471],[90.44712,21.85405],[90.45183,21.85738],[90.4551,21.85874],[90.45615,21.85848],[90.45794,21.85618],[90.45888,21.85093],[90.45908,21.84583],[90.45987,21.8447]],[[90.48747,21.8876],[90.48767,21.89054],[90.48954,21.89403],[90.49062,21.89749],[90.49232,21.901],[90.49639,21.90644],[90.49922,21.90875],[90.50028,21.90881],[90.50281,21.90701],[90.50395,21.90575],[90.50894,21.89838],[90.51127,21.89373],[90.51169,21.89217],[90.51155,21.8909],[90.50336,21.88366],[90.49941,21.88141],[90.49563,21.87852],[90.49208,21.87522],[90.49119,21.87506],[90.49059,21.87537],[90.48912,21.87831],[90.4885,21.87852],[90.48768,21.87827],[90.48726,21.87736],[90.48927,21.87026],[90.48912,21.86737],[90.48831,21.86464],[90.487,21.86186],[90.4853,21.85992],[90.48362,21.85901],[90.48161,21.85707],[90.47972,21.85601],[90.47229,21.85324],[90.46756,21.85115],[90.46624,21.85136],[90.46526,21.85191],[90.46351,21.85362],[90.46309,21.85475],[90.46331,21.8569],[90.46451,21.86084],[90.46686,21.86464],[90.46984,21.87081],[90.47182,21.87363],[90.47589,21.87814],[90.47966,21.88299],[90.48336,21.88683],[90.48447,21.88698],[90.48579,21.88542],[90.48669,21.88529],[90.48758,21.8861],[90.48747,21.8876]],[[90.42349,21.88291],[90.42181,21.88287],[90.41996,21.88403],[90.41935,21.88523],[90.41932,21.88594],[90.41963,21.8872],[90.42141,21.89042],[90.42146,21.89239],[90.4222,21.89398],[90.42226,21.89545],[90.4263,21.89921],[90.4411,21.90368],[90.45451,21.90986],[90.45545,21.90971],[90.457,21.90853],[90.45729,21.90745],[90.45475,21.89741],[90.45332,21.89496],[90.45176,21.89323],[90.44901,21.89134],[90.44717,21.89093],[90.44329,21.88886],[90.44242,21.88868],[90.43942,21.88683],[90.43733,21.88623],[90.43301,21.88415],[90.4317,21.88369],[90.42853,21.88341],[90.42667,21.88275],[90.42439,21.88314],[90.42349,21.88291]],[[90.50507,21.86649],[90.50567,21.86773],[90.5149,21.8787],[90.51821,21.88219],[90.52015,21.88364],[90.52547,21.88649],[90.52913,21.88735],[90.52994,21.88721],[90.53114,21.8865],[90.54064,21.87885],[90.54118,21.87749],[90.54091,21.87582],[90.54156,21.87305],[90.54594,21.868],[90.54689,21.86538],[90.5465,21.86431],[90.54494,21.86339],[90.54083,21.86243],[90.53719,21.8621],[90.53246,21.86251],[90.53148,21.86204],[90.5313,21.86124],[90.53178,21.86054],[90.5368,21.85841],[90.53841,21.85604],[90.53842,21.85518],[90.53507,21.85051],[90.53409,21.84804],[90.53273,21.84708],[90.53099,21.84448],[90.52718,21.84107],[90.5254,21.83687],[90.52361,21.83513],[90.52105,21.83139],[90.51879,21.82973],[90.51672,21.82958],[90.51567,21.8292],[90.51164,21.8259],[90.51,21.82398],[90.50686,21.82135],[90.50662,21.82076],[90.50691,21.81998],[90.50859,21.81933],[90.50901,21.81881],[90.50903,21.81817],[90.50866,21.81763],[90.50127,21.81518],[90.49646,21.81453],[90.4933,21.81455],[90.49052,21.81507],[90.4853,21.8179],[90.48287,21.82025],[90.47989,21.82192],[90.47848,21.82381],[90.47817,21.82648],[90.47898,21.83047],[90.47901,21.83482],[90.48007,21.83835],[90.48342,21.8448],[90.48661,21.84801],[90.49129,21.85161],[90.49615,21.85718],[90.50022,21.86062],[90.50223,21.86196],[90.50596,21.86327],[90.50633,21.86424],[90.50509,21.86556],[90.50507,21.86649]],[[90.48546,21.91597],[90.48366,21.91082],[90.48109,21.90791],[90.4782,21.90639],[90.47734,21.90636],[90.47676,21.90666],[90.47643,21.90741],[90.47696,21.9101],[90.47932,21.91466],[90.48036,21.91586],[90.48204,21.9171],[90.48441,21.91827],[90.48505,21.91808],[90.48546,21.91758],[90.48546,21.91597]],[[90.80762,21.92236],[90.81181,21.92331],[90.8125,21.92312],[90.81294,21.9226],[90.81491,21.91746],[90.81402,21.91504],[90.81393,21.91318],[90.81537,21.91195],[90.81605,21.91074],[90.81664,21.90668],[90.81831,21.9041],[90.81945,21.90125],[90.82095,21.89942],[90.82211,21.89602],[90.82365,21.89343],[90.82389,21.89179],[90.82452,21.89052],[90.8249,21.88714],[90.82579,21.88472],[90.82593,21.88067],[90.82537,21.87877],[90.82341,21.8763],[90.81628,21.86965],[90.81307,21.86784],[90.80625,21.86552],[90.80436,21.86429],[90.79981,21.86038],[90.79836,21.8588],[90.79543,21.85709],[90.7911,21.85618],[90.78275,21.85697],[90.78118,21.85752],[90.7773,21.86029],[90.77484,21.86335],[90.77241,21.86842],[90.77242,21.86935],[90.77592,21.87583],[90.77805,21.87832],[90.77941,21.8839],[90.78029,21.88574],[90.78459,21.89252],[90.78875,21.90264],[90.79376,21.91028],[90.79646,21.91335],[90.79691,21.91422],[90.79953,21.91687],[90.80186,21.9183],[90.80611,21.92162],[90.80762,21.92236]],[[90.73311,21.91213],[90.73351,21.91319],[90.73451,21.91407],[90.73498,21.91514],[90.74272,21.92011],[90.74689,21.92213],[90.75072,21.92444],[90.75184,21.92431],[90.75304,21.92308],[90.75331,21.92179],[90.75242,21.91743],[90.74959,21.90754],[90.74902,21.90436],[90.7487,21.90167],[90.74927,21.89884],[90.74907,21.89537],[90.74777,21.89287],[90.74568,21.8863],[90.74384,21.88363],[90.74261,21.88079],[90.7414,21.87957],[90.74008,21.8732],[90.73911,21.87157],[90.73604,21.86777],[90.73547,21.86607],[90.73271,21.86251],[90.73151,21.86183],[90.72945,21.86126],[90.7241,21.86102],[90.72132,21.86189],[90.71916,21.86346],[90.71791,21.86534],[90.7177,21.86732],[90.71656,21.86826],[90.71548,21.86976],[90.71546,21.87322],[90.71594,21.87574],[90.71948,21.88268],[90.72093,21.88697],[90.72312,21.8908],[90.72552,21.89408],[90.72679,21.89664],[90.72785,21.89776],[90.72833,21.89979],[90.72922,21.90114],[90.72923,21.90338],[90.73046,21.90609],[90.73139,21.90738],[90.73323,21.90842],[90.73366,21.91009],[90.73295,21.91134],[90.73311,21.91213]],[[90.62308,21.89321],[90.61784,21.89295],[90.61614,21.89363],[90.61548,21.89442],[90.61461,21.89684],[90.61452,21.89895],[90.62073,21.9174],[90.6209,21.92383],[90.62036,21.93106],[90.62039,21.93964],[90.62064,21.94215],[90.62116,21.9434],[90.6221,21.95927],[90.62292,21.96684],[90.62341,21.96904],[90.62412,21.97026],[90.62594,21.97183],[90.63101,21.97335],[90.63211,21.97398],[90.63465,21.97678],[90.63474,21.97761],[90.63417,21.97825],[90.63328,21.97833],[90.62845,21.97591],[90.62609,21.97432],[90.62365,21.97332],[90.62063,21.96951],[90.616,21.94127],[90.61618,21.93617],[90.61751,21.92638],[90.61733,21.92082],[90.61652,21.91806],[90.61418,21.91421],[90.61156,21.91234],[90.61092,21.91221],[90.60914,21.91288],[90.60716,21.91471],[90.60568,21.91688],[90.60422,21.91963],[90.60309,21.9227],[90.60229,21.92534],[90.60205,21.92751],[90.60562,21.94471],[90.60695,21.95967],[90.60809,21.9668],[90.60871,21.96911],[90.61003,21.97195],[90.61246,21.97422],[90.61602,21.97606],[90.61688,21.97704],[90.62173,21.97981],[90.6242,21.98071],[90.62991,21.9821],[90.63315,21.9825],[90.63501,21.98244],[90.63584,21.98181],[90.63609,21.98028],[90.63664,21.9799],[90.63732,21.97986],[90.64135,21.98258],[90.64317,21.98336],[90.6468,21.98414],[90.65202,21.98417],[90.65527,21.98269],[90.6589,21.97894],[90.66228,21.9764],[90.66701,21.97548],[90.67034,21.97558],[90.67123,21.97644],[90.67074,21.97753],[90.66599,21.97855],[90.66375,21.98006],[90.66114,21.98243],[90.65938,21.98514],[90.65936,21.98579],[90.65974,21.98634],[90.66135,21.98686],[90.67551,21.98897],[90.69313,21.99244],[90.69476,21.99253],[90.69798,21.992],[90.70082,21.99103],[90.70117,21.99046],[90.70122,21.98828],[90.70081,21.98583],[90.69974,21.98336],[90.69508,21.9758],[90.69332,21.97506],[90.69278,21.9744],[90.69304,21.97341],[90.69429,21.97286],[90.69475,21.97218],[90.69401,21.96848],[90.6859,21.94449],[90.68116,21.9352],[90.67871,21.93273],[90.66805,21.9254],[90.66582,21.9244],[90.66554,21.92383],[90.66581,21.92172],[90.66545,21.91989],[90.66478,21.9185],[90.66086,21.91354],[90.6583,21.91143],[90.65429,21.90665],[90.65077,21.90369],[90.6468,21.90151],[90.64058,21.90042],[90.63546,21.89837],[90.63371,21.89855],[90.63191,21.89716],[90.63065,21.89661],[90.62846,21.89637],[90.62308,21.89321]],[[90.82787,21.98661],[90.82863,21.98535],[90.82844,21.98297],[90.82309,21.96637],[90.82054,21.96014],[90.81949,21.95877],[90.80805,21.94828],[90.80108,21.94259],[90.79788,21.93831],[90.78996,21.92919],[90.78261,21.91921],[90.78178,21.91891],[90.77932,21.91911],[90.77857,21.91958],[90.77816,21.92039],[90.7785,21.92182],[90.78427,21.93077],[90.7939,21.93953],[90.79735,21.94357],[90.80028,21.94775],[90.80218,21.94965],[90.80472,21.95348],[90.80748,21.95612],[90.81156,21.96264],[90.81262,21.96513],[90.81445,21.96761],[90.81746,21.97529],[90.8228,21.98438],[90.8252,21.9873],[90.82615,21.98739],[90.82787,21.98661]],[[90.83804,21.97373],[90.83879,21.97598],[90.84178,21.9814],[90.84388,21.98284],[90.84753,21.98411],[90.85074,21.98475],[90.85349,21.98586],[90.85438,21.98584],[90.85493,21.98548],[90.85517,21.98489],[90.85493,21.98405],[90.84816,21.97663],[90.84492,21.97426],[90.84283,21.97379],[90.84212,21.97302],[90.84227,21.97221],[90.84346,21.97135],[90.84608,21.97159],[90.84692,21.97098],[90.84747,21.96959],[90.84754,21.9662],[90.84841,21.96387],[90.84861,21.96042],[90.84965,21.95888],[90.84962,21.95775],[90.8477,21.95392],[90.84612,21.95287],[90.84043,21.95338],[90.8355,21.95714],[90.8356,21.96775],[90.8373,21.97097],[90.83826,21.97192],[90.83804,21.97373]],[[92.32624,20.59112],[92.32387,20.5946],[92.32324,20.59829],[92.32398,20.59958],[92.32411,20.60103],[92.32558,20.60202],[92.32643,20.60318],[92.32666,20.60417],[92.32643,20.6067],[92.32525,20.60916],[92.32557,20.61115],[92.32539,20.61269],[92.32463,20.6144],[92.32534,20.6157],[92.32616,20.61607],[92.32716,20.6156],[92.3282,20.61344],[92.32853,20.61056],[92.32903,20.60942],[92.3292,20.60678],[92.33043,20.60529],[92.33187,20.60249],[92.3321,20.60121],[92.33106,20.59542],[92.33097,20.59141],[92.33025,20.59094],[92.3285,20.59091],[92.32744,20.59055],[92.32678,20.59064],[92.32624,20.59112]],[[92.32416,20.61874],[92.32268,20.62114],[92.32046,20.62286],[92.31843,20.62509],[92.31512,20.62693],[92.31475,20.6279],[92.31635,20.632],[92.31747,20.63377],[92.32014,20.63412],[92.32282,20.63588],[92.32561,20.63653],[92.32738,20.63652],[92.32881,20.63599],[92.3292,20.63506],[92.32846,20.63282],[92.32768,20.63161],[92.32663,20.62772],[92.327,20.62228],[92.32611,20.61867],[92.32515,20.6182],[92.32416,20.61874]],[[92.27367,20.92615],[92.27856,20.92103],[92.28553,20.90956],[92.28724,20.90602],[92.28734,20.90504],[92.28667,20.90427],[92.28501,20.90455],[92.28252,20.90642],[92.27994,20.9091],[92.27492,20.91643],[92.27206,20.92289],[92.27185,20.92465],[92.27205,20.92559],[92.27265,20.92619],[92.27367,20.92615]],[[91.86454,21.78758],[91.86431,21.78701],[91.86338,21.7862],[91.86134,21.78009],[91.85842,21.77665],[91.85297,21.77272],[91.85284,21.7719],[91.85395,21.76961],[91.85392,21.76901],[91.85337,21.7684],[91.85136,21.76766],[91.85083,21.767],[91.85092,21.76596],[91.85192,21.7643],[91.85394,21.76395],[91.85496,21.76417],[91.85578,21.76382],[91.85608,21.76303],[91.85575,21.76185],[91.85491,21.76076],[91.85246,21.75884],[91.85042,21.75557],[91.84892,21.75397],[91.84577,21.75314],[91.84461,21.75243],[91.8426,21.74828],[91.84202,21.74781],[91.84109,21.74782],[91.84001,21.74862],[91.83695,21.75311],[91.83581,21.7556],[91.83571,21.75674],[91.83715,21.76084],[91.83829,21.76214],[91.84081,21.76375],[91.84171,21.7649],[91.84265,21.76736],[91.84307,21.77124],[91.84382,21.77247],[91.84418,21.77392],[91.84529,21.77533],[91.84506,21.77926],[91.84424,21.78232],[91.84235,21.80026],[91.84242,21.80193],[91.84305,21.80377],[91.84247,21.80788],[91.84356,21.81107],[91.84646,21.81701],[91.85018,21.82198],[91.85078,21.82471],[91.85012,21.83103],[91.84874,21.83681],[91.84784,21.84231],[91.84513,21.84982],[91.84155,21.85751],[91.84194,21.86135],[91.84098,21.8681],[91.84116,21.87216],[91.84184,21.87398],[91.84537,21.87967],[91.84618,21.88195],[91.84649,21.88411],[91.84616,21.88951],[91.84664,21.89188],[91.84609,21.89706],[91.8462,21.89937],[91.84771,21.90127],[91.85088,21.9034],[91.85452,21.90683],[91.85851,21.90931],[91.86125,21.91268],[91.86248,21.91489],[91.86353,21.91603],[91.86513,21.91901],[91.86946,21.92283],[91.87085,21.92333],[91.87238,21.92302],[91.87695,21.92307],[91.87806,21.92259],[91.88026,21.91922],[91.88066,21.91767],[91.88274,21.91493],[91.88553,21.90876],[91.88635,21.90779],[91.88674,21.90677],[91.88771,21.90597],[91.89124,21.8991],[91.89253,21.89411],[91.89329,21.89298],[91.89446,21.88992],[91.89549,21.88576],[91.89577,21.88046],[91.89545,21.87951],[91.89579,21.87739],[91.89558,21.87095],[91.89487,21.86329],[91.89391,21.85889],[91.89054,21.85107],[91.88959,21.84959],[91.88693,21.84242],[91.88508,21.83895],[91.88409,21.83787],[91.88264,21.83479],[91.88245,21.83343],[91.87768,21.82267],[91.87615,21.81838],[91.87385,21.81393],[91.87369,21.81218],[91.87032,21.8044],[91.86564,21.79129],[91.86426,21.78922],[91.86454,21.78758]],[[91.99726,21.60599],[91.99855,21.60389],[91.99904,21.6021],[91.99852,21.59995],[91.99725,21.59834],[91.99151,21.5931],[91.9904,21.59299],[91.98976,21.59359],[91.98957,21.59467],[91.99205,21.60146],[91.99554,21.6063],[91.9964,21.60652],[91.99726,21.60599]]]}},{"type":"Feature","properties":{"label":"বাংলাদেশের সমুদ্র এলাকা"},"geometry":{"type":"Point","coordinates":[90.35,19.4]}}]}
