{"type":"FeatureCollection","features":[{"type":"Feature","properties":{"id":"ABW"},"geometry":{"type":"Polygon","coordinates":[[[-69.997,12.578],[-70.061,12.625],[-69.888,12.418],[-69.997,12.578]]]}},{"type":"Feature","properties":{"id":"AFG"},"geometry":{"type":"Polygon","coordinates":[[[74.542,37.022],[74.368,37.167],[74.892,37.231],[74.316,37.427],[73.709,37.217],[73.597,37.262],[73.753,37.428],[73.296,37.465],[72.658,37.029],[71.653,36.687],[71.431,37.067],[71.598,37.898],[71.258,37.926],[71.358,38.251],[70.974,38.474],[70.665,38.405],[70.172,37.946],[70.283,37.705],[70.158,37.541],[69.509,37.579],[69.324,37.121],[68.888,37.338],[68.02,36.926],[67.781,37.189],[66.52,37.364],[66.294,37.331],[65.761,37.578],[65.537,37.257],[64.808,37.136],[64.478,36.272],[64.045,35.999],[63.104,35.856],[63.214,35.699],[63.08,35.437],[62.621,35.223],[62.432,35.281],[62.286,35.141],[62.007,35.439],[61.605,35.431],[61.27,35.618],[61.065,34.815],[60.7,34.516],[60.89,34.319],[60.493,34.139],[60.512,33.638],[60.921,33.514],[60.563,33.058],[60.83,32.249],[60.822,31.495],[61.687,31.373],[61.826,31.015],[60.844,29.858],[62.478,29.408],[63.569,29.497],[64.086,29.387],[64.478,29.57],[65.036,29.54],[66.196,29.835],[66.341,29.957],[66.219,30.058],[66.366,30.923],[66.697,31.196],[67.765,31.334],[67.569,31.53],[68.139,31.825],[68.676,31.775],[68.804,31.603],[69.299,31.938],[69.233,32.463],[69.488,33.028],[70.294,33.319],[69.873,34.017],[70.522,33.939],[71.063,34.054],[71.122,34.357],[70.957,34.532],[71.638,35.19],[71.464,35.795],[71.166,36.046],[71.61,36.458],[71.783,36.397],[72.565,36.821],[74.035,36.816],[74.542,37.022]]]}},{"type":"Feature","properties":{"id":"AGO"},"geometry":{"type":"MultiPolygon","coordinates":[[[[13.074,-4.635],[12.762,-4.391],[12.01,-5.02],[12.137,-5.015],[12.023,-5.046],[12.229,-5.467],[12.211,-5.763],[12.509,-5.726],[12.444,-5.055],[13.074,-4.635]]],[[[23.967,-10.872],[23.834,-11.028],[22.501,-11.042],[22.238,-11.25],[22.166,-10.852],[22.32,-10.761],[22.313,-10.369],[21.792,-9.406],[21.944,-8.456],[21.754,-7.997],[21.785,-7.283],[20.521,-7.286],[20.611,-6.916],[19.522,-7.002],[19.356,-8.002],[18.517,-7.932],[18.098,-8.109],[17.6,-8.099],[16.946,-7.205],[16.597,-5.925],[13.184,-5.856],[12.275,-6.115],[12.834,-6.912],[12.85,-7.266],[13.379,-8.347],[13.38,-8.755],[13.013,-9.084],[13.086,-8.892],[12.996,-9.094],[13.528,-10.407],[13.772,-10.678],[13.792,-11.791],[13.46,-12.507],[12.986,-12.77],[12.515,-13.426],[12.145,-15.169],[11.992,-15.617],[11.736,-15.857],[11.766,-17.253],[12.088,-17.139],[12.567,-17.235],[13.166,-16.951],[13.48,-17.01],[13.981,-17.424],[18.446,-17.389],[18.89,-17.799],[20.336,-17.855],[20.806,-18.031],[23.382,-17.641],[22.152,-16.598],[21.984,-16.166],[21.98,-13.001],[24.001,-13.001],[23.866,-12.79],[24.031,-12.385],[23.967,-10.872]]]]}},{"type":"Feature","properties":{"id":"AIA"},"geometry":{"type":"Polygon","coordinates":[[[-63.007,18.273],[-63.168,18.169],[-63.001,18.227],[-63.007,18.273]]]}},{"type":"Feature","properties":{"id":"ALB"},"geometry":{"type":"Polygon","coordinates":[[[20.567,41.873],[20.501,42.211],[20.065,42.547],[19.801,42.468],[19.622,42.605],[19.275,42.191],[19.365,41.852],[19.592,41.819],[19.613,41.605],[19.441,41.585],[19.523,40.921],[19.304,40.653],[19.475,40.348],[19.29,40.42],[19.863,40.045],[20,39.694],[20.246,39.663],[20.397,39.818],[20.298,39.987],[20.648,40.094],[21.019,40.559],[20.965,40.849],[20.717,40.913],[20.5,41.236],[20.567,41.873]]]}},{"type":"Feature","properties":{"id":"ALD"},"geometry":{"type":"Polygon","coordinates":[[[20.209,60.225],[19.882,60.406],[19.814,60.191],[19.647,60.266],[19.948,60.048],[20.024,60.313],[20.209,60.225]]]}},{"type":"Feature","properties":{"id":"AND"},"geometry":{"type":"Polygon","coordinates":[[[1.707,42.503],[1.722,42.61],[1.429,42.595],[1.448,42.435],[1.707,42.503]]]}},{"type":"Feature","properties":{"id":"ARE"},"geometry":{"type":"MultiPolygon","coordinates":[[[[56.279,25.627],[56.145,25.671],[56.077,26.061],[55.952,25.772],[55.551,25.579],[55.329,25.201],[54.643,24.749],[54.582,24.508],[54.417,24.535],[54.574,24.447],[54.427,24.292],[54.123,24.145],[53.59,24.047],[52.6,24.21],[52.341,24.008],[51.929,23.965],[51.759,24.291],[51.649,24.219],[51.594,24.385],[51.569,24.256],[52.558,22.939],[55.105,22.621],[55.187,22.704],[55.538,23.77],[55.457,23.963],[55.998,24.081],[55.756,24.23],[55.799,24.886],[55.978,24.972],[56.099,24.731],[56.383,24.978],[56.279,25.627]]],[[[53.657,24.158],[53.965,24.173],[53.848,24.275],[53.657,24.158]]],[[[53.323,24.263],[53.417,24.413],[53.185,24.287],[53.323,24.263]]]]}},{"type":"Feature","properties":{"id":"ARG"},"geometry":{"type":"MultiPolygon","coordinates":[[[[-67.194,-22.822],[-67.014,-23.001],[-67.34,-24.001],[-68.244,-24.385],[-68.572,-24.77],[-68.367,-25.123],[-68.606,-25.437],[-68.409,-26.144],[-68.595,-26.457],[-68.33,-27.045],[-68.814,-27.12],[-69.19,-27.951],[-69.653,-28.398],[-69.804,-29.099],[-70.041,-29.298],[-69.98,-30.072],[-69.836,-30.162],[-69.965,-30.375],[-70.173,-30.365],[-70.267,-31.036],[-70.569,-31.304],[-70.59,-31.568],[-70.244,-31.942],[-70.389,-32.053],[-70,-32.877],[-70.109,-33.17],[-69.788,-33.379],[-69.829,-34.233],[-70.058,-34.291],[-70.387,-35.167],[-70.579,-35.26],[-70.428,-35.357],[-70.387,-36.059],[-70.719,-36.415],[-71.043,-36.484],[-71.195,-36.839],[-71.185,-37.706],[-70.834,-38.564],[-70.945,-38.747],[-71.4,-38.911],[-71.504,-39.602],[-71.714,-39.601],[-71.617,-39.91],[-71.824,-40.21],[-71.674,-40.324],[-71.956,-40.72],[-71.736,-42.084],[-72.134,-42.288],[-72.149,-42.999],[-71.743,-43.19],[-71.955,-43.444],[-71.714,-43.602],[-71.819,-43.758],[-71.66,-43.926],[-71.861,-44.377],[-71.21,-44.428],[-71.122,-44.549],[-71.298,-44.796],[-72.089,-44.783],[-72.073,-44.902],[-71.589,-44.978],[-71.312,-45.299],[-71.765,-45.572],[-71.612,-45.971],[-71.915,-46.152],[-71.687,-46.69],[-71.95,-46.814],[-71.881,-47.222],[-72.361,-47.451],[-72.544,-47.915],[-72.295,-48.333],[-72.577,-48.452],[-72.592,-48.791],[-73.01,-48.99],[-73.098,-49.273],[-73.06,-49.555],[-73.465,-49.76],[-73.541,-50.114],[-73.178,-50.749],[-72.303,-50.649],[-72.45,-51.553],[-71.965,-51.971],[-69.953,-52.007],[-68.449,-52.347],[-68.974,-51.62],[-69.617,-51.625],[-68.963,-51.56],[-69.168,-50.978],[-69.411,-51.084],[-68.876,-50.331],[-68.35,-50.149],[-68.583,-49.97],[-69.013,-50.008],[-68.577,-49.928],[-68.74,-49.728],[-68.342,-50.118],[-67.895,-49.997],[-67.622,-49.251],[-67.831,-49.38],[-67.557,-49.016],[-65.762,-47.949],[-65.902,-47.77],[-66.389,-47.864],[-65.846,-47.742],[-65.745,-47.204],[-65.98,-47.066],[-66.786,-47.007],[-67.423,-46.567],[-67.578,-45.993],[-66.929,-45.257],[-66.524,-45.216],[-66.2,-44.993],[-65.691,-45.063],[-65.521,-44.932],[-65.727,-44.81],[-65.217,-44.366],[-65.331,-43.663],[-64.944,-43.239],[-64.302,-42.981],[-64.997,-42.785],[-64.946,-42.654],[-64.388,-42.517],[-64.108,-42.884],[-63.672,-42.802],[-63.579,-42.593],[-63.769,-42.078],[-64.34,-42.237],[-64.068,-42.27],[-64.104,-42.428],[-64.445,-42.447],[-64.602,-42.422],[-64.481,-42.255],[-65.005,-42.093],[-65.132,-40.842],[-64.796,-40.723],[-64.911,-40.824],[-63.622,-41.161],[-63.054,-41.147],[-62.338,-40.873],[-62.182,-40.627],[-62.33,-40.669],[-62.49,-40.308],[-62.051,-39.475],[-62.284,-39.311],[-62.023,-39.377],[-62.326,-39.255],[-62.358,-38.787],[-61.518,-39.011],[-59.797,-38.838],[-58.331,-38.493],[-57.558,-38.121],[-57.487,-37.832],[-56.669,-36.894],[-56.698,-36.396],[-57.108,-36.282],[-57.366,-35.988],[-57.128,-35.441],[-57.249,-35.249],[-58.315,-34.657],[-58.57,-34.288],[-58.379,-34.188],[-58.549,-33.705],[-58.43,-33.103],[-58.147,-33.05],[-58.2,-32.447],[-58.203,-31.893],[-58.049,-31.797],[-58.075,-31.475],[-57.796,-30.868],[-57.89,-30.551],[-57.642,-30.193],[-57.612,-30.183],[-55.906,-28.378],[-55.694,-28.4],[-55.773,-28.232],[-55.03,-27.851],[-54.805,-27.526],[-54.287,-27.428],[-54.177,-27.243],[-53.819,-27.14],[-53.662,-26.26],[-53.898,-25.639],[-54.116,-25.495],[-54.447,-25.689],[-54.6,-25.575],[-54.793,-26.645],[-55.138,-26.954],[-55.414,-26.98],[-55.755,-27.444],[-56.125,-27.299],[-56.4,-27.587],[-56.546,-27.455],[-57.18,-27.487],[-58.022,-27.26],[-58.604,-27.316],[-58.653,-27.156],[-58.179,-26.651],[-58.151,-26.181],[-57.575,-25.564],[-57.754,-25.181],[-58.809,-24.777],[-60.034,-24.007],[-61.006,-23.805],[-61.956,-23.034],[-62.287,-22.484],[-62.65,-22.234],[-62.819,-22.001],[-63.933,-22.002],[-64.325,-22.872],[-64.596,-22.207],[-65.745,-22.114],[-66.222,-21.787],[-66.308,-22.077],[-66.736,-22.225],[-67.194,-22.822]]],[[[-68.642,-54.783],[-67.031,-54.905],[-66.451,-55.052],[-65.966,-54.902],[-65.359,-54.927],[-65.142,-54.647],[-65.844,-54.647],[-66.482,-54.466],[-67.572,-53.908],[-68.111,-53.344],[-68.551,-53.239],[-68.35,-53.016],[-68.226,-53.102],[-68.628,-52.64],[-68.642,-54.783]]],[[[-63.888,-54.73],[-64.542,-54.716],[-64.759,-54.832],[-63.888,-54.73]]],[[[-61.907,-39.137],[-62.098,-39.088],[-61.868,-39.239],[-61.907,-39.137]]]]}},{"type":"Feature","properties":{"id":"ARM"},"geometry":{"type":"Polygon","coordinates":[[[45.002,41.29],[43.44,41.107],[43.721,40.763],[43.559,40.478],[43.665,40.11],[44.326,40.035],[44.775,39.703],[45.034,39.77],[45.435,39.489],[45.788,39.549],[46.136,38.864],[46.514,38.882],[46.395,39.195],[46.603,39.215],[46.361,39.41],[46.524,39.555],[46.184,39.593],[45.579,39.97],[45.874,40.01],[45.979,40.224],[45.526,40.441],[45.374,40.675],[45.599,40.863],[45.07,41.062],[45.2,41.143],[45.002,41.29]]]}},{"type":"Feature","properties":{"id":"ASM"},"geometry":{"type":"Polygon","coordinates":[[[-170.591,-14.265],[-170.831,-14.319],[-170.749,-14.375],[-170.591,-14.265]]]}},{"type":"Feature","properties":{"id":"ATA"},"geometry":{"type":"MultiPolygon","coordinates":[[[[-51.731,-82.063],[-54.303,-82.192],[-59.47,-83.46],[-60.952,-83.476],[-61.851,-83.368],[-61.066,-82.91],[-62.181,-83.034],[-62.795,-82.52],[-60.401,-82.17],[-65.073,-82.406],[-66.256,-81.948],[-63.518,-81.862],[-65.692,-81.711],[-63.878,-81.601],[-64.034,-81.697],[-62.207,-81.693],[-62.414,-81.558],[-65.174,-81.512],[-68.449,-80.977],[-69.976,-80.976],[-70.821,-80.61],[-72.462,-80.75],[-72.589,-80.961],[-74.104,-80.796],[-75.554,-80.891],[-74.949,-80.77],[-76.274,-80.081],[-78.273,-80.178],[-79.687,-79.983],[-76.632,-79.939],[-76.066,-79.435],[-76.533,-79.313],[-80.429,-79.258],[-80.468,-79.575],[-81.117,-79.47],[-81.106,-79.203],[-83.72,-78.56],[-83.681,-78.327],[-82.945,-78.473],[-83.824,-77.974],[-80.295,-78.847],[-77.754,-78.736],[-77.413,-78.42],[-81.667,-77.841],[-80.769,-77.67],[-75.047,-78.232],[-73.466,-78.015],[-72.722,-77.576],[-75.08,-77.437],[-75.527,-77.541],[-77.693,-76.488],[-76.708,-76.674],[-76.542,-76.517],[-73.767,-76.719],[-70.014,-76.694],[-69.746,-76.469],[-70.181,-76.451],[-69.547,-76.327],[-66.219,-76.011],[-63.162,-75.409],[-64.434,-75.318],[-63.041,-75.147],[-64.086,-74.999],[-63.077,-74.908],[-63.266,-74.668],[-62.701,-74.678],[-62.467,-74.998],[-61.782,-74.722],[-62.364,-74.403],[-61.543,-74.544],[-60.682,-74.325],[-61.885,-74.325],[-61.055,-74.103],[-61.859,-74.03],[-61.791,-73.907],[-61.008,-73.962],[-60.735,-73.716],[-61.146,-73.738],[-60.8,-73.578],[-61.688,-73.536],[-62.065,-73.13],[-61.23,-73.202],[-61.083,-73.347],[-60.878,-73.242],[-60.734,-73.398],[-60.599,-73.185],[-60.027,-73.279],[-59.954,-72.888],[-60.764,-73.074],[-60.552,-72.656],[-61.137,-72.783],[-61.42,-72.646],[-61.465,-72.407],[-60.643,-72.43],[-61.072,-72.191],[-60.694,-71.998],[-61.167,-72.17],[-61.674,-72.047],[-62.254,-72.135],[-62.441,-71.92],[-60.772,-71.76],[-61.141,-71.533],[-61.557,-71.691],[-62.112,-71.64],[-61.129,-71.415],[-61.417,-71.323],[-60.924,-71.339],[-61.305,-70.856],[-61.97,-70.925],[-62.138,-70.771],[-61.354,-70.561],[-62.185,-70.537],[-62.393,-70.219],[-61.869,-70.208],[-62.53,-69.864],[-62.397,-69.515],[-63.396,-69.186],[-63.304,-69.056],[-63.897,-68.983],[-63.212,-68.839],[-63.813,-68.718],[-63.761,-68.581],[-62.872,-68.421],[-64.257,-68.574],[-64.033,-68.831],[-65.244,-68.629],[-64.976,-68.408],[-65.494,-68.317],[-64.756,-68.108],[-64.937,-68.022],[-65.761,-68.166],[-65.329,-67.984],[-65.707,-67.859],[-65.337,-67.658],[-65.584,-67.311],[-65.285,-67.401],[-64.749,-67.307],[-65.066,-67.202],[-64.69,-67.148],[-64.964,-66.897],[-64.711,-66.987],[-64.618,-66.768],[-64.516,-66.905],[-63.756,-66.898],[-64.135,-66.643],[-63.797,-66.588],[-63.903,-66.382],[-63.573,-66.391],[-63.812,-66.189],[-63.211,-66.249],[-62.644,-66.725],[-62.668,-66.227],[-61.97,-66.198],[-61.751,-66.478],[-61.78,-66.213],[-61.494,-66.26],[-61.469,-66.114],[-60.995,-66.341],[-61.024,-66.083],[-60.708,-66.131],[-60.547,-65.958],[-61.007,-65.913],[-61.031,-66.036],[-61.276,-65.913],[-61.596,-66.166],[-62.023,-66.112],[-62.362,-65.814],[-61.701,-65.546],[-62.198,-65.304],[-61.628,-65.241],[-61.729,-64.969],[-61.052,-65.011],[-60.007,-64.398],[-59.591,-64.588],[-59.464,-64.311],[-58.816,-64.543],[-58.755,-64.293],[-59.116,-64.237],[-58.82,-64.219],[-58.098,-63.664],[-57.421,-63.562],[-57.445,-63.444],[-57.124,-63.654],[-56.822,-63.638],[-57.287,-63.215],[-58.899,-63.54],[-59.429,-63.91],[-59.807,-63.772],[-59.97,-63.958],[-60.986,-64.065],[-60.942,-64.282],[-61.583,-64.443],[-61.579,-64.662],[-61.806,-64.493],[-62.142,-64.785],[-62.47,-64.593],[-62.674,-64.777],[-62.407,-64.877],[-62.794,-64.813],[-63.209,-64.949],[-63.084,-65.166],[-63.874,-65.046],[-64.11,-65.268],[-63.795,-65.606],[-64.082,-65.515],[-64.045,-65.693],[-64.479,-65.631],[-64.584,-66.033],[-65.26,-65.957],[-65.091,-66.15],[-65.705,-66.15],[-65.689,-66.684],[-66.548,-66.65],[-66.463,-67.337],[-66.709,-67.191],[-66.981,-67.276],[-66.951,-66.939],[-67.476,-67.054],[-67.611,-67.547],[-66.51,-67.528],[-67.08,-67.78],[-66.767,-67.775],[-66.851,-67.914],[-67.269,-67.969],[-66.625,-68.247],[-67.157,-68.302],[-66.861,-68.368],[-67.175,-68.525],[-66.959,-68.748],[-67.478,-68.824],[-66.759,-69.071],[-67.392,-69.503],[-68.279,-69.281],[-68.309,-69.404],[-68.825,-69.431],[-67.411,-70.993],[-67.623,-71.433],[-66.782,-71.974],[-67.536,-72.845],[-70.293,-73.293],[-73.073,-73.444],[-74.025,-73.724],[-75.268,-73.621],[-77.081,-73.879],[-76.847,-73.465],[-78.845,-73.609],[-78.782,-73.338],[-80.493,-72.953],[-80.197,-73.402],[-81.235,-73.248],[-81.185,-73.704],[-82.137,-73.89],[-82.934,-73.71],[-83.809,-73.741],[-83.752,-73.56],[-85.101,-73.487],[-85.679,-73.177],[-86.947,-73.384],[-87.35,-73.17],[-88.444,-73.264],[-88.714,-73.12],[-88.173,-72.732],[-89.349,-72.635],[-89.23,-73.111],[-91.077,-73.337],[-92.801,-73.143],[-94.131,-73.313],[-95.194,-73.209],[-96.475,-73.299],[-97.419,-73.125],[-97.929,-73.188],[-97.717,-73.025],[-102.677,-73.005],[-102.094,-72.772],[-103.041,-72.708],[-103.43,-72.849],[-102.874,-73.308],[-99.768,-73.364],[-98.868,-73.594],[-100.632,-73.782],[-102.999,-73.61],[-102.849,-73.922],[-101.589,-74],[-101.396,-74.503],[-99.817,-74.526],[-100.536,-74.884],[-99.438,-74.913],[-99.38,-75.113],[-98.434,-75.133],[-98.642,-75.309],[-101.113,-75.432],[-101.761,-75.083],[-103.296,-75.085],[-105.026,-75.108],[-106.591,-75.379],[-109.693,-75.146],[-111.364,-75.234],[-111.578,-75.129],[-110.264,-74.768],[-110.122,-74.478],[-110.555,-74.244],[-110.797,-74.327],[-111.593,-74.172],[-111.887,-74.315],[-111.326,-74.476],[-111.926,-74.551],[-111.543,-74.802],[-114.239,-75.053],[-113.827,-74.713],[-114.357,-74.696],[-113.225,-74.402],[-113.801,-74.452],[-113.948,-74.256],[-113.44,-74.1],[-114.242,-74.078],[-114.21,-73.863],[-115.125,-74.095],[-114.838,-74.471],[-115.237,-74.515],[-115.907,-74.385],[-116.693,-74.558],[-117.786,-74.518],[-117.971,-74.258],[-119.07,-74.44],[-118.867,-74.602],[-121.773,-74.786],[-127.245,-74.68],[-129.975,-74.913],[-132.791,-74.769],[-133.866,-74.928],[-134.519,-74.643],[-135.42,-74.565],[-135.702,-74.747],[-136.834,-74.76],[-137.01,-75.01],[-136.346,-75.178],[-137.742,-75.061],[-139.204,-75.125],[-140.82,-75.531],[-141.299,-75.502],[-140.646,-75.807],[-141.527,-75.768],[-142.467,-75.432],[-142.679,-75.562],[-144.306,-75.615],[-144.205,-75.818],[-145.951,-75.883],[-146.47,-76.063],[-145.355,-76.434],[-146.251,-76.424],[-148.197,-76.087],[-149.546,-76.3],[-149.64,-76.43],[-148.453,-76.506],[-147.082,-76.433],[-145.463,-76.752],[-145.964,-76.858],[-145.31,-77.059],[-146.381,-77.003],[-145.246,-77.232],[-145.953,-77.233],[-145.463,-77.523],[-146.375,-77.503],[-146.976,-77.236],[-147.661,-77.423],[-148.513,-77.108],[-149.041,-77.333],[-147.793,-77.49],[-148.815,-77.561],[-148.885,-77.707],[-149.785,-77.625],[-149.245,-77.757],[-149.857,-77.82],[-152.351,-77.303],[-152.575,-77.502],[-153.907,-77.435],[-153.534,-77.254],[-154.894,-77.104],[-156.324,-77.066],[-157.022,-77.359],[-157.925,-77.056],[-158.301,-77.106],[-158.344,-77.974],[-157.2,-78.253],[-156.625,-78.143],[-153.815,-78.233],[-156.528,-78.664],[-154.97,-79.035],[-152.564,-79.175],[-151.72,-79.084],[-152.265,-79.309],[-151.698,-79.252],[-152.004,-79.342],[-147.067,-79.909],[-149,-79.861],[-147.555,-80.051],[-150.37,-80.075],[-150.726,-80.32],[-149.968,-80.394],[-151.012,-80.429],[-148.258,-80.636],[-149.462,-80.719],[-147.628,-80.92],[-155.96,-81.136],[-157.064,-81.256],[-153.816,-81.681],[-154.839,-81.945],[-152.543,-82.548],[-155.059,-82.802],[-155.592,-83.046],[-158.497,-83.118],[-156.918,-83.23],[-159.193,-83.544],[-162.169,-83.525],[-163.134,-83.316],[-164.617,-83.507],[-165.086,-83.202],[-169.6,-83.31],[-171.408,-82.954],[-174.34,-82.759],[-168.78,-83.476],[-168.083,-83.78],[-164.98,-83.796],[-163.703,-84.05],[-165.154,-84.138],[-163.001,-84.363],[-166.423,-84.37],[-155.643,-84.828],[-157.637,-84.897],[-156.008,-85.222],[-162.849,-84.883],[-167.442,-84.867],[-168.255,-84.648],[-175.178,-84.415],[-175.881,-84.547],[-176.064,-84.396],[-178.298,-84.308],[-180,-84.353],[-180,-84.515],[-180,-85.014],[-180,-85.512],[-180,-86.011],[-180,-86.51],[-180,-87.008],[-180,-87.507],[-180,-88.006],[-180,-88.504],[-180,-89.003],[-180,-89.501],[-180,-90],[-179.501,-90],[-179.001,-90],[-178.502,-90],[-178.003,-90],[-177.503,-90],[-177.004,-90],[-176.505,-90],[-176.006,-90],[-175.506,-90],[-175.007,-90],[-174.508,-90],[-174.008,-90],[-173.509,-90],[-173.01,-90],[-172.51,-90],[-172.011,-90],[-171.512,-90],[-171.012,-90],[-170.513,-90],[-170.014,-90],[-169.515,-90],[-169.015,-90],[-168.516,-90],[-168.017,-90],[-167.517,-90],[-167.018,-90],[-166.519,-90],[-166.019,-90],[-165.52,-90],[-165.021,-90],[-164.522,-90],[-164.022,-90],[-163.523,-90],[-163.024,-90],[-162.524,-90],[-162.025,-90],[-161.526,-90],[-161.026,-90],[-160.527,-90],[-160.028,-90],[-159.528,-90],[-159.029,-90],[-158.53,-90],[-158.031,-90],[-157.531,-90],[-157.032,-90],[-156.533,-90],[-156.033,-90],[-155.534,-90],[-155.035,-90],[-154.535,-90],[-154.036,-90],[-153.537,-90],[-153.037,-90],[-152.538,-90],[-152.039,-90],[-151.54,-90],[-151.04,-90],[-150.541,-90],[-150.042,-90],[-149.542,-90],[-149.043,-90],[-148.544,-90],[-148.044,-90],[-147.545,-90],[-147.046,-90],[-146.546,-90],[-146.047,-90],[-145.548,-90],[-145.049,-90],[-144.549,-90],[-144.05,-90],[-143.551,-90],[-143.051,-90],[-142.552,-90],[-142.053,-90],[-141.553,-90],[-141.054,-90],[-140.555,-90],[-140.055,-90],[-139.556,-90],[-139.057,-90],[-138.558,-90],[-138.058,-90],[-137.559,-90],[-137.06,-90],[-136.56,-90],[-136.061,-90],[-135.562,-90],[-135.062,-90],[-134.563,-90],[-134.064,-90],[-133.564,-90],[-133.065,-90],[-132.566,-90],[-132.067,-90],[-131.567,-90],[-131.068,-90],[-130.569,-90],[-130.069,-90],[-129.57,-90],[-129.071,-90],[-128.571,-90],[-128.072,-90],[-127.573,-90],[-127.074,-90],[-126.574,-90],[-126.075,-90],[-125.576,-90],[-125.076,-90],[-124.577,-90],[-124.078,-90],[-123.578,-90],[-123.079,-90],[-122.58,-90],[-122.08,-90],[-121.581,-90],[-121.082,-90],[-120.583,-90],[-120.083,-90],[-119.584,-90],[-119.085,-90],[-118.585,-90],[-118.086,-90],[-117.587,-90],[-117.087,-90],[-116.588,-90],[-116.089,-90],[-115.589,-90],[-115.09,-90],[-114.591,-90],[-114.092,-90],[-113.592,-90],[-113.093,-90],[-112.594,-90],[-112.094,-90],[-111.595,-90],[-111.096,-90],[-110.596,-90],[-110.097,-90],[-109.598,-90],[-109.098,-90],[-108.599,-90],[-108.1,-90],[-107.601,-90],[-107.101,-90],[-106.602,-90],[-106.103,-90],[-105.603,-90],[-105.104,-90],[-104.605,-90],[-104.105,-90],[-103.606,-90],[-103.107,-90],[-102.607,-90],[-102.108,-90],[-101.609,-90],[-101.11,-90],[-100.61,-90],[-100.111,-90],[-99.612,-90],[-99.112,-90],[-98.613,-90],[-98.114,-90],[-97.614,-90],[-97.115,-90],[-96.616,-90],[-96.117,-90],[-95.617,-90],[-95.118,-90],[-94.619,-90],[-94.119,-90],[-93.62,-90],[-93.121,-90],[-92.621,-90],[-92.122,-90],[-91.623,-90],[-91.123,-90],[-90.624,-90],[-90.125,-90],[-89.626,-90],[-89.126,-90],[-88.627,-90],[-88.128,-90],[-87.628,-90],[-87.129,-90],[-86.63,-90],[-86.13,-90],[-85.631,-90],[-85.132,-90],[-84.632,-90],[-84.133,-90],[-83.634,-90],[-83.135,-90],[-82.635,-90],[-82.136,-90],[-81.637,-90],[-81.137,-90],[-80.638,-90],[-80.139,-90],[-79.639,-90],[-79.14,-90],[-78.641,-90],[-78.141,-90],[-77.642,-90],[-77.143,-90],[-76.644,-90],[-76.144,-90],[-75.645,-90],[-75.146,-90],[-74.646,-90],[-74.147,-90],[-73.648,-90],[-73.148,-90],[-72.649,-90],[-72.15,-90],[-71.65,-90],[-71.151,-90],[-70.652,-90],[-70.153,-90],[-69.653,-90],[-69.154,-90],[-68.655,-90],[-68.155,-90],[-67.656,-90],[-67.157,-90],[-66.657,-90],[-66.158,-90],[-65.659,-90],[-65.159,-90],[-64.66,-90],[-64.161,-90],[-63.662,-90],[-63.162,-90],[-62.663,-90],[-62.164,-90],[-61.664,-90],[-61.165,-90],[-60.666,-90],[-60.166,-90],[-59.667,-90],[-59.168,-90],[-58.669,-90],[-58.169,-90],[-57.67,-90],[-57.171,-90],[-56.671,-90],[-56.172,-90],[-55.673,-90],[-55.173,-90],[-54.674,-90],[-54.175,-90],[-53.675,-90],[-53.176,-90],[-52.677,-90],[-52.178,-90],[-52.118,-90],[-51.678,-90],[-51.179,-90],[-50.68,-90],[-50.18,-90],[-49.681,-90],[-49.182,-90],[-48.682,-90],[-48.183,-90],[-47.684,-90],[-47.184,-90],[-46.685,-90],[-46.186,-90],[-45.687,-90],[-45.187,-90],[-44.688,-90],[-44.189,-90],[-43.689,-90],[-43.19,-90],[-42.691,-90],[-42.191,-90],[-41.692,-90],[-41.193,-90],[-40.693,-90],[-40.194,-90],[-39.695,-90],[-39.196,-90],[-38.696,-90],[-38.197,-90],[-37.698,-90],[-37.198,-90],[-36.699,-90],[-36.2,-90],[-35.7,-90],[-35.201,-90],[-34.702,-90],[-34.203,-90],[-33.703,-90],[-33.204,-90],[-32.705,-90],[-32.205,-90],[-31.706,-90],[-31.207,-90],[-30.707,-90],[-30.208,-90],[-29.709,-90],[-29.209,-90],[-28.71,-90],[-28.211,-90],[-27.712,-90],[-27.212,-90],[-26.713,-90],[-26.214,-90],[-25.714,-90],[-25.215,-90],[-24.716,-90],[-24.216,-90],[-23.717,-90],[-23.218,-90],[-22.718,-90],[-22.219,-90],[-21.72,-90],[-21.221,-90],[-20.721,-90],[-20.222,-90],[-19.723,-90],[-19.223,-90],[-18.724,-90],[-18.225,-90],[-17.725,-90],[-17.226,-90],[-16.727,-90],[-16.227,-90],[-15.728,-90],[-15.229,-90],[-14.73,-90],[-14.23,-90],[-13.731,-90],[-13.232,-90],[-12.732,-90],[-12.233,-90],[-11.734,-90],[-11.234,-90],[-10.735,-90],[-10.236,-90],[-9.736,-90],[-9.237,-90],[-8.738,-90],[-8.239,-90],[-7.739,-90],[-7.24,-90],[-6.741,-90],[-6.241,-90],[-5.742,-90],[-5.243,-90],[-4.743,-90],[-4.244,-90],[-3.745,-90],[-3.245,-90],[-2.746,-90],[-2.247,-90],[-1.748,-90],[-1.248,-90],[-0.749,-90],[-0.25,-90],[0.25,-90],[0.749,-90],[1.248,-90],[1.748,-90],[2.247,-90],[2.746,-90],[3.245,-90],[3.745,-90],[4.244,-90],[4.743,-90],[5.243,-90],[5.742,-90],[6.241,-90],[6.741,-90],[7.24,-90],[7.739,-90],[8.239,-90],[8.738,-90],[9.237,-90],[9.736,-90],[10.236,-90],[10.735,-90],[11.234,-90],[11.734,-90],[12.233,-90],[12.732,-90],[13.232,-90],[13.731,-90],[14.23,-90],[14.73,-90],[15.229,-90],[15.728,-90],[16.227,-90],[16.727,-90],[17.226,-90],[17.725,-90],[18.225,-90],[18.724,-90],[19.223,-90],[19.723,-90],[20.222,-90],[20.721,-90],[21.221,-90],[21.72,-90],[22.219,-90],[22.718,-90],[23.218,-90],[23.717,-90],[24.216,-90],[24.716,-90],[25.215,-90],[25.714,-90],[26.214,-90],[26.713,-90],[27.212,-90],[27.712,-90],[28.211,-90],[28.71,-90],[29.209,-90],[29.709,-90],[30.208,-90],[30.707,-90],[31.207,-90],[31.706,-90],[32.205,-90],[32.705,-90],[33.204,-90],[33.703,-90],[34.203,-90],[34.702,-90],[35.201,-90],[35.7,-90],[36.2,-90],[36.699,-90],[37.198,-90],[37.698,-90],[38.197,-90],[38.696,-90],[39.196,-90],[39.695,-90],[40.194,-90],[40.693,-90],[41.193,-90],[41.692,-90],[42.191,-90],[42.691,-90],[43.19,-90],[43.689,-90],[44.189,-90],[44.688,-90],[45.187,-90],[45.687,-90],[46.186,-90],[46.685,-90],[47.184,-90],[47.684,-90],[48.183,-90],[48.682,-90],[49.182,-90],[49.681,-90],[50.18,-90],[50.68,-90],[51.179,-90],[51.678,-90],[52.178,-90],[52.677,-90],[53.176,-90],[53.675,-90],[54.175,-90],[54.674,-90],[55.173,-90],[55.673,-90],[56.172,-90],[56.671,-90],[57.171,-90],[57.67,-90],[58.169,-90],[58.669,-90],[59.168,-90],[59.667,-90],[60.166,-90],[60.666,-90],[61.165,-90],[61.652,-90],[61.664,-90],[62.164,-90],[62.663,-90],[63.162,-90],[63.662,-90],[64.161,-90],[64.66,-90],[65.159,-90],[65.659,-90],[66.158,-90],[66.657,-90],[67.157,-90],[67.656,-90],[68.155,-90],[68.655,-90],[69.154,-90],[69.653,-90],[70.153,-90],[70.652,-90],[71.151,-90],[71.65,-90],[72.15,-90],[72.649,-90],[73.148,-90],[73.648,-90],[74.147,-90],[74.646,-90],[75.146,-90],[75.645,-90],[76.144,-90],[76.644,-90],[77.143,-90],[77.642,-90],[78.141,-90],[78.641,-90],[79.14,-90],[79.639,-90],[80.139,-90],[80.638,-90],[81.137,-90],[81.637,-90],[82.136,-90],[82.635,-90],[83.135,-90],[83.634,-90],[84.133,-90],[84.632,-90],[85.132,-90],[85.631,-90],[86.13,-90],[86.63,-90],[87.129,-90],[87.628,-90],[88.128,-90],[88.627,-90],[89.126,-90],[89.626,-90],[90.125,-90],[90.624,-90],[91.123,-90],[91.623,-90],[92.122,-90],[92.621,-90],[93.121,-90],[93.62,-90],[94.119,-90],[94.619,-90],[95.118,-90],[95.617,-90],[96.117,-90],[96.616,-90],[97.115,-90],[97.614,-90],[98.114,-90],[98.613,-90],[99.112,-90],[99.612,-90],[100.111,-90],[100.61,-90],[101.11,-90],[101.609,-90],[102.108,-90],[102.607,-90],[103.107,-90],[103.606,-90],[104.105,-90],[104.605,-90],[105.104,-90],[105.603,-90],[106.103,-90],[106.602,-90],[107.101,-90],[107.601,-90],[108.1,-90],[108.599,-90],[109.098,-90],[109.598,-90],[110.097,-90],[110.596,-90],[111.096,-90],[111.595,-90],[112.094,-90],[112.594,-90],[113.093,-90],[113.592,-90],[114.092,-90],[114.591,-90],[115.09,-90],[115.589,-90],[116.089,-90],[116.588,-90],[117.087,-90],[117.587,-90],[118.086,-90],[118.585,-90],[119.085,-90],[119.584,-90],[120.083,-90],[120.583,-90],[121.082,-90],[121.581,-90],[122.08,-90],[122.58,-90],[123.079,-90],[123.578,-90],[124.078,-90],[124.577,-90],[125.076,-90],[125.576,-90],[126.075,-90],[126.574,-90],[127.074,-90],[127.573,-90],[128.072,-90],[128.571,-90],[129.071,-90],[129.57,-90],[130.069,-90],[130.569,-90],[131.068,-90],[131.567,-90],[132.067,-90],[132.566,-90],[133.065,-90],[133.564,-90],[134.064,-90],[134.563,-90],[135.062,-90],[135.562,-90],[136.061,-90],[136.56,-90],[137.06,-90],[137.559,-90],[138.058,-90],[138.558,-90],[139.057,-90],[139.556,-90],[140.055,-90],[140.555,-90],[141.054,-90],[141.553,-90],[142.053,-90],[142.552,-90],[143.051,-90],[143.551,-90],[144.05,-90],[144.549,-90],[145.049,-90],[145.548,-90],[146.047,-90],[146.546,-90],[147.046,-90],[147.545,-90],[148.044,-90],[148.544,-90],[149.043,-90],[149.542,-90],[150.042,-90],[150.541,-90],[151.04,-90],[151.54,-90],[152.039,-90],[152.538,-90],[153.037,-90],[153.537,-90],[154.036,-90],[154.535,-90],[155.035,-90],[155.534,-90],[156.033,-90],[156.533,-90],[157.032,-90],[157.531,-90],[158.031,-90],[158.53,-90],[159.029,-90],[159.528,-90],[160.028,-90],[160.527,-90],[161.026,-90],[161.526,-90],[162.025,-90],[162.524,-90],[163.024,-90],[163.523,-90],[164.022,-90],[164.522,-90],[165.021,-90],[165.52,-90],[166.019,-90],[166.519,-90],[167.018,-90],[167.517,-90],[168.017,-90],[168.516,-90],[169.015,-90],[169.515,-90],[170.014,-90],[170.513,-90],[171.012,-90],[171.512,-90],[172.011,-90],[172.51,-90],[173.01,-90],[173.509,-90],[174.008,-90],[174.508,-90],[175.007,-90],[175.506,-90],[176.006,-90],[176.505,-90],[177.004,-90],[177.503,-90],[178.003,-90],[178.502,-90],[179.001,-90],[179.501,-90],[180,-90],[180,-89.501],[180,-89.003],[180,-88.504],[180,-88.006],[180,-87.507],[180,-87.008],[180,-86.51],[180,-86.011],[180,-85.512],[180,-85.014],[180,-84.515],[180,-84.353],[179.75,-84.269],[174.974,-83.831],[173.409,-83.878],[171.193,-83.446],[167.058,-83.226],[168.415,-83.267],[168.623,-83.006],[167.424,-83.026],[165.23,-82.393],[163.28,-82.426],[163.439,-82.545],[160.802,-82.492],[163.917,-82.19],[162.479,-81.689],[161.011,-81.549],[161.454,-81.424],[160.308,-81.38],[160.132,-81.204],[161.142,-81.244],[160.876,-80.915],[159.498,-80.843],[161.346,-80.784],[161.18,-80.638],[159.754,-80.571],[160.99,-80.523],[160.813,-80.395],[158.191,-80.444],[161.471,-79.902],[159.496,-79.82],[160.841,-79.618],[159.875,-79.662],[159.635,-79.526],[161.034,-79.475],[160.387,-79.168],[161.004,-78.934],[162.065,-79.069],[161.553,-78.506],[162.622,-78.945],[163.065,-78.737],[164.41,-78.604],[167.243,-78.648],[165.787,-78.421],[165.494,-78.019],[164.64,-78.326],[163.842,-78.227],[164.544,-77.875],[163.729,-77.879],[164.243,-77.782],[163.44,-77.669],[163.824,-77.431],[163.163,-77.044],[162.302,-76.951],[162.975,-76.79],[162.423,-76.639],[162.884,-76.439],[162.751,-76.235],[162.092,-76.202],[162.9,-75.823],[162.03,-75.574],[162.191,-75.388],[160.582,-75.378],[161.776,-75.189],[162.595,-75.224],[162.364,-74.842],[163.47,-74.342],[163.685,-74.616],[164.341,-74.502],[165.435,-74.629],[164.411,-73.943],[165.309,-74.03],[164.526,-73.33],[165.358,-73.34],[165.199,-73.859],[165.652,-73.914],[166.294,-73.726],[165.825,-73.598],[166.14,-73.482],[166.849,-73.591],[167.929,-73.359],[167.095,-73.252],[166.778,-73.365],[166.341,-72.904],[167.171,-73.153],[168.334,-73.165],[168.394,-72.972],[169.215,-73.276],[169.932,-72.736],[168.316,-72.374],[170.255,-72.603],[170.282,-72.326],[169.885,-72.43],[169.773,-72.22],[170.334,-71.801],[170.585,-72.007],[170.966,-71.835],[170.265,-71.292],[170.183,-71.674],[168.67,-71.183],[167.76,-71.228],[167.878,-71.014],[167.183,-71.031],[167.87,-70.924],[167.701,-70.791],[166.471,-70.766],[166.837,-70.677],[166.369,-70.584],[165.926,-70.684],[164.24,-70.491],[163.895,-70.782],[163.867,-70.627],[163.17,-70.588],[162.595,-70.269],[161.998,-70.438],[162.341,-71.109],[161.933,-70.907],[161.361,-70.901],[160.76,-70.102],[159.878,-69.99],[159.78,-69.875],[160.334,-69.796],[159.773,-69.507],[159.1,-69.513],[157.992,-69.172],[157.568,-69.214],[157.423,-69.437],[157.14,-69.161],[156.35,-69.202],[155.74,-68.944],[155.638,-69.134],[154.795,-68.711],[154.518,-68.804],[154.719,-68.528],[153.878,-68.279],[153.845,-68.76],[153.093,-68.879],[151.924,-68.667],[151.573,-68.693],[151.567,-68.917],[151.025,-68.777],[150.957,-68.343],[150.378,-68.44],[149.736,-68.352],[149.785,-68.487],[149.39,-68.384],[147.03,-68.416],[147.108,-68.294],[146.718,-68.303],[147.065,-68.039],[146.602,-68.178],[146.873,-67.938],[146.41,-67.952],[146.529,-67.77],[146.301,-67.851],[146.048,-67.587],[145.616,-67.737],[145.28,-67.516],[144.249,-67.954],[143.881,-67.934],[144.321,-67.172],[144.662,-67.117],[144.316,-67.003],[144.115,-67.177],[143.751,-67.139],[143.861,-66.92],[143.508,-66.845],[142.477,-67.026],[141.982,-66.8],[139.823,-66.797],[139.678,-66.63],[138.641,-66.523],[138.133,-66.624],[138.142,-66.499],[137.458,-66.345],[136.736,-66.349],[136.657,-66.541],[136.128,-66.236],[135.63,-66.347],[135.343,-66.101],[135.178,-66.331],[134.35,-66.52],[134.109,-66.505],[134.427,-66.311],[133.792,-66.105],[131.758,-66.243],[130.73,-66.147],[129.722,-66.438],[129.065,-67.174],[128.764,-67.026],[128.521,-67.146],[128.075,-67.022],[127.401,-67.068],[127.364,-66.931],[127.081,-67.135],[127.063,-66.849],[126.682,-66.845],[126.57,-66.666],[126.854,-66.449],[126.43,-66.355],[126.372,-66.562],[125.919,-66.303],[124.717,-66.759],[124.015,-66.589],[118.957,-67.422],[118.732,-67.279],[120.402,-66.945],[118.855,-67.187],[118.29,-67.182],[118.428,-67.032],[116.883,-67.137],[116.943,-66.948],[113.704,-67.5],[114.03,-67.191],[115.387,-67.004],[115.781,-66.788],[115.113,-66.478],[114.322,-66.509],[114.43,-66.226],[113.204,-65.765],[110.927,-66.055],[110.489,-66.309],[110.744,-66.715],[110.39,-66.66],[108.859,-66.971],[108.207,-66.627],[107.71,-66.848],[107.779,-66.552],[103.908,-65.979],[102.714,-65.861],[101.336,-65.944],[101.169,-66.029],[101.476,-66.058],[100.5,-66.519],[100.28,-66.431],[99.56,-66.672],[99.53,-66.557],[98.826,-66.91],[98.716,-66.643],[99.069,-66.49],[98.54,-66.623],[98.528,-66.449],[97.695,-66.679],[97.081,-66.492],[95.556,-66.711],[94.917,-66.475],[93.739,-66.747],[93.624,-66.583],[92.76,-66.634],[91.96,-66.498],[91.086,-66.578],[90.399,-66.82],[87.966,-66.77],[85.616,-67.188],[84.439,-67.116],[83.387,-67.447],[83.616,-67.638],[82.059,-67.672],[78.747,-68.262],[78.462,-68.486],[78.67,-68.698],[77.986,-68.82],[77.842,-69.13],[75.82,-69.525],[75.916,-69.783],[75.417,-69.942],[75.275,-69.81],[75.091,-69.937],[74.717,-69.835],[74.303,-69.92],[74.075,-69.713],[73.705,-69.862],[73.406,-69.798],[72.639,-70.16],[72.853,-70.445],[71.727,-70.774],[71.158,-71.456],[71.54,-71.61],[70.447,-71.83],[70.73,-71.946],[69.857,-72.119],[69.559,-72.464],[68.333,-72.507],[67.921,-72.693],[68.022,-73.147],[67.223,-73.312],[66.326,-73.131],[66.977,-72.926],[67.533,-71.797],[68.897,-71.036],[69.257,-70.432],[68.924,-70.305],[68.563,-70.472],[67.976,-70.454],[67.713,-70.275],[67.218,-70.263],[68.177,-69.72],[68.573,-70.021],[69.022,-69.948],[69.207,-69.798],[68.883,-69.741],[69.355,-69.617],[68.733,-69.551],[68.742,-69.389],[69.74,-69.296],[69.304,-69.047],[69.858,-68.872],[69.281,-68.831],[70.18,-68.495],[69.635,-68.122],[69.611,-67.751],[68.377,-67.895],[63.651,-67.503],[62.617,-67.66],[61.273,-67.593],[60.467,-67.37],[59.657,-67.397],[59.513,-67.606],[58.594,-67.299],[59.02,-67.305],[58.916,-67.177],[58.047,-67.225],[58.136,-67.098],[57.594,-66.99],[56.558,-67.11],[56.171,-67.409],[56.153,-67.196],[55.762,-67.208],[56.367,-67.01],[56.272,-66.876],[56.707,-66.9],[55.992,-66.586],[57.015,-66.729],[57.287,-66.604],[56.808,-66.405],[56.399,-66.463],[55.612,-66.028],[53.79,-65.845],[51.772,-66.037],[50.241,-66.475],[50.286,-66.769],[50.83,-66.775],[50.428,-66.963],[50.881,-67.216],[50.148,-67.115],[49.698,-67.289],[49.883,-67.078],[49.16,-67.001],[49.216,-66.819],[48.361,-67.016],[48.476,-67.188],[49.405,-67.223],[48.582,-67.475],[48.383,-68.023],[48.171,-67.889],[48.455,-67.73],[47.911,-67.649],[47.359,-67.773],[47.634,-67.66],[47.094,-67.705],[47.327,-67.567],[46.92,-67.507],[47.441,-67.409],[46.48,-67.275],[46.402,-67.745],[46.217,-67.653],[45.583,-67.824],[45.404,-67.695],[44.973,-67.731],[44.63,-68.009],[42.829,-68.096],[42.536,-68.38],[39.858,-68.83],[39.779,-69.611],[38.804,-69.988],[39.016,-70.198],[38.22,-70.024],[38.241,-69.767],[37.786,-69.682],[37.036,-69.887],[36.706,-69.63],[35.244,-69.736],[35.126,-69.26],[34.62,-69.071],[33.604,-69.052],[34.301,-68.688],[33.216,-68.67],[32.506,-68.903],[33.001,-69.505],[32.745,-70.013],[29.841,-70.311],[27.225,-70.839],[27.275,-70.99],[24.968,-70.945],[24.319,-70.74],[24.109,-70.409],[23.752,-70.403],[23.293,-70.821],[22.327,-70.759],[21.826,-70.655],[22.579,-70.54],[21.746,-70.226],[21.201,-70.812],[19.567,-70.946],[18.931,-70.736],[19.297,-70.368],[18.942,-70.171],[18.253,-70.326],[18.498,-70.503],[18.094,-70.542],[16.505,-70.454],[16.577,-70.131],[15.963,-70.19],[15.827,-70.378],[13.849,-70.348],[12.969,-70.046],[12.445,-70.07],[13.041,-70.234],[12.322,-70.37],[11.823,-70.783],[9.979,-70.454],[9.294,-70.079],[8.898,-70.185],[9.137,-70.375],[8.443,-70.482],[7.93,-70.472],[7.894,-70.177],[7.479,-70.19],[7.668,-70.518],[5.021,-70.637],[2.52,-70.901],[0.547,-71.262],[-0.518,-71.765],[-1.138,-71.255],[-1.395,-71.443],[-2.107,-71.485],[-2.677,-71.257],[-3.29,-71.287],[-3.492,-71.523],[-3.937,-71.294],[-6.15,-71.366],[-5.567,-70.842],[-6.014,-70.68],[-6.618,-70.924],[-7.284,-70.791],[-7.912,-70.844],[-7.589,-71.612],[-8.163,-71.577],[-8.41,-71.73],[-9.127,-71.416],[-9.055,-71.207],[-10.07,-70.912],[-10.45,-70.991],[-9.989,-71.119],[-10.653,-71.325],[-10.758,-71.577],[-11.66,-71.276],[-12.349,-71.356],[-12.15,-71.636],[-10.847,-71.781],[-11.388,-72.418],[-13.379,-72.836],[-14.391,-72.713],[-13.936,-73.114],[-15.567,-73.079],[-16.438,-73.413],[-16.583,-73.686],[-15.826,-73.789],[-16.517,-73.885],[-14.362,-73.858],[-15.196,-74.361],[-17.571,-74.37],[-18.865,-75.229],[-18.251,-75.46],[-20.399,-75.472],[-21.27,-75.714],[-22.533,-75.642],[-25.948,-75.933],[-29.34,-76.44],[-31.915,-77.151],[-33.721,-77.311],[-34.712,-77.629],[-34.5,-77.852],[-35.313,-77.844],[-36.013,-78.211],[-36.251,-78.852],[-32.82,-79.244],[-30.239,-79.034],[-30.525,-79.286],[-29.541,-79.28],[-30.673,-79.588],[-24.256,-79.715],[-22.532,-79.917],[-29.761,-80.176],[-31.319,-80.309],[-30.35,-80.5],[-32.031,-80.435],[-33.465,-80.498],[-33.476,-80.615],[-35.358,-80.615],[-37.23,-81.089],[-38.791,-80.86],[-41.047,-81.181],[-44.011,-82.391],[-44.137,-82.245],[-46.054,-82.555],[-46.279,-81.91],[-47.256,-82.072],[-48.38,-81.89],[-51.731,-82.063]]],[[[167.664,-78.127],[167.512,-77.992],[166.796,-78.212],[166.093,-78.083],[166.141,-78.287],[167.664,-78.127]]],[[[163.803,-74.69],[163.963,-74.866],[164.302,-74.553],[163.803,-74.69]]],[[[164.84,-67.339],[164.657,-67.261],[164.704,-67.569],[164.84,-67.339]]],[[[-59.287,-80.21],[-59.799,-79.774],[-60.487,-79.738],[-60.077,-79.656],[-61.523,-79.893],[-61.75,-80.368],[-65.918,-80.395],[-66.24,-80.194],[-66.805,-80.329],[-64.285,-80.751],[-63.141,-80.592],[-62.522,-80.865],[-60.653,-80.96],[-59.287,-80.21]]],[[[-66.149,-79.628],[-67.828,-79.546],[-66.223,-80.086],[-65.45,-79.952],[-65.554,-79.777],[-66.701,-79.668],[-66.149,-79.628]]],[[[-68.233,-79.286],[-67.469,-79.308],[-68.55,-79.443],[-67.423,-79.501],[-67.059,-79.261],[-68.233,-79.286]]],[[[-33.916,-79.313],[-35.503,-79.09],[-36.59,-79.276],[-36.938,-79.181],[-36.726,-79.298],[-33.916,-79.313]]],[[[-66.734,-78.442],[-66.731,-78.321],[-67.578,-78.372],[-70.593,-78.886],[-71.688,-79.26],[-71.444,-79.653],[-69.647,-79.604],[-69.296,-79.218],[-66.734,-78.442]]],[[[-52.519,-80.2],[-52.352,-80.053],[-52.89,-80.177],[-53.407,-80.108],[-54.162,-80.877],[-49.798,-80.791],[-43.532,-80.2],[-43.134,-79.182],[-43.739,-78.801],[-45.37,-78.786],[-43.92,-78.596],[-43.769,-78.274],[-45.934,-77.817],[-47.223,-77.773],[-49.111,-78.053],[-50.367,-78.691],[-50.264,-79.536],[-52.519,-80.2]]],[[[-20.367,-74.425],[-20.64,-73.588],[-21.145,-73.95],[-22.04,-74.106],[-21.299,-74.106],[-20.807,-74.475],[-20.367,-74.425]]],[[[-73.887,-73.12],[-74.036,-73.407],[-73.523,-73.13],[-73.887,-73.12]]],[[[-104.687,-73.097],[-105.014,-72.941],[-104.747,-73.219],[-104.687,-73.097]]],[[[-89.892,-72.885],[-90.219,-73.084],[-89.331,-72.928],[-89.892,-72.885]]],[[[-74.847,-72.867],[-75.776,-72.894],[-75.038,-73.041],[-76.126,-73.159],[-74.593,-73.615],[-74.758,-73.303],[-74.219,-72.991],[-74.847,-72.867]]],[[[-90.902,-72.82],[-90.915,-72.562],[-91.687,-72.61],[-91.39,-73.213],[-90.819,-73.036],[-90.902,-72.82]]],[[[-94.491,-72.522],[-95.274,-72.652],[-94.505,-72.633],[-94.491,-72.522]]],[[[-16.186,-72.591],[-16.391,-72.454],[-16.296,-72.708],[-16.186,-72.591]]],[[[-12.659,-72.059],[-12.967,-72.056],[-12.654,-72.199],[-12.659,-72.059]]],[[[-95.499,-72.316],[-96.416,-72.29],[-95.59,-72.194],[-95.658,-72.048],[-97,-72.214],[-96.139,-72.014],[-96.36,-71.835],[-96.99,-71.847],[-97.394,-72.208],[-97.603,-71.888],[-97.764,-72.143],[-98.353,-72.156],[-97.982,-71.86],[-98.532,-71.757],[-99.153,-71.916],[-98.686,-72.107],[-99.499,-71.93],[-99.861,-72.049],[-100.452,-71.998],[-99.993,-71.933],[-100.133,-71.822],[-102.324,-72.064],[-99.186,-72.375],[-99.397,-72.498],[-98.535,-72.464],[-98.58,-72.573],[-96.055,-72.584],[-95.499,-72.316]]],[[[-74.913,-71.023],[-73.559,-70.75],[-73.884,-70.571],[-74.463,-70.577],[-74.596,-70.794],[-74.954,-70.585],[-75.2,-70.777],[-76.543,-70.966],[-76.13,-71.138],[-74.913,-71.023]]],[[[-60.435,-70.597],[-60.969,-70.548],[-60.813,-70.715],[-60.435,-70.597]]],[[[-3.43,-70.539],[-2.747,-70.512],[-2.719,-70.314],[-3.26,-70.331],[-3.43,-70.539]]],[[[-71.711,-70.43],[-71.409,-70.266],[-71.817,-70.296],[-71.711,-70.43]]],[[[-75.484,-70.134],[-74.618,-70.114],[-74.402,-69.947],[-74.787,-69.736],[-75.726,-69.891],[-75.484,-70.134]]],[[[-72.846,-69.586],[-71.97,-69.752],[-72.662,-69.416],[-72.846,-69.586]]],[[[-61.755,-69.454],[-62.534,-69.159],[-62.095,-69.73],[-61.755,-69.454]]],[[[-71.46,-72.629],[-69.218,-72.543],[-68.436,-72.241],[-68.161,-71.606],[-68.466,-70.615],[-70.435,-68.78],[-72.013,-68.956],[-72.199,-69.098],[-71.616,-69.455],[-71.784,-70.042],[-71.059,-70.224],[-70.196,-70.14],[-69.588,-70.393],[-70.118,-70.33],[-70.999,-70.466],[-71.267,-70.68],[-69.787,-70.853],[-69.838,-71.152],[-70.411,-70.945],[-71.344,-70.966],[-71.69,-71.159],[-72.786,-71.063],[-73.125,-71.144],[-72.189,-71.373],[-73.585,-71.323],[-73.459,-71.595],[-74.222,-71.382],[-74.29,-71.658],[-75.016,-71.527],[-75.414,-71.661],[-75.356,-71.924],[-74.121,-72.172],[-73.501,-72.012],[-73.879,-71.864],[-72.859,-71.921],[-72.339,-71.613],[-71.83,-71.899],[-70.857,-71.846],[-70.77,-71.99],[-72.055,-72.158],[-71.367,-72.288],[-70.458,-72.14],[-70.183,-72.274],[-70.71,-72.396],[-72.677,-72.271],[-73.164,-72.431],[-72.408,-72.674],[-71.46,-72.629]]],[[[-67.288,-67.73],[-67.184,-67.6],[-67.766,-67.668],[-67.288,-67.73]]],[[[-69.109,-67.626],[-68.575,-67.744],[-67.974,-67.468],[-68.251,-67.369],[-67.677,-67.148],[-68.026,-66.941],[-67.741,-66.624],[-68.378,-66.821],[-69.109,-67.626]]],[[[-66.773,-66.138],[-66.889,-66.326],[-66.578,-66.072],[-66.773,-66.138]]],[[[-66.19,-65.824],[-65.814,-65.84],[-65.625,-65.535],[-65.96,-65.553],[-66.19,-65.824]]],[[[-63.278,-64.806],[-63.177,-64.713],[-63.594,-64.907],[-63.278,-64.806]]],[[[-57.315,-64.436],[-57.305,-64.575],[-56.878,-64.336],[-57.315,-64.436]]],[[[-62.906,-64.521],[-63.27,-64.581],[-63.153,-64.292],[-63.575,-64.265],[-64.301,-64.7],[-63.682,-64.853],[-62.906,-64.521]]],[[[-62.657,-64.503],[-62.049,-64.214],[-62.315,-64.016],[-62.572,-64.052],[-62.657,-64.503]]],[[[-57.513,-64.341],[-57.07,-64.16],[-57.4,-64.146],[-57.155,-64.085],[-57.494,-63.926],[-57.864,-64.067],[-57.927,-63.8],[-58.461,-64.129],[-58.131,-64.102],[-58.215,-64.385],[-57.513,-64.341]]],[[[-60.887,-63.859],[-60.553,-63.699],[-60.802,-63.666],[-60.887,-63.859]]],[[[-55.72,-63.475],[-56.24,-63.479],[-55.965,-63.581],[-55.72,-63.475]]],[[[-61.952,-63.312],[-62.203,-63.237],[-62.278,-63.352],[-61.952,-63.312]]],[[[-55.159,-63.204],[-55.975,-63.147],[-56.554,-63.367],[-55.173,-63.358],[-55.159,-63.204]]],[[[-56.546,-63.099],[-56.274,-63.178],[-56.048,-63.017],[-56.477,-62.977],[-56.546,-63.099]]],[[[-61.16,-62.663],[-60.379,-62.61],[-60.291,-62.758],[-59.803,-62.611],[-60.129,-62.46],[-60.491,-62.577],[-60.802,-62.469],[-61.16,-62.663]]],[[[-59.746,-62.545],[-59.554,-62.501],[-59.996,-62.453],[-59.746,-62.545]]],[[[-58.467,-62.16],[-57.59,-62.025],[-57.656,-61.917],[-58.434,-61.937],[-59.011,-62.22],[-58.467,-62.16]]],[[[-54.036,-61.246],[-54.057,-61.127],[-54.227,-61.27],[-54.036,-61.246]]],[[[-55.078,-61.093],[-55.449,-61.115],[-55.247,-61.267],[-54.652,-61.107],[-55.078,-61.093]]],[[[-46.007,-60.613],[-45.141,-60.736],[-45.477,-60.546],[-46.007,-60.613]]],[[[-162.34,-82.924],[-163.811,-82.847],[-162.402,-83.148],[-161.576,-83.024],[-162.34,-82.924]]],[[[-158.347,-81.901],[-159.003,-81.78],[-158.067,-82.102],[-158.347,-81.901]]],[[[-160.571,-81.599],[-161.599,-81.386],[-163.851,-81.319],[-163.729,-81.482],[-160.571,-81.599]]],[[[-29.618,-79.911],[-30.797,-79.65],[-30.291,-79.853],[-32.024,-79.65],[-31.542,-79.899],[-30.366,-80.018],[-30.095,-79.856],[-29.618,-79.911]]],[[[-159.842,-79.349],[-162.144,-78.792],[-163.243,-78.706],[-164.246,-79.043],[-163.937,-79.412],[-160.713,-79.855],[-159.07,-79.819],[-159.842,-79.349]]],[[[169.273,-77.455],[167.568,-77.413],[166.524,-77.183],[166.166,-77.535],[166.896,-77.676],[166.665,-77.858],[167.408,-77.644],[168.873,-77.64],[169.273,-77.455]]],[[[-148.534,-76.95],[-149.305,-76.912],[-148.94,-77.028],[-148.534,-76.95]]],[[[-149.729,-77.129],[-149.224,-77.118],[-149.773,-76.894],[-150.456,-76.885],[-150.783,-77.007],[-149.729,-77.129]]],[[[-146.165,-76.931],[-147.126,-76.839],[-147.031,-77.005],[-146.165,-76.931]]],[[[-146.81,-76.596],[-147.298,-76.517],[-146.951,-76.717],[-146.81,-76.596]]],[[[-147.46,-76.098],[-146.709,-76.293],[-146.908,-76.107],[-147.46,-76.098]]],[[[-145.44,-75.58],[-146.16,-75.57],[-145.273,-75.719],[-145.44,-75.58]]],[[[-130.92,-74.444],[-131.684,-74.32],[-132.181,-74.424],[-131.206,-74.607],[-130.92,-74.444]]],[[[-127.128,-74.469],[-128.175,-74.305],[-127.552,-74.644],[-127.128,-74.469]]],[[[-116.141,-73.903],[-117.332,-74.174],[-116.599,-74.142],[-116.141,-73.903]]],[[[-119.821,-74.121],[-119.004,-73.984],[-118.974,-73.805],[-119.904,-73.825],[-119.821,-74.121]]],[[[-120.261,-73.928],[-120.735,-73.879],[-120.54,-73.753],[-122.272,-73.682],[-123.12,-73.683],[-123.35,-73.836],[-122.327,-73.916],[-123.028,-74.248],[-122.243,-74.413],[-121.099,-74.348],[-120.261,-73.928]]],[[[169.962,-73.514],[169.752,-73.32],[169.459,-73.555],[169.962,-73.514]]],[[[-127.473,-73.55],[-127.229,-73.733],[-126.547,-73.67],[-125.203,-74.163],[-123.833,-74.231],[-124.534,-73.728],[-124.992,-73.882],[-125.865,-73.781],[-125.213,-73.64],[-126.104,-73.296],[-127.149,-73.277],[-127.473,-73.55]]],[[[-3.228,-71.053],[-3.338,-71.193],[-2.945,-71.225],[-3.228,-71.053]]],[[[-2.718,-70.82],[-2.618,-70.698],[-3.571,-70.693],[-2.667,-70.994],[-2.734,-71.171],[-2.081,-70.826],[-2.718,-70.82]]],[[[-5.94,-70.423],[-6.454,-70.444],[-6.15,-70.615],[-5.94,-70.423]]],[[[72.2,-70.607],[71.761,-70.264],[71.787,-70.608],[72.2,-70.607]]],[[[4.049,-70.303],[4.467,-70.501],[4.574,-70.276],[4.049,-70.303]]],[[[26.766,-70.224],[26.327,-70.067],[25.988,-70.368],[26.818,-70.424],[26.766,-70.224]]],[[[1.411,-70.04],[0.94,-70.105],[1.164,-70.417],[1.411,-70.04]]],[[[16.247,-69.706],[15.555,-69.873],[16.122,-70.073],[16.637,-69.743],[16.247,-69.706]]],[[[85.659,-66.744],[85.259,-66.766],[85.613,-66.987],[85.941,-66.89],[85.659,-66.744]]],[[[96.917,-66.054],[96.297,-66.184],[96.908,-66.211],[96.917,-66.054]]],[[[100.798,-65.777],[100.4,-65.855],[100.963,-65.865],[100.798,-65.777]]],[[[92.496,-65.703],[92.299,-65.803],[92.669,-65.785],[92.496,-65.703]]],[[[100.566,-65.403],[100.298,-65.659],[100.967,-65.683],[101.252,-65.494],[100.566,-65.403]]]]}},{"type":"Feature","properties":{"id":"ATC"},"geometry":{"type":"Polygon","coordinates":[[[123.597,-12.428],[123.576,-12.437],[123.598,-12.439],[123.597,-12.428]]]}},{"type":"Feature","properties":{"id":"ATF"},"geometry":{"type":"MultiPolygon","coordinates":[[[[69.192,-48.987],[69.311,-49.069],[69.37,-48.884],[69.192,-48.987]]],[[[70.549,-49.183],[70.336,-49.054],[69.802,-49.288],[69.411,-49.275],[69.534,-49.247],[69.381,-49.183],[69.472,-49.152],[69.282,-49.184],[69.4,-49.114],[69.644,-49.124],[69.59,-48.953],[69.452,-49.089],[69.215,-49.121],[69.106,-48.993],[69,-49.09],[69.189,-48.773],[68.908,-48.894],[69.016,-48.655],[68.792,-48.846],[68.749,-49.077],[68.931,-49.145],[68.764,-49.189],[68.924,-49.288],[68.764,-49.675],[69.026,-49.71],[69.227,-49.488],[69.47,-49.631],[69.664,-49.665],[69.739,-49.499],[69.856,-49.679],[70.244,-49.685],[70.296,-49.53],[70.049,-49.52],[70.137,-49.618],[69.692,-49.404],[70.466,-49.439],[70.312,-49.379],[70.549,-49.183]]]]}},{"type":"Feature","properties":{"id":"ATG"},"geometry":{"type":"MultiPolygon","coordinates":[[[[-61.884,17.049],[-61.668,17.079],[-61.825,17.169],[-61.884,17.049]]],[[[-61.839,17.593],[-61.73,17.573],[-61.838,17.728],[-61.839,17.593]]]]}},{"type":"Feature","properties":{"id":"AUS"},"geometry":{"type":"MultiPolygon","coordinates":[[[[131.536,-31.606],[132.234,-32.033],[132.776,-31.951],[133.271,-32.219],[133.649,-32.102],[133.95,-32.389],[133.864,-32.547],[134.148,-32.457],[134.298,-32.678],[134.214,-32.806],[134.074,-32.714],[134.069,-32.929],[134.334,-33.205],[134.706,-33.173],[134.841,-33.631],[135.26,-33.998],[135.504,-34.612],[135.21,-34.432],[135.108,-34.596],[135.965,-35.008],[136.016,-34.744],[135.799,-34.805],[135.937,-34.535],[136.101,-34.535],[136.607,-33.903],[137.225,-33.653],[137.452,-33.14],[137.778,-32.983],[137.774,-32.52],[138.04,-33.082],[137.81,-33.26],[137.931,-33.616],[137.452,-34.156],[137.446,-34.917],[137.02,-34.901],[136.874,-35.295],[137.75,-35.131],[138.078,-34.128],[138.551,-34.782],[138.438,-35.343],[138.107,-35.621],[138.531,-35.646],[138.993,-35.548],[138.794,-35.484],[139.031,-35.518],[138.961,-35.414],[139.178,-35.315],[139.363,-35.377],[139.219,-35.507],[139.338,-35.687],[139.155,-35.503],[139.041,-35.604],[139.475,-35.896],[139.672,-36.228],[139.565,-36.05],[139.448,-35.927],[138.918,-35.577],[139.567,-36.075],[139.857,-36.635],[139.672,-36.953],[139.742,-37.181],[140.398,-37.92],[141.134,-38.128],[141.558,-38.44],[141.762,-38.262],[142.502,-38.374],[143.537,-38.858],[144.402,-38.301],[144.653,-38.286],[144.705,-38.146],[144.373,-38.118],[144.935,-37.868],[145.119,-38.159],[144.983,-38.341],[144.677,-38.333],[144.945,-38.51],[145.464,-38.235],[145.557,-38.385],[145.373,-38.537],[145.809,-38.65],[145.921,-38.907],[146.182,-38.868],[146.394,-39.145],[146.477,-38.81],[146.286,-38.91],[146.224,-38.714],[146.848,-38.685],[147.758,-37.985],[148.306,-37.823],[149.491,-37.783],[149.718,-37.516],[149.985,-37.496],[150.054,-37.269],[149.876,-37.096],[150.191,-35.727],[150.554,-35.214],[150.759,-35.179],[150.696,-35.026],[150.845,-35.077],[150.727,-34.874],[150.917,-34.603],[150.801,-34.548],[151.231,-34.04],[151.095,-34.014],[151.281,-33.952],[151.231,-33.535],[151.424,-33.528],[151.799,-32.894],[152.54,-32.442],[152.546,-32.044],[152.935,-31.483],[153.043,-30.494],[153.631,-28.662],[153.446,-27.791],[153.038,-27.193],[153.21,-27.077],[153.074,-26.317],[153.206,-25.935],[153.062,-25.818],[153.021,-25.969],[152.884,-25.674],[152.914,-25.288],[152.568,-25.179],[152.47,-24.806],[152.123,-24.592],[151.78,-24.023],[151.551,-24.091],[150.814,-23.509],[150.826,-22.698],[150.678,-22.358],[150.544,-22.367],[150.609,-22.611],[150.054,-22.142],[149.924,-22.298],[150.047,-22.645],[149.813,-22.378],[149.663,-22.494],[149.435,-21.79],[149.487,-21.536],[149.292,-21.511],[149.231,-21.09],[149.056,-20.899],[148.827,-20.891],[148.66,-20.572],[148.701,-20.439],[148.937,-20.535],[148.782,-20.241],[148.56,-20.053],[148.402,-20.198],[148.279,-19.966],[147.929,-19.898],[147.824,-19.714],[147.684,-19.828],[147.402,-19.304],[147.421,-19.413],[147.134,-19.411],[147.024,-19.177],[146.905,-19.305],[146.333,-18.959],[146.339,-18.527],[146.209,-18.513],[146.01,-18.236],[146.148,-17.633],[145.882,-17.06],[145.955,-16.873],[145.774,-16.988],[145.4,-16.443],[145.462,-16.06],[145.244,-15.428],[145.346,-14.943],[144.678,-14.556],[144.486,-14.162],[143.941,-14.511],[143.783,-14.402],[143.53,-13.75],[143.544,-12.833],[143.359,-12.881],[143.434,-12.613],[143.077,-12.329],[143.249,-11.968],[142.862,-11.837],[142.872,-11.383],[142.742,-10.975],[142.591,-10.865],[142.502,-10.948],[142.546,-10.688],[142.151,-10.951],[141.948,-11.896],[142.033,-12.041],[141.831,-12.006],[141.591,-12.541],[141.745,-12.455],[142.008,-12.715],[141.939,-12.908],[141.81,-12.668],[141.584,-12.986],[141.694,-13.251],[141.468,-13.865],[141.666,-15.011],[141.431,-16.062],[140.845,-17.441],[140.523,-17.63],[140,-17.706],[139.274,-17.348],[139.008,-16.895],[138.184,-16.697],[137.746,-16.252],[136.992,-15.864],[136.716,-15.936],[136.225,-15.409],[135.448,-14.916],[135.368,-14.723],[135.909,-14.195],[136.078,-13.663],[135.887,-13.714],[135.883,-13.326],[136.008,-13.216],[136.053,-13.312],[136.148,-13.122],[136.159,-13.263],[136.333,-13.047],[136.322,-13.308],[136.472,-13.242],[136.497,-12.975],[136.657,-12.996],[136.472,-12.774],[136.611,-12.83],[136.74,-12.476],[136.984,-12.345],[136.761,-12.164],[136.664,-12.264],[136.47,-11.986],[136.572,-11.896],[136.177,-12.171],[136.363,-12.223],[136.285,-12.416],[136.034,-12.466],[136.06,-12.232],[135.935,-12.214],[136.053,-12.064],[135.732,-12.311],[135.652,-12.203],[135.916,-11.968],[135.717,-12.003],[135.9,-11.759],[135.218,-12.301],[134.769,-11.948],[134.186,-12.076],[134.138,-11.879],[133.844,-11.855],[133.916,-11.722],[133.532,-11.866],[133.532,-11.749],[133.167,-11.704],[132.911,-11.332],[132.674,-11.508],[132.343,-11.122],[132.285,-11.268],[132.148,-11.137],[132.175,-11.406],[131.986,-11.129],[131.768,-11.311],[132.106,-11.523],[132.495,-11.476],[132.696,-11.653],[132.593,-11.784],[132.758,-12.133],[132.44,-12.155],[132.388,-12.38],[132.251,-12.156],[132.058,-12.307],[131.448,-12.29],[131.296,-12.044],[131.257,-12.236],[131.026,-12.147],[131.051,-12.373],[130.825,-12.401],[130.969,-12.537],[130.874,-12.514],[130.9,-12.64],[130.784,-12.435],[130.578,-12.401],[130.56,-12.628],[130.693,-12.701],[130.586,-12.709],[130.507,-12.596],[130.319,-12.906],[130.13,-12.941],[130.123,-13.165],[130.332,-13.346],[129.969,-13.53],[129.891,-13.438],[129.736,-13.992],[129.482,-14.052],[129.373,-14.329],[129.535,-14.545],[129.789,-14.532],[129.588,-14.613],[129.763,-14.82],[129.993,-14.725],[129.982,-14.806],[129.649,-14.833],[129.727,-15.194],[129.229,-14.837],[129.153,-15.224],[129.102,-14.905],[128.532,-14.753],[128.388,-14.803],[128.45,-15.043],[128.313,-14.905],[128.196,-15.057],[128.289,-15.402],[128.125,-15.182],[128.024,-15.497],[128.231,-14.718],[127.418,-13.942],[127.13,-13.968],[126.864,-13.743],[126.604,-14.23],[126.453,-14.078],[126.528,-13.929],[126.289,-14.23],[126.22,-13.956],[126.02,-13.921],[126.096,-14.025],[125.992,-14.071],[126.152,-14.134],[126.035,-14.519],[125.909,-14.639],[125.72,-14.401],[125.638,-14.635],[125.733,-14.271],[125.606,-14.229],[125.589,-14.545],[125.494,-14.491],[125.439,-14.639],[125.348,-14.499],[125.136,-14.736],[125.432,-15.138],[125.165,-15.011],[125.165,-15.162],[125.072,-14.969],[124.842,-15.141],[124.87,-15.25],[125.055,-15.162],[124.885,-15.297],[125.144,-15.313],[125.185,-15.518],[124.664,-15.25],[124.683,-15.474],[124.376,-15.525],[124.486,-15.998],[124.733,-15.807],[124.596,-16.115],[124.434,-16.058],[124.402,-16.329],[124.904,-16.402],[124.223,-16.396],[123.911,-16.217],[123.993,-16.378],[123.863,-16.43],[123.774,-16.163],[123.564,-16.185],[123.712,-16.43],[123.424,-16.491],[123.609,-16.546],[123.51,-16.654],[123.792,-16.891],[123.953,-16.829],[123.795,-17],[123.913,-17.216],[123.595,-16.985],[123.578,-17.591],[123.132,-16.686],[122.981,-16.625],[123.007,-16.374],[122.762,-16.594],[122.821,-16.78],[122.582,-16.78],[122.595,-16.971],[122.276,-17.089],[122.149,-17.341],[122.17,-17.978],[122.363,-18.088],[121.811,-18.463],[121.128,-19.521],[119.59,-20.066],[119.095,-19.967],[118.806,-20.281],[118.151,-20.356],[117.736,-20.658],[117.354,-20.728],[117.154,-20.596],[116.855,-20.712],[116.791,-20.535],[116.196,-20.847],[115.479,-21.501],[114.647,-21.843],[114.337,-22.494],[114.122,-22.504],[114.172,-21.803],[114.011,-21.86],[113.647,-22.578],[113.807,-22.931],[113.769,-23.458],[113.46,-23.91],[113.391,-24.414],[113.692,-25.105],[114.259,-25.842],[114.234,-26.317],[114.022,-26.391],[113.855,-25.944],[113.728,-26.197],[113.757,-25.885],[113.515,-25.509],[113.421,-25.728],[113.577,-26.089],[113.885,-26.343],[113.87,-26.522],[113.67,-26.653],[113.625,-26.44],[113.566,-26.565],[113.363,-26.013],[113.384,-26.383],[113.306,-25.997],[113.276,-26.235],[113.157,-26.152],[114.013,-27.315],[114.166,-28.107],[114.842,-29.109],[115.061,-30.522],[115.701,-31.691],[115.71,-33.271],[115.367,-33.631],[114.989,-33.521],[115.119,-34.363],[115.508,-34.387],[115.979,-34.836],[116.388,-34.858],[116.638,-35.05],[117.933,-35.12],[117.835,-35.031],[118.199,-35.017],[118.84,-34.453],[119.23,-34.532],[119.559,-34.384],[119.572,-34.142],[120.002,-33.926],[121.334,-33.815],[122.006,-33.821],[122.095,-34.019],[123.023,-33.861],[123.155,-34.009],[123.527,-33.939],[123.952,-33.567],[124.201,-33.038],[126.008,-32.273],[127.289,-32.273],[129.2,-31.656],[130.79,-31.608],[131.135,-31.475],[131.536,-31.606]]],[[[147.999,-43.23],[147.889,-42.545],[148.181,-41.947],[148.364,-42.204],[148.209,-40.841],[147.984,-40.736],[147.445,-41.008],[146.838,-41.04],[146.937,-41.165],[146.744,-41.066],[146.354,-41.168],[145.269,-40.72],[145.119,-40.821],[144.721,-40.64],[144.606,-40.997],[144.75,-41.414],[145.229,-42.196],[145.558,-42.342],[145.472,-42.513],[145.189,-42.196],[145.265,-42.604],[145.832,-43.293],[145.917,-43.196],[146.23,-43.32],[145.943,-43.365],[146.024,-43.553],[146.555,-43.469],[146.927,-43.612],[147.1,-43.299],[146.973,-43.131],[147.258,-43.254],[147.284,-42.779],[147.436,-43.046],[147.534,-42.837],[147.84,-42.902],[147.887,-43.034],[147.693,-42.936],[147.627,-43.043],[147.792,-43.244],[147.883,-43.132],[147.999,-43.23]]],[[[147.337,-43.34],[147.091,-43.411],[147.149,-43.501],[147.316,-43.501],[147.337,-43.34]]],[[[148.43,-40.373],[147.999,-40.418],[148.341,-40.504],[148.43,-40.373]]],[[[148.015,-40.151],[148.124,-40.271],[148.327,-40.223],[148.299,-39.962],[147.953,-39.712],[147.758,-39.879],[148.015,-40.151]]],[[[144.105,-39.893],[143.945,-39.579],[143.903,-40.126],[144.105,-39.893]]],[[[138.13,-35.816],[137.335,-35.583],[136.598,-35.758],[136.533,-35.912],[136.716,-36.063],[137.228,-35.98],[137.459,-36.083],[137.629,-35.91],[138.13,-35.816]]],[[[113.217,-26.068],[112.959,-25.483],[112.954,-25.773],[113.217,-26.068]]],[[[153.37,-24.989],[153.281,-24.694],[153.137,-24.817],[153.226,-25.028],[153.014,-25.212],[153.055,-25.797],[153.37,-24.989]]],[[[151.27,-23.666],[151.239,-23.489],[150.98,-23.487],[151.214,-23.778],[151.27,-23.666]]],[[[149.067,-20.315],[148.985,-20.151],[148.927,-20.287],[149.067,-20.315]]],[[[146.319,-18.383],[146.302,-18.237],[146.097,-18.245],[146.223,-18.466],[146.319,-18.383]]],[[[139.734,-16.443],[139.288,-16.471],[139.145,-16.756],[139.734,-16.443]]],[[[137.078,-15.751],[136.995,-15.593],[136.935,-15.721],[137.073,-15.847],[137.078,-15.751]]],[[[124.576,-15.333],[124.459,-15.361],[124.65,-15.395],[124.576,-15.333]]],[[[136.287,-13.706],[136.117,-13.817],[136.236,-13.847],[136.287,-13.706]]],[[[136.952,-14.182],[136.705,-14.127],[136.903,-13.758],[136.732,-13.84],[136.718,-13.648],[136.41,-13.819],[136.324,-14.23],[136.903,-14.299],[136.952,-14.182]]],[[[130.537,-11.705],[130.448,-11.701],[130.345,-11.317],[130.017,-11.777],[130.628,-11.805],[130.537,-11.705]]],[[[131.537,-11.413],[131.274,-11.19],[131.219,-11.4],[131.153,-11.249],[131.023,-11.413],[130.921,-11.309],[130.696,-11.434],[130.367,-11.204],[130.497,-11.65],[130.961,-11.934],[131.474,-11.6],[131.537,-11.413]]],[[[132.489,-11.16],[132.599,-11.345],[132.599,-10.968],[132.489,-11.16]]],[[[142.255,-10.667],[142.112,-10.684],[142.187,-10.77],[142.255,-10.667]]]]}},{"type":"Feature","properties":{"id":"AUT"},"geometry":{"type":"Polygon","coordinates":[[[16.945,48.604],[16.624,48.783],[16.085,48.743],[15.004,49.01],[14.676,48.576],[14.075,48.592],[13.816,48.766],[13.717,48.522],[13.455,48.573],[13.406,48.377],[12.739,48.113],[13.072,47.659],[13.002,47.466],[12.762,47.667],[12.242,47.732],[12.174,47.605],[11.62,47.59],[11.237,47.394],[10.429,47.577],[10.428,47.396],[10.16,47.271],[9.946,47.541],[9.547,47.535],[9.521,47.263],[9.581,47.057],[10.111,46.847],[10.379,46.996],[10.454,46.864],[10.997,46.769],[11.174,46.964],[12.181,47.085],[12.127,46.909],[12.405,46.69],[13.701,46.52],[14.54,46.379],[15.062,46.65],[16.017,46.671],[16.094,46.863],[16.486,46.999],[16.434,47.397],[16.689,47.538],[16.408,47.661],[17.075,47.708],[17.148,48.005],[16.844,48.366],[16.945,48.604]]]}},{"type":"Feature","properties":{"id":"AZE"},"geometry":{"type":"MultiPolygon","coordinates":[[[[45.002,41.29],[45.2,41.143],[45.07,41.062],[45.599,40.863],[45.374,40.675],[45.526,40.441],[45.979,40.224],[45.874,40.01],[45.579,39.97],[46.184,39.593],[46.524,39.555],[46.361,39.41],[46.603,39.215],[46.395,39.195],[46.514,38.882],[47.957,39.707],[48.339,39.379],[48.106,39.269],[48.301,39.017],[48.013,38.822],[48.608,38.396],[48.874,38.434],[48.962,39.176],[49.148,39.083],[49.079,38.963],[49.203,39.034],[49.273,39.337],[49.407,39.289],[49.285,39.522],[49.493,40.154],[49.893,40.369],[50.391,40.235],[50.238,40.496],[49.539,40.654],[48.579,41.845],[47.744,41.193],[47.268,41.303],[46.741,41.851],[46.431,41.89],[46.18,41.655],[46.688,41.284],[46.497,41.045],[45.465,41.43],[45.002,41.29]]],[[[46.136,38.864],[45.788,39.549],[45.435,39.489],[45.034,39.77],[44.775,39.703],[44.807,39.64],[45.439,39.004],[46.136,38.864]]]]}},{"type":"Feature","properties":{"id":"BDI"},"geometry":{"type":"Polygon","coordinates":[[[30.555,-2.401],[29.932,-2.317],[29.898,-2.671],[29.72,-2.805],[29.34,-2.826],[29.307,-2.66],[29.113,-2.595],[29.015,-2.721],[29.235,-3.047],[29.215,-3.9],[29.404,-4.45],[29.733,-4.463],[30.003,-4.272],[30.432,-3.552],[30.815,-3.248],[30.825,-2.979],[30.416,-2.852],[30.555,-2.401]]]}},{"type":"Feature","properties":{"id":"BEL"},"geometry":{"type":"Polygon","coordinates":[[[2.522,51.088],[2.787,50.723],[3.129,50.779],[3.697,50.298],[4.198,50.258],[4.132,49.975],[4.646,49.984],[4.816,50.161],[4.858,49.787],[5.456,49.499],[5.791,49.538],[5.719,49.891],[5.962,50.166],[6.117,50.12],[6.372,50.329],[5.995,50.75],[5.624,50.83],[5.829,51.156],[5.215,51.259],[5.028,51.477],[4.261,51.369],[4.297,51.268],[4.221,51.368],[3.809,51.205],[3.392,51.247],[3.349,51.375],[2.522,51.088]]]}},{"type":"Feature","properties":{"id":"BEN"},"geometry":{"type":"Polygon","coordinates":[[[3.596,11.696],[2.844,12.399],[2.37,12.236],[2.39,11.897],[2.011,11.427],[1.44,11.474],[1.136,11.26],[1.114,11.028],[0.901,10.993],[0.761,10.382],[1.331,9.996],[1.326,9.522],[1.601,9.05],[1.626,6.997],[1.532,6.992],[1.782,6.277],[1.62,6.214],[2.704,6.368],[2.769,9.057],[3.076,9.095],[3.133,9.457],[3.326,9.802],[3.589,9.949],[3.572,10.286],[3.837,10.6],[3.722,11.112],[3.468,11.419],[3.596,11.696]]]}},{"type":"Feature","properties":{"id":"BFA"},"geometry":{"type":"Polygon","coordinates":[[[2.39,11.897],[2.052,12.342],[2.245,12.424],[2.109,12.706],[1.564,12.632],[0.984,13.032],[0.984,13.368],[1.269,13.346],[0.594,13.689],[0.159,14.496],[0.218,14.911],[-0.72,15.078],[-1.697,14.496],[-1.997,14.471],[-2.036,14.181],[-2.516,14.268],[-2.867,14.001],[-2.895,13.652],[-3.287,13.698],[-3.249,13.293],[-3.449,13.169],[-3.981,13.499],[-4.351,13.118],[-4.212,12.819],[-4.485,12.715],[-4.406,12.307],[-4.761,12.007],[-5.412,11.829],[-5.218,11.422],[-5.333,11.122],[-5.504,11.073],[-5.523,10.425],[-5.119,10.294],[-4.966,9.901],[-4.681,9.682],[-4.51,9.745],[-4.371,9.583],[-4.15,9.818],[-3.755,9.936],[-3.215,9.916],[-2.81,9.411],[-2.689,9.489],[-2.768,10.421],[-2.933,10.634],[-2.837,10.998],[-0.635,10.908],[-0.166,11.135],[0.488,10.933],[0.901,10.993],[1.114,11.028],[1.136,11.26],[1.44,11.474],[2.011,11.427],[2.39,11.897]]]}},{"type":"Feature","properties":{"id":"BGD"},"geometry":{"type":"MultiPolygon","coordinates":[[[[92.576,21.978],[92.259,23.706],[91.923,23.723],[91.796,23.09],[91.586,22.944],[91.394,23.263],[91.314,23.101],[91.132,23.721],[91.363,24.1],[91.733,24.234],[91.877,24.158],[91.9,24.338],[92.108,24.406],[92.223,24.891],[92.484,24.928],[92.034,25.182],[90.365,25.15],[89.819,25.285],[89.829,25.979],[89.653,26.223],[89.542,25.96],[89.335,25.999],[89.044,26.381],[88.891,26.386],[89.019,26.234],[88.663,26.264],[88.385,26.624],[88.315,26.465],[88.498,26.353],[88.164,26.14],[88.088,25.831],[88.985,25.285],[88.924,25.168],[88.441,25.19],[88.323,24.875],[88.115,24.916],[88.022,24.646],[88.475,24.315],[88.738,24.287],[88.542,23.639],[88.77,23.489],[88.697,23.252],[88.96,23.203],[88.839,22.976],[89.06,22.13],[89.249,21.646],[89.352,21.972],[89.456,21.762],[89.476,22.295],[89.533,21.985],[89.626,22.336],[89.587,21.701],[89.647,21.925],[89.88,21.884],[89.797,22.076],[89.873,22.419],[90.01,22.49],[89.877,22.275],[89.934,21.998],[90.236,22.199],[90.024,21.862],[90.273,21.857],[90.394,22.288],[90.439,22.076],[90.613,22.315],[90.373,22.761],[90.615,23.195],[90.25,23.467],[90.552,23.385],[90.476,23.583],[90.627,23.603],[90.629,23.064],[90.942,22.586],[91.018,22.683],[91.203,22.543],[91.182,22.726],[91.317,22.697],[91.49,22.905],[91.787,22.238],[91.908,22.425],[91.813,22.18],[92.029,21.705],[91.953,21.442],[92.326,20.739],[92.265,21.061],[92.236,21.417],[92.643,21.298],[92.576,21.978]]],[[[90.791,22.495],[90.596,22.775],[90.647,21.994],[90.836,22.178],[90.791,22.495]]]]}},{"type":"Feature","properties":{"id":"BGR"},"geometry":{"type":"Polygon","coordinates":[[[26.333,41.713],[26.606,41.967],[27.047,42.083],[27.546,41.901],[28.017,41.973],[27.719,42.415],[27.453,42.48],[27.892,42.711],[27.904,43.202],[28.119,43.392],[28.56,43.454],[28.578,43.741],[27.027,44.177],[26.151,44.012],[25.403,43.65],[22.889,43.84],[23.031,44.093],[22.692,44.228],[22.349,43.808],[22.519,43.474],[22.985,43.175],[22.727,42.887],[22.427,42.814],[22.533,42.458],[22.345,42.313],[23.009,41.74],[22.917,41.336],[24.51,41.562],[24.774,41.348],[25.286,41.239],[26.121,41.358],[26.054,41.702],[26.333,41.713]]]}},{"type":"Feature","properties":{"id":"BHR"},"geometry":{"type":"Polygon","coordinates":[[[50.552,26.194],[50.449,26.162],[50.565,25.79],[50.552,26.194]]]}},{"type":"Feature","properties":{"id":"BHS"},"geometry":{"type":"MultiPolygon","coordinates":[[[[-73.139,22.363],[-72.746,22.331],[-73.132,22.46],[-73.139,22.363]]],[[[-73.647,21.062],[-73.645,20.912],[-73.151,20.982],[-73.012,21.332],[-73.161,21.17],[-73.39,21.233],[-73.647,21.062]]],[[[-73.996,22.658],[-73.88,22.503],[-74.277,22.172],[-73.865,22.48],[-73.852,22.733],[-73.996,22.658]]],[[[-74.287,22.733],[-74.016,22.72],[-74.345,22.836],[-74.287,22.733]]],[[[-75.798,23.539],[-76.031,23.669],[-75.661,23.453],[-75.798,23.539]]],[[[-74.859,22.98],[-75.331,23.686],[-75.068,23.117],[-75.23,23.171],[-74.84,22.86],[-74.859,22.98]]],[[[-74.469,24.022],[-74.465,24.144],[-74.558,23.954],[-74.469,24.022]]],[[[-77.525,23.933],[-77.608,24.218],[-77.744,24.035],[-77.675,24.303],[-77.942,24.097],[-77.799,23.857],[-77.661,23.885],[-77.72,23.785],[-77.576,23.847],[-77.778,23.747],[-77.566,23.741],[-77.525,23.933]]],[[[-75.315,24.217],[-75.732,24.699],[-75.41,24.273],[-75.51,24.142],[-75.315,24.217]]],[[[-78.354,24.659],[-78.431,24.602],[-78.134,24.502],[-78.027,24.273],[-77.719,24.5],[-78.045,25.183],[-78.214,25.185],[-78.304,24.728],[-78.197,24.604],[-78.354,24.659]]],[[[-76.161,25.166],[-76.737,25.564],[-76.784,25.426],[-76.165,25.13],[-76.182,24.849],[-76.336,24.815],[-76.161,24.645],[-76.161,25.166]]],[[[-78.59,26.536],[-77.929,26.639],[-77.915,26.776],[-78.32,26.687],[-78.594,26.811],[-78.714,26.571],[-78.998,26.701],[-78.767,26.508],[-78.59,26.536]]],[[[-77.812,26.907],[-77.534,26.863],[-77.161,26.564],[-77.223,26.146],[-77.408,26.03],[-77.227,25.885],[-77.05,26.516],[-77.607,26.92],[-77.868,26.928],[-77.963,26.893],[-77.812,26.907]]]]}},{"type":"Feature","properties":{"id":"BIH"},"geometry":{"type":"Polygon","coordinates":[[[17.653,42.891],[17.812,42.91],[18.437,42.559],[18.453,42.993],[18.639,43.02],[18.821,43.341],[19.07,43.309],[18.911,43.507],[19.195,43.533],[19.507,43.647],[19.244,44.002],[19.619,44.036],[19.109,44.364],[19.369,44.887],[19.016,44.866],[18.238,45.157],[17.836,45.064],[16.924,45.285],[16.529,45.222],[16.316,45.001],[16.02,45.214],[15.792,45.19],[15.728,44.769],[16.028,44.625],[16.327,44.082],[17.27,43.463],[17.581,42.942],[17.653,42.891]]]}},{"type":"Feature","properties":{"id":"BLM"},"geometry":{"type":"Polygon","coordinates":[[[-62.839,17.882],[-62.792,17.915],[-62.866,17.929],[-62.839,17.882]]]}},{"type":"Feature","properties":{"id":"BLR"},"geometry":{"type":"Polygon","coordinates":[[[23.606,51.517],[24.37,51.875],[25.183,51.95],[27.151,51.757],[27.714,51.464],[28.21,51.652],[28.729,51.401],[29.063,51.631],[29.32,51.366],[30.149,51.484],[30.54,51.235],[30.515,51.604],[30.919,52.059],[31.764,52.101],[31.561,52.787],[31.247,53.014],[31.416,53.2],[32.201,53.098],[32.72,53.439],[32.442,53.714],[31.745,53.795],[31.823,54.053],[31.325,54.229],[31.168,54.622],[30.771,54.786],[31.006,55.023],[30.886,55.6],[30.2,55.858],[29.481,55.681],[29.396,55.948],[28.809,55.935],[28.149,56.142],[27.593,55.794],[26.981,55.827],[26.595,55.667],[26.45,55.327],[26.801,55.273],[25.783,54.87],[25.529,54.321],[25.763,54.156],[25.516,54.145],[25.459,54.299],[24.378,53.887],[23.486,53.939],[23.922,52.743],[23.166,52.289],[23.637,52.084],[23.606,51.517]]]}},{"type":"Feature","properties":{"id":"BLZ"},"geometry":{"type":"MultiPolygon","coordinates":[[[[-89.16,17.814],[-89.237,15.894],[-88.914,15.894],[-88.311,16.662],[-88.349,16.515],[-88.249,16.813],[-88.286,17.34],[-88.167,17.512],[-88.288,17.604],[-88.084,18.21],[-88.097,18.375],[-88.358,18.304],[-88.304,18.481],[-88.528,18.454],[-88.871,17.891],[-89.049,17.999],[-89.16,17.814]]],[[[-87.913,18.026],[-87.857,18.17],[-88.009,17.902],[-87.913,18.026]]]]}},{"type":"Feature","properties":{"id":"BMU"},"geometry":{"type":"Polygon","coordinates":[[[-64.676,32.389],[-64.876,32.258],[-64.678,32.335],[-64.676,32.389]]]}},{"type":"Feature","properties":{"id":"BOL"},"geometry":{"type":"Polygon","coordinates":[[[-69.51,-17.507],[-69.302,-17.976],[-69.082,-18.04],[-68.99,-18.946],[-68.448,-19.435],[-68.703,-19.716],[-68.542,-19.92],[-68.793,-20.107],[-68.765,-20.421],[-68.481,-20.625],[-68.555,-20.914],[-68.208,-21.284],[-67.887,-22.819],[-67.194,-22.822],[-66.736,-22.225],[-66.308,-22.077],[-66.222,-21.787],[-65.745,-22.114],[-64.596,-22.207],[-64.325,-22.872],[-63.933,-22.002],[-62.819,-22.001],[-62.65,-22.234],[-62.276,-21.067],[-62.269,-20.553],[-61.753,-19.646],[-60.006,-19.298],[-59.09,-19.287],[-58.175,-19.821],[-58.159,-20.165],[-57.86,-19.98],[-58.125,-19.73],[-57.716,-19.045],[-57.782,-18.91],[-57.466,-18.218],[-57.801,-17.533],[-58.399,-17.237],[-58.48,-16.684],[-58.34,-16.289],[-60.161,-16.265],[-60.246,-15.478],[-60.582,-15.099],[-60.27,-15.083],[-60.473,-13.798],[-61.047,-13.465],[-61.836,-13.541],[-62.115,-13.15],[-62.79,-13.001],[-63.075,-12.653],[-63.318,-12.702],[-63.801,-12.455],[-64.288,-12.497],[-64.489,-12.239],[-64.997,-11.996],[-65.387,-11.278],[-65.3,-10.97],[-65.45,-10.468],[-65.285,-10.207],[-65.398,-9.687],[-65.584,-9.837],[-65.789,-9.733],[-66.643,-9.908],[-67.722,-10.705],[-68.044,-10.667],[-68.293,-10.979],[-68.616,-11.113],[-69.578,-10.952],[-68.684,-12.502],[-68.981,-12.868],[-68.971,-13.501],[-69.102,-13.667],[-68.864,-14.191],[-69.371,-14.802],[-69.384,-14.982],[-69.148,-15.233],[-69.43,-15.626],[-69.185,-16.195],[-68.833,-16.329],[-69.623,-17.186],[-69.51,-17.507]]]}},{"type":"Feature","properties":{"id":"BRA"},"geometry":{"type":"MultiPolygon","coordinates":[[[[-57.603,-30.191],[-57.245,-30.293],[-57.077,-30.106],[-56.831,-30.102],[-55.989,-30.856],[-55.817,-31.043],[-55.592,-30.848],[-55.244,-31.245],[-54.605,-31.46],[-53.12,-32.707],[-53.537,-33.171],[-53.54,-33.649],[-53.379,-33.741],[-52.622,-33.102],[-52.091,-32.166],[-52.246,-31.841],[-52.083,-31.559],[-52.008,-31.646],[-51.964,-31.332],[-51.443,-31.081],[-51.377,-30.642],[-51.27,-30.782],[-51.25,-30.462],[-51.091,-30.352],[-51.327,-30.225],[-51.284,-30.007],[-50.936,-30.432],[-50.615,-30.186],[-50.565,-30.45],[-50.726,-30.363],[-50.693,-30.726],[-50.978,-30.893],[-50.976,-31.131],[-51.162,-31.078],[-51.245,-31.464],[-51.836,-31.855],[-52.087,-31.828],[-52.077,-32.167],[-50.721,-31.045],[-49.811,-29.443],[-48.756,-28.528],[-48.874,-28.346],[-48.761,-28.487],[-48.566,-27.86],[-48.618,-27.238],[-48.476,-27.154],[-48.607,-27.104],[-48.608,-26.437],[-48.798,-26.305],[-48.796,-26.068],[-48.734,-26.225],[-48.593,-26.184],[-48.563,-25.866],[-48.769,-25.867],[-48.541,-25.845],[-48.361,-25.571],[-48.711,-25.496],[-48.743,-25.352],[-48.473,-25.476],[-48.456,-25.248],[-48.325,-25.229],[-48.333,-25.358],[-48.127,-25.28],[-48.209,-25.458],[-47.887,-25.057],[-48.052,-25.037],[-46.376,-24.025],[-46.385,-23.873],[-46.288,-24.021],[-45.864,-23.756],[-45.427,-23.831],[-45.413,-23.618],[-44.501,-23.296],[-44.708,-23.215],[-44.655,-23.043],[-44.347,-22.919],[-44.186,-23.049],[-43.85,-22.892],[-43.604,-23.008],[-44.004,-23.091],[-43.22,-22.995],[-43.27,-22.747],[-43.076,-22.666],[-43.031,-22.974],[-42.014,-22.982],[-41.87,-22.752],[-41.966,-22.535],[-40.973,-21.987],[-41.072,-21.523],[-40.952,-21.238],[-40.349,-20.5],[-40.26,-20.321],[-40.369,-20.233],[-40.233,-20.267],[-40.027,-19.764],[-39.786,-19.602],[-39.659,-18.274],[-39.137,-17.68],[-39.209,-17.162],[-38.862,-15.854],[-39.067,-14.675],[-38.93,-13.898],[-39.04,-14.175],[-38.994,-13.863],[-39.149,-13.737],[-38.98,-13.836],[-39.062,-13.4],[-38.724,-12.873],[-38.854,-12.851],[-38.924,-12.737],[-38.862,-12.654],[-38.807,-12.835],[-38.691,-12.571],[-38.509,-12.723],[-38.533,-13.017],[-38.32,-12.935],[-37.655,-12.05],[-37.361,-11.455],[-37.492,-11.516],[-37.47,-11.359],[-37.299,-11.195],[-37.33,-11.421],[-37.149,-11.187],[-37.275,-11.023],[-37.138,-11.126],[-36.903,-10.773],[-36.408,-10.502],[-35.799,-9.721],[-35.874,-9.755],[-35.963,-9.611],[-35.858,-9.735],[-35.8,-9.585],[-35.696,-9.673],[-35.305,-9.193],[-34.812,-7.933],[-34.907,-7.734],[-34.805,-7.623],[-34.929,-7.556],[-34.805,-7.514],[-34.794,-7.176],[-34.84,-6.973],[-34.915,-7.131],[-34.982,-6.391],[-35.151,-6.216],[-35.107,-5.986],[-35.421,-5.212],[-35.997,-5.048],[-36.544,-5.128],[-37.183,-4.911],[-38.477,-3.697],[-39.986,-2.848],[-41.257,-2.875],[-41.245,-3.015],[-41.839,-2.729],[-42.239,-2.834],[-43.426,-2.338],[-43.453,-2.553],[-43.537,-2.436],[-43.878,-2.635],[-43.923,-2.547],[-44.2,-2.869],[-44.187,-2.759],[-44.349,-2.81],[-44.034,-2.415],[-44.293,-2.481],[-44.433,-2.95],[-44.796,-3.3],[-44.54,-2.538],[-44.656,-2.593],[-44.362,-2.31],[-44.462,-2.145],[-44.653,-2.429],[-44.666,-2.271],[-44.824,-2.279],[-44.488,-1.987],[-44.66,-1.84],[-44.598,-1.745],[-44.81,-1.813],[-44.708,-1.717],[-44.822,-1.759],[-44.823,-1.576],[-44.934,-1.655],[-44.861,-1.427],[-44.967,-1.594],[-45.063,-1.429],[-45.163,-1.483],[-45.324,-1.745],[-45.326,-1.313],[-45.461,-1.546],[-45.543,-1.491],[-45.409,-1.297],[-45.676,-1.366],[-45.701,-1.135],[-45.811,-1.326],[-45.867,-1.063],[-45.948,-1.251],[-45.979,-1.055],[-46.05,-1.21],[-46.102,-1.073],[-46.262,-1.183],[-46.2,-0.908],[-46.248,-1.094],[-46.475,-1.045],[-46.428,-0.869],[-46.749,-1.019],[-46.614,-0.813],[-46.749,-0.943],[-46.831,-0.71],[-46.947,-0.901],[-46.969,-0.696],[-47.057,-0.867],[-47.078,-0.666],[-47.14,-0.799],[-47.294,-0.593],[-47.462,-0.593],[-47.393,-0.813],[-47.585,-0.578],[-47.729,-0.757],[-47.809,-0.565],[-47.962,-0.782],[-48.112,-0.725],[-48.25,-1.189],[-48.483,-1.281],[-48.497,-1.461],[-48.325,-1.47],[-48.483,-1.511],[-48.428,-1.662],[-48.657,-1.383],[-49.033,-1.847],[-48.856,-1.559],[-48.966,-1.6],[-49.62,-2.67],[-49.422,-1.779],[-49.655,-1.895],[-49.593,-2.012],[-49.847,-1.902],[-49.812,-2.108],[-49.977,-1.826],[-50.313,-1.909],[-50.416,-2.073],[-50.611,-1.814],[-50.844,-1.955],[-50.88,-1.852],[-50.655,-1.738],[-50.956,-1.129],[-50.84,-0.913],[-52.204,-1.69],[-52.279,-1.518],[-52.708,-1.6],[-52.238,-1.346],[-51.935,-1.34],[-51.327,-0.08],[-50.791,0.17],[-50.453,0.664],[-49.888,1.175],[-50.15,1.221],[-49.883,1.308],[-49.951,1.721],[-50.467,1.815],[-50.62,2.105],[-50.78,2.071],[-50.679,2.172],[-51.017,3.036],[-51.08,3.882],[-51.176,3.648],[-51.224,4.165],[-51.517,4.441],[-51.437,3.93],[-51.572,4.235],[-51.683,4.039],[-52.355,3.152],[-52.59,2.505],[-52.917,2.196],[-53.765,2.369],[-54.135,2.111],[-54.615,2.326],[-54.959,2.609],[-55.724,2.397],[-55.971,2.53],[-56.147,2.256],[-55.922,1.886],[-56.482,1.942],[-57.319,1.977],[-57.561,1.709],[-57.985,1.658],[-58.027,1.517],[-58.32,1.601],[-58.519,1.267],[-58.816,1.187],[-59.26,1.387],[-59.759,1.862],[-59.742,2.264],[-60,2.694],[-59.863,3.582],[-59.528,3.94],[-59.738,4.203],[-59.687,4.381],[-60.16,4.528],[-59.981,5.057],[-60.132,5.243],[-60.74,5.202],[-60.592,4.95],[-60.977,4.535],[-61.316,4.521],[-61.552,4.255],[-61.888,4.15],[-62.428,4.183],[-62.744,4.034],[-62.75,3.66],[-62.889,3.561],[-63.352,3.959],[-64.038,3.882],[-64.147,4.111],[-64.59,4.119],[-64.792,4.284],[-64.203,3.595],[-64.048,2.471],[-63.365,2.413],[-63.412,2.149],[-63.995,1.958],[-64.353,1.366],[-64.409,1.508],[-65.137,1.127],[-65.52,0.651],[-65.596,0.984],[-66.285,0.746],[-66.875,1.223],[-67.086,1.176],[-67.117,1.71],[-67.425,2.138],[-67.929,1.741],[-68.192,2.015],[-68.28,1.829],[-68.163,1.721],[-69.856,1.708],[-69.852,1.059],[-69.289,1.038],[-69.137,0.65],[-69.478,0.733],[-70.054,0.588],[-70.068,-0.16],[-69.62,-0.525],[-69.399,-1.183],[-69.965,-4.236],[-70.206,-4.343],[-70.331,-4.143],[-70.785,-4.156],[-70.969,-4.385],[-71.907,-4.518],[-72.918,-5.132],[-72.977,-5.652],[-73.235,-6.078],[-73.148,-6.476],[-73.759,-6.887],[-73.713,-7.305],[-73.983,-7.356],[-74.018,-7.544],[-73.712,-7.788],[-73.785,-7.94],[-73.541,-8.359],[-72.976,-8.985],[-73.215,-9.409],[-72.313,-9.533],[-72.196,-10.006],[-71.3,-9.993],[-70.525,-9.431],[-70.641,-11.011],[-69.578,-10.952],[-68.616,-11.113],[-68.293,-10.979],[-68.044,-10.667],[-67.722,-10.705],[-66.643,-9.908],[-65.789,-9.733],[-65.584,-9.837],[-65.398,-9.687],[-65.285,-10.207],[-65.45,-10.468],[-65.3,-10.97],[-65.387,-11.278],[-64.997,-11.996],[-64.489,-12.239],[-64.288,-12.497],[-63.801,-12.455],[-63.318,-12.702],[-63.075,-12.653],[-62.79,-13.001],[-62.115,-13.15],[-61.836,-13.541],[-61.047,-13.465],[-60.473,-13.798],[-60.27,-15.083],[-60.582,-15.099],[-60.246,-15.478],[-60.161,-16.265],[-58.34,-16.289],[-58.48,-16.684],[-58.399,-17.237],[-57.801,-17.533],[-57.466,-18.218],[-57.782,-18.91],[-57.716,-19.045],[-58.125,-19.73],[-57.86,-19.98],[-58.159,-20.165],[-57.818,-20.954],[-57.986,-22.074],[-56.856,-22.293],[-56.408,-22.076],[-56.214,-22.275],[-55.861,-22.29],[-55.624,-22.639],[-55.421,-23.955],[-55.165,-24.017],[-54.639,-23.804],[-54.245,-24.051],[-54.6,-25.575],[-54.447,-25.689],[-54.116,-25.495],[-53.898,-25.639],[-53.662,-26.26],[-53.819,-27.14],[-54.177,-27.243],[-54.287,-27.428],[-54.805,-27.526],[-55.03,-27.851],[-55.773,-28.232],[-55.694,-28.4],[-55.906,-28.378],[-57.612,-30.183],[-57.603,-30.191]]],[[[-38.944,-13.395],[-39.046,-13.458],[-38.902,-13.672],[-38.944,-13.395]]],[[[-38.615,-12.925],[-38.697,-12.881],[-38.787,-13.134],[-38.615,-12.925]]],[[[-44.498,-2.807],[-44.481,-2.704],[-44.598,-3.06],[-44.498,-2.807]]],[[[-48.339,-1.067],[-48.462,-1.164],[-48.334,-1.205],[-48.339,-1.067]]],[[[-50.819,-0.62],[-51.066,-0.676],[-51.1,-0.826],[-50.819,-0.62]]],[[[-47.661,-0.579],[-47.761,-0.576],[-47.702,-0.71],[-47.661,-0.579]]],[[[-51.186,-0.614],[-51.308,-0.519],[-51.534,-0.635],[-51.93,-1.471],[-51.276,-1.025],[-51.186,-0.614]]],[[[-51.165,-0.14],[-51.405,-0.46],[-51.167,-0.306],[-51.165,-0.14]]],[[[-48.463,-0.576],[-48.427,-0.26],[-50.368,-0.106],[-50.696,-0.36],[-50.683,-0.624],[-50.548,-0.678],[-50.684,-0.64],[-50.737,-0.552],[-50.793,-1.019],[-50.477,-1.039],[-50.56,-1.183],[-50.793,-1.086],[-50.803,-1.435],[-50.604,-1.772],[-50.405,-1.831],[-50.307,-1.655],[-50.265,-1.745],[-50.258,-1.484],[-50.155,-1.779],[-50.028,-1.655],[-49.776,-1.807],[-49.744,-1.58],[-49.688,-1.769],[-49.559,-1.724],[-49.531,-1.498],[-49.443,-1.635],[-49.387,-1.484],[-49.223,-1.621],[-49.198,-1.388],[-49.066,-1.532],[-48.839,-1.45],[-48.99,-1.292],[-48.833,-1.416],[-48.921,-1.142],[-48.643,-1.084],[-48.463,-0.576]]],[[[-50.974,-0.291],[-50.655,-0.024],[-50.947,-0.012],[-50.974,-0.291]]],[[[-49.832,-0.103],[-49.463,-0.128],[-49.348,-0.01],[-49.497,0.086],[-49.832,-0.103]]],[[[-50.634,0.071],[-50.438,0],[-50.49,0.159],[-50.634,0.071]]],[[[-50.037,0.3],[-50.378,0.208],[-50.345,0.047],[-49.867,-0.011],[-49.53,0.354],[-50.037,0.3]]],[[[-50.378,0.245],[-50.367,0.62],[-50.517,0.209],[-50.378,0.245]]],[[[-50.312,0.414],[-50.043,0.51],[-50.066,0.647],[-50.312,0.414]]],[[[-50.202,0.75],[-50.016,0.892],[-50.225,0.859],[-50.202,0.75]]],[[[-50.454,2.111],[-50.419,1.863],[-50.314,1.968],[-50.454,2.111]]],[[[-48.544,-26.342],[-48.548,-26.167],[-48.703,-26.312],[-48.544,-26.342]]],[[[-45.214,-23.907],[-45.308,-23.721],[-45.453,-23.891],[-45.214,-23.907]]]]}},{"type":"Feature","properties":{"id":"BRB"},"geometry":{"type":"Polygon","coordinates":[[[-59.427,13.16],[-59.645,13.324],[-59.622,13.094],[-59.427,13.16]]]}},{"type":"Feature","properties":{"id":"BRI"},"geometry":{"type":"Polygon","coordinates":[[[-57.642,-30.193],[-57.603,-30.191],[-57.612,-30.183],[-57.642,-30.193]]]}},{"type":"Feature","properties":{"id":"BRN"},"geometry":{"type":"MultiPolygon","coordinates":[[[[115.146,4.909],[115.03,4.821],[115.1,4.391],[115.346,4.314],[115.146,4.909]]],[[[114.982,4.889],[115.102,5.05],[114.327,4.607],[113.999,4.601],[114.628,4.017],[114.846,4.395],[114.742,4.729],[114.982,4.889]]]]}},{"type":"Feature","properties":{"id":"BRT"},"geometry":{"type":"Polygon","coordinates":[[[33.181,21.995],[33.558,21.711],[33.866,21.75],[34.084,21.995],[33.181,21.995]]]}},{"type":"Feature","properties":{"id":"BTN"},"geometry":{"type":"Polygon","coordinates":[[[91.628,27.853],[91.29,28.091],[91.009,27.967],[90.475,28.072],[90.588,28.233],[90.226,28.358],[89.916,28.316],[89.459,28.048],[88.892,27.316],[88.73,27.151],[88.852,26.945],[89.61,26.712],[90.349,26.897],[90.717,26.767],[91.879,26.803],[92.073,26.888],[92.089,27.292],[91.975,27.472],[91.604,27.532],[91.628,27.853]]]}},{"type":"Feature","properties":{"id":"BWA"},"geometry":{"type":"Polygon","coordinates":[[[25.26,-17.794],[24.953,-17.788],[24.564,-18.053],[24.351,-17.956],[23.61,-18.478],[23.293,-17.999],[20.975,-18.319],[20.985,-21.964],[19.978,-22.001],[19.981,-24.752],[20.657,-25.468],[20.841,-26.131],[20.605,-26.493],[20.691,-26.892],[21.665,-26.863],[22.545,-26.207],[23.031,-25.299],[23.459,-25.282],[23.925,-25.629],[24.665,-25.823],[25.458,-25.711],[25.868,-24.748],[26.404,-24.633],[26.839,-24.266],[27.127,-23.525],[27.754,-23.221],[28.302,-22.604],[29.35,-22.187],[29.041,-22.021],[29.039,-21.798],[27.99,-21.552],[27.667,-21.071],[27.698,-20.509],[27.268,-20.496],[27.202,-20.093],[26.155,-19.537],[25.941,-18.921],[25.255,-18.001],[25.26,-17.794]]]}},{"type":"Feature","properties":{"id":"CAF"},"geometry":{"type":"Polygon","coordinates":[[[22.861,10.919],[22.447,10.998],[21.723,10.637],[21.719,10.297],[20.435,9.138],[18.893,8.898],[19.124,8.675],[18.589,8.048],[17.64,7.985],[16.806,7.544],[16.549,7.87],[15.925,7.488],[15.481,7.523],[14.772,6.318],[14.387,6.039],[14.617,5.865],[14.52,5.291],[14.659,5.165],[14.717,4.622],[15.19,4.063],[15.026,4.026],[15.171,3.759],[16.055,2.94],[16.197,2.236],[16.639,3.529],[17.459,3.708],[18.182,3.477],[18.472,3.632],[18.626,3.477],[18.542,4.328],[19.432,5.136],[19.825,5.097],[20.339,4.772],[20.58,4.415],[22.303,4.129],[22.51,4.191],[22.898,4.824],[23.415,4.591],[24.259,4.93],[24.396,5.122],[24.731,4.918],[25.308,5.032],[25.364,5.311],[25.544,5.375],[26.503,5.047],[26.867,5.038],[27.074,5.203],[27.441,5.071],[27.124,5.769],[26.425,6.072],[26.509,6.205],[26.27,6.466],[26.378,6.653],[25.347,7.345],[25.165,7.567],[25.279,7.659],[25.23,7.852],[24.832,8.166],[24.153,8.318],[24.17,8.689],[23.49,8.733],[23.567,8.975],[23.436,9.019],[23.632,9.278],[23.645,9.863],[22.861,10.919]]]}},{"type":"Feature","properties":{"id":"CAN"},"geometry":{"type":"MultiPolygon","coordinates":[[[[-122.753,48.993],[-118.697,48.993],[-114.74,48.993],[-110.564,48.993],[-106.607,48.993],[-102.211,48.993],[-97.815,48.993],[-95.177,48.993],[-95.161,49.369],[-94.983,49.356],[-94.593,48.726],[-93.757,48.517],[-92.98,48.618],[-92.649,48.536],[-92.372,48.223],[-92.07,48.347],[-91.575,48.048],[-90.874,48.234],[-90.75,48.084],[-89.364,47.98],[-88.347,48.299],[-84.879,46.898],[-84.567,46.461],[-84.11,46.526],[-83.965,46.063],[-83.463,46.008],[-83.637,45.774],[-82.548,45.335],[-82.146,43.576],[-82.526,42.62],[-83.129,42.24],[-83.097,41.876],[-82.711,41.68],[-79.019,42.803],[-78.909,42.93],[-79.174,43.465],[-78.751,43.617],[-76.842,43.626],[-76.15,44.305],[-75.27,44.864],[-74.713,44.999],[-73.962,45.354],[-74.379,45.562],[-73.979,45.498],[-73.42,45.765],[-73.159,46.075],[-73.022,46.11],[-72.995,46.211],[-71.881,46.691],[-71.302,46.759],[-70.715,47.118],[-70.487,47.445],[-70.237,47.496],[-69.736,48.123],[-71.07,48.445],[-69.676,48.15],[-68.444,49.198],[-68.392,49.064],[-68.055,49.294],[-67.376,49.339],[-67.131,49.831],[-66.636,50.185],[-66.435,50.158],[-66.468,50.269],[-63.421,50.219],[-62.709,50.315],[-61.576,50.187],[-61.718,50.1],[-59.944,50.261],[-59.074,50.894],[-59.008,50.761],[-59.008,51.015],[-58.623,51.277],[-57.686,51.48],[-56.967,51.425],[-55.916,51.935],[-55.617,52.22],[-56.199,52.447],[-55.784,52.339],[-55.648,52.443],[-56.5,52.598],[-55.754,52.625],[-56.158,52.805],[-55.802,52.841],[-56.165,53.036],[-55.906,53.036],[-55.745,53.256],[-56.264,53.554],[-56.036,53.58],[-56.727,53.687],[-56.48,53.79],[-56.983,53.727],[-57.377,53.434],[-57.318,53.585],[-57.549,53.591],[-57.124,53.742],[-57.158,53.951],[-57.466,54.2],[-58.043,54.241],[-58.416,54.14],[-57.796,54.071],[-58.841,53.947],[-59.077,53.687],[-60.421,53.269],[-60.05,53.498],[-60.92,53.714],[-60.879,53.831],[-60.136,53.529],[-60.133,53.783],[-59.475,53.828],[-58.371,54.228],[-59.58,54.05],[-57.652,54.379],[-57.35,54.589],[-58.914,54.848],[-59.027,55.162],[-59.383,54.978],[-59.16,55.239],[-59.922,54.743],[-59.43,55.142],[-59.964,55.117],[-59.776,55.332],[-60.297,55.023],[-60.023,55.277],[-60.688,54.995],[-60.194,55.427],[-60.328,55.495],[-60.482,55.352],[-60.335,55.782],[-60.681,55.565],[-60.602,55.82],[-60.944,55.73],[-60.747,55.85],[-61.503,56.01],[-61.235,56.044],[-61.455,56.058],[-61.345,56.222],[-62.067,56.285],[-61.606,56.284],[-62.147,56.455],[-61.712,56.575],[-62.586,56.798],[-62.089,56.841],[-62.503,56.785],[-61.688,56.62],[-61.905,56.794],[-61.345,56.956],[-61.366,57.107],[-62.012,57.243],[-61.9,57.415],[-62.534,57.496],[-61.887,57.638],[-62.141,57.978],[-62.675,57.936],[-62.305,58.031],[-62.462,58.182],[-63.34,57.984],[-62.635,58.187],[-62.908,58.214],[-62.558,58.477],[-63.162,58.368],[-63.264,58.47],[-63.593,58.306],[-63.442,58.525],[-62.845,58.685],[-63.015,58.897],[-63.326,58.861],[-63.132,59.062],[-64.04,59.018],[-63.442,59.121],[-63.381,59.279],[-63.629,59.217],[-63.652,59.368],[-63.826,59.245],[-63.71,59.368],[-64.061,59.387],[-63.728,59.52],[-63.981,59.506],[-63.864,59.611],[-64.007,59.624],[-64.121,59.518],[-64.032,59.645],[-63.922,59.656],[-64.265,59.765],[-64.183,60.032],[-64.518,59.903],[-64.377,60.13],[-64.822,59.985],[-64.381,60.17],[-64.759,60.238],[-64.381,60.245],[-64.86,60.361],[-65.23,59.892],[-64.984,59.765],[-65.498,59.793],[-65.412,59.518],[-64.984,59.381],[-65.56,59.491],[-65.358,59.282],[-65.559,59.377],[-65.718,59.158],[-65.32,59.046],[-65.982,58.917],[-65.8,58.854],[-66.109,58.779],[-65.828,58.58],[-66.053,58.333],[-65.944,58.621],[-66.382,58.854],[-66.615,58.498],[-67.568,58.23],[-67.704,57.929],[-67.756,58.474],[-67.801,58.299],[-68.13,58.083],[-67.863,58.309],[-68.006,58.58],[-68.418,58.039],[-69.37,57.77],[-68.354,58.124],[-68.191,58.546],[-68.773,58.922],[-69.378,58.869],[-69.814,58.596],[-69.921,58.779],[-70.254,58.772],[-69.802,58.826],[-69.863,59.06],[-69.565,58.806],[-69.504,59.073],[-69.43,59.025],[-69.342,59.094],[-69.543,59.17],[-69.255,59.325],[-69.755,59.318],[-69.516,59.649],[-69.735,59.97],[-71.035,60.066],[-69.628,60.077],[-69.829,60.526],[-69.381,60.8],[-69.537,61.08],[-69.916,60.81],[-70.155,61.088],[-70.535,61.012],[-71.573,61.156],[-71.823,61.355],[-71.583,61.41],[-71.892,61.431],[-71.581,61.614],[-71.957,61.711],[-71.979,61.604],[-72.303,61.568],[-71.995,61.677],[-72.203,61.866],[-72.605,61.944],[-72.796,61.835],[-72.629,62.117],[-73.671,62.482],[-74.724,62.246],[-74.558,62.109],[-75.328,62.317],[-75.894,62.164],[-75.592,62.273],[-77.472,62.594],[-78.155,62.297],[-77.99,61.715],[-77.477,61.54],[-77.785,61.455],[-77.693,61.207],[-78.197,60.793],[-77.511,60.841],[-77.829,60.643],[-77.415,60.547],[-77.743,60.404],[-77.408,60.135],[-77.634,60.066],[-77.189,60.06],[-77.545,59.745],[-77.313,59.567],[-77.778,59.71],[-77.915,59.419],[-77.675,59.402],[-78.316,58.926],[-78.566,58.958],[-78.571,58.639],[-77.471,58.212],[-76.809,57.676],[-76.536,56.318],[-77.113,55.675],[-77.782,55.274],[-79.766,54.66],[-79.525,54.591],[-79.382,54.194],[-79.046,54.18],[-79.293,54.091],[-78.98,54.019],[-79.135,53.961],[-78.902,53.817],[-79.156,53.708],[-78.923,53.567],[-79.115,53.509],[-78.895,53.269],[-78.984,53.028],[-78.69,52.885],[-78.85,52.757],[-78.408,52.248],[-79.039,51.769],[-78.69,51.487],[-78.882,51.403],[-78.847,51.164],[-79.323,51.667],[-79.747,51.196],[-79.334,50.727],[-80.136,51.301],[-80.41,51.34],[-81.013,51.035],[-80.44,51.477],[-81.003,52.015],[-81.512,52.239],[-81.883,52.194],[-81.479,52.303],[-82.301,52.968],[-82.114,53.289],[-82.444,54.365],[-82.252,55.118],[-83.69,55.285],[-83.561,55.133],[-83.929,55.327],[-85.054,55.294],[-85.417,54.999],[-85.128,55.35],[-85.904,55.662],[-87.619,56.003],[-87.98,56.443],[-88.879,56.86],[-91.031,57.265],[-92.86,56.908],[-92.424,57.354],[-93.156,58.744],[-94.177,58.779],[-94.362,58.223],[-94.204,58.806],[-94.437,58.724],[-94.999,59.053],[-94.66,59.359],[-94.801,60.498],[-93.986,61.101],[-93.985,61.458],[-93.271,61.736],[-93.617,61.952],[-93.279,61.897],[-93.416,62.034],[-93.17,61.986],[-92.765,62.218],[-93.252,62.37],[-92.471,62.15],[-92.827,62.356],[-92.532,62.445],[-92.619,62.623],[-91.888,62.62],[-92.453,62.825],[-91.394,62.787],[-90.626,63.061],[-90.689,63.357],[-90.976,63.424],[-90.785,63.398],[-91.778,63.714],[-92.467,63.528],[-92.1,63.699],[-93.401,63.977],[-93.217,63.843],[-93.647,63.881],[-93.78,64.192],[-92.374,63.779],[-91.888,63.809],[-90.91,63.569],[-90.558,63.598],[-90.648,63.706],[-90.147,63.63],[-89.966,63.813],[-90.278,64.007],[-89.832,63.925],[-90.127,64.13],[-89.786,64.25],[-89.509,63.952],[-89.546,64.08],[-89.023,63.953],[-89.256,64.16],[-88.708,63.973],[-87.982,64.192],[-86.974,65.058],[-87.047,65.238],[-89.04,65.328],[-89.958,65.794],[-91.07,65.928],[-91.032,65.808],[-91.497,65.947],[-90.237,65.927],[-90.435,65.885],[-89.771,65.823],[-90.004,65.947],[-89.688,65.947],[-88.414,65.632],[-88.831,65.645],[-88.064,65.359],[-87.381,65.33],[-85.857,66.163],[-86.621,66.314],[-86.783,66.522],[-85.465,66.574],[-85.242,66.27],[-84.405,66.166],[-84.537,66.405],[-83.712,66.191],[-84.603,66.94],[-85.213,66.919],[-84.637,66.982],[-84.91,67.062],[-84.371,66.974],[-84.138,66.712],[-83.918,66.886],[-83.981,66.592],[-83.369,66.35],[-82.157,66.714],[-81.955,66.977],[-81.503,67.001],[-81.238,67.461],[-82.102,67.91],[-81.994,68.215],[-82.315,68.147],[-82.651,68.434],[-82.274,68.537],[-81.954,68.431],[-81.267,68.639],[-81.379,68.868],[-82.062,68.879],[-81.345,69.195],[-82.27,69.238],[-82.282,69.419],[-83.294,69.54],[-82.516,69.494],[-82.754,69.578],[-82.253,69.641],[-82.596,69.699],[-85.563,69.858],[-85.474,69.277],[-84.528,69.024],[-85.145,68.948],[-84.788,68.736],[-85.668,68.727],[-86.522,67.365],[-86.882,67.406],[-87.516,67.119],[-87.363,67.267],[-88.374,67.976],[-88.398,68.291],[-88.199,68.383],[-87.944,68.201],[-87.792,68.331],[-88.023,68.809],[-89.199,69.278],[-90.12,68.263],[-90.476,68.338],[-90.435,68.879],[-91.45,69.359],[-90.805,69.256],[-90.703,69.454],[-90.312,69.454],[-91.557,69.512],[-91.168,69.656],[-91.798,69.49],[-92.367,69.709],[-92.923,69.674],[-91.943,70.024],[-92.587,70.079],[-92.368,70.236],[-91.511,70.161],[-93.041,70.862],[-92.98,71.347],[-93.721,71.765],[-94.416,71.665],[-94.355,71.799],[-94.595,71.743],[-94.649,71.82],[-94.46,71.857],[-94.492,71.99],[-95.225,71.95],[-94.608,71.868],[-95.91,71.607],[-95.376,71.511],[-95.536,71.296],[-96.134,71.414],[-96.507,71.278],[-96.602,70.791],[-96.19,70.625],[-95.815,70.716],[-95.794,70.538],[-96.233,70.571],[-96.526,70.127],[-95.787,69.743],[-94.875,69.572],[-94.63,69.688],[-94.322,69.453],[-93.451,69.49],[-93.84,69.169],[-93.526,69.441],[-94.282,69.322],[-94.324,69.156],[-94.005,69.16],[-94.602,68.968],[-94.636,68.756],[-94.094,68.763],[-93.827,69.069],[-93.752,68.612],[-93.375,68.639],[-94.798,68.038],[-95.478,68.063],[-95.705,67.722],[-95.338,67.552],[-95.218,66.974],[-96.092,66.927],[-95.655,66.731],[-95.792,66.602],[-96.456,67.06],[-95.348,66.974],[-95.437,67.201],[-95.835,67.166],[-95.561,67.376],[-96.111,67.222],[-96.096,67.467],[-96.465,67.478],[-95.897,68.297],[-96.765,68.017],[-96.404,68.318],[-96.621,68.186],[-97.98,68.547],[-97.748,68.369],[-98.713,68.379],[-98.095,67.837],[-97.693,68.023],[-97.25,67.925],[-97.213,67.625],[-97.927,67.697],[-98.585,68.096],[-98.363,67.795],[-98.936,67.697],[-100.707,67.851],[-102.219,67.692],[-103.364,68.011],[-103.415,68.169],[-103.793,68.026],[-104.484,68.034],[-104.894,68.351],[-105.039,68.259],[-105.544,68.414],[-105.47,68.722],[-106.222,68.946],[-108.281,68.622],[-108.815,68.274],[-108.417,68.304],[-108.389,68.111],[-107.615,68.167],[-107.827,68.345],[-107.155,68.27],[-106.787,68.415],[-106.553,68.297],[-106.553,68.516],[-105.648,68.639],[-105.727,68.427],[-106.446,68.351],[-106.443,68.153],[-106.632,68.25],[-106.758,68.105],[-107.147,68.132],[-107.774,67.989],[-107.88,68.093],[-107.91,67.995],[-107.659,67.947],[-108.006,67.71],[-107.088,66.831],[-107.401,66.974],[-107.563,66.84],[-107.643,67.077],[-107.8,66.769],[-107.242,66.349],[-108.54,67.056],[-108.622,67.16],[-107.885,67.048],[-107.993,67.282],[-108.37,67.448],[-108.471,67.351],[-108.64,67.629],[-108.824,67.357],[-109.067,67.72],[-109.717,67.719],[-110.06,68.005],[-111.885,67.685],[-115.118,67.804],[-115.543,67.923],[-115.112,68.016],[-115.242,68.187],[-114.035,68.241],[-113.905,68.4],[-114.988,68.867],[-115.916,69.01],[-116.324,68.955],[-115.971,68.809],[-117.165,68.894],[-120.086,69.364],[-122.036,69.819],[-122.98,69.835],[-123.383,69.414],[-124.423,69.367],[-124.034,69.682],[-124.507,69.736],[-124.408,70.155],[-124.75,70.132],[-124.546,70.019],[-125.206,70.003],[-124.63,69.986],[-125.281,69.811],[-124.822,69.715],[-125.37,69.695],[-125.117,69.49],[-125.624,69.421],[-125.089,69.454],[-125.449,69.319],[-126.646,69.73],[-127.136,70.253],[-127.992,70.593],[-128.178,70.38],[-127.515,70.222],[-128.337,70.13],[-128.92,69.688],[-128.925,69.978],[-130.38,69.695],[-130.928,69.14],[-131.157,69.617],[-131.138,69.37],[-131.243,69.585],[-131.161,69.394],[-131.348,69.317],[-131.252,69.504],[-131.476,69.344],[-131.476,69.457],[-131.911,69.428],[-132.216,69.154],[-132.327,69.234],[-132.47,69.113],[-132.415,69.238],[-132.484,69.147],[-132.862,69.073],[-132.483,68.805],[-133.388,68.845],[-132.922,68.694],[-133.483,68.818],[-133.203,69.038],[-132.892,68.983],[-132.827,69.224],[-132.545,69.29],[-132.497,69.16],[-132.435,69.304],[-132.325,69.249],[-131.984,69.537],[-131.048,69.644],[-130.941,69.566],[-129.6,69.991],[-129.674,70.27],[-129.886,70.086],[-130.894,70.106],[-131.188,69.825],[-131.408,69.961],[-132.139,69.688],[-132.548,69.743],[-132.385,69.647],[-132.887,69.661],[-133.046,69.435],[-134.276,69.158],[-133.751,69.551],[-134.242,69.577],[-134.329,69.725],[-134.476,69.444],[-135.155,69.48],[-135.176,69.262],[-135.804,69.322],[-135.416,69.099],[-135.934,69.254],[-135.519,69.03],[-136.005,68.948],[-135.149,68.66],[-137.224,68.951],[-138.357,69.305],[-138.603,69.243],[-139.144,69.514],[-141.006,69.651],[-141.003,64.986],[-140.995,60.304],[-140.016,60.187],[-139.079,60.341],[-139.182,60.073],[-137.611,59.239],[-137.487,58.9],[-136.841,59.148],[-136.569,59.172],[-136.35,59.592],[-135.465,59.79],[-135.019,59.559],[-134.958,59.281],[-133.392,58.404],[-131.826,56.593],[-130.094,56.101],[-130.02,55.908],[-129.949,55.293],[-130.125,55.005],[-129.786,55.357],[-129.825,55.619],[-129.713,55.421],[-129.476,55.464],[-130.001,55.022],[-129.641,54.99],[-130.174,54.845],[-129.88,54.621],[-130.372,54.664],[-130.101,54.426],[-129.981,54.515],[-129.959,54.322],[-130.431,54.633],[-130.483,54.374],[-130.249,54.406],[-130.125,54.161],[-129.829,54.242],[-129.475,54.235],[-129.927,54.187],[-129.715,53.954],[-130.05,54.156],[-130.105,53.947],[-129.29,53.385],[-129.228,53.633],[-129.064,53.81],[-128.973,53.778],[-129.009,53.899],[-128.933,53.776],[-128.598,54.03],[-128.694,53.899],[-128.474,53.842],[-128.775,53.798],[-128.808,53.615],[-128.529,53.434],[-128.111,53.488],[-127.871,53.228],[-128.127,53.451],[-128.494,53.344],[-128.974,53.557],[-128.849,53.279],[-128.481,53.146],[-128.443,52.828],[-128.029,52.917],[-128.132,52.873],[-128.226,52.461],[-128.392,52.296],[-127.878,52.584],[-128.016,52.347],[-127.888,52.515],[-127.872,52.22],[-127.617,52.299],[-126.987,52.711],[-127.076,52.885],[-126.926,52.734],[-127.19,52.388],[-126.734,52.371],[-126.939,52.306],[-126.672,51.987],[-127.173,52.316],[-127.85,51.92],[-127.874,51.673],[-127.714,51.458],[-127.35,51.87],[-127.423,51.672],[-127.35,51.714],[-126.699,51.665],[-126.666,51.803],[-126.624,51.678],[-126.677,51.646],[-127.044,51.669],[-127.492,51.621],[-127.78,51.331],[-127.127,51.339],[-127.777,51.167],[-127.042,50.823],[-126.926,50.877],[-127.166,50.939],[-126.674,50.878],[-126.515,51.076],[-126.173,50.939],[-126.547,50.837],[-126.184,50.868],[-126.179,50.781],[-126.035,50.795],[-126.187,50.672],[-125.648,50.782],[-125.637,51.104],[-125.507,50.939],[-125.706,50.682],[-126.277,50.626],[-125.96,50.646],[-126.281,50.519],[-125.703,50.438],[-125.455,50.72],[-125.577,50.471],[-125.128,50.437],[-124.814,50.927],[-125.082,50.325],[-124.349,50.497],[-124.66,50.392],[-124.685,49.986],[-124.822,50.04],[-124.283,49.747],[-124.037,49.925],[-123.938,49.829],[-123.993,50.011],[-123.808,50.103],[-123.993,50.22],[-123.828,50.158],[-123.755,50.094],[-123.954,49.99],[-123.928,49.764],[-123.795,49.644],[-123.534,49.705],[-123.777,49.505],[-123.939,49.744],[-124.061,49.631],[-123.534,49.389],[-123.171,49.705],[-123.27,49.335],[-122.856,49.442],[-122.961,49.282],[-123.247,49.275],[-123.091,48.993],[-123.035,48.992],[-122.907,49.088],[-122.753,48.993]]],[[[-67.176,45.179],[-66.441,45.08],[-66.06,45.258],[-66.197,45.334],[-66.01,45.464],[-66.136,45.313],[-65.752,45.244],[-64.772,45.614],[-64.572,45.861],[-64.749,46.09],[-64.531,45.902],[-64.546,45.732],[-64.347,45.889],[-64.265,45.765],[-64.929,45.326],[-64.576,45.416],[-63.36,45.361],[-64.115,45.216],[-64.155,44.984],[-64.478,45.341],[-64.441,45.256],[-66.18,44.434],[-65.849,44.587],[-66.21,44.106],[-66.122,43.744],[-65.862,43.806],[-65.73,43.514],[-65.475,43.471],[-65.368,43.744],[-65.025,43.716],[-64.429,44.34],[-64.269,44.267],[-64.306,44.566],[-64.076,44.477],[-63.888,44.696],[-63.929,44.511],[-63.633,44.441],[-63.662,44.717],[-63.439,44.596],[-63.119,44.791],[-63.059,44.675],[-63.059,44.778],[-62.83,44.718],[-61.64,45.087],[-61.687,45.175],[-60.969,45.272],[-61.462,45.355],[-61.237,45.506],[-61.493,45.691],[-61.876,45.693],[-61.911,45.889],[-62.493,45.608],[-62.792,45.642],[-62.675,45.772],[-63.288,45.724],[-63.439,45.876],[-63.757,45.847],[-64.093,46.033],[-63.79,46.131],[-64.704,46.328],[-64.904,46.859],[-64.8,47.082],[-65.368,47.088],[-64.96,47.294],[-64.68,47.741],[-65.026,47.85],[-65.636,47.622],[-65.818,47.907],[-66.386,48.075],[-66.848,47.999],[-65.896,48.226],[-65.286,48.013],[-64.221,48.496],[-64.175,48.644],[-64.559,48.883],[-64.169,48.762],[-64.299,48.959],[-64.823,49.189],[-65.566,49.266],[-66.622,49.123],[-68.425,48.547],[-69.445,47.992],[-70.535,47.011],[-71.302,46.745],[-71.714,46.632],[-71.867,46.667],[-72.19,46.526],[-72.731,46.177],[-73.156,46.05],[-73.519,45.426],[-74.713,44.999],[-71.504,45.014],[-71.334,45.289],[-70.993,45.348],[-70.892,45.235],[-70.263,45.923],[-70.008,46.704],[-69.222,47.46],[-68.906,47.19],[-68.3,47.368],[-67.814,47.082],[-67.807,45.713],[-67.431,45.598],[-67.471,45.266],[-67.176,45.179]]],[[[-53.568,48.191],[-53.677,48.15],[-53.931,48.208],[-53.875,48.107],[-53.619,48.082],[-53.568,48.191]]],[[[-54.883,49.555],[-54.744,49.494],[-54.539,49.661],[-54.883,49.555]]],[[[-54.277,49.576],[-53.978,49.664],[-54.27,49.727],[-54.277,49.576]]],[[[-52.629,47.527],[-52.773,47.801],[-53.129,47.417],[-53.26,47.559],[-52.923,48.171],[-53.276,48.016],[-53.554,47.539],[-53.929,47.852],[-53.792,47.775],[-53.609,48.054],[-53.908,48.021],[-53.663,48.061],[-53.905,48.085],[-53.941,48.177],[-53.925,48.237],[-53.639,48.169],[-53.369,48.294],[-53.355,48.387],[-53.187,48.355],[-52.985,48.555],[-53.077,48.704],[-53.615,48.41],[-53.657,48.547],[-53.856,48.368],[-53.855,48.475],[-54.164,48.391],[-53.604,48.677],[-53.835,48.75],[-53.931,48.63],[-53.844,48.839],[-54.198,48.774],[-53.59,49.052],[-53.493,49.288],[-54.045,49.482],[-54.483,49.268],[-54.469,49.546],[-54.817,49.276],[-54.834,49.41],[-55.034,49.23],[-55.082,49.363],[-55.383,49.047],[-55.136,49.541],[-55.315,49.535],[-55.315,49.315],[-55.37,49.507],[-55.569,49.363],[-55.521,49.494],[-55.657,49.384],[-55.822,49.522],[-56.131,49.429],[-55.836,49.692],[-56.165,49.575],[-56.002,49.753],[-55.465,49.963],[-55.959,50.041],[-56.192,49.925],[-56.117,50.158],[-56.857,49.548],[-56.5,50.391],[-56.1,50.669],[-56.161,50.878],[-56.081,50.721],[-55.733,51.083],[-56.09,51.371],[-55.596,51.309],[-55.409,51.579],[-55.873,51.496],[-55.893,51.628],[-56.665,51.35],[-56.901,51.018],[-57.089,51.021],[-56.926,50.918],[-57.397,50.709],[-57.155,50.626],[-57.355,50.607],[-57.94,49.705],[-57.7,49.463],[-58.001,49.562],[-58.212,49.409],[-58.214,49.253],[-57.926,49.247],[-58.08,49.147],[-57.85,49.185],[-58.135,49.127],[-57.885,48.972],[-58.369,49.149],[-58.714,48.568],[-58.959,48.616],[-58.769,48.78],[-59.226,48.54],[-58.272,48.521],[-59.403,47.91],[-59.301,47.614],[-58.426,47.637],[-58.261,47.753],[-58.341,47.643],[-56.791,47.53],[-56.754,47.637],[-56.336,47.616],[-56.309,47.753],[-56.181,47.631],[-56.151,47.842],[-56.059,47.7],[-55.78,47.958],[-55.914,47.659],[-55.63,47.677],[-56.169,47.504],[-55.747,47.588],[-55.918,47.437],[-55.638,47.545],[-55.599,47.399],[-55.427,47.72],[-55.109,47.585],[-54.938,47.787],[-55.088,47.602],[-54.699,47.671],[-55.98,46.97],[-55.418,46.867],[-54.838,47.419],[-54.664,47.376],[-54.417,47.609],[-54.606,47.352],[-54.404,47.451],[-54.267,47.903],[-54.082,47.875],[-53.808,47.424],[-54.189,46.828],[-53.56,47.205],[-53.555,46.618],[-53.355,46.739],[-53.067,46.666],[-52.629,47.527]]],[[[-127.919,51.522],[-128.01,51.724],[-128.145,51.59],[-127.933,51.419],[-127.919,51.522]]],[[[-128.138,51.864],[-128.033,51.764],[-127.97,52.063],[-128.178,52.016],[-128.138,51.864]]],[[[-128.228,52.213],[-128.522,52.158],[-128.34,52.079],[-128.228,52.213]]],[[[-127.241,52.426],[-127.751,52.25],[-127.888,51.953],[-127.241,52.426]]],[[[-128.563,52.611],[-128.817,52.522],[-128.516,52.434],[-128.563,52.611]]],[[[-128.31,52.429],[-128.391,52.797],[-128.466,52.383],[-128.31,52.429]]],[[[-128.93,52.614],[-129.275,52.825],[-128.981,52.454],[-128.93,52.614]]],[[[-128.31,52.727],[-128.275,52.603],[-128.173,52.824],[-128.31,52.727]]],[[[-131.113,52.172],[-131.36,52.344],[-131.248,52.447],[-131.408,52.358],[-131.84,52.714],[-131.661,52.806],[-131.984,52.878],[-131.613,52.927],[-132.004,53.064],[-131.596,53.042],[-131.798,53.256],[-132.065,53.161],[-132.566,53.146],[-132.114,53.001],[-132.327,52.913],[-131.939,52.773],[-132.086,52.734],[-131.28,52.132],[-131.277,52.241],[-131.113,52.172]]],[[[-128.804,52.701],[-128.664,52.971],[-128.755,52.604],[-128.595,52.614],[-128.539,53.02],[-129.064,53.308],[-129.184,52.95],[-128.865,53.036],[-129.015,53.146],[-128.838,53.036],[-129.111,52.82],[-128.804,52.701]]],[[[-129.294,53.108],[-129.134,53.12],[-129.241,53.334],[-129.294,53.108]]],[[[-128.914,53.406],[-128.997,53.544],[-129.118,53.321],[-128.914,53.406]]],[[[-129.743,53.235],[-130.515,53.63],[-129.939,53.169],[-129.743,53.235]]],[[[-129.166,53.385],[-128.842,53.716],[-129.16,53.627],[-129.166,53.385]]],[[[-130.406,53.687],[-130.092,53.57],[-130.261,53.798],[-130.406,53.687]]],[[[-130.253,53.892],[-129.807,53.385],[-129.361,53.246],[-129.831,53.735],[-130.253,53.892]]],[[[-130.447,53.982],[-130.352,53.838],[-130.232,53.974],[-130.422,54.1],[-130.715,53.858],[-130.447,53.982]]],[[[-132.579,53.207],[-132.196,53.159],[-132.127,53.201],[-132.278,53.215],[-131.963,53.283],[-131.661,54.167],[-132.182,54.044],[-132.079,53.892],[-132.159,53.7],[-132.484,53.577],[-132.353,53.673],[-132.658,53.691],[-132.241,53.777],[-132.161,54.008],[-132.407,54.099],[-132.661,53.941],[-132.576,54.118],[-133.073,54.167],[-132.977,53.557],[-132.4,53.33],[-132.703,53.378],[-132.579,53.207]]],[[[-130.743,54.606],[-130.931,54.623],[-130.962,54.455],[-130.743,54.606]]],[[[-57.871,54.818],[-57.945,54.927],[-58.227,54.871],[-58.157,54.764],[-57.871,54.818]]],[[[-61.01,56.044],[-61.098,56.175],[-61.217,56.058],[-61.01,56.044]]],[[[-61.63,56.846],[-61.647,56.736],[-61.388,56.623],[-61.585,56.772],[-61.339,56.935],[-61.63,56.846]]],[[[-61.613,57.415],[-61.825,57.435],[-61.647,57.483],[-61.679,57.538],[-61.9,57.449],[-61.849,57.415],[-61.613,57.415]]],[[[-69.102,59.131],[-69.354,59.141],[-69.286,59.07],[-69.344,58.949],[-69.102,59.131]]],[[[-104.49,68.516],[-105.086,68.551],[-104.655,68.398],[-104.49,68.516]]],[[[-101.694,68.77],[-102.352,68.687],[-101.845,68.571],[-101.694,68.77]]],[[[-100.207,68.804],[-100.561,69.038],[-100.603,68.756],[-100.207,68.804]]],[[[-100.981,69.482],[-101.345,69.578],[-101.243,69.374],[-100.981,69.482]]],[[[-96.555,69.479],[-96.143,69.353],[-96.169,69.57],[-96.74,69.585],[-96.555,69.479]]],[[[-95.944,69.421],[-95.762,69.564],[-95.746,69.339],[-95.413,69.386],[-95.63,69.62],[-95.912,69.6],[-95.944,69.421]]],[[[-95.215,68.862],[-95.828,68.876],[-96.048,69.23],[-96.151,69.03],[-96.22,69.314],[-97.925,69.896],[-98.37,69.606],[-98.024,69.435],[-98.549,69.585],[-98.41,69.308],[-99.597,69.027],[-99.192,68.83],[-98.97,68.955],[-98.522,68.75],[-98.364,68.858],[-98.119,68.675],[-96.52,68.448],[-95.215,68.862]]],[[[-100.351,70.49],[-100.194,70.579],[-100.715,70.681],[-100.351,70.49]]],[[[-100.872,69.808],[-101.022,70.186],[-101.529,70.113],[-101.595,70.277],[-103.087,70.677],[-102.928,70.499],[-103.572,70.606],[-104.591,71.073],[-104.319,71.47],[-105.367,72.792],[-106.873,73.316],[-107.073,73.178],[-108.088,73.354],[-107.868,73.19],[-108.298,73.134],[-107.779,72.141],[-107.252,71.902],[-107.833,71.608],[-108.246,71.723],[-108.633,72.566],[-110.076,72.996],[-110.754,72.985],[-109.773,72.717],[-110.294,72.676],[-109.78,72.436],[-110.704,72.579],[-111.028,72.285],[-111.295,72.471],[-111.753,72.207],[-111.22,72.724],[-112.859,73.005],[-113.66,72.613],[-113.509,72.703],[-114.546,72.568],[-113.981,72.809],[-113.958,73.14],[-114.584,73.385],[-117.369,72.918],[-118.569,72.478],[-118.128,72.227],[-119.093,71.899],[-118.889,71.583],[-117.695,71.668],[-118.162,71.379],[-117.551,71.374],[-117.565,71.504],[-117.39,71.387],[-115.057,71.525],[-118.386,71.022],[-117.585,70.606],[-115.561,70.579],[-113.988,70.716],[-111.487,70.332],[-112.551,70.2],[-115.637,70.248],[-117.442,69.989],[-116.633,69.462],[-115.975,69.3],[-113.541,69.191],[-113.668,68.815],[-113.244,68.454],[-109.029,68.727],[-108.539,68.947],[-107.335,69.026],[-106.584,69.504],[-106.412,69.188],[-104.941,69.086],[-105.123,68.896],[-102.966,68.799],[-101.822,68.996],[-101.772,69.194],[-102.222,69.229],[-101.939,69.421],[-102.283,69.504],[-103.183,69.116],[-103.017,69.482],[-103.49,69.695],[-102.784,69.537],[-102.225,69.92],[-101.673,69.647],[-101.457,69.906],[-101.295,69.67],[-100.872,69.808]]],[[[-72.949,66.735],[-74.472,66.149],[-73.474,65.46],[-74.118,65.537],[-74.551,65.333],[-75.105,65.396],[-75.215,65.254],[-75.949,65.322],[-75.908,65.261],[-75.751,65.236],[-75.718,65.192],[-75.562,65.169],[-75.363,65.008],[-75.199,65.106],[-75.263,64.957],[-75.572,64.884],[-75.346,64.925],[-75.379,64.722],[-75.668,64.946],[-75.425,64.972],[-75.441,65.066],[-75.739,65.159],[-75.798,65.232],[-77.392,65.473],[-77.313,65.2],[-78.121,64.974],[-78.299,64.707],[-78.011,64.428],[-76.689,64.192],[-76.711,64.305],[-75.736,64.372],[-75.82,64.622],[-74.681,64.378],[-74.469,64.562],[-74.989,64.802],[-74.544,64.899],[-74.541,64.626],[-74.242,64.583],[-74.05,64.726],[-74.163,64.358],[-73.783,64.48],[-73.922,64.609],[-73.752,64.542],[-73.646,64.666],[-73.464,64.508],[-73.303,64.666],[-73.386,64.281],[-72.714,63.966],[-72.663,64.084],[-72.666,63.856],[-72.378,63.783],[-72.242,63.959],[-72.318,63.679],[-72.201,63.78],[-71.93,63.655],[-71.923,63.82],[-71.562,63.581],[-71.227,63.602],[-71.614,63.427],[-72.142,63.448],[-71.781,63.414],[-71.402,63.056],[-70.926,63.173],[-71.158,62.994],[-70.83,62.897],[-69.39,62.767],[-69.445,62.554],[-69.292,62.628],[-69.198,62.445],[-68.554,62.25],[-65.971,61.886],[-66.204,62.117],[-65.93,62.205],[-66.474,62.337],[-66.358,62.452],[-67.424,62.979],[-67.657,62.918],[-67.537,63.045],[-67.773,62.959],[-67.611,63.097],[-67.986,63.076],[-68.993,63.761],[-68.289,63.699],[-67.698,63.37],[-67.924,63.768],[-67.201,63.288],[-66.974,63.396],[-66.675,63.029],[-66.653,63.376],[-66.397,63],[-66.104,62.952],[-66.283,63.137],[-65.788,62.873],[-65.712,63.051],[-65.604,62.825],[-65.327,62.918],[-65.17,62.568],[-64.929,62.644],[-65.272,63.007],[-64.628,62.911],[-65.149,63.288],[-64.902,63.239],[-65.302,63.813],[-64.537,63.255],[-64.522,63.669],[-64.991,63.828],[-64.639,63.991],[-65.213,64.028],[-65.262,64.219],[-65.656,64.301],[-65.227,64.301],[-65.073,64.449],[-65.707,64.49],[-65.717,64.844],[-65.952,64.885],[-65.807,64.637],[-66.019,64.858],[-66.218,64.692],[-66.15,64.871],[-66.682,65.044],[-66.705,64.769],[-66.725,65.186],[-67.109,65.062],[-66.937,65.241],[-67.417,65.351],[-67.06,65.424],[-67.459,65.501],[-67.273,65.645],[-68.033,65.487],[-67.814,65.816],[-68.205,65.796],[-68.348,66.04],[-68.116,65.967],[-68.027,66.076],[-68.85,66.193],[-68.514,66.303],[-67.973,66.083],[-67.923,65.903],[-67.187,65.916],[-67.993,66.509],[-67.146,66.303],[-67.286,66.526],[-67.746,66.57],[-67.528,66.624],[-67.129,66.487],[-67.06,66.646],[-66.725,66.591],[-66.766,66.385],[-66.443,66.414],[-66.521,66.219],[-66.15,66.289],[-66.012,66.118],[-65.477,66.392],[-65.899,65.954],[-64.964,66.076],[-64.354,66.35],[-64.738,65.974],[-65.336,65.921],[-65.505,65.755],[-64.792,65.728],[-65.341,65.583],[-64.71,65.659],[-65.17,65.487],[-65.01,65.369],[-64.409,65.481],[-64.915,65.343],[-64.731,65.159],[-64.557,65.093],[-64.237,65.432],[-64.278,65.104],[-63.809,65.186],[-63.535,64.899],[-63.313,65.21],[-63.655,65.467],[-63.291,65.432],[-63.62,65.549],[-63.367,65.633],[-63.721,65.679],[-63.347,65.673],[-63.51,65.937],[-63.196,65.634],[-62.96,65.59],[-62.932,65.761],[-62.657,65.589],[-62.871,65.908],[-62.291,65.823],[-63.066,66.124],[-61.954,66.02],[-62.137,66.155],[-62.699,66.198],[-62.894,66.337],[-62.664,66.22],[-62.319,66.303],[-62.627,66.44],[-61.565,66.344],[-61.99,66.412],[-61.582,66.478],[-61.822,66.629],[-62.188,66.632],[-61.999,66.699],[-61.438,66.547],[-61.276,66.654],[-61.606,66.872],[-62,66.872],[-61.754,66.951],[-62.106,66.919],[-62.09,67.06],[-62.425,66.928],[-62.311,66.728],[-62.747,66.943],[-62.902,66.638],[-62.865,66.969],[-63.349,66.891],[-63.428,66.708],[-63.442,66.911],[-63.82,66.817],[-63.237,66.974],[-63.164,67.338],[-63.771,66.96],[-63.505,67.241],[-64.7,67.009],[-63.963,67.276],[-64.773,67.198],[-64.231,67.296],[-64.8,67.351],[-63.908,67.307],[-64.443,67.481],[-64.042,67.537],[-64.312,67.735],[-64.641,67.667],[-64.503,67.807],[-65.195,67.644],[-64.75,68.001],[-65.419,67.914],[-65.361,67.598],[-65.452,67.999],[-65.81,67.975],[-66.012,67.637],[-65.928,68.165],[-66.389,67.781],[-66.746,67.879],[-66.414,67.869],[-66.314,68.129],[-66.739,67.989],[-66.788,68.249],[-67.602,68.167],[-67.033,68.327],[-67.869,68.268],[-66.664,68.441],[-67.549,68.492],[-67.606,68.384],[-67.664,68.565],[-67.958,68.4],[-67.933,68.56],[-68.904,68.605],[-68.048,68.687],[-69.363,68.881],[-67.819,68.773],[-68.551,68.984],[-67.704,69.024],[-68.373,69.18],[-69.018,68.968],[-69.07,69.114],[-68.507,69.201],[-68.964,69.223],[-68.083,69.22],[-69.208,69.302],[-66.782,69.133],[-66.671,69.264],[-67.228,69.464],[-68.587,69.591],[-70.022,69.537],[-68.349,69.633],[-68.013,69.776],[-67.115,69.729],[-67.225,69.948],[-68.078,70.327],[-68.649,69.943],[-69.103,69.92],[-69.391,69.784],[-69.747,69.804],[-70.008,69.626],[-69.788,69.832],[-69.444,69.821],[-68.791,70.041],[-68.678,70.202],[-69.683,70.14],[-69.758,69.973],[-70.473,69.845],[-69.815,69.992],[-70.157,70.045],[-68.281,70.518],[-69.473,70.791],[-70.474,70.478],[-69.876,70.884],[-70.985,70.634],[-71.542,70.024],[-71.169,70.535],[-71.515,70.579],[-71.824,70.294],[-71.967,70.421],[-71.576,70.613],[-71.212,70.582],[-70.806,70.724],[-70.621,71.069],[-72.571,70.613],[-72.165,70.84],[-72.776,70.818],[-72.045,71.085],[-71.471,71.066],[-71.117,71.27],[-72.549,71.665],[-73.379,70.983],[-73.315,71.34],[-73.881,71.053],[-73.379,71.387],[-73.564,71.558],[-74.242,71.203],[-74.03,71.442],[-74.318,71.415],[-73.722,71.778],[-74.146,71.539],[-74.108,71.738],[-74.523,71.663],[-74.631,71.39],[-75.077,71.184],[-74.705,71.395],[-74.844,71.523],[-75.134,71.492],[-74.64,71.668],[-75.395,71.519],[-74.94,71.662],[-75.394,71.675],[-74.252,71.822],[-74.242,72.08],[-75.063,72.128],[-75.866,71.708],[-75.242,72.083],[-76.005,72.059],[-76.415,71.861],[-76.029,72.089],[-75.03,72.203],[-75.198,72.498],[-75.94,72.592],[-76.103,72.48],[-76.889,72.743],[-78.427,72.594],[-78.532,72.426],[-76.997,72.134],[-77.661,72.1],[-78.409,72.329],[-78.428,72.179],[-78.805,72.338],[-77.748,71.752],[-78.83,72.173],[-78.504,71.874],[-79.231,71.976],[-78.957,72.283],[-79.332,72.402],[-79.45,72.196],[-79.768,72.222],[-79.819,72.506],[-80.17,72.326],[-79.676,72.128],[-80.245,72.3],[-80.985,71.888],[-80.537,72.515],[-81.383,72.244],[-80.245,72.738],[-81.528,73.716],[-82.831,73.737],[-83.641,73.595],[-84.008,73.505],[-83.605,73.302],[-84.182,73.478],[-84.658,73.395],[-84.343,73.231],[-84.797,73.391],[-85.113,73.322],[-85.158,73.209],[-83.638,72.985],[-85.417,73.141],[-85.536,73.026],[-83.953,72.758],[-85.318,72.963],[-85.682,72.894],[-85.515,72.463],[-84.432,72.382],[-84.939,72.292],[-84.165,72.025],[-85.476,72.266],[-85.498,72.08],[-86.051,72.015],[-85.258,71.668],[-84.622,71.666],[-84.759,70.966],[-84.973,71.196],[-86.824,70.991],[-84.838,71.287],[-86.128,71.794],[-86.738,72.731],[-84.837,73.745],[-86.558,73.855],[-87.995,73.656],[-89.051,73.252],[-89.901,72.443],[-89.578,72.162],[-90.119,71.929],[-90.004,71.456],[-89.813,71.329],[-87.864,71.275],[-87.002,70.997],[-87.893,70.935],[-89.558,71.093],[-88.769,70.484],[-87.853,70.238],[-86.974,70.29],[-87.249,70.394],[-86.975,70.473],[-86.639,70.325],[-86.371,70.527],[-86.55,70.236],[-85.783,69.995],[-85.235,69.996],[-85.8,70.1],[-84.812,70.119],[-84.368,69.987],[-83.052,70.01],[-82.138,69.786],[-81.739,69.88],[-83.006,70.31],[-80.929,69.715],[-81.757,70.13],[-79.906,69.983],[-79.681,69.849],[-78.8,69.88],[-78.925,70.302],[-79.591,70.411],[-79.252,70.558],[-79.16,70.443],[-79.016,70.682],[-78.717,70.552],[-79.074,70.477],[-78.408,70.216],[-77.704,70.201],[-77.683,69.825],[-77.614,69.743],[-77.634,69.825],[-76.976,69.942],[-77.313,69.842],[-76.777,69.836],[-76.795,69.722],[-77.203,69.647],[-76.703,69.565],[-76.622,69.689],[-76.182,69.668],[-76.63,69.546],[-75.602,69.236],[-75.621,69.088],[-76.638,69.016],[-76.625,68.682],[-75.486,69.022],[-75.116,68.893],[-74.809,69.083],[-74.983,68.811],[-74.574,68.842],[-74.22,68.516],[-73.885,68.555],[-74.188,68.729],[-73.756,68.687],[-73.844,68.35],[-73.619,68.25],[-73.279,68.4],[-73.495,68.277],[-72.995,68.236],[-72.193,67.276],[-72.803,67.043],[-72.949,66.735]]],[[[-115.324,73.509],[-117.416,74.232],[-118.725,74.221],[-119.189,73.992],[-119.144,74.209],[-119.765,74.035],[-119.518,74.231],[-121.581,74.556],[-124.756,74.349],[-123.774,73.766],[-124.86,73.09],[-124.476,72.933],[-125.113,72.868],[-124.952,72.57],[-125.878,71.964],[-124.959,71.967],[-125.253,71.956],[-123.94,71.653],[-123.255,71.13],[-122.798,71.088],[-121.701,71.468],[-121.423,71.38],[-120.635,71.491],[-120.255,72.261],[-119.437,72.318],[-119.164,72.63],[-115.324,73.509]]],[[[-123.369,48.774],[-123.596,48.952],[-123.531,48.734],[-123.369,48.774]]],[[[-126.659,49.788],[-126.987,49.815],[-126.679,49.592],[-126.659,49.788]]],[[[-125.028,50.144],[-124.986,50.014],[-125,50.233],[-125.028,50.144]]],[[[-124.891,50.193],[-124.754,50.168],[-124.917,50.303],[-124.891,50.193]]],[[[-125.336,50.302],[-125.134,50.128],[-125.288,50.437],[-125.336,50.302]]],[[[-126.618,50.672],[-126.179,50.751],[-126.289,50.829],[-126.618,50.672]]],[[[-126.782,50.775],[-126.562,50.802],[-126.905,50.829],[-126.782,50.775]]],[[[-123.321,48.496],[-123.417,48.691],[-123.535,48.54],[-123.955,49.229],[-124.795,49.473],[-125.477,50.339],[-126.864,50.53],[-127.882,50.867],[-128.417,50.772],[-128.06,50.453],[-127.593,50.544],[-127.878,50.63],[-127.419,50.603],[-127.447,50.377],[-127.926,50.462],[-127.747,50.243],[-127.898,50.114],[-127.463,50.187],[-127.363,50.033],[-127.097,50.151],[-127.142,49.867],[-126.844,49.973],[-126.573,49.707],[-126.467,49.792],[-126.453,49.674],[-126.107,49.683],[-126.549,49.596],[-126.573,49.414],[-126.055,49.445],[-126.014,49.322],[-125.912,49.438],[-126.028,49.274],[-125.775,49.37],[-125.747,49.148],[-125.613,49.206],[-125.872,49.09],[-125.607,48.962],[-124.908,49.006],[-124.808,49.247],[-124.847,49.02],[-125.185,48.801],[-125.094,48.73],[-123.654,48.314],[-123.321,48.496]]],[[[-67.881,60.497],[-68.241,60.586],[-68.419,60.21],[-67.973,60.29],[-67.881,60.497]]],[[[-64.841,61.352],[-64.717,61.663],[-65.452,61.657],[-64.841,61.352]]],[[[-79.282,62.27],[-79.831,62.411],[-80.215,62.138],[-80.261,61.856],[-79.834,61.573],[-79.282,62.27]]],[[[-64.381,62.527],[-64.801,62.569],[-64.952,62.435],[-64.594,62.37],[-64.381,62.527]]],[[[-70.241,62.616],[-70.492,62.767],[-71.236,62.886],[-70.774,62.771],[-70.925,62.746],[-70.728,62.553],[-70.241,62.616]]],[[[-82.191,62.986],[-83.419,62.892],[-83.939,62.459],[-83.705,62.144],[-83.066,62.187],[-81.957,62.698],[-81.862,62.925],[-82.191,62.986]]],[[[-77.538,63.288],[-77.844,63.472],[-78.519,63.485],[-77.941,63.087],[-77.538,63.288]]],[[[-76.689,63.486],[-77.446,63.661],[-76.982,63.407],[-76.702,63.37],[-76.689,63.486]]],[[[-64.888,63.795],[-64.401,63.688],[-64.563,63.909],[-64.888,63.795]]],[[[-62.257,65.748],[-62.47,65.665],[-62.209,65.61],[-62.257,65.748]]],[[[-80.183,63.768],[-80.889,64.123],[-80.931,63.993],[-81.399,64.102],[-81.992,63.999],[-81.588,64.185],[-82.098,64.687],[-82.746,64.789],[-83.428,65.145],[-84.069,65.2],[-84.555,65.486],[-84.918,65.214],[-85.316,65.541],[-85.052,65.614],[-85.201,65.809],[-85.541,65.922],[-85.939,65.763],[-86.419,64.597],[-86.193,64.103],[-86.954,63.897],[-87.124,63.564],[-85.714,63.774],[-85.635,63.243],[-85.274,63.123],[-83.634,63.771],[-83.685,64.014],[-83.084,64.19],[-83.085,63.958],[-82.371,63.913],[-82.482,63.685],[-81.125,63.464],[-80.183,63.768]]],[[[-85.001,66.008],[-85.113,65.762],[-84.713,65.555],[-85.001,66.008]]],[[[-84.474,66.09],[-84.143,65.767],[-83.301,65.635],[-84.021,66.088],[-84.474,66.09]]],[[[-73.358,67.838],[-74.338,68.181],[-74.756,68.063],[-74.402,67.779],[-73.358,67.838]]],[[[-66.296,68.269],[-66.653,68.198],[-66.271,68.161],[-66.296,68.269]]],[[[-86.577,68.291],[-86.987,68.084],[-86.598,67.728],[-86.577,68.291]]],[[[-75.034,68.173],[-75.911,68.345],[-76.731,68.243],[-77.323,67.708],[-76.982,67.243],[-75.889,67.258],[-75.23,67.432],[-75.034,68.173]]],[[[-78.909,68.324],[-79.176,68.332],[-79.044,68.166],[-78.909,68.324]]],[[[-78.614,68.506],[-78.463,68.62],[-78.886,68.659],[-78.669,68.585],[-78.971,68.475],[-78.614,68.506]]],[[[-74.845,68.579],[-74.517,68.564],[-74.793,68.676],[-74.845,68.579]]],[[[-74.838,68.42],[-75.239,68.725],[-75.411,68.523],[-74.996,68.338],[-74.838,68.42]]],[[[-68.006,68.77],[-68.453,68.809],[-67.663,68.701],[-68.006,68.77]]],[[[-79.08,68.879],[-78.313,69.387],[-79.225,69.075],[-79.397,68.863],[-79.08,68.879]]],[[[-90.25,69.298],[-90.202,69.448],[-90.507,69.367],[-90.25,69.298]]],[[[-76.692,69.411],[-77.327,69.417],[-77.158,69.118],[-76.692,69.411]]],[[[-67.91,69.534],[-67.891,69.712],[-68.308,69.592],[-67.91,69.534]]],[[[-78.395,69.647],[-78.858,69.458],[-77.942,69.647],[-78.176,69.756],[-78.395,69.647]]],[[[-79.971,69.633],[-79.533,69.633],[-79.455,69.801],[-80.814,69.695],[-79.999,69.5],[-79.971,69.633]]],[[[-91.463,69.777],[-91.425,69.886],[-91.737,69.798],[-91.463,69.777]]],[[[-87.084,69.989],[-86.46,70.017],[-87.117,70.161],[-87.379,70.106],[-87.084,69.989]]],[[[-71.508,71.017],[-72.012,71.052],[-72.091,70.812],[-71.406,70.917],[-71.508,71.017]]],[[[-72.954,71.518],[-73.139,71.421],[-73.101,71.553],[-73.379,71.518],[-73.054,71.296],[-72.954,71.518]]],[[[-72.738,71.662],[-73.044,71.586],[-72.765,71.529],[-72.738,71.662]]],[[[-97.072,73.138],[-96.784,72.931],[-96.651,73.142],[-97.072,73.138]]],[[[-104.681,73.63],[-105.381,73.771],[-106.6,73.711],[-107.039,73.484],[-105.285,72.851],[-104.573,73.332],[-104.681,73.63]]],[[[-80.903,73.607],[-80.86,73.319],[-80.164,73.233],[-79.568,72.76],[-78.171,72.899],[-76.125,72.847],[-77.428,73.56],[-80.446,73.774],[-80.903,73.607]]],[[[-96.321,72.467],[-96.538,72.752],[-97.194,72.615],[-97.256,72.962],[-97.985,73.044],[-98.446,72.873],[-97.828,73.278],[-97.173,73.359],[-97.644,73.54],[-96.97,73.641],[-97.774,73.919],[-99.18,73.691],[-100.001,73.95],[-100.023,73.738],[-101.005,73.802],[-100.42,73.419],[-100.919,73.603],[-101.585,73.457],[-100.858,73.263],[-100.363,73.4],[-99.769,73.211],[-100.556,73.231],[-100.035,72.944],[-100.317,72.877],[-100.437,73.034],[-100.431,72.74],[-101.334,72.725],[-101.948,73.093],[-102.756,72.812],[-101.84,72.326],[-100.637,72.186],[-99.235,71.35],[-98.73,71.272],[-98.042,71.531],[-98.5,71.723],[-98.295,71.902],[-98.253,71.67],[-97.685,71.618],[-96.589,71.821],[-96.877,72.326],[-96.321,72.467]]],[[[-99.247,73.855],[-98.143,73.878],[-97.658,74.101],[-99.247,73.855]]],[[[-90.291,73.923],[-91.572,74.033],[-92.334,73.943],[-93.273,74.178],[-95.293,73.992],[-94.622,73.656],[-95.412,73.776],[-95.719,73.691],[-95.669,72.802],[-95.177,72.155],[-94.79,72.16],[-95.145,71.966],[-94.345,72.026],[-94.06,71.984],[-93.475,72.442],[-93.787,72.741],[-94.287,72.78],[-92.073,72.755],[-90.291,73.923]]],[[[-95.362,74.591],[-95.87,74.581],[-95.35,74.496],[-95.362,74.591]]],[[[-103.638,75.2],[-104.403,75.433],[-104.93,75.141],[-104.229,75.019],[-103.638,75.2]]],[[[-93.437,74.944],[-93.499,75.268],[-94.394,75.604],[-96.156,75.408],[-95.78,75.383],[-96.616,74.992],[-96.267,74.91],[-96.065,75.024],[-95.511,74.744],[-93.608,74.654],[-93.437,74.944]]],[[[-96.575,75.438],[-96.424,75.581],[-96.206,75.458],[-95.91,75.561],[-96.375,75.66],[-97.055,75.499],[-96.873,75.357],[-96.575,75.438]]],[[[-102.873,75.766],[-101.981,75.952],[-103.045,75.906],[-103.387,75.766],[-102.873,75.766]]],[[[-94.485,75.978],[-94.91,75.937],[-94.658,75.746],[-94.485,75.978]]],[[[-102.572,75.993],[-102.444,76.09],[-103.976,75.944],[-102.572,75.993]]],[[[-117.785,75.896],[-117.66,76.126],[-119.409,75.602],[-118.614,75.504],[-117.785,75.896]]],[[[-78.895,76.123],[-79.752,75.883],[-79.438,75.795],[-78.896,75.843],[-78.895,76.123]]],[[[-103.811,76.034],[-102.683,76.117],[-102.727,76.316],[-104.312,76.212],[-104.395,76.081],[-103.811,76.034]]],[[[-104.398,76.469],[-104.378,76.325],[-103.01,76.423],[-104.025,76.67],[-104.681,76.602],[-104.398,76.469]]],[[[-97.425,75.52],[-97.939,75.746],[-97.665,76.486],[-98.427,76.678],[-99.07,76.404],[-99.641,76.637],[-100.988,76.507],[-99.844,76.287],[-100.479,76.234],[-99.419,76.164],[-100.221,76.136],[-99.864,75.937],[-99.44,75.972],[-99.947,75.875],[-101.413,76.438],[-102.035,76.413],[-102.103,76.221],[-101.385,76.253],[-101.903,76.106],[-101.304,76.021],[-101.551,75.87],[-100.913,75.815],[-102.262,75.87],[-102.009,75.705],[-102.562,75.726],[-102.668,75.504],[-98.894,75.7],[-100.721,75.438],[-99.987,75.239],[-100.549,75.205],[-100.33,75.014],[-99.426,74.992],[-99.306,75.131],[-99.374,74.989],[-97.976,75.014],[-98.103,75.226],[-97.569,75.15],[-98.042,75.485],[-97.724,75.572],[-97.305,75.395],[-97.425,75.52]]],[[[-101.16,76.582],[-100.248,76.739],[-101.687,76.589],[-101.16,76.582]]],[[[-89.675,76.733],[-89.982,76.842],[-90.572,76.774],[-89.977,76.478],[-89.675,76.733]]],[[[-105.395,75.674],[-106.34,76.062],[-106.875,75.965],[-106.881,75.649],[-107.076,75.899],[-108.026,75.787],[-107.65,76.006],[-108.499,76.04],[-108.081,76.287],[-108.776,76.864],[-110.397,76.397],[-109.323,76.115],[-110.055,75.896],[-108.828,75.691],[-108.91,75.479],[-111.251,75.522],[-111.459,75.842],[-112.227,75.815],[-111.727,75.917],[-112.426,76.171],[-112.994,76.273],[-113.963,76.191],[-114.159,76.459],[-114.872,76.52],[-115.927,76.287],[-114.667,76.164],[-116.163,76.204],[-116.734,75.921],[-114.827,75.879],[-116.885,75.789],[-117.239,75.583],[-115.002,75.698],[-116.042,75.485],[-117.202,75.481],[-117.688,75.26],[-116.767,75.122],[-116.257,75.211],[-115.715,74.97],[-115.263,75.183],[-115.058,74.967],[-114.441,75.068],[-114.615,75.283],[-114.196,75.225],[-114.071,75.475],[-113.323,75.424],[-113.887,75.058],[-112.857,75.11],[-112.679,75.28],[-112.346,75.122],[-110.951,75.252],[-111.586,75.006],[-112.798,74.985],[-114.422,74.703],[-113.693,74.444],[-112.437,74.414],[-108.824,75.072],[-108.417,74.917],[-107.772,75.101],[-107.231,74.92],[-106.009,75.057],[-105.395,75.674]]],[[[-114.837,76.76],[-113.453,76.774],[-113.846,76.899],[-114.837,76.76]]],[[[-79.56,74.992],[-80.443,75.04],[-79.517,75.229],[-79.574,75.451],[-80.376,75.465],[-79.95,75.54],[-81.252,75.654],[-81.113,75.779],[-84.001,75.829],[-84.576,75.624],[-86.152,75.509],[-85.522,75.403],[-86.618,75.369],[-87.266,75.623],[-87.467,75.456],[-87.751,75.581],[-88.228,75.471],[-88.722,75.686],[-88.94,75.432],[-89.763,75.581],[-89.163,75.765],[-89.777,75.794],[-89.964,76.016],[-90.519,75.899],[-90.798,75.999],[-91.129,75.836],[-91.161,76.021],[-90.188,76.068],[-91.613,76.267],[-90.094,76.125],[-90.456,76.178],[-89.38,76.184],[-89.298,76.301],[-91.401,76.459],[-90.469,76.486],[-91.441,76.694],[-93.079,76.628],[-93.561,76.395],[-93.179,76.72],[-93.701,76.921],[-95.771,77.077],[-96.818,76.983],[-96.308,76.76],[-96.925,76.716],[-95.588,76.61],[-95.974,76.436],[-94.801,76.328],[-95.39,76.239],[-93.06,76.349],[-92.012,75.664],[-92.504,75.218],[-91.513,74.645],[-91.099,74.629],[-91.23,74.738],[-90.787,74.89],[-91.025,74.704],[-90.723,74.738],[-89.919,74.527],[-89.434,74.553],[-88.539,74.904],[-88.518,74.501],[-86.604,74.471],[-86.803,74.622],[-86.38,74.487],[-86.179,74.622],[-86.125,74.484],[-85.604,74.498],[-85.534,74.69],[-85.185,74.493],[-85.008,74.704],[-84.915,74.512],[-84.258,74.507],[-83.494,74.578],[-83.492,74.909],[-82.92,74.552],[-81.789,74.458],[-80.218,74.587],[-80.399,74.914],[-79.909,74.814],[-79.356,74.886],[-79.56,74.992]]],[[[-119.317,76.2],[-119.084,76.09],[-118.34,76.771],[-117.773,76.811],[-118.058,76.41],[-117.352,76.26],[-117.008,76.552],[-115.893,76.698],[-116.366,76.932],[-115.732,76.949],[-116.401,77.137],[-115.393,77.308],[-116.407,77.562],[-117.133,77.468],[-116.647,77.39],[-117.039,77.293],[-119.163,77.325],[-121.512,76.448],[-122.403,76.404],[-123.041,76.088],[-122.606,76.174],[-122.619,75.942],[-121.847,76.045],[-121.3,75.911],[-120.865,76.201],[-120.387,75.807],[-119.486,75.975],[-119.501,76.363],[-119.317,76.2]]],[[[-89.661,77.356],[-90.304,77.629],[-91.169,77.618],[-90.405,77.203],[-89.661,77.356]]],[[[-104.395,77.193],[-105.909,77.768],[-105.395,77.219],[-104.791,77.11],[-104.395,77.193]]],[[[-93.252,77.644],[-93.608,77.781],[-95.507,77.811],[-96.329,77.61],[-95.988,77.479],[-93.785,77.438],[-93.252,77.644]]],[[[-102.449,77.74],[-100.932,77.745],[-101.725,77.906],[-102.448,77.881],[-102.449,77.74]]],[[[-113.686,77.867],[-114.327,78.081],[-115.118,77.96],[-114.301,77.713],[-113.686,77.867]]],[[[-109.604,78.074],[-113.141,77.923],[-113.166,77.515],[-112.109,77.326],[-110.235,77.504],[-110.108,77.776],[-110.904,77.853],[-109.604,78.074]]],[[[-109.26,78.459],[-110.741,78.758],[-113.336,78.336],[-109.823,78.295],[-109.26,78.459]]],[[[-96.91,77.795],[-95.061,77.973],[-95.403,78.233],[-94.828,78.364],[-98.149,78.819],[-98.384,78.466],[-97.92,78.22],[-96.869,78.137],[-97.774,78.042],[-96.91,77.795]]],[[[-105.607,79.104],[-104.708,79.031],[-104.955,78.798],[-104.247,78.997],[-104.188,78.777],[-103.326,78.748],[-104.044,78.631],[-103.4,78.617],[-103.54,78.5],[-105.018,78.524],[-104.466,78.275],[-102.744,78.381],[-102.593,78.244],[-101.06,78.206],[-100.61,77.864],[-99.182,77.844],[-99.528,78.583],[-100.35,78.824],[-101.185,78.807],[-101.648,79.081],[-102.599,78.878],[-102.879,79.233],[-103.722,79.363],[-105.457,79.329],[-105.607,79.104]]],[[[-100.152,79.998],[-98.824,79.669],[-98.874,80.084],[-99.779,80.151],[-100.152,79.998]]],[[[-96.623,80.044],[-95.854,79.652],[-94.3,79.775],[-95.739,79.542],[-95.211,79.281],[-94.48,79.427],[-93.93,79.259],[-93.087,79.487],[-92.495,79.365],[-91.121,79.392],[-92.627,79.245],[-90.366,79.248],[-93.33,79.171],[-94.294,78.987],[-93.038,78.768],[-93.813,78.768],[-93.282,78.595],[-91.649,78.565],[-92.969,78.49],[-92.614,78.336],[-90.884,78.145],[-90.288,78.167],[-90.705,78.335],[-90.139,78.325],[-89.496,78.156],[-90.006,78.614],[-88.811,78.165],[-88.805,78.61],[-88.228,78.464],[-87.91,78.552],[-88.174,78.996],[-87.728,79.083],[-87.649,78.643],[-86.982,79.061],[-86.747,78.959],[-84.919,79.296],[-85.699,79.618],[-86.011,79.439],[-86.309,79.648],[-87.402,79.517],[-86.962,79.909],[-87.488,79.837],[-87.008,79.953],[-88.064,80.125],[-87.674,80.404],[-88.644,80.397],[-88.538,80.099],[-89.058,80.468],[-90.731,80.567],[-91.798,81.159],[-93.258,81.373],[-94.396,81.262],[-93.156,81.098],[-94.302,81.123],[-94.447,80.968],[-94.903,81.064],[-95.534,80.824],[-94.129,80.728],[-94.656,80.652],[-93.786,80.529],[-96.027,80.584],[-95.437,80.344],[-96.685,80.344],[-95.969,80.201],[-95.264,80.251],[-95.402,80.127],[-94.107,80.187],[-94.807,80.097],[-94.382,79.988],[-96.711,80.148],[-96.623,80.044]]],[[[-61.085,82.331],[-62.175,82.53],[-63.373,82.441],[-63.447,82.827],[-64.443,82.76],[-65.132,82.899],[-65.155,82.77],[-65.852,82.842],[-68.618,82.63],[-66.3,82.935],[-70.817,83.111],[-70.837,82.886],[-72.274,83.109],[-73.653,82.927],[-72.591,82.701],[-74.2,83.002],[-77.335,83.013],[-75.4,82.619],[-76.218,82.452],[-75.894,82.599],[-77.852,82.926],[-78.107,82.831],[-79.34,82.976],[-80.43,82.9],[-78.548,82.676],[-79.847,82.644],[-81.541,82.824],[-80.581,82.543],[-82.328,82.659],[-81.479,82.503],[-82.712,82.381],[-79.231,81.818],[-82.97,82.298],[-81.877,82.044],[-83.13,82.071],[-84.708,82.483],[-86.879,82.208],[-84.603,81.893],[-86.629,82.059],[-86.728,81.893],[-88.07,82.107],[-89.335,81.809],[-90.243,81.9],[-91.957,81.66],[-91.47,81.53],[-90.299,81.704],[-89.586,81.632],[-90.834,81.464],[-90.421,81.369],[-88.343,81.591],[-87.314,81.518],[-89.924,81.342],[-88.934,81.249],[-90.298,81.193],[-89.826,81.013],[-84.749,81.296],[-86.699,81.005],[-89.434,80.928],[-87.707,80.645],[-85.781,81.034],[-82.385,81.185],[-85.622,80.98],[-86.749,80.604],[-86.118,80.537],[-83.899,80.538],[-83.274,80.847],[-83.499,80.701],[-81.76,80.817],[-83.12,80.548],[-81.217,80.628],[-79.279,80.93],[-79.505,81.2],[-78.737,81.114],[-76.854,81.455],[-78.936,80.879],[-76.483,80.879],[-79.964,80.618],[-78.109,80.564],[-83.206,80.323],[-81.404,79.94],[-81.523,79.718],[-79.752,79.707],[-80.587,79.569],[-81.787,79.611],[-83.788,80.251],[-86.504,80.309],[-86.535,80.031],[-85.254,79.926],[-86.396,79.963],[-86.475,79.761],[-85.021,79.618],[-84.33,79.192],[-83.363,79.055],[-84.453,79.148],[-84.752,79.039],[-82.535,78.885],[-81.479,79.049],[-81.754,78.843],[-83.26,78.837],[-82.262,78.751],[-82.343,78.569],[-85.031,78.922],[-86.61,78.809],[-87.517,78.134],[-86.77,78.12],[-85.86,78.386],[-86.289,78.083],[-85.491,78.106],[-84.647,78.599],[-84.968,78.214],[-84.028,78.179],[-85.035,78.179],[-84.289,78.083],[-85.68,77.935],[-84.315,77.898],[-85.32,77.872],[-85.307,77.671],[-84.943,77.603],[-84.499,77.755],[-84.845,77.543],[-83.918,77.494],[-82.335,78.07],[-83.836,77.459],[-83.466,77.349],[-84.573,77.407],[-84.466,77.302],[-85.796,77.425],[-86.452,77.836],[-88.222,77.863],[-87.721,77.37],[-86.85,77.364],[-87.215,77.212],[-86.604,77.178],[-88.294,77.136],[-89.473,76.881],[-89.681,76.575],[-89.17,76.424],[-88.71,76.601],[-88.599,76.41],[-88.507,76.824],[-88.434,76.404],[-87.707,76.34],[-87.563,76.62],[-86.722,76.348],[-86.578,76.642],[-86.347,76.389],[-85.203,76.284],[-84.388,76.315],[-85.056,76.52],[-84.235,76.447],[-84.293,76.664],[-83.279,76.406],[-83.401,76.762],[-83.103,76.466],[-82.282,76.4],[-82.73,76.821],[-82.276,76.635],[-81.783,76.688],[-82.056,76.516],[-81.207,76.564],[-80.772,76.42],[-81.073,76.129],[-79.293,76.302],[-78.774,76.577],[-78.5,76.459],[-78.141,76.527],[-77.716,76.822],[-78.091,77.023],[-78.72,76.828],[-79.389,76.93],[-79.007,77.105],[-79.432,77.239],[-80.372,77.075],[-80.115,77.206],[-81.103,77.287],[-81.858,77.17],[-82.152,77.316],[-81.171,77.333],[-81.937,77.685],[-80.78,77.336],[-79.133,77.291],[-77.716,77.61],[-78.217,78.003],[-75.901,77.968],[-75.618,78.131],[-76.888,78.223],[-75.626,78.2],[-75.03,78.336],[-76.688,78.52],[-74.633,78.59],[-74.774,78.835],[-76.459,78.849],[-75.722,78.967],[-76.733,79.037],[-78.271,78.774],[-77.732,79.025],[-78.895,79.069],[-76.169,79.077],[-78.257,79.172],[-76.089,79.205],[-74.492,79.037],[-74.469,79.227],[-77.497,79.248],[-78.059,79.357],[-77.162,79.33],[-77.124,79.469],[-75.914,79.347],[-77.134,79.549],[-75.028,79.373],[-74.996,79.513],[-73.317,79.509],[-73.383,79.776],[-74.845,79.85],[-74.228,79.896],[-72.232,79.663],[-71.142,79.79],[-71.449,79.916],[-70.514,80.103],[-72.342,80.063],[-72.379,80.228],[-71.735,80.118],[-70.159,80.192],[-70.824,80.567],[-70.309,80.358],[-69.374,80.397],[-64.449,81.471],[-65.736,81.493],[-70.02,81.106],[-66.608,81.516],[-68.581,81.516],[-69.308,81.722],[-68.213,81.563],[-64.373,81.725],[-61.085,82.331]]],[[[-79.978,56.202],[-79.546,56.53],[-80.06,56.304],[-79.978,56.202]]],[[[-66.861,44.727],[-66.906,44.606],[-66.69,44.62],[-66.743,44.782],[-66.861,44.727]]],[[[-60.914,45.567],[-61.112,45.549],[-61.004,45.461],[-60.914,45.567]]],[[[-73.499,45.71],[-73.968,45.437],[-73.589,45.448],[-73.499,45.71]]],[[[-60.081,45.792],[-59.805,45.936],[-59.958,46.027],[-59.811,46.17],[-60.136,46.252],[-60.29,46.156],[-60.284,46.328],[-60.782,45.954],[-60.4,45.998],[-60.732,45.684],[-61.148,45.708],[-60.736,46.057],[-61.119,45.949],[-60.632,46.118],[-60.427,46.284],[-60.599,46.197],[-60.306,46.834],[-60.496,46.895],[-60.396,47.026],[-60.603,47.034],[-61.541,46.04],[-61.455,45.71],[-61.285,45.548],[-60.871,45.646],[-60.727,45.566],[-60.081,45.792]]],[[[-62.004,46.464],[-63.936,46.478],[-63.997,47.067],[-64.417,46.683],[-64.073,46.642],[-64.134,46.416],[-63.737,46.396],[-63.602,46.217],[-63.233,46.145],[-62.963,46.32],[-63.117,46.216],[-62.866,46.136],[-63.031,46.067],[-62.751,45.951],[-62.456,46.025],[-62.576,46.239],[-62.004,46.464]]],[[[-61.671,47.547],[-61.386,47.644],[-61.562,47.627],[-61.941,47.403],[-62.011,47.225],[-61.793,47.24],[-61.966,47.283],[-61.593,47.561],[-61.859,47.424],[-61.671,47.547]]],[[[-64.319,49.791],[-63.093,49.233],[-62.248,49.068],[-61.661,49.151],[-63.124,49.784],[-64.214,49.952],[-64.511,49.868],[-64.319,49.791]]],[[[-79.395,52.084],[-79.62,51.92],[-79.337,51.963],[-79.395,52.084]]],[[[-80.759,52.919],[-81.174,53.212],[-81.883,53.18],[-82.063,53.023],[-80.718,52.695],[-80.759,52.919]]],[[[-79.286,54.914],[-79.78,54.784],[-79.019,54.941],[-79.286,54.914]]],[[[-78.758,56.168],[-78.7,56.449],[-78.936,56.119],[-78.758,56.168]]],[[[-79.546,56.044],[-79.786,55.79],[-79.156,56.236],[-79.286,55.866],[-78.98,56.392],[-79.203,55.859],[-78.882,56.326],[-79.204,56.685],[-79.409,56.222],[-79.605,56.129],[-79.454,56.56],[-80.026,55.9],[-79.909,55.825],[-79.493,56.132],[-79.546,56.044]]]]}},{"type":"Feature","properties":{"id":"CHE"},"geometry":{"type":"Polygon","coordinates":[[[10.454,46.864],[10.379,46.996],[10.111,46.847],[9.581,47.057],[9.477,47.064],[9.521,47.263],[9.547,47.535],[8.558,47.801],[8.391,47.665],[8.561,47.589],[7.586,47.585],[7.379,47.431],[6.973,47.489],[6.867,47.354],[7.037,47.33],[6.443,46.944],[5.959,46.212],[6.108,46.139],[6.302,46.394],[6.763,46.429],[6.766,46.152],[7.022,45.925],[7.844,45.919],[8.399,46.452],[8.438,46.235],[9.002,45.821],[9.263,46.485],[9.435,46.498],[9.536,46.299],[9.918,46.371],[10.118,46.231],[10.033,46.533],[10.192,46.627],[10.444,46.538],[10.454,46.864]]]}},{"type":"Feature","properties":{"id":"CHL"},"geometry":{"type":"MultiPolygon","coordinates":[[[[-69.51,-17.507],[-69.85,-17.692],[-69.783,-17.982],[-69.97,-18.251],[-70.395,-18.338],[-70.137,-19.849],[-70.214,-20.812],[-70.059,-21.433],[-70.292,-22.902],[-70.425,-23.089],[-70.562,-23.06],[-70.632,-23.517],[-70.391,-23.577],[-70.583,-24.525],[-70.434,-25.236],[-70.74,-25.829],[-70.63,-26.341],[-70.96,-27.161],[-70.912,-27.622],[-71.522,-28.94],[-71.283,-29.88],[-71.399,-30.177],[-71.638,-30.241],[-71.713,-30.615],[-71.448,-32.666],[-71.762,-33.102],[-71.654,-33.657],[-72.019,-34.141],[-72.231,-35.116],[-72.647,-35.567],[-72.584,-35.771],[-72.8,-35.978],[-72.988,-36.703],[-73.119,-36.597],[-73.207,-36.775],[-73.209,-37.16],[-73.608,-37.155],[-73.68,-37.348],[-73.463,-38.051],[-73.521,-38.522],[-73.21,-39.194],[-73.379,-39.9],[-73.711,-39.969],[-73.947,-40.973],[-73.807,-41.556],[-73.495,-41.51],[-73.76,-41.749],[-73.201,-41.785],[-72.947,-41.483],[-72.584,-41.71],[-72.3,-41.405],[-72.303,-41.648],[-72.889,-41.911],[-72.464,-41.976],[-72.42,-42.44],[-72.595,-42.182],[-72.844,-42.278],[-72.539,-42.558],[-72.84,-42.525],[-72.734,-43.08],[-72.865,-43.019],[-73.085,-43.316],[-72.906,-43.608],[-73.055,-43.716],[-72.847,-43.679],[-72.825,-43.808],[-73.013,-43.772],[-73.287,-44.123],[-72.722,-44.501],[-72.591,-44.341],[-72.598,-44.505],[-72.728,-44.759],[-73.117,-44.948],[-73.386,-44.974],[-73.304,-45.145],[-73.459,-45.221],[-72.831,-45.418],[-73.226,-45.301],[-73.511,-45.452],[-73.592,-45.78],[-73.186,-45.663],[-73.56,-45.83],[-73.688,-46.322],[-73.345,-46.027],[-73.852,-46.595],[-73.989,-46.56],[-73.773,-46.321],[-73.882,-46.142],[-74.019,-46.204],[-73.845,-46.342],[-74.078,-46.322],[-74.05,-46.191],[-74.342,-46.261],[-74.49,-46.189],[-74.313,-46.25],[-73.971,-46.084],[-74.061,-45.981],[-74.167,-46.136],[-74.103,-45.837],[-74.36,-45.79],[-74.465,-46.022],[-74.666,-45.823],[-74.777,-46.212],[-75.091,-46.216],[-75.03,-46.342],[-75.196,-46.298],[-75.708,-46.655],[-75.65,-46.873],[-75.411,-46.932],[-75.422,-46.714],[-75.597,-46.701],[-74.934,-46.438],[-75.007,-46.754],[-74.856,-46.814],[-74.815,-46.768],[-74.681,-46.884],[-74.479,-46.902],[-74.673,-46.849],[-74.64,-46.78],[-74.484,-46.784],[-74.592,-46.726],[-74.126,-46.829],[-73.974,-47.255],[-74.115,-47.193],[-74.112,-47.336],[-74.325,-47.219],[-74.529,-47.432],[-74.044,-47.609],[-74.254,-47.631],[-74.205,-47.757],[-74.557,-47.55],[-74.736,-47.719],[-73.924,-47.843],[-73.721,-47.527],[-73.71,-47.776],[-73.228,-48.004],[-73.653,-47.898],[-73.482,-48.123],[-73.282,-48.079],[-73.556,-48.247],[-73.77,-48.028],[-74.31,-47.99],[-74.206,-48.231],[-74.345,-48.021],[-74.625,-48.004],[-74.469,-48.028],[-74.27,-48.336],[-73.893,-48.411],[-73.993,-48.597],[-74.197,-48.473],[-74.4,-48.611],[-74.057,-48.74],[-74.448,-48.808],[-74.423,-49.385],[-74.215,-49.523],[-74.057,-49.012],[-73.833,-49.032],[-74.044,-49.083],[-73.845,-49.35],[-74.074,-49.262],[-74.124,-49.423],[-73.688,-49.72],[-74.054,-49.539],[-74.322,-49.633],[-74.064,-49.714],[-74.325,-49.871],[-74.036,-49.965],[-73.906,-49.857],[-73.886,-50.077],[-74.365,-49.99],[-73.858,-50.289],[-74.194,-50.26],[-74.348,-50.086],[-74.695,-50.183],[-74.439,-50.357],[-74.283,-50.265],[-74.253,-50.441],[-74.016,-50.364],[-74.129,-50.423],[-73.88,-50.543],[-74.297,-50.481],[-74.043,-50.822],[-73.564,-50.405],[-73.725,-50.559],[-73.474,-50.672],[-73.773,-50.671],[-73.803,-50.961],[-73.927,-50.864],[-74.256,-50.939],[-74.232,-51.036],[-74.071,-50.954],[-74.13,-51.188],[-73.694,-51.139],[-73.612,-51.625],[-73.934,-51.406],[-73.719,-51.776],[-73.461,-51.687],[-73.4,-52.016],[-73.621,-51.812],[-73.564,-52.04],[-73.293,-52.166],[-73.386,-51.653],[-73.224,-52.091],[-72.919,-51.859],[-73.207,-51.879],[-72.995,-51.79],[-73.28,-51.606],[-72.724,-51.838],[-72.562,-51.778],[-73.262,-51.495],[-73.091,-51.421],[-72.467,-51.79],[-72.67,-51.961],[-72.467,-52.204],[-72.522,-52.448],[-72.931,-52.448],[-72.536,-52.222],[-72.803,-51.937],[-72.866,-52.257],[-73.079,-52.237],[-72.998,-52.065],[-73.303,-52.222],[-73.735,-52.03],[-73.495,-52.476],[-73.7,-52.715],[-73.394,-52.544],[-73.269,-52.674],[-73.195,-52.43],[-72.887,-52.515],[-73.092,-52.494],[-73.233,-52.791],[-73.564,-52.797],[-73.205,-52.897],[-73.437,-53.013],[-72.98,-53.055],[-73.016,-52.842],[-72.674,-52.653],[-72.988,-52.704],[-72.858,-52.502],[-72.39,-52.508],[-72.419,-52.653],[-72.282,-52.514],[-71.478,-52.646],[-72.161,-52.652],[-72.715,-52.869],[-72.703,-52.708],[-72.976,-52.839],[-72.713,-53.29],[-73.303,-53.153],[-73.199,-53.241],[-72.365,-53.537],[-72.645,-53.318],[-72.191,-53.181],[-72.563,-53.079],[-72.022,-53.125],[-71.399,-52.728],[-71.119,-52.92],[-71.742,-53.223],[-71.754,-53.462],[-71.814,-53.521],[-72.005,-53.562],[-71.789,-53.441],[-71.856,-53.225],[-72.093,-53.423],[-72.282,-53.243],[-72.453,-53.407],[-72.104,-53.689],[-71.285,-53.886],[-70.974,-53.756],[-70.864,-52.721],[-69.672,-52.531],[-69.235,-52.203],[-68.449,-52.347],[-69.953,-52.007],[-71.965,-51.971],[-72.45,-51.553],[-72.303,-50.649],[-73.178,-50.749],[-73.541,-50.114],[-73.465,-49.76],[-73.471,-49.317],[-73.098,-49.273],[-73.01,-48.99],[-72.592,-48.791],[-72.577,-48.452],[-72.295,-48.333],[-72.544,-47.915],[-72.361,-47.451],[-71.881,-47.222],[-71.95,-46.814],[-71.687,-46.69],[-71.915,-46.152],[-71.612,-45.971],[-71.765,-45.572],[-71.312,-45.299],[-71.589,-44.978],[-72.073,-44.902],[-72.089,-44.783],[-71.298,-44.796],[-71.122,-44.549],[-71.21,-44.428],[-71.861,-44.377],[-71.66,-43.926],[-71.819,-43.758],[-71.714,-43.602],[-71.955,-43.444],[-71.743,-43.19],[-72.149,-42.999],[-72.134,-42.288],[-71.736,-42.084],[-71.956,-40.72],[-71.674,-40.324],[-71.824,-40.21],[-71.617,-39.91],[-71.714,-39.601],[-71.504,-39.602],[-71.4,-38.911],[-70.945,-38.747],[-70.834,-38.564],[-71.185,-37.706],[-71.195,-36.839],[-71.043,-36.484],[-70.719,-36.415],[-70.387,-36.059],[-70.428,-35.357],[-70.579,-35.26],[-70.387,-35.167],[-70.058,-34.291],[-69.829,-34.233],[-69.788,-33.379],[-70.109,-33.17],[-70,-32.877],[-70.389,-32.053],[-70.244,-31.942],[-70.59,-31.568],[-70.569,-31.304],[-70.267,-31.036],[-70.173,-30.365],[-69.965,-30.375],[-69.836,-30.162],[-69.98,-30.072],[-70.041,-29.298],[-69.804,-29.099],[-69.653,-28.398],[-69.19,-27.951],[-68.814,-27.12],[-68.33,-27.045],[-68.595,-26.457],[-68.409,-26.144],[-68.606,-25.437],[-68.367,-25.123],[-68.572,-24.77],[-68.244,-24.385],[-67.34,-24.001],[-67.014,-23.001],[-67.194,-22.822],[-67.887,-22.819],[-68.208,-21.284],[-68.555,-20.914],[-68.481,-20.625],[-68.765,-20.421],[-68.793,-20.107],[-68.542,-19.92],[-68.703,-19.716],[-68.448,-19.435],[-68.99,-18.946],[-69.082,-18.04],[-69.302,-17.976],[-69.51,-17.507]]],[[[-68.642,-54.799],[-68.642,-54.783],[-68.628,-52.64],[-68.779,-52.548],[-69.14,-52.684],[-69.418,-52.451],[-69.911,-52.848],[-70.426,-52.766],[-70.089,-52.911],[-70.243,-53.062],[-70.419,-53.012],[-70.42,-53.376],[-70.203,-53.469],[-69.353,-53.356],[-69.361,-53.522],[-70.185,-53.811],[-70.014,-54.114],[-68.989,-54.431],[-69.17,-54.578],[-69.377,-54.682],[-69.228,-54.464],[-69.5,-54.342],[-69.536,-54.442],[-69.859,-54.28],[-69.775,-54.555],[-70.034,-54.257],[-70.137,-54.428],[-70.933,-54.114],[-70.131,-54.545],[-70.585,-54.391],[-70.764,-54.6],[-70.61,-54.339],[-70.801,-54.316],[-71.09,-54.511],[-71.365,-54.373],[-71.563,-54.511],[-71.851,-54.415],[-71.672,-54.572],[-72.008,-54.505],[-71.944,-54.655],[-71.598,-54.581],[-71.488,-54.687],[-71.234,-54.531],[-71.29,-54.676],[-70.952,-54.616],[-71.028,-54.777],[-70.491,-54.614],[-70.759,-54.841],[-70.365,-54.835],[-70.245,-54.689],[-70.309,-54.839],[-69.993,-54.835],[-69.97,-54.677],[-69.912,-54.819],[-69.627,-54.692],[-69.648,-54.823],[-69.13,-54.942],[-68.738,-54.896],[-68.929,-54.779],[-68.654,-54.886],[-68.642,-54.799]]],[[[-109.232,-27.092],[-109.38,-27.059],[-109.451,-27.195],[-109.232,-27.092]]],[[[-67.502,-55.821],[-67.914,-55.837],[-67.622,-55.919],[-67.502,-55.821]]],[[[-67.376,-55.751],[-67.359,-55.574],[-67.582,-55.709],[-67.376,-55.751]]],[[[-66.869,-55.024],[-67.071,-55.009],[-66.807,-55.113],[-66.869,-55.024]]],[[[-67.999,-55.628],[-68.146,-55.404],[-68.746,-55.271],[-68.209,-55.263],[-69.057,-55.061],[-68.616,-55.152],[-68.335,-55.062],[-68.441,-54.94],[-70.031,-55.148],[-69.848,-55.258],[-69.5,-55.175],[-69.788,-55.306],[-69.162,-55.514],[-69.439,-55.162],[-68.801,-55.189],[-68.865,-55.505],[-68.617,-55.408],[-68.089,-55.715],[-67.999,-55.628]]],[[[-67.883,-55.244],[-67.503,-55.172],[-67.271,-55.307],[-67.062,-55.072],[-67.302,-54.929],[-68.345,-54.921],[-68.135,-55.219],[-67.883,-55.244]]],[[[-70.295,-55.082],[-70.73,-55.013],[-70.35,-54.894],[-71.013,-54.965],[-70.716,-55.123],[-70.59,-55.05],[-70.548,-55.214],[-70.295,-55.082]]],[[[-69.904,-54.997],[-69.164,-54.956],[-69.728,-54.865],[-69.904,-54.997]]],[[[-72.297,-54.079],[-72.502,-54.243],[-72.302,-54.251],[-72.297,-54.079]]],[[[-71.631,-54.079],[-71.652,-54.232],[-71.417,-54.11],[-71.107,-54.377],[-71.029,-54.086],[-71.221,-54.185],[-71.463,-53.942],[-71.631,-54.079]]],[[[-72.015,-54.202],[-71.846,-54.338],[-71.947,-54.007],[-71.766,-54.164],[-71.652,-54.089],[-71.653,-53.926],[-71.946,-53.853],[-72.065,-53.984],[-72.259,-53.93],[-72.015,-54.202]]],[[[-70.455,-53.612],[-70.713,-53.701],[-70.606,-53.865],[-70.901,-53.874],[-70.54,-54.222],[-70.67,-53.95],[-70.336,-54.007],[-70.455,-53.612]]],[[[-73.392,-53.414],[-73.803,-53.434],[-73.482,-53.572],[-73.392,-53.414]]],[[[-72.53,-54.075],[-72.139,-53.798],[-72.453,-53.742],[-72.447,-53.584],[-72.673,-53.537],[-72.679,-53.673],[-72.858,-53.453],[-72.884,-53.681],[-72.913,-53.427],[-73.421,-53.467],[-72.947,-53.647],[-73.585,-53.583],[-73.592,-53.756],[-73.245,-53.716],[-73.338,-53.955],[-73.098,-54.038],[-73.056,-53.813],[-72.802,-53.817],[-72.762,-54.03],[-73.009,-54.092],[-72.53,-54.075]]],[[[-73.433,-52.865],[-73.811,-52.914],[-73.419,-52.958],[-73.433,-52.865]]],[[[-73.207,-53.318],[-73.46,-53.133],[-73.516,-53.261],[-73.623,-53.06],[-74.75,-52.756],[-74.318,-53.097],[-73.88,-53.058],[-73.584,-53.318],[-73.207,-53.318]]],[[[-73.837,-52.701],[-73.749,-52.4],[-74.184,-52.587],[-74.123,-52.707],[-73.872,-52.55],[-73.837,-52.701]]],[[[-74.673,-52.391],[-74.544,-52.246],[-74.9,-52.19],[-74.673,-52.391]]],[[[-74.123,-52.398],[-73.936,-52.325],[-74.322,-52.085],[-74.123,-52.398]]],[[[-74.75,-52.043],[-74.598,-51.837],[-74.871,-52.137],[-74.75,-52.043]]],[[[-74.435,-51.845],[-74.096,-51.877],[-74.503,-51.707],[-74.435,-51.845]]],[[[-74.89,-52.002],[-74.865,-51.618],[-75.014,-52.104],[-74.89,-52.002]]],[[[-73.944,-51.741],[-74.098,-51.539],[-74.241,-51.699],[-73.944,-51.741]]],[[[-75.024,-51.331],[-75.22,-51.305],[-75.307,-51.631],[-75.024,-51.331]]],[[[-74.739,-51.369],[-74.544,-51.365],[-74.602,-51.206],[-75.016,-51.468],[-74.739,-51.369]]],[[[-74.42,-51.111],[-74.605,-51.08],[-74.434,-51.206],[-74.42,-51.111]]],[[[-74.386,-50.981],[-74.66,-50.728],[-74.625,-50.925],[-74.966,-50.95],[-74.725,-51.105],[-74.386,-50.981]]],[[[-74.906,-50.797],[-74.693,-50.89],[-74.805,-50.666],[-74.906,-50.797]]],[[[-75.126,-50.494],[-75.469,-50.494],[-75.462,-50.762],[-75.291,-50.782],[-75.346,-50.561],[-75.126,-50.494]]],[[[-74.31,-50.834],[-74.366,-50.474],[-74.595,-50.433],[-74.31,-50.834]]],[[[-75.041,-50.289],[-74.8,-50.125],[-75.071,-50.186],[-74.965,-50.072],[-75.395,-50.032],[-75.12,-50.139],[-75.179,-50.256],[-75.39,-50.162],[-75.455,-50.364],[-75.195,-50.303],[-75.223,-50.436],[-75.041,-50.289]]],[[[-75.448,-49.775],[-75.181,-49.905],[-75.504,-49.557],[-75.617,-49.864],[-75.448,-49.775]]],[[[-74.903,-49.077],[-75.126,-49.021],[-75.236,-49.145],[-75.12,-49.131],[-75.202,-49.172],[-75.058,-49.165],[-74.936,-49.28],[-74.903,-49.077]]],[[[-75.215,-49.015],[-75.394,-48.829],[-75.634,-48.872],[-75.499,-49.039],[-75.215,-49.015]]],[[[-75.198,-49.771],[-75.01,-49.899],[-74.988,-49.479],[-74.646,-49.35],[-74.887,-49.535],[-74.708,-49.638],[-74.892,-49.614],[-74.729,-49.843],[-74.914,-49.926],[-74.681,-49.928],[-74.768,-50.053],[-74.474,-49.945],[-74.544,-48.706],[-74.635,-48.855],[-74.697,-48.68],[-75.058,-48.817],[-74.873,-48.843],[-74.969,-48.987],[-74.824,-48.95],[-74.893,-49.364],[-75.092,-49.2],[-75.037,-49.26],[-75.187,-49.288],[-75.092,-49.37],[-75.306,-49.255],[-75.167,-49.501],[-75.462,-49.307],[-75.198,-49.771]]],[[[-75.339,-48.624],[-75.648,-48.779],[-75.297,-48.727],[-75.339,-48.624]]],[[[-75.328,-48.552],[-75.344,-48.427],[-75.606,-48.439],[-75.675,-48.583],[-75.441,-48.611],[-75.542,-48.701],[-75.328,-48.552]]],[[[-74.495,-48.35],[-74.223,-48.445],[-74.314,-48.281],[-74.495,-48.35]]],[[[-74.499,-48.583],[-74.738,-48.126],[-74.717,-48.454],[-74.946,-48.418],[-75.011,-48.587],[-74.607,-48.694],[-74.499,-48.583]]],[[[-74.544,-48.322],[-74.373,-48.253],[-74.558,-48.122],[-74.544,-48.322]]],[[[-75.161,-48.298],[-75.031,-48.444],[-74.852,-48.37],[-74.828,-48.145],[-75.256,-48.069],[-75.161,-48.298]]],[[[-75.15,-48.658],[-75.339,-48.018],[-75.505,-48.031],[-75.554,-48.308],[-75.346,-48.301],[-75.554,-48.397],[-75.318,-48.349],[-75.15,-48.658]]],[[[-75.271,-48.028],[-74.727,-48.106],[-74.788,-47.812],[-75.271,-48.028]]],[[[-74.414,-47.938],[-73.809,-47.887],[-74.29,-47.807],[-74.414,-47.938]]],[[[-75.182,-47.831],[-75.092,-47.68],[-75.356,-47.736],[-75.182,-47.831]]],[[[-74.469,-47.075],[-74.455,-47.168],[-74.316,-47.065],[-74.469,-47.075]]],[[[-73.725,-46.05],[-73.941,-46.068],[-73.792,-46.197],[-73.725,-46.05]]],[[[-74.753,-45.808],[-74.884,-45.929],[-75.108,-45.874],[-74.859,-45.999],[-75.063,-46.102],[-74.781,-46.011],[-74.753,-45.808]]],[[[-73.927,-45.745],[-74.095,-45.764],[-74.016,-45.914],[-73.927,-45.745]]],[[[-74.071,-45.691],[-73.905,-45.67],[-74.031,-45.533],[-74.071,-45.691]]],[[[-74.503,-45.732],[-74.208,-45.636],[-74.372,-45.451],[-74.503,-45.732]]],[[[-73.666,-45.437],[-73.818,-45.643],[-73.68,-45.753],[-73.666,-45.437]]],[[[-73.886,-45.471],[-74.064,-45.423],[-74.143,-45.575],[-73.886,-45.471]]],[[[-73.824,-45.266],[-74.167,-45.253],[-74.012,-45.354],[-73.824,-45.266]]],[[[-73.732,-45.215],[-73.866,-44.995],[-74.235,-45.072],[-73.99,-45.246],[-73.732,-45.215]]],[[[-74.27,-44.944],[-74.357,-45.011],[-73.913,-44.95],[-74.27,-44.944]]],[[[-73.927,-44.629],[-74.414,-44.686],[-74.259,-44.804],[-73.927,-44.629]]],[[[-73.66,-44.677],[-73.796,-44.553],[-73.753,-44.741],[-73.66,-44.677]]],[[[-74.393,-44.547],[-74.268,-44.406],[-74.541,-44.454],[-74.393,-44.547]]],[[[-73.382,-44.588],[-73.257,-44.94],[-72.838,-44.71],[-72.981,-44.601],[-72.721,-44.528],[-72.981,-44.512],[-73.002,-44.361],[-73.036,-44.485],[-73.246,-44.437],[-73.241,-44.639],[-73.382,-44.588]]],[[[-74.109,-44.227],[-74.018,-44.328],[-73.894,-44.239],[-74.109,-44.227]]],[[[-74.144,-43.828],[-73.762,-43.889],[-73.865,-43.763],[-74.144,-43.828]]],[[[-74.818,-43.635],[-74.557,-43.627],[-74.738,-43.53],[-74.818,-43.635]]],[[[-74.335,-43.282],[-73.847,-43.423],[-73.669,-43.364],[-73.776,-43.118],[-73.502,-43.128],[-73.708,-42.867],[-73.492,-42.819],[-73.824,-42.514],[-73.379,-42.278],[-73.578,-41.799],[-73.77,-41.902],[-74.064,-41.806],[-74.335,-43.282]]],[[[-73.815,-51.864],[-73.979,-51.839],[-73.738,-52.011],[-73.815,-51.864]]]]}},{"type":"Feature","properties":{"id":"CHN"},"geometry":{"type":"MultiPolygon","coordinates":[[[[76.777,35.646],[77.384,35.472],[78.044,35.492],[78.296,34.625],[78.985,34.286],[78.73,34.079],[78.801,33.494],[79.456,33.25],[79.334,32.994],[79.621,32.729],[79.444,32.535],[79.32,32.592],[78.943,32.346],[78.737,32.63],[78.385,32.548],[78.458,32.23],[78.745,31.964],[78.745,31.308],[78.921,31.27],[79.131,31.438],[79.402,31.024],[79.85,30.954],[80.225,30.734],[80.18,30.559],[80.996,30.197],[81.195,30.004],[81.388,30.374],[82.073,30.337],[82.154,30.058],[82.837,29.66],[83.174,29.621],[83.524,29.184],[84.09,29.257],[84.451,28.734],[84.812,28.542],[85.161,28.595],[85.109,28.292],[85.693,28.335],[85.98,27.885],[86.156,28.157],[86.425,27.91],[86.662,28.107],[87.156,27.826],[88.118,27.861],[88.594,28.107],[88.78,28.028],[88.742,27.532],[88.892,27.316],[89.459,28.048],[89.916,28.316],[90.226,28.358],[90.588,28.233],[90.475,28.072],[91.009,27.967],[91.29,28.091],[91.628,27.853],[91.952,27.725],[92.575,27.848],[92.736,27.986],[92.679,28.133],[93.208,28.341],[93.317,28.603],[93.928,28.683],[94.347,29.024],[94.288,29.148],[94.63,29.319],[95.367,29.037],[95.745,29.34],[96.142,29.368],[96.366,29.257],[96.195,28.941],[96.367,29.037],[96.593,28.758],[96.302,28.421],[97.078,28.375],[97.323,28.217],[97.528,28.53],[97.67,28.511],[98.119,28.141],[98.295,27.537],[98.41,27.684],[98.666,27.597],[98.75,26.792],[98.706,26.175],[98.546,26.106],[98.685,25.853],[98.498,25.831],[98.312,25.557],[98.14,25.611],[98.045,25.312],[97.801,25.238],[97.773,24.855],[97.536,24.745],[97.514,24.462],[97.72,24.147],[97.516,23.943],[97.625,23.847],[98.105,24.102],[98.866,24.146],[98.659,23.961],[98.856,23.61],[98.859,23.179],[99.334,23.13],[99.538,22.926],[99.308,22.745],[99.358,22.495],[99.144,22.154],[99.942,22.046],[99.95,21.721],[100.143,21.655],[100.187,21.428],[100.622,21.469],[101.083,21.767],[101.159,21.553],[101.26,21.179],[101.767,21.151],[101.804,21.626],[101.516,22.245],[101.713,22.492],[102.119,22.398],[102.468,22.769],[103.009,22.43],[103.322,22.79],[103.504,22.581],[103.647,22.799],[103.96,22.507],[104.087,22.792],[104.34,22.686],[104.701,22.818],[104.87,23.164],[105.312,23.366],[105.854,22.905],[106.132,22.975],[106.79,22.797],[106.527,22.438],[106.659,21.963],[107.009,21.927],[107.348,21.599],[107.778,21.656],[107.991,21.486],[108.21,21.644],[108.278,21.54],[108.341,21.726],[108.471,21.671],[108.402,21.56],[108.519,21.596],[108.478,21.945],[108.745,21.603],[108.861,21.644],[108.801,21.818],[108.928,21.615],[109.136,21.603],[109.04,21.45],[109.139,21.402],[109.531,21.492],[109.465,21.664],[109.594,21.746],[109.65,21.52],[109.944,21.493],[109.766,21.356],[109.661,20.928],[109.86,20.715],[109.752,20.674],[109.822,20.517],[110.01,20.434],[109.863,20.406],[109.917,20.239],[110.28,20.253],[110.534,20.478],[110.301,20.657],[110.369,20.849],[110.157,20.849],[110.196,21.071],[110.399,21.177],[110.358,21.436],[110.431,21.191],[111.028,21.541],[111.267,21.439],[111.432,21.603],[111.63,21.53],[111.788,21.616],[111.678,21.781],[111.868,21.677],[112,21.774],[111.89,21.925],[112.286,21.709],[112.397,22.069],[112.551,21.773],[112.826,21.966],[112.912,21.856],[113.085,22.208],[113.157,22.025],[113.402,22.18],[113.165,22.576],[113.484,22.155],[113.599,22.575],[113.213,22.905],[113.484,22.924],[113.417,23.097],[113.83,23.117],[113.533,22.996],[113.597,22.918],[113.638,23.035],[113.606,22.847],[113.89,22.453],[114.082,22.529],[114.23,22.556],[114.409,22.612],[114.516,22.453],[114.618,22.514],[114.522,22.706],[114.785,22.816],[114.744,22.609],[114.896,22.548],[114.863,22.763],[114.985,22.689],[115.317,22.905],[115.233,22.788],[115.575,22.668],[115.612,22.864],[115.406,22.925],[115.73,22.934],[115.81,22.746],[116.214,22.983],[116.495,22.939],[116.509,23.234],[116.805,23.236],[116.523,23.419],[116.773,23.349],[116.917,23.663],[117.257,23.616],[117.277,23.782],[117.49,23.833],[117.417,23.947],[117.592,23.737],[117.667,24.063],[117.798,24.022],[117.748,23.908],[117.907,24.186],[118.126,24.262],[117.791,24.467],[118.022,24.446],[118.16,24.693],[118.219,24.541],[118.431,24.7],[118.62,24.545],[118.763,24.763],[118.572,24.885],[119.018,24.96],[118.849,25.074],[118.975,25.183],[118.876,25.244],[119.027,25.278],[119.099,25.111],[119.344,25.242],[119.103,25.42],[119.305,25.605],[119.655,25.358],[119.449,25.687],[119.59,25.687],[119.701,25.995],[119.33,25.944],[119.247,25.967],[119.195,26.088],[119.094,26.146],[119.216,26.1],[119.277,26.053],[119.327,26.048],[119.415,26.009],[119.436,25.981],[119.459,25.982],[119.654,26.272],[119.95,26.365],[119.682,26.317],[119.573,26.438],[119.819,26.453],[119.554,26.615],[119.576,26.788],[119.725,26.698],[119.686,26.812],[119.846,26.852],[119.857,26.654],[119.925,26.792],[120.08,26.797],[119.847,26.524],[120.134,26.646],[120.128,26.797],[120.032,26.9],[120.422,27.147],[120.196,27.298],[120.518,27.202],[120.682,27.482],[120.635,27.763],[120.868,27.883],[120.56,28.113],[120.965,27.987],[121.169,28.385],[121.33,28.148],[121.409,28.305],[121.608,28.27],[121.51,28.657],[121.258,28.675],[121.142,28.846],[121.606,28.725],[121.67,28.825],[121.498,28.95],[121.684,28.915],[121.69,29.017],[121.409,29.161],[121.574,29.305],[121.724,29.182],[121.787,29.375],[121.785,29.168],[121.991,29.257],[121.916,29.641],[121.778,29.469],[121.428,29.468],[122.129,29.904],[121.722,29.961],[121.377,30.325],[120.751,30.226],[120.646,30.127],[120.792,30.066],[120.632,30.122],[120.734,30.232],[120.622,30.373],[120.147,30.199],[120.479,30.404],[120.698,30.394],[120.811,30.297],[121.02,30.571],[121.977,30.915],[121.725,31.282],[120.731,31.814],[120.75,31.978],[120.469,32.025],[120.23,31.909],[120.006,31.95],[119.789,32.199],[119.606,32.197],[119.613,32.355],[119.842,32.299],[120.131,31.943],[120.634,32.077],[120.978,31.814],[121.286,31.891],[121.93,31.727],[121.822,31.952],[121.443,32.114],[121.389,32.385],[120.83,32.698],[120.896,33.014],[120.257,34.312],[119.442,34.746],[119.192,34.718],[119.193,35],[119.648,35.584],[119.905,35.625],[120.299,35.973],[120.097,36.226],[120.306,36.274],[120.354,36.041],[120.697,36.144],[120.648,36.331],[120.964,36.548],[120.751,36.617],[121.024,36.584],[121.459,36.829],[121.625,36.74],[121.926,36.994],[122.033,36.898],[122.166,37.014],[122.185,36.85],[122.355,36.829],[122.688,37.41],[122.183,37.418],[122.122,37.563],[121.988,37.426],[121.57,37.429],[121.394,37.622],[121.172,37.577],[120.738,37.834],[120.216,37.684],[120.298,37.598],[119.859,37.36],[119.771,37.152],[119.146,37.179],[118.961,37.296],[118.97,37.593],[119.069,37.741],[119.26,37.716],[118.95,38.097],[118.065,38.143],[117.716,38.379],[117.544,38.621],[117.715,39.111],[118.028,39.22],[118.326,39.031],[118.926,39.131],[119.279,39.384],[119.209,39.57],[119.536,39.891],[120.472,40.214],[121.2,40.931],[121.74,40.849],[121.868,40.996],[121.851,40.832],[122.302,40.502],[121.874,39.991],[121.471,39.81],[121.533,39.622],[121.223,39.529],[121.526,39.365],[121.943,39.399],[121.59,39.264],[121.674,39.088],[121.118,38.943],[121.153,38.728],[121.696,38.863],[121.587,38.94],[121.725,39.03],[121.871,38.951],[122.29,39.351],[123.223,39.68],[123.245,39.814],[123.428,39.727],[123.657,39.919],[124.118,39.833],[124.37,40.098],[124.896,40.484],[126.008,40.899],[126.522,41.352],[126.679,41.736],[126.93,41.801],[127.135,41.522],[128.146,41.376],[128.303,41.583],[128.035,41.994],[128.94,42.035],[129.34,42.445],[129.703,42.442],[129.909,43.008],[130.239,42.902],[130.531,42.53],[130.407,42.735],[131.103,42.91],[131.281,43.38],[131.264,44.054],[130.933,44.842],[131.434,44.961],[131.853,45.338],[132.921,45.028],[133.115,45.123],[133.18,45.494],[133.477,45.628],[133.902,46.259],[134.184,47.328],[134.773,47.711],[134.559,48.01],[134.719,48.263],[134.386,48.381],[133.524,48.095],[133.092,48.107],[132.675,47.951],[132.525,47.708],[130.966,47.704],[130.675,48.064],[130.759,48.486],[130.53,48.616],[130.674,48.871],[130.202,48.883],[129.481,49.421],[129.115,49.349],[128.672,49.611],[127.855,49.585],[127.539,49.79],[127.591,50.209],[127.331,50.328],[126.972,51.324],[126.809,51.289],[126.909,51.391],[126.439,51.998],[126.556,52.131],[125.991,52.586],[126.088,52.775],[125.646,52.885],[125.621,53.062],[125.074,53.212],[124.87,53.108],[123.614,53.563],[120.874,53.28],[120.033,52.761],[120.079,52.59],[120.724,52.542],[120.779,52.118],[120.1,51.66],[119.138,50.393],[119.364,50.319],[119.209,50.015],[118.644,49.955],[117.837,49.509],[116.684,49.823],[115.791,48.514],[115.8,48.242],[115.514,48.132],[115.576,47.91],[115.915,47.684],[116.244,47.863],[116.822,47.876],[117.361,47.651],[117.767,47.993],[118.473,47.989],[119.7,47.16],[119.854,46.66],[119.317,46.612],[118.847,46.765],[117.798,46.52],[117.394,46.571],[117.337,46.357],[116.568,46.291],[116.17,45.709],[115.667,45.454],[114.534,45.386],[113.635,44.746],[112.749,44.865],[112.413,45.066],[111.843,45.04],[111.396,44.347],[111.933,43.697],[110.973,43.316],[110.407,42.769],[109.485,42.449],[106.768,42.287],[104.974,41.586],[104.505,41.657],[104.501,41.871],[103.691,41.759],[102.034,42.185],[101.525,42.537],[96.358,42.724],[95.874,43.247],[95.535,43.958],[95.319,44.017],[95.398,44.281],[94.698,44.343],[93.525,44.951],[90.873,45.186],[90.651,45.493],[91.002,46.022],[90.885,46.945],[90.045,47.88],[89.751,47.824],[89.542,48.031],[89.046,47.993],[87.983,48.552],[88.059,48.708],[87.738,48.869],[87.816,49.166],[87.324,49.085],[86.859,49.105],[86.565,48.527],[85.719,48.359],[85.515,47.92],[85.679,47.275],[85.499,47.052],[84.74,46.815],[84.664,46.984],[83.905,46.974],[83.021,47.206],[82.291,45.533],[82.632,45.416],[82.54,45.124],[82.245,45.232],[81.95,45.144],[81.665,45.348],[79.858,44.904],[80.492,44.728],[80.339,44.121],[80.793,43.149],[80.368,43.028],[80.554,42.899],[80.144,42.645],[80.21,42.19],[80.231,42.034],[79.843,42.002],[78.36,41.378],[78.075,41.04],[76.861,41.013],[76.33,40.348],[76.244,40.441],[75.682,40.292],[75.56,40.633],[75.194,40.441],[74.835,40.512],[74.862,40.326],[73.977,40.044],[73.819,39.786],[73.922,39.582],[73.633,39.448],[73.816,38.587],[74.029,38.527],[74.334,38.667],[74.833,38.464],[74.892,37.599],[75.164,37.401],[74.892,37.231],[74.368,37.167],[74.542,37.022],[74.872,36.907],[75.119,36.991],[75.432,36.723],[75.791,36.688],[75.987,36.421],[75.922,36.032],[76.166,35.806],[76.555,35.898],[76.777,35.646]]],[[[111.011,19.684],[110.935,19.995],[110.678,20.164],[110.606,19.923],[110.383,20.081],[110.418,19.923],[110.157,20.067],[109.99,19.906],[109.719,20.011],[109.527,19.951],[109.582,19.856],[109.255,19.898],[109.163,19.725],[109.307,19.711],[108.627,19.275],[108.685,18.515],[109.709,18.207],[109.746,18.396],[110.04,18.382],[110.034,18.512],[110.534,18.786],[110.431,18.821],[110.582,19.15],[110.479,19.169],[111.011,19.684]]],[[[117.072,23.473],[116.943,23.43],[117.129,23.399],[117.072,23.473]]],[[[121.906,24.95],[122.005,25.002],[121.581,25.283],[121.059,25.05],[120.184,23.764],[120.055,23.044],[120.285,22.58],[120.621,22.295],[120.714,21.937],[120.84,21.905],[120.948,22.527],[121.4,23.145],[121.906,24.95]]],[[[119.305,26.036],[119.258,26.048],[119.209,26.099],[119.258,26.001],[119.405,25.978],[119.305,26.036]]],[[[110.548,21.037],[110.246,20.986],[110.517,20.938],[110.548,21.037]]],[[[118.394,24.523],[118.284,24.401],[118.463,24.432],[118.394,24.523]]],[[[119.847,25.536],[119.73,25.646],[119.704,25.424],[119.847,25.536]]],[[[122.327,30.024],[121.963,30.142],[122.019,29.997],[122.327,30.024]]],[[[121.844,31.608],[121.176,31.784],[121.572,31.529],[121.978,31.478],[121.844,31.608]]]]}},{"type":"Feature","properties":{"id":"CIV"},"geometry":{"type":"MultiPolygon","coordinates":[[[[-7.99,10.162],[-8.174,9.942],[-8.158,9.531],[-8.054,9.389],[-7.865,9.41],[-7.93,9.184],[-7.747,9.076],[-7.969,8.813],[-7.697,8.625],[-7.662,8.375],[-8.249,8.454],[-8.266,8.246],[-8.003,8.184],[-7.963,8.015],[-8.069,8.029],[-8.229,7.544],[-8.485,7.558],[-8.287,6.994],[-8.619,6.493],[-7.914,6.272],[-7.787,5.958],[-7.447,5.846],[-7.39,5.317],[-7.606,4.897],[-7.541,4.353],[-5.851,5.03],[-5.002,5.129],[-5.399,5.142],[-5.322,5.23],[-4.893,5.129],[-3.996,5.232],[-4.809,5.18],[-4.673,5.314],[-3.744,5.274],[-3.805,5.376],[-3.729,5.267],[-4.002,5.267],[-3.312,5.12],[-3.146,5.369],[-3.139,5.142],[-2.844,5.149],[-2.786,5.595],[-3.03,5.704],[-3.263,6.617],[-2.791,7.943],[-2.506,8.209],[-2.619,8.924],[-2.775,9.055],[-2.689,9.489],[-2.81,9.411],[-3.215,9.916],[-3.755,9.936],[-4.15,9.818],[-4.371,9.583],[-4.51,9.745],[-4.681,9.682],[-4.966,9.901],[-5.119,10.294],[-5.523,10.425],[-6.181,10.216],[-6.256,10.726],[-6.446,10.552],[-6.669,10.654],[-6.669,10.361],[-6.961,10.345],[-7.016,10.141],[-7.363,10.252],[-7.501,10.459],[-7.99,10.162]]],[[[-3.115,5.108],[-3.276,5.118],[-3.12,5.091],[-3.115,5.108]]]]}},{"type":"Feature","properties":{"id":"CLP"},"geometry":{"type":"Polygon","coordinates":[[[-109.212,10.303],[-109.234,10.308],[-109.219,10.282],[-109.212,10.303]]]}},{"type":"Feature","properties":{"id":"CMR"},"geometry":{"type":"Polygon","coordinates":[[[11.322,2.166],[11.352,2.301],[11.657,2.322],[13.164,2.283],[13.295,2.161],[14.562,2.209],[14.892,2.006],[15.707,1.932],[16.07,1.655],[16.197,2.236],[16.055,2.94],[15.171,3.759],[15.026,4.026],[15.19,4.063],[14.717,4.622],[14.659,5.165],[14.52,5.291],[14.617,5.865],[14.387,6.039],[14.772,6.318],[15.481,7.523],[15.563,7.792],[15.184,8.479],[13.948,9.638],[14.182,9.978],[15.681,9.991],[15.132,10.541],[15.021,11.183],[15.111,11.783],[14.831,12.618],[14.555,12.767],[14.418,13.081],[14.065,13.078],[14.189,12.37],[14.668,12.178],[14.616,11.539],[14.165,11.238],[13.982,11.276],[13.755,11.017],[13.435,10.153],[13.23,10.045],[13.195,9.542],[12.855,9.378],[12.795,8.789],[12.369,8.61],[12.227,8.386],[12.192,7.961],[11.737,7.263],[11.872,7.079],[11.562,6.876],[11.319,6.437],[11.097,6.449],[11.037,6.741],[10.579,7.131],[10.496,6.875],[10.211,6.879],[10.143,7.008],[9.789,6.795],[9.693,6.531],[8.845,5.831],[8.799,5.16],[8.594,4.815],[8.51,4.527],[8.723,4.513],[8.655,4.738],[8.788,4.541],[8.847,4.64],[8.983,4.092],[9.412,3.902],[9.479,4.111],[9.579,4.013],[9.755,4.136],[9.619,3.96],[9.764,3.957],[9.744,3.82],[9.546,3.82],[9.626,3.6],[9.82,3.628],[9.642,3.539],[9.929,3.272],[9.8,2.342],[9.991,2.166],[11.322,2.166]]]}},{"type":"Feature","properties":{"id":"COD"},"geometry":{"type":"Polygon","coordinates":[[[18.626,3.477],[18.613,3.128],[18.072,2.16],[17.75,-0.523],[17.308,-1.015],[16.833,-1.269],[16.514,-1.887],[16.195,-2.182],[16.226,-3.313],[15.912,-3.917],[15.534,-4.058],[14.673,-4.9],[14.401,-4.886],[14.387,-4.277],[13.944,-4.498],[13.715,-4.453],[13.712,-4.686],[13.393,-4.885],[13.074,-4.635],[12.444,-5.055],[12.509,-5.726],[12.211,-5.763],[12.435,-6.051],[12.859,-5.82],[13.184,-5.856],[16.597,-5.925],[16.946,-7.205],[17.6,-8.099],[18.098,-8.109],[18.517,-7.932],[19.356,-8.002],[19.522,-7.002],[20.611,-6.916],[20.521,-7.286],[21.785,-7.283],[21.754,-7.997],[21.944,-8.456],[21.792,-9.406],[22.313,-10.369],[22.32,-10.761],[22.166,-10.852],[22.238,-11.25],[22.501,-11.042],[23.834,-11.028],[23.967,-10.872],[24.371,-11.1],[24.285,-11.381],[24.447,-11.464],[25.31,-11.195],[25.345,-11.642],[25.981,-11.903],[26.717,-12.013],[27.18,-11.57],[27.638,-12.294],[27.857,-12.262],[28.423,-12.521],[28.543,-12.886],[28.708,-12.89],[28.994,-13.396],[29.184,-13.437],[29.574,-13.225],[29.617,-13.421],[29.782,-13.456],[29.799,-12.154],[29.474,-12.243],[29.5,-12.453],[29.035,-12.379],[28.508,-11.873],[28.36,-11.534],[28.7,-10.643],[28.57,-10.22],[28.698,-9.792],[28.352,-9.272],[28.893,-8.766],[28.889,-8.483],[30.752,-8.194],[30.294,-7.149],[29.538,-6.312],[29.476,-6.002],[29.612,-5.704],[29.324,-4.92],[29.404,-4.45],[29.215,-3.9],[29.235,-3.047],[29.015,-2.721],[28.866,-2.392],[29.135,-2.198],[29.245,-1.641],[29.578,-1.388],[29.703,0.072],[29.94,0.498],[29.947,0.825],[31.271,2.103],[31.178,2.303],[30.711,2.445],[30.853,2.853],[30.744,3.055],[30.916,3.415],[30.84,3.49],[30.747,3.675],[30.543,3.613],[30.525,3.868],[30.189,3.956],[29.788,4.369],[29.752,4.581],[29.458,4.67],[29.196,4.337],[28.755,4.554],[28.381,4.275],[27.772,4.596],[27.441,5.071],[27.074,5.203],[26.867,5.038],[26.503,5.047],[25.544,5.375],[25.364,5.311],[25.308,5.032],[24.731,4.918],[24.396,5.122],[24.259,4.93],[23.415,4.591],[22.898,4.824],[22.51,4.191],[22.303,4.129],[20.58,4.415],[20.339,4.772],[19.825,5.097],[19.432,5.136],[18.542,4.328],[18.626,3.477]]]}},{"type":"Feature","properties":{"id":"COG"},"geometry":{"type":"Polygon","coordinates":[[[18.626,3.477],[18.472,3.632],[18.182,3.477],[17.459,3.708],[16.639,3.529],[16.197,2.236],[16.07,1.655],[15.707,1.932],[14.892,2.006],[14.562,2.209],[13.295,2.161],[13.15,1.257],[14.144,1.392],[14.468,0.913],[14.329,0.621],[13.945,0.35],[13.831,-0.205],[14.49,-0.601],[14.405,-1.893],[14.24,-1.982],[14.234,-2.355],[14.09,-2.499],[13.846,-2.467],[13.743,-2.097],[13.459,-2.441],[12.969,-2.372],[12.805,-1.919],[12.632,-1.825],[12.427,-1.884],[12.459,-2.33],[11.566,-2.33],[11.531,-2.867],[11.637,-2.833],[11.778,-3.006],[11.688,-3.171],[11.944,-3.303],[11.906,-3.644],[11.688,-3.699],[11.483,-3.509],[11.114,-3.937],[11.806,-4.577],[12.01,-5.02],[12.762,-4.391],[13.074,-4.635],[13.393,-4.885],[13.712,-4.686],[13.715,-4.453],[13.944,-4.498],[14.387,-4.277],[14.401,-4.886],[14.673,-4.9],[15.534,-4.058],[15.912,-3.917],[16.226,-3.313],[16.195,-2.182],[16.514,-1.887],[16.833,-1.269],[17.308,-1.015],[17.75,-0.523],[18.072,2.16],[18.613,3.128],[18.626,3.477]]]}},{"type":"Feature","properties":{"id":"COK"},"geometry":{"type":"Polygon","coordinates":[[[-159.798,-21.186],[-159.846,-21.234],[-159.743,-21.254],[-159.798,-21.186]]]}},{"type":"Feature","properties":{"id":"COL"},"geometry":{"type":"MultiPolygon","coordinates":[[[[-78.829,1.434],[-78.12,0.921],[-77.703,0.843],[-77.397,0.388],[-76.565,0.216],[-76.3,0.462],[-75.283,-0.107],[-74.825,-0.17],[-74.418,-0.543],[-74.267,-0.972],[-73.637,-1.255],[-73.531,-1.674],[-73.193,-1.789],[-73.198,-2.214],[-72.935,-2.425],[-72.176,-2.41],[-71.746,-2.132],[-71.421,-2.376],[-70.905,-2.211],[-70.648,-2.451],[-70.095,-2.633],[-70.734,-3.782],[-70.311,-3.829],[-69.965,-4.236],[-69.399,-1.183],[-69.62,-0.525],[-70.068,-0.16],[-70.054,0.588],[-69.478,0.733],[-69.137,0.65],[-69.289,1.038],[-69.852,1.059],[-69.856,1.708],[-68.163,1.721],[-68.28,1.829],[-68.192,2.015],[-67.929,1.741],[-67.425,2.138],[-67.117,1.71],[-67.086,1.176],[-66.875,1.223],[-67.19,2.394],[-67.627,2.813],[-67.856,2.79],[-67.309,3.384],[-67.632,3.762],[-67.875,4.533],[-67.835,5.339],[-67.617,5.542],[-67.45,6.198],[-67.827,6.313],[-68.635,6.136],[-69.061,6.218],[-69.246,6.081],[-69.444,6.122],[-70.129,6.973],[-70.703,7.1],[-71.184,6.963],[-71.994,7.013],[-72.206,7.382],[-72.479,7.484],[-72.491,7.938],[-72.336,8.104],[-72.791,9.114],[-72.955,9.104],[-73.01,9.295],[-73.391,9.173],[-72.986,9.812],[-72.915,10.433],[-72.499,11.121],[-72.267,11.155],[-71.971,11.662],[-71.328,11.85],[-71.107,12.075],[-71.227,12.305],[-71.697,12.464],[-71.938,12.166],[-72.171,12.234],[-72.263,11.886],[-73.292,11.294],[-74.153,11.344],[-74.395,10.749],[-74.597,10.868],[-74.298,10.992],[-74.844,11.11],[-75.525,10.567],[-75.516,10.319],[-75.704,10.134],[-75.531,10.241],[-75.705,9.701],[-75.576,9.621],[-75.621,9.453],[-75.944,9.441],[-76.316,8.948],[-76.947,8.545],[-76.775,8.417],[-76.757,7.924],[-76.907,7.93],[-76.832,8.137],[-77.374,8.665],[-77.489,8.474],[-77.163,7.939],[-77.58,7.528],[-77.764,7.706],[-77.896,7.235],[-77.665,7.016],[-77.696,6.849],[-77.345,6.566],[-77.484,6.189],[-77.246,5.734],[-77.559,5.503],[-77.381,5.403],[-77.258,4.704],[-77.387,4.347],[-77.236,4.265],[-77.427,4.18],[-77.435,4.029],[-77.346,3.93],[-77.189,4.067],[-77.253,3.841],[-77.032,3.916],[-77.322,3.548],[-77.319,3.32],[-77.457,3.356],[-77.722,2.982],[-77.62,2.932],[-77.812,2.764],[-77.76,2.592],[-78.096,2.651],[-78.132,2.493],[-78.346,2.648],[-78.574,2.433],[-78.703,2.19],[-78.571,1.782],[-78.846,1.822],[-79.022,1.638],[-78.829,1.434]]],[[[-78.131,2.627],[-78.215,2.682],[-78.134,2.504],[-78.131,2.627]]],[[[-77.353,4.265],[-77.428,4.341],[-77.55,4.205],[-77.353,4.265]]]]}},{"type":"Feature","properties":{"id":"COM"},"geometry":{"type":"MultiPolygon","coordinates":[[[[43.789,-12.308],[43.636,-12.237],[43.858,-12.371],[43.789,-12.308]]],[[[44.529,-12.233],[44.467,-12.064],[44.206,-12.161],[44.511,-12.38],[44.529,-12.233]]],[[[43.467,-11.822],[43.395,-11.4],[43.277,-11.38],[43.218,-11.75],[43.438,-11.932],[43.467,-11.822]]]]}},{"type":"Feature","properties":{"id":"CPV"},"geometry":{"type":"MultiPolygon","coordinates":[[[[-24.297,14.918],[-24.365,15.045],[-24.526,14.925],[-24.377,14.816],[-24.297,14.918]]],[[[-23.457,15.024],[-23.78,15.312],[-23.715,14.968],[-23.532,14.909],[-23.457,15.024]]],[[[-23.128,15.312],[-23.251,15.256],[-23.196,15.122],[-23.128,15.312]]],[[[-22.682,16.114],[-22.916,16.244],[-22.964,16.052],[-22.806,15.986],[-22.682,16.114]]],[[[-24.068,16.614],[-24.431,16.639],[-24.325,16.483],[-24.068,16.614]]],[[[-25.047,17.035],[-24.971,17.107],[-25.103,17.197],[-25.36,17.055],[-25.299,16.917],[-25.047,17.035]]]]}},{"type":"Feature","properties":{"id":"CRI"},"geometry":{"type":"Polygon","coordinates":[[[-83.697,10.937],[-83.663,10.807],[-83.917,10.713],[-84.676,11.07],[-84.908,10.939],[-85.598,11.21],[-85.702,11.081],[-85.711,10.928],[-85.946,10.891],[-85.665,10.779],[-85.632,10.621],[-85.875,10.355],[-85.664,9.9],[-85.299,9.808],[-85.11,9.555],[-84.865,9.829],[-85.186,10.036],[-85.289,10.282],[-84.734,9.967],[-84.617,9.578],[-84.208,9.465],[-83.635,9.044],[-83.575,8.788],[-83.737,8.593],[-83.287,8.377],[-83.482,8.713],[-83.171,8.637],[-83.151,8.369],[-82.898,8.035],[-83.052,8.328],[-82.848,8.465],[-82.923,8.756],[-82.719,8.922],[-82.939,9.06],[-82.942,9.456],[-82.847,9.601],[-82.632,9.485],[-82.574,9.576],[-83.204,10.129],[-83.665,10.935],[-83.687,10.938],[-83.697,10.937]]]}},{"type":"Feature","properties":{"id":"CSI"},"geometry":{"type":"Polygon","coordinates":[[[154.391,-21.03],[154.391,-21.029],[154.389,-21.029],[154.391,-21.03]]]}},{"type":"Feature","properties":{"id":"CUB"},"geometry":{"type":"MultiPolygon","coordinates":[[[[-75.095,19.897],[-74.267,20.068],[-74.14,20.242],[-74.998,20.701],[-75.725,20.695],[-75.77,20.836],[-75.551,20.822],[-75.743,20.889],[-75.578,21.013],[-75.704,21.119],[-76.037,21.075],[-76.388,21.284],[-76.537,21.185],[-76.671,21.356],[-76.887,21.307],[-76.812,21.398],[-77.088,21.606],[-77.162,21.48],[-77.258,21.476],[-77.364,21.612],[-77.154,21.555],[-77.134,21.664],[-77.556,21.929],[-77.347,21.639],[-78.708,22.387],[-79.342,22.413],[-79.857,22.821],[-79.793,22.898],[-80.432,22.95],[-80.597,23.156],[-81.149,23.035],[-81.286,23.124],[-81.149,23.212],[-81.529,23.047],[-81.581,23.158],[-82.219,23.194],[-83.226,23.002],[-84.213,22.583],[-84.446,22.205],[-84.289,22.021],[-84.95,21.877],[-84.496,21.934],[-84.508,21.767],[-84.029,21.92],[-83.925,22.172],[-83.415,22.186],[-82.76,22.706],[-81.877,22.68],[-81.652,22.488],[-82.164,22.397],[-81.824,22.189],[-81.205,22.06],[-81.194,22.282],[-81.088,22.086],[-80.471,22.041],[-80.484,22.192],[-80.003,21.721],[-79.209,21.548],[-78.745,21.637],[-78.488,21.039],[-78.066,20.712],[-77.195,20.637],[-77.113,20.368],[-77.586,20.089],[-77.706,19.83],[-76.202,19.992],[-75.233,19.9],[-75.16,19.971],[-75.092,20.061],[-75.137,19.972],[-75.095,19.897]]],[[[-82.568,21.637],[-82.704,21.893],[-82.989,21.948],[-83.086,21.8],[-82.959,21.562],[-83.192,21.63],[-82.906,21.437],[-82.568,21.637]]],[[[-77.634,22.054],[-77.949,22.103],[-77.703,21.911],[-77.634,22.054]]],[[[-77.997,22.147],[-77.826,22.158],[-78.018,22.315],[-78.003,22.286],[-78.008,22.234],[-78.046,22.199],[-77.997,22.147]]],[[[-78.197,22.329],[-78.028,22.266],[-78.011,22.281],[-78.067,22.31],[-78.144,22.429],[-78.299,22.42],[-78.197,22.329]]],[[[-78.426,22.463],[-78.278,22.449],[-78.696,22.541],[-78.426,22.463]]]]}},{"type":"Feature","properties":{"id":"CUW"},"geometry":{"type":"Polygon","coordinates":[[[-68.781,12.098],[-69.166,12.388],[-68.978,12.125],[-68.781,12.098]]]}},{"type":"Feature","properties":{"id":"CYM"},"geometry":{"type":"Polygon","coordinates":[[[-81.136,19.355],[-81.417,19.37],[-81.387,19.264],[-81.136,19.355]]]}},{"type":"Feature","properties":{"id":"CYP"},"geometry":{"type":"Polygon","coordinates":[[[33.702,34.973],[33.889,35.119],[33.892,34.958],[34.099,34.965],[33.952,35.312],[34.593,35.692],[33.66,35.359],[32.92,35.398],[32.865,35.157],[32.275,35.091],[32.419,34.748],[32.761,34.653],[33.016,34.634],[33.702,34.973]]]}},{"type":"Feature","properties":{"id":"CZE"},"geometry":{"type":"Polygon","coordinates":[[[14.81,50.858],[14.288,51.037],[14.347,50.88],[12.953,50.404],[12.51,50.389],[12.3,50.161],[12.076,50.315],[12.524,49.905],[12.384,49.743],[12.644,49.429],[13.816,48.766],[14.075,48.592],[14.676,48.576],[15.004,49.01],[16.085,48.743],[16.624,48.783],[16.945,48.604],[17.114,48.834],[17.727,48.863],[18.536,49.482],[18.833,49.51],[18.559,49.907],[17.633,50.106],[17.708,50.311],[17.424,50.241],[16.893,50.433],[17.015,50.218],[16.661,50.093],[16.2,50.406],[16.332,50.644],[15.356,50.775],[15.144,51.012],[14.81,50.858]]]}},{"type":"Feature","properties":{"id":"DEU"},"geometry":{"type":"MultiPolygon","coordinates":[[[[13.816,48.766],[12.644,49.429],[12.384,49.743],[12.524,49.905],[12.076,50.315],[12.3,50.161],[12.51,50.389],[12.953,50.404],[14.347,50.88],[14.288,51.037],[14.81,50.858],[15.019,51.272],[14.586,51.804],[14.761,52.077],[14.645,52.577],[14.124,52.851],[14.442,53.252],[14.264,53.7],[13.817,53.853],[13.712,54.174],[13.484,54.091],[13.115,54.28],[13.034,54.434],[12.369,54.269],[12.921,54.434],[12.534,54.488],[12.115,54.098],[12.088,54.194],[11.69,54.155],[11.458,53.906],[10.887,53.964],[10.753,54.05],[11.136,54.386],[10.731,54.31],[10.318,54.443],[10.142,54.324],[10.143,54.492],[9.84,54.475],[9.948,54.78],[9.438,54.81],[8.661,54.896],[9.012,54.506],[8.6,54.338],[8.963,54.318],[8.916,53.937],[8.985,53.897],[9.258,53.886],[9.395,53.831],[9.832,53.544],[9.275,53.865],[8.861,53.831],[8.652,53.892],[8.504,53.358],[8.552,53.544],[8.271,53.613],[8.205,53.411],[8.031,53.708],[7.305,53.685],[7.023,53.451],[7.367,53.303],[7.195,53.245],[7.037,52.647],[6.672,52.542],[7.048,52.365],[6.673,52.05],[6.811,51.961],[5.931,51.816],[6.205,51.458],[6.147,51.152],[5.852,51.043],[5.995,50.75],[6.372,50.329],[6.117,50.12],[6.503,49.796],[6.345,49.455],[6.726,49.156],[7.41,49.169],[8.2,48.959],[7.579,48.114],[7.586,47.585],[8.561,47.589],[8.391,47.665],[8.558,47.801],[9.547,47.535],[9.946,47.541],[10.16,47.271],[10.428,47.396],[10.429,47.577],[11.237,47.394],[11.62,47.59],[12.174,47.605],[12.242,47.732],[12.762,47.667],[13.002,47.466],[13.072,47.659],[12.739,48.113],[13.406,48.377],[13.455,48.573],[13.717,48.522],[13.816,48.766]]],[[[14.21,53.938],[13.762,54.164],[13.774,54.023],[14.051,54.005],[13.84,53.85],[14.201,53.878],[14.21,53.938]]],[[[13.698,54.392],[13.64,54.586],[13.242,54.66],[13.521,54.516],[13.143,54.543],[13.273,54.482],[13.15,54.29],[13.723,54.278],[13.698,54.392]]],[[[8.36,54.948],[8.416,55.065],[8.289,54.891],[8.284,54.742],[8.307,54.865],[8.654,54.894],[8.388,54.894],[8.36,54.948]]]]}},{"type":"Feature","properties":{"id":"DJI"},"geometry":{"type":"Polygon","coordinates":[[[43.241,11.488],[43.152,11.612],[42.604,11.468],[42.515,11.567],[43.399,12.03],[43.329,12.489],[43.118,12.708],[42.678,12.36],[42.379,12.466],[41.792,11.704],[41.761,10.996],[42.616,11.09],[42.924,10.999],[43.241,11.488]]]}},{"type":"Feature","properties":{"id":"DMA"},"geometry":{"type":"Polygon","coordinates":[[[-61.363,15.202],[-61.258,15.473],[-61.469,15.634],[-61.363,15.202]]]}},{"type":"Feature","properties":{"id":"DNK"},"geometry":{"type":"MultiPolygon","coordinates":[[[[8.661,54.896],[9.438,54.81],[9.763,54.9],[9.434,55.038],[9.71,55.249],[9.498,55.489],[9.854,55.627],[9.56,55.715],[10.005,55.701],[9.867,55.852],[10.182,55.834],[10.258,56.19],[10.443,56.299],[10.519,56.103],[10.629,56.238],[10.739,56.155],[10.964,56.442],[10.33,56.603],[10.183,56.47],[10.334,56.704],[9.806,56.64],[10.341,56.717],[10.314,56.983],[9.927,57.059],[10.347,57.01],[10.596,57.751],[9.967,57.591],[9.412,57.165],[8.618,57.123],[8.248,56.812],[8.236,56.771],[8.246,56.704],[8.244,56.777],[8.302,56.764],[8.373,56.68],[8.56,56.593],[8.408,56.689],[8.68,56.953],[9.115,57.059],[9.916,57.059],[9.2,56.939],[9.326,56.53],[9.155,56.661],[9.061,56.566],[9.063,56.813],[8.682,56.627],[8.727,56.483],[8.179,56.672],[8.108,56.024],[8.248,56.09],[8.393,55.909],[8.194,55.812],[8.128,55.988],[8.095,55.549],[8.618,55.438],[8.689,55.142],[8.459,55.103],[8.682,55.133],[8.661,54.896]]],[[[11.845,54.732],[11.649,54.914],[11.595,54.811],[11.019,54.903],[11.009,54.772],[11.452,54.628],[11.811,54.655],[11.845,54.732]]],[[[12.417,55.03],[12.115,54.907],[12.543,54.951],[12.417,55.03]]],[[[10.011,54.976],[9.628,55.058],[9.968,54.86],[10.011,54.976]]],[[[10.855,55.044],[10.694,54.735],[10.934,55.16],[10.855,55.044]]],[[[15.151,55.133],[14.761,55.309],[14.781,55.051],[15.073,54.992],[15.151,55.133]]],[[[10.666,55.064],[10.834,55.29],[10.554,55.443],[10.742,55.487],[10.628,55.614],[10.472,55.443],[10.308,55.618],[9.684,55.506],[9.986,55.128],[10.666,55.064]]],[[[10.559,55.866],[10.582,55.76],[10.544,55.998],[10.559,55.866]]],[[[12.04,54.893],[12.015,55.167],[12.465,55.29],[12.198,55.487],[12.602,55.709],[12.622,56.044],[12.328,56.127],[11.849,55.948],[12.026,55.941],[12.06,55.654],[11.935,55.934],[11.78,55.66],[11.608,55.783],[11.768,55.971],[11.273,55.997],[11.511,55.908],[11.352,55.756],[10.876,55.743],[11.261,55.201],[11.807,55.147],[11.827,55.051],[11.616,55.092],[11.883,54.982],[11.711,54.941],[11.91,54.722],[11.869,54.66],[11.949,54.569],[12.04,54.893]]],[[[8.826,56.744],[8.916,56.979],[8.515,56.738],[8.826,56.744]]],[[[11.142,57.332],[10.855,57.265],[11.029,57.202],[11.142,57.332]]]]}},{"type":"Feature","properties":{"id":"DOM"},"geometry":{"type":"MultiPolygon","coordinates":[[[[-71.757,19.71],[-71.777,19.328],[-71.644,19.152],[-71.865,18.964],[-71.72,18.765],[-72.01,18.599],[-71.709,18.313],[-71.776,18.039],[-71.679,17.765],[-71.417,17.605],[-71.068,18.31],[-70.658,18.434],[-70.484,18.204],[-70.172,18.231],[-69.884,18.471],[-69.236,18.451],[-68.658,18.211],[-68.329,18.617],[-68.74,18.964],[-69.608,19.093],[-69.617,19.225],[-69.254,19.184],[-69.164,19.307],[-69.768,19.3],[-69.947,19.679],[-70.281,19.652],[-71.001,19.938],[-71.172,19.834],[-71.661,19.894],[-71.757,19.71]]],[[[-68.664,18.169],[-68.787,18.197],[-68.572,18.108],[-68.664,18.169]]]]}},{"type":"Feature","properties":{"id":"DZA"},"geometry":{"type":"Polygon","coordinates":[[[-4.822,24.995],[-1.83,23.048],[1.147,21.102],[1.155,20.739],[1.56,20.598],[1.778,20.304],[2.201,20.274],[2.4,20.057],[3.199,19.821],[3.159,19.082],[3.359,18.977],[4.229,19.142],[5.794,19.45],[7.483,20.873],[11.969,23.517],[11.541,24.298],[10.26,24.577],[10.032,24.856],[10.008,25.331],[9.378,26.169],[9.855,26.524],[9.911,26.843],[9.721,27.292],[9.934,27.827],[9.777,28.268],[9.826,29.129],[9.287,30.117],[9.52,30.229],[9.045,32.072],[8.331,32.528],[8.087,33.094],[7.725,33.231],[7.485,33.855],[7.517,34.095],[8.236,34.648],[8.431,35.242],[8.241,35.828],[8.358,36.43],[8.17,36.526],[8.642,36.836],[8.603,36.94],[7.908,36.85],[7.799,36.994],[7.223,37.09],[7.233,36.967],[6.949,36.89],[6.416,37.093],[6.197,36.902],[5.304,36.643],[4.787,36.895],[3.874,36.917],[3.48,36.777],[2.933,36.809],[2.601,36.596],[1.347,36.545],[0.342,36.206],[-0.083,35.794],[-0.479,35.89],[-0.626,35.723],[-1.033,35.683],[-1.761,35.13],[-2.223,35.089],[-1.77,34.741],[-1.871,34.597],[-1.703,34.48],[-1.81,34.372],[-1.674,33.238],[-1.423,32.742],[-1.032,32.494],[-1.244,32.357],[-1.21,32.09],[-2.881,32.076],[-2.828,31.795],[-3.66,31.648],[-3.843,31.17],[-3.555,30.956],[-3.646,30.711],[-4.372,30.509],[-5.176,29.977],[-5.54,29.523],[-5.756,29.614],[-7.654,29.376],[-8.668,28.712],[-8.682,27.661],[-8.682,27.285],[-4.822,24.995]]]}},{"type":"Feature","properties":{"id":"ECU"},"geometry":{"type":"MultiPolygon","coordinates":[[[[-78.829,1.434],[-78.992,1.12],[-79.057,1.218],[-79.633,0.986],[-79.615,0.845],[-79.656,1.004],[-80.076,0.816],[-80.051,0.09],[-80.496,-0.381],[-80.299,-0.662],[-80.449,-0.606],[-80.57,-0.912],[-80.916,-1.066],[-80.744,-1.344],[-80.856,-1.588],[-80.73,-1.929],[-80.781,-2.143],[-81.013,-2.167],[-80.914,-2.319],[-80.255,-2.73],[-80.013,-2.326],[-79.93,-2.484],[-80.064,-2.577],[-79.896,-2.543],[-79.892,-2.116],[-79.766,-2.005],[-79.869,-2.161],[-79.726,-2.594],[-79.943,-3.177],[-80.341,-3.393],[-80.165,-3.89],[-80.492,-4.015],[-80.47,-4.213],[-80.345,-4.198],[-80.484,-4.434],[-80.14,-4.283],[-79.833,-4.479],[-79.658,-4.439],[-79.303,-4.961],[-79.064,-5.011],[-78.673,-4.551],[-78.351,-3.39],[-78.164,-3.477],[-77.868,-2.99],[-76.625,-2.538],[-75.573,-1.537],[-75.413,-0.924],[-75.228,-0.963],[-75.261,-0.543],[-75.643,-0.129],[-75.283,-0.107],[-76.3,0.462],[-76.565,0.216],[-77.397,0.388],[-77.703,0.843],[-78.12,0.921],[-78.829,1.434]]],[[[-80.06,-2.663],[-80.211,-2.725],[-80.266,-3.018],[-79.907,-2.732],[-80.06,-2.663]]],[[[-89.308,-0.686],[-89.63,-0.926],[-89.42,-0.919],[-89.308,-0.686]]],[[[-90.192,-0.538],[-90.461,-0.514],[-90.545,-0.682],[-90.337,-0.777],[-90.192,-0.538]]],[[[-91.401,-0.453],[-91.456,-0.258],[-91.669,-0.285],[-91.607,-0.456],[-91.401,-0.453]]],[[[-90.565,-0.285],[-90.777,-0.148],[-90.874,-0.271],[-90.565,-0.285]]],[[[-90.811,-0.731],[-91.324,0.139],[-91.497,0.106],[-91.603,-0.014],[-91.423,-0.029],[-91.375,-0.282],[-91.087,-0.582],[-91.466,-0.808],[-91.436,-0.997],[-90.929,-0.97],[-90.811,-0.731]]]]}},{"type":"Feature","properties":{"id":"EGY"},"geometry":{"type":"MultiPolygon","coordinates":[[[[34.887,29.49],[34.2,31.314],[33.648,31.117],[33.133,31.046],[33.109,31.196],[32.954,31.107],[33.064,31.135],[33.01,31.056],[32.731,31.039],[32.927,31.155],[32.602,31.061],[32.207,31.295],[32.283,31.137],[32.106,31.053],[32.037,31.217],[31.767,31.285],[31.858,31.354],[31.824,31.443],[31.879,31.429],[31.89,31.532],[31.995,31.395],[32.2,31.295],[31.945,31.521],[31.874,31.536],[31.557,31.443],[31.097,31.608],[30.978,31.584],[31.119,31.493],[30.734,31.388],[30.543,31.402],[30.974,31.587],[30.362,31.509],[30.179,31.278],[30.289,31.238],[30.165,31.217],[30.07,31.333],[29.028,30.827],[28.424,31.083],[27.927,31.099],[27.853,31.24],[27.446,31.223],[27.321,31.381],[25.967,31.617],[25.302,31.507],[25.151,31.656],[24.849,31.349],[24.995,30.785],[24.688,30.144],[24.981,29.181],[24.981,25.497],[24.981,21.995],[31.248,21.994],[31.423,22.227],[31.435,21.995],[33.181,21.995],[34.084,21.995],[36.884,21.996],[36.226,22.635],[35.848,22.763],[35.621,23.139],[35.484,23.918],[35.793,23.902],[35.145,24.5],[33.941,26.654],[33.996,26.897],[33.496,27.647],[33.554,27.896],[32.869,28.579],[32.591,29.35],[32.338,29.6],[32.578,30.011],[32.715,29.456],[33.178,28.99],[33.229,28.569],[34.25,27.729],[34.887,29.49]]],[[[33.376,31.19],[33.27,31.217],[33.476,31.142],[33.376,31.19]]],[[[33.079,31.227],[32.935,31.148],[33.103,31.227],[33.262,31.224],[33.105,31.24],[33.079,31.227]]]]}},{"type":"Feature","properties":{"id":"ERI"},"geometry":{"type":"MultiPolygon","coordinates":[[[[43.118,12.708],[43.001,12.9],[42.928,12.79],[42.781,12.852],[42.534,13.233],[42.379,13.223],[42.288,13.575],[41.677,13.94],[41.167,14.637],[40.766,14.695],[40.513,15.017],[40.159,14.982],[40.08,15.341],[39.875,15.504],[39.773,15.391],[39.855,15.173],[39.716,15.094],[39.294,15.929],[39.012,17.165],[38.602,18.005],[38.233,17.526],[37.496,17.312],[37.403,17.03],[36.973,17.063],[36.954,16.278],[36.425,15.133],[36.526,14.264],[37.06,14.277],[37.294,14.457],[37.554,14.105],[37.891,14.88],[38.427,14.417],[38.866,14.494],[39.01,14.651],[39.208,14.44],[39.515,14.568],[40.194,14.445],[40.833,14.106],[42.379,12.466],[42.678,12.36],[43.118,12.708]]],[[[40.386,15.641],[40.164,15.644],[39.951,15.894],[39.93,15.74],[40.081,15.661],[39.937,15.702],[39.979,15.607],[40.386,15.641]]]]}},{"type":"Feature","properties":{"id":"ESB"},"geometry":{"type":"Polygon","coordinates":[[[33.781,34.976],[33.782,34.976],[33.892,34.958],[33.889,35.119],[33.702,34.973],[33.781,34.976]]]}},{"type":"Feature","properties":{"id":"ESP"},"geometry":{"type":"MultiPolygon","coordinates":[[[[-1.794,43.386],[-2.128,43.287],[-2.769,43.453],[-3.008,43.321],[-3.579,43.518],[-4.482,43.384],[-5.852,43.663],[-7.045,43.479],[-7.686,43.793],[-7.858,43.668],[-7.909,43.766],[-8.313,43.567],[-8.21,43.313],[-8.841,43.339],[-9.28,43.055],[-9.1,42.758],[-8.888,42.831],[-9.012,42.531],[-8.731,42.688],[-8.943,42.469],[-8.655,42.441],[-8.896,42.119],[-8.881,41.893],[-8.751,41.969],[-8.222,42.154],[-8.18,41.811],[-6.609,41.962],[-6.542,41.659],[-6.206,41.57],[-6.942,41.016],[-6.794,40.356],[-7.043,40.181],[-6.88,40.009],[-7.021,39.694],[-7.557,39.68],[-6.973,39.014],[-7.359,38.446],[-7.104,38.174],[-6.947,38.197],[-7.514,37.601],[-7.414,37.193],[-6.928,37.172],[-6.853,37.295],[-6.893,37.167],[-6.388,36.808],[-6.195,36.932],[-6.438,36.733],[-6.037,36.19],[-5.612,36.006],[-5.358,36.141],[-5.339,36.141],[-5.187,36.411],[-4.659,36.508],[-4.403,36.724],[-2.718,36.682],[-2.362,36.837],[-2.147,36.73],[-1.671,37.363],[-1.324,37.562],[-0.705,37.62],[-0.856,37.742],[-0.51,38.338],[0.235,38.742],[-0.227,39.112],[-0.331,39.48],[-0.194,39.715],[0.563,40.59],[0.848,40.675],[0.695,40.786],[0.99,41.04],[2.06,41.275],[3.15,41.845],[3.119,42.218],[3.318,42.323],[3.181,42.431],[2.009,42.347],[1.707,42.503],[1.448,42.435],[1.429,42.595],[0.724,42.845],[0.644,42.684],[-0.569,42.773],[-1.286,43.109],[-1.457,43.045],[-1.403,43.243],[-1.794,43.386]]],[[[-17.934,27.852],[-18.16,27.722],[-17.979,27.643],[-17.934,27.852]]],[[[-15.392,28.03],[-15.409,28.18],[-15.706,28.167],[-15.815,27.901],[-15.578,27.734],[-15.378,27.852],[-15.392,28.03]]],[[[-17.31,28.207],[-17.258,28.025],[-17.098,28.101],[-17.31,28.207]]],[[[-16.428,28.15],[-16.118,28.572],[-16.916,28.355],[-16.693,28],[-16.428,28.15]]],[[[-13.973,28.736],[-14.224,28.219],[-14.507,28.071],[-13.934,28.244],[-13.824,28.682],[-13.973,28.736]]],[[[-17.756,28.819],[-17.997,28.78],[-17.837,28.455],[-17.756,28.819]]],[[[-13.483,29.24],[-13.867,28.865],[-13.482,28.999],[-13.483,29.24]]],[[[1.526,38.678],[1.431,38.755],[1.383,38.642],[1.526,38.678]]],[[[1.606,39.091],[1.357,39.078],[1.217,38.885],[1.403,38.832],[1.606,39.091]]],[[[3.354,39.784],[3.136,39.789],[3.179,39.969],[2.933,39.914],[2.356,39.559],[2.682,39.559],[3.061,39.269],[3.454,39.66],[3.354,39.784]]],[[[4.303,39.926],[4.105,40.079],[3.803,40.018],[4.248,39.816],[4.303,39.926]]]]}},{"type":"Feature","properties":{"id":"EST"},"geometry":{"type":"MultiPolygon","coordinates":[[[[24.306,57.868],[25.282,58.073],[26.5,57.516],[26.873,57.627],[27.353,57.528],[27.799,57.861],[27.411,58.755],[28.182,59.356],[28.019,59.482],[26.938,59.45],[25.485,59.67],[25.409,59.491],[24.803,59.571],[24.773,59.45],[24.334,59.471],[24.081,59.271],[23.471,59.212],[23.408,59.026],[23.628,58.979],[23.429,58.765],[23.874,58.772],[23.498,58.697],[23.741,58.343],[24.112,58.241],[24.362,58.397],[24.551,58.334],[24.306,57.868]]],[[[23.231,58.505],[22.583,58.635],[22.089,58.422],[21.832,58.511],[21.868,58.265],[22.203,58.148],[22.017,57.914],[22.295,58.193],[22.723,58.225],[23.231,58.505]]],[[[22.292,58.895],[22.556,58.687],[23.041,58.841],[22.64,59.087],[22.056,58.953],[22.292,58.895]]]]}},{"type":"Feature","properties":{"id":"ETH"},"geometry":{"type":"Polygon","coordinates":[[[34.071,9.455],[34.09,8.557],[33.741,8.367],[33.235,8.456],[33.015,7.851],[33.716,7.657],[34.704,6.685],[35.287,5.374],[35.804,5.318],[35.752,4.854],[35.921,4.619],[36.041,4.444],[37.016,4.371],[38.102,3.613],[38.509,3.651],[39.504,3.403],[39.848,3.867],[40.764,4.285],[41.163,3.943],[41.885,3.977],[42.103,4.192],[42.832,4.302],[43.119,4.648],[43.528,4.842],[43.969,4.954],[44.942,4.911],[47.979,7.997],[46.979,7.997],[43.985,9.008],[43.419,9.413],[43.187,9.883],[42.836,10.208],[42.647,10.632],[42.924,10.999],[42.616,11.09],[41.761,10.996],[41.792,11.704],[42.379,12.466],[40.833,14.106],[40.194,14.445],[39.515,14.568],[39.208,14.44],[39.01,14.651],[38.866,14.494],[38.427,14.417],[37.891,14.88],[37.554,14.105],[37.294,14.457],[37.06,14.277],[36.526,14.264],[36.115,12.702],[35.688,12.659],[35.073,11.819],[34.839,10.729],[34.575,10.884],[34.279,10.566],[34.326,10.224],[34.071,9.455]]]}},{"type":"Feature","properties":{"id":"FIN"},"geometry":{"type":"MultiPolygon","coordinates":[[[[28.954,69.027],[29.345,69.464],[29.147,69.664],[27.867,70.075],[26.501,69.918],[26.005,69.689],[25.796,68.993],[24.905,68.557],[23.929,68.816],[23.198,68.618],[22.409,68.713],[21.639,69.271],[20.623,69.036],[23.662,67.95],[23.431,67.486],[23.765,67.42],[23.581,67.153],[24.004,66.805],[23.663,66.317],[24.163,65.823],[24.711,65.912],[24.676,65.635],[25.352,65.484],[25.362,64.833],[25.095,64.918],[24.538,64.805],[23.605,64.028],[22.791,63.633],[22.589,63.703],[21.984,63.143],[21.895,63.26],[21.505,63.217],[21.688,63.027],[21.495,63.072],[21.114,62.781],[21.237,61.985],[21.716,61.527],[21.422,61.485],[21.409,60.58],[21.612,60.489],[21.841,60.629],[21.785,60.478],[22.624,60.399],[22.459,60.265],[22.648,60.279],[22.525,60.204],[23.081,60.355],[22.875,60.15],[23.258,60.04],[23.111,59.923],[23.326,60.009],[22.905,59.811],[23.546,60.074],[23.429,59.957],[24.446,59.992],[24.554,60.156],[25.029,60.148],[25.669,60.365],[25.93,60.245],[25.842,60.402],[26.108,60.336],[25.917,60.485],[26.342,60.376],[26.659,60.652],[26.475,60.487],[26.687,60.418],[27.215,60.585],[27.507,60.457],[27.808,60.553],[29.779,61.593],[31.244,62.503],[31.57,62.906],[29.981,63.742],[30.586,64.085],[30.032,64.397],[30.119,64.768],[29.588,64.991],[29.85,65.121],[29.58,65.235],[29.703,65.629],[30.112,65.712],[29.052,66.908],[30.009,67.686],[28.664,68.204],[28.448,68.53],[28.801,68.835],[28.41,68.899],[28.954,69.027]]],[[[22.844,60.242],[22.466,60.184],[22.448,60.221],[22.47,59.998],[22.73,60.005],[22.844,60.242]]],[[[21.422,63.247],[21.079,63.288],[21.243,63.151],[21.422,63.247]]],[[[24.993,65.055],[24.563,65.037],[24.735,64.951],[24.993,65.055]]]]}},{"type":"Feature","properties":{"id":"FJI"},"geometry":{"type":"MultiPolygon","coordinates":[[[[180,-16.149],[178.534,-16.629],[178.486,-16.793],[178.734,-17.007],[179.266,-16.69],[179.297,-16.807],[179.911,-16.766],[179.939,-16.463],[179.548,-16.766],[179.479,-16.697],[180,-16.169],[180,-16.149]]],[[[178.43,-18.955],[177.951,-19.13],[178.179,-19.157],[178.43,-18.955]]],[[[179.345,-17.999],[179.233,-17.945],[179.35,-18.119],[179.345,-17.999]]],[[[178.711,-17.992],[178.591,-17.631],[178.245,-17.471],[178.19,-17.301],[177.515,-17.505],[177.252,-17.952],[177.336,-18.106],[177.894,-18.273],[178.589,-18.136],[178.711,-17.992]]]]}},{"type":"Feature","properties":{"id":"FLK"},"geometry":{"type":"MultiPolygon","coordinates":[[[[-60.948,-51.947],[-60.863,-51.761],[-61.153,-51.845],[-60.948,-51.947]]],[[[-59.632,-51.741],[-59.256,-51.387],[-60.017,-51.375],[-60.153,-51.487],[-60.646,-51.351],[-60.077,-51.694],[-60.625,-51.67],[-60.551,-51.79],[-60.184,-51.761],[-60.444,-51.783],[-60.532,-52],[-61.037,-52.047],[-60.593,-52.237],[-59.632,-51.741]]],[[[-60.17,-51.393],[-60.074,-51.3],[-60.29,-51.262],[-60.17,-51.393]]],[[[-57.816,-51.694],[-58.145,-51.543],[-57.778,-51.543],[-57.906,-51.377],[-58.291,-51.423],[-58.231,-51.653],[-58.522,-51.491],[-58.407,-51.324],[-58.954,-51.248],[-58.865,-51.358],[-59.168,-51.574],[-58.99,-51.804],[-59.207,-51.707],[-59.722,-52.108],[-59.339,-52.342],[-59.456,-52.142],[-59.036,-52.146],[-59.27,-51.99],[-58.641,-52.108],[-58.94,-51.797],[-58.419,-51.892],[-57.816,-51.694]]]]}},{"type":"Feature","properties":{"id":"FRA"},"geometry":{"type":"MultiPolygon","coordinates":[[[[-54.615,2.326],[-54.135,2.111],[-53.765,2.369],[-52.917,2.196],[-52.59,2.505],[-52.355,3.152],[-51.683,4.039],[-51.801,4.613],[-51.909,4.656],[-52.046,4.334],[-52.025,4.694],[-52.232,4.875],[-52.34,4.725],[-52.279,4.931],[-52.389,4.896],[-52.965,5.444],[-53.944,5.745],[-54.171,5.348],[-54.449,5.024],[-54.479,4.755],[-54.354,4.042],[-53.995,3.624],[-54.003,3.455],[-54.211,3.127],[-54.17,2.853],[-54.615,2.326]]],[[[2.522,51.088],[1.581,50.869],[1.673,50.193],[0.186,49.703],[0.079,49.516],[0.411,49.452],[-0.219,49.28],[-1.123,49.345],[-1.263,49.696],[-1.935,49.724],[-1.357,48.643],[-1.946,48.699],[-1.98,48.514],[-2.316,48.699],[-2.682,48.509],[-3.23,48.872],[-3.515,48.842],[-3.585,48.683],[-3.974,48.733],[-4.765,48.52],[-4.768,48.345],[-4.29,48.432],[-4.454,48.335],[-4.187,48.308],[-4.516,48.296],[-4.547,48.347],[-4.557,48.177],[-4.379,48.232],[-4.285,48.115],[-4.728,48.041],[-4.435,47.976],[-4.372,47.807],[-4.132,47.924],[-3.446,47.705],[-3.283,47.787],[-3.132,47.478],[-2.975,47.664],[-2.707,47.643],[-2.83,47.504],[-2.364,47.506],[-2.542,47.3],[-2.01,47.32],[-1.727,47.211],[-2.161,47.271],[-2.241,47.142],[-1.991,47.035],[-2.119,46.82],[-1.795,46.495],[-1.111,46.303],[-1.152,45.868],[-0.987,45.717],[-1.164,45.807],[-1.247,45.71],[-0.795,45.477],[-0.494,44.998],[-0.535,44.895],[-1.085,45.569],[-1.26,44.627],[-1.172,44.778],[-1.045,44.669],[-1.257,44.556],[-1.477,43.58],[-1.794,43.386],[-1.403,43.243],[-1.457,43.045],[-1.286,43.109],[-0.569,42.773],[0.644,42.684],[0.724,42.845],[1.429,42.595],[1.722,42.61],[1.707,42.503],[2.009,42.347],[3.181,42.431],[3.114,43.106],[3.953,43.54],[4.82,43.346],[4.695,43.579],[4.856,43.342],[5.029,43.559],[5.226,43.48],[5.034,43.335],[6.154,43.034],[6.66,43.19],[6.731,43.408],[7.366,43.723],[7.407,43.764],[7.437,43.743],[7.502,43.792],[7.656,44.176],[6.973,44.249],[6.836,44.534],[7.005,44.828],[6.603,45.103],[7.108,45.259],[7.161,45.411],[6.782,45.777],[7.022,45.925],[6.766,46.152],[6.763,46.429],[6.302,46.394],[6.108,46.139],[5.959,46.212],[6.443,46.944],[7.037,47.33],[6.867,47.354],[6.973,47.489],[7.379,47.431],[7.586,47.585],[7.579,48.114],[8.2,48.959],[7.41,49.169],[6.726,49.156],[6.345,49.455],[5.791,49.538],[5.456,49.499],[4.858,49.787],[4.816,50.161],[4.646,49.984],[4.132,49.975],[4.198,50.258],[3.697,50.298],[3.129,50.779],[2.787,50.723],[2.522,51.088]]],[[[-60.81,14.462],[-60.879,14.777],[-61.219,14.847],[-60.996,14.565],[-61.07,14.467],[-60.81,14.462]]],[[[-61.552,16.286],[-61.797,16.312],[-61.695,15.949],[-61.552,16.286]]],[[[-61.544,16.285],[-61.164,16.253],[-61.463,16.513],[-61.544,16.285]]],[[[55.788,-21.103],[55.578,-20.875],[55.225,-21.03],[55.575,-21.368],[55.812,-21.343],[55.788,-21.103]]],[[[45.201,-12.723],[45.042,-12.698],[45.097,-12.982],[45.201,-12.723]]],[[[8.566,42.209],[8.745,42.057],[8.614,41.901],[8.805,41.907],[8.655,41.75],[8.923,41.695],[8.792,41.561],[9.223,41.373],[9.56,42.147],[9.422,43.017],[9.292,42.675],[8.709,42.579],[8.566,42.209]]],[[[-1.219,45.944],[-1.405,46.053],[-1.209,45.814],[-1.219,45.944]]]]}},{"type":"Feature","properties":{"id":"FRO"},"geometry":{"type":"MultiPolygon","coordinates":[[[[-7.223,62.171],[-6.702,61.944],[-7.195,62.315],[-7.223,62.171]]],[[[-7.055,62.29],[-6.655,62.061],[-6.609,62.202],[-7.055,62.29]]]]}},{"type":"Feature","properties":{"id":"FSM"},"geometry":{"type":"Polygon","coordinates":[[[158.291,6.938],[158.132,6.941],[158.18,6.802],[158.314,6.809],[158.291,6.938]]]}},{"type":"Feature","properties":{"id":"GAB"},"geometry":{"type":"Polygon","coordinates":[[[13.295,2.161],[13.164,2.283],[11.657,2.322],[11.352,2.301],[11.322,2.166],[11.336,0.999],[9.804,0.998],[9.566,0.983],[9.608,0.469],[9.464,0.599],[9.539,0.681],[9.306,0.544],[9.498,0.291],[10.026,0.188],[9.759,0.126],[9.812,0.024],[9.504,0.188],[9.488,0.098],[9.345,0.356],[9.306,-0.332],[9.011,-0.875],[8.696,-0.587],[9.03,-1.299],[9.186,-1.411],[9.335,-1.283],[9.287,-1.566],[9.457,-1.47],[9.56,-1.608],[9.28,-1.675],[8.984,-1.231],[9.255,-1.835],[9.518,-1.926],[9.543,-2.071],[9.271,-1.877],[9.597,-2.352],[10.137,-2.527],[9.977,-2.629],[9.703,-2.443],[11.114,-3.937],[11.483,-3.509],[11.688,-3.699],[11.906,-3.644],[11.944,-3.303],[11.688,-3.171],[11.778,-3.006],[11.637,-2.833],[11.531,-2.867],[11.566,-2.33],[12.459,-2.33],[12.427,-1.884],[12.632,-1.825],[12.805,-1.919],[12.969,-2.372],[13.459,-2.441],[13.743,-2.097],[13.846,-2.467],[14.09,-2.499],[14.234,-2.355],[14.24,-1.982],[14.405,-1.893],[14.49,-0.601],[13.831,-0.205],[13.945,0.35],[14.329,0.621],[14.468,0.913],[14.144,1.392],[13.15,1.257],[13.295,2.161]]]}},{"type":"Feature","properties":{"id":"GBR"},"geometry":{"type":"MultiPolygon","coordinates":[[[[-7.247,55.069],[-7.543,54.742],[-7.93,54.697],[-7.708,54.604],[-8.156,54.439],[-7.609,54.14],[-7.28,54.126],[-7.018,54.413],[-6.631,54.042],[-6.27,54.098],[-6.041,54.036],[-5.58,54.276],[-5.702,54.578],[-5.516,54.338],[-5.434,54.461],[-5.575,54.68],[-5.907,54.606],[-5.69,54.793],[-6.047,55.179],[-6.498,55.247],[-7.247,55.069]]],[[[-2.665,51.617],[-2.383,51.773],[-3.022,51.192],[-4.229,51.192],[-4.845,50.514],[-5.705,50.052],[-5.475,50.13],[-5.191,49.959],[-5.053,50.196],[-4.694,50.343],[-4.194,50.322],[-4.201,50.459],[-3.661,50.221],[-3.464,50.679],[-2.865,50.734],[-2.453,50.528],[-2.398,50.646],[-1.965,50.602],[-2.039,50.74],[-1.317,50.8],[-1.466,50.918],[-0.79,50.73],[-0.27,50.831],[0.271,50.747],[0.98,50.918],[1.384,51.152],[1.448,51.383],[0.385,51.453],[0.924,51.588],[0.93,51.744],[0.699,51.72],[0.98,51.844],[1.276,51.845],[1.158,52.029],[1.332,51.94],[1.582,52.081],[1.747,52.625],[1.275,52.929],[0.57,52.969],[0.385,52.768],[0.01,52.886],[0.357,53.146],[0.219,53.419],[-0.279,53.707],[-0.726,53.701],[-0.26,53.735],[0.131,53.573],[-0.219,54.023],[-0.076,54.112],[-0.563,54.477],[-1.204,54.626],[-1.631,55.585],[-2.635,56.058],[-3.078,55.947],[-3.837,56.106],[-3.343,56.027],[-2.648,56.229],[-2.885,56.458],[-3.323,56.366],[-2.515,56.592],[-1.761,57.497],[-1.998,57.703],[-3.409,57.723],[-4.249,57.497],[-4.009,57.689],[-4.412,57.603],[-3.779,57.856],[-4.04,57.818],[-4.392,57.908],[-4.009,57.868],[-4.084,57.964],[-3.183,58.328],[-3.019,58.64],[-4.495,58.45],[-4.475,58.566],[-4.761,58.448],[-4.66,58.556],[-4.988,58.628],[-5.173,58.354],[-4.934,58.223],[-5.392,58.261],[-5.242,58.148],[-5.447,58.084],[-5.071,57.833],[-5.366,57.943],[-5.222,57.847],[-5.613,57.929],[-5.606,57.77],[-5.811,57.833],[-5.513,57.541],[-5.839,57.579],[-5.808,57.355],[-5.448,57.422],[-5.729,57.298],[-5.441,57.319],[-5.681,57.158],[-5.4,57.106],[-5.776,57.076],[-5.523,57.004],[-5.832,56.997],[-5.757,56.785],[-6.234,56.729],[-5.544,56.695],[-6.008,56.642],[-5.674,56.497],[-5.12,56.818],[-5.238,56.717],[-4.996,56.716],[-5.318,56.661],[-5.455,56.47],[-5.065,56.565],[-5.573,56.328],[-5.708,55.943],[-5.571,56.038],[-5.66,55.797],[-5.455,55.846],[-5.783,55.314],[-5.525,55.359],[-5.318,55.783],[-5.444,56.028],[-4.921,56.278],[-5.307,55.86],[-5.124,56.01],[-4.969,55.88],[-4.921,56.168],[-4.756,56.207],[-4.865,56.067],[-4.852,55.988],[-4.839,56.081],[-4.673,55.962],[-4.482,55.928],[-4.886,55.92],[-4.618,55.496],[-5.157,54.879],[-4.859,54.633],[-4.859,54.866],[-4.382,54.68],[-4.403,54.907],[-4.012,54.768],[-3.571,54.995],[-3.022,54.976],[-3.388,54.883],[-3.634,54.513],[-3.145,54.064],[-2.796,54.249],[-3.102,53.558],[-2.7,53.352],[-2.881,53.288],[-3.058,53.435],[-3.088,53.235],[-3.33,53.352],[-4.178,53.218],[-4.763,52.789],[-4.078,52.927],[-4.125,52.604],[-3.947,52.549],[-4.316,52.216],[-5.311,51.864],[-5.126,51.856],[-5.183,51.689],[-4.824,51.796],[-5.022,51.616],[-4.365,51.789],[-4.071,51.676],[-4.29,51.556],[-3.842,51.622],[-3.539,51.399],[-2.665,51.617]]],[[[-1.083,50.713],[-1.569,50.658],[-1.279,50.583],[-1.083,50.713]]],[[[-4.098,53.31],[-4.571,53.393],[-4.407,53.131],[-4.098,53.31]]],[[[-5.071,55.509],[-5.297,55.723],[-5.346,55.483],[-5.071,55.509]]],[[[-6.03,55.729],[-6.14,55.941],[-6.504,55.681],[-6.25,55.777],[-6.287,55.578],[-6.03,55.729]]],[[[-5.688,56.435],[-6.191,56.645],[-6.338,56.552],[-6.021,56.382],[-6.36,56.304],[-5.688,56.435]]],[[[-7.244,57.326],[-7.428,57.388],[-7.353,57.1],[-7.244,57.326]]],[[[-7.129,57.653],[-7.545,57.593],[-7.158,57.511],[-7.129,57.653]]],[[[-6.564,57.347],[-6.318,57.161],[-5.845,57.188],[-6.007,57.028],[-5.663,57.213],[-6.154,57.306],[-6.311,57.703],[-6.311,57.463],[-6.64,57.607],[-6.607,57.444],[-6.784,57.456],[-6.564,57.347]]],[[[-6.955,57.744],[-6.688,58.059],[-6.537,57.921],[-6.352,58.039],[-6.619,58.086],[-6.16,58.217],[-6.366,58.237],[-6.243,58.511],[-6.819,58.285],[-6.86,58.107],[-7.113,58.182],[-6.935,58.052],[-7.113,57.99],[-6.839,57.936],[-7.125,57.837],[-6.955,57.744]]],[[[-2.728,58.971],[-3.35,59.098],[-3.203,58.916],[-2.728,58.971]]],[[[-1.097,60.416],[-1.37,60.402],[-1.301,60.643],[-1.609,60.483],[-1.26,60.355],[-1.69,60.285],[-1.455,60.156],[-1.268,60.245],[-1.275,59.854],[-1.097,60.416]]]]}},{"type":"Feature","properties":{"id":"GEO"},"geometry":{"type":"Polygon","coordinates":[[[39.986,43.389],[41.457,42.714],[41.774,41.907],[41.521,41.514],[42.463,41.432],[42.801,41.579],[43.44,41.107],[45.002,41.29],[45.465,41.43],[46.497,41.045],[46.688,41.284],[46.18,41.655],[46.431,41.89],[45.631,42.201],[45.74,42.471],[45.123,42.702],[44.859,42.76],[44.773,42.61],[44.508,42.75],[43.94,42.552],[43.723,42.625],[43.801,42.746],[42.83,43.169],[41.578,43.215],[40.233,43.576],[39.986,43.389]]]}},{"type":"Feature","properties":{"id":"GGY"},"geometry":{"type":"Polygon","coordinates":[[[-2.58,49.494],[-2.669,49.431],[-2.534,49.436],[-2.58,49.494]]]}},{"type":"Feature","properties":{"id":"GHA"},"geometry":{"type":"Polygon","coordinates":[[[-0.166,11.135],[-0.635,10.908],[-2.837,10.998],[-2.933,10.634],[-2.768,10.421],[-2.689,9.489],[-2.775,9.055],[-2.619,8.924],[-2.506,8.209],[-2.791,7.943],[-3.263,6.617],[-3.03,5.704],[-2.786,5.595],[-2.844,5.149],[-3.115,5.108],[-3.12,5.091],[-1.981,4.752],[-1.618,5.022],[-0.8,5.215],[0.243,5.756],[0.955,5.791],[1.185,6.1],[0.746,6.441],[0.516,6.842],[0.646,7.324],[0.496,7.504],[0.612,7.699],[0.574,8.204],[0.713,8.298],[0.366,8.774],[0.506,8.866],[0.531,9.401],[0.227,9.432],[0.23,9.576],[0.378,9.589],[0.261,9.657],[0.397,10.283],[-0.088,10.633],[0.016,11.063],[-0.166,11.135]]]}},{"type":"Feature","properties":{"id":"GIB"},"geometry":{"type":"Polygon","coordinates":[[[-5.358,36.141],[-5.342,36.111],[-5.339,36.141],[-5.358,36.141]]]}},{"type":"Feature","properties":{"id":"GIN"},"geometry":{"type":"Polygon","coordinates":[[[-13.301,9.041],[-12.764,9.348],[-12.472,9.881],[-11.247,9.993],[-10.675,9.306],[-10.746,9.084],[-10.594,9.054],[-10.482,8.672],[-10.735,8.287],[-10.282,8.485],[-10.062,8.422],[-9.774,8.563],[-9.499,8.343],[-9.354,7.622],[-9.487,7.373],[-9.234,7.381],[-9.125,7.19],[-8.858,7.273],[-8.687,7.694],[-8.485,7.558],[-8.229,7.544],[-8.069,8.029],[-7.963,8.015],[-8.003,8.184],[-8.266,8.246],[-8.249,8.454],[-7.662,8.375],[-7.697,8.625],[-7.969,8.813],[-7.747,9.076],[-7.93,9.184],[-7.865,9.41],[-8.054,9.389],[-8.158,9.531],[-8.174,9.942],[-7.99,10.162],[-7.996,10.328],[-8.296,10.537],[-8.327,11.024],[-8.696,10.963],[-8.375,11.368],[-8.847,11.658],[-8.798,11.925],[-8.994,12.388],[-9.334,12.496],[-9.337,12.27],[-9.723,12.025],[-10.267,12.218],[-10.711,11.89],[-10.952,12.219],[-11.335,12.026],[-11.508,12.192],[-11.388,12.404],[-12.361,12.306],[-12.913,12.536],[-13.052,12.472],[-13.076,12.636],[-13.728,12.673],[-13.695,12.293],[-13.973,12.152],[-13.724,12.003],[-13.73,11.71],[-14.711,11.498],[-15.021,10.967],[-14.96,10.768],[-14.919,11.029],[-14.685,11.064],[-14.82,10.912],[-14.76,10.699],[-14.651,10.81],[-14.7,10.643],[-14.5,10.891],[-14.658,10.48],[-14.535,10.508],[-14.453,10.215],[-14.138,10.179],[-14.153,10.056],[-14,10.2],[-14.058,10.025],[-13.843,9.861],[-13.685,9.946],[-13.729,9.744],[-13.561,9.788],[-13.726,9.511],[-13.487,9.569],[-13.408,9.287],[-13.301,9.357],[-13.315,9.182],[-13.158,9.185],[-13.301,9.041]]]}},{"type":"Feature","properties":{"id":"GMB"},"geometry":{"type":"Polygon","coordinates":[[[-16.754,13.065],[-16.674,13.164],[-15.833,13.157],[-15.819,13.334],[-15.277,13.38],[-15.138,13.59],[-14.369,13.236],[-13.823,13.378],[-13.942,13.567],[-14.366,13.455],[-15.076,13.819],[-15.394,13.772],[-15.518,13.583],[-16.561,13.587],[-16.522,13.359],[-16.391,13.337],[-16.142,13.455],[-15.295,13.496],[-16.161,13.429],[-16.151,13.276],[-16.419,13.208],[-16.679,13.496],[-16.83,13.339],[-16.754,13.065]]]}},{"type":"Feature","properties":{"id":"GNB"},"geometry":{"type":"MultiPolygon","coordinates":[[[[-13.728,12.673],[-15.195,12.679],[-15.677,12.439],[-16.728,12.333],[-16.458,12.172],[-16.063,12.351],[-16.355,12.087],[-16.125,11.885],[-15.714,12.016],[-15.959,11.735],[-15.796,11.885],[-15.83,11.748],[-15.426,11.961],[-15.007,11.978],[-15.07,11.861],[-14.936,11.753],[-15.069,11.804],[-15.09,11.94],[-15.439,11.885],[-15.551,11.733],[-15.439,11.557],[-15.226,11.755],[-15.007,11.612],[-15.281,11.625],[-15.507,11.358],[-15.268,11.433],[-15.41,11.19],[-15.234,11.123],[-15.207,11.234],[-15.23,10.995],[-15.015,11.228],[-15.117,10.984],[-15.021,10.967],[-14.711,11.498],[-13.73,11.71],[-13.724,12.003],[-13.973,12.152],[-13.695,12.293],[-13.728,12.673]]],[[[-15.946,11.2],[-15.978,11.048],[-15.878,11.074],[-15.946,11.2]]],[[[-16.049,11.118],[-16.1,11.208],[-16.248,11.105],[-16.049,11.118]]],[[[-16.276,11.496],[-16.248,11.584],[-16.426,11.529],[-16.276,11.496]]],[[[-16.022,11.512],[-15.898,11.454],[-15.94,11.605],[-16.022,11.512]]],[[[-16.166,11.871],[-16.041,11.755],[-15.986,11.887],[-16.166,11.871]]]]}},{"type":"Feature","properties":{"id":"GNQ"},"geometry":{"type":"MultiPolygon","coordinates":[[[[9.8,2.342],[9.81,1.935],[9.607,1.644],[9.744,1.6],[9.347,1.182],[9.584,1.043],[9.718,1.133],[9.804,0.998],[11.336,0.999],[11.322,2.166],[9.991,2.166],[9.8,2.342]]],[[[8.923,3.751],[8.667,3.726],[8.45,3.273],[8.686,3.197],[8.923,3.751]]]]}},{"type":"Feature","properties":{"id":"GRC"},"geometry":{"type":"MultiPolygon","coordinates":[[[[20.965,40.849],[21.019,40.559],[20.648,40.094],[20.298,39.987],[20.397,39.818],[20.246,39.663],[20,39.694],[20.735,38.95],[20.822,39.114],[21.16,38.998],[21.085,38.864],[20.77,38.959],[20.729,38.81],[21.156,38.304],[21.323,38.496],[21.518,38.296],[21.958,38.412],[22.382,38.343],[22.402,38.453],[22.563,38.294],[22.646,38.39],[23.223,38.159],[22.867,37.94],[21.849,38.341],[21.622,38.155],[21.374,38.221],[21.106,37.878],[21.675,37.396],[21.57,37.116],[21.707,36.818],[21.883,36.727],[21.943,36.993],[22.153,37.021],[22.491,36.391],[22.686,36.809],[23.196,36.433],[22.726,37.566],[23.132,37.449],[23.169,37.3],[23.526,37.439],[22.995,37.882],[23.575,38.047],[24.033,37.652],[24.081,38.166],[23.335,38.504],[23.306,38.653],[22.525,38.858],[23.073,39.036],[22.826,39.221],[22.936,39.361],[23.217,39.18],[23.052,39.098],[23.344,39.18],[22.571,40.054],[22.579,40.468],[22.91,40.645],[22.888,40.386],[23.299,40.235],[23.361,39.961],[23.703,39.913],[23.365,40.262],[23.675,40.218],[23.94,39.952],[23.991,40.119],[23.73,40.359],[24.394,40.152],[23.868,40.414],[23.754,40.763],[24.11,40.728],[24.416,40.946],[24.802,40.853],[25.138,41.01],[26.044,40.738],[26.359,40.965],[26.321,41.246],[26.632,41.358],[26.595,41.612],[26.333,41.713],[26.054,41.702],[26.121,41.358],[25.286,41.239],[24.774,41.348],[24.51,41.562],[22.917,41.336],[22.705,41.14],[22.048,41.152],[21.582,40.866],[20.965,40.849]]],[[[26.321,35.315],[25.795,35.115],[25.766,35.336],[24.34,35.348],[24.072,35.498],[24.183,35.586],[23.817,35.535],[23.742,35.687],[23.518,35.294],[24.402,35.191],[24.743,35.077],[24.739,34.932],[25.019,34.932],[26.147,35.002],[26.321,35.315]]],[[[27.212,35.521],[27.221,35.829],[27.136,35.404],[27.212,35.521]]],[[[23.012,36.308],[22.945,36.389],[22.991,36.137],[23.012,36.308]]],[[[28.24,36.433],[27.684,36.158],[27.733,35.915],[28.09,36.055],[28.24,36.433]]],[[[26.362,36.638],[26.318,36.508],[26.466,36.583],[26.362,36.638]]],[[[26.912,36.946],[27.044,36.996],[26.89,37.09],[26.912,36.946]]],[[[25.28,37.049],[25.239,37.152],[25.103,37.013],[25.28,37.049]]],[[[25.526,37.196],[25.342,37.083],[25.45,36.918],[25.526,37.196]]],[[[24.368,37.412],[24.368,37.31],[24.444,37.487],[24.368,37.412]]],[[[25.091,37.583],[25.259,37.59],[24.985,37.679],[25.091,37.583]]],[[[27.048,37.727],[26.58,37.741],[26.797,37.645],[27.048,37.727]]],[[[20.901,37.792],[20.619,37.864],[20.815,37.652],[20.996,37.699],[20.901,37.792]]],[[[20.734,38.062],[20.538,38.474],[20.345,38.182],[20.445,38.276],[20.734,38.062]]],[[[26.164,38.543],[25.849,38.58],[25.975,38.166],[26.164,38.543]]],[[[20.585,38.618],[20.716,38.627],[20.686,38.85],[20.585,38.618]]],[[[24.677,38.81],[24.471,38.977],[24.567,38.763],[24.677,38.81]]],[[[24.588,38.159],[24.252,38.228],[24.156,38.653],[23.594,38.77],[23.299,39.042],[22.837,38.854],[23.202,38.83],[23.649,38.406],[24.042,38.402],[24.372,37.972],[24.567,37.988],[24.588,38.159]]],[[[23.67,39.118],[23.793,39.124],[23.587,39.208],[23.67,39.118]]],[[[26.612,39.049],[26.362,39.379],[25.842,39.228],[26.064,39.091],[26.28,39.196],[26.166,39.022],[26.612,39.049]]],[[[20.092,39.434],[19.845,39.653],[19.948,39.79],[19.667,39.794],[19.879,39.453],[20.092,39.434]]],[[[25.45,40.036],[25.033,39.995],[25.047,39.838],[25.251,39.919],[25.349,39.788],[25.45,40.036]]],[[[24.786,40.735],[24.642,40.804],[24.517,40.639],[24.78,40.612],[24.786,40.735]]]]}},{"type":"Feature","properties":{"id":"GRD"},"geometry":{"type":"Polygon","coordinates":[[[-61.613,12.214],[-61.791,12.008],[-61.632,12.044],[-61.613,12.214]]]}},{"type":"Feature","properties":{"id":"GRL"},"geometry":{"type":"MultiPolygon","coordinates":[[[[-40.876,65.097],[-40.281,65.001],[-39.937,65.097],[-40.123,65.166],[-39.759,65.247],[-39.789,65.412],[-40.218,65.508],[-39.807,65.508],[-39.668,65.685],[-39.423,65.541],[-39.341,65.748],[-39.075,65.555],[-38.608,65.569],[-38.752,65.693],[-38.221,65.646],[-38.106,65.811],[-38.485,66.015],[-37.999,65.938],[-37.998,66.241],[-37.69,66.268],[-38.14,66.369],[-37.852,66.445],[-37.17,66.317],[-37.854,65.885],[-37.185,65.774],[-37.08,66.063],[-37.014,65.84],[-36.554,66.084],[-36.326,65.912],[-35.745,66.199],[-35.586,66.111],[-35.833,66.444],[-35.216,66.241],[-35.114,66.421],[-34.797,66.317],[-34.417,66.75],[-34.292,66.573],[-33.976,66.995],[-33.537,67.078],[-33.202,67.694],[-32.037,67.927],[-32.487,68.624],[-31.991,68.26],[-31.546,68.246],[-31.581,68.076],[-30.45,68.062],[-30.817,68.256],[-30.056,68.112],[-30.303,68.256],[-29.853,68.416],[-29.378,68.201],[-29.172,68.4],[-28.852,68.329],[-27.98,68.571],[-27.781,68.469],[-26.326,68.679],[-25.45,68.968],[-25.656,69.092],[-25.078,69.11],[-25.191,69.284],[-24.636,69.256],[-24.735,69.434],[-24.109,69.417],[-24.355,69.6],[-23.647,69.564],[-23.93,69.756],[-23.252,69.752],[-23.334,69.862],[-22.999,69.766],[-23.068,69.936],[-22.38,69.971],[-22.11,70.155],[-23.863,70.134],[-25.001,70.366],[-25.325,70.278],[-25.248,70.413],[-26.326,70.198],[-26.884,70.257],[-27.34,69.971],[-28.534,70.048],[-26.321,70.38],[-26.743,70.484],[-28.233,70.372],[-28.281,70.511],[-29.206,70.394],[-28.042,70.712],[-27.921,70.881],[-28.398,70.981],[-27.636,70.944],[-27.806,71.157],[-27.506,70.942],[-26.426,70.975],[-25.602,71.17],[-25.78,71.257],[-25.513,71.216],[-25.417,71.285],[-25.805,71.491],[-28.494,71.566],[-27.331,71.719],[-28.457,71.939],[-28.62,72.134],[-26.785,71.547],[-26.401,71.642],[-25.622,71.539],[-25.096,71.305],[-24.638,71.362],[-24.066,70.69],[-23.345,70.441],[-22.633,70.445],[-22.479,70.855],[-22.381,70.449],[-22.023,70.499],[-21.94,70.39],[-21.477,70.545],[-21.929,70.812],[-21.697,71.079],[-22.333,71.059],[-21.716,71.12],[-21.774,71.515],[-22.477,71.264],[-22.507,71.552],[-21.895,71.743],[-22.596,71.574],[-22.416,71.797],[-23.123,71.632],[-22.525,71.915],[-23.807,72.111],[-24.546,72.423],[-25.181,72.365],[-25.507,72.124],[-25.289,72.391],[-25.91,72.423],[-24.703,72.508],[-24.717,72.686],[-25.523,72.84],[-26.469,72.577],[-26.307,72.73],[-26.781,72.717],[-26.397,72.771],[-27.388,72.846],[-26.083,72.782],[-25.053,73.084],[-26.444,73.197],[-27.26,73.127],[-27.483,72.926],[-27.726,73.134],[-26.397,73.238],[-27.332,73.498],[-26.151,73.241],[-25.292,73.474],[-24.702,73.498],[-25.691,73.957],[-24.457,73.541],[-24.06,73.82],[-22.799,73.568],[-22.175,73.628],[-22.662,73.549],[-24.033,73.697],[-22.314,73.25],[-21.543,73.49],[-20.427,73.477],[-20.296,73.886],[-21.59,74.058],[-21.84,73.656],[-21.989,73.999],[-22.488,74.081],[-22.038,74.252],[-22.471,74.314],[-21.769,74.415],[-22.114,74.594],[-19.627,74.239],[-18.975,74.484],[-19.403,74.689],[-19.718,74.587],[-21.096,74.654],[-20.61,74.735],[-20.764,74.841],[-20.626,75.06],[-21.769,74.96],[-22.436,75.17],[-21.761,74.985],[-20.56,75.197],[-22.505,75.551],[-21.443,75.45],[-22.263,75.669],[-21.669,75.593],[-19.589,75.142],[-19.345,75.733],[-19.935,75.934],[-21.984,75.993],[-20.269,75.992],[-19.671,76.136],[-21.024,76.317],[-20.421,76.136],[-21.652,76.238],[-21.585,76.443],[-22.19,76.411],[-22.504,76.451],[-21.792,76.438],[-21.723,76.5],[-22.038,76.466],[-21.675,76.527],[-22.086,76.555],[-21.805,76.589],[-22.145,76.646],[-22.323,76.515],[-22.744,76.698],[-22.196,76.857],[-21.624,76.646],[-20.777,76.842],[-21.73,76.891],[-20.513,76.946],[-19.063,76.838],[-18.628,76.702],[-18.346,76.836],[-18.536,77.281],[-19.083,77.318],[-19.275,77.189],[-20.919,77.509],[-20.468,77.474],[-20.822,77.654],[-20.092,77.701],[-19.358,77.526],[-19.127,77.684],[-20.937,77.974],[-21.576,77.55],[-21.967,77.679],[-20.971,78.779],[-19.881,78.837],[-18.879,79.225],[-19.277,79.392],[-19.604,79.18],[-19.208,79.708],[-19.967,79.679],[-20.423,79.84],[-20.171,80.104],[-19.474,80.26],[-16.447,80.219],[-15.755,80.419],[-16.896,80.584],[-18.055,80.492],[-19.488,80.635],[-20.353,80.461],[-20.845,80.557],[-19.472,80.665],[-18.322,80.558],[-17.24,80.722],[-15.42,80.648],[-11.377,81.476],[-15.29,81.839],[-16.485,81.749],[-17.147,81.413],[-18.524,81.506],[-19.461,81.375],[-18.984,81.61],[-19.708,81.695],[-23.865,80.584],[-21.257,81.517],[-21.328,82.077],[-23.195,82.022],[-23.404,81.719],[-26.387,81.428],[-24.62,81.987],[-27.762,82.062],[-32.718,81.692],[-32.563,81.883],[-29.905,82.098],[-31.582,82.22],[-29.852,82.139],[-23.887,82.279],[-21.403,82.555],[-22.649,82.804],[-24.025,82.763],[-23.933,82.916],[-25.873,82.774],[-24.754,82.998],[-25.221,83.168],[-28.143,83.048],[-30.097,83.126],[-31.392,83.021],[-31.666,82.932],[-33.603,82.945],[-33.885,82.794],[-34.951,82.905],[-35.527,82.751],[-35.569,82.92],[-32.491,83.038],[-33.44,83.16],[-32.162,83.061],[-30.736,83.137],[-26.02,83.216],[-25.65,83.298],[-30.647,83.602],[-34.011,83.588],[-33.83,83.462],[-34.363,83.603],[-36.739,83.538],[-36.45,83.362],[-37.585,83.508],[-37.813,83.36],[-38.839,83.436],[-38.683,83.208],[-36.881,83.154],[-38.783,83.068],[-37.272,83.01],[-39.1,83.004],[-38.615,82.746],[-42.666,83.281],[-44.001,83.202],[-42.85,83.1],[-45.516,83.136],[-43.487,82.913],[-46.509,83.051],[-46.095,82.849],[-40.977,82.774],[-39.759,82.502],[-39.804,82.362],[-41.578,82.747],[-41.615,82.48],[-42.048,82.756],[-45.746,82.777],[-42.302,82.215],[-44.563,82.293],[-44.663,81.754],[-49.011,82.455],[-51.107,82.51],[-49.436,81.928],[-51.036,81.956],[-49.922,81.612],[-52.926,82.039],[-53.683,81.526],[-54.441,82.373],[-55.603,82.283],[-55.113,82.157],[-55.959,82.273],[-59.468,82.003],[-56.453,81.338],[-58.838,81.862],[-60.067,81.947],[-61.281,81.815],[-61.076,81.121],[-63.15,81.212],[-62.78,80.759],[-63.655,81.149],[-67.486,80.323],[-67.05,80.061],[-64.926,80.073],[-64.223,80.256],[-63.779,80.152],[-65.044,80.024],[-64.831,79.527],[-65.786,79.138],[-67.506,79.138],[-69.109,78.964],[-68.781,78.837],[-72.59,78.521],[-73.057,78.158],[-71.313,77.77],[-70.07,77.858],[-70.676,77.68],[-69.507,77.76],[-70.288,77.575],[-69.223,77.453],[-68.611,77.518],[-68.73,77.669],[-68.356,77.5],[-66.663,77.719],[-66.226,77.253],[-67.436,77.384],[-69.103,77.274],[-66.198,77.176],[-70.903,77.191],[-71.346,76.992],[-70.521,76.787],[-69.542,77.006],[-70.011,76.768],[-67.986,76.684],[-69.624,76.417],[-68.408,76.076],[-66.488,75.91],[-67.097,76.259],[-66.414,76.086],[-66.177,76.286],[-65.641,76.268],[-65.889,76.103],[-65.354,76.027],[-64.429,76.349],[-64.031,76.136],[-63.367,76.377],[-62.792,76.198],[-62.267,76.29],[-59.733,75.97],[-59.773,75.801],[-59.272,75.88],[-59.042,75.701],[-58.448,75.731],[-58.167,75.5],[-58.7,75.348],[-58.248,75.403],[-58.142,75.052],[-57.058,74.922],[-57.158,74.738],[-56.145,74.492],[-56.795,74.451],[-56.137,74.375],[-57.314,74.103],[-56.124,74.28],[-56.412,74.067],[-55.613,73.721],[-56.068,73.653],[-55.09,73.368],[-55.695,73.07],[-54.781,72.998],[-54.924,72.786],[-54.527,72.779],[-55.011,72.522],[-54.294,72.484],[-55.651,72.45],[-54.685,72.367],[-55.552,72.038],[-55.268,71.927],[-54.383,72.223],[-54.853,71.913],[-55.905,71.682],[-55.288,71.381],[-55.244,71.496],[-54.787,71.354],[-53.952,71.438],[-54.102,71.71],[-53.766,71.64],[-53.918,71.737],[-53.399,71.846],[-53.959,72.326],[-53.554,72.36],[-53.849,72.313],[-53.4,72.042],[-53.352,71.774],[-52.683,72.011],[-53.266,71.71],[-52.166,71.613],[-51.646,71.718],[-52.992,71.421],[-51.347,71.484],[-52.258,71.366],[-52.55,71.164],[-51.642,71.367],[-52.243,71.127],[-51.223,71.148],[-51.477,71.064],[-50.915,71.024],[-51.957,71.024],[-50.847,70.873],[-50.662,70.712],[-51.445,70.732],[-50.653,70.65],[-50.886,70.511],[-51.347,70.572],[-50.993,70.425],[-50.53,70.537],[-50.567,70.334],[-52.791,70.757],[-54.155,70.829],[-54.63,70.654],[-52.321,70.051],[-50.237,70.038],[-50.593,69.928],[-50.189,69.763],[-50.796,69.72],[-50.408,69.606],[-50.775,69.65],[-50.881,69.508],[-50.203,69.523],[-50.868,69.462],[-51.115,69.206],[-50.367,69.339],[-50.162,69.16],[-50.69,69.127],[-50.175,69.024],[-50.477,69.024],[-50.378,68.908],[-51.08,69.133],[-51.292,68.749],[-50.655,68.831],[-50.862,68.62],[-51.074,68.701],[-51.149,68.564],[-52.193,68.572],[-53.389,68.332],[-52.588,68.351],[-52.938,68.263],[-52.445,68.181],[-51.223,68.297],[-51.649,68.413],[-50.848,68.507],[-51.178,68.408],[-51.156,68.295],[-51.382,68.256],[-50.956,68.189],[-51.437,68.201],[-50.148,67.948],[-53.308,68.187],[-52.755,67.987],[-52.059,67.975],[-52.589,67.943],[-53.177,68.046],[-52.889,67.982],[-53.688,67.812],[-53.73,67.538],[-51.607,67.977],[-52.342,67.822],[-51.704,67.7],[-51.326,67.824],[-51.573,67.934],[-51.039,67.982],[-50.992,67.879],[-51.368,67.886],[-51.188,67.765],[-50.784,67.911],[-50.265,67.845],[-51.306,67.734],[-51.012,67.625],[-49.936,67.7],[-50.874,67.605],[-50.197,67.467],[-52.554,67.769],[-53.783,67.43],[-53.808,67.207],[-53.188,67.343],[-51.115,67.427],[-51.519,67.365],[-51.182,67.145],[-50.346,67.192],[-51.176,67.125],[-51.553,67.331],[-52.191,67.372],[-53.841,67.176],[-53.965,67.078],[-53.398,67.112],[-53.815,67.027],[-53.218,66.995],[-53.818,66.995],[-53.647,66.912],[-52.45,66.982],[-52.232,66.845],[-53.002,66.855],[-53.092,66.766],[-52.649,66.801],[-53.136,66.721],[-52.581,66.707],[-53.458,66.638],[-52.416,66.543],[-53.623,66.509],[-53.626,66.252],[-53.122,66.289],[-53.663,66.139],[-53.006,66.2],[-50.896,66.993],[-50.319,67.079],[-50.634,67.015],[-49.997,66.982],[-50.964,66.936],[-50.333,66.845],[-51.283,66.845],[-53.472,65.981],[-52.875,66.022],[-53.181,65.86],[-52.576,66.008],[-52.303,65.905],[-52.211,65.99],[-51.731,66.076],[-51.74,65.931],[-51.977,66.004],[-52.299,65.837],[-52.694,65.939],[-53.263,65.752],[-52.878,65.809],[-53.239,65.686],[-52.824,65.673],[-52.693,65.807],[-52.801,65.552],[-52.471,65.673],[-52.491,65.392],[-51.931,65.556],[-51.992,65.673],[-51.441,65.773],[-50.552,65.713],[-51.688,65.705],[-51.903,65.624],[-51.717,65.59],[-52.567,65.322],[-52.535,65.192],[-52.005,65.316],[-52.184,64.802],[-52.057,64.924],[-52.088,64.795],[-51.758,64.864],[-51.693,65.026],[-51.704,64.891],[-51.245,65.021],[-52.132,64.713],[-52.143,64.222],[-51.663,64.309],[-51.253,64.76],[-51.039,64.781],[-51.145,64.617],[-50.642,64.759],[-50.984,65.214],[-50.701,65.211],[-50.576,64.785],[-50.014,64.872],[-50.063,64.53],[-49.586,64.343],[-50.149,64.487],[-50.338,64.684],[-50.836,64.646],[-50.443,64.556],[-50.624,64.467],[-50.176,64.448],[-50.888,64.411],[-50.953,64.219],[-51.765,64.185],[-51.44,64.082],[-50.364,64.359],[-50.552,64.179],[-50.163,64.245],[-50.054,64.107],[-50.21,64.206],[-51.62,64.035],[-51.458,63.818],[-50.923,63.938],[-51.56,63.716],[-51.162,63.508],[-51.185,63.629],[-51.076,63.664],[-50.505,63.671],[-51.121,63.63],[-51.074,63.527],[-50.744,63.555],[-51.223,63.445],[-50.279,63.404],[-51.087,63.349],[-51.001,63.165],[-50.778,63.253],[-50.912,63.143],[-50.059,63.23],[-50.608,63.096],[-50.469,62.951],[-50.148,63.02],[-50.39,62.792],[-50.182,62.959],[-49.703,63.061],[-50.244,62.852],[-50.272,62.706],[-49.873,62.897],[-50.32,62.506],[-49.888,62.246],[-49.292,62.267],[-49.683,62.158],[-49.292,62.178],[-49.696,62.117],[-49.463,62.089],[-49.639,61.989],[-49.169,62.021],[-49.031,62.212],[-49.079,62.081],[-48.839,62.081],[-49.428,61.821],[-49.176,61.903],[-49.22,61.724],[-48.784,61.992],[-49.148,61.726],[-48.874,61.793],[-49.058,61.623],[-48.592,61.636],[-49.299,61.561],[-49.017,61.458],[-48.23,61.547],[-48.99,61.362],[-48.34,61.376],[-48.64,61.215],[-48.291,61.129],[-48.166,61.312],[-47.914,61.328],[-48.216,61.186],[-48.086,61.088],[-47.77,61.191],[-47.838,61.042],[-48.402,60.987],[-47.688,61.006],[-48.233,60.821],[-47.438,60.827],[-47.859,60.868],[-47.03,60.975],[-46.862,60.8],[-46.887,60.937],[-46.578,60.91],[-46.413,61.088],[-46.158,60.998],[-46.281,61.085],[-45.836,61.152],[-46.112,61.253],[-45.714,61.328],[-45.872,61.223],[-45.619,61.145],[-46.033,60.914],[-45.488,61.101],[-45.513,61.248],[-45.259,61.105],[-46.205,60.747],[-45.713,60.77],[-45.395,61.011],[-45.255,60.908],[-45.858,60.698],[-45.578,60.704],[-45.881,60.518],[-45.625,60.649],[-45.584,60.471],[-45.122,60.725],[-45.496,60.492],[-45.063,60.663],[-45.214,60.439],[-44.625,60.738],[-45.174,60.134],[-44.466,60.567],[-44.755,60.204],[-45.173,60.088],[-44.844,60.019],[-44.844,60.15],[-44.59,59.989],[-44.101,60.387],[-44.166,60.173],[-43.088,60.099],[-43.33,60.217],[-43.099,60.244],[-43.103,60.313],[-43.357,60.376],[-43.175,60.4],[-43.366,60.391],[-43.357,60.334],[-43.453,60.355],[-43.591,60.306],[-43.328,60.454],[-43.805,60.443],[-44.193,60.643],[-43.659,60.553],[-43.689,60.724],[-43.227,60.471],[-42.747,60.69],[-43.241,60.656],[-42.772,60.735],[-43.528,60.841],[-42.801,60.805],[-43.482,60.942],[-43.027,60.882],[-42.706,61.06],[-43.611,61.129],[-42.63,61.101],[-43.179,61.211],[-42.658,61.259],[-43.248,61.341],[-42.63,61.294],[-42.418,61.403],[-43.083,61.595],[-42.436,61.561],[-42.284,61.728],[-42.861,61.784],[-42.343,61.76],[-42.192,61.87],[-42.416,61.921],[-42.117,62.007],[-42.548,61.951],[-42.261,62.315],[-42.974,62.525],[-42.164,62.39],[-43.151,62.76],[-42.487,62.698],[-42.597,62.872],[-42.305,62.946],[-42.319,62.817],[-41.75,62.844],[-41.624,62.995],[-42.206,63.11],[-42.144,63.206],[-41.534,63.033],[-42.021,63.253],[-41.433,63.125],[-41.901,63.47],[-41.716,63.553],[-41.531,63.432],[-41.116,63.308],[-41.583,63.493],[-41.49,63.531],[-41.24,63.404],[-41.414,63.566],[-41.13,63.389],[-41.281,63.568],[-41.044,63.446],[-41.144,63.527],[-40.743,63.538],[-41.594,63.757],[-41.488,63.86],[-40.526,63.696],[-40.842,63.953],[-40.561,64.107],[-41.567,64.266],[-40.358,64.359],[-41.146,64.954],[-41.115,65.123],[-40.876,65.097]]],[[[-46.554,60.796],[-46.201,60.951],[-46.846,60.773],[-46.554,60.796]]],[[[-50.806,64.528],[-51.032,64.551],[-51.315,64.232],[-50.806,64.528]]],[[[-51.299,64.381],[-51.094,64.57],[-51.515,64.394],[-51.299,64.381]]],[[[-43.707,59.903],[-43.961,59.978],[-44.118,59.834],[-43.707,59.903]]],[[[-43.172,60.074],[-44.13,60.142],[-43.59,59.923],[-43.576,60.081],[-43.172,60.074]]],[[[-47.722,60.759],[-48.236,60.8],[-47.9,60.682],[-47.722,60.759]]],[[[-41.147,63.284],[-41.863,63.473],[-41.415,63.232],[-41.147,63.284]]],[[[-40.143,64.487],[-40.829,64.929],[-40.493,64.494],[-40.143,64.487]]],[[[-36.936,65.679],[-37.217,65.686],[-37.004,65.588],[-36.936,65.679]]],[[[-37.454,65.793],[-37.824,65.871],[-37.907,65.588],[-37.371,65.641],[-37.454,65.793]]],[[[-36.751,65.905],[-36.635,65.796],[-36.504,65.953],[-36.751,65.905]]],[[[-52.351,68.642],[-52.128,68.708],[-53.122,68.571],[-52.351,68.642]]],[[[-51.223,69.914],[-51.135,69.51],[-50.662,69.856],[-51.223,69.914]]],[[[-52.903,69.345],[-52.026,69.52],[-51.937,69.777],[-53.49,70.243],[-54.741,70.254],[-54.794,70.051],[-54.225,69.92],[-54.865,69.943],[-54.389,69.682],[-54.962,69.676],[-53.959,69.61],[-53.817,69.459],[-53.349,69.585],[-53.403,69.439],[-54.246,69.448],[-53.845,69.265],[-52.903,69.345]]],[[[-51.817,70.942],[-52.142,70.873],[-51.631,70.848],[-51.817,70.942]]],[[[-53.897,71.082],[-53.422,71.076],[-53.612,71.322],[-53.897,71.082]]],[[[-52.485,71.264],[-52.409,71.354],[-53.17,71.346],[-52.957,71.154],[-52.485,71.264]]],[[[-53.294,71.539],[-52.76,71.662],[-53.437,71.668],[-53.294,71.539]]],[[[-55.802,72.689],[-55.666,72.785],[-56.226,72.71],[-55.802,72.689]]],[[[-55.739,72.614],[-55.367,72.59],[-54.985,72.823],[-55.739,72.614]]],[[[-53.275,82.172],[-51.203,81.992],[-53.054,82.331],[-53.275,82.172]]],[[[-44.529,82.414],[-46.324,82.679],[-47.729,82.638],[-45.035,82.059],[-44.529,82.414]]],[[[-39.438,83.105],[-40.531,83.168],[-39.666,82.996],[-39.438,83.105]]],[[[-27.719,70.74],[-27.24,70.894],[-27.723,70.889],[-27.719,70.74]]],[[[-25.317,70.747],[-25.704,71.086],[-26.309,70.939],[-27.15,70.878],[-28.116,70.437],[-26,70.535],[-25.317,70.747]]],[[[-21.949,72.429],[-23.137,72.84],[-24.467,72.843],[-24.064,72.445],[-22.525,72.135],[-22.045,72.272],[-22.76,72.441],[-21.949,72.429]]],[[[-24.8,72.916],[-25.321,72.847],[-24.901,72.782],[-24.8,72.916]]],[[[-21.929,72.738],[-21.97,72.944],[-22.819,73.04],[-24.577,72.974],[-23.163,72.878],[-22.654,72.698],[-21.929,72.738]]],[[[-24.524,73.048],[-22.892,73.158],[-25.012,73.313],[-23.21,73.231],[-24.46,73.425],[-25.244,73.411],[-25.707,73.185],[-24.524,73.048]]],[[[-20.353,74.252],[-21.247,74.457],[-21.987,74.248],[-21.269,74.088],[-20.162,74.169],[-20.353,74.252]]],[[[-19.81,74.891],[-20.339,75.054],[-20.6,74.999],[-20.663,74.805],[-20.086,74.704],[-19.81,74.891]]],[[[-17.317,75.136],[-18.209,75.222],[-18.051,75.42],[-18.948,75.334],[-18.893,74.999],[-17.618,74.936],[-17.317,75.136]]],[[[-18.55,76.054],[-18.975,76.766],[-18.629,75.892],[-18.55,76.054]]],[[[-19.124,78.711],[-19.115,78.932],[-19.611,78.77],[-19.124,78.711]]],[[[-17.533,79.032],[-17.606,79.194],[-17.944,78.95],[-17.533,79.032]]],[[[-18.764,79.973],[-19.414,79.848],[-18.174,79.694],[-17.269,80.009],[-17.741,80.091],[-18.764,79.973]]],[[[-19.523,80.03],[-18.703,80.126],[-19.207,80.21],[-19.523,80.03]]],[[[-19.46,81.953],[-18.631,81.82],[-19.411,82.12],[-19.46,81.953]]]]}},{"type":"Feature","properties":{"id":"GTM"},"geometry":{"type":"Polygon","coordinates":[[[-89.362,14.415],[-89.16,14.581],[-89.161,15.06],[-88.221,15.726],[-88.605,15.97],[-88.489,15.847],[-88.609,15.702],[-88.914,15.894],[-89.237,15.894],[-89.16,17.814],[-90.983,17.811],[-90.992,17.252],[-91.442,17.238],[-90.797,16.805],[-90.633,16.483],[-90.395,16.419],[-90.437,16.099],[-91.74,16.061],[-92.211,15.272],[-92.074,15.074],[-92.246,14.546],[-91.316,13.956],[-90.58,13.913],[-90.098,13.731],[-90.023,13.937],[-89.525,14.232],[-89.584,14.402],[-89.362,14.415]]]}},{"type":"Feature","properties":{"id":"GUM"},"geometry":{"type":"Polygon","coordinates":[[[144.886,13.64],[144.624,13.431],[144.681,13.247],[144.886,13.64]]]}},{"type":"Feature","properties":{"id":"GUY"},"geometry":{"type":"Polygon","coordinates":[[[-56.482,1.942],[-56.705,2.03],[-57.202,2.846],[-57.308,3.395],[-57.655,3.39],[-58.042,4.023],[-57.837,4.651],[-57.919,4.83],[-57.687,5.006],[-57.28,5.026],[-57.248,5.485],[-57.207,6.151],[-58.312,6.892],[-58.68,6.376],[-58.49,7.376],[-59.105,8.014],[-60.021,8.558],[-59.829,8.245],[-60.526,7.813],[-60.731,7.525],[-60.628,7.191],[-60.304,7.054],[-60.7,6.767],[-61.13,6.716],[-61.122,6.187],[-61.397,5.946],[-60.74,5.202],[-60.132,5.243],[-59.981,5.057],[-60.16,4.528],[-59.687,4.381],[-59.738,4.203],[-59.528,3.94],[-59.863,3.582],[-60,2.694],[-59.742,2.264],[-59.759,1.862],[-59.26,1.387],[-58.816,1.187],[-58.519,1.267],[-58.32,1.601],[-58.027,1.517],[-57.985,1.658],[-57.561,1.709],[-57.319,1.977],[-56.482,1.942]]]}},{"type":"Feature","properties":{"id":"HKG"},"geometry":{"type":"MultiPolygon","coordinates":[[[[114.23,22.556],[114.082,22.529],[113.914,22.376],[114.105,22.37],[114.297,22.258],[114.4,22.436],[114.209,22.399],[114.335,22.506],[114.23,22.556]]],[[[114.216,22.286],[114.113,22.272],[114.208,22.19],[114.216,22.286]]]]}},{"type":"Feature","properties":{"id":"HMD"},"geometry":{"type":"Polygon","coordinates":[[[73.735,-53.112],[73.236,-52.982],[73.473,-53.189],[73.735,-53.112]]]}},{"type":"Feature","properties":{"id":"HND"},"geometry":{"type":"Polygon","coordinates":[[[-89.362,14.415],[-89.107,14.396],[-88.839,14.1],[-88.504,13.984],[-88.497,13.851],[-88.235,13.993],[-87.818,13.916],[-87.704,13.815],[-87.817,13.407],[-87.394,13.406],[-87.512,13.287],[-87.314,12.982],[-87.035,12.98],[-86.911,13.24],[-86.712,13.286],[-86.75,13.757],[-86.34,13.757],[-86.02,14.055],[-85.742,13.824],[-85.727,13.965],[-85.17,14.322],[-85.145,14.564],[-84.904,14.817],[-84.483,14.619],[-83.509,15.012],[-83.13,14.997],[-83.703,15.402],[-83.482,15.216],[-83.76,15.202],[-83.814,15.322],[-84.017,15.414],[-83.822,15.271],[-83.938,15.259],[-84.213,15.551],[-83.73,15.402],[-84.295,15.811],[-84.66,15.774],[-85,15.988],[-85.489,15.87],[-86.008,16.031],[-85.933,15.937],[-86.375,15.771],[-87.479,15.786],[-87.591,15.935],[-88.221,15.726],[-89.161,15.06],[-89.16,14.581],[-89.362,14.415]]]}},{"type":"Feature","properties":{"id":"HRV"},"geometry":{"type":"MultiPolygon","coordinates":[[[[16.515,46.502],[16.344,46.547],[16.276,46.373],[15.64,46.208],[15.676,45.842],[15.255,45.723],[15.325,45.453],[14.797,45.465],[14.581,45.668],[14.373,45.478],[13.643,45.459],[13.507,45.512],[13.623,45.073],[13.903,44.772],[14.312,45.344],[14.534,45.313],[14.853,45.094],[15.007,44.57],[15.529,44.272],[15.261,44.333],[15.145,44.195],[15.95,43.689],[15.959,43.504],[16.434,43.55],[16.881,43.406],[17.581,42.942],[17.27,43.463],[16.327,44.082],[16.028,44.625],[15.728,44.769],[15.792,45.19],[16.02,45.214],[16.316,45.001],[16.529,45.222],[16.924,45.285],[17.836,45.064],[18.238,45.157],[19.016,44.866],[19.045,45.137],[19.408,45.203],[18.977,45.371],[19.106,45.512],[18.904,45.573],[18.901,45.931],[18.404,45.742],[17.858,45.772],[16.515,46.502]]],[[[18.437,42.559],[17.812,42.91],[17.653,42.891],[17.002,43.051],[17.893,42.791],[18.496,42.416],[18.437,42.559]]],[[[16.693,43.127],[17.193,43.127],[16.372,43.196],[16.693,43.127]]],[[[16.501,43.284],[16.892,43.312],[16.426,43.394],[16.501,43.284]]],[[[14.877,44.56],[15.22,44.313],[14.734,44.703],[14.877,44.56]]],[[[14.514,44.662],[14.332,45.176],[14.294,44.909],[14.514,44.662]]],[[[14.723,44.943],[14.549,45.249],[14.425,45.087],[14.723,44.943]]]]}},{"type":"Feature","properties":{"id":"HTI"},"geometry":{"type":"MultiPolygon","coordinates":[[[[-71.757,19.71],[-72.334,19.719],[-72.807,19.946],[-73.167,19.938],[-73.468,19.725],[-72.699,19.446],[-72.814,19.053],[-72.33,18.683],[-72.354,18.53],[-72.904,18.434],[-74.256,18.67],[-74.489,18.429],[-73.873,18.026],[-73.646,18.259],[-72.886,18.141],[-72.072,18.238],[-71.776,18.039],[-71.709,18.313],[-72.01,18.599],[-71.72,18.765],[-71.865,18.964],[-71.644,19.152],[-71.777,19.328],[-71.757,19.71]]],[[[-72.851,20.089],[-72.96,20.061],[-72.628,20.008],[-72.851,20.089]]],[[[-73.259,18.878],[-72.809,18.72],[-73.201,18.969],[-73.259,18.878]]]]}},{"type":"Feature","properties":{"id":"HUN"},"geometry":{"type":"Polygon","coordinates":[[[22.878,47.947],[22.133,48.405],[21.759,48.334],[21.425,48.561],[20.511,48.534],[19.929,48.13],[19.623,48.227],[19.428,48.086],[18.838,48.04],[18.693,47.778],[17.826,47.75],[17.148,48.005],[17.075,47.708],[16.408,47.661],[16.689,47.538],[16.434,47.397],[16.486,46.999],[16.094,46.863],[16.325,46.839],[16.515,46.502],[17.858,45.772],[18.404,45.742],[18.901,45.931],[19.55,46.164],[20.243,46.108],[21.144,46.284],[22.008,47.517],[22.878,47.947]]]}},{"type":"Feature","properties":{"id":"IDN"},"geometry":{"type":"MultiPolygon","coordinates":[[[[117.704,4.163],[117.873,4.032],[117.907,4.157],[117.704,4.163]]],[[[124.451,-9.18],[124.31,-9.489],[124.03,-9.342],[123.677,-9.63],[123.577,-10.034],[123.765,-10.075],[123.472,-10.365],[124.452,-10.146],[125.062,-9.486],[124.958,-9.212],[125.151,-9.185],[125.162,-9.061],[124.933,-9.074],[124.92,-8.962],[124.451,-9.18]]],[[[117.567,4.16],[117.203,4.356],[116.126,4.379],[116.021,4.271],[115.844,4.389],[115.539,3.921],[115.601,3.43],[115.464,3.031],[115.242,3.042],[115.069,2.833],[115.056,2.609],[115.206,2.51],[114.779,2.247],[114.832,1.903],[114.68,1.841],[114.546,1.435],[113.91,1.442],[113.625,1.228],[112.958,1.416],[112.973,1.57],[112.47,1.568],[112.162,1.435],[112.093,1.143],[111.823,1.008],[111.198,1.075],[110.506,0.857],[109.658,1.597],[109.528,1.89],[109.645,2.083],[109.341,1.936],[109.073,1.534],[108.986,1.216],[109.266,1.395],[108.933,1.178],[108.981,0.956],[108.856,0.812],[108.929,0.315],[109.3,0.01],[109.157,0.02],[109.225,-0.237],[109.051,-0.229],[109.123,-0.5],[109.51,-0.725],[109.263,-0.667],[109.273,-0.854],[109.677,-0.984],[109.764,-0.871],[110.061,-1.346],[109.904,-1.826],[110.093,-1.95],[110.281,-2.518],[110.157,-2.621],[110.263,-3.003],[110.549,-2.868],[110.662,-3.081],[110.956,-2.879],[110.754,-3.026],[110.986,-3.087],[111.363,-2.923],[111.57,-3.016],[111.754,-2.739],[111.905,-3.572],[112.203,-3.33],[112.638,-3.417],[113.022,-3.163],[113.035,-2.923],[113.351,-3.272],[113.303,-3.163],[113.612,-3.174],[113.632,-3.457],[114.042,-3.356],[114.118,-3.19],[114.187,-3.382],[114.365,-3.212],[114.264,-3.398],[114.477,-3.501],[114.55,-3.348],[114.664,-4.184],[115.968,-3.609],[116.265,-3.137],[116.106,-2.998],[116.133,-2.834],[116.288,-2.987],[116.393,-2.574],[116.304,-2.526],[116.518,-2.554],[116.605,-2.194],[116.283,-2.169],[116.467,-1.907],[116.425,-1.766],[116.222,-1.79],[116.762,-1.365],[116.743,-1.025],[116.82,-1.261],[116.958,-1.24],[117.282,-0.809],[117.339,-0.901],[117.623,-0.782],[117.483,-0.7],[117.63,-0.419],[117.441,-0.525],[117.47,0.109],[117.743,0.741],[118.033,0.8],[117.894,1.113],[118.384,0.805],[118.798,0.805],[119.012,0.976],[117.75,2.031],[118.082,2.337],[117.62,2.826],[117.736,2.902],[117.544,2.922],[117.685,2.963],[117.565,2.984],[117.617,3.086],[117.27,3.234],[117.447,3.435],[117.031,3.594],[117.51,3.607],[117.469,3.792],[117.629,3.632],[117.826,3.704],[117.373,4.17],[117.567,4.16]]],[[[140.974,-2.601],[140.724,-2.634],[140.745,-2.499],[140.158,-2.321],[139.781,-2.355],[137.839,-1.471],[137.124,-1.797],[137.178,-2.106],[136.381,-2.234],[135.91,-2.986],[135.341,-3.39],[134.899,-3.263],[134.638,-2.511],[134.484,-2.539],[134.464,-2.862],[134.193,-2.379],[134.087,-1.683],[134.282,-1.35],[134.036,-0.958],[134.172,-0.864],[133.977,-0.723],[133.392,-0.723],[132.975,-0.445],[132.397,-0.353],[131.876,-0.69],[131.243,-0.819],[131.236,-1.117],[130.948,-1.412],[131.206,-1.524],[131.373,-1.395],[131.791,-1.498],[131.805,-1.608],[131.982,-1.539],[131.942,-1.895],[132.306,-2.266],[133.646,-2.236],[133.94,-2.108],[133.792,-2.26],[133.95,-2.204],[133.867,-2.341],[134.005,-2.388],[133.747,-2.438],[133.817,-2.649],[133.713,-2.512],[133.682,-2.717],[133.641,-2.543],[133.473,-2.522],[133.45,-2.642],[133.446,-2.495],[133.381,-2.676],[133.381,-2.512],[133.173,-2.422],[132.737,-2.81],[132.202,-2.676],[131.958,-2.788],[131.976,-2.93],[132.326,-2.947],[132.671,-3.329],[132.812,-3.282],[132.932,-3.554],[132.731,-3.682],[132.99,-4.114],[133.453,-3.865],[133.409,-3.722],[133.592,-3.545],[133.514,-3.378],[133.628,-3.416],[133.668,-3.122],[133.861,-2.923],[133.929,-3.115],[133.691,-3.216],[133.641,-3.484],[133.971,-3.85],[134.127,-3.745],[134.315,-4.02],[134.334,-3.869],[134.525,-4.026],[134.676,-3.908],[134.968,-3.937],[134.688,-3.947],[134.648,-4.119],[135.186,-4.449],[135.95,-4.506],[136.822,-4.928],[137.279,-4.937],[137.999,-5.479],[138.071,-5.41],[138.071,-5.729],[138.363,-5.679],[138.158,-5.774],[138.404,-5.836],[138.262,-5.915],[138.466,-6.402],[138.829,-6.706],[138.683,-6.715],[139.192,-6.973],[138.931,-6.843],[138.562,-6.919],[138.843,-7.146],[139.24,-7.151],[138.667,-7.198],[139.093,-7.56],[138.915,-7.903],[138.925,-8.07],[138.843,-8.117],[138.914,-8.292],[139.217,-7.951],[139.395,-8.201],[139.974,-8.097],[140.152,-7.885],[139.988,-8.192],[140.977,-9.106],[140.977,-6.897],[140.849,-6.703],[140.977,-6.335],[140.974,-2.601]]],[[[117.664,-8.148],[117.487,-8.183],[117.493,-8.361],[117.664,-8.148]]],[[[120.96,-7.282],[120.792,-7.279],[121.067,-7.303],[120.96,-7.282]]],[[[138.753,-6.778],[138.619,-6.729],[138.716,-6.865],[138.753,-6.778]]],[[[134.608,-6.421],[134.446,-6.285],[134.347,-6.36],[134.542,-6.529],[134.608,-6.421]]],[[[134.378,-6.254],[134.126,-6.034],[134.162,-6.197],[134.378,-6.254]]],[[[109.906,-7.838],[110.715,-8.193],[111.696,-8.371],[111.792,-8.257],[112.673,-8.447],[113.241,-8.281],[114.625,-8.741],[114.377,-8.519],[114.389,-7.758],[114.046,-7.612],[113.133,-7.728],[112.761,-7.531],[112.823,-7.263],[112.604,-7.193],[112.583,-6.871],[112.084,-6.906],[111.493,-6.623],[111.144,-6.692],[111.011,-6.421],[110.671,-6.5],[110.381,-6.976],[110.177,-6.856],[108.945,-6.849],[108.605,-6.762],[108.36,-6.246],[107.678,-6.238],[107.044,-5.914],[107.005,-6.072],[106.793,-6.104],[106.159,-6.01],[106.053,-5.881],[105.782,-6.512],[105.644,-6.482],[105.49,-6.809],[105.364,-6.665],[105.217,-6.772],[106.511,-6.964],[106.398,-7.378],[107.411,-7.496],[107.865,-7.745],[108.454,-7.819],[108.873,-7.611],[109.906,-7.838]]],[[[123.777,-5.514],[123.691,-5.473],[123.815,-5.596],[123.777,-5.514]]],[[[119.847,-0.875],[119.734,-0.634],[119.525,-0.86],[119.314,-1.246],[119.347,-1.959],[119.216,-2.01],[119.136,-2.454],[118.757,-2.776],[118.886,-2.87],[118.764,-3.091],[118.927,-3.566],[119.298,-3.428],[119.498,-3.495],[119.627,-4.315],[119.353,-5.356],[119.433,-5.588],[119.724,-5.704],[120.323,-5.51],[120.464,-5.62],[120.264,-5.15],[120.45,-4.647],[120.426,-3.256],[120.203,-2.958],[120.584,-2.682],[120.799,-2.615],[121.08,-2.759],[120.984,-2.824],[121.067,-3.194],[120.875,-3.499],[121.628,-4.087],[121.48,-4.581],[121.554,-4.744],[122.077,-4.842],[122.108,-4.52],[122.599,-4.397],[122.758,-4.485],[122.67,-4.315],[122.9,-4.389],[122.845,-4.058],[122.688,-4.138],[122.551,-3.971],[122.656,-3.889],[122.205,-3.594],[122.473,-3.151],[121.296,-1.817],[121.692,-1.908],[121.861,-1.67],[122.369,-1.493],[122.839,-0.899],[123.096,-0.835],[123.311,-1.051],[123.454,-0.758],[123.076,-0.556],[122.735,-0.648],[122.929,-0.759],[122.208,-0.765],[122.105,-0.926],[121.714,-0.935],[121.62,-0.8],[121.105,-1.406],[120.676,-1.395],[120.5,-0.975],[120.256,-0.899],[120.073,-0.614],[119.996,-0.209],[120.158,0.228],[120.503,0.529],[121.108,0.407],[121.602,0.552],[121.8,0.426],[123.074,0.516],[123.239,0.325],[123.626,0.267],[124.322,0.399],[125.249,1.485],[125.175,1.678],[124.984,1.732],[124.836,1.469],[124.548,1.36],[124.594,1.196],[123.929,0.832],[123.187,0.974],[122.849,0.818],[122.454,1.021],[121.547,1.072],[121.451,1.298],[120.834,1.326],[120.802,1.053],[120.568,0.782],[120.278,0.994],[120.046,0.734],[119.785,0.239],[119.833,-0.084],[119.634,0.01],[119.8,-0.124],[119.847,-0.875]]],[[[100.947,1.825],[100.434,2.273],[100.211,2.706],[100.126,2.53],[100.055,2.727],[100.008,2.603],[99.98,2.948],[99.751,3.18],[98.263,4.177],[98.179,4.108],[98.276,4.425],[97.997,4.546],[97.909,4.89],[97.526,5.242],[96.407,5.217],[95.612,5.627],[95.213,5.573],[95.199,5.293],[95.565,4.638],[96.48,3.779],[96.884,3.682],[97.405,2.943],[97.603,2.866],[97.744,2.281],[98.774,1.749],[98.71,1.564],[99.138,0.263],[99.747,-0.03],[100.858,-1.892],[100.923,-2.333],[101.611,-3.225],[102.222,-3.643],[102.313,-3.991],[103.891,-5.104],[104.561,-5.928],[104.716,-5.921],[104.551,-5.508],[105.163,-5.786],[105.28,-5.444],[105.73,-5.897],[105.91,-4.943],[105.813,-4.239],[105.952,-3.834],[105.82,-3.673],[106.073,-3.256],[106.028,-2.983],[105.81,-2.899],[105.624,-2.402],[104.883,-2.285],[104.731,-2.591],[104.531,-2.773],[104.713,-2.558],[104.71,-2.371],[104.606,-2.402],[104.883,-2.126],[104.589,-2.019],[104.564,-1.858],[104.497,-1.936],[104.377,-1.032],[103.829,-1.073],[103.346,-0.696],[103.373,-0.449],[103.598,-0.437],[103.346,-0.367],[103.489,-0.212],[103.271,-0.258],[103.802,-0.007],[103.743,0.277],[103.362,0.536],[102.903,0.268],[102.546,0.169],[102.43,0.246],[102.582,0.181],[103.075,0.442],[102.954,0.676],[102.425,0.804],[102.118,1.387],[101.749,1.662],[101.427,1.709],[101.05,2.291],[100.8,2.209],[100.947,1.825]]],[[[120.792,-9.961],[119.959,-9.29],[118.942,-9.526],[119.097,-9.718],[119.634,-9.769],[120.45,-10.31],[120.725,-10.197],[120.792,-9.961]]],[[[115.55,-8.666],[115.468,-8.732],[115.589,-8.807],[115.55,-8.666]]],[[[119.559,-8.518],[119.415,-8.443],[119.381,-8.741],[119.559,-8.518]]],[[[123.349,-8.269],[123.157,-8.244],[123.02,-8.392],[123.289,-8.404],[123.349,-8.269]]],[[[116.633,-8.275],[116.286,-8.236],[116.028,-8.445],[116.088,-8.737],[115.839,-8.817],[116.565,-8.896],[116.5,-8.803],[116.743,-8.392],[116.633,-8.275]]],[[[119.204,-8.611],[119.052,-8.646],[118.972,-8.302],[118.754,-8.326],[118.667,-8.547],[118.647,-8.289],[118.312,-8.371],[118.15,-8.134],[117.918,-8.086],[117.712,-8.241],[118.282,-8.642],[117.805,-8.72],[117.623,-8.438],[117.195,-8.358],[116.838,-8.508],[116.728,-8.963],[117.01,-9.107],[117.389,-9.054],[118.158,-8.868],[118.415,-8.583],[118.414,-8.854],[118.908,-8.851],[118.702,-8.748],[119.152,-8.742],[119.204,-8.611]]],[[[123.026,-8.289],[122.863,-8.07],[122.74,-8.222],[122.94,-8.193],[122.881,-8.286],[122.288,-8.634],[122.019,-8.426],[121.502,-8.602],[120.422,-8.227],[119.867,-8.413],[119.806,-8.741],[119.907,-8.872],[120.165,-8.769],[120.995,-8.941],[121.341,-8.918],[121.396,-8.794],[121.78,-8.888],[122.807,-8.611],[122.804,-8.438],[123.026,-8.289]]],[[[115.619,-8.289],[115.193,-8.055],[114.858,-8.193],[114.448,-8.122],[114.605,-8.386],[115.156,-8.662],[115.135,-8.851],[115.701,-8.419],[115.619,-8.289]]],[[[102.407,-5.404],[102.099,-5.335],[102.284,-5.499],[102.407,-5.404]]],[[[116.304,-3.718],[116.268,-3.219],[116.016,-3.629],[116.091,-4.067],[116.306,-3.904],[116.304,-3.718]]],[[[100.399,-3.184],[100.468,-3.015],[100.227,-2.773],[100.189,-2.967],[100.461,-3.334],[100.399,-3.184]]],[[[100.207,-2.694],[99.975,-2.494],[100.016,-2.834],[100.207,-2.694]]],[[[99.823,-2.293],[99.565,-2.031],[99.604,-2.266],[99.846,-2.38],[99.823,-2.293]]],[[[109.76,-1.104],[109.723,-0.987],[109.475,-0.977],[109.417,-1.254],[109.76,-1.104]]],[[[99.274,-1.635],[98.898,-0.916],[98.658,-0.963],[98.594,-1.198],[98.885,-1.679],[99.118,-1.802],[99.274,-1.635]]],[[[98.502,-0.461],[98.429,-0.244],[98.275,-0.525],[98.501,-0.566],[98.502,-0.461]]],[[[98.48,-0.158],[98.296,-0.007],[98.549,-0.381],[98.48,-0.158]]],[[[103.294,0.625],[103.179,0.696],[103.14,0.539],[103.294,0.625]]],[[[103.489,0.777],[103.357,0.872],[103.434,0.647],[103.489,0.777]]],[[[103.049,0.797],[102.764,1.011],[102.605,1.011],[102.556,1.126],[102.468,1.106],[102.407,0.873],[102.516,0.791],[103.007,0.694],[103.049,0.797]]],[[[103.126,0.928],[102.802,1.163],[102.625,1.022],[102.791,1.031],[103.127,0.834],[103.126,0.928]]],[[[104.146,1.16],[103.907,1.072],[104.092,0.99],[104.146,1.16]]],[[[104.655,1.096],[104.576,1.225],[104.232,1.093],[104.485,1.034],[104.567,0.83],[104.655,1.096]]],[[[102.473,1.242],[102.211,1.398],[102.369,0.935],[102.473,1.242]]],[[[102.496,1.364],[102.463,1.515],[102.008,1.615],[102.479,1.271],[102.496,1.364]]],[[[101.721,2.058],[101.418,2.044],[101.491,1.737],[101.715,1.778],[101.721,2.058]]],[[[97.329,2.148],[97.103,2.213],[97.322,2.031],[97.329,2.148]]],[[[96.48,2.415],[95.912,2.906],[95.7,2.832],[96.335,2.355],[96.48,2.415]]],[[[105.802,2.997],[105.689,3.06],[105.713,2.843],[105.802,2.997]]],[[[106.285,3.179],[106.208,3.225],[106.279,3.087],[106.285,3.179]]],[[[117.625,3.438],[117.531,3.403],[117.648,3.246],[117.625,3.438]]],[[[108.396,3.875],[108.225,4.245],[107.985,4.012],[108.262,3.792],[108.094,3.696],[108.184,3.648],[108.396,3.875]]],[[[95.342,5.896],[95.214,5.903],[95.338,5.779],[95.342,5.896]]],[[[123.39,-10.591],[123.386,-10.433],[122.813,-10.778],[122.821,-10.893],[123.209,-10.813],[123.39,-10.591]]],[[[121.94,-10.43],[121.69,-10.564],[121.882,-10.598],[121.94,-10.43]]],[[[123.928,-8.227],[123.642,-8.223],[123.589,-8.374],[123.568,-8.248],[123.414,-8.267],[123.486,-8.351],[123.227,-8.526],[123.583,-8.566],[123.928,-8.227]]],[[[124.308,-8.22],[123.907,-8.455],[124.15,-8.539],[124.308,-8.22]]],[[[138.897,-8.337],[138.785,-8.159],[138.548,-8.347],[138.897,-8.337]]],[[[125.134,-8.217],[124.475,-8.133],[124.392,-8.265],[124.548,-8.231],[124.334,-8.413],[125.123,-8.352],[125.134,-8.217]]],[[[128.091,-8.131],[127.762,-8.117],[128.026,-8.261],[128.091,-8.131]]],[[[131.109,-8.131],[130.926,-8.133],[130.763,-8.351],[131.109,-8.131]]],[[[129.841,-7.878],[129.588,-7.836],[129.759,-8.054],[129.841,-7.878]]],[[[126.837,-7.726],[126.627,-7.56],[125.969,-7.66],[125.774,-8.008],[126.054,-7.885],[126.466,-7.967],[126.837,-7.726]]],[[[138.939,-7.542],[138.717,-7.36],[138.089,-7.56],[137.638,-8.426],[138.376,-8.41],[138.904,-8.076],[138.891,-7.898],[139.076,-7.576],[138.939,-7.542]]],[[[131.699,-7.227],[131.569,-7.131],[131.242,-7.488],[131.116,-8.001],[131.317,-8.018],[131.633,-7.62],[131.699,-7.227]]],[[[114.046,-6.915],[112.915,-6.892],[112.693,-7.059],[112.726,-7.159],[113.513,-7.248],[114.125,-6.982],[114.046,-6.915]]],[[[134.484,-6.576],[134.103,-6.18],[134.21,-6.507],[134.111,-6.459],[134.073,-6.827],[134.311,-6.859],[134.484,-6.576]]],[[[120.546,-5.938],[120.47,-5.767],[120.481,-6.477],[120.546,-5.938]]],[[[132.802,-5.787],[132.62,-5.603],[132.692,-5.929],[132.802,-5.787]]],[[[134.758,-6.158],[134.601,-5.952],[134.736,-5.97],[134.758,-5.671],[134.508,-5.429],[134.352,-5.714],[134.202,-5.713],[134.378,-5.794],[134.277,-6.119],[134.608,-6.37],[134.758,-6.158]]],[[[122.067,-5.215],[121.854,-5.102],[121.807,-5.26],[121.968,-5.468],[122.067,-5.215]]],[[[122.78,-4.917],[122.711,-4.615],[122.383,-4.746],[122.28,-5.37],[122.511,-5.287],[122.598,-5.42],[122.78,-4.917]]],[[[123.15,-5.225],[122.95,-5.19],[123.052,-4.74],[123.22,-4.817],[123.041,-4.384],[122.855,-4.61],[122.815,-5.211],[122.567,-5.507],[122.638,-5.662],[122.828,-5.676],[122.876,-5.458],[123.213,-5.302],[123.15,-5.225]]],[[[133.558,-4.232],[133.324,-4.108],[133.628,-4.3],[133.558,-4.232]]],[[[123.204,-3.993],[122.951,-4.047],[123.045,-4.21],[123.196,-4.188],[123.204,-3.993]]],[[[128.331,-3.512],[127.984,-3.621],[127.933,-3.763],[128.237,-3.722],[128.331,-3.512]]],[[[128.721,-3.526],[128.561,-3.494],[128.636,-3.623],[128.721,-3.526]]],[[[127.241,-3.471],[126.84,-3.074],[126.091,-3.112],[125.992,-3.248],[126.203,-3.631],[126.697,-3.864],[127.206,-3.66],[127.241,-3.471]]],[[[130.873,-3.574],[130.389,-2.994],[129.541,-2.78],[129.177,-2.958],[129.053,-2.804],[128.175,-2.857],[128.104,-3.067],[127.842,-3.173],[127.926,-3.553],[128.166,-3.067],[128.484,-3.462],[128.877,-3.203],[128.961,-3.356],[129.486,-3.463],[129.51,-3.303],[129.89,-3.333],[130.818,-3.869],[130.873,-3.574]]],[[[108.294,-2.848],[108.098,-2.608],[107.67,-2.561],[107.603,-3.229],[107.87,-3.052],[108.074,-3.226],[108.294,-2.848]]],[[[126.069,-2.384],[125.933,-1.965],[125.905,-2.231],[126.013,-2.46],[126.069,-2.384]]],[[[126.329,-1.819],[125.335,-1.851],[125.432,-1.95],[126.329,-1.819]]],[[[130.386,-1.888],[130.343,-1.677],[129.715,-1.881],[130.126,-2.067],[130.437,-1.976],[130.386,-1.888]]],[[[125.315,-1.779],[124.518,-1.626],[124.329,-1.871],[124.543,-2.007],[125.318,-1.883],[125.315,-1.779]]],[[[136.848,-1.765],[135.422,-1.611],[136.266,-1.909],[136.848,-1.765]]],[[[106.769,-2.56],[106.319,-2.431],[105.914,-1.494],[105.696,-1.532],[105.813,-1.793],[105.566,-1.532],[105.136,-1.966],[105.306,-2.135],[105.78,-2.151],[105.987,-2.821],[106.532,-3.106],[106.752,-3.074],[106.604,-2.91],[106.769,-2.56]]],[[[128.145,-1.594],[127.634,-1.329],[127.428,-1.415],[127.379,-1.632],[128.052,-1.715],[128.145,-1.594]]],[[[123.503,-1.264],[123.352,-1.229],[123.232,-1.395],[123.189,-1.145],[122.914,-1.176],[122.812,-1.444],[122.896,-1.59],[123.152,-1.301],[123.111,-1.577],[123.243,-1.632],[123.289,-1.422],[123.529,-1.433],[123.503,-1.264]]],[[[134.998,-1.019],[134.8,-1.028],[134.926,-1.136],[134.998,-1.019]]],[[[131.057,-1.001],[130.892,-0.89],[130.65,-0.974],[130.962,-1.354],[131.057,-1.001]]],[[[130.917,-0.778],[130.479,-0.8],[130.4,-0.929],[130.917,-0.778]]],[[[136.376,-1.094],[135.869,-0.704],[135.37,-0.636],[135.459,-0.793],[135.765,-0.839],[135.885,-1.183],[136.376,-1.094]]],[[[127.296,-0.744],[127.201,-0.623],[127.156,-0.772],[127.296,-0.744]]],[[[121.854,-0.401],[121.642,-0.546],[121.895,-0.508],[121.854,-0.401]]],[[[104.549,-0.398],[104.284,-0.401],[104.356,-0.662],[104.511,-0.614],[104.549,-0.398]]],[[[127.889,-0.765],[127.653,-0.707],[127.579,-0.325],[127.317,-0.34],[127.458,-0.816],[127.626,-0.752],[127.755,-0.888],[127.889,-0.765]]],[[[127.235,-0.49],[127.297,-0.282],[127.175,-0.256],[127.109,-0.501],[127.235,-0.49]]],[[[103.713,-0.27],[103.558,-0.223],[103.462,-0.367],[103.713,-0.27]]],[[[131.298,-0.237],[130.825,-0.004],[130.217,-0.201],[130.524,-0.258],[130.547,-0.436],[130.688,-0.291],[130.756,-0.446],[130.948,-0.367],[130.625,-0.085],[130.979,-0.36],[131.253,-0.384],[131.298,-0.237]]],[[[104.929,-0.237],[104.565,0.03],[104.436,-0.192],[104.935,-0.332],[104.929,-0.237]]],[[[104.226,0.88],[104.099,0.949],[104.176,0.798],[104.226,0.88]]],[[[97.928,0.996],[97.417,1.519],[97.064,1.415],[97.704,0.573],[97.874,0.622],[97.928,0.996]]],[[[127.666,-0.209],[128.032,-0.699],[128.441,-0.909],[127.981,-0.264],[127.91,0.438],[128.9,0.208],[128.69,0.347],[128.681,0.555],[128.214,0.774],[128.701,1.071],[128.719,1.571],[128.205,1.39],[128.092,1.257],[128.179,1.154],[127.852,0.812],[127.628,0.937],[128.015,1.305],[128.015,1.719],[127.846,1.851],[128.047,2.204],[127.63,1.835],[127.399,1.209],[127.625,0.832],[127.527,0.561],[127.716,0.313],[127.666,-0.209]]],[[[128.686,2.484],[128.566,2.634],[128.321,2.459],[128.197,2.266],[128.269,1.995],[128.567,2.11],[128.686,2.484]]],[[[125.653,3.47],[125.442,3.737],[125.507,3.463],[125.653,3.47]]],[[[126.871,4.331],[126.744,4.546],[126.803,4.223],[126.676,4.004],[126.798,4.018],[126.871,4.331]]],[[[114.369,-7.09],[114.27,-7.081],[114.392,-7.179],[114.369,-7.09]]],[[[123.601,-1.603],[123.523,-1.483],[123.493,-1.71],[123.601,-1.603]]]]}},{"type":"Feature","properties":{"id":"IMN"},"geometry":{"type":"Polygon","coordinates":[[[-4.612,54.057],[-4.368,54.419],[-4.71,54.221],[-4.79,54.064],[-4.612,54.057]]]}},{"type":"Feature","properties":{"id":"IND"},"geometry":{"type":"MultiPolygon","coordinates":[[[[80.996,30.197],[80.18,30.559],[80.225,30.734],[79.85,30.954],[79.402,31.024],[79.131,31.438],[78.921,31.27],[78.745,31.308],[78.745,31.964],[78.458,32.23],[78.385,32.548],[78.737,32.63],[78.943,32.346],[79.32,32.592],[79.444,32.535],[79.621,32.729],[79.334,32.994],[79.456,33.25],[78.801,33.494],[78.73,34.079],[78.985,34.286],[78.296,34.625],[78.044,35.492],[77.384,35.472],[76.777,35.646],[77.049,35.11],[76.64,34.741],[75.656,34.497],[74.286,34.769],[73.919,34.643],[73.78,34.396],[73.991,34.219],[73.916,34.028],[74.272,33.962],[73.966,33.735],[74.158,33.494],[74.002,33.178],[74.311,32.994],[74.346,32.767],[74.685,32.831],[74.689,32.471],[75.024,32.466],[75.359,32.262],[74.55,31.827],[74.506,31.175],[74.659,31.084],[73.852,30.373],[73.944,30.188],[73.37,29.927],[72.93,29.048],[72.355,28.767],[71.861,27.95],[70.832,27.701],[70.535,28.016],[70.342,28.011],[69.534,27.126],[69.504,26.735],[70.158,26.53],[70.115,25.882],[70.265,25.697],[70.654,25.674],[71.083,24.412],[70.755,24.231],[70.416,24.402],[69.972,24.165],[68.747,24.331],[68.724,23.965],[68.183,23.842],[68.28,23.686],[68.143,23.613],[68.318,23.586],[68.822,23.878],[68.409,23.621],[68.424,23.446],[69.202,22.852],[69.716,22.747],[70.131,22.994],[70.392,22.941],[70.503,23.104],[70.178,22.562],[69.212,22.274],[69.074,22.482],[68.945,22.295],[70.054,21.153],[70.74,20.718],[71.141,20.766],[72.105,21.205],[72.299,21.626],[71.996,21.8],[72.308,22.079],[72.149,22.278],[72.397,22.367],[72.466,22.233],[72.917,22.271],[72.575,22.195],[72.502,21.976],[72.735,21.994],[72.55,21.667],[73.132,21.758],[72.565,21.386],[72.735,21.199],[72.615,21.106],[72.81,21.13],[72.947,20.759],[72.65,19.842],[72.722,19.536],[72.879,19.532],[72.763,19.38],[73.05,19.218],[72.785,19.314],[72.77,18.948],[72.975,19.163],[72.995,18.731],[72.927,18.827],[72.852,18.72],[73.015,18.47],[72.925,18.536],[72.891,18.429],[73.072,18.273],[72.927,18.224],[73.201,17.586],[73.45,16.059],[73.718,15.627],[73.838,15.661],[73.737,15.572],[73.968,15.374],[73.783,15.408],[73.913,15.079],[74.112,14.846],[74.235,14.877],[74.096,14.793],[74.428,14.476],[74.352,14.53],[74.736,13.654],[74.818,12.862],[74.941,12.879],[74.828,12.825],[75.194,12.022],[75.393,11.975],[75.325,11.899],[75.736,11.372],[76.24,10.239],[76.182,10.106],[76.503,9.535],[76.357,9.521],[76.251,9.963],[76.363,9.325],[76.528,8.947],[76.668,9.007],[76.544,8.912],[76.996,8.368],[77.511,8.076],[78.056,8.364],[78.183,8.877],[78.412,9.1],[78.989,9.278],[79.454,9.159],[78.913,9.474],[79.286,10.253],[79.857,10.293],[79.833,11.342],[79.676,11.296],[79.819,11.382],[79.786,11.769],[80.18,12.533],[80.333,13.198],[80.327,13.43],[80.053,13.619],[80.142,13.729],[80.314,13.441],[80.047,14.207],[80.197,14.565],[80.053,15.093],[80.28,15.701],[80.67,15.908],[80.807,15.716],[80.897,16.031],[81.013,15.778],[81.26,16.333],[81.763,16.323],[82.307,16.58],[82.367,16.909],[82.253,16.929],[82.388,17.127],[83.239,17.593],[83.452,17.923],[84.113,18.298],[84.739,19.148],[85.577,19.691],[85.331,19.576],[85.391,19.691],[85.248,19.656],[85.124,19.478],[85.268,19.78],[85.57,19.876],[85.48,19.666],[86.372,19.965],[86.153,20.143],[86.426,19.999],[87.043,20.698],[86.879,20.781],[86.918,21.327],[87.201,21.552],[87.834,21.729],[88.164,22.09],[87.907,22.425],[88.198,22.168],[88.254,21.555],[88.262,21.799],[88.31,21.61],[88.331,21.719],[88.456,21.624],[88.496,21.952],[88.572,21.558],[88.66,22.205],[88.631,21.945],[88.763,22.131],[88.708,21.578],[88.859,21.767],[89.083,21.617],[88.905,21.969],[89.061,21.938],[89.06,22.13],[88.839,22.976],[88.96,23.203],[88.697,23.252],[88.77,23.489],[88.542,23.639],[88.738,24.287],[88.475,24.315],[88.022,24.646],[88.115,24.916],[88.323,24.875],[88.441,25.19],[88.924,25.168],[88.985,25.285],[88.088,25.831],[88.164,26.14],[88.498,26.353],[88.315,26.465],[88.385,26.624],[88.663,26.264],[89.019,26.234],[88.891,26.386],[89.044,26.381],[89.335,25.999],[89.542,25.96],[89.653,26.223],[89.829,25.979],[89.819,25.285],[90.365,25.15],[92.034,25.182],[92.484,24.928],[92.223,24.891],[92.108,24.406],[91.9,24.338],[91.877,24.158],[91.733,24.234],[91.363,24.1],[91.132,23.721],[91.314,23.101],[91.394,23.263],[91.586,22.944],[91.796,23.09],[91.923,23.723],[92.259,23.706],[92.576,21.978],[92.684,22.154],[92.968,21.987],[93.174,22.259],[93.08,22.773],[93.152,23.05],[93.375,23.13],[93.432,23.647],[93.322,24.08],[94.132,23.857],[94.709,25.026],[94.553,25.204],[94.608,25.395],[95.151,26.05],[95.123,26.612],[96.143,27.258],[96.705,27.361],[97.119,27.087],[96.862,27.599],[97.334,27.894],[97.323,28.217],[97.078,28.375],[96.302,28.421],[96.593,28.758],[96.367,29.037],[96.195,28.941],[96.366,29.257],[96.142,29.368],[95.745,29.34],[95.367,29.037],[94.63,29.319],[94.288,29.148],[94.347,29.024],[93.928,28.683],[93.317,28.603],[93.208,28.341],[92.679,28.133],[92.736,27.986],[92.575,27.848],[91.952,27.725],[91.628,27.853],[91.604,27.532],[91.975,27.472],[92.089,27.292],[92.073,26.888],[91.879,26.803],[90.717,26.767],[90.349,26.897],[89.61,26.712],[88.852,26.945],[88.73,27.151],[88.892,27.316],[88.742,27.532],[88.78,28.028],[88.594,28.107],[88.118,27.861],[87.969,27.111],[88.168,26.725],[87.975,26.367],[87.87,26.465],[87.3,26.346],[87.041,26.58],[86.714,26.415],[86.284,26.612],[85.829,26.566],[85.609,26.851],[85.287,26.737],[84.64,27.028],[84.607,27.31],[84.117,27.513],[83.855,27.345],[83.387,27.47],[83.282,27.331],[82.752,27.495],[82.68,27.694],[82.402,27.677],[82.027,27.912],[81.856,27.851],[81.296,28.128],[81.17,28.361],[80.036,28.837],[80.369,29.758],[80.996,30.197]]],[[[93.92,7.024],[93.831,7.236],[93.676,7.182],[93.834,6.746],[93.92,7.024]]],[[[92.585,10.771],[92.429,10.851],[92.384,10.529],[92.535,10.525],[92.585,10.771]]],[[[93.053,13.284],[93.012,13.578],[92.737,12.807],[92.793,12.208],[92.682,12.22],[92.525,11.857],[92.717,11.494],[92.847,12.434],[92.991,12.519],[92.876,12.917],[93.053,13.284]]],[[[88.051,21.705],[88.139,21.63],[88.147,21.87],[88.051,21.705]]]]}},{"type":"Feature","properties":{"id":"IOA"},"geometry":{"type":"Polygon","coordinates":[[[105.704,-10.431],[105.585,-10.516],[105.695,-10.565],[105.704,-10.431]]]}},{"type":"Feature","properties":{"id":"IOT"},"geometry":{"type":"Polygon","coordinates":[[[72.468,-7.384],[72.358,-7.268],[72.433,-7.432],[72.468,-7.384]]]}},{"type":"Feature","properties":{"id":"IRL"},"geometry":{"type":"Polygon","coordinates":[[[-7.247,55.069],[-6.94,55.239],[-7.384,55.386],[-7.257,55.284],[-7.524,55.29],[-7.456,55.056],[-7.661,54.958],[-7.644,55.273],[-7.702,55.099],[-7.799,55.256],[-7.856,55.139],[-8.278,55.161],[-8.326,54.832],[-8.798,54.692],[-8.457,54.565],[-8.121,54.647],[-8.664,54.359],[-8.511,54.208],[-9.051,54.289],[-9.141,54.146],[-9.268,54.304],[-9.786,54.338],[-10.115,54.235],[-10.117,54.096],[-10.011,54.218],[-9.834,54.112],[-9.944,53.879],[-9.56,53.865],[-9.908,53.762],[-9.697,53.598],[-10.18,53.555],[-10.012,53.482],[-10.177,53.413],[-9.799,53.419],[-9.807,53.302],[-9.553,53.385],[-9.612,53.236],[-8.895,53.221],[-9.272,53.147],[-9.499,52.753],[-9.936,52.557],[-9.581,52.666],[-9.279,52.639],[-9.286,52.591],[-8.943,52.775],[-8.751,52.673],[-9.272,52.577],[-9.648,52.57],[-9.95,52.412],[-9.738,52.248],[-10.06,52.31],[-10.461,52.18],[-9.758,52.152],[-10.266,51.988],[-10.341,51.788],[-9.581,51.878],[-10.156,51.583],[-9.56,51.762],[-9.459,51.684],[-9.82,51.446],[-8.933,51.535],[-8.346,51.725],[-8.429,51.885],[-8.021,51.824],[-7.6,52.101],[-7.017,52.138],[-6.997,52.289],[-6.932,52.125],[-6.764,52.261],[-6.36,52.186],[-6.496,52.364],[-5.994,52.957],[-6.27,54.098],[-6.631,54.042],[-7.018,54.413],[-7.28,54.126],[-7.609,54.14],[-8.156,54.439],[-7.708,54.604],[-7.93,54.697],[-7.543,54.742],[-7.247,55.069]]]}},{"type":"Feature","properties":{"id":"IRN"},"geometry":{"type":"MultiPolygon","coordinates":[[[[44.807,39.64],[44.566,39.766],[44.388,39.414],[44.015,39.374],[44.29,38.382],[44.459,38.338],[44.202,37.897],[44.596,37.716],[44.766,37.142],[45.32,35.994],[45.749,35.811],[46.327,35.803],[46.004,35.674],[46.151,35.112],[45.913,35.087],[45.667,34.807],[45.702,34.551],[45.501,34.592],[45.545,34.139],[45.38,33.974],[46.155,33.26],[46.097,32.954],[47.411,32.395],[47.834,31.806],[47.673,30.995],[48.012,30.989],[48.014,30.464],[48.531,29.961],[48.915,30.042],[48.862,30.346],[48.935,30.419],[49.037,30.433],[48.981,30.516],[49.211,30.506],[49.203,30.347],[49.062,30.408],[48.921,30.381],[49.161,30.224],[49.221,30.265],[49.245,30.156],[49.48,30.156],[49.532,30.023],[50.073,30.196],[50.145,29.938],[50.655,29.449],[50.644,29.143],[50.93,29.055],[50.805,28.934],[51.059,28.736],[51.4,27.932],[52.46,27.633],[52.67,27.449],[52.601,27.353],[53.444,26.976],[53.716,26.709],[54.308,26.715],[54.791,26.496],[56.124,27.161],[56.809,27.14],[56.973,27.003],[57.326,25.777],[58.17,25.544],[58.814,25.564],[59.044,25.4],[59.454,25.462],[60.467,25.29],[60.395,25.378],[60.55,25.447],[60.633,25.275],[61.412,25.059],[61.588,25.202],[61.833,26.225],[62.265,26.361],[62.419,26.562],[63.141,26.625],[63.32,27.117],[63.177,27.258],[62.742,27.267],[62.762,28.246],[61.893,28.543],[60.844,29.858],[61.826,31.015],[61.687,31.373],[60.822,31.495],[60.83,32.249],[60.563,33.058],[60.921,33.514],[60.512,33.638],[60.493,34.139],[60.89,34.319],[60.7,34.516],[61.065,34.815],[61.27,35.618],[61.166,36.636],[60.342,36.637],[60.019,37.026],[59.462,37.208],[59.312,37.53],[58.801,37.695],[58.358,37.633],[57.352,37.968],[57.186,38.276],[56.436,38.255],[56.214,38.069],[55.447,38.084],[54.857,37.761],[54.654,37.439],[53.914,37.343],[54.033,36.846],[53.889,36.794],[53.609,36.877],[54.007,36.953],[51.909,36.583],[51.089,36.737],[50.479,37.035],[50.196,37.389],[49.133,37.623],[48.874,38.434],[48.608,38.396],[48.013,38.822],[48.301,39.017],[48.106,39.269],[48.339,39.379],[47.957,39.707],[46.514,38.882],[46.136,38.864],[45.439,39.004],[44.807,39.64]]],[[[56.212,27.003],[55.758,26.954],[55.774,26.797],[55.285,26.66],[55.291,26.548],[55.947,26.696],[56.212,27.003]]]]}},{"type":"Feature","properties":{"id":"IRQ"},"geometry":{"type":"Polygon","coordinates":[[[44.766,37.142],[44.285,36.969],[44.088,37.311],[43.809,37.2],[42.78,37.376],[42.357,37.11],[41.844,36.618],[41.385,36.516],[41.277,36.355],[41.364,35.655],[41.204,34.793],[40.965,34.402],[38.775,33.372],[39.029,32.328],[39.292,32.245],[39.146,32.118],[40.424,31.921],[42.075,31.08],[44.692,29.202],[46.532,29.096],[47.145,30.003],[47.674,30.098],[47.948,29.994],[47.935,30.107],[47.969,30.004],[48.531,29.961],[48.014,30.464],[48.012,30.989],[47.673,30.995],[47.834,31.806],[47.411,32.395],[46.097,32.954],[46.155,33.26],[45.38,33.974],[45.545,34.139],[45.501,34.592],[45.702,34.551],[45.667,34.807],[45.913,35.087],[46.151,35.112],[46.004,35.674],[46.327,35.803],[45.749,35.811],[45.32,35.994],[44.766,37.142]]]}},{"type":"Feature","properties":{"id":"ISL"},"geometry":{"type":"Polygon","coordinates":[[[-14.564,66.385],[-15.38,66.15],[-16.023,66.537],[-16.543,66.507],[-16.426,66.145],[-17.146,66.221],[-17.55,65.912],[-18.297,66.18],[-18.064,65.645],[-18.827,66.203],[-19.452,66.056],[-19.456,65.729],[-20.092,66.131],[-20.408,66.091],[-20.27,65.665],[-20.476,65.495],[-20.675,65.694],[-20.918,65.601],[-21.09,65.166],[-21.212,65.438],[-21.477,65.447],[-21.321,65.602],[-21.778,65.769],[-21.332,65.741],[-21.302,65.936],[-21.607,65.961],[-21.349,66.021],[-21.668,66.022],[-22.431,66.465],[-23.135,66.433],[-23.098,66.318],[-22.367,66.275],[-22.978,66.234],[-22.381,66.098],[-22.432,65.846],[-22.683,66.056],[-22.819,65.912],[-23.461,66.204],[-23.395,66.098],[-23.67,66.118],[-23.375,65.988],[-23.813,66.011],[-23.21,65.843],[-23.867,65.876],[-23.19,65.782],[-23.539,65.723],[-23.285,65.679],[-23.562,65.614],[-24.093,65.805],[-23.807,65.535],[-24.303,65.638],[-24.54,65.508],[-23.898,65.405],[-22.953,65.61],[-22.732,65.502],[-22.546,65.634],[-22.479,65.508],[-22.107,65.597],[-22.254,65.434],[-21.695,65.453],[-22.558,65.169],[-21.766,65.208],[-21.826,65.035],[-22.718,65.076],[-23.107,64.918],[-23.169,65.02],[-24.06,64.891],[-23.834,64.726],[-22.408,64.823],[-22.165,64.46],[-21.511,64.651],[-22.1,64.315],[-21.631,64.403],[-21.442,64.364],[-21.755,64.345],[-21.929,64.234],[-21.703,64.192],[-22.041,64.051],[-22.518,63.979],[-22.702,64.086],[-22.691,63.812],[-21.045,63.946],[-20.578,63.714],[-20.411,63.836],[-20.551,63.712],[-20.186,63.544],[-18.732,63.397],[-17.965,63.523],[-17.715,63.781],[-17.006,63.798],[-16.969,63.92],[-16.796,63.802],[-15.398,64.274],[-15.473,64.398],[-14.929,64.265],[-14.274,64.651],[-14.514,64.802],[-14.048,64.72],[-13.767,64.854],[-14.055,64.933],[-13.698,64.925],[-14.233,65.035],[-13.503,65.081],[-14.034,65.2],[-13.568,65.261],[-14.007,65.282],[-13.685,65.555],[-14.248,65.665],[-14.562,65.501],[-14.329,65.782],[-14.891,65.761],[-14.617,65.998],[-15.179,66.111],[-14.564,66.385]]]}},{"type":"Feature","properties":{"id":"ITA"},"geometry":{"type":"MultiPolygon","coordinates":[[[[7.022,45.925],[6.782,45.777],[7.161,45.411],[7.108,45.259],[6.603,45.103],[7.005,44.828],[6.836,44.534],[6.973,44.249],[7.656,44.176],[7.502,43.792],[8.068,43.897],[8.762,44.432],[10.106,44.017],[10.528,43.247],[10.5,42.941],[10.764,42.918],[10.731,42.804],[11.158,42.564],[11.107,42.391],[11.658,42.279],[13.045,41.228],[13.722,41.252],[14.048,40.79],[14.474,40.73],[14.343,40.571],[14.782,40.67],[14.998,40.398],[14.911,40.242],[15.261,40.029],[15.713,39.981],[16.222,38.857],[15.837,38.649],[15.905,38.474],[15.635,38.009],[16.063,37.933],[16.57,38.43],[16.586,38.798],[17.206,39.029],[17.159,39.406],[16.49,39.775],[16.912,40.445],[17.323,40.498],[17.213,40.406],[17.863,40.286],[18.072,39.912],[18.347,39.798],[18.516,40.139],[18.007,40.651],[15.961,41.459],[16.14,41.92],[15.165,41.928],[14.741,42.085],[14.075,42.599],[13.616,43.56],[12.39,44.223],[12.266,44.827],[12.534,44.97],[12.149,45.292],[12.273,45.464],[13.085,45.642],[13.119,45.772],[13.402,45.675],[13.574,45.79],[13.712,45.593],[13.895,45.632],[13.462,46.006],[13.637,46.18],[13.365,46.29],[13.701,46.52],[12.405,46.69],[12.127,46.909],[12.181,47.085],[11.174,46.964],[10.997,46.769],[10.454,46.864],[10.444,46.538],[10.192,46.627],[10.033,46.533],[10.118,46.231],[9.918,46.371],[9.536,46.299],[9.435,46.498],[9.263,46.485],[9.002,45.821],[8.438,46.235],[8.399,46.452],[7.844,45.919],[7.022,45.925]],[[12.429,43.892],[12.396,43.948],[12.482,43.983],[12.429,43.892]],[[12.453,41.903],[12.453,41.904],[12.454,41.904],[12.453,41.903]]],[[[15.529,38.303],[15.088,38.128],[13.791,37.974],[13.318,38.221],[12.901,38.028],[12.732,38.193],[12.427,37.797],[12.659,37.565],[13.174,37.487],[14.279,37.044],[14.487,36.793],[15.094,36.655],[15.332,37.012],[15.092,37.477],[15.648,38.267],[15.529,38.303]]],[[[9.792,40.557],[9.724,40.845],[9.504,40.927],[9.663,41.003],[9.231,41.263],[8.521,40.827],[8.193,40.964],[8.147,40.593],[8.38,40.469],[8.395,39.913],[8.555,39.853],[8.373,39.222],[8.641,38.864],[9.026,38.995],[9.014,39.264],[9.566,39.149],[9.792,40.557]]],[[[10.443,42.845],[10.107,42.757],[10.416,42.709],[10.443,42.845]]]]}},{"type":"Feature","properties":{"id":"JAM"},"geometry":{"type":"Polygon","coordinates":[[[-76.264,18.012],[-76.895,18.409],[-77.273,18.459],[-77.902,18.519],[-78.375,18.266],[-78.05,18.185],[-77.731,17.855],[-77.179,17.704],[-77.142,17.881],[-76.942,17.834],[-76.85,17.992],[-76.363,17.861],[-76.188,17.915],[-76.264,18.012]]]}},{"type":"Feature","properties":{"id":"JEY"},"geometry":{"type":"Polygon","coordinates":[[[-2.083,49.26],[-2.234,49.185],[-2.025,49.171],[-2.083,49.26]]]}},{"type":"Feature","properties":{"id":"JOR"},"geometry":{"type":"Polygon","coordinates":[[[35.612,32.682],[35.438,31.104],[34.956,29.559],[34.949,29.352],[36.044,29.191],[36.729,29.854],[37.47,29.995],[37.648,30.331],[37.981,30.499],[36.96,31.491],[39.146,32.118],[39.292,32.245],[39.029,32.328],[38.775,33.372],[36.807,32.313],[36.066,32.517],[35.896,32.713],[35.612,32.682]]]}},{"type":"Feature","properties":{"id":"JPN"},"geometry":{"type":"MultiPolygon","coordinates":[[[[131.66,32.477],[132.081,32.943],[131.81,33.128],[131.903,33.266],[131.51,33.273],[131.737,33.485],[131.667,33.667],[131.103,33.624],[131.007,33.966],[130.914,33.891],[130.756,33.944],[130.489,33.855],[130.289,33.682],[130.391,33.605],[130.208,33.665],[130.017,33.446],[129.853,33.553],[129.852,33.28],[129.58,33.371],[129.552,33.226],[130.003,32.845],[129.794,32.875],[129.682,33.094],[129.638,32.927],[129.859,32.725],[129.74,32.568],[130.094,32.795],[130.166,32.593],[130.361,32.688],[130.339,32.857],[130.105,32.876],[130.241,33.188],[130.611,32.785],[130.448,32.621],[130.668,32.649],[130.512,32.338],[130.18,32.093],[130.334,31.562],[130.119,31.409],[130.222,31.246],[130.586,31.155],[130.529,31.513],[130.645,31.715],[130.776,31.71],[130.759,31.564],[130.591,31.586],[130.795,31.344],[130.658,31.003],[131.132,31.28],[131.072,31.45],[131.338,31.373],[131.66,32.477]]],[[[134.69,33.828],[134.647,34.239],[133.937,34.375],[133.558,34.259],[133.641,34.079],[133.511,33.965],[133.127,33.933],[132.898,34.123],[132.677,33.716],[132.011,33.349],[132.421,33.444],[132.548,33.227],[132.395,33.204],[132.382,33.02],[132.709,32.909],[132.628,32.752],[133.002,32.712],[133.002,32.987],[133.292,33.365],[133.739,33.538],[134.177,33.236],[134.312,33.573],[134.69,33.828]]],[[[133.422,34.445],[133.936,34.451],[134.046,34.582],[133.937,34.587],[134.491,34.787],[135.046,34.625],[135.413,34.692],[135.373,34.485],[135.061,34.267],[135.19,34.15],[135.059,33.88],[135.76,33.433],[136.337,34.184],[136.707,34.334],[136.896,34.267],[136.916,34.434],[136.52,34.681],[136.83,35.079],[136.856,34.74],[136.971,34.696],[136.979,34.924],[137.018,34.783],[137.341,34.727],[137.016,34.579],[137.547,34.677],[138.233,34.595],[138.554,35.096],[138.803,35.122],[138.835,34.596],[139.141,34.871],[139.184,35.263],[139.544,35.308],[139.685,35.14],[139.765,35.654],[140.102,35.567],[139.781,35.318],[139.87,34.999],[139.757,34.956],[139.926,34.907],[140.378,35.176],[140.483,35.566],[140.879,35.721],[140.564,36.283],[141.008,37.134],[140.967,38.17],[141.304,38.408],[141.525,38.268],[141.463,38.661],[142.058,39.466],[141.83,40.251],[141.437,40.67],[141.461,41.43],[141.276,41.353],[140.907,41.539],[140.766,41.145],[141.206,41.265],[141.126,40.873],[140.889,41.011],[140.703,40.853],[140.633,41.194],[140.342,41.266],[140.271,40.812],[139.86,40.609],[139.978,40.125],[139.701,40.006],[140.059,39.727],[139.774,38.817],[139.425,38.151],[138.858,37.828],[138.551,37.378],[137.299,36.757],[137.006,36.836],[137.047,37.099],[136.861,37.077],[137.351,37.506],[136.842,37.4],[136.674,37.175],[136.69,36.731],[135.963,36],[136.069,35.662],[136.02,35.765],[135.834,35.534],[135.53,35.493],[135.463,35.603],[135.319,35.447],[135.227,35.772],[133.4,35.454],[133.091,35.601],[132.635,35.441],[132.639,35.295],[131.414,34.424],[130.959,34.427],[131.034,34.382],[130.893,34.343],[130.879,33.938],[131.036,34.048],[131.258,33.925],[131.741,34.056],[132.099,33.872],[132.056,33.777],[132.346,34.349],[132.656,34.199],[133.422,34.445]]],[[[145.767,43.387],[145.517,43.229],[145.258,43.327],[145.394,43.305],[145.071,43.775],[145.341,44.346],[144.74,43.915],[144.379,43.956],[144.243,44.119],[144.153,44.02],[144.119,44.129],[143.728,44.113],[141.945,45.52],[141.666,45.45],[141.792,44.597],[141.641,43.938],[141.337,43.713],[141.423,43.318],[141.169,43.141],[140.36,43.325],[140.521,42.996],[139.843,42.627],[139.787,42.247],[140.145,41.983],[140.038,41.443],[140.432,41.531],[140.66,41.827],[141.006,41.712],[141.2,41.799],[140.292,42.26],[140.458,42.564],[140.734,42.564],[140.977,42.3],[141.428,42.564],[141.817,42.6],[143.242,41.928],[143.349,42.319],[143.886,42.844],[144.323,43.003],[145.014,42.989],[145.138,43.128],[145.531,43.169],[145.767,43.387]]],[[[123.815,24.392],[123.668,24.297],[123.873,24.258],[123.934,24.367],[123.815,24.392]]],[[[124.329,24.584],[124.078,24.435],[124.14,24.342],[124.329,24.584]]],[[[125.387,24.782],[125.26,24.885],[125.259,24.733],[125.387,24.782]]],[[[128.338,26.797],[128.255,26.886],[128.057,26.645],[127.878,26.695],[127.96,26.564],[127.722,26.43],[127.652,26.084],[127.92,26.31],[127.852,26.441],[128.338,26.797]]],[[[128.989,27.811],[128.895,27.891],[128.929,27.687],[128.989,27.811]]],[[[129.708,28.462],[129.146,28.25],[129.376,28.12],[129.708,28.462]]],[[[130.675,30.375],[130.376,30.394],[130.486,30.226],[130.675,30.375]]],[[[130.16,32.546],[130.003,32.533],[129.995,32.191],[130.203,32.339],[130.16,32.546]]],[[[128.878,32.674],[128.661,32.783],[128.6,32.614],[128.878,32.674]]],[[[129.098,32.988],[129.108,33.167],[129.065,32.818],[129.098,32.988]]],[[[129.776,33.773],[129.689,33.871],[129.657,33.743],[129.776,33.773]]],[[[129.313,34.28],[129.207,34.329],[129.172,34.107],[129.313,34.28]]],[[[135.003,34.608],[134.683,34.328],[134.729,34.191],[134.958,34.27],[135.003,34.608]]],[[[129.453,34.619],[129.289,34.57],[129.325,34.305],[129.453,34.619]]],[[[133.367,36.274],[133.193,36.206],[133.326,36.158],[133.367,36.274]]],[[[138.459,38.07],[138.514,38.323],[138.242,38.071],[138.223,37.802],[138.5,37.907],[138.575,38.074],[138.459,38.07]]],[[[134.367,34.554],[134.161,34.479],[134.347,34.431],[134.367,34.554]]]]}},{"type":"Feature","properties":{"id":"KAZ"},"geometry":{"type":"MultiPolygon","coordinates":[[[[87.324,49.085],[86.599,49.574],[86.748,49.783],[86.177,49.463],[85.224,49.596],[84.987,50.067],[84.25,50.26],[83.951,50.78],[83.434,50.993],[82.726,50.901],[82.476,50.714],[81.46,50.73],[81.401,50.959],[81.052,50.956],[81.152,51.187],[80.683,51.302],[80.055,50.753],[77.867,53.272],[76.495,53.992],[76.377,54.154],[76.665,54.134],[76.896,54.464],[75.429,54.09],[75.028,53.808],[74.772,53.831],[74.388,53.462],[73.904,53.639],[73.411,53.43],[73.23,53.662],[73.741,54.058],[73.36,53.938],[72.624,54.135],[72.7,53.958],[72.392,53.908],[72.483,54.136],[72.043,54.378],[72.155,54.128],[71.762,54.248],[71.647,54.109],[71.321,54.201],[71.161,54.102],[70.971,54.305],[71.191,54.318],[71.265,54.662],[71.006,54.774],[70.82,55.294],[70.214,55.132],[68.927,55.434],[68.971,55.279],[68.701,55.361],[68.605,55.196],[68.177,55.171],[68.166,54.956],[65.45,54.627],[65.184,54.31],[64.579,54.386],[63.897,54.194],[63.157,54.18],[62.581,54.054],[62.525,53.872],[62.413,54.027],[62.004,53.932],[61.338,54.063],[61.211,53.908],[60.996,53.941],[61.199,53.797],[60.88,53.633],[61.555,53.506],[61.235,53.503],[61.163,53.299],[62.051,53.125],[62.094,52.992],[60.975,52.971],[60.673,52.672],[61.04,52.335],[59.986,51.952],[60.452,51.805],[60.376,51.663],[60.937,51.611],[61.664,51.258],[61.404,50.803],[61.095,50.723],[60.3,50.685],[60.021,50.854],[59.523,50.475],[59.438,50.631],[58.664,50.79],[58.308,51.15],[57.769,51.12],[57.722,50.909],[57.468,50.858],[57.154,51.1],[56.688,50.969],[56.478,51.073],[55.66,50.53],[54.638,51.028],[54.503,50.928],[54.676,50.603],[54.499,50.523],[54.479,50.853],[53.407,51.484],[52.546,51.46],[52.308,51.775],[51.869,51.673],[51.693,51.454],[51.304,51.472],[51.372,51.63],[50.767,51.759],[50.791,51.597],[50.582,51.635],[50.325,51.303],[49.437,51.112],[49.408,50.848],[48.83,50.596],[48.568,50.637],[48.785,49.933],[48.239,49.865],[47.808,50.32],[47.47,50.412],[47.309,50.045],[46.9,49.82],[46.775,49.333],[47.04,49.15],[46.478,48.411],[47.099,48.265],[47.124,47.808],[47.36,47.683],[47.412,47.836],[48.174,47.713],[49.006,46.769],[48.455,46.661],[49.227,46.328],[49.305,46.588],[49.817,46.54],[51.213,47.121],[52.113,46.813],[52.437,46.999],[52.92,46.957],[53.208,46.695],[52.997,46.505],[53.157,46.342],[53.082,46.005],[52.732,45.554],[53.261,45.343],[51.416,45.39],[51.273,45.025],[50.959,44.979],[50.962,44.864],[51.56,44.511],[50.311,44.662],[50.225,44.568],[50.278,44.336],[50.847,44.189],[51.315,43.462],[51.276,43.154],[51.651,43.191],[51.912,42.842],[52.169,42.887],[52.736,42.701],[52.71,42.585],[52.564,42.742],[52.676,42.538],[52.402,42.093],[52.438,41.749],[52.979,42.127],[54.123,42.338],[54.907,41.932],[55.45,41.279],[55.978,41.322],[55.976,44.995],[58.531,45.559],[61.036,44.383],[62.026,43.481],[63.208,43.627],[64.427,43.547],[64.923,43.719],[65.795,42.877],[66.101,42.99],[66.009,42.003],[66.504,41.993],[66.733,41.158],[67.937,41.2],[68.131,41.03],[67.991,40.811],[68.462,40.585],[68.614,40.609],[68.571,40.914],[69.031,41.209],[69.036,41.374],[70.948,42.248],[71.245,42.747],[71.848,42.834],[73.505,42.403],[73.571,43.032],[74.179,43.262],[75.179,42.85],[75.62,42.805],[75.797,42.936],[76.957,42.989],[79.148,42.791],[79.426,42.47],[79.918,42.424],[80.21,42.19],[80.144,42.645],[80.554,42.899],[80.368,43.028],[80.793,43.149],[80.339,44.121],[80.492,44.728],[79.858,44.904],[81.665,45.348],[81.95,45.144],[82.245,45.232],[82.54,45.124],[82.632,45.416],[82.291,45.533],[83.021,47.206],[83.905,46.974],[84.664,46.984],[84.74,46.815],[85.499,47.052],[85.679,47.275],[85.515,47.92],[85.719,48.359],[86.565,48.527],[86.859,49.105],[87.324,49.085]]],[[[50.17,44.83],[50.113,45.08],[49.986,44.947],[50.17,44.83]]]]}},{"type":"Feature","properties":{"id":"KEN"},"geometry":{"type":"MultiPolygon","coordinates":[[[[33.977,4.22],[34.152,3.776],[34.44,3.668],[34.434,3.182],[34.876,2.591],[35.006,1.917],[34.798,1.232],[34.487,1.082],[33.894,0.11],[33.904,-1.003],[37.645,-3.046],[37.599,-3.513],[39.191,-4.678],[39.54,-4.43],[39.67,-4.088],[39.561,-4.04],[39.708,-4.038],[39.867,-3.695],[39.781,-3.567],[39.866,-3.616],[39.966,-3.321],[40.123,-3.267],[40.232,-2.669],[40.651,-2.539],[40.863,-2.231],[40.945,-2.309],[40.861,-1.963],[40.945,-2.073],[41.006,-1.902],[41.013,-2.042],[41.283,-1.969],[41.535,-1.696],[40.98,-0.871],[40.965,2.814],[41.885,3.977],[41.163,3.943],[40.764,4.285],[39.848,3.867],[39.504,3.403],[38.509,3.651],[38.102,3.613],[37.016,4.371],[36.041,4.444],[35.921,4.619],[35.781,4.62],[35.706,4.619],[35.612,4.62],[34.381,4.62],[33.977,4.22]]],[[[41.054,-2.05],[40.994,-2.197],[41.155,-2.112],[41.054,-2.05]]]]}},{"type":"Feature","properties":{"id":"KGZ"},"geometry":{"type":"Polygon","coordinates":[[[80.21,42.19],[79.918,42.424],[79.426,42.47],[79.148,42.791],[76.957,42.989],[75.797,42.936],[75.62,42.805],[75.179,42.85],[74.179,43.262],[73.571,43.032],[73.505,42.403],[71.848,42.834],[71.245,42.747],[70.948,42.248],[71.238,42.16],[70.167,41.52],[70.668,41.471],[70.77,41.239],[71.18,41.108],[71.416,41.127],[71.671,41.547],[71.872,41.194],[72.158,41.188],[72.165,40.999],[72.332,41.073],[72.658,40.867],[73.149,40.814],[72.625,40.511],[72.352,40.602],[72.394,40.389],[72.166,40.454],[71.707,40.144],[71.254,40.324],[70.959,40.238],[70.477,39.901],[70.525,40.034],[70.005,40.209],[69.518,40.125],[69.502,39.922],[69.314,39.987],[69.241,39.829],[69.3,39.516],[70.477,39.601],[70.77,39.382],[71.46,39.612],[71.751,39.274],[72.05,39.369],[72.229,39.189],[72.519,39.376],[73.633,39.448],[73.922,39.582],[73.819,39.786],[73.977,40.044],[74.862,40.326],[74.835,40.512],[75.194,40.441],[75.56,40.633],[75.682,40.292],[76.244,40.441],[76.33,40.348],[76.861,41.013],[78.075,41.04],[78.36,41.378],[79.843,42.002],[80.231,42.034],[80.21,42.19]],[[71.177,40.042],[71.208,39.889],[71.009,39.886],[70.977,40.145],[71.177,40.042]]]}},{"type":"Feature","properties":{"id":"KHM"},"geometry":{"type":"Polygon","coordinates":[[[107.52,14.705],[106.934,14.32],[106.513,14.59],[105.974,14.366],[106.149,14.054],[106.069,13.917],[105.533,14.164],[105.338,14.11],[105.184,14.346],[105.047,14.214],[104.772,14.44],[103.138,14.32],[102.919,14.185],[102.598,13.605],[102.332,13.565],[102.479,12.677],[102.762,12.436],[102.692,12.178],[102.914,11.646],[102.893,11.83],[103.085,11.728],[102.955,11.557],[103.174,11.426],[103.064,11.447],[103.127,10.881],[103.402,10.884],[103.533,11.163],[103.722,10.895],[103.502,10.617],[103.624,10.501],[103.821,10.544],[103.866,10.699],[104.451,10.42],[104.854,10.531],[105.067,10.714],[105.078,10.947],[105.318,10.839],[105.753,11.016],[105.879,10.828],[106.177,10.767],[106.16,11.054],[105.844,11.29],[105.805,11.625],[106.015,11.771],[106.426,11.662],[106.394,11.97],[106.702,11.971],[107.212,12.306],[107.514,12.344],[107.46,13.022],[107.604,13.499],[107.32,14.12],[107.52,14.705]]]}},{"type":"Feature","properties":{"id":"KIR"},"geometry":{"type":"MultiPolygon","coordinates":[[[[173.076,0.966],[172.99,1.024],[172.991,0.834],[173.076,0.966]]],[[[-157.191,1.764],[-157.348,1.861],[-157.31,1.973],[-157.424,2.02],[-157.509,2.025],[-157.355,1.948],[-157.475,1.881],[-157.429,1.839],[-157.578,1.908],[-157.246,1.713],[-157.191,1.764]]]]}},{"type":"Feature","properties":{"id":"KNA"},"geometry":{"type":"Polygon","coordinates":[[[-62.65,17.266],[-62.853,17.395],[-62.647,17.217],[-62.65,17.266]]]}},{"type":"Feature","properties":{"id":"KOR"},"geometry":{"type":"MultiPolygon","coordinates":[[[[128.365,38.624],[128.04,38.304],[127.09,38.286],[126.667,37.828],[126.755,37.638],[126.531,37.755],[126.615,37.38],[126.871,37.268],[126.668,37.162],[126.871,37.175],[126.751,37.07],[126.89,37.096],[126.873,36.948],[127.039,36.982],[126.851,36.754],[126.796,36.956],[126.631,36.912],[126.501,37.055],[126.583,36.898],[126.353,37],[126.357,36.789],[126.309,36.967],[126.128,36.761],[126.295,36.583],[126.48,36.747],[126.498,36.448],[126.617,36.473],[126.493,36.131],[126.589,36.131],[126.692,36],[126.871,36.062],[126.744,35.99],[126.521,35.971],[126.837,35.893],[126.468,35.64],[126.692,35.534],[126.493,35.525],[126.309,35.233],[126.425,35.02],[126.254,35.123],[126.315,34.938],[126.436,34.981],[126.374,34.791],[126.568,34.901],[126.665,34.808],[126.364,34.749],[126.624,34.63],[126.269,34.671],[126.54,34.563],[126.533,34.292],[126.778,34.586],[126.898,34.418],[127.248,34.767],[127.358,34.698],[127.125,34.541],[127.344,34.445],[127.349,34.586],[127.504,34.591],[127.365,34.824],[127.517,34.891],[127.641,34.618],[127.776,34.849],[127.575,34.914],[127.719,34.99],[128.069,35.082],[128.056,34.932],[128.413,34.838],[128.389,35.049],[128.652,35.061],[128.602,35.214],[129,35.046],[129.455,35.513],[129.587,36.017],[129.381,36.041],[129.43,37.073],[128.365,38.624]]],[[[126.946,33.478],[126.485,33.521],[126.171,33.269],[126.607,33.241],[126.946,33.478]]],[[[126.38,34.498],[126.248,34.575],[126.103,34.403],[126.38,34.498]]],[[[128.07,34.815],[127.829,34.869],[127.892,34.713],[128.07,34.815]]],[[[128.749,34.869],[128.703,35.033],[128.488,34.869],[128.584,34.705],[128.749,34.869]]],[[[126.508,37.597],[126.407,37.821],[126.37,37.631],[126.508,37.597]]]]}},{"type":"Feature","properties":{"id":"KOS"},"geometry":{"type":"Polygon","coordinates":[[[20.065,42.547],[20.501,42.211],[20.567,41.873],[20.723,41.867],[20.811,42.093],[21.098,42.196],[21.299,42.091],[21.564,42.246],[21.764,42.67],[21.379,42.744],[20.819,43.257],[20.345,42.827],[20.035,42.751],[20.065,42.547]]]}},{"type":"Feature","properties":{"id":"KWT"},"geometry":{"type":"MultiPolygon","coordinates":[[[[47.948,29.994],[47.674,30.098],[47.145,30.003],[46.532,29.096],[47.434,28.995],[47.668,28.534],[48.433,28.54],[48.1,29.35],[47.705,29.364],[47.966,29.576],[48.177,29.542],[47.948,29.994]]],[[[48.353,29.71],[48.134,29.99],[48.162,29.63],[48.353,29.71]]]]}},{"type":"Feature","properties":{"id":"LAO"},"geometry":{"type":"Polygon","coordinates":[[[102.119,22.398],[101.713,22.492],[101.516,22.245],[101.804,21.626],[101.767,21.151],[101.26,21.179],[101.159,21.553],[100.725,21.312],[100.518,20.906],[100.652,20.877],[100.222,20.71],[100.099,20.318],[100.153,20.239],[100.344,20.39],[100.546,20.168],[100.379,19.746],[100.474,19.525],[101.255,19.547],[101.172,19.376],[101.326,19.021],[101.03,18.428],[101.165,18.053],[100.902,17.562],[101.132,17.462],[102.079,18.214],[102.683,17.81],[103.038,17.991],[103.397,18.441],[104,18.318],[104.452,17.666],[104.789,17.429],[104.755,16.529],[105.058,16.121],[105.422,16.01],[105.412,15.8],[105.651,15.635],[105.444,15.134],[105.593,14.991],[105.508,14.564],[105.184,14.346],[105.338,14.11],[105.533,14.164],[106.069,13.917],[106.149,14.054],[105.974,14.366],[106.513,14.59],[106.934,14.32],[107.52,14.705],[107.446,15.025],[107.664,15.269],[107.149,15.773],[107.436,16.069],[106.957,16.307],[106.847,16.53],[106.671,16.444],[106.525,16.989],[105.723,17.674],[105.467,18.181],[105.166,18.307],[105.113,18.698],[103.848,19.3],[104.09,19.484],[104.001,19.681],[104.614,19.607],[104.949,19.995],[104.908,20.175],[104.36,20.44],[104.615,20.646],[104.092,20.961],[103.676,20.657],[103.13,20.855],[102.801,21.255],[102.948,21.737],[102.807,21.836],[102.651,21.658],[102.119,22.398]]]}},{"type":"Feature","properties":{"id":"LBN"},"geometry":{"type":"Polygon","coordinates":[[[35.105,33.089],[35.48,33.087],[35.604,33.24],[36.035,33.568],[35.922,33.64],[36.05,33.816],[36.358,33.824],[36.289,33.947],[36.604,34.199],[36.32,34.514],[36.44,34.629],[35.97,34.65],[35.105,33.089]]]}},{"type":"Feature","properties":{"id":"LBR"},"geometry":{"type":"Polygon","coordinates":[[[-11.476,6.919],[-11.353,6.701],[-10.759,6.404],[-10.788,6.293],[-10.334,6.136],[-9.105,5.032],[-7.541,4.353],[-7.606,4.897],[-7.39,5.317],[-7.447,5.846],[-7.787,5.958],[-7.914,6.272],[-8.619,6.493],[-8.287,6.994],[-8.485,7.558],[-8.687,7.694],[-8.858,7.273],[-9.125,7.19],[-9.234,7.381],[-9.487,7.373],[-9.354,7.622],[-9.499,8.343],[-9.774,8.563],[-10.062,8.422],[-10.282,8.485],[-10.321,8.183],[-10.612,8.032],[-10.615,7.769],[-11.317,7.214],[-11.476,6.919]]]}},{"type":"Feature","properties":{"id":"LBY"},"geometry":{"type":"Polygon","coordinates":[[[11.505,33.181],[11.546,32.434],[10.264,31.68],[10.106,31.429],[10.254,30.842],[9.871,30.355],[9.52,30.229],[9.287,30.117],[9.826,29.129],[9.777,28.268],[9.934,27.827],[9.721,27.292],[9.911,26.843],[9.855,26.524],[9.378,26.169],[10.008,25.331],[10.032,24.856],[10.26,24.577],[11.541,24.298],[11.969,23.517],[13.482,23.18],[14.216,22.616],[14.98,22.996],[15.985,23.445],[20.029,21.448],[23.981,19.496],[23.981,19.995],[24.981,20.002],[24.981,21.995],[24.981,25.497],[24.981,29.181],[24.688,30.144],[24.995,30.785],[24.849,31.349],[25.151,31.656],[24.982,31.968],[23.312,32.163],[23.081,32.334],[23.106,32.64],[22.15,32.948],[21.623,32.937],[20.563,32.558],[20.072,32.176],[19.917,31.759],[20.147,31.217],[20.1,30.935],[19.616,30.421],[19.057,30.266],[17.849,30.924],[15.761,31.388],[15.182,32.395],[13.257,32.919],[12.348,32.833],[11.505,33.181]]]}},{"type":"Feature","properties":{"id":"LCA"},"geometry":{"type":"Polygon","coordinates":[[[-60.887,14.01],[-60.933,14.112],[-61.079,13.88],[-60.955,13.715],[-60.887,14.01]]]}},{"type":"Feature","properties":{"id":"LIE"},"geometry":{"type":"Polygon","coordinates":[[[9.521,47.263],[9.477,47.064],[9.581,47.057],[9.521,47.263]]]}},{"type":"Feature","properties":{"id":"LKA"},"geometry":{"type":"Polygon","coordinates":[[[81.876,7.092],[81.856,7.412],[81.396,8.137],[81.366,8.482],[81.134,8.501],[81.232,8.651],[80.915,8.944],[80.824,9.27],[80.247,9.826],[80.139,9.799],[80.444,9.576],[79.971,9.815],[79.958,9.686],[80.615,9.446],[80.053,9.596],[80.197,9.473],[79.916,8.939],[79.81,7.987],[79.779,8.35],[79.697,8.219],[79.863,6.807],[80.094,6.136],[80.591,5.924],[81.325,6.205],[81.776,6.61],[81.876,7.092]]]}},{"type":"Feature","properties":{"id":"LSO"},"geometry":{"type":"Polygon","coordinates":[[[28.981,-28.909],[28.634,-28.571],[28.155,-28.702],[28.014,-28.878],[27.747,-28.909],[27.35,-29.48],[27.015,-29.626],[27.366,-30.311],[27.714,-30.584],[28.079,-30.659],[28.384,-30.144],[29.151,-29.911],[29.114,-29.75],[29.436,-29.342],[29.312,-29.09],[28.981,-28.909]]]}},{"type":"Feature","properties":{"id":"LTU"},"geometry":{"type":"MultiPolygon","coordinates":[[[[26.595,55.667],[25.662,56.141],[25.073,56.198],[24.871,56.443],[24.139,56.257],[22.094,56.417],[21.053,56.073],[21.268,55.249],[22.077,55.029],[22.565,55.068],[22.844,54.832],[22.767,54.356],[23.354,54.217],[23.486,53.939],[24.378,53.887],[25.459,54.299],[25.516,54.145],[25.763,54.156],[25.529,54.321],[25.783,54.87],[26.801,55.273],[26.45,55.327],[26.595,55.667]]],[[[20.989,55.273],[21.085,55.723],[20.925,55.283],[20.989,55.273]]]]}},{"type":"Feature","properties":{"id":"LUX"},"geometry":{"type":"Polygon","coordinates":[[[6.117,50.12],[5.962,50.166],[5.719,49.891],[5.791,49.538],[6.345,49.455],[6.503,49.796],[6.117,50.12]]]}},{"type":"Feature","properties":{"id":"LVA"},"geometry":{"type":"Polygon","coordinates":[[[27.353,57.528],[26.873,57.627],[26.5,57.516],[25.282,58.073],[24.306,57.868],[24.401,57.258],[23.695,56.967],[23.261,57.099],[22.6,57.758],[21.73,57.574],[21.053,56.829],[21.053,56.073],[22.094,56.417],[24.139,56.257],[24.871,56.443],[25.073,56.198],[25.662,56.141],[26.595,55.667],[26.981,55.827],[27.593,55.794],[28.149,56.142],[28.126,56.548],[27.914,56.82],[27.628,56.844],[27.84,57.291],[27.353,57.528]]]}},{"type":"Feature","properties":{"id":"MAC"},"geometry":{"type":"Polygon","coordinates":[[[113.559,22.163],[113.547,22.105],[113.587,22.125],[113.559,22.163]]]}},{"type":"Feature","properties":{"id":"MAF"},"geometry":{"type":"Polygon","coordinates":[[[-63.018,18.033],[-63.018,18.122],[-63.107,18.062],[-63.018,18.033]]]}},{"type":"Feature","properties":{"id":"MAR"},"geometry":{"type":"Polygon","coordinates":[[[-5.399,35.925],[-5.927,35.781],[-6.292,34.881],[-6.927,33.944],[-8.529,33.269],[-9.26,32.577],[-9.278,32.197],[-9.848,31.402],[-9.889,30.648],[-9.612,30.404],[-9.655,30.127],[-10.248,29.299],[-11.486,28.326],[-12.933,27.939],[-13.178,27.662],[-8.682,27.661],[-8.668,28.712],[-7.654,29.376],[-5.756,29.614],[-5.54,29.523],[-5.176,29.977],[-4.372,30.509],[-3.646,30.711],[-3.555,30.956],[-3.843,31.17],[-3.66,31.648],[-2.828,31.795],[-2.881,32.076],[-1.21,32.09],[-1.244,32.357],[-1.032,32.494],[-1.423,32.742],[-1.674,33.238],[-1.81,34.372],[-1.703,34.48],[-1.871,34.597],[-1.77,34.741],[-2.223,35.089],[-2.878,35.246],[-2.856,35.131],[-2.913,35.277],[-2.948,35.33],[-2.969,35.446],[-3.362,35.195],[-3.7,35.291],[-4.628,35.205],[-5.066,35.417],[-5.341,35.847],[-5.399,35.925]]]}},{"type":"Feature","properties":{"id":"MCO"},"geometry":{"type":"Polygon","coordinates":[[[7.437,43.743],[7.407,43.764],[7.366,43.723],[7.437,43.743]]]}},{"type":"Feature","properties":{"id":"MDA"},"geometry":{"type":"Polygon","coordinates":[[[26.618,48.259],[26.998,48.167],[28.083,46.972],[28.247,46.621],[28.062,45.594],[28.2,45.462],[28.502,45.509],[28.74,45.953],[28.957,46.001],[28.946,46.455],[29.184,46.538],[29.201,46.357],[29.458,46.485],[29.616,46.362],[29.714,46.471],[29.828,46.339],[30.132,46.423],[29.902,46.531],[29.928,46.81],[29.559,46.946],[29.557,47.324],[29.156,47.45],[29.124,47.976],[28.574,48.155],[28.48,48.065],[28.358,48.239],[27.605,48.484],[26.618,48.259]]]}},{"type":"Feature","properties":{"id":"MDG"},"geometry":{"type":"MultiPolygon","coordinates":[[[[44.255,-20.376],[43.813,-21.224],[43.508,-21.309],[43.247,-22.035],[43.361,-22.843],[43.761,-23.464],[43.625,-23.762],[43.673,-24.335],[44.029,-24.999],[44.351,-25.247],[44.767,-25.314],[45.146,-25.595],[45.561,-25.56],[47.126,-24.934],[47.947,-22.348],[49.359,-18.424],[49.51,-17.728],[49.431,-17.284],[49.608,-16.897],[49.84,-16.828],[49.725,-16.754],[49.85,-16.241],[49.69,-16.087],[49.638,-15.545],[49.901,-15.422],[50.168,-15.985],[50.483,-15.443],[50.21,-14.751],[49.942,-13.034],[49.744,-12.743],[49.655,-12.805],[49.539,-12.378],[49.23,-12.222],[49.373,-12.198],[49.278,-11.948],[48.946,-12.48],[48.73,-12.435],[48.955,-12.812],[48.78,-13.384],[48.482,-13.36],[48.534,-13.521],[48.333,-13.546],[48.27,-13.805],[48.068,-13.517],[47.904,-13.603],[48.034,-14.262],[47.92,-14.086],[47.944,-14.233],[47.791,-14.223],[47.702,-14.446],[47.753,-14.601],[47.804,-14.546],[48.013,-14.63],[48,-14.762],[47.969,-14.622],[47.921,-14.71],[47.797,-14.566],[47.428,-15.108],[47.445,-14.672],[47.056,-15.194],[47.232,-15.433],[46.958,-15.55],[47.075,-15.324],[46.949,-15.198],[46.333,-15.63],[46.299,-15.816],[46.469,-15.957],[46.331,-15.977],[46.144,-15.704],[46.066,-15.862],[45.661,-15.804],[45.605,-16.052],[45.57,-15.943],[45.379,-15.974],[45.298,-16.112],[45.266,-15.924],[44.868,-16.221],[44.445,-16.196],[44.431,-16.7],[43.924,-17.546],[44.234,-19.089],[44.48,-19.484],[44.371,-19.774],[44.474,-19.986],[44.255,-20.376]]],[[[49.956,-16.78],[49.826,-17.094],[50.024,-16.69],[49.956,-16.78]]],[[[48.332,-13.36],[48.28,-13.196],[48.206,-13.383],[48.332,-13.36]]]]}},{"type":"Feature","properties":{"id":"MDV"},"geometry":{"type":"Polygon","coordinates":[[[73.546,4.243],[73.431,4.185],[73.511,4.162],[73.546,4.243]]]}},{"type":"Feature","properties":{"id":"MEX"},"geometry":{"type":"MultiPolygon","coordinates":[[[[-97.139,25.966],[-97.425,25.855],[-99.106,26.423],[-99.462,27.057],[-99.515,27.589],[-100.275,28.277],[-100.669,29.116],[-101.405,29.778],[-102.321,29.894],[-102.683,29.744],[-102.859,29.229],[-103.148,28.985],[-104.057,29.339],[-104.531,29.668],[-104.934,30.611],[-106.429,31.758],[-108.215,31.778],[-108.215,31.327],[-111.006,31.327],[-114.822,32.5],[-114.724,32.713],[-117.125,32.532],[-116.865,32.013],[-116.612,31.843],[-116.75,31.752],[-116.342,31.22],[-116.335,30.956],[-116.058,30.802],[-115.698,29.756],[-114.972,29.378],[-114.043,28.458],[-114.04,28.028],[-114.106,27.928],[-114.134,28.084],[-114.276,27.901],[-114.153,27.945],[-114.141,27.731],[-114.059,27.801],[-113.953,27.656],[-114.103,27.602],[-114.316,27.875],[-114.499,27.774],[-115.084,27.851],[-115.002,27.716],[-114.506,27.406],[-114.435,27.176],[-113.816,26.949],[-113.637,26.726],[-113.271,26.752],[-113.146,26.97],[-113.216,26.744],[-113.119,26.794],[-113.061,26.599],[-112.403,26.24],[-112.179,25.955],[-112.031,25.474],[-112.166,24.954],[-112.078,24.762],[-111.967,24.744],[-112.008,24.875],[-111.813,24.506],[-111.679,24.586],[-110.307,23.541],[-110,22.894],[-109.532,23.108],[-109.426,23.459],[-109.696,23.666],[-109.828,24.063],[-109.988,24.046],[-110.246,24.35],[-110.332,24.329],[-110.306,24.177],[-110.417,24.109],[-110.325,24.176],[-110.562,24.212],[-110.682,24.361],[-110.684,24.883],[-111.307,25.779],[-111.56,26.696],[-111.851,26.88],[-111.677,26.582],[-111.784,26.572],[-111.95,27.093],[-112.773,27.864],[-112.846,28.441],[-113.103,28.505],[-113.22,28.825],[-113.525,28.892],[-113.636,29.282],[-114.533,29.968],[-114.71,30.918],[-114.884,31.121],[-114.781,31.656],[-115.029,31.971],[-114.209,31.512],[-114.029,31.492],[-113.978,31.663],[-113.66,31.498],[-113.622,31.326],[-113.092,31.202],[-113.08,30.67],[-112.411,29.345],[-112.239,29.315],[-112.167,28.967],[-111.105,27.935],[-110.513,27.873],[-110.627,27.641],[-110.522,27.29],[-109.966,27.109],[-109.785,26.719],[-109.483,26.743],[-109.088,26.29],[-109.217,26.344],[-109.433,26.022],[-109.41,25.693],[-109.287,25.711],[-109.41,25.646],[-109.156,25.557],[-109.25,25.686],[-109.062,25.59],[-108.838,25.805],[-109.066,25.485],[-108.769,25.54],[-108.766,25.381],[-108.594,25.351],[-108.732,25.358],[-108.004,25.031],[-108.183,24.981],[-108.328,25.111],[-108.088,24.823],[-107.985,24.953],[-108.06,24.786],[-107.909,24.578],[-107.53,24.522],[-107.498,24.344],[-107.8,24.512],[-107.036,23.981],[-106.43,23.185],[-105.8,22.638],[-105.632,21.956],[-105.185,21.443],[-105.234,21.061],[-105.545,20.768],[-105.342,20.755],[-105.244,20.584],[-105.699,20.407],[-104.994,19.342],[-103.98,18.875],[-103.362,18.267],[-102.191,17.916],[-101.99,17.975],[-101.059,17.264],[-99.663,16.698],[-98.777,16.555],[-98.553,16.315],[-97.773,15.979],[-96.505,15.658],[-95.434,15.975],[-95.149,16.187],[-94.767,16.199],[-95.064,16.268],[-94.879,16.425],[-94.793,16.258],[-94.581,16.326],[-94.722,16.2],[-93.964,15.998],[-94.437,16.246],[-94.142,16.227],[-92.768,15.171],[-92.246,14.546],[-92.074,15.074],[-92.211,15.272],[-91.74,16.061],[-90.437,16.099],[-90.395,16.419],[-90.633,16.483],[-90.797,16.805],[-91.442,17.238],[-90.992,17.252],[-90.983,17.811],[-89.16,17.814],[-89.049,17.999],[-88.871,17.891],[-88.528,18.454],[-88.304,18.481],[-88.036,18.875],[-88.078,18.499],[-87.845,18.197],[-87.461,19.321],[-87.639,19.221],[-87.676,19.311],[-87.413,19.578],[-87.674,19.506],[-87.741,19.672],[-87.478,19.965],[-87.48,19.784],[-87.43,20.221],[-86.742,21.164],[-87.043,21.602],[-87.413,21.534],[-87.138,21.563],[-87.257,21.441],[-88.448,21.575],[-90.332,21.032],[-90.478,19.922],[-90.684,19.753],[-90.769,19.309],[-91.505,18.817],[-91.237,18.958],[-91.415,18.814],[-91.182,18.657],[-91.486,18.436],[-91.798,18.491],[-91.814,18.389],[-91.902,18.581],[-92.053,18.547],[-91.867,18.598],[-91.948,18.691],[-92.405,18.671],[-92.696,18.616],[-92.669,18.429],[-92.717,18.592],[-93.128,18.341],[-93.156,18.443],[-93.552,18.429],[-94.467,18.144],[-94.787,18.512],[-95.19,18.705],[-95.862,18.723],[-95.959,18.856],[-95.753,18.8],[-96.29,19.333],[-96.456,19.869],[-97.151,20.647],[-97.781,22.096],[-97.37,21.538],[-97.419,21.273],[-97.316,21.561],[-97.761,22.096],[-97.834,22.67],[-97.891,22.596],[-97.742,22.972],[-97.822,23.788],[-97.139,25.966]]],[[[-109.836,24.225],[-109.933,24.374],[-109.803,24.137],[-109.836,24.225]]],[[[-111.562,24.378],[-111.673,24.358],[-111.463,24.33],[-111.562,24.378]]],[[[-111.753,24.447],[-112.007,24.514],[-111.708,24.3],[-111.753,24.447]]],[[[-110.325,24.516],[-110.398,24.591],[-110.348,24.402],[-110.325,24.516]]],[[[-112.103,24.617],[-112.214,24.848],[-112.125,25.266],[-112.305,24.792],[-112.103,24.617]]],[[[-111.081,25.999],[-111.176,26.043],[-111.205,25.804],[-111.081,25.999]]],[[[-115.195,28.341],[-115.358,28.083],[-115.228,28.028],[-115.195,28.341]]],[[[-112.275,28.768],[-112.264,29.247],[-112.465,29.182],[-112.583,28.875],[-112.275,28.768]]],[[[-113.138,29.065],[-113.169,29.276],[-113.571,29.54],[-113.496,29.285],[-113.138,29.065]]],[[[-86.749,20.592],[-86.968,20.506],[-86.995,20.261],[-86.749,20.592]]],[[[-118.251,29.089],[-118.357,29.149],[-118.289,28.868],[-118.251,29.089]]]]}},{"type":"Feature","properties":{"id":"MHL"},"geometry":{"type":"Polygon","coordinates":[[[171.394,7.11],[171.036,7.155],[171.235,7.068],[171.394,7.11]]]}},{"type":"Feature","properties":{"id":"MKD"},"geometry":{"type":"Polygon","coordinates":[[[20.567,41.873],[20.5,41.236],[20.717,40.913],[20.965,40.849],[21.582,40.866],[22.048,41.152],[22.705,41.14],[22.917,41.336],[23.009,41.74],[22.345,42.313],[21.564,42.246],[21.299,42.091],[21.098,42.196],[20.811,42.093],[20.723,41.867],[20.567,41.873]]]}},{"type":"Feature","properties":{"id":"MLI"},"geometry":{"type":"Polygon","coordinates":[[[-12.264,14.775],[-12.222,14.391],[-11.998,14.166],[-11.963,13.829],[-12.098,13.704],[-11.828,13.307],[-11.613,13.361],[-11.393,12.981],[-11.388,12.404],[-11.508,12.192],[-11.335,12.026],[-10.952,12.219],[-10.711,11.89],[-10.267,12.218],[-9.723,12.025],[-9.337,12.27],[-9.334,12.496],[-8.994,12.388],[-8.798,11.925],[-8.847,11.658],[-8.375,11.368],[-8.696,10.963],[-8.327,11.024],[-8.296,10.537],[-7.996,10.328],[-7.99,10.162],[-7.501,10.459],[-7.363,10.252],[-7.016,10.141],[-6.961,10.345],[-6.669,10.361],[-6.669,10.654],[-6.446,10.552],[-6.256,10.726],[-6.181,10.216],[-5.523,10.425],[-5.504,11.073],[-5.333,11.122],[-5.218,11.422],[-5.412,11.829],[-4.761,12.007],[-4.406,12.307],[-4.485,12.715],[-4.212,12.819],[-4.351,13.118],[-3.981,13.499],[-3.449,13.169],[-3.249,13.293],[-3.287,13.698],[-2.895,13.652],[-2.867,14.001],[-2.516,14.268],[-2.036,14.181],[-1.997,14.471],[-1.697,14.496],[-0.72,15.078],[0.218,14.911],[0.949,14.98],[1.332,15.284],[3.507,15.354],[3.846,15.685],[4.184,16.416],[4.229,19.142],[3.359,18.977],[3.159,19.082],[3.199,19.821],[2.4,20.057],[2.201,20.274],[1.778,20.304],[1.56,20.598],[1.155,20.739],[1.147,21.102],[-1.83,23.048],[-4.822,24.995],[-6.593,24.994],[-6.099,20.791],[-5.623,16.528],[-5.353,16.312],[-5.511,15.494],[-9.349,15.496],[-9.356,15.698],[-9.424,15.441],[-10.725,15.433],[-10.915,15.103],[-11.524,15.643],[-11.727,15.541],[-11.82,14.9],[-12.07,14.734],[-12.264,14.775]]]}},{"type":"Feature","properties":{"id":"MLT"},"geometry":{"type":"Polygon","coordinates":[[[14.548,35.89],[14.322,35.973],[14.424,35.824],[14.548,35.89]]]}},{"type":"Feature","properties":{"id":"MMR"},"geometry":{"type":"MultiPolygon","coordinates":[[[[92.576,21.978],[92.643,21.298],[92.236,21.417],[92.265,21.061],[92.731,20.259],[92.635,20.698],[92.943,20.321],[92.778,20.232],[92.86,20.125],[93.073,20.555],[92.99,20.155],[93.121,20.212],[92.97,20.129],[93.169,19.807],[93.128,20.095],[93.74,19.925],[93.601,19.719],[93.807,19.746],[93.731,19.633],[93.991,19.457],[93.981,19.372],[93.797,19.235],[93.553,19.431],[93.483,19.351],[93.93,18.859],[93.91,19.191],[94.074,19.374],[94.038,18.859],[94.279,18.739],[94.149,18.731],[94.417,18.314],[94.328,18.259],[94.615,17.546],[94.268,16.527],[94.24,15.976],[94.521,16.295],[94.628,16.26],[94.732,16.525],[94.679,16.121],[94.567,15.935],[94.794,16.162],[94.601,15.921],[94.721,15.857],[94.992,16.251],[94.847,15.791],[95.034,15.806],[95.136,16.148],[95.213,15.787],[95.362,16.148],[95.288,15.74],[95.416,15.723],[95.665,15.949],[95.725,16.223],[95.798,16.145],[96.068,16.31],[96.007,16.387],[96.321,16.415],[96.171,16.772],[96.287,16.813],[96.266,16.597],[96.436,16.478],[96.679,16.575],[96.911,17.025],[96.883,17.457],[97.131,17.079],[97.261,17.107],[97.183,16.922],[97.37,16.484],[97.74,16.559],[97.569,16.062],[97.727,15.843],[97.795,14.88],[98.028,14.648],[97.886,14.684],[98.11,14.168],[98.144,13.537],[98.192,14.065],[98.245,13.714],[98.578,13.187],[98.707,12.348],[98.539,12.242],[98.703,12.238],[98.721,11.998],[98.549,11.879],[98.707,11.879],[98.674,11.685],[98.809,11.851],[98.892,11.694],[98.736,11.642],[98.712,10.924],[98.459,10.715],[98.543,9.987],[98.747,10.351],[98.767,10.689],[99.213,11.108],[99.63,11.816],[99.403,12.576],[99.093,13.038],[99.19,13.229],[99.09,13.87],[98.548,14.378],[98.16,15.106],[98.283,15.29],[98.56,15.355],[98.547,16.047],[98.807,16.111],[98.903,16.382],[98.84,16.472],[98.663,16.287],[98.509,16.893],[97.759,17.691],[97.638,18.306],[97.486,18.292],[97.351,18.551],[97.746,18.571],[97.658,18.926],[98.025,19.803],[98.238,19.665],[98.899,19.749],[99.073,20.101],[99.51,20.154],[99.421,20.376],[99.652,20.307],[99.937,20.445],[100.099,20.318],[100.222,20.71],[100.652,20.877],[100.518,20.906],[100.725,21.312],[101.159,21.553],[101.083,21.767],[100.622,21.469],[100.187,21.428],[100.143,21.655],[99.95,21.721],[99.942,22.046],[99.144,22.154],[99.358,22.495],[99.308,22.745],[99.538,22.926],[99.334,23.13],[98.859,23.179],[98.856,23.61],[98.659,23.961],[98.866,24.146],[98.105,24.102],[97.625,23.847],[97.516,23.943],[97.72,24.147],[97.514,24.462],[97.536,24.745],[97.773,24.855],[97.801,25.238],[98.045,25.312],[98.14,25.611],[98.312,25.557],[98.498,25.831],[98.685,25.853],[98.546,26.106],[98.706,26.175],[98.75,26.792],[98.666,27.597],[98.41,27.684],[98.295,27.537],[98.119,28.141],[97.67,28.511],[97.528,28.53],[97.323,28.217],[97.334,27.894],[96.862,27.599],[97.119,27.087],[96.705,27.361],[96.143,27.258],[95.123,26.612],[95.151,26.05],[94.608,25.395],[94.553,25.204],[94.709,25.026],[94.132,23.857],[93.322,24.08],[93.432,23.647],[93.375,23.13],[93.152,23.05],[93.08,22.773],[93.174,22.259],[92.968,21.987],[92.684,22.154],[92.576,21.978]]],[[[98.268,10.837],[98.172,10.979],[98.077,10.888],[98.251,10.693],[98.268,10.837]]],[[[98.535,11.804],[98.371,11.789],[98.535,11.529],[98.535,11.804]]],[[[98.604,11.967],[98.439,12.112],[98.478,11.891],[98.604,11.967]]],[[[98.466,12.584],[98.316,12.687],[98.302,12.338],[98.466,12.584]]],[[[98.296,13.085],[98.247,13.215],[98.302,12.913],[98.296,13.085]]],[[[94.662,16.222],[94.39,16.001],[94.403,15.839],[94.662,16.222]]],[[[97.589,16.415],[97.46,16.477],[97.547,16.2],[97.589,16.415]]],[[[93.745,18.8],[93.484,18.875],[93.645,18.679],[93.745,18.8]]],[[[93.971,19.417],[93.724,19.556],[93.642,19.492],[93.803,19.277],[93.971,19.417]]]]}},{"type":"Feature","properties":{"id":"MNE"},"geometry":{"type":"Polygon","coordinates":[[[18.496,42.416],[18.687,42.483],[18.571,42.393],[19.365,41.852],[19.275,42.191],[19.622,42.605],[19.801,42.468],[20.065,42.547],[20.035,42.751],[20.345,42.827],[19.195,43.533],[18.911,43.507],[19.07,43.309],[18.821,43.341],[18.639,43.02],[18.453,42.993],[18.437,42.559],[18.496,42.416]]]}},{"type":"Feature","properties":{"id":"MNG"},"geometry":{"type":"Polygon","coordinates":[[[116.684,49.823],[116.218,50.014],[115.388,49.891],[114.754,50.236],[114.286,50.277],[112.777,49.501],[111.338,49.365],[110.731,49.138],[108.538,49.327],[107.927,49.67],[107.947,49.933],[107.192,50.006],[106.657,50.327],[105.329,50.476],[104.122,50.148],[103.277,50.198],[102.303,50.564],[102.075,51.375],[99.918,51.749],[98.886,52.129],[98.683,51.819],[98.04,51.457],[97.806,51.001],[98.293,50.519],[98.262,50.284],[98.048,50.023],[97.343,49.734],[96.056,49.999],[95.501,49.887],[94.603,50.02],[94.259,50.558],[93.105,50.599],[92.962,50.778],[92.65,50.674],[92.361,50.868],[92.159,50.689],[91.75,50.684],[91.416,50.461],[89.668,49.927],[89.702,49.72],[89.372,49.582],[89.216,49.634],[88.975,49.456],[88.868,49.538],[88.871,49.436],[88.2,49.454],[88.144,49.271],[87.816,49.166],[87.738,48.869],[88.059,48.708],[87.983,48.552],[89.046,47.993],[89.542,48.031],[89.751,47.824],[90.045,47.88],[90.885,46.945],[91.002,46.022],[90.651,45.493],[90.873,45.186],[93.525,44.951],[94.698,44.343],[95.398,44.281],[95.319,44.017],[95.535,43.958],[95.874,43.247],[96.358,42.724],[101.525,42.537],[102.034,42.185],[103.691,41.759],[104.501,41.871],[104.505,41.657],[104.974,41.586],[106.768,42.287],[109.485,42.449],[110.407,42.769],[110.973,43.316],[111.933,43.697],[111.396,44.347],[111.843,45.04],[112.413,45.066],[112.749,44.865],[113.635,44.746],[114.534,45.386],[115.667,45.454],[116.17,45.709],[116.568,46.291],[117.337,46.357],[117.394,46.571],[117.798,46.52],[118.847,46.765],[119.317,46.612],[119.854,46.66],[119.7,47.16],[118.473,47.989],[117.767,47.993],[117.361,47.651],[116.822,47.876],[116.244,47.863],[115.915,47.684],[115.576,47.91],[115.514,48.132],[115.8,48.242],[115.791,48.514],[116.684,49.823]]]}},{"type":"Feature","properties":{"id":"MNP"},"geometry":{"type":"Polygon","coordinates":[[[145.788,15.267],[145.686,15.102],[145.753,15.096],[145.788,15.267]]]}},{"type":"Feature","properties":{"id":"MOZ"},"geometry":{"type":"Polygon","coordinates":[[[32.114,-26.84],[32.893,-26.846],[32.954,-26.079],[32.842,-26.289],[32.477,-25.985],[32.845,-25.573],[33.319,-25.252],[35.106,-24.598],[35.497,-24.101],[35.527,-23.803],[35.332,-23.965],[35.34,-23.676],[35.606,-22.915],[35.489,-22.69],[35.551,-22.179],[35.517,-22.31],[35.441,-22.12],[35.394,-22.488],[35.271,-21.644],[35.016,-21.111],[35.12,-20.966],[34.668,-20.541],[34.778,-19.815],[34.553,-19.582],[34.848,-19.852],[34.982,-19.801],[35.855,-18.951],[36.124,-18.801],[36.267,-18.891],[36.238,-18.694],[36.407,-18.785],[36.977,-18.047],[36.833,-17.878],[36.984,-18.012],[37.189,-17.739],[38.128,-17.286],[38.081,-17.191],[38.173,-17.288],[38.663,-17.026],[39.091,-16.984],[39.856,-16.43],[39.783,-16.302],[39.992,-16.222],[40.588,-15.478],[40.674,-15.201],[40.513,-15.182],[40.774,-14.998],[40.643,-14.854],[40.84,-14.798],[40.843,-14.464],[40.701,-14.432],[40.629,-14.566],[40.746,-14.271],[40.539,-14.164],[40.651,-14.032],[40.527,-13.511],[40.595,-12.976],[40.413,-12.961],[40.647,-12.766],[40.478,-12.501],[40.52,-11.839],[40.349,-11.317],[40.62,-10.841],[40.485,-10.762],[40.655,-10.687],[40.437,-10.475],[39.263,-11.167],[38.896,-11.168],[38.492,-11.413],[37.938,-11.284],[37.817,-11.534],[37.47,-11.719],[37.032,-11.565],[36.2,-11.702],[35.826,-11.413],[35.576,-11.605],[34.965,-11.574],[34.617,-11.578],[34.359,-12.154],[34.545,-13.326],[35.084,-13.704],[35.904,-14.887],[35.785,-16.042],[35.375,-16.141],[35.132,-16.538],[35.278,-16.701],[35.292,-17.129],[35.066,-17.11],[35.118,-16.833],[34.426,-16.274],[34.233,-15.89],[34.565,-15.297],[34.502,-14.576],[34.344,-14.387],[33.645,-14.602],[33.203,-14.014],[30.214,-14.981],[30.396,-15.636],[30.403,-16.001],[31.26,-16.023],[31.91,-16.429],[32.969,-16.682],[32.829,-16.935],[33.022,-17.346],[32.927,-17.973],[33.043,-18.352],[32.871,-18.536],[32.903,-18.775],[32.681,-18.955],[32.856,-19.084],[32.763,-19.464],[33.033,-19.784],[33.007,-20.032],[32.482,-20.603],[32.34,-21.134],[32.447,-21.314],[31.289,-22.397],[31.528,-23.457],[31.987,-24.423],[31.949,-25.958],[32.071,-26.01],[32.114,-26.84]]]}},{"type":"Feature","properties":{"id":"MRT"},"geometry":{"type":"Polygon","coordinates":[[[-8.682,27.285],[-8.688,26],[-12.015,25.995],[-12.019,23.461],[-12.619,23.271],[-13.152,22.82],[-13.015,21.333],[-16.959,21.333],[-17.057,20.767],[-16.918,21.159],[-16.673,20.678],[-16.542,20.561],[-16.529,20.739],[-16.409,20.675],[-16.2,20.215],[-16.234,19.794],[-16.465,19.413],[-16.285,19.529],[-16.359,19.416],[-16.535,19.381],[-16.205,18.983],[-16.024,17.96],[-16.459,16.644],[-16.542,15.809],[-16.274,16.523],[-14.407,16.661],[-13.836,16.121],[-13.485,16.155],[-13.238,15.623],[-12.964,15.509],[-12.888,15.251],[-12.264,14.775],[-12.07,14.734],[-11.82,14.9],[-11.727,15.541],[-11.524,15.643],[-10.915,15.103],[-10.725,15.433],[-9.424,15.441],[-9.356,15.698],[-9.349,15.496],[-5.511,15.494],[-5.353,16.312],[-5.623,16.528],[-6.099,20.791],[-6.593,24.994],[-4.822,24.995],[-8.682,27.285]]]}},{"type":"Feature","properties":{"id":"MSR"},"geometry":{"type":"Polygon","coordinates":[[[-62.147,16.744],[-62.202,16.819],[-62.219,16.689],[-62.147,16.744]]]}},{"type":"Feature","properties":{"id":"MUS"},"geometry":{"type":"Polygon","coordinates":[[[57.796,-20.223],[57.597,-19.983],[57.308,-20.444],[57.672,-20.48],[57.796,-20.223]]]}},{"type":"Feature","properties":{"id":"MWI"},"geometry":{"type":"Polygon","coordinates":[[[34.965,-11.574],[34.614,-11.102],[34.536,-10.043],[34.318,-9.719],[34.013,-9.477],[33.912,-9.718],[32.921,-9.408],[32.987,-9.628],[33.175,-9.602],[33.343,-9.831],[33.304,-10.064],[33.674,-10.577],[33.233,-10.883],[33.391,-11.165],[33.23,-11.417],[33.253,-12.14],[33.527,-12.356],[33.025,-12.613],[32.998,-13.202],[32.663,-13.596],[33,-14.05],[33.14,-13.925],[33.203,-14.014],[33.645,-14.602],[34.344,-14.387],[34.502,-14.576],[34.565,-15.297],[34.233,-15.89],[34.426,-16.274],[35.118,-16.833],[35.066,-17.11],[35.292,-17.129],[35.278,-16.701],[35.132,-16.538],[35.375,-16.141],[35.785,-16.042],[35.904,-14.887],[35.084,-13.704],[34.545,-13.326],[34.359,-12.154],[34.617,-11.578],[34.965,-11.574]]]}},{"type":"Feature","properties":{"id":"MYS"},"geometry":{"type":"MultiPolygon","coordinates":[[[[117.704,4.163],[117.907,4.157],[117.702,4.268],[117.704,4.163]]],[[[102.073,6.258],[101.8,5.74],[101.558,5.911],[101.122,5.63],[100.965,5.792],[101.082,6.246],[100.833,6.237],[100.73,6.493],[100.387,6.522],[100.263,6.7],[100.127,6.442],[100.349,6.013],[100.365,5.084],[100.666,4.67],[100.565,4.319],[100.871,4.019],[100.709,3.883],[101.298,3.275],[101.286,2.85],[103.367,1.538],[103.516,1.27],[103.698,1.451],[104.01,1.449],[103.966,1.648],[104.148,1.545],[104.106,1.375],[104.277,1.367],[103.949,2.34],[103.441,2.922],[103.482,3.512],[103.339,3.758],[103.496,4.306],[103.448,4.807],[103.028,5.486],[102.338,6.177],[102.073,6.258]]],[[[115.146,4.909],[115.346,4.314],[115.1,4.391],[115.03,4.821],[114.982,4.889],[114.742,4.729],[114.846,4.395],[114.628,4.017],[113.999,4.601],[113.947,4.274],[113.008,3.162],[111.67,2.843],[111.44,2.68],[111.493,2.346],[111.221,2.416],[111.185,2.145],[111.378,2.162],[111.096,1.774],[111.267,1.627],[111.038,1.677],[111.007,1.555],[111.384,1.354],[110.793,1.572],[110.678,1.449],[110.727,1.547],[110.329,1.803],[110.291,1.674],[109.928,1.692],[109.645,2.083],[109.528,1.89],[109.658,1.597],[110.506,0.857],[111.198,1.075],[111.823,1.008],[112.093,1.143],[112.162,1.435],[112.47,1.568],[112.973,1.57],[112.958,1.416],[113.625,1.228],[113.91,1.442],[114.546,1.435],[114.68,1.841],[114.832,1.903],[114.779,2.247],[115.206,2.51],[115.056,2.609],[115.069,2.833],[115.242,3.042],[115.464,3.031],[115.601,3.43],[115.539,3.921],[115.844,4.389],[116.021,4.271],[116.126,4.379],[117.203,4.356],[117.567,4.16],[117.656,4.424],[117.983,4.231],[118.557,4.364],[118.6,4.519],[118.497,4.508],[118.136,4.882],[118.357,5.039],[118.681,4.944],[119.156,5.106],[119.278,5.345],[119.189,5.451],[118.933,5.394],[118.651,5.636],[118.565,5.526],[118.594,5.682],[118.365,5.814],[117.96,5.687],[117.921,5.809],[118.125,5.864],[118.017,6.061],[117.469,5.869],[117.669,5.973],[117.6,6.198],[117.727,6.451],[117.296,6.636],[117.15,7.003],[116.824,6.582],[116.746,7.01],[115.849,5.56],[115.605,5.52],[115.605,5.636],[115.393,5.413],[115.365,5.307],[115.605,5.212],[115.557,5.067],[115.146,4.909]],[[118.51,4.649],[118.346,4.676],[118.6,4.635],[118.51,4.649]]],[[[104.223,2.786],[104.171,2.891],[104.131,2.746],[104.223,2.786]]],[[[100.31,5.451],[100.179,5.458],[100.184,5.269],[100.31,5.451]]],[[[99.901,6.364],[99.645,6.436],[99.729,6.261],[99.901,6.364]]],[[[117.469,6.767],[117.347,6.655],[117.507,6.673],[117.469,6.767]]],[[[117.171,7.343],[117.072,7.102],[117.262,7.202],[117.171,7.343]]]]}},{"type":"Feature","properties":{"id":"NAM"},"geometry":{"type":"Polygon","coordinates":[[[16.487,-28.573],[16.74,-28.481],[16.893,-28.083],[17.076,-28.027],[17.346,-28.228],[17.404,-28.704],[18.166,-28.902],[18.746,-28.84],[19.12,-28.958],[19.569,-28.531],[19.982,-28.422],[19.981,-24.752],[19.978,-22.001],[20.985,-21.964],[20.975,-18.319],[23.293,-17.999],[23.61,-18.478],[24.351,-17.956],[24.564,-18.053],[24.953,-17.788],[25.26,-17.794],[24.684,-17.492],[23.382,-17.641],[20.806,-18.031],[20.336,-17.855],[18.89,-17.799],[18.446,-17.389],[13.981,-17.424],[13.48,-17.01],[13.166,-16.951],[12.567,-17.235],[12.088,-17.139],[11.766,-17.253],[11.761,-17.786],[12.032,-18.505],[12.45,-18.905],[13.398,-20.849],[14.509,-22.548],[14.459,-24.098],[14.853,-25.064],[14.84,-25.752],[15.169,-26.592],[15.083,-26.695],[15.679,-27.943],[16.487,-28.573]]]}},{"type":"Feature","properties":{"id":"NCL"},"geometry":{"type":"MultiPolygon","coordinates":[[[[168.137,-21.432],[167.808,-21.384],[167.993,-21.655],[168.137,-21.432]]],[[[167.432,-21.028],[167.301,-20.713],[167.059,-20.716],[167.191,-20.81],[167.021,-20.912],[167.12,-21.052],[167.391,-21.179],[167.432,-21.028]]],[[[167.034,-22.237],[166.37,-21.659],[165.623,-21.268],[165.218,-20.764],[163.992,-20.083],[164.375,-20.774],[164.951,-21.354],[166.061,-21.891],[166.109,-22.09],[166.432,-22.172],[166.437,-22.308],[166.916,-22.396],[167.034,-22.237]]]]}},{"type":"Feature","properties":{"id":"NER"},"geometry":{"type":"Polygon","coordinates":[[[3.596,11.696],[3.642,12.518],[4.089,12.996],[4.126,13.473],[4.825,13.771],[5.228,13.741],[5.522,13.88],[6.302,13.664],[6.937,12.995],[7.824,13.345],[8.679,12.924],[9.59,12.801],[10.12,13.25],[10.675,13.375],[11.44,13.364],[12.473,13.064],[12.842,13.489],[13.607,13.704],[13.449,14.439],[13.658,14.549],[14.369,15.75],[15.472,16.917],[15.736,19.904],[15.97,20.336],[15.57,20.752],[15.609,20.951],[15.185,21.491],[14.98,22.996],[14.216,22.616],[13.482,23.18],[11.969,23.517],[7.483,20.873],[5.794,19.45],[4.229,19.142],[4.184,16.416],[3.846,15.685],[3.507,15.354],[1.332,15.284],[0.949,14.98],[0.218,14.911],[0.159,14.496],[0.594,13.689],[1.269,13.346],[0.984,13.368],[0.984,13.032],[1.564,12.632],[2.109,12.706],[2.245,12.424],[2.052,12.342],[2.39,11.897],[2.37,12.236],[2.844,12.399],[3.596,11.696]]]}},{"type":"Feature","properties":{"id":"NFK"},"geometry":{"type":"Polygon","coordinates":[[[167.984,-29.018],[167.927,-28.997],[167.926,-29.066],[167.984,-29.018]]]}},{"type":"Feature","properties":{"id":"NGA"},"geometry":{"type":"Polygon","coordinates":[[[3.596,11.696],[3.468,11.419],[3.722,11.112],[3.837,10.6],[3.572,10.286],[3.589,9.949],[3.326,9.802],[3.133,9.457],[3.076,9.095],[2.769,9.057],[2.704,6.368],[3.385,6.398],[3.37,6.45],[3.402,6.552],[3.481,6.602],[3.844,6.611],[3.541,6.455],[3.44,6.423],[3.428,6.459],[3.385,6.445],[3.444,6.41],[3.87,6.432],[4.406,6.359],[5.045,5.767],[5.29,5.91],[5.103,5.793],[5.129,5.628],[5.338,5.725],[5.326,5.605],[5.51,5.591],[5.198,5.501],[5.434,5.396],[5.64,5.54],[5.578,5.382],[5.34,5.344],[5.366,5.163],[5.496,5.142],[5.386,5.126],[5.475,4.847],[6.113,4.272],[6.236,4.498],[6.271,4.293],[6.57,4.335],[6.55,4.505],[6.688,4.337],[6.736,4.608],[6.716,4.355],[6.871,4.361],[6.716,4.834],[6.969,4.375],[6.963,4.731],[7.051,4.437],[7.185,4.519],[7.072,4.758],[7.281,4.505],[7.551,4.711],[7.539,4.542],[7.703,4.498],[8.298,4.553],[8.175,4.991],[8.469,4.712],[8.594,4.815],[8.799,5.16],[8.845,5.831],[9.693,6.531],[9.789,6.795],[10.143,7.008],[10.211,6.879],[10.496,6.875],[10.579,7.131],[11.037,6.741],[11.097,6.449],[11.319,6.437],[11.562,6.876],[11.872,7.079],[11.737,7.263],[12.192,7.961],[12.227,8.386],[12.369,8.61],[12.795,8.789],[12.855,9.378],[13.195,9.542],[13.23,10.045],[13.435,10.153],[13.755,11.017],[13.982,11.276],[14.165,11.238],[14.616,11.539],[14.668,12.178],[14.189,12.37],[14.065,13.078],[13.607,13.704],[12.842,13.489],[12.473,13.064],[11.44,13.364],[10.675,13.375],[10.12,13.25],[9.59,12.801],[8.679,12.924],[7.824,13.345],[6.937,12.995],[6.302,13.664],[5.522,13.88],[5.228,13.741],[4.825,13.771],[4.126,13.473],[4.089,12.996],[3.642,12.518],[3.596,11.696]]]}},{"type":"Feature","properties":{"id":"NIC"},"geometry":{"type":"Polygon","coordinates":[[[-85.702,11.081],[-85.598,11.21],[-84.908,10.939],[-84.676,11.07],[-83.917,10.713],[-83.663,10.807],[-83.697,10.937],[-83.868,11.274],[-83.652,11.619],[-83.7,11.85],[-83.836,11.871],[-83.778,12.177],[-83.671,11.988],[-83.617,12.348],[-83.775,12.534],[-83.564,12.813],[-83.638,12.386],[-83.482,12.417],[-83.559,13.416],[-83.187,14.348],[-83.299,14.771],[-83.425,14.804],[-83.13,14.997],[-83.509,15.012],[-84.483,14.619],[-84.904,14.817],[-85.145,14.564],[-85.17,14.322],[-85.727,13.965],[-85.742,13.824],[-86.02,14.055],[-86.34,13.757],[-86.75,13.757],[-86.712,13.286],[-86.911,13.24],[-87.035,12.98],[-87.314,12.982],[-87.435,12.922],[-87.584,13.085],[-87.686,12.918],[-85.702,11.081]]]}},{"type":"Feature","properties":{"id":"NIU"},"geometry":{"type":"Polygon","coordinates":[[[-169.851,-18.965],[-169.899,-19.143],[-169.783,-19.069],[-169.851,-18.965]]]}},{"type":"Feature","properties":{"id":"NLD"},"geometry":{"type":"MultiPolygon","coordinates":[[[[7.195,53.245],[6.829,53.451],[5.981,53.406],[5.078,52.954],[4.745,52.968],[4.508,52.336],[3.862,51.816],[4.283,51.448],[3.851,51.611],[3.447,51.546],[4.261,51.369],[5.028,51.477],[5.215,51.259],[5.829,51.156],[5.624,50.83],[5.995,50.75],[5.852,51.043],[6.147,51.152],[6.205,51.458],[5.931,51.816],[6.811,51.961],[6.673,52.05],[7.048,52.365],[6.672,52.542],[7.037,52.647],[7.195,53.245]]],[[[3.349,51.375],[3.392,51.247],[3.809,51.205],[4.221,51.368],[3.349,51.375]]],[[[-68.212,12.228],[-68.417,12.257],[-68.254,12.024],[-68.212,12.228]]],[[[5.424,53.43],[5.168,53.368],[5.585,53.454],[5.424,53.43]]]]}},{"type":"Feature","properties":{"id":"NOR"},"geometry":{"type":"MultiPolygon","coordinates":[[[[20.623,69.036],[21.639,69.271],[22.409,68.713],[23.198,68.618],[23.929,68.816],[24.905,68.557],[25.796,68.993],[26.005,69.689],[26.501,69.918],[27.867,70.075],[29.147,69.664],[29.345,69.464],[28.954,69.027],[30.123,69.442],[30.119,69.635],[30.898,69.544],[30.841,69.806],[30.36,69.667],[30.165,69.88],[30.186,69.688],[30.03,69.776],[29.487,69.661],[29.686,69.97],[28.629,70.107],[30.159,70.071],[31.077,70.284],[30.582,70.542],[30.001,70.538],[30.347,70.596],[30.105,70.711],[29.306,70.653],[29.057,70.884],[28.555,70.75],[28.014,70.071],[28.335,70.518],[27.849,70.483],[28.283,70.718],[27.65,70.606],[28.549,70.973],[27.65,71.127],[27.554,70.955],[27.134,70.95],[27.63,70.805],[27.111,70.729],[27.102,70.47],[26.506,70.363],[26.614,70.949],[25.004,70.064],[25.074,70.503],[25.926,70.864],[25.442,70.841],[25.365,70.976],[25.246,70.791],[25.033,70.971],[24.609,70.971],[24.635,70.78],[24.245,70.784],[24.723,70.621],[24.352,70.691],[24.35,70.456],[23.918,70.509],[23.513,70.366],[23.176,70.092],[23.467,69.986],[23.094,69.955],[23.019,70.147],[22.304,70.039],[22.967,70.207],[22.401,70.258],[22.559,70.127],[22.275,70.135],[21.987,70.323],[21.874,70.147],[21.553,70.321],[21.209,70.208],[21.719,70.061],[22.099,70.12],[21.798,70.037],[22.114,70.03],[22.086,69.74],[21.333,70.03],[21.179,69.819],[21.093,69.948],[20.482,69.763],[20.853,69.496],[20.482,69.578],[19.948,69.263],[20.417,69.89],[20.168,69.942],[19.824,69.712],[20.113,69.585],[19.743,69.613],[19.53,69.4],[19.784,69.804],[19.249,69.777],[18.944,69.615],[19.263,69.523],[19.001,69.464],[19.35,69.379],[19.509,69.229],[19.177,69.253],[19.379,69.322],[19.014,69.397],[18.853,69.552],[18.455,69.454],[19.013,69.287],[18.565,69.365],[18.502,69.235],[18.263,69.488],[18.152,69.154],[17.659,69.117],[17.426,68.899],[17.826,68.894],[17.468,68.831],[17.783,68.749],[17.234,68.756],[17.679,68.66],[16.961,68.705],[16.465,68.51],[17.547,68.53],[17.872,68.393],[17.248,68.406],[17.334,68.167],[17.127,68.373],[16.22,68.351],[16.803,68.132],[16.15,68.313],[16.59,68.167],[16.289,68.091],[16.689,68.071],[16.389,68.059],[16.467,67.9],[16.207,68.003],[16.485,67.798],[16.042,68.03],[15.98,68.25],[15.282,68.037],[15.898,68.067],[15.86,67.9],[15.752,67.952],[15.199,67.831],[14.999,67.895],[14.773,67.816],[15.117,67.742],[14.836,67.643],[15.182,67.715],[15.369,67.865],[15.693,67.796],[15.822,67.678],[15.405,67.742],[15.658,67.68],[15.179,67.618],[15.898,67.557],[15.529,67.467],[15.7,67.303],[15.429,67.483],[15.138,67.42],[15.176,67.521],[15.017,67.469],[14.829,67.475],[15.059,67.577],[14.727,67.489],[14.822,67.447],[15.049,67.447],[14.328,67.242],[15.165,67.31],[15.74,67.173],[15.377,67.201],[15.469,67.071],[14.604,67.204],[14.743,67.118],[14.267,67.084],[14.568,67.018],[13.544,66.922],[13.993,66.79],[13.225,66.714],[13.547,66.638],[13.191,66.667],[13.239,66.548],[13.726,66.605],[13.362,66.456],[12.972,66.522],[13.037,66.32],[13.534,66.309],[13.04,66.18],[14.144,66.334],[13.641,66.221],[13.822,66.147],[13.536,66.111],[13.527,66.24],[12.67,66.063],[13.04,66.083],[13.176,65.856],[12.682,65.927],[12.787,65.638],[12.495,65.733],[12.355,65.604],[12.78,65.46],[12.245,65.234],[12.712,65.254],[12.355,65.227],[12.503,65.145],[12.931,65.312],[12.194,64.995],[11.979,65.069],[11.245,64.858],[11.697,64.912],[11.261,64.734],[12.225,64.939],[11.396,64.707],[11.78,64.597],[11.438,64.466],[11.656,64.48],[11.225,64.322],[10.957,64.603],[10.656,64.452],[10.855,64.378],[10.497,64.429],[10.649,64.357],[9.998,64.11],[9.943,63.918],[10.197,63.938],[9.546,63.774],[9.778,63.768],[9.544,63.666],[10.101,63.768],[9.792,63.665],[10.08,63.508],[10.91,63.731],[10.935,63.898],[10.574,63.809],[11.362,64.117],[11.487,64.007],[11.097,63.858],[11.458,63.79],[10.735,63.613],[10.908,63.456],[10.094,63.439],[10.259,63.267],[9.833,63.329],[9.699,63.644],[9.162,63.507],[9.484,63.483],[9.218,63.372],[9.477,63.404],[9.093,63.294],[9.018,63.467],[8.672,63.421],[8.476,63.294],[8.943,63.212],[8.166,63.115],[8.703,62.822],[8.087,63.11],[7.877,63.01],[8.147,62.951],[8.545,62.657],[7.974,62.977],[7.501,62.911],[7.238,63.015],[6.91,62.929],[7.216,62.815],[6.97,62.726],[8.147,62.692],[7.523,62.674],[7.463,62.575],[7.778,62.575],[7.542,62.504],[7.092,62.651],[6.266,62.593],[6.675,62.493],[6.243,62.451],[6.791,62.478],[7.374,62.273],[7.028,62.266],[7.188,62.102],[6.956,62.102],[6.709,62.452],[6.4,62.387],[6.531,62.109],[6.311,62.372],[5.926,62.225],[6.367,62.061],[5.955,62.14],[5.845,62.02],[5.906,62.191],[5.75,62.089],[5.454,62.191],[5.462,62.007],[5.078,62.184],[5.4,62.02],[5.156,61.896],[5.427,61.938],[5.961,61.917],[5.729,61.889],[6.476,61.825],[6.819,61.876],[5.899,61.739],[5.941,61.845],[5.619,61.815],[5.676,61.887],[5.395,61.911],[5.079,61.774],[5.168,61.726],[4.988,61.747],[4.968,61.636],[5.427,61.589],[5.178,61.51],[5.804,61.458],[4.948,61.416],[5.633,61.362],[4.98,61.275],[5.194,61.105],[6.037,61.204],[6.434,61.115],[6.702,61.403],[6.558,61.225],[7.305,61.163],[7.264,61.396],[7.572,61.485],[7.312,61.287],[7.695,61.232],[7,61.093],[7.106,60.862],[6.601,61.175],[6.356,61.011],[6.098,61.122],[5.016,61.047],[5.131,60.812],[5.537,60.876],[5.236,60.776],[5.434,60.629],[4.927,60.8],[5.223,60.574],[5.527,60.629],[5.676,60.758],[5.75,60.718],[5.714,60.484],[5.654,60.431],[5.476,60.435],[5.306,60.528],[5.141,60.351],[5.41,60.131],[5.737,60.392],[5.544,60.163],[5.791,60.211],[5.739,59.994],[6.178,60.471],[7.106,60.506],[6.654,60.382],[6.524,60.081],[6.64,60.416],[6.352,60.368],[6.075,60.198],[6.291,60.122],[5.646,59.854],[6.292,59.84],[5.754,59.61],[5.564,59.677],[5.417,59.505],[5.489,59.738],[5.202,59.546],[5.505,59.278],[5.587,59.416],[5.612,59.293],[5.86,59.351],[5.646,59.409],[5.807,59.539],[6.153,59.477],[5.924,59.356],[6.153,59.459],[6.286,59.649],[6.236,59.526],[6.544,59.56],[6.042,59.384],[6.154,59.268],[6.462,59.32],[5.875,59.066],[6.034,58.905],[6.16,58.998],[6.626,59.053],[6.126,58.962],[6.065,58.885],[6.229,58.84],[6.093,58.847],[5.854,58.965],[5.716,58.867],[5.551,59.039],[5.646,58.549],[6.401,58.272],[6.846,58.271],[6.531,58.121],[7.147,58.1],[7.007,57.993],[7.916,58.082],[8.004,58.223],[8.202,58.123],[9.19,58.665],[9.071,58.741],[9.409,58.792],[9.299,58.882],[9.69,58.957],[9.539,59.121],[9.846,58.956],[10.307,59.06],[10.514,59.303],[10.224,59.724],[10.543,59.536],[10.475,59.85],[10.689,59.912],[10.738,59.217],[11.176,59.197],[11.182,59.116],[11.37,59.101],[11.438,58.992],[11.664,58.92],[11.85,59.872],[12.511,60.118],[12.609,60.486],[12.253,61.002],[12.704,61.046],[12.888,61.35],[12.162,61.725],[12.17,63.598],[12.982,64.059],[13.964,64.01],[14.148,64.169],[14.097,64.465],[13.643,64.584],[14.514,65.318],[14.541,66.125],[15.482,66.275],[15.426,66.491],[16.416,67.053],[16.127,67.423],[16.783,67.897],[17.321,68.105],[17.921,67.973],[18.436,68.574],[19.971,68.351],[20.357,68.805],[20.102,69.022],[20.623,69.036]]],[[[14.028,68.263],[13.5,68.242],[13.513,68.041],[14.028,68.263]]],[[[14.763,68.495],[15,68.555],[14.669,68.587],[14.763,68.495]]],[[[5.277,59.299],[5.186,59.415],[5.209,59.143],[5.277,59.299]]],[[[5.307,59.759],[5.105,59.868],[5.153,59.592],[5.307,59.759]]],[[[5.489,59.861],[5.304,59.978],[5.363,59.764],[5.489,59.861]]],[[[5.619,60.074],[5.362,59.995],[5.508,59.899],[5.619,60.074]]],[[[5.688,60.677],[5.324,60.547],[5.502,60.437],[5.676,60.473],[5.688,60.677]]],[[[4.865,61.889],[4.916,61.781],[5.223,61.848],[4.865,61.889]]],[[[9.139,63.568],[8.565,63.612],[8.282,63.455],[9.139,63.568]]],[[[8.36,63.671],[8.792,63.698],[8.805,63.815],[8.36,63.671]]],[[[11.286,64.559],[11.067,64.651],[11.417,64.473],[11.286,64.559]]],[[[12.225,65.124],[12.191,65.214],[11.979,65.083],[12.225,65.124]]],[[[12.451,65.426],[12.274,65.582],[12.053,65.22],[12.451,65.426]]],[[[12.574,66.076],[12.562,66.221],[12.294,66.015],[12.574,66.076]]],[[[15.001,68.365],[15.172,68.454],[14.384,68.373],[14.198,68.153],[15.001,68.365]]],[[[16.529,68.722],[16.255,68.903],[15.74,68.53],[15.99,68.763],[15.645,68.955],[15.631,68.612],[15.217,68.557],[15.357,68.461],[15.001,68.253],[15.542,68.51],[15.338,68.332],[15.638,68.304],[15.871,68.495],[15.941,68.38],[16.529,68.722]]],[[[14.397,68.66],[15.026,68.771],[14.843,68.592],[15.375,68.67],[15.138,69.013],[15.159,68.818],[14.628,68.83],[14.397,68.66]]],[[[18.071,69.438],[17.468,69.6],[17.645,69.462],[17.343,69.538],[17.399,69.366],[16.927,69.394],[16.899,69.195],[17.172,69.201],[16.78,69.07],[17.129,69.012],[17.472,69.2],[17.988,69.187],[18.071,69.438]]],[[[18.999,69.829],[18.679,69.886],[18.762,69.688],[18.382,69.798],[18.633,69.702],[18.021,69.577],[18.769,69.572],[18.999,69.829]]],[[[19.619,70.017],[19.208,70.099],[18.733,69.931],[19.122,69.788],[19.619,70.017]]],[[[20.792,70.092],[20.561,70.233],[20.414,70.075],[20.792,70.092]]],[[[19.982,70.147],[19.549,70.257],[19.776,70.067],[19.982,70.147]]],[[[23.656,70.503],[23.464,70.625],[22.897,70.451],[23.105,70.283],[23.656,70.503]]],[[[24.067,70.661],[23.709,70.749],[23.751,70.524],[24.067,70.661]]],[[[22.422,70.511],[23.089,70.586],[23.358,70.864],[22.969,70.661],[22.723,70.748],[22.725,70.604],[22.541,70.717],[21.986,70.663],[22.333,70.613],[22.154,70.472],[22.422,70.511]]],[[[26.136,71.038],[25.667,71.165],[25.292,71.028],[25.553,70.928],[26.136,71.038]]],[[[30.021,69.832],[29.842,69.909],[29.713,69.763],[30.021,69.832]]],[[[-7.963,71.175],[-9.08,70.812],[-8.006,71.033],[-7.963,71.175]]],[[[19.16,74.526],[18.79,74.478],[19.074,74.347],[19.16,74.526]]],[[[24.425,77.826],[23.12,77.986],[23.47,78.158],[22.966,78.256],[20.992,78.139],[21.662,77.918],[20.865,77.456],[22.778,77.555],[22.42,77.269],[23.235,77.264],[24.425,77.826]]],[[[21.024,78.219],[22.271,78.268],[22.085,78.595],[20.183,78.495],[21.024,78.219]]],[[[27.021,78.699],[26.442,78.807],[26.738,78.626],[27.021,78.699]]],[[[12.143,78.237],[10.516,78.906],[11.122,78.439],[12.143,78.237]]],[[[29.439,78.905],[28.419,78.967],[27.842,78.843],[29.439,78.905]]],[[[20.099,79.124],[20.358,78.995],[20.832,79.055],[20.099,79.124]]],[[[20.209,78.638],[21.383,78.659],[21.541,78.847],[18.945,79.157],[18.347,79.63],[17.653,79.369],[18.098,79.727],[16.542,80.048],[15.642,79.832],[16.435,78.911],[14.858,79.774],[13.883,79.542],[14.042,79.266],[13.452,79.592],[12.451,79.569],[13.897,79.738],[13.842,79.878],[12.537,79.746],[12.204,79.837],[12.297,79.665],[11.822,79.845],[11.227,79.788],[11.458,79.632],[10.677,79.542],[11.184,79.124],[12.115,79.302],[11.684,79.069],[12.507,78.912],[11.346,78.954],[11.904,78.638],[13.198,78.542],[12.363,78.487],[13.01,78.204],[14.734,78.391],[14.446,78.678],[14.983,78.597],[15.382,78.851],[15.439,78.458],[16.554,78.719],[16.33,78.452],[17.296,78.433],[14.233,78.093],[14.33,77.964],[13.589,78.056],[13.957,77.72],[17.008,77.939],[17.106,77.775],[14.74,77.664],[16.221,77.441],[13.911,77.534],[14.448,77.181],[15.346,77.009],[16.529,77],[15.501,76.877],[16.344,76.572],[17.192,76.697],[17.097,77.055],[17.728,77.493],[18.3,77.52],[18.406,78.021],[19.098,78.103],[18.962,78.452],[20.209,78.638]]],[[[33.099,80.228],[31.495,80.097],[33.64,80.221],[33.099,80.228]]],[[[27.171,80.073],[24.26,80.376],[23.122,80.118],[22.782,80.517],[22.283,79.983],[21.847,80.272],[20.853,80.214],[19.657,80.505],[19.852,80.221],[18.982,80.344],[19.331,80.091],[18.7,80.207],[17.783,80.138],[18.934,80.056],[18.112,79.906],[18.784,79.723],[22.347,79.789],[20.476,79.686],[21.155,79.569],[19.633,79.611],[20.197,79.469],[22.895,79.419],[22.926,79.223],[24.053,79.189],[25.829,79.442],[27.171,80.073]]]]}},{"type":"Feature","properties":{"id":"NPL"},"geometry":{"type":"Polygon","coordinates":[[[88.118,27.861],[87.156,27.826],[86.662,28.107],[86.425,27.91],[86.156,28.157],[85.98,27.885],[85.693,28.335],[85.109,28.292],[85.161,28.595],[84.812,28.542],[84.451,28.734],[84.09,29.257],[83.524,29.184],[83.174,29.621],[82.837,29.66],[82.154,30.058],[82.073,30.337],[81.388,30.374],[81.195,30.004],[80.996,30.197],[80.369,29.758],[80.036,28.837],[81.17,28.361],[81.296,28.128],[81.856,27.851],[82.027,27.912],[82.402,27.677],[82.68,27.694],[82.752,27.495],[83.282,27.331],[83.387,27.47],[83.855,27.345],[84.117,27.513],[84.607,27.31],[84.64,27.028],[85.287,26.737],[85.609,26.851],[85.829,26.566],[86.284,26.612],[86.714,26.415],[87.041,26.58],[87.3,26.346],[87.87,26.465],[87.975,26.367],[88.168,26.725],[87.969,27.111],[88.118,27.861]]]}},{"type":"Feature","properties":{"id":"NRU"},"geometry":{"type":"Polygon","coordinates":[[[166.939,-0.49],[166.907,-0.525],[166.939,-0.552],[166.939,-0.49]]]}},{"type":"Feature","properties":{"id":"NZL"},"geometry":{"type":"MultiPolygon","coordinates":[[[[166.243,-50.601],[166.096,-50.536],[165.897,-50.851],[166.04,-50.752],[166.24,-50.851],[166.243,-50.601]]],[[[-176.382,-43.899],[-176.169,-43.731],[-176.581,-43.703],[-176.855,-43.82],[-176.566,-43.838],[-176.581,-44.123],[-176.3,-44.043],[-176.535,-43.756],[-176.372,-43.766],[-176.382,-43.899]]],[[[168.199,-47.048],[167.967,-46.973],[168.179,-46.864],[167.787,-46.697],[167.521,-47.273],[168.199,-47.048]]],[[[166.711,-45.616],[166.506,-45.725],[166.739,-45.728],[166.711,-45.616]]],[[[172.749,-43.28],[173.287,-42.954],[174.215,-41.857],[174.292,-41.73],[174.051,-41.437],[174.326,-41.216],[173.935,-41.28],[174.216,-41.189],[174.326,-41.009],[173.999,-40.969],[173.896,-41.192],[174.134,-41.175],[173.774,-41.284],[173.956,-41.059],[173.779,-41.108],[173.781,-41.011],[173.992,-40.9],[173.086,-41.299],[173.017,-40.797],[172.856,-40.844],[172.66,-40.648],[172.997,-40.524],[172.84,-40.502],[172.107,-40.887],[172.071,-41.414],[171.855,-41.665],[171.468,-41.766],[171.225,-42.451],[170.77,-42.916],[168.858,-43.973],[168.371,-44.039],[167.836,-44.505],[167.933,-44.697],[167.752,-44.603],[167.568,-44.882],[167.458,-44.789],[167.514,-44.993],[167.419,-44.841],[167.22,-44.936],[167.35,-45.026],[167.005,-45.15],[167.309,-45.313],[167.048,-45.327],[167.206,-45.479],[166.86,-45.291],[166.952,-45.437],[166.768,-45.41],[166.702,-45.557],[167.055,-45.492],[166.771,-45.611],[166.774,-45.719],[167.021,-45.698],[166.49,-45.808],[166.482,-46.008],[166.744,-45.861],[166.616,-46.088],[166.952,-45.944],[166.762,-46.22],[167.295,-46.274],[167.59,-46.16],[167.839,-46.393],[168.369,-46.417],[168.378,-46.62],[169.635,-46.578],[170.334,-45.982],[170.779,-45.876],[170.777,-45.78],[170.557,-45.896],[171.203,-44.906],[171.346,-44.279],[172.417,-43.737],[172.648,-43.783],[172.423,-43.855],[172.763,-43.793],[172.966,-43.905],[172.949,-43.751],[173.093,-43.854],[173.065,-43.648],[172.681,-43.639],[172.832,-43.602],[172.749,-43.28]]],[[[175.538,-36.282],[175.375,-36.066],[175.334,-36.224],[175.538,-36.282]]],[[[176.954,-39.608],[176.938,-39.349],[177.413,-39.059],[177.852,-39.089],[177.912,-39.256],[177.932,-38.702],[178.3,-38.532],[178.551,-37.681],[177.992,-37.543],[177.557,-37.914],[177.131,-38.022],[175.997,-37.632],[175.943,-37.522],[176.169,-37.625],[175.975,-37.47],[175.851,-36.841],[175.714,-36.875],[175.852,-36.718],[175.628,-36.764],[175.532,-36.508],[175.354,-36.491],[175.61,-37.252],[175.367,-37.207],[175.241,-36.942],[174.68,-36.907],[174.621,-36.796],[174.819,-36.824],[174.723,-36.631],[174.857,-36.611],[174.717,-36.412],[174.881,-36.351],[174.504,-35.83],[174.353,-35.842],[174.36,-35.713],[174.607,-35.844],[174.353,-35.199],[174.151,-35.37],[174.015,-35.217],[174.128,-35.136],[173.459,-34.981],[173.444,-34.796],[173.267,-35.008],[172.907,-34.541],[173.079,-34.412],[172.703,-34.412],[173.157,-34.945],[173.093,-35.207],[173.318,-35.302],[173.37,-35.517],[173.661,-35.313],[173.407,-35.571],[174.08,-36.4],[174.203,-36.348],[173.88,-35.96],[173.908,-35.87],[174.075,-36.168],[174.261,-36.268],[174.182,-36.145],[174.333,-36.228],[174.394,-36.124],[174.305,-36.282],[174.525,-36.241],[174.271,-36.338],[174.466,-36.373],[174.431,-36.666],[174.182,-36.453],[174.5,-37.032],[174.833,-36.943],[174.948,-37.102],[174.74,-37.244],[174.558,-37.063],[174.706,-37.348],[174.838,-37.299],[174.729,-37.458],[174.85,-37.765],[174.977,-37.75],[174.792,-37.872],[174.792,-38.085],[174.943,-38.097],[174.71,-38.105],[174.594,-38.819],[173.853,-39.134],[173.759,-39.301],[175.184,-40.134],[175.141,-40.674],[174.609,-41.292],[174.89,-41.225],[174.866,-41.42],[175.182,-41.418],[175.237,-41.62],[175.967,-41.247],[176.862,-40.141],[177.119,-39.667],[176.954,-39.608]]]]}},{"type":"Feature","properties":{"id":"OMN"},"geometry":{"type":"MultiPolygon","coordinates":[[[[56.077,26.061],[56.145,25.671],[56.279,25.627],[56.473,26.099],[56.329,26.173],[56.48,26.146],[56.501,26.359],[56.364,26.386],[56.404,26.215],[56.208,26.263],[56.077,26.061]]],[[[56.383,24.978],[56.099,24.731],[55.978,24.972],[55.799,24.886],[55.756,24.23],[55.998,24.081],[55.457,23.963],[55.538,23.77],[55.187,22.704],[55.638,21.979],[54.978,19.995],[51.979,18.996],[53.09,16.642],[54.085,17.011],[55.027,17.011],[55.26,17.234],[55.228,17.539],[55.445,17.841],[56.356,17.94],[56.808,18.746],[57.816,18.992],[57.689,19.728],[57.856,20.261],[58.206,20.613],[58.203,20.405],[58.519,20.417],[58.68,20.828],[59.344,21.445],[59.812,22.237],[59.825,22.509],[59.516,22.562],[58.762,23.542],[57.152,23.954],[56.611,24.496],[56.383,24.978]]],[[[58.906,20.626],[58.648,20.369],[58.652,20.17],[58.95,20.509],[58.906,20.626]]]]}},{"type":"Feature","properties":{"id":"PAK"},"geometry":{"type":"Polygon","coordinates":[[[76.777,35.646],[76.555,35.898],[76.166,35.806],[75.922,36.032],[75.987,36.421],[75.791,36.688],[75.432,36.723],[75.119,36.991],[74.872,36.907],[74.542,37.022],[74.035,36.816],[72.565,36.821],[71.783,36.397],[71.61,36.458],[71.166,36.046],[71.464,35.795],[71.638,35.19],[70.957,34.532],[71.122,34.357],[71.063,34.054],[70.522,33.939],[69.873,34.017],[70.294,33.319],[69.488,33.028],[69.233,32.463],[69.299,31.938],[68.804,31.603],[68.676,31.775],[68.139,31.825],[67.569,31.53],[67.765,31.334],[66.697,31.196],[66.366,30.923],[66.219,30.058],[66.341,29.957],[66.196,29.835],[65.036,29.54],[64.478,29.57],[64.086,29.387],[63.569,29.497],[62.478,29.408],[60.844,29.858],[61.893,28.543],[62.762,28.246],[62.742,27.267],[63.177,27.258],[63.32,27.117],[63.141,26.625],[62.419,26.562],[62.265,26.361],[61.833,26.225],[61.588,25.202],[61.783,25.188],[61.755,25.013],[62.145,25.218],[62.381,25.088],[62.477,25.259],[63.501,25.194],[63.573,25.365],[64.06,25.345],[63.977,25.413],[64.127,25.454],[64.094,25.336],[64.655,25.166],[64.744,25.324],[66.498,25.399],[66.336,25.553],[66.094,25.475],[66.376,25.626],[66.737,25.181],[66.654,24.839],[67.256,24.748],[67.152,24.616],[67.362,24.344],[67.341,24.086],[67.533,24.07],[67.479,23.892],[67.65,23.933],[67.716,23.792],[67.855,23.912],[68.014,23.769],[68.014,23.939],[68.149,23.695],[68.183,23.842],[68.724,23.965],[68.747,24.331],[69.972,24.165],[70.416,24.402],[70.755,24.231],[71.083,24.412],[70.654,25.674],[70.265,25.697],[70.115,25.882],[70.158,26.53],[69.504,26.735],[69.534,27.126],[70.342,28.011],[70.535,28.016],[70.832,27.701],[71.861,27.95],[72.355,28.767],[72.93,29.048],[73.37,29.927],[73.944,30.188],[73.852,30.373],[74.659,31.084],[74.506,31.175],[74.55,31.827],[75.359,32.262],[75.024,32.466],[74.689,32.471],[74.685,32.831],[74.346,32.767],[74.311,32.994],[74.002,33.178],[74.158,33.494],[73.966,33.735],[74.272,33.962],[73.916,34.028],[73.991,34.219],[73.78,34.396],[73.919,34.643],[74.286,34.769],[75.656,34.497],[76.64,34.741],[77.049,35.11],[76.777,35.646]]]}},{"type":"Feature","properties":{"id":"PAN"},"geometry":{"type":"MultiPolygon","coordinates":[[[[-82.574,9.576],[-82.632,9.485],[-82.847,9.601],[-82.942,9.456],[-82.939,9.06],[-82.719,8.922],[-82.923,8.756],[-82.848,8.465],[-83.052,8.328],[-82.898,8.035],[-82.809,8.296],[-82.184,8.343],[-82.157,8.158],[-81.746,8.192],[-81.424,7.671],[-81.218,7.609],[-81.218,7.898],[-81.054,7.911],[-80.873,7.213],[-80.437,7.246],[-79.994,7.523],[-80.456,8.036],[-80.47,8.221],[-79.774,8.58],[-79.752,8.816],[-79.566,8.96],[-79.116,8.994],[-78.977,9.145],[-79.087,8.994],[-78.614,8.775],[-78.416,8.356],[-78.408,8.548],[-78.367,8.425],[-78.223,8.542],[-78.241,8.384],[-78.157,8.466],[-78.094,8.411],[-78.134,8.562],[-78.023,8.29],[-77.737,8.13],[-78.003,8.237],[-78.132,8.405],[-78.306,8.254],[-78.252,8.117],[-78.436,8.058],[-77.896,7.235],[-77.764,7.706],[-77.58,7.528],[-77.163,7.939],[-77.489,8.474],[-77.374,8.665],[-78.037,9.236],[-79.058,9.458],[-78.971,9.573],[-79.63,9.608],[-79.793,9.349],[-81.304,8.782],[-81.539,8.813],[-81.883,9.18],[-81.776,8.94],[-82.243,9.004],[-82.171,9.2],[-82.351,9.207],[-82.343,9.433],[-82.574,9.576]]],[[[-81.149,7.561],[-81.252,7.49],[-81.033,7.575],[-81.149,7.561]]],[[[-81.664,7.397],[-81.76,7.644],[-81.875,7.49],[-81.588,7.335],[-81.664,7.397]]]]}},{"type":"Feature","properties":{"id":"PCN"},"geometry":{"type":"Polygon","coordinates":[[[-128.33,-24.324],[-128.342,-24.372],[-128.3,-24.414],[-128.33,-24.324]]]}},{"type":"Feature","properties":{"id":"PER"},"geometry":{"type":"Polygon","coordinates":[[[-69.51,-17.507],[-69.623,-17.186],[-68.833,-16.329],[-69.185,-16.195],[-69.43,-15.626],[-69.148,-15.233],[-69.384,-14.982],[-69.371,-14.802],[-68.864,-14.191],[-69.102,-13.667],[-68.971,-13.501],[-68.981,-12.868],[-68.684,-12.502],[-69.578,-10.952],[-70.641,-11.011],[-70.525,-9.431],[-71.3,-9.993],[-72.196,-10.006],[-72.313,-9.533],[-73.215,-9.409],[-72.976,-8.985],[-73.541,-8.359],[-73.785,-7.94],[-73.712,-7.788],[-74.018,-7.544],[-73.983,-7.356],[-73.713,-7.305],[-73.759,-6.887],[-73.148,-6.476],[-73.235,-6.078],[-72.977,-5.652],[-72.918,-5.132],[-71.907,-4.518],[-70.969,-4.385],[-70.785,-4.156],[-70.331,-4.143],[-70.206,-4.343],[-69.965,-4.236],[-70.311,-3.829],[-70.734,-3.782],[-70.095,-2.633],[-70.648,-2.451],[-70.905,-2.211],[-71.421,-2.376],[-71.746,-2.132],[-72.176,-2.41],[-72.935,-2.425],[-73.198,-2.214],[-73.193,-1.789],[-73.531,-1.674],[-73.637,-1.255],[-74.267,-0.972],[-74.418,-0.543],[-74.825,-0.17],[-75.283,-0.107],[-75.643,-0.129],[-75.261,-0.543],[-75.228,-0.963],[-75.413,-0.924],[-75.573,-1.537],[-76.625,-2.538],[-77.868,-2.99],[-78.164,-3.477],[-78.351,-3.39],[-78.673,-4.551],[-79.064,-5.011],[-79.303,-4.961],[-79.658,-4.439],[-79.833,-4.479],[-80.14,-4.283],[-80.484,-4.434],[-80.345,-4.198],[-80.47,-4.213],[-80.492,-4.015],[-80.165,-3.89],[-80.341,-3.393],[-81.289,-4.298],[-81.338,-4.678],[-81.063,-5.022],[-81.198,-5.208],[-80.856,-5.65],[-80.94,-5.851],[-81.15,-5.883],[-81.131,-6.035],[-80.005,-6.741],[-79.466,-7.716],[-78.986,-8.217],[-78.182,-10.111],[-77.671,-10.928],[-77.647,-11.292],[-77.211,-11.646],[-77.175,-12.072],[-76.791,-12.381],[-76.221,-13.358],[-76.254,-13.851],[-76.394,-13.882],[-76.271,-14.201],[-75.161,-15.393],[-73.701,-16.245],[-72.385,-16.746],[-71.498,-17.297],[-71.384,-17.698],[-70.395,-18.338],[-69.97,-18.251],[-69.783,-17.982],[-69.85,-17.692],[-69.51,-17.507]]]}},{"type":"Feature","properties":{"id":"PGA"},"geometry":{"type":"Polygon","coordinates":[[[115.831,10.735],[115.815,10.734],[115.815,10.723],[115.831,10.735]]]}},{"type":"Feature","properties":{"id":"PHL"},"geometry":{"type":"MultiPolygon","coordinates":[[[[122.972,7.384],[122.828,7.431],[122.801,7.321],[122.972,7.384]]],[[[125.99,9.686],[125.935,9.76],[125.947,9.566],[125.99,9.686]]],[[[126.569,7.301],[126.583,7.719],[126.383,7.886],[126.405,8.493],[126.111,8.607],[126.345,8.853],[126.179,9.093],[126.22,9.306],[126.058,9.246],[125.973,9.48],[125.459,9.823],[125.517,9.016],[125.209,9.086],[125.106,8.83],[124.809,9.009],[124.753,8.5],[124.636,8.432],[124.406,8.608],[124.232,8.213],[123.676,7.963],[123.883,8.165],[123.845,8.452],[123.397,8.723],[123.318,8.534],[123.042,8.49],[122.945,8.162],[122.252,7.98],[121.899,7.057],[122.154,6.928],[122.619,7.774],[122.815,7.743],[122.822,7.459],[123.007,7.472],[123.118,7.741],[123.141,7.513],[123.431,7.369],[123.445,7.801],[123.704,7.809],[124.247,7.404],[123.965,6.832],[124.202,6.222],[124.964,5.859],[125.251,6.093],[125.181,5.798],[125.371,5.573],[125.699,6.04],[125.59,6.499],[125.378,6.674],[125.668,7.257],[125.853,7.336],[126.2,6.283],[126.172,6.904],[126.34,6.787],[126.31,6.949],[126.466,7.003],[126.569,7.301]]],[[[124.6,11.563],[124.349,11.68],[124.473,11.474],[124.6,11.563]]],[[[124.815,11.632],[124.733,11.722],[124.832,11.536],[124.815,11.632]]],[[[122.297,18.404],[122.153,18.519],[121.987,18.29],[121.65,18.314],[121.107,18.643],[120.561,18.487],[120.334,17.556],[120.444,17.389],[120.276,16.612],[120.367,16.066],[120.119,16.056],[119.892,16.387],[119.756,16.203],[120.08,14.804],[120.292,14.826],[120.467,14.421],[120.598,14.506],[120.586,14.903],[120.937,14.667],[120.97,14.502],[120.573,14.175],[120.663,13.775],[120.705,13.927],[120.877,13.912],[120.887,13.694],[121.004,13.781],[121.039,13.633],[121.279,13.595],[121.725,13.969],[122.369,13.55],[122.588,13.174],[122.673,13.379],[122.413,13.948],[122.537,13.961],[123.169,13.449],[123.31,13.012],[123.725,12.845],[124.025,12.955],[123.794,12.831],[124.055,12.537],[124.185,13.057],[123.746,13.064],[123.856,13.229],[123.527,13.606],[123.938,13.784],[123.712,13.934],[123.417,13.906],[123.332,14.1],[123.218,13.993],[123.335,13.982],[123.302,13.789],[123.108,13.722],[123.042,14.098],[122.68,14.351],[122.416,14.325],[122.3,14.092],[122.264,14.247],[122.163,14.168],[122.314,14.016],[122.232,13.906],[121.936,13.995],[121.732,14.188],[121.608,14.63],[121.725,14.731],[121.391,15.266],[121.629,15.661],[121.567,15.916],[122.135,16.261],[121.998,16.031],[122.204,16.237],[122.529,17.091],[122.157,17.619],[122.297,18.404]]],[[[120.252,5.267],[120.188,5.345],[119.819,5.06],[120.121,5.218],[120.217,5.115],[120.252,5.267]]],[[[122.297,6.633],[122.067,6.741],[121.807,6.619],[121.962,6.405],[122.297,6.633]]],[[[117.085,8.058],[116.962,8.062],[117.01,7.8],[117.085,8.058]]],[[[124.784,9.2],[124.636,9.182],[124.77,9.077],[124.784,9.2]]],[[[123.698,9.165],[123.642,9.294],[123.471,9.185],[123.698,9.165]]],[[[126.166,9.829],[126.071,10.059],[125.966,9.85],[126.166,9.829]]],[[[124.565,9.871],[124.578,10.034],[124.223,10.152],[123.801,9.758],[123.938,9.617],[124.294,9.607],[124.596,9.737],[124.565,9.871]]],[[[125.72,9.912],[125.638,10.46],[125.495,10.109],[125.72,9.912]]],[[[119.95,10.604],[119.838,10.638],[119.789,10.457],[119.95,10.604]]],[[[123.574,10.831],[123.26,10.995],[122.994,10.907],[122.815,10.515],[122.873,10.1],[122.395,9.843],[122.552,9.491],[122.845,9.347],[123.033,9.035],[123.318,9.257],[123.136,9.553],[123.157,9.868],[123.574,10.831]]],[[[124.047,10.834],[124.046,11.277],[123.387,9.974],[123.328,9.408],[123.653,10.064],[124.015,10.372],[124.047,10.834]]],[[[119.672,10.553],[119.505,10.885],[119.502,11.423],[119.32,11.001],[119.468,10.733],[119.222,10.942],[119.345,10.724],[119.278,10.508],[119.002,10.398],[118.134,9.343],[117.656,9.058],[117.191,8.338],[118.365,9.193],[118.756,9.668],[118.774,9.934],[119.196,10.056],[119.672,10.553]]],[[[119.867,11.516],[119.716,11.46],[119.833,11.378],[119.867,11.516]]],[[[125.274,10.323],[125.014,10.755],[124.976,11.392],[124.63,11.304],[124.301,11.543],[124.396,10.934],[124.514,10.874],[124.622,11.002],[124.779,10.821],[124.78,10.152],[125.032,10.02],[124.991,10.381],[125.151,10.185],[125.274,10.323]]],[[[123.17,11.481],[123.164,11.598],[122.901,11.438],[122.83,11.605],[122.622,11.509],[121.897,11.894],[121.854,11.769],[122.107,11.658],[121.95,10.433],[122.745,10.796],[122.789,10.976],[123.131,11.183],[123.17,11.481]]],[[[120.025,11.893],[119.854,11.954],[119.967,11.664],[120.025,11.893]]],[[[120.347,12.029],[120.23,12.219],[120.196,12.112],[119.885,12.323],[120.001,12.011],[120.347,12.029]]],[[[122.688,12.403],[122.423,12.463],[122.612,12.277],[122.688,12.403]]],[[[125.713,11.149],[125.555,11.212],[125.638,11.368],[125.466,11.612],[125.538,12.184],[125.315,12.296],[125.272,12.499],[124.283,12.571],[124.493,12.098],[125.044,11.758],[124.828,11.509],[125.007,11.426],[125.001,11.29],[125.247,11.092],[125.652,11.149],[125.761,11.023],[125.713,11.149]]],[[[124.055,11.8],[123.89,12.208],[123.235,12.593],[123.295,12.217],[123.16,11.918],[123.485,12.218],[124.055,11.8]]],[[[122.115,12.666],[121.924,12.339],[122.012,12.105],[122.115,12.666]]],[[[123.28,12.865],[122.945,13.111],[123.376,12.694],[123.28,12.865]]],[[[121.526,12.704],[121.553,13.111],[121.197,13.441],[120.322,13.488],[120.665,13.156],[121.114,12.251],[121.396,12.29],[121.526,12.704]]],[[[122.102,13.417],[121.859,13.566],[121.814,13.352],[122.009,13.205],[122.102,13.417]]],[[[124.418,13.873],[124.137,14.078],[124.047,13.606],[124.335,13.558],[124.418,13.873]]],[[[122.105,14.103],[121.927,14.221],[122.177,14.007],[122.105,14.103]]],[[[122.005,15.011],[121.826,15.012],[121.94,14.64],[122.005,15.011]]],[[[121.382,6.006],[121.042,6.097],[120.872,5.961],[121.292,5.859],[121.382,6.006]]]]}},{"type":"Feature","properties":{"id":"PLW"},"geometry":{"type":"Polygon","coordinates":[[[134.648,7.719],[134.488,7.47],[134.528,7.358],[134.648,7.719]]]}},{"type":"Feature","properties":{"id":"PNG"},"geometry":{"type":"MultiPolygon","coordinates":[[[[140.974,-2.601],[140.977,-6.335],[140.849,-6.703],[140.977,-6.897],[140.977,-9.106],[141.153,-9.232],[142.211,-9.159],[142.653,-9.33],[143.373,-9],[143.395,-8.769],[143.102,-8.467],[142.728,-8.317],[142.452,-8.373],[142.354,-8.189],[142.146,-8.217],[142.36,-8.167],[142.494,-8.333],[143.612,-8.239],[143.364,-7.896],[143.767,-8.04],[143.957,-7.972],[143.646,-7.438],[144.215,-7.796],[144.311,-7.61],[144.508,-7.798],[144.407,-7.514],[144.514,-7.672],[144.522,-7.496],[144.604,-7.657],[144.654,-7.561],[144.825,-7.683],[144.852,-7.569],[144.88,-7.782],[145.791,-7.912],[146.1,-8.083],[146.606,-8.802],[146.602,-9.006],[146.975,-9.033],[146.895,-9.268],[147.31,-9.539],[147.717,-10.098],[148.155,-10.071],[148.402,-10.2],[148.689,-10.105],[148.748,-10.235],[149.748,-10.338],[150.082,-10.461],[149.855,-10.55],[150.211,-10.701],[150.693,-10.557],[150.362,-10.4],[150.4,-10.3],[150.615,-10.345],[150.874,-10.225],[150.627,-10.278],[149.855,-10.015],[149.721,-9.831],[150.012,-9.642],[149.227,-9.487],[149.309,-9.017],[148.586,-9.064],[148.445,-8.675],[148.23,-8.555],[148.146,-8.046],[147.727,-7.932],[147.188,-7.463],[146.963,-6.747],[147.854,-6.691],[147.827,-6.335],[147.511,-6],[145.76,-5.477],[145.801,-4.842],[145.346,-4.39],[145.078,-4.357],[144.558,-3.979],[144.513,-3.818],[144.021,-3.803],[143.523,-3.436],[142.063,-3.06],[140.974,-2.601]]],[[[153.762,-11.586],[153.206,-11.317],[153.288,-11.523],[153.762,-11.586]]],[[[151.177,-9.955],[151.09,-10.028],[150.764,-9.703],[150.958,-10.105],[151.232,-10.2],[151.301,-9.968],[151.177,-9.955]]],[[[150.801,-9.652],[150.931,-9.652],[150.798,-9.426],[150.432,-9.365],[150.434,-9.631],[150.801,-9.652]]],[[[150.369,-9.372],[150.215,-9.206],[150.113,-9.299],[150.312,-9.519],[150.369,-9.372]]],[[[152.995,-9.141],[152.389,-8.991],[152.736,-9.26],[152.967,-9.257],[152.995,-9.141]]],[[[151.113,-8.769],[151.129,-8.419],[150.999,-8.518],[151.113,-8.769]]],[[[143.608,-8.638],[143.179,-8.419],[143.629,-8.73],[143.608,-8.638]]],[[[143.379,-8.426],[143.611,-8.475],[143.574,-8.374],[143.379,-8.426]]],[[[148.049,-5.606],[147.771,-5.507],[147.991,-5.856],[148.049,-5.606]]],[[[155.933,-6.641],[155.065,-5.548],[154.7,-5.431],[154.756,-5.948],[155.215,-6.317],[155.173,-6.528],[155.33,-6.72],[155.697,-6.877],[155.93,-6.794],[155.933,-6.641]]],[[[147.21,-5.27],[147.113,-5.192],[147.005,-5.319],[147.162,-5.445],[147.21,-5.27]]],[[[154.727,-5.211],[154.624,-5.013],[154.536,-5.137],[154.632,-5.459],[154.727,-5.211]]],[[[152.418,-4.345],[152.186,-4.309],[152.185,-4.143],[151.965,-4.331],[151.54,-4.177],[151.679,-4.9],[151.253,-4.993],[150.917,-5.486],[150.161,-5.547],[150.032,-5.295],[150.202,-5.062],[150.113,-5.008],[149.911,-5.515],[149.224,-5.599],[148.43,-5.445],[148.329,-5.684],[149.053,-6.007],[149.053,-6.162],[149.321,-6.055],[149.635,-6.308],[150.465,-6.274],[150.821,-6.014],[151.183,-5.964],[151.533,-5.665],[151.464,-5.534],[151.834,-5.593],[152.099,-5.456],[151.974,-4.984],[152.292,-4.935],[152.418,-4.345]]],[[[154.642,-3.262],[154.553,-3.206],[154.732,-3.461],[154.642,-3.262]]],[[[152.651,-3.115],[152.532,-3.075],[152.644,-3.225],[152.651,-3.115]]],[[[152.072,-2.917],[151.972,-2.848],[152.025,-2.996],[152.072,-2.917]]],[[[152.013,-2.807],[151.913,-2.705],[151.916,-2.844],[152.013,-2.807]]],[[[153.137,-4.269],[152.053,-3.247],[150.813,-2.556],[150.892,-2.698],[150.76,-2.769],[151.091,-2.833],[152.289,-3.57],[152.688,-4.164],[152.69,-4.548],[152.898,-4.848],[153.137,-4.269]]],[[[150.465,-2.532],[150.208,-2.375],[149.959,-2.463],[150.187,-2.679],[150.451,-2.658],[150.465,-2.532]]],[[[147.433,-1.984],[146.658,-1.963],[146.52,-2.15],[147.206,-2.186],[147.433,-1.984]]],[[[149.735,-1.474],[149.54,-1.425],[149.793,-1.58],[149.735,-1.474]]]]}},{"type":"Feature","properties":{"id":"POL"},"geometry":{"type":"Polygon","coordinates":[[[18.833,49.51],[19.142,49.394],[19.457,49.598],[19.769,49.393],[19.761,49.194],[20.05,49.173],[20.318,49.392],[20.919,49.29],[21.069,49.419],[21.601,49.426],[22.54,49.072],[22.855,48.994],[22.666,49.567],[24.108,50.541],[23.958,50.808],[24.143,50.856],[23.606,51.517],[23.637,52.084],[23.166,52.289],[23.922,52.743],[23.486,53.939],[23.354,54.217],[22.767,54.356],[19.61,54.457],[18.717,54.382],[18.429,54.782],[18.818,54.598],[18.752,54.69],[18.317,54.838],[17.885,54.824],[16.57,54.557],[16.179,54.263],[14.21,53.938],[14.201,53.878],[14.631,53.852],[14.591,53.598],[14.264,53.7],[14.442,53.252],[14.124,52.851],[14.645,52.577],[14.761,52.077],[14.586,51.804],[15.019,51.272],[14.81,50.858],[15.144,51.012],[15.356,50.775],[16.332,50.644],[16.2,50.406],[16.661,50.093],[17.015,50.218],[16.893,50.433],[17.424,50.241],[17.708,50.311],[17.633,50.106],[18.559,49.907],[18.833,49.51]]]}},{"type":"Feature","properties":{"id":"PRI"},"geometry":{"type":"Polygon","coordinates":[[[-65.629,18.279],[-65.621,18.389],[-66.382,18.491],[-67.102,18.523],[-67.271,18.362],[-67.184,17.935],[-65.939,17.971],[-65.629,18.279]]]}},{"type":"Feature","properties":{"id":"PRK"},"geometry":{"type":"Polygon","coordinates":[[[128.365,38.624],[127.759,39.117],[127.393,39.202],[127.378,39.379],[127.562,39.316],[127.514,39.739],[128.007,40.045],[128.328,40.028],[129.233,40.706],[129.717,40.835],[129.691,41.65],[130.407,42.325],[130.7,42.295],[130.531,42.53],[130.239,42.902],[129.909,43.008],[129.703,42.442],[129.34,42.445],[128.94,42.035],[128.035,41.994],[128.303,41.583],[128.146,41.376],[127.135,41.522],[126.93,41.801],[126.679,41.736],[126.522,41.352],[126.008,40.899],[124.896,40.484],[124.37,40.098],[124.5,40.023],[124.322,39.913],[124.637,39.59],[124.746,39.783],[125.117,39.566],[125.445,39.584],[125.137,38.804],[125.658,38.631],[125.123,38.666],[124.88,38.345],[124.993,38.227],[124.677,38.115],[125.265,38.078],[124.98,37.925],[125.26,37.933],[125.308,37.809],[125.51,37.894],[125.347,37.676],[125.74,37.925],[125.597,38.032],[126.11,37.741],[126.379,37.89],[126.667,37.828],[127.09,38.286],[128.04,38.304],[128.365,38.624]]]}},{"type":"Feature","properties":{"id":"PRT"},"geometry":{"type":"MultiPolygon","coordinates":[[[[-7.414,37.193],[-7.514,37.601],[-6.947,38.197],[-7.104,38.174],[-7.359,38.446],[-6.973,39.014],[-7.557,39.68],[-7.021,39.694],[-6.88,40.009],[-7.043,40.181],[-6.794,40.356],[-6.942,41.016],[-6.206,41.57],[-6.542,41.659],[-6.609,41.962],[-8.18,41.811],[-8.222,42.154],[-8.751,41.969],[-8.88,41.737],[-8.696,41.722],[-8.831,41.672],[-8.648,41.153],[-8.751,40.653],[-8.655,40.845],[-8.573,40.756],[-8.753,40.641],[-8.908,40.201],[-8.785,40.119],[-9.09,39.579],[-9.409,39.375],[-9.492,38.708],[-9.113,38.714],[-9.1,38.83],[-8.936,39.041],[-8.765,39.098],[-9.012,38.913],[-8.943,38.776],[-9.108,38.659],[-9.253,38.665],[-9.231,38.419],[-8.773,38.565],[-8.607,38.419],[-8.943,38.481],[-8.752,37.731],[-8.998,37.021],[-8.58,37.124],[-7.82,36.999],[-7.414,37.193]]],[[[-16.789,32.687],[-16.673,32.759],[-17.246,32.829],[-16.977,32.647],[-16.789,32.687]]],[[[-25.067,37.021],[-25.202,36.99],[-25.027,36.934],[-25.067,37.021]]],[[[-25.198,37.864],[-25.859,37.854],[-25.506,37.707],[-25.157,37.755],[-25.198,37.864]]],[[[-28.109,38.447],[-28.549,38.529],[-28.46,38.406],[-28.109,38.447]]],[[[-27.891,38.604],[-28.316,38.755],[-27.761,38.549],[-27.891,38.604]]]]}},{"type":"Feature","properties":{"id":"PRY"},"geometry":{"type":"Polygon","coordinates":[[[-62.65,-22.234],[-62.287,-22.484],[-61.956,-23.034],[-61.006,-23.805],[-60.034,-24.007],[-58.809,-24.777],[-57.754,-25.181],[-57.575,-25.564],[-58.151,-26.181],[-58.179,-26.651],[-58.653,-27.156],[-58.604,-27.316],[-58.022,-27.26],[-57.18,-27.487],[-56.546,-27.455],[-56.4,-27.587],[-56.125,-27.299],[-55.755,-27.444],[-55.414,-26.98],[-55.138,-26.954],[-54.793,-26.645],[-54.6,-25.575],[-54.245,-24.051],[-54.639,-23.804],[-55.165,-24.017],[-55.421,-23.955],[-55.624,-22.639],[-55.861,-22.29],[-56.214,-22.275],[-56.408,-22.076],[-56.856,-22.293],[-57.986,-22.074],[-57.818,-20.954],[-58.159,-20.165],[-58.175,-19.821],[-59.09,-19.287],[-60.006,-19.298],[-61.753,-19.646],[-62.269,-20.553],[-62.276,-21.067],[-62.65,-22.234]]]}},{"type":"Feature","properties":{"id":"PSX"},"geometry":{"type":"Polygon","coordinates":[[[35.105,33.089],[34.712,31.952],[34.2,31.314],[34.887,29.49],[34.956,29.559],[35.438,31.104],[35.612,32.682],[35.604,33.24],[35.48,33.087],[35.105,33.089]]]}},{"type":"Feature","properties":{"id":"PYF"},"geometry":{"type":"MultiPolygon","coordinates":[[[[-140.679,-17.78],[-140.625,-17.687],[-140.837,-17.855],[-140.679,-17.78]]],[[[-149.183,-17.731],[-149.388,-17.518],[-149.633,-17.553],[-149.576,-17.738],[-149.348,-17.718],[-149.19,-17.869],[-149.183,-17.731]]],[[[-149.797,-17.464],[-149.944,-17.492],[-149.843,-17.568],[-149.797,-17.464]]],[[[-151.479,-16.738],[-151.478,-16.89],[-151.352,-16.859],[-151.479,-16.738]]],[[[-138.837,-9.741],[-139.173,-9.774],[-139.062,-9.854],[-138.837,-9.741]]],[[[-140.049,-8.823],[-140.261,-8.823],[-140.183,-8.954],[-140.049,-8.823]]]]}},{"type":"Feature","properties":{"id":"QAT"},"geometry":{"type":"Polygon","coordinates":[[[50.808,24.747],[50.979,24.568],[51.215,24.626],[51.444,24.68],[51.617,25.137],[51.472,25.521],[51.577,25.881],[51.251,26.16],[50.984,25.981],[50.899,25.532],[50.785,25.605],[50.808,24.747]]]}},{"type":"Feature","properties":{"id":"ROU"},"geometry":{"type":"Polygon","coordinates":[[[22.878,47.947],[22.008,47.517],[21.144,46.284],[20.243,46.108],[20.786,45.753],[20.767,45.479],[21.493,45.145],[21.396,44.79],[21.994,44.659],[22.127,44.503],[22.426,44.734],[22.7,44.631],[22.477,44.477],[22.692,44.228],[23.031,44.093],[22.889,43.84],[25.403,43.65],[26.151,44.012],[27.027,44.177],[28.578,43.741],[28.635,44.316],[28.925,44.621],[28.758,44.465],[28.758,44.627],[28.988,44.675],[28.784,44.649],[28.869,44.943],[29.111,44.97],[29.001,44.689],[29.562,44.82],[29.659,45.216],[29.431,45.43],[28.71,45.227],[28.2,45.462],[28.062,45.594],[28.247,46.621],[28.083,46.972],[26.998,48.167],[26.618,48.259],[26.303,48.212],[26.173,47.993],[25.262,47.899],[24.897,47.71],[24.542,47.944],[23.461,47.971],[23.139,48.098],[22.878,47.947]]]}},{"type":"Feature","properties":{"id":"RUS"},"geometry":{"type":"MultiPolygon","coordinates":[[[[87.816,49.166],[88.144,49.271],[88.2,49.454],[88.871,49.436],[88.868,49.538],[88.975,49.456],[89.216,49.634],[89.372,49.582],[89.702,49.72],[89.668,49.927],[91.416,50.461],[91.75,50.684],[92.159,50.689],[92.361,50.868],[92.65,50.674],[92.962,50.778],[93.105,50.599],[94.259,50.558],[94.603,50.02],[95.501,49.887],[96.056,49.999],[97.343,49.734],[98.048,50.023],[98.262,50.284],[98.293,50.519],[97.806,51.001],[98.04,51.457],[98.683,51.819],[98.886,52.129],[99.918,51.749],[102.075,51.375],[102.303,50.564],[103.277,50.198],[104.122,50.148],[105.329,50.476],[106.657,50.327],[107.192,50.006],[107.947,49.933],[107.927,49.67],[108.538,49.327],[110.731,49.138],[111.338,49.365],[112.777,49.501],[114.286,50.277],[114.754,50.236],[115.388,49.891],[116.218,50.014],[116.684,49.823],[117.837,49.509],[118.644,49.955],[119.209,50.015],[119.364,50.319],[119.138,50.393],[120.1,51.66],[120.779,52.118],[120.724,52.542],[120.079,52.59],[120.033,52.761],[120.874,53.28],[123.614,53.563],[124.87,53.108],[125.074,53.212],[125.621,53.062],[125.646,52.885],[126.088,52.775],[125.991,52.586],[126.556,52.131],[126.439,51.998],[126.909,51.391],[126.809,51.289],[126.972,51.324],[127.331,50.328],[127.591,50.209],[127.539,49.79],[127.855,49.585],[128.672,49.611],[129.115,49.349],[129.481,49.421],[130.202,48.883],[130.674,48.871],[130.53,48.616],[130.759,48.486],[130.675,48.064],[130.966,47.704],[132.525,47.708],[132.675,47.951],[133.092,48.107],[133.524,48.095],[134.386,48.381],[134.719,48.263],[134.559,48.01],[134.773,47.711],[134.184,47.328],[133.902,46.259],[133.477,45.628],[133.18,45.494],[133.115,45.123],[132.921,45.028],[131.853,45.338],[131.434,44.961],[130.933,44.842],[131.264,44.054],[131.281,43.38],[131.103,42.91],[130.407,42.735],[130.531,42.53],[130.7,42.295],[130.873,42.528],[130.657,42.664],[131.12,42.667],[131.22,42.555],[131.816,43.337],[132.052,43.315],[131.93,43.07],[132.346,43.298],[132.312,42.845],[132.763,42.908],[132.816,42.756],[132.99,42.827],[133.158,42.688],[133.927,42.883],[135.14,43.508],[135.838,44.363],[137.671,45.795],[139.262,47.788],[140.177,48.462],[140.398,48.993],[140.219,49.014],[140.561,49.575],[140.415,49.875],[140.691,50.08],[140.442,50.53],[140.686,51.313],[141.556,52.162],[141.128,52.423],[141.261,52.852],[140.707,53.111],[141.189,52.987],[141.407,53.304],[140.581,53.639],[139.768,54.304],[139.302,54.191],[138.644,54.297],[138.772,54.016],[138.439,53.514],[138.216,53.492],[138.579,53.999],[138.15,53.673],[137.335,53.529],[137.218,53.601],[137.863,53.968],[137.308,54.118],[137.484,54.085],[137.736,54.321],[137.061,54.146],[137.291,54.036],[137.186,53.851],[136.764,53.775],[136.823,54.648],[135.75,54.571],[135.244,54.701],[135.22,54.894],[138.223,56.424],[138.13,56.586],[138.623,56.959],[140.496,57.845],[140.904,58.383],[141.584,58.618],[142.262,59.125],[143.165,59.381],[145.957,59.417],[145.825,59.241],[146.05,59.139],[146.323,59.18],[146.504,59.463],[147.546,59.238],[148.219,59.409],[148.935,59.233],[148.743,59.472],[149.212,59.469],[149.041,59.643],[149.375,59.772],[150.774,59.562],[150.504,59.489],[150.78,59.432],[151.396,59.604],[151.734,59.307],[152.322,59.207],[151.102,59.114],[151.354,58.833],[152.02,58.875],[152.363,59.06],[152.9,58.904],[153.369,59.241],[153.769,59.247],[154.049,59.053],[154.438,59.216],[155.194,59.176],[154.963,59.496],[154.138,59.457],[154.22,59.664],[154.368,59.575],[154.221,59.87],[154.473,59.879],[154.408,60.063],[154.488,59.946],[154.952,60.367],[155.914,60.704],[155.943,60.923],[156.655,61.197],[156.67,61.516],[157.028,61.651],[159.118,61.917],[159.566,61.817],[159.577,61.653],[160.346,61.945],[160.285,61.554],[159.776,61.242],[160,61.106],[159.798,60.931],[160.444,61.036],[160.186,60.578],[160.431,60.749],[160.792,60.718],[162.417,61.676],[162.775,61.594],[162.839,61.708],[163.017,61.517],[163.327,61.658],[162.977,61.8],[163.399,62.576],[164.447,62.689],[165.651,62.459],[165.124,62.451],[165.297,62.323],[164.538,62.451],[164.127,62.262],[163.751,61.443],[164.029,61.347],[163.487,61.002],[163.728,60.868],[161.939,60.417],[161.897,60.203],[160.497,59.552],[159.237,58.468],[158.247,58.052],[158.338,57.953],[157.64,58.025],[157.47,57.804],[156.801,57.773],[156.976,57.391],[155.947,56.622],[155.61,54.895],[156.111,52.935],[156.447,52.511],[156.282,52.529],[156.67,50.864],[158.287,51.968],[158.647,52.899],[158.438,53.025],[158.709,52.892],[159.825,53.283],[160.059,53.097],[159.791,53.516],[159.949,53.475],[159.818,53.66],[160.053,54.176],[160.741,54.535],[161.724,54.509],[162.109,54.743],[161.764,55.555],[162.057,56.069],[162.593,56.268],[162.414,56.384],[163.02,56.538],[162.557,56.228],[163.051,56.005],[163.366,56.181],[163.239,56.733],[162.784,56.763],[162.8,57.346],[163.33,57.709],[162.69,57.97],[162.355,57.689],[162.456,57.784],[162.082,57.882],[161.993,58.087],[162.405,58.654],[163.069,58.968],[162.883,59.133],[163.262,59.081],[163.18,59.558],[163.794,59.991],[163.629,60.047],[164.205,59.998],[164.19,59.854],[164.489,60.111],[164.839,59.787],[165.212,59.991],[164.999,60.135],[166.373,60.499],[166.245,59.831],[167.025,60.428],[169.214,60.629],[170.265,59.92],[170.662,60.332],[170.516,60.451],[171.179,60.559],[171.958,60.953],[172.047,60.861],[172.009,61.101],[172.476,61.056],[172.338,61.211],[172.895,61.278],[172.716,61.431],[173.128,61.397],[173.545,61.749],[173.805,61.65],[174.073,61.842],[174.69,61.861],[174.6,61.985],[174.765,61.917],[175.258,62.169],[175.306,62.075],[176.662,62.535],[177.239,62.57],[176.928,62.673],[176.992,62.869],[177.189,62.71],[177.458,62.815],[177.307,62.582],[179.074,62.287],[179.567,62.629],[179.386,63.161],[178.809,63.35],[179.006,63.321],[178.777,63.595],[178.699,63.386],[178.711,63.57],[178.269,63.565],[178.759,63.623],[178.643,64.001],[178.383,63.973],[178.589,64.035],[178.2,64.44],[178.184,64.206],[177.454,64.421],[177.492,64.768],[176.114,64.542],[176.424,64.71],[176.082,64.919],[175.712,64.775],[174.442,64.692],[175.715,64.794],[176.046,64.963],[176.436,64.811],[177.204,64.795],[176.959,65.047],[176.306,65.055],[176.937,65.083],[177.602,64.726],[178.75,64.692],[178.562,64.592],[180,65.066],[180,65.069],[180,65.568],[180,66.066],[180,66.565],[180,67.064],[180,67.562],[180,68.061],[180,68.56],[180,68.981],[179.306,69.258],[176.735,69.675],[176.128,69.894],[175.782,69.885],[175.997,69.769],[175.716,69.881],[173.279,69.942],[173.198,69.783],[172.725,69.981],[170.482,70.142],[170.592,69.765],[170.161,69.613],[170.606,69.59],[171.159,69.044],[170.728,68.822],[170.449,68.863],[170.625,68.749],[169.625,68.777],[169.371,69.077],[168.288,69.243],[167.802,69.775],[166.894,69.496],[164.834,69.567],[164.027,69.774],[162.327,69.702],[161.436,69.38],[161.574,68.921],[161.134,68.561],[160.821,68.527],[161.107,68.605],[161.415,68.982],[160.963,69.106],[160.926,69.642],[159.769,69.762],[159.689,70.134],[160.094,70.31],[159.238,70.829],[157.989,71.048],[155.936,71.099],[152.541,70.791],[151.681,70.976],[152.137,71.017],[151.591,71.31],[151.033,71.394],[150.595,71.278],[150.657,71.39],[150.047,71.21],[150.635,71.515],[149.868,71.462],[149.953,71.67],[148.827,71.675],[149.369,71.904],[149.67,71.771],[150.056,71.867],[149.611,72.148],[147.196,72.33],[146.157,71.821],[144.893,71.675],[144.971,71.98],[145.806,71.929],[145.613,72.244],[145.88,72.219],[145.968,72.07],[146.347,72.128],[145.972,71.856],[146.929,72.313],[145.069,72.264],[144.478,72.17],[144.105,72.278],[144.521,72.225],[144.943,72.438],[146.854,72.354],[140.726,72.899],[141.111,72.587],[139.542,72.498],[139.089,72.237],[139.35,72.134],[140.197,72.214],[139.336,71.95],[139.809,71.861],[140.033,71.472],[139.192,71.415],[138.756,71.643],[138.099,71.581],[137.829,71.387],[138.363,71.319],[137.739,71.229],[137.813,71.12],[136.775,71.523],[135.622,71.623],[134.81,71.482],[134.669,71.264],[134.609,71.403],[133.152,71.579],[132.715,71.811],[133.031,71.955],[133.341,71.886],[133.066,71.971],[132.718,71.946],[132.092,71.498],[132.188,71.216],[131.042,70.739],[130.769,70.978],[130.62,70.866],[129.626,71.086],[128.82,71.658],[129.544,71.723],[129.041,72.019],[128.927,71.739],[127.747,72.326],[127.791,72.438],[128.934,72.073],[129.489,72.128],[129.258,72.464],[128.611,72.483],[127.905,72.667],[129.198,72.655],[128.129,72.786],[128.291,72.909],[129.479,72.979],[128.777,73.071],[128.961,73.19],[128.235,73.265],[127.988,73.471],[126.858,73.533],[126.565,73.233],[126.288,73.557],[125.563,73.409],[125.137,73.704],[123.877,73.773],[123.974,73.627],[123.569,73.716],[123.246,73.546],[123.664,73.17],[123.191,72.922],[122.465,73.019],[122.953,72.892],[122.321,72.95],[122.623,72.828],[121.791,72.977],[119.783,73.018],[120.534,72.874],[119.722,72.959],[118.394,73.238],[118.467,73.478],[118.998,73.491],[118.45,73.589],[115.413,73.71],[114.109,73.6],[113.467,73.505],[114.036,73.347],[113.562,73.253],[113.542,72.977],[113.158,72.823],[113.391,72.681],[114.09,72.601],[113.497,72.645],[113.177,72.733],[113.118,72.861],[113.487,72.964],[113.498,73.336],[113.131,73.45],[113.428,73.634],[112.847,73.995],[112.945,73.79],[112.372,73.705],[111.295,73.869],[111.536,74.051],[110.959,73.909],[110.022,74.014],[109.674,73.678],[110.664,73.787],[110.899,73.686],[109.714,73.453],[109.194,73.552],[109.417,73.416],[108.317,73.222],[106.333,73.19],[106.224,72.977],[107.103,72.856],[106.036,72.953],[105.073,72.765],[107.147,73.618],[108.067,73.635],[109.797,74.162],[109.968,74.305],[109.561,74.314],[111.772,74.669],[113.72,75.41],[112.337,75.848],[113.617,75.656],[113.556,75.54],[113.89,75.854],[113.481,75.856],[113.259,76.266],[113.303,76.116],[112.602,76.041],[112.748,76.335],[112.257,76.454],[111.829,76.341],[112.199,76.472],[111.09,76.762],[107.946,76.737],[107.845,76.535],[106.417,76.509],[107.5,76.925],[106.83,77.055],[105.451,76.984],[105.928,77.144],[104.142,77.089],[106.292,77.37],[105.874,77.569],[104.061,77.736],[100.919,76.976],[100.878,76.555],[102.25,76.383],[100.851,76.54],[98.849,76.517],[99.878,76.096],[99.571,75.78],[99.755,76.049],[98.816,76.267],[97.626,76.082],[97.824,75.988],[97.185,75.931],[97.251,76.043],[96.461,75.872],[96.519,76.016],[95.575,75.889],[96.193,76.08],[95.873,76.138],[93.686,76.132],[93.999,76.054],[93.121,76.096],[92.827,75.965],[94.144,75.955],[93.801,75.884],[89.954,75.578],[89.704,75.444],[89.246,75.507],[87.953,75.1],[87.025,75.164],[87.79,75.026],[87.173,74.985],[86.958,74.609],[86.028,74.814],[85.74,74.636],[86.782,74.561],[87.262,74.355],[86.716,74.302],[86.954,74.389],[86.475,74.458],[85.974,74.276],[87.362,74.048],[86.94,74.033],[87.296,73.841],[87.664,73.891],[87.165,73.611],[85.882,73.496],[86.782,73.001],[85.787,73.481],[87.08,73.872],[86.016,73.867],[85.427,73.712],[80.513,73.567],[80.231,73.176],[80.814,72.974],[80.704,72.545],[82.198,72.282],[82.185,72.093],[83.619,71.631],[83.116,71.113],[83.775,70.477],[82.952,70.325],[83.177,70.083],[82.644,70.181],[83.137,70.764],[82.888,71.007],[82.157,70.572],[82.349,70.202],[82.082,70.565],[82.417,70.777],[82.273,71.279],[83.048,71.415],[83.296,71.703],[81.342,71.764],[80.835,72.083],[79.391,72.386],[78.125,72.385],[77.442,72.21],[77.465,72.068],[78.032,72.095],[78.11,71.88],[77.585,71.831],[76.878,72.05],[75.997,71.908],[76.272,71.573],[77.492,71.301],[77.988,71.375],[78.442,70.914],[79.04,70.937],[78.411,70.895],[77.783,71.142],[77.005,71.184],[76.914,71.072],[76.889,71.19],[75.263,71.366],[75.254,71.942],[75.755,72.306],[75.522,72.76],[75.037,72.882],[74.962,72.114],[73.526,71.822],[73.022,71.429],[74.321,70.659],[73.516,69.746],[73.835,69.117],[74.773,69.081],[76.042,69.239],[77.647,68.911],[78.173,68.274],[77.537,68.129],[77.494,67.751],[79.052,67.571],[77.693,67.545],[77.12,67.769],[77.326,68.523],[76.609,68.966],[76.16,68.982],[74.481,68.721],[74.73,67.686],[73.9,67.296],[73.797,66.964],[72.318,66.528],[72.306,66.289],[70.363,66.334],[69.132,66.605],[68.965,66.81],[69.898,66.872],[70.287,66.682],[70.741,66.758],[70.295,66.638],[70.689,66.515],[71.577,66.659],[71.302,66.954],[71.748,66.916],[72.581,67.62],[73.114,67.69],[73.091,68.214],[73.646,68.458],[72.571,68.951],[72.436,70.286],[72.837,70.86],[71.803,71.48],[72.874,72.281],[72.837,72.71],[71.563,72.916],[69.588,72.878],[69.465,72.975],[68.349,71.675],[66.912,71.295],[66.616,71.032],[66.871,71.091],[66.689,70.77],[67.334,70.758],[67.328,70.106],[66.885,70.013],[66.814,69.572],[67.017,69.703],[68.107,69.549],[68.458,68.985],[69.219,68.962],[68.288,68.188],[67.09,68.856],[65.068,69.268],[64.786,69.147],[65.004,69.304],[64.128,69.55],[60.927,69.868],[60.139,69.578],[60.969,68.907],[59.811,68.688],[59.675,68.336],[59.087,68.417],[59.423,68.757],[58.892,68.934],[59.203,69.004],[58.301,68.91],[58.396,68.735],[57.978,68.853],[57.33,68.565],[55.997,68.66],[55.393,68.564],[54.832,68.173],[54.504,68.312],[53.239,68.253],[53.932,68.391],[53.72,68.657],[54.026,68.845],[53.595,68.907],[54.561,69],[54.104,69.001],[53.437,68.918],[52.328,68.633],[52.634,68.659],[52.731,68.474],[52.402,68.338],[52.177,68.582],[50.779,68.379],[49.133,67.863],[48.586,67.934],[49.107,67.639],[47.846,67.601],[47.581,66.87],[46.407,66.746],[46.578,66.873],[46.025,66.833],[44.912,67.372],[45.35,67.73],[46.698,67.816],[46.535,68.133],[45.582,68.514],[43.317,68.667],[44.412,68.063],[43.761,67.221],[44.522,66.919],[44.18,65.864],[43.836,66.186],[43.411,66.098],[43.515,65.974],[43.353,66.041],[43.302,66.102],[43.693,66.237],[43.302,66.426],[42.549,66.385],[42.156,66.526],[41.644,66.173],[39.739,65.539],[40.517,64.541],[39.85,64.676],[39.567,64.545],[38.448,64.818],[38.048,64.646],[38.385,64.845],[36.82,65.147],[36.807,64.959],[36.44,64.917],[36.56,64.717],[37.121,64.395],[37.749,64.442],[38.026,64.295],[38.002,63.956],[37.438,63.792],[36.292,64.01],[35.811,64.342],[35.349,64.296],[34.743,64.556],[35.009,64.743],[34.297,65.385],[34.682,65.453],[34.852,65.9],[34.103,66.247],[33.311,66.317],[33.735,66.426],[32.941,66.528],[33.537,66.536],[32.901,66.575],[33.324,66.646],[31.851,67.153],[32.93,67.1],[33.101,66.858],[33.947,66.685],[34.141,66.774],[34.48,66.538],[34.804,66.614],[35.558,66.387],[38.554,66.055],[40.085,66.289],[41.145,66.789],[41.39,67.125],[41.04,67.678],[40.467,67.761],[39.793,68.165],[39.85,68.043],[38.389,68.343],[37.681,68.713],[35.33,69.276],[35.169,69.181],[33.62,69.328],[33.023,68.955],[33.524,69.428],[32.813,69.301],[33.085,69.476],[32.238,69.422],[32.502,69.517],[31.968,69.654],[32.13,69.756],[32.872,69.583],[33.12,69.744],[31.985,69.97],[32.099,69.792],[31.754,69.854],[31.811,69.688],[31.326,69.615],[30.841,69.806],[30.898,69.544],[30.119,69.635],[30.123,69.442],[28.954,69.027],[28.41,68.899],[28.801,68.835],[28.448,68.53],[28.664,68.204],[30.009,67.686],[29.052,66.908],[30.112,65.712],[29.703,65.629],[29.58,65.235],[29.85,65.121],[29.588,64.991],[30.119,64.768],[30.032,64.397],[30.586,64.085],[29.981,63.742],[31.57,62.906],[31.244,62.503],[29.779,61.593],[27.808,60.553],[28.69,60.738],[28.703,60.461],[28.439,60.56],[28.617,60.382],[30.246,59.975],[30.162,59.868],[29.161,60.003],[28.833,59.787],[28.476,59.852],[28.375,59.666],[28.087,59.799],[28.019,59.482],[28.182,59.356],[27.411,58.755],[27.799,57.861],[27.353,57.528],[27.84,57.291],[27.628,56.844],[27.914,56.82],[28.126,56.548],[28.149,56.142],[28.809,55.935],[29.396,55.948],[29.481,55.681],[30.2,55.858],[30.886,55.6],[31.006,55.023],[30.771,54.786],[31.168,54.622],[31.325,54.229],[31.823,54.053],[31.745,53.795],[32.442,53.714],[32.72,53.439],[32.201,53.098],[31.416,53.2],[31.247,53.014],[31.561,52.787],[31.764,52.101],[32.233,52.081],[32.394,52.327],[32.909,52.241],[33.804,52.355],[34.413,51.778],[34.089,51.667],[34.186,51.249],[35.079,51.208],[35.355,51.026],[35.611,50.352],[36.106,50.421],[36.594,50.204],[37.415,50.432],[38,49.9],[38.3,50.061],[38.937,49.803],[39.156,49.874],[39.802,49.542],[40.131,49.58],[40.134,49.236],[39.681,49.02],[40.054,48.869],[39.632,48.587],[39.835,48.573],[39.816,48.308],[39.993,48.273],[39.759,47.833],[38.831,47.848],[38.735,47.677],[38.293,47.563],[38.217,47.103],[38.81,47.288],[38.478,47.142],[39.088,47.286],[39.389,47.115],[38.435,46.847],[38.378,46.708],[38.575,46.654],[37.731,46.67],[37.971,46.362],[38.576,46.087],[38.167,46.121],[38.04,45.816],[38.097,46.058],[37.94,46.02],[37.595,45.635],[37.736,45.306],[37.078,45.239],[37.139,45.336],[36.833,45.443],[36.668,45.326],[36.962,45.283],[36.578,45.187],[37.192,44.991],[37.499,44.668],[37.8,44.635],[37.778,44.73],[38.217,44.387],[38.758,44.274],[39.986,43.389],[40.233,43.576],[41.578,43.215],[42.83,43.169],[43.801,42.746],[43.723,42.625],[43.94,42.552],[44.508,42.75],[44.773,42.61],[44.859,42.76],[45.123,42.702],[45.74,42.471],[45.631,42.201],[46.431,41.89],[46.741,41.851],[47.268,41.303],[47.744,41.193],[48.579,41.845],[47.462,43.021],[47.702,43.874],[47.544,43.865],[47.404,43.511],[47.503,43.781],[47.246,44.212],[46.68,44.528],[47.37,45.186],[47.572,45.567],[47.385,45.75],[47.654,45.559],[47.56,45.772],[47.818,45.608],[48.555,45.967],[48.716,45.814],[48.627,46.087],[49.115,46.151],[49.227,46.328],[48.455,46.661],[49.006,46.769],[48.174,47.713],[47.412,47.836],[47.36,47.683],[47.124,47.808],[47.099,48.265],[46.478,48.411],[47.04,49.15],[46.775,49.333],[46.9,49.82],[47.309,50.045],[47.47,50.412],[47.808,50.32],[48.239,49.865],[48.785,49.933],[48.568,50.637],[48.83,50.596],[49.408,50.848],[49.437,51.112],[50.325,51.303],[50.582,51.635],[50.791,51.597],[50.767,51.759],[51.372,51.63],[51.304,51.472],[51.693,51.454],[51.869,51.673],[52.308,51.775],[52.546,51.46],[53.407,51.484],[54.479,50.853],[54.499,50.523],[54.676,50.603],[54.503,50.928],[54.638,51.028],[55.66,50.53],[56.478,51.073],[56.688,50.969],[57.154,51.1],[57.468,50.858],[57.722,50.909],[57.769,51.12],[58.308,51.15],[58.664,50.79],[59.438,50.631],[59.523,50.475],[60.021,50.854],[60.3,50.685],[61.095,50.723],[61.404,50.803],[61.664,51.258],[60.937,51.611],[60.376,51.663],[60.452,51.805],[59.986,51.952],[61.04,52.335],[60.673,52.672],[60.975,52.971],[62.094,52.992],[62.051,53.125],[61.163,53.299],[61.235,53.503],[61.555,53.506],[60.88,53.633],[61.199,53.797],[60.996,53.941],[61.211,53.908],[61.338,54.063],[62.004,53.932],[62.413,54.027],[62.525,53.872],[62.581,54.054],[63.157,54.18],[63.897,54.194],[64.579,54.386],[65.184,54.31],[65.45,54.627],[68.166,54.956],[68.177,55.171],[68.605,55.196],[68.701,55.361],[68.971,55.279],[68.927,55.434],[70.214,55.132],[70.82,55.294],[71.006,54.774],[71.265,54.662],[71.191,54.318],[70.971,54.305],[71.161,54.102],[71.321,54.201],[71.647,54.109],[71.762,54.248],[72.155,54.128],[72.043,54.378],[72.483,54.136],[72.392,53.908],[72.7,53.958],[72.624,54.135],[73.36,53.938],[73.741,54.058],[73.23,53.662],[73.411,53.43],[73.904,53.639],[74.388,53.462],[74.772,53.831],[75.028,53.808],[75.429,54.09],[76.896,54.464],[76.665,54.134],[76.377,54.154],[76.495,53.992],[77.867,53.272],[80.055,50.753],[80.683,51.302],[81.152,51.187],[81.052,50.956],[81.401,50.959],[81.46,50.73],[82.476,50.714],[82.726,50.901],[83.434,50.993],[83.951,50.78],[84.25,50.26],[84.987,50.067],[85.224,49.596],[86.177,49.463],[86.748,49.783],[86.599,49.574],[87.324,49.085],[87.816,49.166]]],[[[22.767,54.356],[22.844,54.832],[22.565,55.068],[22.077,55.029],[21.268,55.249],[21.23,54.939],[20.558,54.941],[20.989,55.273],[20.925,55.283],[20.482,54.976],[19.977,54.965],[19.61,54.457],[22.767,54.356]]],[[[-180,65.066],[-179.261,65.532],[-179.767,65.82],[-179.693,66.184],[-179.252,66.145],[-179.424,66.344],[-179.171,66.289],[-179.164,66.414],[-178.785,66.167],[-178.477,66.383],[-178.684,66.013],[-178.978,66.049],[-178.424,65.713],[-178.461,65.473],[-177.416,65.441],[-176.977,65.608],[-176.044,65.452],[-175.865,64.999],[-175.411,64.771],[-174.653,64.898],[-174.652,64.725],[-173.635,64.332],[-173.415,64.617],[-173.368,64.285],[-173.106,64.241],[-172.883,64.495],[-172.22,64.407],[-172.465,64.558],[-172.967,64.561],[-172.806,64.803],[-173.164,64.765],[-172.08,65.076],[-172.702,65.248],[-172.189,65.242],[-172.093,65.484],[-172.389,65.432],[-172.86,65.7],[-171.744,65.5],[-172.034,65.474],[-171.039,65.467],[-171.463,65.833],[-170.588,65.605],[-170.606,65.861],[-169.641,66.068],[-170.338,66.186],[-170.274,66.29],[-170.626,66.235],[-170.385,66.317],[-171.719,66.951],[-172.986,67.039],[-172.362,66.933],[-173.074,66.993],[-173.303,66.822],[-173.071,67.044],[-173.646,67.116],[-174.612,67.061],[-174.026,66.961],[-173.931,66.668],[-174.264,66.566],[-173.691,66.439],[-173.999,66.219],[-174.016,66.472],[-174.464,66.28],[-174.436,66.532],[-174.971,66.665],[-174.688,66.732],[-174.756,67.303],[-175.08,67.481],[-175.367,67.358],[-175.266,67.659],[-175.824,67.813],[-175.725,67.57],[-176.206,67.645],[-175.921,67.851],[-176.533,68.003],[-176.209,67.902],[-176.539,67.895],[-177.338,68.245],[-177.635,68.195],[-177.492,68.292],[-178.375,68.557],[-177.705,68.345],[-178.074,68.259],[-178.021,68.416],[-178.7,68.543],[-178.845,68.752],[-180,68.982],[-180,68.56],[-180,68.061],[-180,67.562],[-180,67.064],[-180,66.565],[-180,66.066],[-180,65.568],[-180,65.069],[-180,65.066]]],[[[180,71.536],[178.668,71.099],[178.793,70.805],[180,70.992],[180,71.053],[180,71.536]]],[[[-180,70.992],[-179.342,70.908],[-177.93,71.041],[-177.443,71.237],[-178.395,71.541],[-179.736,71.586],[-180,71.537],[-180,71.053],[-180,70.992]]],[[[142.529,54.297],[142.283,54.304],[142.708,53.948],[142.604,53.698],[142.739,53.846],[142.8,53.698],[142.498,53.658],[142.687,53.529],[142.455,53.38],[142.241,53.529],[141.769,53.372],[141.928,53.021],[141.642,52.318],[141.687,51.747],[142.269,51.112],[142.041,50.551],[142.125,49.462],[141.857,48.774],[142.191,47.967],[141.814,46.538],[142.085,45.901],[142.618,46.719],[143.369,46.555],[143.431,46.025],[143.626,46.375],[143.455,46.848],[143.178,46.832],[143.341,46.684],[143.091,46.803],[143.016,47.254],[142.545,47.767],[143.009,49.123],[143.667,49.315],[143.259,49.393],[144.058,49.253],[144.757,48.643],[143.79,50.309],[143.365,51.645],[143.224,51.522],[143.119,52.338],[143.361,52.871],[142.852,53.872],[143.004,54.135],[142.723,54.426],[142.529,54.297]]],[[[-172.243,64.816],[-172.633,64.684],[-172.043,64.751],[-172.243,64.816]]],[[[70.131,66.556],[70.05,66.709],[69.146,66.81],[69.871,66.478],[70.131,66.556]]],[[[161.487,69.027],[161.319,69.243],[161.358,69.55],[161.066,69.417],[161.135,69.092],[161.456,69.001],[161.409,68.893],[161.487,69.027]]],[[[161.631,69.561],[161.475,69.638],[161.375,69.408],[161.616,69.45],[161.631,69.561]]],[[[51.41,71.806],[51.84,71.456],[52.269,71.588],[52.416,71.477],[52.547,71.635],[52.882,71.394],[53.444,71.545],[53.413,71.312],[53.951,71.462],[53.451,71.264],[54.244,71.123],[53.502,71.094],[53.54,70.805],[54.767,70.648],[54.513,70.825],[55.163,70.553],[55.405,70.75],[56.021,70.574],[55.808,70.695],[56.645,70.574],[56.22,70.668],[56.552,70.754],[56.652,70.63],[57.452,70.606],[57.639,70.73],[56.106,71.259],[55.225,71.929],[55.575,72.2],[55.116,72.45],[55.946,72.669],[55.481,72.806],[56.22,72.827],[56.252,72.972],[55.616,72.964],[56.377,73.007],[55.808,73.066],[56.582,73.13],[56.435,73.23],[54.935,73.425],[54.191,73.272],[53.323,73.221],[53.382,72.889],[52.375,72.73],[53.218,72.648],[52.755,72.638],[53.102,72.601],[52.689,72.489],[52.868,72.347],[52.417,72.289],[52.368,72.075],[51.61,72.092],[51.41,71.806]]],[[[56.987,74.691],[55.612,74.676],[55.657,74.52],[56.28,74.485],[55.388,74.445],[55.735,74.28],[55.076,74.266],[55.864,74.106],[55.019,74.173],[54.785,73.966],[53.654,73.812],[54.074,73.609],[55.35,73.717],[54.204,73.505],[54.417,73.478],[54.033,73.375],[54.25,73.328],[54.9,73.448],[55.924,73.312],[55.917,73.448],[56.761,73.252],[57.254,73.491],[56.735,73.68],[57.35,73.553],[57.618,73.669],[56.556,73.889],[57.749,73.726],[57.412,74.184],[58.123,73.987],[58.728,74.239],[58.187,74.581],[59.146,74.444],[59.091,74.738],[59.755,74.587],[59.509,74.8],[60.276,74.75],[60.688,74.924],[59.927,75.006],[60.571,75.118],[60.725,75.028],[61.277,75.328],[61.482,75.223],[63.552,75.711],[65.078,75.807],[68.288,76.281],[68.938,76.568],[68.809,76.869],[68.034,76.998],[66.944,76.949],[65.761,76.693],[65.999,76.533],[62.957,76.207],[61.077,76.28],[60.735,76.005],[60.838,76.123],[60.268,76.11],[60.322,75.998],[57.98,75.672],[57.741,75.328],[57.046,75.398],[56.446,75.067],[55.918,75.198],[55.87,74.997],[56.678,74.949],[55.817,74.807],[56.987,74.691]]],[[[146.469,44.429],[146.119,44.506],[145.443,43.725],[145.556,43.653],[145.589,43.848],[146.469,44.429]]],[[[148.799,45.416],[148.727,45.525],[148.07,45.251],[147.94,45.426],[147.895,45.224],[147.109,44.827],[147.197,44.714],[146.862,44.445],[147.654,44.995],[147.913,44.963],[148.799,45.416]]],[[[150.334,46.211],[149.437,45.587],[150.569,46.232],[150.334,46.211]]],[[[156.125,50.638],[156.073,50.782],[155.69,50.404],[155.202,50.294],[155.228,50.055],[155.396,49.996],[155.885,50.254],[156.125,50.638]]],[[[156.46,50.874],[156.181,50.761],[156.272,50.633],[156.46,50.874]]],[[[137.171,55.12],[136.67,54.907],[137.075,54.933],[137.171,55.12]]],[[[138.047,55.058],[137.883,55.003],[137.952,55.147],[137.568,55.195],[137.226,54.778],[137.485,54.879],[137.719,54.624],[138.212,55.036],[138.047,55.058]]],[[[166.664,54.756],[166.254,55.332],[165.746,55.297],[166.664,54.756]]],[[[164.707,58.977],[164.558,59.24],[163.717,59.006],[163.913,58.994],[163.49,58.444],[164.707,58.977]]],[[[50.323,69.151],[48.906,69.508],[48.304,69.277],[48.219,68.896],[48.592,68.731],[49.249,68.78],[50.323,69.151]]],[[[169.446,69.849],[168.265,70.024],[167.754,69.832],[168.875,69.568],[169.446,69.849]]],[[[60.54,69.819],[59.024,70.48],[58.52,70.348],[58.696,70.003],[59.431,69.889],[59.563,69.715],[60.254,69.689],[60.54,69.819]]],[[[53.232,71.216],[52.741,71.406],[52.217,71.333],[53.01,70.968],[53.232,71.216]]],[[[137.914,71.558],[136.992,71.518],[137.693,71.419],[137.914,71.558]]],[[[78.279,72.552],[77.568,72.628],[76.87,72.307],[77.771,72.305],[78.279,72.552]]],[[[128.831,72.655],[128.104,72.635],[128.653,72.527],[128.831,72.655]]],[[[128.317,72.812],[129.417,72.813],[128.994,72.932],[128.317,72.812]]],[[[79.563,72.768],[79.173,73.101],[78.597,72.816],[79.563,72.768]]],[[[74.725,73.107],[74.093,73.028],[74.656,72.859],[74.725,73.107]]],[[[120.279,73.101],[119.634,73.128],[119.721,73.034],[120.279,73.101]]],[[[71.669,73.227],[71.436,73.353],[70.98,73.265],[71.229,73.465],[70.47,73.499],[69.959,73.399],[69.875,73.038],[71.374,73.179],[71.73,73.034],[71.669,73.227]]],[[[143.475,73.321],[143.407,73.543],[142.045,73.917],[141.127,73.882],[140.493,73.485],[139.767,73.418],[143.175,73.177],[143.475,73.321]]],[[[141.098,74.149],[140.891,74.277],[140.222,74.22],[140.438,73.908],[141.098,74.149]]],[[[113.406,74.444],[112.11,74.551],[111.459,74.314],[112.775,74.088],[113.406,74.444]]],[[[87.029,74.992],[86.298,74.858],[86.92,74.82],[87.029,74.992]]],[[[82.24,75.376],[82.171,75.52],[81.492,75.362],[81.985,75.177],[82.24,75.376]]],[[[150.828,75.163],[148.61,75.216],[148.408,75.421],[146.797,75.366],[146.436,75.597],[146.072,75.24],[148.172,74.804],[149.209,74.758],[150.609,74.894],[150.828,75.163]]],[[[135.991,75.527],[135.693,75.869],[135.45,75.376],[135.991,75.527]]],[[[145.366,75.54],[143.947,75.835],[142.547,75.863],[141.31,76.184],[141.625,76.013],[140.966,76.035],[141.062,75.65],[140.476,75.64],[139.049,76.239],[137.433,75.953],[137.743,75.749],[137.068,75.726],[137.431,75.389],[136.91,75.273],[138.063,74.796],[139.127,74.652],[139.652,74.981],[140.069,74.828],[141.844,74.999],[142.514,74.817],[143.696,74.937],[142.439,75.203],[142.338,75.726],[143.001,75.708],[142.494,75.376],[142.884,75.147],[143.999,75.025],[145.366,75.54]]],[[[96.644,76.267],[95.266,76.219],[96.345,76.105],[96.644,76.267]]],[[[111.959,76.602],[112.601,76.445],[112.528,76.623],[111.959,76.602]]],[[[96.527,77.206],[95.257,76.992],[96.235,76.99],[96.527,77.206]]],[[[105.416,78.583],[103.624,79.171],[102.379,78.822],[103.153,79.31],[102.303,79.433],[102.246,79.242],[101.647,79.364],[101.043,79.133],[101.626,78.987],[100.907,78.985],[101.166,78.761],[100.385,78.752],[99.371,77.96],[104.787,78.336],[105.416,78.583]]],[[[77.614,79.522],[76.051,79.649],[76.696,79.478],[77.614,79.522]]],[[[93.628,79.933],[90.867,80.063],[91.073,79.851],[92.322,79.757],[91.922,79.679],[93.052,79.715],[93.628,79.933]]],[[[51.347,79.953],[51.001,80.103],[50.045,79.974],[51.347,79.953]]],[[[99.886,79.041],[99.035,79.296],[99.686,79.323],[100.022,79.824],[98.557,80.059],[97.216,79.701],[98.09,80.056],[97.592,80.175],[95.242,80.022],[94.952,80.104],[94.225,79.899],[94.69,79.816],[92.854,79.556],[93.236,79.439],[93.882,79.604],[94.827,79.067],[96.799,78.989],[97.442,78.817],[99.406,78.822],[99.886,79.041]]],[[[55.795,80.642],[56.946,80.694],[55.782,80.761],[55.795,80.642]]],[[[46.687,80.529],[47.749,80.77],[48.727,80.611],[48.496,80.798],[47.138,80.842],[44.857,80.617],[46.044,80.574],[46.084,80.44],[46.687,80.529]]],[[[62.222,80.813],[59.694,80.837],[59.636,80.431],[61.084,80.411],[62.222,80.813]]],[[[55.766,80.784],[55.097,80.903],[53.985,80.829],[55.766,80.784]]],[[[51.689,80.727],[50.34,80.716],[50.878,80.912],[49.802,80.893],[49.004,80.776],[49.682,80.721],[49.188,80.521],[47.415,80.466],[48.189,80.338],[47.089,80.372],[46.895,80.192],[47.929,80.247],[47.664,80.07],[48.969,80.152],[48.84,80.388],[51.689,80.727]]],[[[79.807,80.974],[79.128,80.807],[80.326,80.861],[79.807,80.974]]],[[[58.654,81.044],[57.845,81.06],[58.367,80.946],[58.654,81.044]]],[[[57.336,80.892],[58.282,80.927],[56.147,81.123],[57.336,80.892]]],[[[54.564,80.995],[57.059,80.692],[57.707,80.783],[54.671,81.125],[54.564,80.995]]],[[[91.547,81.154],[89.894,81.174],[91.186,81.057],[91.547,81.154]]],[[[97.747,80.742],[95.777,81.289],[95.104,81.271],[92.677,80.879],[92.535,80.753],[93.27,80.797],[92.769,80.517],[91.888,80.46],[92.628,80.392],[91.422,80.31],[93.244,80.31],[92.107,80.29],[92.888,80.172],[92.066,80.172],[93.75,79.997],[94.53,80.131],[97.188,80.234],[97.747,80.742]]],[[[57.266,81.427],[58.57,81.413],[57.784,81.565],[57.266,81.427]]],[[[58.295,81.714],[59.403,81.837],[57.978,81.817],[58.295,81.714]]],[[[59.002,79.981],[59.738,79.96],[59.786,80.094],[59.002,79.981]]],[[[55.712,80.103],[57.077,80.083],[57.022,80.364],[55.989,80.337],[55.712,80.103]]],[[[52.623,80.183],[53.821,80.241],[53.294,80.409],[52.183,80.276],[52.623,80.183]]],[[[57.529,80.131],[59.276,80.33],[58.899,80.427],[56.946,80.482],[57.529,80.131]]],[[[53.798,80.473],[54.334,80.429],[54.269,80.589],[53.798,80.473]]],[[[60.256,81.036],[60.988,80.922],[61.702,81.105],[60.256,81.036]]],[[[62.771,80.886],[63.131,80.683],[64.587,80.755],[65.462,80.925],[65.23,81.137],[64.423,81.194],[62.771,80.886]]],[[[55.647,81.2],[57.905,81.297],[56.336,81.385],[56.603,81.262],[55.466,81.324],[55.647,81.2]]],[[[66.6,70.914],[66.6,71.004],[66.447,70.819],[66.6,70.914]]]]}},{"type":"Feature","properties":{"id":"RWA"},"geometry":{"type":"Polygon","coordinates":[[[29.015,-2.721],[29.113,-2.595],[29.307,-2.66],[29.34,-2.826],[29.72,-2.805],[29.898,-2.671],[29.932,-2.317],[30.555,-2.401],[30.834,-2.345],[30.888,-2.083],[30.831,-1.594],[30.472,-1.067],[29.938,-1.473],[29.825,-1.324],[29.578,-1.388],[29.245,-1.641],[29.135,-2.198],[28.866,-2.392],[29.015,-2.721]]]}},{"type":"Feature","properties":{"id":"SAH"},"geometry":{"type":"Polygon","coordinates":[[[-13.178,27.662],[-13.561,26.749],[-14.466,26.194],[-14.908,24.685],[-15.841,23.903],[-16.003,23.672],[-15.775,23.912],[-15.773,23.788],[-16.213,23.094],[-16.163,22.993],[-16.29,22.9],[-16.467,22.377],[-16.707,22.275],[-16.921,21.931],[-17.057,20.767],[-16.959,21.333],[-13.015,21.333],[-13.152,22.82],[-12.619,23.271],[-12.019,23.461],[-12.015,25.995],[-8.688,26],[-8.682,27.285],[-8.682,27.661],[-13.178,27.662]]]}},{"type":"Feature","properties":{"id":"SAU"},"geometry":{"type":"MultiPolygon","coordinates":[[[[50.808,24.747],[49.99,26.002],[50.032,26.201],[50.141,26.036],[50.217,26.324],[49.988,26.724],[50.158,26.665],[49.572,27.194],[49.375,27.149],[49.12,27.441],[49.313,27.449],[49.24,27.545],[48.832,27.612],[48.883,27.827],[48.433,28.54],[47.668,28.534],[47.434,28.995],[46.532,29.096],[44.692,29.202],[42.075,31.08],[40.424,31.921],[39.146,32.118],[36.96,31.491],[37.981,30.499],[37.648,30.331],[37.47,29.995],[36.729,29.854],[36.044,29.191],[34.949,29.352],[34.613,28.03],[34.709,28.14],[35.216,28.054],[36.513,26.111],[36.696,26.022],[36.702,25.78],[37.242,25.175],[37.149,24.851],[37.429,24.367],[37.948,24.207],[38.6,23.568],[39.143,22.403],[38.931,22.006],[39.109,21.748],[39.174,21.109],[39.76,20.351],[40.084,20.279],[40.745,19.777],[41.493,18.224],[42.302,17.454],[42.363,17.025],[42.357,17.182],[42.712,16.731],[42.789,16.371],[43.18,16.665],[43.165,17.326],[43.413,17.52],[43.915,17.302],[45.165,17.428],[45.891,17.267],[46.71,17.275],[46.97,16.957],[47.161,16.947],[47.428,17.092],[48.162,18.149],[49.036,18.58],[51.979,18.996],[54.978,19.995],[55.638,21.979],[55.187,22.704],[55.105,22.621],[52.558,22.939],[51.569,24.256],[51.282,24.303],[51.498,24.584],[51.302,24.517],[51.215,24.626],[50.979,24.568],[50.808,24.747]]],[[[42.186,16.706],[41.757,16.896],[41.955,16.67],[42.179,16.583],[42.186,16.706]]],[[[49.565,27.352],[49.456,27.29],[49.689,27.318],[49.565,27.352]]],[[[36.79,25.498],[36.879,25.443],[36.691,25.567],[36.79,25.498]]]]}},{"type":"Feature","properties":{"id":"SCR"},"geometry":{"type":"Polygon","coordinates":[[[117.754,15.154],[117.752,15.152],[117.754,15.15],[117.754,15.154]]]}},{"type":"Feature","properties":{"id":"SDN"},"geometry":{"type":"Polygon","coordinates":[[[22.861,10.919],[23.645,9.863],[23.632,9.278],[23.436,9.019],[23.567,8.975],[23.49,8.733],[24.17,8.689],[24.558,8.887],[24.796,9.819],[25.121,10.306],[25.839,10.421],[25.905,10.181],[26.626,9.481],[27.895,9.595],[27.825,10.16],[28.989,10.16],[28.989,9.587],[29.483,9.762],[29.615,10.058],[30.013,10.27],[30.765,9.724],[31.235,9.792],[32.431,11.082],[32.348,11.703],[32.082,12],[32.747,12.003],[32.732,12.216],[33.209,12.21],[33.083,11.599],[33.14,10.739],[33.917,10.175],[33.881,9.499],[34.071,9.455],[34.326,10.224],[34.279,10.566],[34.575,10.884],[34.839,10.729],[35.073,11.819],[35.688,12.659],[36.115,12.702],[36.526,14.264],[36.425,15.133],[36.954,16.278],[36.973,17.063],[37.403,17.03],[37.496,17.312],[38.233,17.526],[38.602,18.005],[37.434,18.862],[37.105,21.208],[37.313,21.058],[36.888,21.65],[36.884,21.996],[34.084,21.995],[33.866,21.75],[33.558,21.711],[33.181,21.995],[31.435,21.995],[31.423,22.227],[31.248,21.994],[24.981,21.995],[24.981,20.002],[23.981,19.995],[23.981,19.496],[23.984,15.721],[23.095,15.704],[22.907,15.541],[22.958,15.202],[22.659,14.857],[22.677,14.689],[22.364,14.544],[22.546,14.14],[22.075,13.78],[22.268,13.335],[21.809,12.794],[21.936,12.64],[22.205,12.743],[22.446,12.611],[22.458,12.03],[22.612,12.073],[22.542,11.633],[22.954,11.251],[22.861,10.919]]]}},{"type":"Feature","properties":{"id":"SDS"},"geometry":{"type":"Polygon","coordinates":[[[35.921,4.619],[35.752,4.854],[35.804,5.318],[35.287,5.374],[34.704,6.685],[33.716,7.657],[33.015,7.851],[33.235,8.456],[33.741,8.367],[34.09,8.557],[34.071,9.455],[33.881,9.499],[33.917,10.175],[33.14,10.739],[33.083,11.599],[33.209,12.21],[32.732,12.216],[32.747,12.003],[32.082,12],[32.348,11.703],[32.431,11.082],[31.235,9.792],[30.765,9.724],[30.013,10.27],[29.615,10.058],[29.483,9.762],[28.989,9.587],[28.843,9.325],[28.045,9.331],[27.895,9.595],[26.626,9.481],[25.905,10.181],[25.839,10.421],[25.121,10.306],[24.796,9.819],[24.558,8.887],[24.17,8.689],[24.153,8.318],[24.832,8.166],[25.23,7.852],[25.279,7.659],[25.165,7.567],[25.347,7.345],[26.378,6.653],[26.27,6.466],[26.509,6.205],[26.425,6.072],[27.124,5.769],[27.441,5.071],[27.772,4.596],[28.381,4.275],[28.755,4.554],[29.196,4.337],[29.458,4.67],[29.752,4.581],[29.788,4.369],[30.189,3.956],[30.525,3.868],[30.543,3.613],[30.747,3.675],[30.84,3.49],[31.168,3.792],[31.524,3.656],[31.781,3.816],[32.156,3.512],[32.372,3.731],[32.997,3.886],[33.491,3.75],[33.977,4.22],[34.381,4.62],[35.412,5.03],[35.612,4.62],[35.706,4.619],[35.781,4.62],[35.921,4.619]]]}},{"type":"Feature","properties":{"id":"SEN"},"geometry":{"type":"Polygon","coordinates":[[[-12.264,14.775],[-12.888,15.251],[-12.964,15.509],[-13.238,15.623],[-13.485,16.155],[-13.836,16.121],[-14.407,16.661],[-16.274,16.523],[-16.542,15.809],[-17.139,14.928],[-17.536,14.757],[-17.224,14.69],[-16.957,14.39],[-16.775,13.839],[-16.728,14.065],[-16.365,14.168],[-16.747,13.951],[-16.7,13.769],[-16.487,14.003],[-16.487,13.805],[-16.63,13.76],[-16.599,13.654],[-16.509,13.74],[-16.561,13.587],[-15.518,13.583],[-15.394,13.772],[-15.076,13.819],[-14.366,13.455],[-13.942,13.567],[-13.823,13.378],[-14.369,13.236],[-15.138,13.59],[-15.277,13.38],[-15.819,13.334],[-15.833,13.157],[-16.674,13.164],[-16.754,13.065],[-16.755,12.572],[-16.597,12.797],[-16.635,12.669],[-16.501,12.708],[-16.49,12.632],[-16.371,12.565],[-16.077,12.639],[-16.022,12.729],[-15.641,12.559],[-15.392,12.838],[-15.645,12.537],[-16.03,12.633],[-16.371,12.55],[-16.533,12.565],[-16.58,12.633],[-16.801,12.494],[-16.728,12.333],[-15.677,12.439],[-15.195,12.679],[-13.728,12.673],[-13.076,12.636],[-13.052,12.472],[-12.913,12.536],[-12.361,12.306],[-11.388,12.404],[-11.393,12.981],[-11.613,13.361],[-11.828,13.307],[-12.098,13.704],[-11.963,13.829],[-11.998,14.166],[-12.222,14.391],[-12.264,14.775]]]}},{"type":"Feature","properties":{"id":"SGP"},"geometry":{"type":"Polygon","coordinates":[[[103.961,1.391],[103.708,1.429],[103.64,1.322],[103.839,1.266],[103.961,1.391]]]}},{"type":"Feature","properties":{"id":"SGS"},"geometry":{"type":"Polygon","coordinates":[[[-35.909,-54.687],[-36.261,-54.285],[-36.676,-54.277],[-36.491,-54.185],[-36.655,-54.106],[-37.149,-54.114],[-37.382,-53.983],[-38.032,-54.01],[-37.615,-54.038],[-37.69,-54.174],[-37.237,-54.148],[-37.402,-54.27],[-36.499,-54.511],[-36.116,-54.885],[-35.922,-54.852],[-36.106,-54.765],[-35.784,-54.765],[-35.909,-54.687]]]}},{"type":"Feature","properties":{"id":"SHN"},"geometry":{"type":"Polygon","coordinates":[[[-5.722,-15.909],[-5.764,-16.016],[-5.654,-15.964],[-5.722,-15.909]]]}},{"type":"Feature","properties":{"id":"SLB"},"geometry":{"type":"MultiPolygon","coordinates":[[[[160.504,-11.736],[159.969,-11.503],[160.483,-11.845],[160.504,-11.736]]],[[[162.375,-10.824],[162.114,-10.456],[161.3,-10.207],[161.285,-10.324],[161.511,-10.365],[161.525,-10.564],[161.792,-10.735],[162.375,-10.824]]],[[[161.395,-9.413],[161.401,-9.67],[161.559,-9.789],[161.395,-9.413]]],[[[160.826,-9.837],[160.366,-9.413],[159.616,-9.295],[159.602,-9.522],[159.836,-9.794],[160.645,-9.937],[160.826,-9.837]]],[[[158.057,-8.528],[157.9,-8.562],[157.957,-8.756],[158.106,-8.691],[158.057,-8.528]]],[[[157.359,-8.577],[157.347,-8.413],[157.201,-8.566],[157.414,-8.727],[157.359,-8.577]]],[[[161.361,-9.618],[161.285,-9.186],[160.947,-8.814],[160.997,-8.604],[160.759,-8.317],[160.601,-8.325],[160.868,-9.152],[161.361,-9.618]]],[[[157.797,-8.562],[157.907,-8.491],[157.838,-8.337],[157.441,-7.98],[157.228,-8.317],[157.55,-8.261],[157.797,-8.562]]],[[[156.611,-8.073],[156.55,-7.939],[156.587,-8.199],[156.611,-8.073]]],[[[157.105,-8.125],[157.201,-8.001],[157.091,-7.851],[156.947,-7.98],[157.105,-8.125]]],[[[156.807,-7.72],[156.504,-7.63],[156.66,-7.939],[156.807,-7.72]]],[[[156.118,-6.918],[156.077,-6.815],[156.043,-6.98],[156.118,-6.918]]],[[[166.924,-11.641],[166.767,-11.617],[166.984,-11.71],[166.924,-11.641]]],[[[166.148,-10.694],[165.878,-10.657],[165.756,-10.812],[166.148,-10.694]]],[[[159.859,-8.511],[159.757,-8.392],[159.842,-8.326],[159.403,-7.982],[158.452,-7.532],[158.948,-8.049],[159.859,-8.511]]],[[[157.53,-7.333],[157.187,-7.179],[157.043,-6.897],[156.454,-6.631],[157.015,-7.283],[157.448,-7.432],[157.53,-7.333]]]]}},{"type":"Feature","properties":{"id":"SLE"},"geometry":{"type":"MultiPolygon","coordinates":[[[[-10.282,8.485],[-10.735,8.287],[-10.482,8.672],[-10.594,9.054],[-10.746,9.084],[-10.675,9.306],[-11.247,9.993],[-12.472,9.881],[-12.764,9.348],[-13.301,9.041],[-12.986,8.857],[-13.24,8.826],[-13.162,8.518],[-13.158,8.671],[-13.062,8.583],[-12.876,8.685],[-12.87,8.569],[-13.116,8.473],[-13.034,8.377],[-13.287,8.5],[-13.164,8.171],[-12.972,8.254],[-12.876,8.103],[-12.821,7.917],[-12.938,7.886],[-12.602,7.684],[-12.452,7.774],[-12.464,7.562],[-12.184,7.603],[-12.507,7.39],[-11.476,6.919],[-11.317,7.214],[-10.615,7.769],[-10.612,8.032],[-10.321,8.183],[-10.282,8.485]]],[[[-12.493,7.568],[-12.952,7.575],[-12.55,7.39],[-12.493,7.568]]]]}},{"type":"Feature","properties":{"id":"SLV"},"geometry":{"type":"Polygon","coordinates":[[[-90.098,13.731],[-89.808,13.527],[-88.462,13.168],[-88.723,13.27],[-87.928,13.159],[-87.817,13.407],[-87.704,13.815],[-87.818,13.916],[-88.235,13.993],[-88.497,13.851],[-88.504,13.984],[-88.839,14.1],[-89.107,14.396],[-89.362,14.415],[-89.584,14.402],[-89.525,14.232],[-90.023,13.937],[-90.098,13.731]]]}},{"type":"Feature","properties":{"id":"SMR"},"geometry":{"type":"Polygon","coordinates":[[[12.429,43.892],[12.482,43.983],[12.396,43.948],[12.429,43.892]]]}},{"type":"Feature","properties":{"id":"SOM"},"geometry":{"type":"Polygon","coordinates":[[[42.924,10.999],[42.647,10.632],[42.836,10.208],[43.187,9.883],[43.419,9.413],[43.985,9.008],[46.979,7.997],[47.979,7.997],[44.942,4.911],[43.969,4.954],[43.528,4.842],[43.119,4.648],[42.832,4.302],[42.103,4.192],[41.885,3.977],[40.965,2.814],[40.98,-0.871],[41.535,-1.696],[41.953,-0.894],[41.972,-1],[43.782,0.922],[45.001,1.866],[46.048,2.455],[47.949,4.457],[49.036,6.144],[49.824,7.934],[50.091,8.161],[50.83,9.42],[50.927,10.328],[51.417,10.447],[51.176,10.563],[51.22,10.442],[51.01,10.434],[51.161,10.598],[51.081,11.341],[51.293,11.833],[50.798,11.989],[50.268,11.589],[49.24,11.3],[48.522,11.319],[47.71,11.101],[47.406,11.185],[46.448,10.693],[45.769,10.878],[44.962,10.416],[44.586,10.384],[43.922,10.724],[43.489,11.381],[43.241,11.488],[42.924,10.999]]]}},{"type":"Feature","properties":{"id":"SPM"},"geometry":{"type":"Polygon","coordinates":[[[-56.274,46.895],[-56.366,47.14],[-56.359,46.781],[-56.274,46.895]]]}},{"type":"Feature","properties":{"id":"SRB"},"geometry":{"type":"Polygon","coordinates":[[[20.243,46.108],[19.55,46.164],[18.901,45.931],[18.904,45.573],[19.106,45.512],[18.977,45.371],[19.408,45.203],[19.045,45.137],[19.016,44.866],[19.369,44.887],[19.109,44.364],[19.619,44.036],[19.244,44.002],[19.507,43.647],[19.195,43.533],[20.345,42.827],[20.819,43.257],[21.379,42.744],[21.764,42.67],[21.564,42.246],[22.345,42.313],[22.533,42.458],[22.427,42.814],[22.727,42.887],[22.985,43.175],[22.519,43.474],[22.349,43.808],[22.692,44.228],[22.477,44.477],[22.7,44.631],[22.426,44.734],[22.127,44.503],[21.994,44.659],[21.396,44.79],[21.493,45.145],[20.767,45.479],[20.786,45.753],[20.243,46.108]]]}},{"type":"Feature","properties":{"id":"STP"},"geometry":{"type":"Polygon","coordinates":[[[6.681,0.407],[6.471,0.268],[6.527,0.024],[6.757,0.25],[6.681,0.407]]]}},{"type":"Feature","properties":{"id":"SUR"},"geometry":{"type":"Polygon","coordinates":[[[-54.615,2.326],[-54.17,2.853],[-54.211,3.127],[-54.003,3.455],[-53.995,3.624],[-54.354,4.042],[-54.479,4.755],[-54.449,5.024],[-54.171,5.348],[-54.02,5.83],[-54.774,5.985],[-55.145,5.974],[-54.863,5.856],[-55.13,5.821],[-55.336,5.963],[-55.868,5.97],[-55.898,5.677],[-55.936,5.805],[-56.957,6.012],[-57.248,5.485],[-57.28,5.026],[-57.687,5.006],[-57.919,4.83],[-57.837,4.651],[-58.042,4.023],[-57.655,3.39],[-57.308,3.395],[-57.202,2.846],[-56.705,2.03],[-56.482,1.942],[-55.922,1.886],[-56.147,2.256],[-55.971,2.53],[-55.724,2.397],[-54.959,2.609],[-54.615,2.326]]]}},{"type":"Feature","properties":{"id":"SVK"},"geometry":{"type":"Polygon","coordinates":[[[22.54,49.072],[21.601,49.426],[21.069,49.419],[20.919,49.29],[20.318,49.392],[20.05,49.173],[19.761,49.194],[19.769,49.393],[19.457,49.598],[19.142,49.394],[18.833,49.51],[18.536,49.482],[17.727,48.863],[17.114,48.834],[16.945,48.604],[16.844,48.366],[17.148,48.005],[17.826,47.75],[18.693,47.778],[18.838,48.04],[19.428,48.086],[19.623,48.227],[19.929,48.13],[20.511,48.534],[21.425,48.561],[21.759,48.334],[22.133,48.405],[22.54,49.072]]]}},{"type":"Feature","properties":{"id":"SVN"},"geometry":{"type":"Polygon","coordinates":[[[13.643,45.459],[14.373,45.478],[14.581,45.668],[14.797,45.465],[15.325,45.453],[15.255,45.723],[15.676,45.842],[15.64,46.208],[16.276,46.373],[16.344,46.547],[16.515,46.502],[16.325,46.839],[16.094,46.863],[16.017,46.671],[15.062,46.65],[14.54,46.379],[13.701,46.52],[13.365,46.29],[13.637,46.18],[13.462,46.006],[13.895,45.632],[13.712,45.593],[13.643,45.459]]]}},{"type":"Feature","properties":{"id":"SWE"},"geometry":{"type":"MultiPolygon","coordinates":[[[[20.623,69.036],[20.102,69.022],[20.357,68.805],[19.971,68.351],[18.436,68.574],[17.921,67.973],[17.321,68.105],[16.783,67.897],[16.127,67.423],[16.416,67.053],[15.426,66.491],[15.482,66.275],[14.541,66.125],[14.514,65.318],[13.643,64.584],[14.097,64.465],[14.148,64.169],[13.964,64.01],[12.982,64.059],[12.17,63.598],[12.162,61.725],[12.888,61.35],[12.704,61.046],[12.253,61.002],[12.609,60.486],[12.511,60.118],[11.85,59.872],[11.664,58.92],[11.438,58.992],[11.321,59.1],[11.115,59.008],[11.221,58.346],[11.424,58.443],[11.396,58.265],[11.553,58.463],[11.506,58.243],[11.883,58.333],[11.705,57.698],[11.924,57.703],[11.903,57.394],[12.059,57.459],[12.356,56.924],[12.934,56.547],[12.622,56.419],[12.814,56.236],[12.451,56.304],[13.055,55.694],[12.833,55.383],[14.181,55.391],[14.346,55.953],[14.768,56.031],[14.725,56.168],[15.586,56.209],[15.852,56.086],[16.472,56.777],[16.689,57.472],[16.521,57.627],[16.715,57.703],[16.419,57.895],[16.7,57.744],[16.46,57.902],[16.515,57.999],[16.758,57.877],[16.617,58.203],[16.824,58.193],[16.413,58.477],[16.94,58.491],[16.179,58.635],[17.358,58.751],[17.659,59.169],[17.893,58.861],[18.424,59.144],[18.291,59.323],[18.646,59.33],[18.009,59.409],[18.307,59.397],[19.074,59.75],[18.734,59.769],[19.072,59.896],[17.975,60.588],[17.671,60.504],[17.187,60.692],[17.056,61.582],[17.138,61.726],[17.496,61.635],[17.345,61.937],[17.653,62.232],[17.331,62.488],[17.707,62.437],[18.064,62.596],[17.694,62.994],[18.195,62.777],[18.577,62.958],[18.242,63],[18.564,63.178],[18.886,63.273],[19.053,63.179],[19.293,63.467],[19.517,63.415],[19.446,63.561],[19.687,63.431],[20.675,63.789],[21.606,64.452],[21.037,64.833],[21.586,65.069],[21.278,65.35],[21.623,65.241],[21.489,65.393],[22.203,65.549],[21.764,65.728],[22.405,65.542],[22.209,65.761],[22.406,65.864],[22.664,65.758],[22.653,65.908],[23.103,65.705],[23.196,65.827],[24.163,65.823],[23.663,66.317],[24.004,66.805],[23.581,67.153],[23.765,67.42],[23.431,67.486],[23.662,67.95],[20.623,69.036]]],[[[17.125,57.319],[16.419,56.586],[16.428,56.218],[17.125,57.319]]],[[[19.04,57.868],[18.678,57.914],[18.128,57.548],[18.17,56.912],[18.926,57.393],[18.765,57.627],[19.04,57.868]]]]}},{"type":"Feature","properties":{"id":"SWZ"},"geometry":{"type":"Polygon","coordinates":[[[31.949,-25.958],[31.309,-25.757],[30.805,-26.397],[30.796,-26.786],[31.142,-27.196],[31.527,-27.311],[31.968,-27.316],[31.99,-26.808],[32.114,-26.84],[32.071,-26.01],[31.949,-25.958]]]}},{"type":"Feature","properties":{"id":"SXM"},"geometry":{"type":"Polygon","coordinates":[[[-63.107,18.062],[-63.098,18.036],[-63.018,18.033],[-63.107,18.062]]]}},{"type":"Feature","properties":{"id":"SYC"},"geometry":{"type":"Polygon","coordinates":[[[55.402,-4.661],[55.538,-4.804],[55.455,-4.562],[55.402,-4.661]]]}},{"type":"Feature","properties":{"id":"SYR"},"geometry":{"type":"Polygon","coordinates":[[[35.612,32.682],[35.896,32.713],[36.066,32.517],[36.807,32.313],[38.775,33.372],[40.965,34.402],[41.204,34.793],[41.364,35.655],[41.277,36.355],[41.385,36.516],[41.844,36.618],[42.357,37.11],[42.211,37.325],[42.009,37.176],[40.709,37.1],[39.24,36.661],[38.224,36.908],[37.053,36.62],[36.64,36.828],[36.531,36.479],[36.664,36.229],[36.373,36.228],[36.158,35.823],[35.911,35.918],[35.723,35.576],[35.919,35.418],[35.97,34.65],[36.44,34.629],[36.32,34.514],[36.604,34.199],[36.289,33.947],[36.358,33.824],[36.05,33.816],[35.922,33.64],[36.035,33.568],[35.604,33.24],[35.612,32.682]]]}},{"type":"Feature","properties":{"id":"TCA"},"geometry":{"type":"Polygon","coordinates":[[[-71.803,21.788],[-71.631,21.774],[-71.851,21.856],[-71.803,21.788]]]}},{"type":"Feature","properties":{"id":"TCD"},"geometry":{"type":"Polygon","coordinates":[[[14.065,13.078],[14.418,13.081],[14.555,12.767],[14.831,12.618],[15.111,11.783],[15.021,11.183],[15.132,10.541],[15.681,9.991],[14.182,9.978],[13.948,9.638],[15.184,8.479],[15.563,7.792],[15.481,7.523],[15.925,7.488],[16.549,7.87],[16.806,7.544],[17.64,7.985],[18.589,8.048],[19.124,8.675],[18.893,8.898],[20.435,9.138],[21.719,10.297],[21.723,10.637],[22.447,10.998],[22.861,10.919],[22.954,11.251],[22.542,11.633],[22.612,12.073],[22.458,12.03],[22.446,12.611],[22.205,12.743],[21.936,12.64],[21.809,12.794],[22.268,13.335],[22.075,13.78],[22.546,14.14],[22.364,14.544],[22.677,14.689],[22.659,14.857],[22.958,15.202],[22.907,15.541],[23.095,15.704],[23.984,15.721],[23.981,19.496],[20.029,21.448],[15.985,23.445],[14.98,22.996],[15.185,21.491],[15.609,20.951],[15.57,20.752],[15.97,20.336],[15.736,19.904],[15.472,16.917],[14.369,15.75],[13.658,14.549],[13.449,14.439],[13.607,13.704],[14.065,13.078]]]}},{"type":"Feature","properties":{"id":"TGO"},"geometry":{"type":"Polygon","coordinates":[[[-0.166,11.135],[0.016,11.063],[-0.088,10.633],[0.397,10.283],[0.261,9.657],[0.378,9.589],[0.23,9.576],[0.227,9.432],[0.531,9.401],[0.506,8.866],[0.366,8.774],[0.713,8.298],[0.574,8.204],[0.612,7.699],[0.496,7.504],[0.646,7.324],[0.516,6.842],[0.746,6.441],[1.185,6.1],[1.62,6.214],[1.782,6.277],[1.532,6.992],[1.626,6.997],[1.601,9.05],[1.326,9.522],[1.331,9.996],[0.761,10.382],[0.901,10.993],[0.488,10.933],[-0.166,11.135]]]}},{"type":"Feature","properties":{"id":"THA"},"geometry":{"type":"MultiPolygon","coordinates":[[[[102.914,11.646],[102.692,12.178],[102.762,12.436],[102.479,12.677],[102.332,13.565],[102.598,13.605],[102.919,14.185],[103.138,14.32],[104.772,14.44],[105.047,14.214],[105.184,14.346],[105.508,14.564],[105.593,14.991],[105.444,15.134],[105.651,15.635],[105.412,15.8],[105.422,16.01],[105.058,16.121],[104.755,16.529],[104.789,17.429],[104.452,17.666],[104,18.318],[103.397,18.441],[103.038,17.991],[102.683,17.81],[102.079,18.214],[101.132,17.462],[100.902,17.562],[101.165,18.053],[101.03,18.428],[101.326,19.021],[101.172,19.376],[101.255,19.547],[100.474,19.525],[100.379,19.746],[100.546,20.168],[100.344,20.39],[100.153,20.239],[100.099,20.318],[99.937,20.445],[99.652,20.307],[99.421,20.376],[99.51,20.154],[99.073,20.101],[98.899,19.749],[98.238,19.665],[98.025,19.803],[97.658,18.926],[97.746,18.571],[97.351,18.551],[97.486,18.292],[97.638,18.306],[97.759,17.691],[98.509,16.893],[98.663,16.287],[98.84,16.472],[98.903,16.382],[98.807,16.111],[98.547,16.047],[98.56,15.355],[98.283,15.29],[98.16,15.106],[98.548,14.378],[99.09,13.87],[99.19,13.229],[99.093,13.038],[99.403,12.576],[99.63,11.816],[99.213,11.108],[98.767,10.689],[98.747,10.351],[98.322,9.209],[98.391,9.035],[98.198,8.556],[98.281,8.226],[98.425,8.148],[98.428,8.317],[98.655,8.38],[98.77,8.024],[99.07,7.925],[99.033,7.723],[99.293,7.621],[99.378,7.321],[99.604,7.376],[99.558,7.197],[99.748,7.126],[99.686,6.877],[100.127,6.442],[100.263,6.7],[100.387,6.522],[100.73,6.493],[100.833,6.237],[101.082,6.246],[100.965,5.792],[101.122,5.63],[101.558,5.911],[101.8,5.74],[102.073,6.258],[101.557,6.842],[101.292,6.955],[101.351,6.876],[100.998,6.857],[100.279,7.362],[100.143,7.7],[100.27,7.795],[100.273,7.531],[100.39,7.566],[100.426,7.268],[100.574,7.195],[100.22,8.449],[100.131,8.515],[100.144,8.389],[99.967,8.606],[99.854,9.295],[99.234,9.278],[99.324,9.392],[99.148,9.767],[99.255,10.234],[99.152,10.357],[99.285,10.364],[99.245,10.535],[99.512,10.866],[99.569,11.334],[100.02,12.193],[99.96,12.668],[100.104,13.057],[99.963,13.31],[100.275,13.517],[100.598,13.612],[100.996,13.496],[100.858,12.653],[101.418,12.596],[101.766,12.706],[102.057,12.468],[102.064,12.571],[102.228,12.324],[102.206,12.436],[102.352,12.367],[102.296,12.19],[102.582,12.049],[102.606,12.221],[102.914,11.646]]],[[[98.419,7.904],[98.439,8.083],[98.281,8.192],[98.292,7.777],[98.419,7.904]]],[[[100.07,9.586],[99.926,9.566],[99.947,9.418],[100.07,9.586]]],[[[102.4,12.043],[102.25,12.153],[102.29,11.975],[102.4,12.043]]]]}},{"type":"Feature","properties":{"id":"TJK"},"geometry":{"type":"Polygon","coordinates":[[[70.959,40.238],[70.622,40.2],[70.371,40.365],[70.767,40.738],[70.401,41.04],[69.718,40.636],[69.355,40.78],[69.198,40.567],[69.285,40.195],[68.581,40.164],[68.985,40.077],[68.775,40.08],[68.881,39.878],[68.759,39.981],[68.517,39.548],[67.488,39.538],[67.35,39.22],[67.668,39.132],[67.691,38.99],[68.101,38.979],[68.055,38.536],[68.361,38.174],[67.829,37.528],[67.781,37.189],[68.02,36.926],[68.888,37.338],[69.324,37.121],[69.509,37.579],[70.158,37.541],[70.283,37.705],[70.172,37.946],[70.665,38.405],[70.974,38.474],[71.358,38.251],[71.258,37.926],[71.598,37.898],[71.431,37.067],[71.653,36.687],[72.658,37.029],[73.296,37.465],[73.753,37.428],[73.597,37.262],[73.709,37.217],[74.316,37.427],[74.892,37.231],[75.164,37.401],[74.892,37.599],[74.833,38.464],[74.334,38.667],[74.029,38.527],[73.816,38.587],[73.633,39.448],[72.519,39.376],[72.229,39.189],[72.05,39.369],[71.751,39.274],[71.46,39.612],[70.77,39.382],[70.477,39.601],[69.3,39.516],[69.241,39.829],[69.314,39.987],[69.502,39.922],[69.518,40.125],[70.005,40.209],[70.525,40.034],[70.477,39.901],[70.959,40.238]]]}},{"type":"Feature","properties":{"id":"TKM"},"geometry":{"type":"Polygon","coordinates":[[[61.27,35.618],[61.605,35.431],[62.007,35.439],[62.286,35.141],[62.432,35.281],[62.621,35.223],[63.08,35.437],[63.214,35.699],[63.104,35.856],[64.045,35.999],[64.478,36.272],[64.808,37.136],[65.537,37.257],[65.761,37.578],[66.294,37.331],[66.52,37.364],[66.624,37.994],[65.877,38.273],[65.604,38.237],[63.709,39.191],[62.453,40.009],[61.878,41.125],[61.433,41.3],[61.281,41.157],[60.478,41.212],[60.094,41.39],[60.049,41.754],[60.253,41.78],[59.906,41.967],[60.028,42.2],[59.258,42.348],[58.588,42.791],[58.535,42.654],[58.121,42.624],[58.491,42.298],[58.016,42.5],[57.85,42.191],[57.382,42.164],[56.978,41.895],[57.161,41.368],[57.03,41.263],[55.978,41.322],[55.45,41.279],[54.907,41.932],[54.123,42.338],[52.979,42.127],[52.438,41.749],[52.882,41.05],[52.917,41.674],[52.769,41.676],[52.96,41.984],[53.819,42.124],[54.074,41.488],[54.767,41.037],[54.64,40.839],[54.25,40.891],[54.404,40.674],[53.721,40.626],[53.625,40.887],[53.483,40.737],[53.119,40.77],[52.917,41.085],[52.737,40.485],[52.738,40.054],[53.008,39.766],[52.914,40.022],[53.574,39.968],[53.417,39.65],[53.733,39.528],[53.217,39.525],[53.276,39.665],[53.085,39.4],[53.161,39.18],[53.15,39.344],[53.562,39.353],[53.568,39.193],[53.684,39.083],[53.725,39.242],[53.702,39.079],[53.983,38.916],[53.827,38.525],[53.914,37.343],[54.654,37.439],[54.857,37.761],[55.447,38.084],[56.214,38.069],[56.436,38.255],[57.186,38.276],[57.352,37.968],[58.358,37.633],[58.801,37.695],[59.312,37.53],[59.462,37.208],[60.019,37.026],[60.342,36.637],[61.166,36.636],[61.27,35.618]]]}},{"type":"Feature","properties":{"id":"TLS"},"geometry":{"type":"MultiPolygon","coordinates":[[[[124.451,-9.18],[124.03,-9.342],[124.31,-9.489],[124.451,-9.18]]],[[[124.92,-8.962],[124.933,-9.074],[125.162,-9.061],[125.151,-9.185],[124.958,-9.212],[125.062,-9.486],[126.472,-8.943],[127.313,-8.415],[126.967,-8.309],[126.549,-8.487],[125.381,-8.571],[125.144,-8.631],[124.92,-8.962]]],[[[125.569,-8.196],[125.574,-8.317],[125.651,-8.143],[125.569,-8.196]]]]}},{"type":"Feature","properties":{"id":"TON"},"geometry":{"type":"MultiPolygon","coordinates":[[[[-173.956,-18.567],[-174.072,-18.634],[-173.991,-18.705],[-173.956,-18.567]]],[[[-175.066,-21.124],[-175.365,-21.114],[-175.149,-21.268],[-175.066,-21.124]]]]}},{"type":"Feature","properties":{"id":"TTO"},"geometry":{"type":"Polygon","coordinates":[[[-61.002,10.699],[-60.907,10.837],[-61.668,10.707],[-61.489,10.631],[-61.462,10.282],[-61.929,10.056],[-60.996,10.138],[-61.002,10.699]]]}},{"type":"Feature","properties":{"id":"TUN"},"geometry":{"type":"MultiPolygon","coordinates":[[[[11.505,33.181],[11.18,33.211],[11.134,33.311],[11.294,33.287],[11.102,33.364],[11.043,33.618],[10.738,33.478],[10.717,33.707],[10.33,33.703],[10.005,34.171],[10.597,34.545],[11.159,35.219],[11.041,35.638],[10.622,35.843],[10.475,36.112],[10.551,36.377],[10.8,36.452],[11.131,36.854],[11.051,37.08],[10.355,36.731],[10.188,36.798],[10.347,36.88],[10.128,37.159],[10.272,37.179],[9.883,37.264],[9.816,37.152],[9.745,37.345],[8.603,36.94],[8.642,36.836],[8.17,36.526],[8.358,36.43],[8.241,35.828],[8.431,35.242],[8.236,34.648],[7.517,34.095],[7.485,33.855],[7.725,33.231],[8.087,33.094],[8.331,32.528],[9.045,32.072],[9.52,30.229],[9.871,30.355],[10.254,30.842],[10.106,31.429],[10.264,31.68],[11.546,32.434],[11.505,33.181]]],[[[10.991,33.842],[10.736,33.885],[10.74,33.715],[10.888,33.64],[10.991,33.842]]]]}},{"type":"Feature","properties":{"id":"TUR"},"geometry":{"type":"MultiPolygon","coordinates":[[[[43.44,41.107],[42.801,41.579],[42.463,41.432],[41.521,41.514],[40.143,40.923],[39.43,41.112],[38.331,40.918],[37.784,41.123],[37.525,41.037],[37.136,41.147],[36.758,41.366],[36.395,41.256],[36.045,41.701],[35.298,41.715],[35.092,41.928],[35.216,42.024],[35.024,42.093],[34.694,41.946],[33.324,42.019],[32.263,41.72],[31.404,41.316],[31.231,41.092],[29.17,41.233],[29.008,41.031],[29.255,40.811],[29.939,40.735],[28.793,40.553],[29.134,40.451],[29.052,40.367],[27.945,40.366],[28.034,40.474],[27.76,40.537],[27.884,40.386],[27.763,40.315],[27.287,40.468],[26.736,40.404],[26.168,39.974],[26.074,39.475],[26.938,39.575],[26.609,39.275],[26.875,39.091],[26.806,38.95],[27.063,38.887],[26.719,38.653],[26.935,38.435],[27.164,38.453],[26.795,38.359],[26.702,38.43],[26.673,38.307],[26.403,38.677],[26.513,38.433],[26.235,38.274],[27.239,37.988],[27.25,37.744],[27.011,37.666],[27.209,37.597],[27.191,37.357],[27.407,37.413],[27.464,37.252],[27.616,37.275],[27.565,37.126],[27.253,37.124],[27.263,36.963],[28.329,37.037],[28.042,36.939],[28.028,36.781],[27.645,36.806],[27.404,36.665],[27.671,36.658],[27.719,36.756],[27.918,36.74],[28.118,36.801],[28.036,36.565],[28.452,36.884],[28.829,36.603],[28.939,36.751],[29.096,36.665],[29.096,36.391],[29.672,36.123],[30.234,36.309],[30.427,36.226],[30.687,36.891],[32.019,36.547],[32.365,36.178],[32.804,36.027],[33.688,36.137],[33.871,36.315],[33.959,36.214],[34.693,36.814],[35.346,36.541],[36.02,36.926],[36.216,36.658],[35.789,36.32],[35.911,35.918],[36.158,35.823],[36.373,36.228],[36.664,36.229],[36.531,36.479],[36.64,36.828],[37.053,36.62],[38.224,36.908],[39.24,36.661],[40.709,37.1],[42.009,37.176],[42.211,37.325],[42.357,37.11],[42.78,37.376],[43.809,37.2],[44.088,37.311],[44.285,36.969],[44.766,37.142],[44.596,37.716],[44.202,37.897],[44.459,38.338],[44.29,38.382],[44.015,39.374],[44.388,39.414],[44.566,39.766],[44.807,39.64],[44.775,39.703],[44.326,40.035],[43.665,40.11],[43.559,40.478],[43.721,40.763],[43.44,41.107]]],[[[28.017,41.973],[27.546,41.901],[27.047,42.083],[26.606,41.967],[26.333,41.713],[26.595,41.612],[26.632,41.358],[26.321,41.246],[26.359,40.965],[26.044,40.738],[26.091,40.605],[26.829,40.602],[26.219,40.331],[26.178,40.051],[26.683,40.455],[27.288,40.704],[27.524,40.989],[28.986,41.003],[29.109,41.235],[28.233,41.519],[28.017,41.973]]]]}},{"type":"Feature","properties":{"id":"TUV"},"geometry":{"type":"Polygon","coordinates":[[[179.191,-8.542],[179.218,-8.521],[179.199,-8.461],[179.191,-8.542]]]}},{"type":"Feature","properties":{"id":"TZA"},"geometry":{"type":"MultiPolygon","coordinates":[[[[32.921,-9.408],[33.912,-9.718],[34.013,-9.477],[34.318,-9.719],[34.536,-10.043],[34.614,-11.102],[34.965,-11.574],[35.576,-11.605],[35.826,-11.413],[36.2,-11.702],[37.032,-11.565],[37.47,-11.719],[37.817,-11.534],[37.938,-11.284],[38.492,-11.413],[38.896,-11.168],[39.263,-11.167],[40.437,-10.475],[40.427,-10.3],[40.02,-10.133],[39.985,-10.221],[39.827,-9.99],[39.691,-10.043],[39.801,-9.824],[39.567,-9.448],[39.644,-9.189],[39.389,-8.899],[39.554,-8.922],[39.354,-8.714],[39.28,-8.309],[39.444,-7.833],[39.328,-7.726],[39.253,-7.823],[39.328,-7.309],[39.554,-7.001],[38.915,-6.437],[38.779,-6.055],[39.191,-4.678],[37.599,-3.513],[37.645,-3.046],[33.904,-1.003],[30.472,-1.067],[30.831,-1.594],[30.888,-2.083],[30.834,-2.345],[30.555,-2.401],[30.416,-2.852],[30.825,-2.979],[30.815,-3.248],[30.432,-3.552],[30.003,-4.272],[29.733,-4.463],[29.404,-4.45],[29.324,-4.92],[29.612,-5.704],[29.476,-6.002],[29.538,-6.312],[30.294,-7.149],[30.752,-8.194],[31.034,-8.6],[31.353,-8.587],[31.673,-8.913],[31.937,-8.933],[31.938,-9.062],[32.921,-9.408]]],[[[39.896,-7.638],[39.63,-7.986],[39.823,-7.914],[39.896,-7.638]]],[[[39.543,-6.321],[39.313,-5.718],[39.199,-6.221],[39.508,-6.463],[39.543,-6.321]]],[[[39.643,-5.414],[39.796,-5.407],[39.856,-4.897],[39.822,-4.994],[39.684,-4.89],[39.746,-5.205],[39.65,-5.191],[39.781,-5.239],[39.643,-5.414]]]]}},{"type":"Feature","properties":{"id":"UGA"},"geometry":{"type":"Polygon","coordinates":[[[30.472,-1.067],[33.904,-1.003],[33.894,0.11],[34.487,1.082],[34.798,1.232],[35.006,1.917],[34.876,2.591],[34.434,3.182],[34.44,3.668],[34.152,3.776],[33.977,4.22],[33.491,3.75],[32.997,3.886],[32.372,3.731],[32.156,3.512],[31.781,3.816],[31.524,3.656],[31.168,3.792],[30.84,3.49],[30.916,3.415],[30.744,3.055],[30.853,2.853],[30.711,2.445],[31.178,2.303],[31.271,2.103],[29.947,0.825],[29.94,0.498],[29.703,0.072],[29.578,-1.388],[29.825,-1.324],[29.938,-1.473],[30.472,-1.067]]]}},{"type":"Feature","properties":{"id":"UKR"},"geometry":{"type":"Polygon","coordinates":[[[31.764,52.101],[30.919,52.059],[30.515,51.604],[30.54,51.235],[30.149,51.484],[29.32,51.366],[29.063,51.631],[28.729,51.401],[28.21,51.652],[27.714,51.464],[27.151,51.757],[25.183,51.95],[24.37,51.875],[23.606,51.517],[24.143,50.856],[23.958,50.808],[24.108,50.541],[22.666,49.567],[22.855,48.994],[22.54,49.072],[22.133,48.405],[22.878,47.947],[23.139,48.098],[23.461,47.971],[24.542,47.944],[24.897,47.71],[25.262,47.899],[26.173,47.993],[26.303,48.212],[26.618,48.259],[27.605,48.484],[28.358,48.239],[28.48,48.065],[28.574,48.155],[29.124,47.976],[29.156,47.45],[29.557,47.324],[29.559,46.946],[29.928,46.81],[29.902,46.531],[30.132,46.423],[29.828,46.339],[29.714,46.471],[29.616,46.362],[29.458,46.485],[29.201,46.357],[29.184,46.538],[28.946,46.455],[28.957,46.001],[28.74,45.953],[28.502,45.509],[28.2,45.462],[28.71,45.227],[29.431,45.43],[29.659,45.216],[29.638,45.826],[29.734,45.614],[30.205,45.856],[30.791,46.553],[31.416,46.629],[31.441,46.8],[31.618,46.813],[31.493,46.629],[31.899,46.65],[31.968,46.937],[31.742,47.259],[31.977,47.009],[32.023,46.629],[32.646,46.65],[32.318,46.464],[31.508,46.588],[32.054,46.406],[31.786,46.292],[32.503,46.076],[33.235,46.224],[33.424,46.053],[33.597,46.156],[33.777,45.93],[32.482,45.409],[33.537,45.117],[33.572,44.621],[33.372,44.576],[33.958,44.383],[34.5,44.743],[35.081,44.794],[35.506,45.114],[35.848,44.992],[36.44,45.067],[36.437,45.272],[36.638,45.351],[36.284,45.477],[35.986,45.363],[35.833,45.471],[35.518,45.295],[35.332,45.371],[34.811,46.166],[35.188,46.512],[35.342,46.336],[35,46.074],[35.902,46.653],[36.278,46.607],[36.696,46.78],[36.769,46.637],[37.546,47.082],[38.217,47.103],[38.293,47.563],[38.735,47.677],[38.831,47.848],[39.759,47.833],[39.993,48.273],[39.816,48.308],[39.835,48.573],[39.632,48.587],[40.054,48.869],[39.681,49.02],[40.134,49.236],[40.131,49.58],[39.802,49.542],[39.156,49.874],[38.937,49.803],[38.3,50.061],[38,49.9],[37.415,50.432],[36.594,50.204],[36.106,50.421],[35.611,50.352],[35.355,51.026],[35.079,51.208],[34.186,51.249],[34.089,51.667],[34.413,51.778],[33.804,52.355],[32.909,52.241],[32.394,52.327],[32.233,52.081],[31.764,52.101]],[[29.919,45.691],[29.731,45.591],[30.126,45.811],[29.919,45.691]],[[31.94,46.205],[31.504,46.373],[32.166,46.149],[31.94,46.205]]]}},{"type":"Feature","properties":{"id":"UMI"},"geometry":{"type":"Polygon","coordinates":[[[166.619,19.282],[166.644,19.276],[166.648,19.298],[166.619,19.282]]]}},{"type":"Feature","properties":{"id":"URY"},"geometry":{"type":"Polygon","coordinates":[[[-57.603,-30.191],[-57.642,-30.193],[-57.89,-30.551],[-57.796,-30.868],[-58.075,-31.475],[-58.049,-31.797],[-58.203,-31.893],[-58.2,-32.447],[-58.048,-32.912],[-58.138,-33.095],[-58.367,-33.154],[-58.389,-33.942],[-57.855,-34.471],[-57.152,-34.451],[-56.311,-34.906],[-55.693,-34.765],[-54.959,-34.973],[-54.306,-34.708],[-54.329,-34.562],[-54.146,-34.668],[-53.765,-34.39],[-53.379,-33.741],[-53.54,-33.649],[-53.537,-33.171],[-53.12,-32.707],[-54.605,-31.46],[-55.244,-31.245],[-55.592,-30.848],[-55.817,-31.043],[-56.011,-31.082],[-55.989,-30.856],[-56.831,-30.102],[-57.077,-30.106],[-57.245,-30.293],[-57.603,-30.191]]]}},{"type":"Feature","properties":{"id":"USA"},"geometry":{"type":"MultiPolygon","coordinates":[[[[-122.753,48.993],[-122.44,48.581],[-122.683,48.43],[-122.386,48.304],[-122.51,48.147],[-122.348,48.054],[-122.376,48.213],[-122.192,48.026],[-122.404,47.798],[-122.328,47.357],[-122.722,47.089],[-123.079,47.13],[-122.806,47.398],[-122.773,47.173],[-122.633,47.405],[-122.569,47.264],[-122.508,47.52],[-122.697,47.623],[-122.468,47.757],[-122.553,47.921],[-122.571,47.82],[-123.114,47.391],[-122.839,47.432],[-123.161,47.357],[-122.856,47.826],[-122.8,47.68],[-122.62,47.878],[-122.77,48.141],[-122.873,47.994],[-123.108,48.184],[-123.971,48.166],[-124.728,48.388],[-124.178,46.926],[-124.117,47.043],[-123.813,46.959],[-124.127,46.899],[-124.093,46.743],[-123.764,46.678],[-123.956,46.623],[-123.958,46.378],[-124.063,46.655],[-124.08,46.272],[-123.693,46.305],[-123.18,46.179],[-123.537,46.234],[-123.865,46.186],[-123.799,46.102],[-124.023,46.231],[-123.871,45.698],[-124.203,43.681],[-124.07,43.712],[-124.567,42.834],[-124.068,41.539],[-124.233,40.767],[-124.082,40.843],[-124.386,40.51],[-124.364,40.261],[-123.854,39.834],[-123.726,38.919],[-122.832,38.096],[-122.996,38.243],[-123.027,37.994],[-122.935,38.071],[-122.528,37.816],[-122.397,38.153],[-122.13,38.042],[-121.683,38.147],[-121.779,38.036],[-121.604,38.106],[-121.445,38.004],[-121.607,38.099],[-121.69,38.009],[-122.366,38.012],[-122.032,37.463],[-122.374,37.604],[-122.409,37.81],[-122.52,37.531],[-122.339,37.119],[-121.804,36.836],[-121.981,36.584],[-121.9,36.304],[-120.645,35.139],[-120.637,34.563],[-120.454,34.443],[-119.563,34.415],[-119.129,34.101],[-118.514,34.022],[-118.412,33.742],[-118.117,33.744],[-117.509,33.335],[-117.125,32.532],[-114.724,32.713],[-114.822,32.5],[-111.006,31.327],[-108.215,31.327],[-108.215,31.778],[-106.429,31.758],[-104.934,30.611],[-104.531,29.668],[-104.057,29.339],[-103.148,28.985],[-102.859,29.229],[-102.683,29.744],[-102.321,29.894],[-101.405,29.778],[-100.669,29.116],[-100.275,28.277],[-99.515,27.589],[-99.462,27.057],[-99.106,26.423],[-97.425,25.855],[-97.139,25.966],[-97.562,26.838],[-97.426,27.264],[-97.761,27.279],[-97.774,27.468],[-97.63,27.3],[-97.411,27.335],[-97.26,27.695],[-97.521,27.873],[-97.184,27.837],[-97.021,28.1],[-97.149,28.006],[-97.173,28.159],[-96.973,28.134],[-96.91,28.264],[-96.88,28.151],[-96.793,28.48],[-96.654,28.319],[-96.404,28.435],[-96.651,28.73],[-96.493,28.579],[-96.37,28.627],[-96.445,28.764],[-96.346,28.635],[-96.188,28.691],[-96.226,28.587],[-95.988,28.645],[-96.219,28.489],[-95.159,29.046],[-95.171,29.209],[-94.821,29.374],[-95.052,29.75],[-94.92,29.655],[-94.734,29.782],[-94.779,29.53],[-94.486,29.566],[-94.763,29.367],[-93.876,29.675],[-93.854,29.987],[-93.831,29.7],[-93.2,29.773],[-92.314,29.534],[-92.025,29.627],[-92.202,29.764],[-91.848,29.831],[-91.559,29.538],[-91.299,29.484],[-91.228,29.608],[-91.113,29.271],[-91.223,29.38],[-91.285,29.261],[-90.706,29.12],[-90.434,29.357],[-90.229,29.087],[-90.018,29.298],[-90.182,29.579],[-89.816,29.474],[-89.818,29.316],[-89.455,29.25],[-89.384,29.088],[-89.276,29.16],[-89.414,28.928],[-89.01,29.175],[-89.757,29.634],[-89.483,29.634],[-89.601,29.735],[-89.345,29.792],[-89.366,30.049],[-89.665,29.875],[-89.84,30.011],[-89.667,30.164],[-90.168,30.024],[-90.428,30.189],[-90.189,30.391],[-89.596,30.156],[-89.332,30.377],[-88.928,30.442],[-88.138,30.32],[-88.03,30.738],[-87.764,30.28],[-88.03,30.224],[-87.59,30.275],[-87.427,30.483],[-87.529,30.278],[-87.329,30.32],[-87.03,30.607],[-86.894,30.439],[-87.194,30.36],[-86.207,30.505],[-86.117,30.379],[-86.511,30.408],[-85.721,30.134],[-85.854,30.265],[-85.587,30.326],[-85.721,30.196],[-85.395,30.056],[-85.68,30.134],[-85.357,29.889],[-85.346,29.678],[-84.377,29.887],[-84.466,29.99],[-84.209,30.107],[-83.681,29.921],[-82.634,28.888],[-82.842,27.829],[-82.719,27.66],[-82.815,27.832],[-82.654,27.695],[-82.562,27.886],[-82.691,28.038],[-82.541,27.943],[-82.527,27.825],[-82.422,27.917],[-82.589,27.503],[-82.729,27.515],[-82.314,26.849],[-82.15,26.803],[-82.274,27.016],[-81.978,26.996],[-82.097,26.909],[-82.039,26.528],[-81.78,26.715],[-82.009,26.485],[-81.856,26.449],[-81.732,25.92],[-81.348,25.817],[-80.917,25.246],[-81.13,25.344],[-81.102,25.125],[-80.403,25.186],[-80.132,25.901],[-80.129,25.775],[-80.038,26.811],[-80.738,28.373],[-80.848,28.791],[-80.766,28.612],[-80.675,28.596],[-80.657,28.621],[-80.6,28.6],[-80.588,28.506],[-80.62,28.207],[-80.451,27.866],[-80.528,28.473],[-80.627,28.651],[-80.922,29.068],[-81.178,29.586],[-81.533,30.847],[-81.455,31.206],[-81.268,31.259],[-81.492,31.368],[-81.326,31.349],[-81.273,31.766],[-81.106,31.743],[-81.118,31.908],[-80.958,31.879],[-80.678,32.215],[-80.855,32.539],[-80.678,32.303],[-80.657,32.463],[-80.637,32.267],[-80.471,32.323],[-80.587,32.457],[-80.478,32.478],[-80.67,32.521],[-80.005,32.612],[-79.944,32.851],[-79.829,32.763],[-79.585,33.014],[-79.387,33.017],[-79.183,33.184],[-79.277,33.359],[-79.19,33.437],[-79.183,33.218],[-78.763,33.779],[-78.375,33.951],[-78.018,33.896],[-77.963,34.191],[-77.942,33.93],[-77.73,34.316],[-77.379,34.527],[-77.436,34.753],[-77.337,34.561],[-77.132,34.762],[-76.633,34.709],[-76.346,34.883],[-76.27,34.973],[-76.462,34.941],[-76.454,35.073],[-76.54,34.932],[-76.94,34.98],[-77.079,35.157],[-76.764,34.989],[-76.47,35.271],[-77.052,35.534],[-76.6,35.395],[-76.647,35.521],[-76.463,35.541],[-76.498,35.391],[-76.15,35.347],[-75.886,35.637],[-75.784,35.576],[-75.722,35.829],[-75.853,35.98],[-76.037,35.651],[-76.048,35.984],[-76.73,35.945],[-76.73,36.323],[-76.577,36.012],[-76.312,36.096],[-76.463,36.206],[-76.063,36.162],[-76.199,36.323],[-75.908,36.165],[-75.962,36.307],[-75.786,36.082],[-76.037,36.501],[-75.901,36.496],[-75.947,36.718],[-75.524,35.794],[-76.005,36.932],[-76.524,36.863],[-76.67,37.185],[-76.718,37.15],[-77.017,37.295],[-77.274,37.316],[-76.86,37.323],[-76.744,37.197],[-76.634,37.221],[-76.429,36.976],[-76.283,37.028],[-76.798,37.504],[-76.496,37.249],[-76.415,37.443],[-76.258,37.336],[-76.284,37.57],[-76.552,37.627],[-77.134,38.166],[-76.505,37.657],[-76.305,37.638],[-76.248,37.903],[-76.954,38.21],[-77.041,38.396],[-77.343,38.349],[-77.068,38.902],[-77.012,38.697],[-77.255,38.394],[-77.032,38.481],[-76.922,38.292],[-76.881,38.399],[-76.324,38.044],[-76.373,38.299],[-76.451,38.293],[-76.674,38.486],[-76.681,38.679],[-76.636,38.474],[-76.419,38.322],[-76.569,39.066],[-76.394,39.025],[-76.623,39.26],[-76.449,39.195],[-76.401,39.393],[-76.284,39.311],[-76.232,39.475],[-76.21,39.365],[-76.083,39.558],[-75.935,39.604],[-76.001,39.453],[-75.832,39.584],[-76.034,39.393],[-75.839,39.371],[-76.175,39.316],[-76.235,39.025],[-76.065,39.146],[-76.375,38.842],[-76.247,38.951],[-76.106,38.878],[-76.173,38.757],[-76.305,38.823],[-76.341,38.673],[-76.288,38.776],[-75.97,38.607],[-76.277,38.625],[-76.172,38.566],[-76.319,38.474],[-76.038,38.232],[-75.843,38.404],[-75.941,38.135],[-75.743,38.111],[-75.875,37.951],[-75.633,37.96],[-75.935,37.576],[-75.949,37.125],[-75.045,38.425],[-75.06,38.613],[-75.208,38.57],[-75.084,38.796],[-75.394,39.056],[-75.592,39.649],[-75.024,40.016],[-75.558,39.613],[-75.146,39.187],[-74.906,39.18],[-74.955,38.926],[-74.642,39.307],[-74.413,39.357],[-74.061,40.062],[-74.093,39.776],[-73.979,40.449],[-74.283,40.497],[-73.918,40.931],[-73.976,41.292],[-73.872,41.116],[-73.932,40.818],[-73.798,40.813],[-72.91,41.305],[-71.498,41.366],[-71.391,41.819],[-71.26,41.651],[-71.111,41.797],[-71.186,41.469],[-70.71,41.748],[-70.659,41.521],[-69.939,41.674],[-70.081,42.058],[-70.247,42.061],[-70,41.816],[-70.335,41.719],[-70.715,42.003],[-70.591,42.017],[-70.742,42.236],[-71.047,42.322],[-70.597,42.634],[-70.864,42.826],[-70.733,43.12],[-70.109,43.807],[-69.931,43.849],[-69.985,43.726],[-69.869,43.87],[-69.791,43.733],[-69.783,44.057],[-69.758,43.76],[-69.63,44.027],[-69.592,43.808],[-69.534,44.021],[-69.548,43.835],[-69.364,44.061],[-69.191,43.952],[-68.802,44.56],[-68.821,44.315],[-68.541,44.237],[-68.478,44.493],[-68.409,44.405],[-68.202,44.525],[-68.061,44.328],[-67.791,44.6],[-67.714,44.501],[-67.396,44.699],[-67.196,44.644],[-66.977,44.816],[-67.203,44.905],[-67.04,44.973],[-67.176,45.179],[-67.471,45.266],[-67.431,45.598],[-67.807,45.713],[-67.814,47.082],[-68.3,47.368],[-68.906,47.19],[-69.222,47.46],[-70.008,46.704],[-70.263,45.923],[-70.892,45.235],[-70.993,45.348],[-71.334,45.289],[-71.504,45.014],[-74.713,44.999],[-75.27,44.864],[-76.15,44.305],[-76.842,43.626],[-78.751,43.617],[-79.174,43.465],[-78.909,42.93],[-79.019,42.803],[-82.711,41.68],[-83.097,41.876],[-83.129,42.24],[-82.526,42.62],[-82.146,43.576],[-82.548,45.335],[-83.637,45.774],[-83.463,46.008],[-83.965,46.063],[-84.11,46.526],[-84.567,46.461],[-84.879,46.898],[-88.347,48.299],[-89.364,47.98],[-90.75,48.084],[-90.874,48.234],[-91.575,48.048],[-92.07,48.347],[-92.372,48.223],[-92.649,48.536],[-92.98,48.618],[-93.757,48.517],[-94.593,48.726],[-94.983,49.356],[-95.161,49.369],[-95.177,48.993],[-97.815,48.993],[-102.211,48.993],[-106.607,48.993],[-110.564,48.993],[-114.74,48.993],[-118.697,48.993],[-122.753,48.993]],[[-75.153,38.207],[-75.379,37.856],[-75.092,38.303],[-75.153,38.207]]],[[[-141.006,69.651],[-143.236,70.118],[-144.942,69.978],[-145.88,70.175],[-147.68,70.212],[-149.489,70.523],[-151.222,70.376],[-151.98,70.449],[-151.76,70.567],[-152.63,70.559],[-152.075,70.579],[-152.509,70.664],[-152.327,70.857],[-153.256,70.933],[-154.23,70.778],[-154.81,70.881],[-154.608,71.021],[-154.972,71.12],[-155.097,71.017],[-155.09,71.155],[-155.978,70.76],[-156.187,70.922],[-155.556,71.127],[-156.443,71.268],[-156.472,71.412],[-157.865,70.866],[-159.06,70.817],[-159.222,70.689],[-159.161,70.887],[-160.096,70.643],[-160.12,70.606],[-159.948,70.636],[-159.716,70.497],[-159.291,70.538],[-159.71,70.47],[-159.826,70.497],[-159.771,70.195],[-160.134,70.325],[-159.922,70.49],[-160.202,70.477],[-159.944,70.522],[-159.947,70.597],[-160.172,70.605],[-160.95,70.29],[-162.122,70.154],[-161.906,70.321],[-163.623,69.119],[-164.346,68.929],[-166.223,68.886],[-166.315,68.406],[-166.829,68.351],[-164.151,67.62],[-163.725,67.111],[-162.58,67.015],[-162.36,67.167],[-162.457,66.995],[-161.525,66.991],[-161.902,66.735],[-161.495,66.537],[-160.275,66.655],[-160.216,66.433],[-161.634,66.458],[-162.485,66.96],[-161.912,66.279],[-161.745,66.406],[-161.26,66.369],[-161.093,66.124],[-161.506,66.279],[-161.821,65.98],[-163.68,66.079],[-164.191,66.193],[-163.855,66.289],[-163.762,66.526],[-163.93,66.586],[-163.629,66.57],[-163.736,66.603],[-164.274,66.602],[-165.766,66.324],[-165.5,66.152],[-166.287,66.18],[-167.531,65.726],[-168.135,65.67],[-167.399,65.401],[-166.031,65.243],[-166.713,65.113],[-166.88,65.282],[-166.957,65.178],[-166.19,64.585],[-165.036,64.448],[-163.679,64.586],[-163.166,64.411],[-163.04,64.521],[-163.39,64.597],[-163.149,64.658],[-162.781,64.344],[-161.183,64.94],[-160.788,64.718],[-161.539,64.398],[-161.189,64.418],[-160.767,63.824],[-161.186,63.506],[-162.169,63.431],[-162.293,63.55],[-163.074,63.061],[-163.529,63.117],[-163.807,62.986],[-163.542,63.129],[-163.729,63.217],[-164.366,63.229],[-164.595,63.13],[-164.314,63.014],[-164.691,63.027],[-164.883,62.842],[-164.813,62.62],[-164.479,62.746],[-164.858,62.564],[-164.582,62.426],[-165.133,62.516],[-165.706,62.117],[-165.588,61.862],[-166.103,61.821],[-165.766,61.691],[-166.144,61.726],[-166.195,61.586],[-165.777,61.516],[-165.921,61.399],[-165.513,61.087],[-165.205,61.41],[-164.691,61.601],[-165.363,61.213],[-165.157,61.156],[-165.143,61.259],[-165.059,61.063],[-164.766,61.109],[-165.129,60.923],[-164.879,60.957],[-164.628,60.932],[-164.564,60.855],[-164.007,60.862],[-163.704,61],[-163.563,60.89],[-163.93,60.855],[-163.409,60.752],[-163.78,60.58],[-163.986,60.776],[-164.42,60.554],[-164.271,60.788],[-164.669,60.826],[-164.64,60.913],[-164.835,60.868],[-164.937,60.936],[-164.999,60.711],[-165.431,60.553],[-164.986,60.547],[-165.101,60.407],[-164.649,60.334],[-164.129,59.843],[-163.615,59.801],[-162.526,59.998],[-162.45,60.191],[-162.703,60.266],[-162.183,60.731],[-161.882,60.704],[-162.459,60.295],[-162.317,60.113],[-162.149,60.245],[-162.21,60.025],[-161.714,59.501],[-162.052,59.27],[-161.896,59.075],[-161.569,59.115],[-161.856,59.034],[-161.656,58.806],[-162.176,58.645],[-161.765,58.559],[-160.352,59.071],[-159.906,58.765],[-159.617,58.931],[-158.83,58.405],[-158.915,58.775],[-158.825,58.977],[-158.729,58.874],[-158.462,59.053],[-158.544,59.176],[-157.995,58.908],[-158.498,58.994],[-158.558,58.806],[-158.203,58.613],[-157.084,58.887],[-156.783,59.155],[-156.941,58.738],[-157.562,58.364],[-157.139,58.168],[-157.606,58.105],[-157.71,57.653],[-157.414,57.49],[-157.758,57.564],[-158.312,57.315],[-158.682,57.022],[-158.64,56.764],[-159.011,56.789],[-158.889,56.89],[-160.369,56.277],[-160.572,55.935],[-160.244,55.777],[-160.785,55.888],[-160.799,55.715],[-161.023,55.891],[-160.874,55.993],[-161.368,55.956],[-161.155,56.017],[-161.8,55.89],[-162.497,55.374],[-163.335,55.12],[-163.357,54.818],[-163.05,54.942],[-163.183,55.139],[-162.878,54.939],[-162.649,55.053],[-162.56,54.961],[-162.645,55.3],[-162.449,55.04],[-162.001,55.093],[-161.621,55.613],[-161.145,55.535],[-161.479,55.485],[-161.507,55.364],[-161.279,55.355],[-160.925,55.519],[-160.683,55.465],[-160.613,55.606],[-160.495,55.486],[-160.442,55.647],[-159.83,55.853],[-159.625,55.813],[-159.627,55.578],[-159.545,55.89],[-159.422,55.79],[-158.683,55.958],[-158.64,56.202],[-158.428,56.007],[-158.41,56.181],[-158.119,56.236],[-158.646,56.271],[-158.416,56.446],[-157.877,56.478],[-158.128,56.55],[-157.773,56.684],[-157.483,56.62],[-157.444,56.857],[-157.189,56.776],[-156.776,57.052],[-156.55,56.983],[-156.34,57.285],[-156.545,57.323],[-156.061,57.43],[-156.02,57.577],[-155.742,57.552],[-155.605,57.792],[-155.31,57.74],[-155.023,58.026],[-154.583,58.025],[-154.494,58.203],[-154.336,58.085],[-154.11,58.477],[-153.264,58.857],[-154.261,59.148],[-153.453,59.793],[-153.237,59.648],[-153,59.813],[-153.243,59.862],[-152.719,59.916],[-152.579,60.081],[-153.083,60.3],[-152.596,60.228],[-151.711,60.726],[-151.567,60.995],[-150.54,61.369],[-150.5,61.262],[-149.984,61.246],[-149.428,61.513],[-150.067,61.156],[-149.026,60.855],[-150.387,61.047],[-151.417,60.718],[-151.306,60.387],[-151.872,59.749],[-151.411,59.608],[-150.993,59.779],[-151.382,59.445],[-151.894,59.413],[-151.742,59.167],[-151.11,59.219],[-151.243,59.318],[-150.959,59.204],[-150.657,59.552],[-150.493,59.601],[-150.479,59.467],[-150.224,59.715],[-150.348,59.47],[-150.119,59.7],[-150.013,59.628],[-150.032,59.799],[-149.757,59.662],[-149.725,59.964],[-149.527,59.718],[-149.409,60.124],[-149.286,59.875],[-149.103,60.058],[-148.435,59.959],[-148.1,60.221],[-148.443,60.184],[-148.391,60.277],[-147.936,60.461],[-148.084,60.605],[-148.264,60.451],[-148.47,60.546],[-148.69,60.457],[-148.488,60.582],[-148.337,60.541],[-148.197,60.629],[-148.231,60.773],[-148.43,60.629],[-148.375,60.78],[-148.667,60.675],[-148.45,60.8],[-148.704,60.793],[-148.333,60.819],[-148.149,61.06],[-148.409,61.06],[-148.146,61.118],[-148.049,61.027],[-147.73,61.28],[-148.05,60.95],[-147.87,60.838],[-147.703,60.951],[-147.599,60.869],[-147.561,61.156],[-147.365,60.891],[-146.3,61.133],[-146.735,60.924],[-146.093,60.841],[-146.696,60.745],[-146.043,60.801],[-146.239,60.635],[-145.629,60.679],[-145.939,60.456],[-145.27,60.357],[-144.623,60.717],[-144.942,60.307],[-144.196,60.206],[-144.003,60.04],[-144.25,60.032],[-143.919,59.997],[-142.798,60.112],[-141.673,59.961],[-141.378,60.142],[-141.454,59.882],[-140.323,59.701],[-139.521,60.051],[-138.897,59.813],[-139.28,59.834],[-139.29,59.576],[-139.473,59.994],[-139.48,59.704],[-139.857,59.546],[-138.449,59.192],[-138.61,59.128],[-136.665,58.22],[-136.621,58.354],[-136.371,58.3],[-136.506,58.443],[-136.273,58.313],[-136.062,58.474],[-136.293,58.669],[-136.526,58.614],[-136.343,58.692],[-136.588,58.848],[-137.13,58.826],[-136.904,58.932],[-137.046,59.069],[-136.633,58.892],[-136.712,59.026],[-136.492,58.971],[-136.21,58.751],[-136.157,59.038],[-136.047,58.861],[-135.773,58.905],[-136.074,58.813],[-135.909,58.381],[-135.478,58.374],[-135.485,58.484],[-135.094,58.237],[-135.554,59.23],[-135.307,59.087],[-135.554,59.32],[-135.348,59.471],[-134.756,58.382],[-134.498,58.354],[-134.158,58.204],[-133.772,58.525],[-134.06,58.072],[-133.864,57.987],[-133.682,58.155],[-133.861,57.957],[-133.686,57.791],[-133.554,57.929],[-133.124,57.857],[-133.552,57.915],[-133.004,57.518],[-133.648,57.703],[-133.591,57.575],[-133.313,57.593],[-133.419,57.344],[-133.038,57.367],[-133.552,57.181],[-132.795,57.093],[-132.761,56.846],[-132.36,56.818],[-132.54,56.632],[-132.305,56.64],[-132.345,56.529],[-131.98,56.366],[-131.908,56.233],[-131.489,56.222],[-131.963,56.157],[-132.172,55.589],[-131.961,55.501],[-131.915,55.859],[-131.01,56.113],[-131.196,55.971],[-130.92,55.81],[-130.862,55.312],[-130.612,55.297],[-130.925,55.294],[-131.038,55.108],[-130.76,55.097],[-130.462,55.332],[-130.72,55.081],[-130.987,55.044],[-130.866,54.773],[-130.753,54.969],[-130.691,54.763],[-130.365,54.907],[-129.989,55.284],[-130.174,55.749],[-130.02,55.908],[-130.094,56.101],[-131.826,56.593],[-133.392,58.404],[-134.958,59.281],[-135.019,59.559],[-135.465,59.79],[-136.35,59.592],[-136.569,59.172],[-136.841,59.148],[-137.487,58.9],[-137.611,59.239],[-139.182,60.073],[-139.079,60.341],[-140.016,60.187],[-140.995,60.304],[-141.003,64.986],[-141.006,69.651]]],[[[-132.826,55.054],[-132.668,55.051],[-132.823,55.191],[-132.826,55.054]]],[[[-132.703,54.701],[-133.166,55.243],[-133.148,54.954],[-132.703,54.701]]],[[[-133.306,55.797],[-133.682,55.79],[-133.542,55.695],[-133.306,55.797]]],[[[-130.962,55.585],[-131.28,55.965],[-131.688,55.832],[-131.483,55.783],[-131.82,55.464],[-131.526,55.299],[-131.351,55.646],[-131.463,55.293],[-131.21,55.406],[-131.192,55.186],[-130.962,55.585]]],[[[-133.607,56.079],[-133.703,55.903],[-133.311,55.998],[-133.285,56.147],[-133.607,56.079]]],[[[-132.548,56.304],[-132.645,56.058],[-132.133,55.929],[-132.092,56.106],[-132.548,56.304]]],[[[-131.977,54.832],[-131.963,55.03],[-132.223,54.989],[-131.994,55.268],[-132.24,55.197],[-132.155,55.366],[-132.484,55.407],[-132.277,55.453],[-132.682,55.455],[-132.524,55.625],[-132.141,55.465],[-132.508,55.828],[-133.079,56.058],[-133.182,56.332],[-133.615,56.353],[-133.573,56.185],[-133.265,56.147],[-133.14,55.877],[-133.379,55.63],[-132.908,55.633],[-133.126,55.484],[-132.846,55.352],[-133.207,55.384],[-133.213,55.279],[-132.799,55.27],[-132.696,55.147],[-132.641,55.256],[-132.278,54.715],[-132.004,54.694],[-131.977,54.832]]],[[[-132.613,56.401],[-133.055,56.345],[-132.82,56.236],[-132.613,56.401]]],[[[-132.004,56.339],[-132.375,56.488],[-132.072,56.119],[-131.928,56.195],[-132.004,56.339]]],[[[-132.96,56.788],[-132.919,56.507],[-132.539,56.576],[-132.96,56.788]]],[[[-133.885,56.49],[-133.717,56.771],[-133.862,56.81],[-133.994,56.639],[-133.936,56.812],[-134.265,56.942],[-134.108,56.846],[-134.388,56.865],[-134.397,56.73],[-134.086,56.647],[-134.306,56.565],[-134.034,56.486],[-134.293,56.304],[-134.114,55.997],[-133.885,56.49]]],[[[-133.913,57.083],[-134.018,57.018],[-133.738,56.894],[-133.878,56.876],[-133.679,56.854],[-133.659,56.464],[-133.148,56.462],[-133.351,56.832],[-132.974,56.609],[-132.98,56.935],[-133.913,57.083]]],[[[-152.908,57.165],[-153.244,57.211],[-153.412,57.079],[-153.272,56.999],[-152.908,57.165]]],[[[-135.602,57.172],[-135.844,57.325],[-135.841,56.99],[-135.602,57.172]]],[[[-134.621,56.744],[-134.909,57.34],[-135.437,57.55],[-135.673,57.35],[-135.165,57.042],[-135.368,56.829],[-135.122,56.832],[-135.188,56.677],[-134.999,56.762],[-135.11,56.602],[-134.847,56.689],[-135.053,56.538],[-134.667,56.17],[-134.621,56.744]]],[[[-152.161,57.627],[-152.551,57.703],[-152.329,57.826],[-152.486,57.911],[-152.886,57.729],[-152.808,57.908],[-153.284,58.01],[-153.048,57.833],[-153.24,57.902],[-153.179,57.71],[-153.449,57.847],[-153.507,57.627],[-153.665,57.895],[-153.925,57.81],[-153.585,57.617],[-153.885,57.648],[-153.631,57.271],[-154.22,57.676],[-154.803,57.291],[-154.305,56.856],[-154.104,57.114],[-154.495,57.114],[-153.96,57.12],[-154.1,56.965],[-153.74,57.134],[-153.987,56.744],[-153.542,57.176],[-152.959,57.257],[-153.175,57.351],[-152.663,57.3],[-152.973,57.518],[-152.363,57.429],[-152.161,57.627]]],[[[-136.39,57.964],[-136.496,58.095],[-136.451,57.847],[-136.39,57.964]]],[[[-153.418,58.066],[-152.891,57.998],[-153.278,58.147],[-153.418,58.066]]],[[[-135.848,57.394],[-135.546,57.466],[-135.813,57.764],[-134.814,57.497],[-134.914,57.756],[-135.364,57.726],[-135.89,57.99],[-135.014,57.786],[-135.204,57.943],[-134.916,57.847],[-134.925,58.027],[-135.389,58.141],[-135.793,57.984],[-135.485,58.162],[-135.785,58.276],[-136.137,58.223],[-136.101,58.059],[-136.273,58.221],[-136.431,58.107],[-136.033,57.847],[-136.312,57.996],[-136.416,57.826],[-135.848,57.394]]],[[[-134.597,58.237],[-134.258,58.196],[-134.563,58.345],[-134.68,58.309],[-134.597,58.237]]],[[[-134.354,57.093],[-134.176,57.388],[-133.865,57.355],[-134.073,57.511],[-133.84,57.463],[-134.307,58.098],[-133.789,57.589],[-134.177,58.164],[-134.693,58.168],[-134.949,58.409],[-134.654,57.598],[-134.306,57.394],[-134.556,57.398],[-134.615,57.01],[-134.354,57.093]]],[[[-151.966,58.333],[-152.144,58.234],[-152.117,58.401],[-152.42,58.323],[-152.651,58.484],[-152.883,58.409],[-152.767,58.258],[-153.11,58.271],[-152.905,58.168],[-153.23,58.169],[-152.805,57.992],[-152.577,58.207],[-152.548,58.086],[-152.277,58.264],[-152.117,58.148],[-151.966,58.333]]],[[[-160.948,58.738],[-161.172,58.691],[-161.074,58.547],[-160.688,58.819],[-160.948,58.738]]],[[[-147.107,60.286],[-147.116,60.382],[-147.915,59.793],[-147.492,59.862],[-146.922,60.313],[-147.107,60.286]]],[[[-146.189,60.402],[-146.613,60.478],[-146.672,60.271],[-146.189,60.402]]],[[[-147.771,60.41],[-147.799,60.17],[-147.689,60.504],[-147.771,60.41]]],[[[-163.056,69.805],[-163.129,69.702],[-162.841,69.935],[-163.056,69.805]]],[[[-80.321,25.248],[-80.252,25.344],[-80.598,24.95],[-80.321,25.248]]],[[[-82.137,26.585],[-82.082,26.492],[-82.178,26.701],[-82.137,26.585]]],[[[-97.198,26.276],[-97.377,27.208],[-97.166,26.103],[-97.198,26.276]]],[[[-80.389,27.719],[-80.163,27.174],[-80.445,27.857],[-80.389,27.719]]],[[[-91.802,29.49],[-91.72,29.582],[-92.035,29.596],[-91.802,29.49]]],[[[-88.643,30.24],[-88.756,30.25],[-88.538,30.224],[-88.643,30.24]]],[[[-86.694,30.408],[-87.296,30.332],[-86.522,30.401],[-86.694,30.408]]],[[[-118.516,33.423],[-118.304,33.309],[-118.604,33.477],[-118.516,33.423]]],[[[-120.044,34.037],[-120.249,34.001],[-120.11,33.893],[-119.969,33.941],[-120.044,34.037]]],[[[-119.529,34.025],[-119.933,34.06],[-119.817,33.959],[-119.529,34.025]]],[[[-76.897,34.698],[-77.1,34.65],[-76.681,34.705],[-76.897,34.698]]],[[[-75.476,35.695],[-75.517,35.781],[-75.516,35.291],[-75.736,35.188],[-75.516,35.26],[-75.476,35.695]]],[[[-71.919,41.065],[-72.481,40.898],[-72.625,40.908],[-72.247,41.156],[-72.628,40.984],[-73.486,40.946],[-74.04,40.62],[-73.582,40.584],[-73.711,40.61],[-72.651,40.797],[-72.724,40.77],[-71.919,41.065]]],[[[-70.054,41.393],[-70.278,41.308],[-69.967,41.249],[-70.054,41.393]]],[[[-71.286,41.582],[-71.346,41.455],[-71.221,41.661],[-71.286,41.582]]],[[[-122.359,47.977],[-122.724,48.234],[-122.518,48.294],[-122.657,48.385],[-122.744,48.206],[-122.359,47.977]]],[[[-176.265,51.81],[-176.423,51.851],[-176.397,51.742],[-176.265,51.81]]],[[[-177.8,51.796],[-177.622,51.857],[-178.214,51.876],[-177.933,51.599],[-177.8,51.796]]],[[[-177.122,51.933],[-177.672,51.659],[-177.157,51.7],[-177.122,51.933]]],[[[-176.437,51.788],[-176.641,51.857],[-176.546,51.98],[-176.759,51.953],[-176.704,51.788],[-176.905,51.808],[-176.978,51.6],[-176.437,51.788]]],[[[-173.123,52.108],[-174.059,52.125],[-172.956,52.09],[-173.123,52.108]]],[[[-172.407,52.385],[-172.633,52.261],[-172.311,52.316],[-172.407,52.385]]],[[[-174.052,52.241],[-174.19,52.418],[-174.436,52.323],[-174.228,52.268],[-174.339,52.186],[-175.341,52.015],[-174.411,52.043],[-174.052,52.241]]],[[[-167.857,53.393],[-167.807,53.52],[-168.237,53.53],[-168.361,53.271],[-168.623,53.274],[-169.111,52.824],[-167.857,53.393]]],[[[-166.294,53.728],[-166.575,53.714],[-166.225,53.905],[-166.37,54.008],[-166.61,53.831],[-166.635,54.005],[-167.022,53.961],[-167.156,53.83],[-166.706,53.721],[-166.802,53.632],[-167.028,53.705],[-167.144,53.557],[-166.96,53.536],[-167.85,53.31],[-167.508,53.26],[-166.752,53.451],[-166.795,53.57],[-166.659,53.491],[-166.294,53.728]]],[[[-165.739,54.125],[-165.946,54.222],[-166.123,54.118],[-165.739,54.125]]],[[[-165.486,54.174],[-165.627,54.296],[-165.61,54.118],[-165.486,54.174]]],[[[-159.901,55.14],[-159.887,55.297],[-160.223,54.876],[-159.901,55.14]]],[[[-154.9,19.567],[-155.168,19.947],[-155.88,20.252],[-155.835,19.976],[-156.06,19.731],[-155.878,19.029],[-155.675,18.906],[-155.503,19.138],[-154.875,19.413],[-154.9,19.567]]],[[[-156.848,20.877],[-157.063,20.89],[-156.962,20.732],[-156.848,20.877]]],[[[-156.002,20.8],[-156.686,20.964],[-156.408,20.587],[-156.048,20.651],[-156.002,20.8]]],[[[-156.749,21.171],[-157.26,21.222],[-157.304,21.11],[-156.87,21.053],[-156.749,21.171]]],[[[-157.707,21.352],[-157.97,21.709],[-158.279,21.575],[-158.094,21.294],[-157.961,21.389],[-157.704,21.26],[-157.707,21.352]]],[[[-159.301,22.151],[-159.559,22.233],[-159.787,22.019],[-159.437,21.869],[-159.301,22.151]]],[[[179.4,51.408],[178.636,51.637],[179.243,51.354],[179.4,51.408]]],[[[179.781,51.967],[179.486,51.974],[179.642,51.874],[179.781,51.967]]],[[[177.643,52.125],[177.317,51.829],[177.612,51.928],[177.643,52.125]]],[[[173.791,52.502],[173.389,52.404],[173.743,52.361],[173.791,52.502]]],[[[173.377,52.83],[173.127,52.995],[172.476,52.927],[172.944,52.75],[173.377,52.83]]],[[[-163.074,54.688],[-163.354,54.777],[-163.526,55.044],[-163.757,55.06],[-164.478,54.919],[-164.958,54.585],[-164.653,54.392],[-164.133,54.623],[-163.623,54.612],[-163.369,54.765],[-163.074,54.688]]],[[[-161.731,55.161],[-161.906,55.155],[-161.77,55.059],[-161.731,55.161]]],[[[-160.325,55.359],[-160.531,55.325],[-160.336,55.249],[-160.325,55.359]]],[[[-160.497,55.195],[-160.58,55.236],[-160.545,55.386],[-160.784,55.39],[-160.819,55.12],[-160.497,55.195]]],[[[-165.582,59.951],[-165.684,60.3],[-166.157,60.437],[-166.82,60.218],[-167.453,60.217],[-166.182,59.756],[-166.247,59.854],[-165.582,59.951]]],[[[-172.297,60.351],[-173.038,60.565],[-172.626,60.337],[-172.297,60.351]]],[[[-168.741,63.281],[-170.085,63.486],[-170.31,63.699],[-171.544,63.617],[-171.739,63.791],[-171.736,63.376],[-170.845,63.459],[-169.666,62.945],[-168.741,63.281]]],[[[-68.245,44.425],[-68.429,44.326],[-68.341,44.224],[-68.245,44.425]]]]}},{"type":"Feature","properties":{"id":"USG"},"geometry":{"type":"Polygon","coordinates":[[[-75.095,19.897],[-75.137,19.972],[-75.165,19.897],[-75.095,19.897]]]}},{"type":"Feature","properties":{"id":"UZB"},"geometry":{"type":"MultiPolygon","coordinates":[[[[70.959,40.238],[71.254,40.324],[71.707,40.144],[72.166,40.454],[72.394,40.389],[72.352,40.602],[72.625,40.511],[73.149,40.814],[72.658,40.867],[72.332,41.073],[72.165,40.999],[72.158,41.188],[71.872,41.194],[71.671,41.547],[71.416,41.127],[71.18,41.108],[70.77,41.239],[70.668,41.471],[70.167,41.52],[71.238,42.16],[70.948,42.248],[69.036,41.374],[69.031,41.209],[68.571,40.914],[68.614,40.609],[68.462,40.585],[67.991,40.811],[68.131,41.03],[67.937,41.2],[66.733,41.158],[66.504,41.993],[66.009,42.003],[66.101,42.99],[65.795,42.877],[64.923,43.719],[64.427,43.547],[63.208,43.627],[62.026,43.481],[61.036,44.383],[58.531,45.559],[55.976,44.995],[55.978,41.322],[57.03,41.263],[57.161,41.368],[56.978,41.895],[57.382,42.164],[57.85,42.191],[58.016,42.5],[58.491,42.298],[58.121,42.624],[58.535,42.654],[58.588,42.791],[59.258,42.348],[60.028,42.2],[59.906,41.967],[60.253,41.78],[60.049,41.754],[60.094,41.39],[60.478,41.212],[61.281,41.157],[61.433,41.3],[61.878,41.125],[62.453,40.009],[63.709,39.191],[65.604,38.237],[65.877,38.273],[66.624,37.994],[66.52,37.364],[67.781,37.189],[67.829,37.528],[68.361,38.174],[68.055,38.536],[68.101,38.979],[67.691,38.99],[67.668,39.132],[67.35,39.22],[67.488,39.538],[68.517,39.548],[68.759,39.981],[68.881,39.878],[68.775,40.08],[68.985,40.077],[68.581,40.164],[69.285,40.195],[69.198,40.567],[69.355,40.78],[69.718,40.636],[70.401,41.04],[70.767,40.738],[70.371,40.365],[70.622,40.2],[70.959,40.238]]],[[[71.177,40.042],[70.977,40.145],[71.009,39.886],[71.208,39.889],[71.177,40.042]]]]}},{"type":"Feature","properties":{"id":"VAT"},"geometry":{"type":"Polygon","coordinates":[[[12.453,41.903],[12.454,41.904],[12.453,41.904],[12.453,41.903]]]}},{"type":"Feature","properties":{"id":"VCT"},"geometry":{"type":"Polygon","coordinates":[[[-61.167,13.146],[-61.187,13.38],[-61.279,13.216],[-61.167,13.146]]]}},{"type":"Feature","properties":{"id":"VEN"},"geometry":{"type":"MultiPolygon","coordinates":[[[[-60.021,8.558],[-60.976,8.576],[-61.072,8.403],[-61.027,8.501],[-61.284,8.397],[-61.599,8.555],[-61.659,8.617],[-61.209,8.609],[-60.959,9.183],[-61.085,9.102],[-60.785,9.314],[-60.862,9.456],[-61.637,9.899],[-61.593,9.782],[-61.828,9.827],[-61.731,9.694],[-61.743,9.596],[-61.78,9.759],[-61.846,9.651],[-61.831,9.792],[-62.196,10.02],[-62.027,9.874],[-62.195,9.933],[-62.216,9.638],[-62.222,9.938],[-62.319,9.706],[-62.58,10.224],[-62.619,10.092],[-62.801,9.996],[-63.018,10.103],[-62.823,10.042],[-62.627,10.131],[-62.764,10.395],[-63.004,10.275],[-62.995,10.408],[-62.831,10.407],[-62.857,10.532],[-63.011,10.454],[-62.923,10.531],[-62.662,10.567],[-62.335,10.53],[-61.846,10.741],[-64.271,10.673],[-64.234,10.515],[-63.655,10.495],[-64.189,10.478],[-64.777,10.09],[-65.084,10.048],[-65.923,10.282],[-66.122,10.507],[-66.047,10.576],[-66.276,10.652],[-68.13,10.488],[-68.403,11.2],[-68.863,11.453],[-69.624,11.468],[-70.018,12.199],[-70.302,11.858],[-70.212,11.609],[-69.816,11.694],[-69.795,11.437],[-70.162,11.569],[-70.037,11.441],[-71.501,10.96],[-71.446,10.796],[-71.583,10.809],[-71.035,9.74],[-71.073,9.314],[-71.646,9.05],[-71.817,9.233],[-71.735,9.385],[-71.995,9.459],[-72.124,9.826],[-71.63,10.454],[-71.576,10.721],[-71.971,11.555],[-71.328,11.85],[-71.971,11.662],[-72.267,11.155],[-72.499,11.121],[-72.915,10.433],[-72.986,9.812],[-73.391,9.173],[-73.01,9.295],[-72.955,9.104],[-72.791,9.114],[-72.336,8.104],[-72.491,7.938],[-72.479,7.484],[-72.206,7.382],[-71.994,7.013],[-71.184,6.963],[-70.703,7.1],[-70.129,6.973],[-69.444,6.122],[-69.246,6.081],[-69.061,6.218],[-68.635,6.136],[-67.827,6.313],[-67.45,6.198],[-67.617,5.542],[-67.835,5.339],[-67.875,4.533],[-67.632,3.762],[-67.309,3.384],[-67.856,2.79],[-67.627,2.813],[-67.19,2.394],[-66.875,1.223],[-66.285,0.746],[-65.596,0.984],[-65.52,0.651],[-65.137,1.127],[-64.409,1.508],[-64.353,1.366],[-63.995,1.958],[-63.412,2.149],[-63.365,2.413],[-64.048,2.471],[-64.203,3.595],[-64.792,4.284],[-64.59,4.119],[-64.147,4.111],[-64.038,3.882],[-63.352,3.959],[-62.889,3.561],[-62.75,3.66],[-62.744,4.034],[-62.428,4.183],[-61.888,4.15],[-61.552,4.255],[-61.316,4.521],[-60.977,4.535],[-60.592,4.95],[-60.74,5.202],[-61.397,5.946],[-61.122,6.187],[-61.13,6.716],[-60.7,6.767],[-60.304,7.054],[-60.628,7.191],[-60.731,7.525],[-60.526,7.813],[-59.829,8.245],[-60.021,8.558]]],[[[-60.92,9.028],[-61.092,8.822],[-60.865,8.941],[-60.92,9.028]]],[[[-63.847,11.135],[-64.409,10.967],[-63.898,10.885],[-63.847,11.135]]],[[[-61.39,8.581],[-61.54,8.565],[-61.264,8.456],[-61.39,8.581]]],[[[-60.745,8.719],[-60.808,8.633],[-60.618,8.637],[-60.745,8.719]]],[[[-60.951,8.828],[-61.17,8.595],[-60.686,8.789],[-60.732,8.892],[-60.951,8.828]]]]}},{"type":"Feature","properties":{"id":"VGB"},"geometry":{"type":"Polygon","coordinates":[[[-64.635,18.405],[-64.517,18.439],[-64.714,18.386],[-64.635,18.405]]]}},{"type":"Feature","properties":{"id":"VIR"},"geometry":{"type":"Polygon","coordinates":[[[-64.559,17.752],[-64.876,17.776],[-64.895,17.683],[-64.559,17.752]]]}},{"type":"Feature","properties":{"id":"VNM"},"geometry":{"type":"MultiPolygon","coordinates":[[[[107.52,14.705],[107.32,14.12],[107.604,13.499],[107.46,13.022],[107.514,12.344],[107.212,12.306],[106.702,11.971],[106.394,11.97],[106.426,11.662],[106.015,11.771],[105.805,11.625],[105.844,11.29],[106.16,11.054],[106.177,10.767],[105.879,10.828],[105.753,11.016],[105.318,10.839],[105.078,10.947],[105.067,10.714],[104.854,10.531],[104.451,10.42],[104.613,10.144],[104.772,10.227],[105.107,9.953],[104.857,9.738],[104.775,8.818],[104.963,8.719],[104.72,8.614],[104.856,8.566],[105.293,8.788],[105.539,9.129],[106.193,9.369],[105.819,10.008],[106.385,9.548],[106.544,9.585],[106.575,9.739],[106.121,10.241],[106.638,9.826],[106.292,10.262],[106.591,9.981],[106.737,10.054],[106.793,10.162],[106.422,10.317],[106.791,10.285],[106.741,10.468],[106.582,10.453],[106.741,10.669],[106.964,10.467],[106.984,10.699],[106.991,10.481],[107.272,10.378],[107.998,10.699],[108.106,10.918],[109.018,11.356],[109.02,11.633],[109.136,11.57],[109.243,11.736],[109.126,11.864],[109.177,12.129],[109.294,11.871],[109.15,12.44],[109.342,12.379],[109.205,12.646],[109.359,12.797],[109.451,12.571],[109.369,12.825],[109.467,12.898],[109.232,13.393],[109.34,13.465],[109.21,13.631],[109.294,13.53],[109.307,13.876],[108.862,15.152],[108.952,15.25],[108.629,15.456],[108.279,15.996],[108.331,16.155],[108.198,16.004],[108.204,16.217],[107.812,16.313],[106.285,17.772],[106.498,17.711],[106.435,18.124],[106.347,18.059],[106.093,18.259],[105.613,18.986],[105.956,19.925],[106.57,20.232],[106.519,20.541],[106.806,20.678],[106.642,21.02],[106.868,20.883],[107.026,21.034],[107.197,20.938],[107.374,21.028],[107.361,21.239],[107.443,21.288],[107.415,21.329],[107.591,21.294],[107.767,21.52],[107.991,21.486],[107.778,21.656],[107.348,21.599],[107.009,21.927],[106.659,21.963],[106.527,22.438],[106.79,22.797],[106.132,22.975],[105.854,22.905],[105.312,23.366],[104.87,23.164],[104.701,22.818],[104.34,22.686],[104.087,22.792],[103.96,22.507],[103.647,22.799],[103.504,22.581],[103.322,22.79],[103.009,22.43],[102.468,22.769],[102.119,22.398],[102.651,21.658],[102.807,21.836],[102.948,21.737],[102.801,21.255],[103.13,20.855],[103.676,20.657],[104.092,20.961],[104.615,20.646],[104.36,20.44],[104.908,20.175],[104.949,19.995],[104.614,19.607],[104.001,19.681],[104.09,19.484],[103.848,19.3],[105.113,18.698],[105.166,18.307],[105.467,18.181],[105.723,17.674],[106.525,16.989],[106.671,16.444],[106.847,16.53],[106.957,16.307],[107.436,16.069],[107.149,15.773],[107.664,15.269],[107.446,15.025],[107.52,14.705]],[[106.211,9.621],[106.093,9.761],[106.284,9.544],[106.211,9.621]]],[[[104.082,10.371],[103.846,10.371],[104.051,10.008],[104.082,10.371]]],[[[107.08,20.8],[106.913,20.837],[107.046,20.704],[107.08,20.8]]],[[[107.581,21.212],[107.455,21.276],[107.373,21.06],[107.581,21.212]]]]}},{"type":"Feature","properties":{"id":"VUT"},"geometry":{"type":"MultiPolygon","coordinates":[[[[169.84,-20.141],[169.738,-20.209],[169.872,-20.239],[169.84,-20.141]]],[[[169.433,-19.493],[169.243,-19.342],[169.219,-19.49],[169.436,-19.657],[169.433,-19.493]]],[[[169.337,-18.935],[169.152,-18.636],[169.008,-18.65],[168.987,-18.877],[169.337,-18.935]]],[[[168.55,-17.691],[168.323,-17.533],[168.151,-17.718],[168.484,-17.821],[168.55,-17.691]]],[[[168.192,-16.814],[168.481,-16.8],[168.144,-16.573],[168.192,-16.814]]],[[[168.182,-16.348],[168.33,-16.306],[168.172,-16.08],[167.913,-16.233],[168.182,-16.348]]],[[[167.813,-16.42],[167.185,-15.891],[167.147,-16.083],[167.375,-16.193],[167.459,-16.568],[167.761,-16.546],[167.813,-16.42]]],[[[167.206,-15.751],[167.234,-15.642],[167.095,-15.63],[167.206,-15.751]]],[[[167.939,-15.392],[168.002,-15.282],[167.673,-15.45],[167.939,-15.392]]],[[[167.141,-15.536],[167.247,-15.498],[167.083,-14.929],[166.813,-15.16],[166.747,-14.82],[166.556,-14.646],[166.754,-15.628],[167.141,-15.536]]],[[[167.515,-14.141],[167.401,-14.305],[167.562,-14.299],[167.515,-14.141]]],[[[167.453,-13.919],[167.59,-13.857],[167.489,-13.708],[167.453,-13.919]]]]}},{"type":"Feature","properties":{"id":"WLF"},"geometry":{"type":"Polygon","coordinates":[[[-178.142,-14.244],[-178.157,-14.305],[-178.047,-14.319],[-178.142,-14.244]]]}},{"type":"Feature","properties":{"id":"WSB"},"geometry":{"type":"Polygon","coordinates":[[[33.016,34.634],[32.761,34.653],[32.941,34.569],[33.016,34.634]]]}},{"type":"Feature","properties":{"id":"WSM"},"geometry":{"type":"MultiPolygon","coordinates":[[[[-172.201,-13.593],[-172.344,-13.463],[-172.783,-13.52],[-172.523,-13.805],[-172.219,-13.805],[-172.201,-13.593]]],[[[-171.564,-13.949],[-171.835,-13.807],[-172.064,-13.885],[-171.441,-14.052],[-171.564,-13.949]]]]}},{"type":"Feature","properties":{"id":"YEM"},"geometry":{"type":"MultiPolygon","coordinates":[[[[51.979,18.996],[49.036,18.58],[48.162,18.149],[47.428,17.092],[47.161,16.947],[46.97,16.957],[46.71,17.275],[45.891,17.267],[45.165,17.428],[43.915,17.302],[43.413,17.52],[43.165,17.326],[43.18,16.665],[42.789,16.371],[42.835,15.915],[42.692,15.702],[42.809,15.268],[42.712,15.366],[42.618,15.208],[42.864,15.136],[42.937,14.948],[43.022,14.442],[42.959,14.514],[43.281,13.722],[43.226,13.284],[43.462,12.693],[43.946,12.598],[44.611,12.82],[44.881,12.73],[45.015,12.859],[45.059,12.762],[45.118,12.962],[45.666,13.342],[46.701,13.43],[47.398,13.655],[48.017,14.057],[48.696,14.044],[49.372,14.65],[51.368,15.23],[52.228,15.616],[52.156,15.984],[52.293,16.264],[53.09,16.642],[51.979,18.996]]],[[[52.289,12.201],[52.064,12.235],[52.388,12.149],[52.289,12.201]]],[[[54.471,12.544],[54.119,12.701],[53.846,12.599],[53.519,12.714],[53.307,12.543],[53.731,12.3],[54.471,12.544]]]]}},{"type":"Feature","properties":{"id":"ZAF"},"geometry":{"type":"MultiPolygon","coordinates":[[[[19.981,-24.752],[19.982,-28.422],[19.569,-28.531],[19.12,-28.958],[18.746,-28.84],[18.166,-28.902],[17.404,-28.704],[17.346,-28.228],[17.076,-28.027],[16.893,-28.083],[16.74,-28.481],[16.487,-28.573],[17.282,-30.348],[18.277,-31.893],[18.296,-32.609],[17.843,-32.823],[18.432,-33.697],[18.316,-34.157],[18.47,-34.347],[18.478,-34.107],[18.8,-34.09],[18.818,-34.377],[19.14,-34.294],[19.36,-34.5],[19.297,-34.618],[19.999,-34.822],[20.524,-34.454],[21.789,-34.381],[22.169,-34.083],[22.584,-33.994],[23.408,-34.11],[23.636,-33.98],[24.827,-34.206],[25.011,-33.971],[25.698,-34.035],[25.711,-33.774],[26.515,-33.755],[27.897,-33.04],[30.01,-31.292],[31.365,-29.333],[32.379,-28.553],[32.893,-26.846],[32.114,-26.84],[31.99,-26.808],[31.968,-27.316],[31.527,-27.311],[31.142,-27.196],[30.796,-26.786],[30.805,-26.397],[31.309,-25.757],[31.949,-25.958],[31.987,-24.423],[31.528,-23.457],[31.289,-22.397],[30.838,-22.282],[30.335,-22.345],[29.759,-22.131],[29.35,-22.187],[28.302,-22.604],[27.754,-23.221],[27.127,-23.525],[26.839,-24.266],[26.404,-24.633],[25.868,-24.748],[25.458,-25.711],[24.665,-25.823],[23.925,-25.629],[23.459,-25.282],[23.031,-25.299],[22.545,-26.207],[21.665,-26.863],[20.691,-26.892],[20.605,-26.493],[20.841,-26.131],[20.657,-25.468],[19.981,-24.752]],[[28.981,-28.909],[29.312,-29.09],[29.436,-29.342],[29.114,-29.75],[29.151,-29.911],[28.384,-30.144],[28.079,-30.659],[27.714,-30.584],[27.366,-30.311],[27.015,-29.626],[27.35,-29.48],[27.747,-28.909],[28.014,-28.878],[28.155,-28.702],[28.634,-28.571],[28.981,-28.909]]],[[[37.662,-46.829],[37.602,-46.949],[37.864,-46.941],[37.662,-46.829]]]]}},{"type":"Feature","properties":{"id":"ZMB"},"geometry":{"type":"Polygon","coordinates":[[[32.921,-9.408],[31.938,-9.062],[31.937,-8.933],[31.673,-8.913],[31.353,-8.587],[31.034,-8.6],[30.752,-8.194],[28.889,-8.483],[28.893,-8.766],[28.352,-9.272],[28.698,-9.792],[28.57,-10.22],[28.7,-10.643],[28.36,-11.534],[28.508,-11.873],[29.035,-12.379],[29.5,-12.453],[29.474,-12.243],[29.799,-12.154],[29.782,-13.456],[29.617,-13.421],[29.574,-13.225],[29.184,-13.437],[28.994,-13.396],[28.708,-12.89],[28.543,-12.886],[28.423,-12.521],[27.857,-12.262],[27.638,-12.294],[27.18,-11.57],[26.717,-12.013],[25.981,-11.903],[25.345,-11.642],[25.31,-11.195],[24.447,-11.464],[24.285,-11.381],[24.371,-11.1],[23.967,-10.872],[24.031,-12.385],[23.866,-12.79],[24.001,-13.001],[21.98,-13.001],[21.984,-16.166],[22.152,-16.598],[23.382,-17.641],[24.684,-17.492],[25.26,-17.794],[25.681,-17.811],[25.924,-17.999],[26.212,-17.883],[26.7,-18.069],[27.021,-17.959],[27.817,-16.96],[28.809,-16.486],[28.932,-15.964],[29.587,-15.656],[30.396,-15.636],[30.214,-14.981],[33.203,-14.014],[33.14,-13.925],[33,-14.05],[32.663,-13.596],[32.998,-13.202],[33.025,-12.613],[33.527,-12.356],[33.253,-12.14],[33.23,-11.417],[33.391,-11.165],[33.233,-10.883],[33.674,-10.577],[33.304,-10.064],[33.343,-9.831],[33.175,-9.602],[32.987,-9.628],[32.921,-9.408]]]}},{"type":"Feature","properties":{"id":"ZWE"},"geometry":{"type":"Polygon","coordinates":[[[25.26,-17.794],[25.255,-18.001],[25.941,-18.921],[26.155,-19.537],[27.202,-20.093],[27.268,-20.496],[27.698,-20.509],[27.667,-21.071],[27.99,-21.552],[29.039,-21.798],[29.041,-22.021],[29.35,-22.187],[29.759,-22.131],[30.335,-22.345],[30.838,-22.282],[31.289,-22.397],[32.447,-21.314],[32.34,-21.134],[32.482,-20.603],[33.007,-20.032],[33.033,-19.784],[32.763,-19.464],[32.856,-19.084],[32.681,-18.955],[32.903,-18.775],[32.871,-18.536],[33.043,-18.352],[32.927,-17.973],[33.022,-17.346],[32.829,-16.935],[32.969,-16.682],[31.91,-16.429],[31.26,-16.023],[30.403,-16.001],[30.396,-15.636],[29.587,-15.656],[28.932,-15.964],[28.809,-16.486],[27.817,-16.96],[27.021,-17.959],[26.7,-18.069],[26.212,-17.883],[25.924,-17.999],[25.681,-17.811],[25.26,-17.794]]]}}]}
