{"type":"FeatureCollection","features":[{"type":"Feature","geometry":{"type":"MultiPolygon","coordinates":[[[[91.494253,22.654056],[91.496343,22.650201],[91.501355,22.6441],[91.504006,22.641452],[91.509416,22.637364],[91.517221,22.632185],[91.519262,22.629072],[91.518978,22.623295],[91.519908,22.619554],[91.527042,22.609813],[91.536857,22.598956],[91.53957,22.594873],[91.54219,22.592285],[91.547139,22.588672],[91.553348,22.583301],[91.556294,22.580301],[91.560837,22.574109],[91.569707,22.558321],[91.576605,22.547676],[91.592613,22.527371],[91.598821,22.518556],[91.612371,22.501697],[91.61573,22.496599],[91.61966,22.487397],[91.622423,22.482205],[91.626432,22.472305],[91.628734,22.467402],[91.632805,22.457156],[91.634914,22.450902],[91.636539,22.444675],[91.641616,22.422629],[91.643001,22.411075],[91.643974,22.406692],[91.644904,22.406429],[91.664019,22.40739],[91.67776,22.4079],[91.700955,22.408453],[91.728659,22.40863],[91.739016,22.408892],[91.741056,22.405863],[91.740825,22.404704],[91.745091,22.398978],[91.744693,22.394631],[91.745383,22.393448],[91.745843,22.38811],[91.746815,22.385081],[91.750849,22.379693],[91.751585,22.377104],[91.742311,22.377083],[91.742602,22.372376],[91.743831,22.367949],[91.745335,22.358507],[91.751738,22.305215],[91.754967,22.285085],[91.758409,22.278067],[91.762807,22.275111],[91.765429,22.271608],[91.773319,22.26296],[91.777194,22.253117],[91.776355,22.250024],[91.778547,22.244168],[91.777197,22.242817],[91.777815,22.238965],[91.777889,22.234248],[91.778529,22.232132],[91.781039,22.230366],[91.786439,22.225344],[91.798257,22.2198],[91.807151,22.211587],[91.812169,22.207837],[91.813936,22.198732],[91.812233,22.195062],[91.808693,22.189204],[91.810394,22.182064],[91.810574,22.177499],[91.811352,22.17293],[91.813321,22.168124],[91.815279,22.161974],[91.819162,22.158159],[91.820917,22.155021],[91.822183,22.150767],[91.824886,22.147855],[91.826048,22.145395],[91.829726,22.134227],[91.829937,22.132112],[91.834241,22.123274],[91.837971,22.116221],[91.842554,22.110496],[91.84814,22.108541],[91.852811,22.109267],[91.856149,22.109229],[91.857688,22.108209],[91.860212,22.095277],[91.859596,22.090864],[91.861748,22.089329],[91.862812,22.081789],[91.864593,22.075266],[91.866887,22.070564],[91.870034,22.065652],[91.867756,22.064538],[91.868873,22.061102],[91.871588,22.055853],[91.877464,22.046832],[91.880351,22.045374],[91.880739,22.042288],[91.879754,22.037637],[91.87866,22.035371],[91.878083,22.030804],[91.880168,22.020421],[91.883846,22.017512],[91.885106,22.012598],[91.885259,22.008042],[91.884542,22.002286],[91.883356,21.996604],[91.88239,21.988128],[91.882332,21.977214],[91.87927,21.962491],[91.878258,21.952981],[91.877648,21.949832],[91.877632,21.945743],[91.878747,21.942251],[91.879951,21.94081],[91.882758,21.940379],[91.892108,21.940215],[91.896713,21.941701],[91.898897,21.94048],[91.899144,21.936027],[91.904424,21.933229],[91.906596,21.931037],[91.906603,21.926988],[91.904245,21.919714],[91.90482,21.917027],[91.904369,21.913021],[91.905574,21.904125],[91.907283,21.894584],[91.909741,21.886827],[91.912716,21.879462],[91.912757,21.872927],[91.913342,21.868818],[91.913225,21.863243],[91.914322,21.85778],[91.90401,21.859096],[91.903299,21.850233],[91.892693,21.819981],[91.864112,21.75539],[91.85575,21.731487],[91.858933,21.729047],[91.8655,21.726191],[91.872823,21.722236],[91.869049,21.712162],[91.866111,21.709135],[91.86283,21.70197],[91.858904,21.697241],[91.855982,21.690599],[91.854658,21.685137],[91.85435,21.680021],[91.854471,21.672246],[91.848117,21.656857],[91.843561,21.647662],[91.842224,21.624561],[91.845584,21.601407],[91.846446,21.587042],[91.852695,21.575033],[91.853295,21.562395],[91.850531,21.553523],[91.849762,21.544995],[91.849266,21.54373],[91.846554,21.543156],[91.842741,21.539554],[91.841903,21.533887],[91.844816,21.526925],[91.847269,21.518953],[91.848832,21.516307],[91.854184,21.510393],[91.857134,21.506417],[91.860786,21.502433],[91.866379,21.49556],[91.870042,21.492413],[91.873971,21.490218],[91.879718,21.485434],[91.886555,21.481056],[91.890661,21.477724],[91.893938,21.474461],[91.900782,21.475637],[91.90403,21.475063],[91.90873,21.472464],[91.91169,21.473327],[91.917637,21.474155],[91.918881,21.477231],[91.92132,21.479306],[91.921868,21.484604],[91.921167,21.487545],[91.92183,21.490962],[91.925279,21.493025],[91.933105,21.494364],[91.937917,21.495806],[91.941231,21.497761],[91.944246,21.503484],[91.947264,21.503018],[91.95165,21.498106],[91.954587,21.497552],[91.961775,21.499936],[91.964549,21.496245],[91.968609,21.489395],[91.972389,21.485124],[91.975642,21.480601],[91.976188,21.477581],[91.975433,21.474817],[91.971645,21.474832],[91.970393,21.476353],[91.967699,21.47531],[91.96521,21.475281],[91.960783,21.473091],[91.956492,21.469174],[91.95351,21.467536],[91.94662,21.465711],[91.946015,21.464012],[91.947527,21.458613],[91.950948,21.45481],[91.952618,21.450436],[91.95681,21.443115],[91.963863,21.436089],[91.972957,21.425564],[91.977445,21.421423],[91.98644,21.410734],[91.988276,21.407148],[91.996655,21.396583],[92.000289,21.393578],[92.003274,21.387949],[92.017393,21.368235],[92.020431,21.36275],[92.02326,21.355173],[92.023663,21.351953],[92.02529,21.348487],[92.027852,21.34154],[92.029226,21.336627],[92.033661,21.323291],[92.035022,21.314784],[92.038651,21.311589],[92.040079,21.307983],[92.042677,21.304034],[92.042905,21.298391],[92.044475,21.293976],[92.046713,21.289885],[92.047989,21.286239],[92.046375,21.281407],[92.045754,21.27607],[92.047308,21.269723],[92.046757,21.26614],[92.046841,21.260666],[92.045418,21.248498],[92.044576,21.245302],[92.044803,21.241879],[92.043766,21.234495],[92.044396,21.230554],[92.046739,21.223556],[92.045496,21.214423],[92.04714,21.208031],[92.047782,21.20328],[92.047339,21.200933],[92.047137,21.18798],[92.046179,21.184571],[92.047274,21.18302],[92.049651,21.176877],[92.051987,21.172787],[92.053784,21.170842],[92.054438,21.167029],[92.059224,21.160385],[92.06107,21.158825],[92.066778,21.151359],[92.079368,21.137523],[92.082742,21.132778],[92.093879,21.119474],[92.099721,21.112048],[92.114993,21.095013],[92.115764,21.093165],[92.124244,21.083954],[92.135218,21.070947],[92.143015,21.061999],[92.160146,21.04344],[92.164529,21.037957],[92.174002,21.027062],[92.178804,21.020672],[92.18524,21.0108],[92.188204,21.004863],[92.191719,20.993017],[92.197318,20.975888],[92.198103,20.972031],[92.202695,20.957649],[92.207238,20.950878],[92.21146,20.942486],[92.213049,20.937593],[92.215915,20.931356],[92.217462,20.926676],[92.220091,20.922881],[92.223595,20.916765],[92.223627,20.914326],[92.224783,20.912473],[92.236195,20.898173],[92.244054,20.886612],[92.24943,20.879532],[92.253117,20.873952],[92.254447,20.870866],[92.260899,20.860459],[92.265845,20.853133],[92.269322,20.84701],[92.27542,20.835548],[92.278335,20.829635],[92.280769,20.826993],[92.281474,20.824821],[92.284887,20.818086],[92.28681,20.812595],[92.288728,20.808919],[92.290669,20.801713],[92.292805,20.795912],[92.296845,20.786232],[92.298759,20.777313],[92.300692,20.771088],[92.302549,20.766964],[92.304554,20.761207],[92.307256,20.755601],[92.311682,20.747976],[92.31538,20.742359],[92.326457,20.733744],[92.330093,20.730473],[92.33772,20.725333],[92.33958,20.723594],[92.34437,20.721447],[92.346167,20.719915],[92.353225,20.718615],[92.357438,20.719108],[92.360708,20.721001],[92.363988,20.720016],[92.36869,20.717791],[92.368343,20.721977],[92.364019,20.727604],[92.360513,20.741949],[92.360182,20.746439],[92.36181,20.750067],[92.360477,20.753573],[92.352582,20.767448],[92.347487,20.777309],[92.346718,20.778094],[92.345338,20.784903],[92.342951,20.793196],[92.342167,20.797266],[92.339544,20.807172],[92.337433,20.816542],[92.335717,20.822031],[92.334935,20.826141],[92.331069,20.839247],[92.325174,20.855887],[92.320747,20.869939],[92.317657,20.878587],[92.315863,20.884709],[92.314852,20.886639],[92.310619,20.89155],[92.30822,20.893644],[92.303515,20.89897],[92.298704,20.903683],[92.293553,20.909606],[92.290694,20.912152],[92.284104,20.919176],[92.279056,20.926971],[92.277269,20.930241],[92.270869,20.940443],[92.270502,20.942882],[92.271116,20.961171],[92.271335,20.973949],[92.271839,20.978121],[92.271546,20.980791],[92.269582,20.988784],[92.269042,20.992322],[92.26364,21.011746],[92.254016,21.023661],[92.253541,21.036454],[92.254582,21.039628],[92.257254,21.050093],[92.26181,21.055879],[92.264591,21.062265],[92.263515,21.067442],[92.258825,21.079172],[92.254503,21.081772],[92.245963,21.088865],[92.236404,21.095153],[92.234061,21.097057],[92.229653,21.10819],[92.22616,21.114978],[92.223905,21.120435],[92.217966,21.122899],[92.211323,21.120146],[92.207487,21.118979],[92.201354,21.124062],[92.198129,21.138244],[92.199656,21.142288],[92.203137,21.14637],[92.203387,21.150389],[92.202484,21.153821],[92.199754,21.161503],[92.192787,21.16347],[92.187499,21.160974],[92.181779,21.158934],[92.176735,21.159724],[92.173423,21.169897],[92.173316,21.172792],[92.1741,21.17576],[92.173411,21.179973],[92.174835,21.182761],[92.180541,21.185085],[92.182354,21.187886],[92.183422,21.190924],[92.185699,21.193866],[92.196335,21.201442],[92.200349,21.200762],[92.202484,21.203356],[92.204149,21.207443],[92.206208,21.209613],[92.20621,21.213543],[92.207376,21.216512],[92.211129,21.220917],[92.210595,21.223902],[92.21283,21.225532],[92.216899,21.227298],[92.220676,21.233554],[92.218972,21.234868],[92.215607,21.241446],[92.214203,21.24521],[92.211976,21.248128],[92.213341,21.251565],[92.216223,21.255175],[92.218965,21.256317],[92.218764,21.26314],[92.216829,21.266464],[92.216164,21.269559],[92.217432,21.27462],[92.217473,21.278222],[92.215378,21.281909],[92.213219,21.284055],[92.210445,21.285451],[92.20906,21.287117],[92.209707,21.288892],[92.205285,21.296093],[92.198401,21.309456],[92.198322,21.312419],[92.199296,21.316341],[92.198031,21.319922],[92.198067,21.326074],[92.197354,21.328401],[92.200881,21.33145],[92.20221,21.333368],[92.206002,21.333781],[92.207155,21.336757],[92.21308,21.340386],[92.215453,21.346177],[92.222511,21.348718],[92.224341,21.351898],[92.226322,21.351668],[92.22765,21.349657],[92.231166,21.34915],[92.231492,21.352803],[92.233373,21.3539],[92.239936,21.355178],[92.243479,21.35514],[92.246658,21.356969],[92.249388,21.355928],[92.252534,21.356375],[92.254661,21.358652],[92.25513,21.361623],[92.258263,21.363116],[92.258788,21.364536],[92.254552,21.367787],[92.252588,21.372421],[92.255376,21.375106],[92.256776,21.378478],[92.255433,21.379774],[92.255793,21.382514],[92.253764,21.385445],[92.25611,21.391057],[92.259931,21.393994],[92.263053,21.395487],[92.265022,21.398648],[92.269563,21.400041],[92.268682,21.40171],[92.264897,21.405025],[92.263606,21.409023],[92.268689,21.413665],[92.269188,21.421474],[92.269859,21.423045],[92.269212,21.427704],[92.272705,21.428111],[92.277525,21.427772],[92.280836,21.429221],[92.284679,21.429239],[92.291605,21.430957],[92.292761,21.430061],[92.295242,21.422166],[92.297284,21.41905],[92.299159,21.419887],[92.300791,21.42328],[92.303896,21.422431],[92.306462,21.418883],[92.310856,21.417044],[92.313684,21.417407],[92.315553,21.421002],[92.316967,21.421086],[92.320523,21.418204],[92.324975,21.41763],[92.327122,21.419399],[92.330172,21.419763],[92.330587,21.425744],[92.327705,21.42675],[92.32685,21.431512],[92.327871,21.432716],[92.335203,21.434793],[92.337383,21.436884],[92.337283,21.44147],[92.336403,21.447334],[92.339151,21.448386],[92.340937,21.451657],[92.341038,21.457026],[92.341748,21.46193],[92.343872,21.46709],[92.348925,21.463624],[92.352496,21.462499],[92.353127,21.465542],[92.355901,21.466743],[92.363331,21.474507],[92.366043,21.478812],[92.367623,21.479769],[92.373904,21.477696],[92.379719,21.481225],[92.383325,21.478306],[92.38753,21.473348],[92.390473,21.471389],[92.393692,21.467547],[92.395842,21.463579],[92.398745,21.460458],[92.401491,21.459324],[92.403805,21.457232],[92.40355,21.453516],[92.406231,21.450416],[92.412013,21.442013],[92.414347,21.441254],[92.416482,21.44209],[92.424006,21.435474],[92.426527,21.432223],[92.427551,21.423784],[92.428808,21.417865],[92.431348,21.410476],[92.431778,21.407147],[92.430802,21.402518],[92.428053,21.398136],[92.427206,21.395552],[92.427358,21.388071],[92.427956,21.382778],[92.427813,21.379972],[92.43008,21.377522],[92.430018,21.373821],[92.431679,21.37286],[92.436617,21.37277],[92.438181,21.366637],[92.44136,21.365288],[92.445726,21.366793],[92.448887,21.364635],[92.451232,21.3676],[92.456659,21.369191],[92.45918,21.368193],[92.461709,21.365318],[92.465027,21.364637],[92.470481,21.362081],[92.47241,21.356249],[92.473336,21.354888],[92.476408,21.354296],[92.481832,21.356968],[92.484806,21.357547],[92.492972,21.354588],[92.494697,21.354373],[92.497353,21.351467],[92.505267,21.358179],[92.507603,21.359786],[92.509268,21.362731],[92.507971,21.364866],[92.50807,21.37064],[92.506398,21.375552],[92.506578,21.377297],[92.510112,21.378311],[92.513573,21.376336],[92.517965,21.375785],[92.520717,21.374372],[92.523937,21.371544],[92.52587,21.371597],[92.530109,21.373677],[92.535372,21.378223],[92.541668,21.381032],[92.552647,21.382822],[92.556699,21.384406],[92.559947,21.380422],[92.563061,21.371132],[92.561916,21.365479],[92.562224,21.363089],[92.564648,21.359334],[92.566036,21.355986],[92.566205,21.350765],[92.568733,21.345912],[92.569482,21.341226],[92.571724,21.336562],[92.575205,21.321688],[92.577628,21.314896],[92.579864,21.306729],[92.584443,21.293531],[92.584892,21.28915],[92.585797,21.286209],[92.589341,21.280281],[92.589794,21.278753],[92.59165,21.260545],[92.59473,21.246136],[92.595564,21.244419],[92.59821,21.24417],[92.602778,21.246951],[92.612881,21.247614],[92.616616,21.248206],[92.621328,21.250265],[92.620453,21.254676],[92.621241,21.257413],[92.623267,21.259995],[92.627354,21.263134],[92.630469,21.268814],[92.635513,21.272586],[92.640531,21.273929],[92.643384,21.272916],[92.645775,21.274873],[92.64883,21.279902],[92.651255,21.280633],[92.654422,21.277437],[92.659428,21.278996],[92.665901,21.282076],[92.669124,21.282454],[92.675238,21.284212],[92.679159,21.286364],[92.680052,21.28869],[92.679227,21.296282],[92.6781,21.2996],[92.674194,21.303761],[92.671658,21.309579],[92.667693,21.313579],[92.665442,21.316697],[92.663612,21.323567],[92.66093,21.330871],[92.65833,21.340732],[92.656821,21.344925],[92.652246,21.355847],[92.650127,21.366138],[92.648229,21.381243],[92.649564,21.388341],[92.64922,21.391499],[92.646139,21.395888],[92.64488,21.398916],[92.642792,21.407124],[92.639607,21.41834],[92.639032,21.421378],[92.63895,21.428182],[92.637896,21.432223],[92.632325,21.442948],[92.631322,21.446038],[92.630577,21.454401],[92.627724,21.459905],[92.626568,21.464736],[92.625241,21.475956],[92.626169,21.487093],[92.625613,21.491359],[92.623055,21.498127],[92.621771,21.502819],[92.621246,21.510285],[92.618174,21.515856],[92.619337,21.523731],[92.618995,21.534276],[92.61569,21.552579],[92.614898,21.560055],[92.614821,21.568419],[92.610272,21.577618],[92.608492,21.583688],[92.60808,21.603782],[92.608646,21.616516],[92.609618,21.621046],[92.609336,21.623572],[92.606336,21.636177],[92.605975,21.640083],[92.602002,21.653823],[92.601516,21.657866],[92.603555,21.664585],[92.604484,21.67848],[92.606068,21.685565],[92.605925,21.689966],[92.601213,21.698461],[92.599971,21.702135],[92.601129,21.706391],[92.601153,21.711368],[92.603713,21.722258],[92.605039,21.723919],[92.60655,21.728648],[92.605806,21.738575],[92.604596,21.74281],[92.607311,21.747015],[92.607003,21.749929],[92.604733,21.752511],[92.604932,21.75451],[92.607022,21.755849],[92.607975,21.76326],[92.60978,21.766786],[92.610902,21.775663],[92.610887,21.781475],[92.609834,21.78387],[92.609725,21.791406],[92.607872,21.793929],[92.608488,21.797364],[92.607172,21.801458],[92.608891,21.810683],[92.609296,21.816395],[92.614931,21.819816],[92.620276,21.822234],[92.621156,21.824637],[92.620459,21.827934],[92.615698,21.829949],[92.614609,21.831049],[92.615416,21.835589],[92.613328,21.840845],[92.612439,21.844547],[92.613558,21.85079],[92.61715,21.853633],[92.620606,21.860764],[92.62508,21.860413],[92.630355,21.861365],[92.631572,21.862887],[92.63065,21.866398],[92.631183,21.870989],[92.632177,21.873349],[92.632049,21.876378],[92.630597,21.879191],[92.627558,21.897311],[92.624906,21.90599],[92.623237,21.912671],[92.618095,21.924333],[92.615825,21.928021],[92.614692,21.931472],[92.616155,21.936436],[92.613268,21.942377],[92.61071,21.946244],[92.612178,21.953729],[92.610004,21.958316],[92.60976,21.965136],[92.606562,21.970292],[92.606757,21.973279],[92.604352,21.978987],[92.604288,21.98178],[92.609658,21.984665],[92.610683,21.986014],[92.610444,21.992551],[92.608735,21.996438],[92.60635,21.999615],[92.603876,22.000467],[92.598366,22.005628],[92.597312,22.008365],[92.597362,22.01174],[92.598154,22.015395],[92.599871,22.020148],[92.599936,22.022388],[92.599008,22.028373],[92.594179,22.032573],[92.592797,22.034791],[92.591791,22.039948],[92.592378,22.042949],[92.595962,22.047763],[92.59773,22.051369],[92.599057,22.056947],[92.598982,22.060711],[92.593774,22.063211],[92.590769,22.06686],[92.589437,22.071156],[92.588628,22.076328],[92.589132,22.080132],[92.588566,22.082193],[92.586389,22.083406],[92.581131,22.090657],[92.581303,22.096732],[92.579365,22.100988],[92.57655,22.105029],[92.575245,22.108097],[92.573818,22.11556],[92.572018,22.118428],[92.562637,22.125877],[92.561433,22.128291],[92.563272,22.133516],[92.564766,22.134801],[92.572327,22.137063],[92.574993,22.139001],[92.578819,22.143267],[92.590854,22.140302],[92.591677,22.138355],[92.590479,22.133456],[92.590419,22.129932],[92.591554,22.127874],[92.594957,22.12535],[92.599599,22.123913],[92.604192,22.124808],[92.606182,22.126144],[92.607064,22.131845],[92.606547,22.135089],[92.610065,22.135931],[92.608663,22.144749],[92.607041,22.156883],[92.607866,22.164433],[92.607362,22.171422],[92.606006,22.172008],[92.595604,22.173769],[92.594729,22.175566],[92.596385,22.177208],[92.594786,22.181043],[92.594705,22.183969],[92.595984,22.189627],[92.595187,22.194777],[92.594332,22.197056],[92.593395,22.206361],[92.591062,22.211532],[92.589928,22.212304],[92.587879,22.216332],[92.587733,22.219636],[92.589033,22.221953],[92.58758,22.225985],[92.587795,22.229132],[92.590339,22.234582],[92.589569,22.235863],[92.591409,22.239883],[92.590602,22.246134],[92.589616,22.247874],[92.590683,22.250425],[92.589939,22.254181],[92.587253,22.258505],[92.583651,22.259937],[92.586132,22.262511],[92.583176,22.264307],[92.582151,22.266693],[92.579773,22.266348],[92.577652,22.2683],[92.579098,22.270202],[92.576278,22.271549],[92.576096,22.273355],[92.580865,22.27569],[92.579183,22.278641],[92.580344,22.280715],[92.577053,22.283295],[92.577989,22.284912],[92.580704,22.285889],[92.577735,22.287534],[92.578966,22.292335],[92.581621,22.294841],[92.582239,22.298171],[92.580804,22.301006],[92.581989,22.302933],[92.579383,22.30559],[92.581167,22.307031],[92.57779,22.309908],[92.580118,22.310853],[92.580772,22.314149],[92.579457,22.315258],[92.580296,22.31775],[92.57799,22.321233],[92.578696,22.324415],[92.574783,22.327007],[92.573787,22.332313],[92.575304,22.337193],[92.575209,22.339942],[92.573202,22.342619],[92.572722,22.345483],[92.573624,22.347904],[92.571065,22.355219],[92.570465,22.358991],[92.567343,22.36011],[92.566157,22.363842],[92.566615,22.367703],[92.565638,22.370007],[92.562725,22.370421],[92.561735,22.372599],[92.562451,22.376171],[92.560971,22.376603],[92.559468,22.382671],[92.561248,22.383801],[92.560933,22.386676],[92.561723,22.389422],[92.559569,22.38965],[92.560422,22.391923],[92.560031,22.3958],[92.556703,22.398987],[92.559942,22.400699],[92.559725,22.403067],[92.557743,22.40264],[92.55542,22.404571],[92.557663,22.405987],[92.557719,22.408182],[92.556464,22.409544],[92.55279,22.408158],[92.553281,22.411353],[92.552815,22.41385],[92.554475,22.416534],[92.553721,22.418525],[92.551047,22.419917],[92.554467,22.42365],[92.553798,22.425171],[92.554636,22.427421],[92.554457,22.43078],[92.55215,22.435493],[92.550275,22.436928],[92.550964,22.438994],[92.550377,22.444343],[92.551595,22.448605],[92.550509,22.452922],[92.548607,22.45531],[92.550357,22.457718],[92.546086,22.46382],[92.545104,22.471207],[92.546546,22.475328],[92.544232,22.476845],[92.545354,22.482889],[92.545335,22.486052],[92.543532,22.493521],[92.545956,22.495984],[92.542744,22.497504],[92.546836,22.501215],[92.548361,22.50737],[92.550842,22.507042],[92.550544,22.511845],[92.549602,22.514505],[92.546934,22.514924],[92.544737,22.512909],[92.543372,22.514053],[92.545621,22.517328],[92.543768,22.521147],[92.54153,22.521809],[92.541917,22.524031],[92.539722,22.528286],[92.541253,22.529454],[92.541295,22.53389],[92.538584,22.534619],[92.539543,22.53666],[92.539646,22.540517],[92.537562,22.541609],[92.537386,22.544923],[92.533852,22.543705],[92.531993,22.544626],[92.531547,22.547118],[92.532518,22.549989],[92.531501,22.552499],[92.527506,22.556995],[92.522974,22.558657],[92.522002,22.560636],[92.524693,22.562043],[92.52813,22.566193],[92.528252,22.567983],[92.527151,22.572733],[92.530601,22.573027],[92.532928,22.572098],[92.537395,22.57465],[92.537917,22.576861],[92.536423,22.579055],[92.537589,22.581258],[92.537251,22.585563],[92.534185,22.58525],[92.532798,22.586003],[92.533266,22.588639],[92.535806,22.587723],[92.534851,22.591701],[92.537244,22.593857],[92.534585,22.600223],[92.530166,22.604691],[92.531379,22.609588],[92.533686,22.60852],[92.535366,22.611305],[92.532131,22.612191],[92.528834,22.615446],[92.529795,22.619877],[92.527543,22.621246],[92.52904,22.624583],[92.532196,22.628605],[92.53221,22.633317],[92.526909,22.633311],[92.527583,22.636132],[92.526649,22.638887],[92.52486,22.63998],[92.524067,22.650336],[92.526591,22.650506],[92.526346,22.653541],[92.523678,22.654606],[92.523766,22.658581],[92.52659,22.660947],[92.528668,22.665098],[92.525815,22.666116],[92.525344,22.673296],[92.522346,22.674867],[92.522397,22.679511],[92.521074,22.683982],[92.518544,22.688998],[92.518601,22.693236],[92.516285,22.701779],[92.515276,22.706864],[92.51362,22.70819],[92.513661,22.710304],[92.516846,22.71502],[92.517174,22.717793],[92.516337,22.722234],[92.513928,22.723994],[92.512963,22.726262],[92.509345,22.729307],[92.512239,22.732159],[92.511325,22.73341],[92.508716,22.732305],[92.507739,22.733659],[92.506901,22.738111],[92.504836,22.739331],[92.501938,22.737575],[92.50039,22.73755],[92.49714,22.739632],[92.492363,22.740778],[92.484673,22.74369],[92.479147,22.747419],[92.477811,22.749651],[92.478633,22.753859],[92.477021,22.754981],[92.476551,22.759236],[92.47438,22.761032],[92.474683,22.763548],[92.473514,22.768934],[92.475201,22.77174],[92.472604,22.778616],[92.473054,22.781227],[92.470253,22.782476],[92.469393,22.78427],[92.469297,22.787474],[92.47056,22.795164],[92.470128,22.798687],[92.465711,22.801403],[92.46479,22.802853],[92.466397,22.807746],[92.464867,22.810478],[92.463022,22.81022],[92.461855,22.807408],[92.459265,22.816031],[92.459553,22.818741],[92.455884,22.820202],[92.458808,22.823007],[92.458085,22.824745],[92.455726,22.826871],[92.459866,22.829021],[92.462359,22.832064],[92.458254,22.837767],[92.455064,22.843903],[92.459431,22.841762],[92.464569,22.842222],[92.463969,22.843594],[92.460595,22.845504],[92.461482,22.847406],[92.461195,22.851078],[92.458844,22.851137],[92.45896,22.853275],[92.464172,22.854526],[92.464475,22.85662],[92.461198,22.858531],[92.461151,22.861228],[92.456894,22.860489],[92.454743,22.866293],[92.456481,22.8695],[92.459646,22.871331],[92.456506,22.87314],[92.449831,22.875789],[92.447914,22.878931],[92.448825,22.884117],[92.448554,22.891623],[92.44694,22.896374],[92.445275,22.897783],[92.436425,22.887404],[92.434078,22.885774],[92.432834,22.887107],[92.432656,22.891524],[92.42761,22.896255],[92.421844,22.905159],[92.420625,22.909764],[92.420372,22.914446],[92.420962,22.919344],[92.419177,22.919396],[92.414114,22.915031],[92.412364,22.91497],[92.408402,22.917402],[92.406034,22.91809],[92.403263,22.916688],[92.402857,22.912286],[92.400143,22.912824],[92.397043,22.91571],[92.397668,22.918278],[92.400823,22.926277],[92.397177,22.930536],[92.395575,22.931026],[92.384377,22.929222],[92.376173,22.929419],[92.375441,22.932511],[92.371985,22.93519],[92.375053,22.936803],[92.372946,22.943098],[92.376307,22.949148],[92.376008,22.956034],[92.374921,22.958147],[92.374712,22.963876],[92.374065,22.967475],[92.374371,22.97167],[92.378113,22.975587],[92.380199,22.974689],[92.381517,22.976962],[92.379327,22.979146],[92.380216,22.980579],[92.383535,22.98115],[92.384301,22.985257],[92.382498,22.986686],[92.382436,22.989707],[92.385398,22.993041],[92.383755,22.995151],[92.38212,23.001035],[92.383744,23.006125],[92.382605,23.010324],[92.379567,23.011963],[92.38137,23.018459],[92.383116,23.021337],[92.382946,23.02478],[92.384298,23.028901],[92.382473,23.033214],[92.382864,23.038348],[92.386129,23.039526],[92.387476,23.040932],[92.388871,23.049118],[92.391402,23.049917],[92.392462,23.05237],[92.390596,23.054116],[92.390716,23.058722],[92.387693,23.062686],[92.388181,23.063977],[92.387113,23.067507],[92.383631,23.071347],[92.384654,23.073466],[92.384149,23.077045],[92.382021,23.079043],[92.381415,23.082081],[92.379002,23.086669],[92.377034,23.08762],[92.373929,23.086463],[92.371029,23.089141],[92.370597,23.091775],[92.368856,23.094821],[92.368733,23.097296],[92.366677,23.096821],[92.362826,23.098125],[92.361832,23.09932],[92.359533,23.105428],[92.357751,23.106944],[92.3604,23.111897],[92.360426,23.113211],[92.363723,23.120449],[92.365784,23.122048],[92.367184,23.126389],[92.364019,23.127685],[92.361866,23.130132],[92.356747,23.134082],[92.357662,23.13925],[92.359523,23.141096],[92.36081,23.144263],[92.358681,23.146112],[92.36054,23.147808],[92.360342,23.150536],[92.361981,23.155179],[92.363828,23.155826],[92.360279,23.162126],[92.35939,23.16743],[92.357982,23.169268],[92.357366,23.176152],[92.355524,23.180244],[92.359927,23.180334],[92.359591,23.182533],[92.356852,23.184447],[92.35342,23.184212],[92.352581,23.19098],[92.352937,23.198],[92.352652,23.20083],[92.353665,23.202397],[92.353081,23.205275],[92.354281,23.207166],[92.354886,23.212772],[92.354322,23.22184],[92.353014,23.224024],[92.352495,23.227305],[92.350512,23.229684],[92.35084,23.233311],[92.350005,23.235023],[92.370669,23.235649],[92.384331,23.235571],[92.398483,23.236192],[92.400304,23.236966],[92.400509,23.239937],[92.39713,23.241738],[92.392112,23.249224],[92.391859,23.250537],[92.394093,23.254999],[92.393247,23.256946],[92.388947,23.259227],[92.387983,23.260497],[92.386839,23.265229],[92.388025,23.266315],[92.390829,23.26478],[92.392872,23.265381],[92.388776,23.276518],[92.38852,23.280508],[92.386094,23.283174],[92.382531,23.285187],[92.383202,23.291043],[92.384963,23.293731],[92.383885,23.29646],[92.385311,23.298352],[92.384211,23.300466],[92.387058,23.303844],[92.387017,23.305373],[92.383651,23.308755],[92.378656,23.311946],[92.377689,23.313759],[92.378597,23.318638],[92.377469,23.320486],[92.374121,23.319142],[92.373006,23.319551],[92.370441,23.323549],[92.369376,23.323486],[92.369901,23.319316],[92.367782,23.319224],[92.365539,23.323217],[92.365791,23.324477],[92.368959,23.326544],[92.37407,23.332463],[92.375942,23.336059],[92.375622,23.340533],[92.376655,23.345439],[92.381252,23.351077],[92.380001,23.355619],[92.376785,23.356623],[92.379265,23.359864],[92.378458,23.363977],[92.369992,23.36692],[92.370421,23.371229],[92.368854,23.372289],[92.365048,23.36725],[92.363374,23.366741],[92.358476,23.369433],[92.356825,23.373084],[92.357474,23.374736],[92.360394,23.375452],[92.364374,23.378224],[92.362537,23.380572],[92.358762,23.37981],[92.35521,23.379956],[92.354149,23.381965],[92.356819,23.384563],[92.358175,23.39044],[92.354647,23.389602],[92.353706,23.395484],[92.351349,23.404502],[92.35399,23.402803],[92.355722,23.404772],[92.355822,23.408865],[92.354383,23.411548],[92.348394,23.410945],[92.346909,23.412595],[92.345529,23.422566],[92.344853,23.43141],[92.34387,23.432867],[92.340351,23.433999],[92.335557,23.431017],[92.333404,23.431166],[92.332257,23.427775],[92.329972,23.428719],[92.3308,23.435207],[92.329615,23.443054],[92.327033,23.447593],[92.327214,23.449034],[92.331047,23.451898],[92.331671,23.455332],[92.328857,23.454767],[92.325747,23.457705],[92.325448,23.459991],[92.328749,23.460536],[92.329709,23.46172],[92.329636,23.465679],[92.328868,23.466957],[92.326152,23.46732],[92.323175,23.468708],[92.319633,23.468729],[92.318654,23.469656],[92.320459,23.472946],[92.324479,23.473938],[92.323795,23.47809],[92.325817,23.47949],[92.322112,23.480997],[92.322325,23.483135],[92.317818,23.486335],[92.31803,23.488068],[92.322452,23.490252],[92.321881,23.492021],[92.318157,23.493771],[92.320528,23.496027],[92.319451,23.499056],[92.319683,23.501704],[92.31833,23.503672],[92.318552,23.508323],[92.319329,23.5099],[92.318606,23.513317],[92.31618,23.514754],[92.318318,23.516934],[92.316604,23.51898],[92.313699,23.517481],[92.314146,23.522803],[92.316579,23.525575],[92.3169,23.52905],[92.314906,23.53047],[92.313612,23.533972],[92.31237,23.534882],[92.308986,23.533932],[92.307489,23.53441],[92.307173,23.536968],[92.308221,23.541037],[92.310011,23.543193],[92.310561,23.548584],[92.309024,23.551358],[92.310451,23.554869],[92.312904,23.554643],[92.312498,23.557497],[92.306916,23.563985],[92.306492,23.566253],[92.308539,23.566714],[92.308996,23.57012],[92.306685,23.570707],[92.30567,23.572839],[92.305676,23.575584],[92.307387,23.578325],[92.306314,23.581808],[92.304123,23.584546],[92.301585,23.589735],[92.300702,23.593968],[92.299019,23.594262],[92.297414,23.592177],[92.29705,23.589292],[92.294539,23.589078],[92.292877,23.595217],[92.290978,23.595863],[92.28898,23.598689],[92.287364,23.596601],[92.285939,23.59703],[92.286414,23.602259],[92.287491,23.608154],[92.286793,23.612457],[92.28731,23.618347],[92.289856,23.621975],[92.292558,23.621854],[92.296688,23.622986],[92.295693,23.625202],[92.290429,23.629396],[92.285527,23.630563],[92.283684,23.631608],[92.280034,23.632034],[92.280896,23.627431],[92.278407,23.626502],[92.277111,23.633025],[92.278786,23.635628],[92.27934,23.638253],[92.2813,23.639834],[92.276818,23.64331],[92.273546,23.644125],[92.275101,23.651593],[92.276744,23.653702],[92.280869,23.661902],[92.283754,23.664403],[92.288872,23.673886],[92.289596,23.680086],[92.290835,23.681796],[92.29115,23.685732],[92.290461,23.688216],[92.290942,23.69182],[92.289353,23.69787],[92.289282,23.700866],[92.285943,23.704291],[92.284245,23.708905],[92.280078,23.708547],[92.278551,23.71042],[92.277081,23.716896],[92.274806,23.719776],[92.272651,23.720929],[92.266442,23.722483],[92.265615,23.725057],[92.262685,23.724352],[92.256299,23.725168],[92.249616,23.723821],[92.240644,23.719597],[92.237349,23.713384],[92.237406,23.710722],[92.239284,23.708702],[92.240987,23.703604],[92.241389,23.700416],[92.242594,23.699044],[92.242863,23.695567],[92.240107,23.692449],[92.236907,23.691322],[92.234953,23.687197],[92.233142,23.685876],[92.232094,23.68356],[92.234023,23.681415],[92.231119,23.676726],[92.230771,23.674372],[92.23242,23.669537],[92.232694,23.667131],[92.230931,23.665927],[92.227277,23.659019],[92.225555,23.654597],[92.222694,23.652713],[92.219176,23.652052],[92.216008,23.652861],[92.212625,23.652455],[92.211761,23.653379],[92.211514,23.658619],[92.207,23.6624],[92.207486,23.667059],[92.20605,23.672472],[92.206956,23.676526],[92.208804,23.677179],[92.213856,23.683873],[92.213679,23.685645],[92.211027,23.689225],[92.211578,23.692124],[92.209009,23.695255],[92.206078,23.701273],[92.203844,23.702136],[92.201429,23.706443],[92.199358,23.707332],[92.193056,23.706652],[92.18906,23.709214],[92.186286,23.710302],[92.182912,23.707775],[92.18094,23.707107],[92.176807,23.708089],[92.176572,23.711658],[92.177306,23.716288],[92.175772,23.717863],[92.172748,23.718151],[92.171551,23.721148],[92.169877,23.722753],[92.172034,23.726476],[92.171014,23.731653],[92.172548,23.733881],[92.17191,23.737804],[92.168973,23.738856],[92.16421,23.7387],[92.16285,23.739468],[92.159571,23.738591],[92.155636,23.735055],[92.153039,23.734436],[92.150655,23.736106],[92.145846,23.734162],[92.143807,23.731649],[92.143267,23.727379],[92.139343,23.721824],[92.135772,23.718387],[92.132598,23.714246],[92.129624,23.709441],[92.125187,23.706994],[92.123949,23.705043],[92.122876,23.698474],[92.120829,23.693518],[92.118299,23.691898],[92.115895,23.69171],[92.115281,23.694054],[92.113352,23.693952],[92.111933,23.690017],[92.107084,23.689212],[92.103327,23.685031],[92.104239,23.683509],[92.103446,23.680237],[92.09846,23.675813],[92.093044,23.677455],[92.091112,23.676766],[92.086747,23.68031],[92.083207,23.680351],[92.081862,23.677338],[92.081799,23.674422],[92.080544,23.672137],[92.077581,23.668956],[92.077484,23.666614],[92.079971,23.663405],[92.080533,23.661176],[92.079818,23.657215],[92.078382,23.654456],[92.078508,23.651507],[92.07972,23.648466],[92.071821,23.646127],[92.068336,23.647214],[92.066005,23.645771],[92.062343,23.645542],[92.058623,23.64793],[92.052984,23.648935],[92.048486,23.64736],[92.045028,23.648322],[92.040701,23.648445],[92.039095,23.651777],[92.036558,23.652129],[92.032982,23.654171],[92.029748,23.658559],[92.023734,23.657529],[92.022466,23.6593],[92.024831,23.661679],[92.022389,23.66293],[92.01917,23.66304],[92.014933,23.659508],[92.013442,23.663329],[92.00839,23.664155],[92.006655,23.667776],[92.006401,23.670032],[92.004774,23.671118],[92.002144,23.67043],[92.000463,23.671641],[91.998698,23.676887],[91.997089,23.679621],[91.997112,23.682368],[91.994089,23.689982],[91.994627,23.69177],[91.992898,23.696105],[91.98966,23.700833],[91.988633,23.706508],[91.98738,23.710799],[91.985203,23.713418],[91.983875,23.717663],[91.98435,23.720923],[91.98322,23.723766],[91.980898,23.724026],[91.978532,23.731841],[91.977545,23.733881],[91.968603,23.730009],[91.966895,23.7298],[91.966903,23.733782],[91.959335,23.734828],[91.956648,23.733935],[91.956164,23.731884],[91.954443,23.730008],[91.954857,23.72801],[91.953739,23.725909],[91.950895,23.725714],[91.951076,23.721656],[91.953553,23.720812],[91.952634,23.718331],[91.948929,23.714832],[91.949991,23.709789],[91.949775,23.707212],[91.951326,23.704958],[91.95098,23.699628],[91.9522,23.698326],[91.956228,23.698379],[91.957663,23.694928],[91.953392,23.693781],[91.949352,23.695281],[91.947579,23.693944],[91.942178,23.693811],[91.940789,23.691283],[91.941083,23.688846],[91.938154,23.688582],[91.934234,23.685794],[91.938963,23.677351],[91.939584,23.672698],[91.941428,23.669354],[91.941,23.661933],[91.939651,23.659002],[91.941001,23.655181],[91.943399,23.653025],[91.946345,23.645835],[91.945435,23.644024],[91.946501,23.638465],[91.942661,23.636768],[91.941095,23.634639],[91.943325,23.629918],[91.945246,23.627908],[91.945523,23.622839],[91.947399,23.621989],[91.949172,23.619633],[91.949552,23.617197],[91.951105,23.616128],[91.951569,23.611025],[91.953008,23.608472],[91.952909,23.60494],[91.951798,23.600469],[91.952495,23.595562],[91.953383,23.593373],[91.953475,23.589326],[91.955712,23.58196],[91.95547,23.575929],[91.957928,23.572027],[91.957047,23.566386],[91.95948,23.562906],[91.95689,23.559126],[91.958312,23.554029],[91.957334,23.551308],[91.960146,23.547035],[91.960056,23.543809],[91.963451,23.537933],[91.964656,23.534963],[91.964318,23.533407],[91.960177,23.532424],[91.956477,23.52929],[91.955948,23.526861],[91.956607,23.521943],[91.959695,23.518493],[91.962347,23.518638],[91.962188,23.516602],[91.964339,23.515376],[91.964385,23.512603],[91.967524,23.510891],[91.970719,23.503106],[91.970273,23.500974],[91.963718,23.49754],[91.965075,23.492137],[91.966377,23.47752],[91.966604,23.468806],[91.965235,23.465277],[91.96108,23.462948],[91.958511,23.463179],[91.953121,23.465474],[91.950355,23.464888],[91.948116,23.460101],[91.944508,23.4549],[91.939804,23.449978],[91.937552,23.449997],[91.928203,23.453484],[91.922423,23.453394],[91.918367,23.45118],[91.916021,23.447808],[91.910914,23.443024],[91.907368,23.440571],[91.899728,23.436456],[91.89295,23.43229],[91.888953,23.428919],[91.882775,23.422255],[91.877003,23.417674],[91.871381,23.413859],[91.86797,23.412123],[91.863603,23.407979],[91.860692,23.406104],[91.854208,23.40361],[91.851044,23.401938],[91.845854,23.397101],[91.842308,23.390592],[91.841571,23.384772],[91.841848,23.375217],[91.840194,23.366169],[91.83937,23.36351],[91.83722,23.360436],[91.832472,23.359374],[91.827192,23.359443],[91.821503,23.358717],[91.820864,23.359686],[91.825408,23.364807],[91.826507,23.366652],[91.828442,23.376887],[91.827766,23.382961],[91.826738,23.388425],[91.826917,23.394531],[91.826527,23.399012],[91.825449,23.400863],[91.823183,23.401817],[91.819185,23.400978],[91.816458,23.399222],[91.814723,23.395951],[91.814263,23.387326],[91.813103,23.385538],[91.810778,23.385947],[91.806273,23.38938],[91.800771,23.395627],[91.797148,23.397414],[91.790078,23.397904],[91.790464,23.391614],[91.791543,23.389349],[91.792066,23.385354],[91.794858,23.377676],[91.79559,23.372647],[91.797243,23.366711],[91.797491,23.363627],[91.796633,23.361695],[91.792274,23.357386],[91.785425,23.353331],[91.784284,23.350571],[91.787293,23.341521],[91.786712,23.33831],[91.781933,23.335936],[91.776961,23.332179],[91.767945,23.326032],[91.759502,23.31991],[91.755201,23.31771],[91.746873,23.311902],[91.74381,23.308712],[91.74308,23.306691],[91.7448,23.303804],[91.74747,23.302978],[91.751773,23.302713],[91.756909,23.303197],[91.761335,23.302972],[91.76351,23.302121],[91.765462,23.29932],[91.765622,23.295884],[91.764665,23.293615],[91.759271,23.287996],[91.759079,23.284704],[91.760074,23.281185],[91.762874,23.277074],[91.763948,23.273373],[91.768476,23.271132],[91.770247,23.268907],[91.773364,23.26882],[91.775611,23.267695],[91.774862,23.26315],[91.776097,23.259858],[91.774074,23.25637],[91.774743,23.254394],[91.778475,23.252587],[91.777861,23.248844],[91.774954,23.24275],[91.77827,23.239667],[91.780524,23.241249],[91.782842,23.239838],[91.78231,23.237589],[91.782742,23.232791],[91.785482,23.229873],[91.788894,23.224829],[91.788318,23.221551],[91.789696,23.21865],[91.787028,23.217283],[91.786467,23.215335],[91.789605,23.212493],[91.789883,23.208512],[91.786887,23.207577],[91.787484,23.204654],[91.790047,23.200579],[91.794054,23.198222],[91.794336,23.19632],[91.797348,23.194078],[91.796851,23.190559],[91.793677,23.187024],[91.796091,23.18445],[91.799529,23.183413],[91.804588,23.179732],[91.802429,23.176941],[91.803073,23.174803],[91.805307,23.173274],[91.804238,23.169078],[91.804577,23.167408],[91.808197,23.165174],[91.805429,23.158896],[91.805878,23.15657],[91.809018,23.153473],[91.809705,23.150284],[91.81248,23.145866],[91.810174,23.144619],[91.807844,23.140269],[91.807019,23.134239],[91.812676,23.133822],[91.811618,23.131186],[91.811386,23.126737],[91.810288,23.124978],[91.809922,23.121726],[91.812269,23.118537],[91.814783,23.117914],[91.816364,23.111679],[91.815691,23.109763],[91.816882,23.106038],[91.816779,23.103264],[91.812112,23.098139],[91.815434,23.098661],[91.820125,23.097433],[91.821194,23.098719],[91.824215,23.098727],[91.829031,23.09733],[91.833677,23.094427],[91.83194,23.091677],[91.830086,23.092216],[91.826998,23.089448],[91.823413,23.087618],[91.821799,23.085758],[91.823331,23.083747],[91.820859,23.081992],[91.81776,23.083599],[91.814554,23.080701],[91.817178,23.077054],[91.813656,23.073851],[91.811002,23.068984],[91.811236,23.066887],[91.805645,23.06728],[91.805922,23.064121],[91.799102,23.065477],[91.794962,23.062878],[91.794448,23.065365],[91.795772,23.066144],[91.795344,23.068587],[91.792977,23.069477],[91.787886,23.069589],[91.784074,23.071612],[91.780046,23.071704],[91.775765,23.070222],[91.772868,23.067211],[91.772806,23.065952],[91.776671,23.062324],[91.779051,23.058581],[91.777088,23.05547],[91.779482,23.052363],[91.781763,23.047143],[91.781473,23.045313],[91.78346,23.038622],[91.781277,23.03517],[91.779435,23.037234],[91.77848,23.034542],[91.779558,23.030227],[91.774907,23.027906],[91.773398,23.029928],[91.773013,23.033479],[91.774702,23.037535],[91.77417,23.039537],[91.771347,23.04177],[91.767353,23.040697],[91.767437,23.038768],[91.77089,23.034546],[91.767513,23.034484],[91.764373,23.032072],[91.761231,23.030536],[91.760929,23.02732],[91.759869,23.025711],[91.754819,23.024182],[91.752406,23.021398],[91.751528,23.019087],[91.743685,23.01152],[91.743238,23.008249],[91.742044,23.00654],[91.737897,23.004921],[91.730435,23.000641],[91.726343,22.99942],[91.72438,22.997836],[91.721201,22.990339],[91.717606,22.987359],[91.716583,22.99001],[91.714813,22.990367],[91.711953,22.987271],[91.71329,22.984417],[91.707072,22.983974],[91.70426,22.988102],[91.698841,22.989736],[91.697216,22.988733],[91.693608,22.988268],[91.690339,22.984289],[91.687642,22.982843],[91.685709,22.979333],[91.682272,22.97976],[91.680964,22.977536],[91.678588,22.982443],[91.676692,22.984379],[91.674839,22.98299],[91.675406,22.979807],[91.672222,22.978663],[91.669682,22.97894],[91.666725,22.980525],[91.66196,22.980067],[91.65809,22.981214],[91.657239,22.979274],[91.654062,22.978181],[91.651504,22.978133],[91.650811,22.982588],[91.647434,22.985529],[91.64536,22.984543],[91.645512,22.978315],[91.640774,22.97467],[91.640072,22.970347],[91.637405,22.966212],[91.635447,22.962181],[91.631941,22.960689],[91.625481,22.962894],[91.624052,22.961375],[91.625629,22.956979],[91.625382,22.954539],[91.62273,22.950371],[91.6241,22.945638],[91.623944,22.9438],[91.621346,22.94223],[91.616878,22.944335],[91.612937,22.948236],[91.615309,22.948997],[91.616143,22.951328],[91.613237,22.953513],[91.60826,22.95155],[91.607626,22.95318],[91.60931,22.95498],[91.60927,22.957415],[91.605302,22.956976],[91.602735,22.955083],[91.600629,22.956253],[91.603505,22.960424],[91.606897,22.961961],[91.610772,22.95837],[91.61344,22.958478],[91.613499,22.960176],[91.611524,22.963239],[91.609522,22.964813],[91.605641,22.966548],[91.606039,22.972473],[91.601839,22.972504],[91.600034,22.97571],[91.598267,22.976642],[91.593024,22.973624],[91.591849,22.976942],[91.589338,22.977089],[91.584884,22.972873],[91.578385,22.967677],[91.577127,22.967198],[91.57398,22.970245],[91.565557,22.974542],[91.561904,22.975977],[91.556331,22.978947],[91.556391,22.986108],[91.557056,22.991563],[91.557023,22.996129],[91.554022,22.996815],[91.54834,22.994828],[91.544282,22.996533],[91.54244,22.998951],[91.545928,23.01085],[91.547926,23.019143],[91.545858,23.019669],[91.538451,23.019794],[91.541791,23.023945],[91.550093,23.038449],[91.548062,23.038893],[91.540938,23.038552],[91.530597,23.038693],[91.53372,23.049288],[91.536673,23.054596],[91.535398,23.055405],[91.529447,23.055773],[91.525233,23.055466],[91.526226,23.060114],[91.535169,23.063509],[91.534807,23.065177],[91.525609,23.083186],[91.530525,23.086367],[91.530243,23.091686],[91.519436,23.094421],[91.521135,23.100298],[91.522706,23.104204],[91.511452,23.104475],[91.512222,23.109719],[91.508945,23.109534],[91.50458,23.10827],[91.50032,23.108828],[91.497238,23.107065],[91.494641,23.107726],[91.492119,23.10987],[91.487982,23.109629],[91.487218,23.105206],[91.485906,23.10313],[91.476717,23.102993],[91.476063,23.102462],[91.469796,23.102518],[91.46964,23.100907],[91.471989,23.099687],[91.473187,23.09796],[91.472925,23.095584],[91.47141,23.092993],[91.473011,23.091321],[91.47354,23.088342],[91.472307,23.085466],[91.472452,23.081967],[91.473616,23.078886],[91.479677,23.078355],[91.481403,23.074747],[91.484457,23.014956],[91.488587,23.011688],[91.492884,23.011848],[91.493609,23.010587],[91.492678,23.005667],[91.492927,23.002235],[91.491278,22.999509],[91.491543,22.996554],[91.496851,22.991888],[91.500448,22.991406],[91.502119,22.989931],[91.502282,22.986942],[91.505752,22.986961],[91.50759,22.985363],[91.509669,22.97845],[91.509309,22.974191],[91.504683,22.969837],[91.502748,22.96696],[91.498929,22.959631],[91.458489,22.930399],[91.459516,22.928531],[91.465817,22.921235],[91.466305,22.919469],[91.470233,22.917599],[91.470544,22.916081],[91.467721,22.91457],[91.469394,22.911633],[91.472521,22.913453],[91.47836,22.907178],[91.470308,22.906142],[91.460275,22.906711],[91.459919,22.903874],[91.464105,22.901986],[91.465226,22.900127],[91.462359,22.898767],[91.4609,22.895608],[91.462264,22.889849],[91.461688,22.882372],[91.467766,22.884057],[91.472138,22.882975],[91.474005,22.878896],[91.47408,22.875457],[91.472581,22.871826],[91.4673,22.866546],[91.466158,22.863563],[91.465506,22.859268],[91.466323,22.853568],[91.465873,22.847052],[91.463141,22.840556],[91.462502,22.834041],[91.460559,22.830182],[91.455382,22.826],[91.454023,22.823371],[91.445933,22.813399],[91.44475,22.809357],[91.443731,22.802845],[91.444267,22.796202],[91.444894,22.795235],[91.44463,22.791315],[91.446217,22.770672],[91.449081,22.757266],[91.449052,22.75448],[91.450872,22.751675],[91.451415,22.738685],[91.456303,22.735551],[91.459667,22.73054],[91.465044,22.721694],[91.477215,22.700265],[91.483946,22.681931],[91.494583,22.654087],[91.494253,22.654056]]],[[[92.323433,20.636979],[92.319647,20.634187],[92.317549,20.634346],[92.31505,20.628134],[92.315592,20.627029],[92.319242,20.625068],[92.323067,20.621194],[92.324951,20.618252],[92.325624,20.612414],[92.325478,20.609549],[92.326429,20.607003],[92.326682,20.603559],[92.324309,20.601058],[92.323925,20.599153],[92.324566,20.594557],[92.326944,20.590748],[92.331565,20.590925],[92.331325,20.596855],[92.332048,20.601051],[92.329539,20.606246],[92.328115,20.614388],[92.326102,20.61881],[92.32678,20.621718],[92.326506,20.625947],[92.327619,20.630289],[92.329684,20.635087],[92.327525,20.636646],[92.323433,20.636979]]],[[[91.870176,21.923085],[91.867351,21.922386],[91.864137,21.91956],[91.862245,21.914679],[91.856732,21.907262],[91.853571,21.904477],[91.848568,21.901713],[91.846336,21.89935],[91.846092,21.896341],[91.847672,21.889775],[91.846126,21.88707],[91.847197,21.884714],[91.846716,21.879692],[91.842596,21.875353],[91.8418,21.86933],[91.840895,21.858454],[91.842362,21.855091],[91.843954,21.853545],[91.849961,21.836941],[91.851226,21.825839],[91.850553,21.821306],[91.848496,21.816184],[91.843253,21.80882],[91.842131,21.805105],[91.843884,21.788165],[91.844416,21.785676],[91.844935,21.778262],[91.844719,21.775397],[91.837426,21.76721],[91.833117,21.760281],[91.831827,21.755421],[91.831846,21.753092],[91.8303,21.747684],[91.829197,21.739306],[91.830243,21.736045],[91.829267,21.731956],[91.829383,21.72323],[91.834269,21.721076],[91.84337,21.722106],[91.846024,21.725333],[91.846543,21.730062],[91.845124,21.734372],[91.845231,21.740557],[91.850726,21.745077],[91.85242,21.751558],[91.857237,21.766081],[91.863156,21.780733],[91.867772,21.791435],[91.869153,21.795289],[91.871276,21.803152],[91.877323,21.821435],[91.883268,21.833744],[91.886258,21.839303],[91.892129,21.853667],[91.894629,21.860807],[91.895524,21.866531],[91.895996,21.87704],[91.895658,21.884402],[91.894357,21.890583],[91.89266,21.895812],[91.890421,21.900759],[91.885644,21.909466],[91.879806,21.921145],[91.876818,21.9218],[91.874703,21.923147],[91.870176,21.923085]]],[[[91.357192,22.601747],[91.354812,22.605735],[91.352053,22.607813],[91.352229,22.610011],[91.349757,22.609887],[91.34865,22.607268],[91.34883,22.604685],[91.351542,22.602942],[91.35539,22.601668],[91.357192,22.601747]]],[[[91.353387,22.59951],[91.352628,22.600806],[91.347982,22.603426],[91.346496,22.609388],[91.343891,22.61149],[91.34049,22.611159],[91.33947,22.609519],[91.337066,22.608465],[91.337332,22.604016],[91.336304,22.601516],[91.334892,22.611206],[91.32968,22.611321],[91.32349,22.610388],[91.325919,22.60804],[91.3275,22.604373],[91.330473,22.599361],[91.333997,22.595285],[91.337833,22.589241],[91.343643,22.583313],[91.349357,22.586066],[91.352983,22.585819],[91.351959,22.591635],[91.353516,22.592913],[91.352506,22.596291],[91.353387,22.59951]]],[[[91.558995,22.479081],[91.555502,22.485215],[91.546853,22.503021],[91.539918,22.514454],[91.52513,22.53443],[91.518892,22.544117],[91.50225,22.566681],[91.490779,22.580315],[91.478146,22.594045],[91.465028,22.607065],[91.456092,22.613336],[91.441123,22.618118],[91.439425,22.618133],[91.428295,22.610404],[91.424115,22.60721],[91.420685,22.601846],[91.416343,22.596802],[91.413473,22.591433],[91.409563,22.580572],[91.409435,22.576735],[91.413824,22.565607],[91.390392,22.565523],[91.384686,22.558814],[91.383367,22.554264],[91.383107,22.546494],[91.383104,22.496036],[91.382713,22.492761],[91.382932,22.486547],[91.383848,22.483646],[91.38472,22.476321],[91.389785,22.475914],[91.390529,22.465963],[91.393316,22.450722],[91.398742,22.443469],[91.396209,22.443733],[91.389626,22.442444],[91.382669,22.442048],[91.38271,22.439498],[91.38492,22.436616],[91.400536,22.43115],[91.406664,22.428364],[91.4073,22.422115],[91.418724,22.417463],[91.426774,22.411149],[91.431451,22.403435],[91.4409,22.397367],[91.447389,22.395119],[91.460725,22.393807],[91.46255,22.394409],[91.468108,22.399933],[91.473435,22.400043],[91.476758,22.400593],[91.480465,22.397445],[91.481127,22.395737],[91.486363,22.392868],[91.494211,22.392297],[91.49874,22.39018],[91.501955,22.390399],[91.506216,22.388203],[91.51574,22.385788],[91.521913,22.387225],[91.531107,22.387305],[91.538909,22.390799],[91.54484,22.394477],[91.548596,22.395105],[91.556725,22.395774],[91.563453,22.39878],[91.567233,22.401566],[91.569951,22.405109],[91.571099,22.411984],[91.570156,22.415396],[91.571153,22.416798],[91.575841,22.420902],[91.577831,22.423206],[91.578309,22.426024],[91.576743,22.429609],[91.573046,22.434292],[91.571473,22.437294],[91.571058,22.440037],[91.572258,22.443595],[91.56947,22.449764],[91.570298,22.451831],[91.569788,22.454159],[91.565536,22.465156],[91.563176,22.469661],[91.558995,22.479081]]]]},"properties":{"sector":1,"areaKm2":20271,"islands":["Cox's Bazar","Cox's Bazar","Chattogram","Chattogram","Chattogram"]}},{"type":"Feature","geometry":{"type":"MultiPolygon","coordinates":[[[[89.680677,23.8115],[89.681142,23.809463],[89.68851,23.80566],[89.692365,23.804532],[89.696611,23.804949],[89.696739,23.803798],[89.700592,23.803487],[89.703509,23.802311],[89.704599,23.8002],[89.709272,23.797113],[89.710708,23.795571],[89.709577,23.793252],[89.710471,23.791025],[89.716084,23.788292],[89.714757,23.78511],[89.711403,23.783649],[89.710152,23.785366],[89.708239,23.785143],[89.710089,23.78138],[89.718086,23.775754],[89.722828,23.774855],[89.727689,23.774522],[89.724865,23.766734],[89.80162,23.782448],[89.803238,23.781585],[89.808324,23.777136],[89.810904,23.773818],[89.815684,23.765299],[89.818498,23.761796],[89.820848,23.759843],[89.828195,23.755958],[89.834173,23.751891],[89.836742,23.745194],[89.837159,23.739481],[89.838602,23.732007],[89.836145,23.729724],[89.838717,23.725774],[89.843348,23.720203],[89.849746,23.71337],[89.846944,23.713157],[89.844562,23.712043],[89.847537,23.706905],[89.847157,23.703867],[89.848567,23.702249],[89.848044,23.700465],[89.846919,23.655245],[89.855695,23.644417],[89.897493,23.620372],[89.896463,23.616709],[89.895953,23.609288],[89.893324,23.604433],[89.893635,23.602722],[89.899161,23.599539],[89.901073,23.596496],[89.901954,23.592215],[89.904638,23.591883],[89.907324,23.589412],[89.906605,23.584748],[89.909963,23.580042],[89.913009,23.57933],[89.914456,23.575763],[89.914251,23.572766],[89.915748,23.571911],[89.914253,23.569722],[89.917712,23.568771],[89.921018,23.563351],[89.922826,23.559547],[89.916755,23.559078],[89.91828,23.557772],[89.920677,23.557624],[89.923765,23.55556],[89.925251,23.551943],[89.928753,23.545445],[89.930765,23.540038],[89.928012,23.536545],[89.924636,23.529],[89.924149,23.524574],[89.925326,23.521684],[89.925232,23.514684],[89.924746,23.507367],[89.922103,23.50434],[89.918481,23.502125],[89.918778,23.497161],[89.917064,23.495756],[89.918046,23.492143],[89.92043,23.491427],[89.92151,23.486188],[89.924542,23.478964],[89.924053,23.478256],[89.926146,23.474246],[89.932732,23.465252],[89.935233,23.462709],[89.937891,23.464466],[89.941758,23.465823],[89.943179,23.464785],[89.947404,23.467842],[89.947867,23.468824],[89.953352,23.465845],[89.955236,23.467031],[89.958279,23.465914],[89.962847,23.465798],[89.964589,23.469752],[89.975137,23.47014],[89.981367,23.474633],[89.984246,23.474229],[89.984016,23.476579],[89.986846,23.47571],[89.990478,23.475546],[89.992553,23.474058],[89.992908,23.47199],[89.99795,23.468517],[90.005584,23.469382],[90.006173,23.468121],[90.005047,23.463158],[90.005796,23.46073],[90.003936,23.458427],[90.006618,23.45429],[90.010437,23.450767],[90.012982,23.449141],[90.017828,23.447198],[90.018451,23.44599],[90.023805,23.444449],[90.055941,23.391808],[90.058286,23.389287],[90.060079,23.385421],[90.063579,23.386511],[90.070396,23.384978],[90.069879,23.383095],[90.076093,23.382459],[90.081768,23.381327],[90.086171,23.381009],[90.092643,23.378447],[90.088784,23.368955],[90.090492,23.368182],[90.091362,23.364961],[90.089032,23.357984],[90.086522,23.355134],[90.087718,23.350269],[90.093131,23.348755],[90.093964,23.3452],[90.09985,23.343954],[90.09952,23.34117],[90.100463,23.33778],[90.102023,23.33513],[90.100822,23.332581],[90.096462,23.332649],[90.095987,23.328155],[90.092426,23.32762],[90.093185,23.32215],[90.09376,23.312758],[90.087882,23.308396],[90.080607,23.308027],[90.079078,23.30229],[90.086152,23.296448],[90.088586,23.293588],[90.090075,23.289658],[90.087402,23.281236],[90.087589,23.27977],[90.093634,23.279534],[90.096556,23.275655],[90.100442,23.271551],[90.100498,23.268934],[90.098819,23.267171],[90.094942,23.266318],[90.0891,23.266481],[90.089965,23.263649],[90.092393,23.260653],[90.098796,23.256189],[90.098484,23.253999],[90.095473,23.252702],[90.095625,23.249055],[90.100309,23.24793],[90.101583,23.251136],[90.103088,23.251507],[90.10621,23.250491],[90.110719,23.247121],[90.11274,23.243163],[90.112217,23.240011],[90.111117,23.238248],[90.107199,23.235517],[90.109436,23.233491],[90.11212,23.228308],[90.119901,23.23017],[90.120708,23.228031],[90.159167,23.190699],[90.165432,23.144673],[90.169154,23.142993],[90.169873,23.137843],[90.173885,23.13792],[90.179293,23.136625],[90.183561,23.136457],[90.184961,23.139976],[90.186854,23.14258],[90.189911,23.140957],[90.190102,23.137364],[90.192627,23.13478],[90.192881,23.129675],[90.191949,23.12817],[90.1968,23.127304],[90.201047,23.129128],[90.201884,23.125014],[90.206674,23.12181],[90.21089,23.122826],[90.212865,23.122285],[90.217077,23.122749],[90.21626,23.118868],[90.214864,23.117881],[90.215962,23.11409],[90.218607,23.114437],[90.221971,23.11057],[90.223073,23.108085],[90.226418,23.107396],[90.221927,23.104892],[90.220097,23.10278],[90.216156,23.101008],[90.21239,23.099948],[90.21098,23.097101],[90.209639,23.090728],[90.206174,23.092577],[90.197589,23.089737],[90.198398,23.088079],[90.20204,23.087381],[90.202857,23.083928],[90.205423,23.081962],[90.203764,23.080731],[90.20419,23.076469],[90.206714,23.076302],[90.206391,23.072098],[90.211294,23.072035],[90.214366,23.074419],[90.220371,23.068976],[90.221699,23.065948],[90.224513,23.062216],[90.22425,23.059269],[90.226803,23.055519],[90.231877,23.052038],[90.235291,23.050358],[90.237843,23.045865],[90.235143,23.037386],[90.232412,23.031843],[90.231912,23.028918],[90.23202,23.019682],[90.232868,23.011996],[90.23274,23.006373],[90.231248,23.002991],[90.228813,22.992554],[90.229235,22.985498],[90.231716,22.978769],[90.232498,22.974484],[90.2354,22.966346],[90.239287,22.968147],[90.244125,22.976188],[90.247761,22.97802],[90.250627,22.978597],[90.256102,22.977734],[90.25819,22.976045],[90.258225,22.974181],[90.255543,22.968449],[90.256954,22.966114],[90.260907,22.968295],[90.266177,22.972072],[90.271051,22.974805],[90.275003,22.976304],[90.281181,22.976413],[90.288203,22.974929],[90.289262,22.96637],[90.291256,22.964436],[90.289442,22.963247],[90.294769,22.957009],[90.301477,22.95182],[90.303769,22.951133],[90.310723,22.920818],[90.315455,22.925451],[90.318388,22.929149],[90.326158,22.932313],[90.328889,22.932271],[90.331316,22.929922],[90.336554,22.926835],[90.338341,22.924013],[90.342687,22.914862],[90.345595,22.910385],[90.347135,22.910509],[90.349315,22.913655],[90.352287,22.916575],[90.359226,22.920385],[90.360208,22.91354],[90.360372,22.908533],[90.358546,22.900978],[90.355623,22.894418],[90.352061,22.889223],[90.347002,22.884722],[90.347156,22.877276],[90.348292,22.869261],[90.351725,22.859698],[90.355497,22.852551],[90.36052,22.845778],[90.357873,22.836301],[90.35556,22.836625],[90.354284,22.838846],[90.351779,22.838805],[90.347144,22.836248],[90.349543,22.831537],[90.350525,22.828284],[90.350215,22.82664],[90.359545,22.81383],[90.359851,22.811481],[90.357477,22.810622],[90.359399,22.807184],[90.357856,22.806953],[90.362373,22.801195],[90.368114,22.789543],[90.372473,22.787362],[90.374116,22.784758],[90.374972,22.781123],[90.378035,22.774127],[90.37815,22.771265],[90.3769,22.766698],[90.426289,22.78709],[90.442798,22.78394],[90.450065,22.784228],[90.447929,22.777583],[90.449713,22.775765],[90.451457,22.775647],[90.453999,22.778565],[90.459362,22.778708],[90.460049,22.779234],[90.465755,22.779588],[90.475174,22.780723],[90.47682,22.778392],[90.483717,22.777868],[90.563534,22.78145],[90.567072,22.789471],[90.571171,22.789149],[90.578516,22.790042],[90.581702,22.79279],[90.584701,22.797991],[90.583503,22.802687],[90.583769,22.806437],[90.588394,22.807583],[90.596608,22.810373],[90.602771,22.812988],[90.605564,22.816288],[90.61016,22.823384],[90.614936,22.82625],[90.620235,22.827638],[90.628909,22.82926],[90.638173,22.829844],[90.638199,22.835354],[90.64697,22.836652],[90.652566,22.83875],[90.655358,22.845602],[90.658517,22.84459],[90.666492,22.851106],[90.666477,22.854133],[90.669187,22.857616],[90.672018,22.864507],[90.674644,22.861734],[90.677658,22.8612],[90.680051,22.859247],[90.681997,22.859996],[90.682419,22.8626],[90.684741,22.862708],[90.688064,22.866744],[90.691751,22.867914],[90.702845,22.86796],[90.716141,22.86847],[90.716911,22.866772],[90.717494,22.860801],[90.717265,22.846398],[90.717654,22.842655],[90.717388,22.835377],[90.717572,22.826973],[90.719148,22.815738],[90.72112,22.811653],[90.725111,22.805668],[90.729414,22.802074],[90.747016,22.795039],[90.751003,22.792807],[90.758152,22.787575],[90.761669,22.784412],[90.766174,22.778928],[90.766763,22.775978],[90.769254,22.768087],[90.770257,22.762287],[90.771058,22.752252],[90.772442,22.738075],[90.77303,22.734761],[90.773163,22.726748],[90.772442,22.725394],[90.772837,22.719532],[90.774789,22.711246],[90.776588,22.701138],[90.77832,22.679279],[90.779006,22.674409],[90.783461,22.661045],[90.785192,22.658055],[90.789058,22.654064],[90.803522,22.644787],[90.810141,22.642204],[90.814191,22.639271],[90.816635,22.636444],[90.822967,22.627672],[90.826542,22.623151],[90.832392,22.61736],[90.839332,22.609144],[90.844682,22.603454],[90.855071,22.593899],[90.861167,22.58794],[90.872264,22.578014],[90.878111,22.572386],[90.886207,22.563945],[90.890039,22.560563],[90.894909,22.55483],[90.900183,22.547075],[90.909226,22.532289],[90.913762,22.523776],[90.916669,22.518949],[90.919436,22.515397],[90.929355,22.498177],[90.931408,22.493552],[90.939719,22.480173],[90.943078,22.47567],[90.945963,22.471013],[90.948704,22.465367],[90.9128,22.404703],[90.902096,22.405374],[90.902667,22.402495],[90.900912,22.398121],[90.897916,22.396964],[90.894589,22.397505],[90.895148,22.395154],[90.894308,22.388456],[90.894273,22.382933],[90.897983,22.381462],[90.899919,22.383086],[90.901206,22.382092],[90.901518,22.379285],[90.89862,22.372348],[90.897397,22.368033],[90.893271,22.366574],[90.887649,22.359688],[90.884851,22.358219],[90.882843,22.355638],[90.883735,22.349702],[90.880003,22.347501],[90.877333,22.345169],[90.875727,22.33361],[90.871822,22.329101],[90.870361,22.326256],[90.868448,22.315461],[90.884814,22.315517],[90.906962,22.315365],[90.906081,22.311213],[90.895782,22.279711],[90.894378,22.274715],[90.888852,22.251152],[90.888533,22.243954],[90.88906,22.231898],[90.891562,22.226297],[90.886482,22.203549],[90.88345,22.192229],[90.880401,22.17788],[90.87966,22.170503],[90.878274,22.164347],[90.873569,22.136565],[90.871062,22.127258],[90.868617,22.114791],[90.866544,22.102819],[90.855913,22.048778],[90.956225,22.027563],[90.96194,22.049041],[90.973698,22.076429],[90.979067,22.092086],[90.988673,22.111642],[90.992902,22.121581],[91.021072,22.118433],[91.021203,22.113992],[91.02224,22.108393],[91.023742,22.103364],[91.027028,22.100117],[91.034598,22.093688],[91.037969,22.09173],[91.04771,22.087581],[91.051262,22.089351],[91.053597,22.092993],[91.057992,22.094255],[91.061313,22.095954],[91.066497,22.099792],[91.06644,22.1021],[91.072292,22.107332],[91.077078,22.110812],[91.082075,22.115768],[91.091661,22.12439],[91.092885,22.128634],[91.095876,22.130646],[91.098278,22.133494],[91.100464,22.133942],[91.101278,22.135971],[91.108817,22.136656],[91.109039,22.139796],[91.110238,22.140897],[91.119174,22.141944],[91.123934,22.141912],[91.125526,22.142456],[91.133716,22.149423],[91.135707,22.153447],[91.136722,22.153282],[91.140516,22.156213],[91.144518,22.160436],[91.148529,22.165766],[91.156115,22.171442],[91.160094,22.172707],[91.162305,22.176201],[91.163729,22.180443],[91.168102,22.181336],[91.171317,22.186116],[91.175525,22.191076],[91.176536,22.193286],[91.176783,22.199199],[91.177999,22.202146],[91.179059,22.210271],[91.179337,22.219692],[91.183336,22.223175],[91.186603,22.234054],[91.187836,22.239035],[91.189255,22.242536],[91.18894,22.252337],[91.187027,22.260847],[91.187074,22.26639],[91.188111,22.271741],[91.189782,22.269697],[91.192259,22.269125],[91.203571,22.268658],[91.208146,22.269376],[91.208604,22.276396],[91.201063,22.323391],[91.187255,22.374314],[91.21841,22.361397],[91.22753,22.361209],[91.226676,22.381052],[91.225678,22.399103],[91.224926,22.415958],[91.222771,22.434018],[91.221403,22.452996],[91.216197,22.457528],[91.213947,22.458884],[91.208285,22.458305],[91.190693,22.458644],[91.189526,22.459438],[91.191307,22.469684],[91.19002,22.475525],[91.184146,22.507488],[91.194926,22.507824],[91.197191,22.506481],[91.202666,22.504636],[91.207307,22.505892],[91.215487,22.506045],[91.219199,22.506949],[91.224139,22.507127],[91.234688,22.504537],[91.245719,22.504237],[91.252532,22.506693],[91.26329,22.518798],[91.247432,22.531683],[91.236962,22.539727],[91.238859,22.54435],[91.253676,22.543206],[91.269709,22.543134],[91.268296,22.539306],[91.265847,22.528062],[91.265777,22.520431],[91.273509,22.51056],[91.282028,22.501408],[91.289715,22.486812],[91.290857,22.483533],[91.29715,22.487479],[91.299875,22.486367],[91.303012,22.487068],[91.303433,22.490335],[91.306602,22.494669],[91.313641,22.494612],[91.313678,22.498609],[91.317582,22.49785],[91.318789,22.501475],[91.313359,22.506243],[91.313764,22.507692],[91.318436,22.505475],[91.32426,22.501067],[91.327783,22.501401],[91.330565,22.506102],[91.330977,22.508278],[91.333704,22.507165],[91.334891,22.508609],[91.334922,22.511878],[91.331825,22.515174],[91.326367,22.517037],[91.33731,22.516219],[91.338889,22.51766],[91.343575,22.516894],[91.343218,22.52053],[91.342059,22.521994],[91.342094,22.525627],[91.340143,22.526007],[91.338617,22.530016],[91.34058,22.530727],[91.342182,22.53471],[91.343039,22.542333],[91.345001,22.543044],[91.344575,22.539414],[91.342933,22.531434],[91.345642,22.528503],[91.350716,22.527372],[91.353049,22.525899],[91.3535,22.532073],[91.354321,22.536063],[91.35356,22.538248],[91.355551,22.541865],[91.354822,22.547322],[91.354865,22.551682],[91.350555,22.550991],[91.34898,22.549916],[91.346654,22.552114],[91.353335,22.555328],[91.352596,22.559694],[91.349889,22.562989],[91.345209,22.56448],[91.338171,22.564902],[91.33324,22.564334],[91.333064,22.562766],[91.325988,22.559191],[91.323614,22.558538],[91.321958,22.56316],[91.316452,22.575527],[91.31235,22.583934],[91.308709,22.590772],[91.304241,22.597591],[91.299648,22.605295],[91.294548,22.611805],[91.2848,22.623004],[91.279388,22.629506],[91.276586,22.632211],[91.272714,22.636918],[91.275119,22.641261],[91.280211,22.644924],[91.283153,22.649198],[91.285342,22.651251],[91.293761,22.654306],[91.307705,22.65989],[91.311203,22.661798],[91.315882,22.656535],[91.317355,22.65555],[91.326265,22.657761],[91.331515,22.659644],[91.338065,22.659205],[91.344319,22.65727],[91.347839,22.65666],[91.352188,22.656702],[91.356526,22.655559],[91.3664,22.654437],[91.367047,22.659613],[91.369722,22.664163],[91.375232,22.67084],[91.374426,22.671938],[91.375621,22.68182],[91.375664,22.686003],[91.37781,22.68547],[91.390485,22.67573],[91.392931,22.674508],[91.396733,22.671376],[91.400389,22.670509],[91.40335,22.67508],[91.406165,22.680312],[91.406814,22.683856],[91.402713,22.68893],[91.40255,22.690984],[91.399565,22.69679],[91.392226,22.704811],[91.386864,22.707843],[91.38375,22.707777],[91.379489,22.704337],[91.378696,22.705373],[91.383436,22.71081],[91.382939,22.715974],[91.411053,22.704996],[91.429552,22.697898],[91.439625,22.697561],[91.447608,22.693768],[91.453045,22.690673],[91.466399,22.677695],[91.476134,22.667454],[91.486958,22.656865],[91.491299,22.653779],[91.494253,22.654056],[91.494583,22.654087],[91.483946,22.681931],[91.477215,22.700265],[91.465044,22.721694],[91.459667,22.73054],[91.456303,22.735551],[91.451415,22.738685],[91.450872,22.751675],[91.449052,22.75448],[91.449081,22.757266],[91.446217,22.770672],[91.44463,22.791315],[91.444894,22.795235],[91.444267,22.796202],[91.443731,22.802845],[91.44475,22.809357],[91.445933,22.813399],[91.454023,22.823371],[91.455382,22.826],[91.460559,22.830182],[91.462502,22.834041],[91.463141,22.840556],[91.465873,22.847052],[91.466323,22.853568],[91.465506,22.859268],[91.466158,22.863563],[91.4673,22.866546],[91.472581,22.871826],[91.47408,22.875457],[91.474005,22.878896],[91.472138,22.882975],[91.467766,22.884057],[91.461688,22.882372],[91.462264,22.889849],[91.4609,22.895608],[91.462359,22.898767],[91.465226,22.900127],[91.464105,22.901986],[91.459919,22.903874],[91.460275,22.906711],[91.470308,22.906142],[91.47836,22.907178],[91.472521,22.913453],[91.469394,22.911633],[91.467721,22.91457],[91.470544,22.916081],[91.470233,22.917599],[91.466305,22.919469],[91.465817,22.921235],[91.459516,22.928531],[91.458489,22.930399],[91.498929,22.959631],[91.502748,22.96696],[91.504683,22.969837],[91.509309,22.974191],[91.509669,22.97845],[91.50759,22.985363],[91.505752,22.986961],[91.502282,22.986942],[91.502119,22.989931],[91.500448,22.991406],[91.496851,22.991888],[91.491543,22.996554],[91.491278,22.999509],[91.492927,23.002235],[91.492678,23.005667],[91.493609,23.010587],[91.492884,23.011848],[91.488587,23.011688],[91.484457,23.014956],[91.481403,23.074747],[91.479677,23.078355],[91.473616,23.078886],[91.472452,23.081967],[91.472307,23.085466],[91.47354,23.088342],[91.473011,23.091321],[91.47141,23.092993],[91.472925,23.095584],[91.473187,23.09796],[91.471989,23.099687],[91.46964,23.100907],[91.469796,23.102518],[91.476063,23.102462],[91.476717,23.102993],[91.485906,23.10313],[91.487218,23.105206],[91.487982,23.109629],[91.492119,23.10987],[91.494641,23.107726],[91.497238,23.107065],[91.50032,23.108828],[91.50458,23.10827],[91.508945,23.109534],[91.512222,23.109719],[91.512527,23.113096],[91.520357,23.114565],[91.519206,23.117862],[91.51533,23.117756],[91.514545,23.122878],[91.517811,23.125585],[91.513825,23.125912],[91.504001,23.12739],[91.503826,23.130418],[91.50837,23.133402],[91.5149,23.138659],[91.515273,23.144925],[91.509786,23.142935],[91.509866,23.140414],[91.505196,23.14061],[91.502013,23.143013],[91.499763,23.142468],[91.497873,23.145181],[91.495178,23.147151],[91.507381,23.153103],[91.507182,23.154398],[91.494266,23.152338],[91.490962,23.157778],[91.493717,23.161528],[91.494834,23.162067],[91.498224,23.171784],[91.492412,23.172078],[91.49164,23.177701],[91.497229,23.179917],[91.506691,23.180088],[91.507461,23.183808],[91.500958,23.185372],[91.504206,23.189445],[91.503182,23.192236],[91.492171,23.189011],[91.488444,23.192266],[91.484911,23.188365],[91.470779,23.196526],[91.482419,23.198582],[91.484414,23.209359],[91.475369,23.220498],[91.458373,23.213342],[91.458249,23.215853],[91.451599,23.219104],[91.453935,23.223577],[91.47026,23.227793],[91.462492,23.240024],[91.461516,23.240644],[91.457865,23.24617],[91.44784,23.243846],[91.445997,23.249864],[91.449161,23.251247],[91.45304,23.256222],[91.454487,23.257252],[91.454148,23.260398],[91.448635,23.259979],[91.446534,23.260791],[91.439445,23.261816],[91.431359,23.262588],[91.424872,23.258217],[91.424703,23.259853],[91.421125,23.261957],[91.419282,23.257909],[91.417539,23.259139],[91.415302,23.262217],[91.416717,23.264604],[91.417101,23.267611],[91.419467,23.273191],[91.41755,23.274672],[91.417545,23.276315],[91.415331,23.281219],[91.412763,23.28301],[91.408243,23.284634],[91.408931,23.271343],[91.409677,23.268211],[91.409803,23.263385],[91.410482,23.258742],[91.409639,23.255835],[91.405239,23.256495],[91.40245,23.259583],[91.399675,23.265822],[91.397098,23.265079],[91.397083,23.256213],[91.400206,23.255941],[91.40502,23.250746],[91.406966,23.247787],[91.399766,23.247137],[91.391318,23.246754],[91.391015,23.245906],[91.393555,23.242029],[91.395392,23.241155],[91.396949,23.236555],[91.398372,23.235445],[91.398895,23.232837],[91.39845,23.229455],[91.395092,23.228663],[91.385504,23.227646],[91.386217,23.225747],[91.390232,23.220101],[91.389254,23.218373],[91.383889,23.212304],[91.379132,23.208571],[91.385594,23.208295],[91.385945,23.204307],[91.383607,23.191923],[91.379949,23.191702],[91.378445,23.184727],[91.381511,23.184626],[91.380565,23.17553],[91.383615,23.175567],[91.383122,23.166147],[91.383544,23.156182],[91.387822,23.15303],[91.38966,23.145315],[91.392033,23.137507],[91.395423,23.13185],[91.396592,23.128453],[91.396033,23.120194],[91.396226,23.117711],[91.402223,23.11351],[91.399639,23.096552],[91.405389,23.096817],[91.404557,23.091902],[91.404413,23.087787],[91.407263,23.083526],[91.4127,23.082746],[91.416351,23.083036],[91.415705,23.077483],[91.412948,23.076024],[91.412395,23.069748],[91.410578,23.066129],[91.415895,23.06514],[91.415234,23.063089],[91.411343,23.062449],[91.409273,23.060704],[91.404573,23.05909],[91.398662,23.058423],[91.39762,23.056282],[91.394252,23.056608],[91.391812,23.058702],[91.386559,23.060751],[91.382659,23.063761],[91.377859,23.06651],[91.375766,23.066964],[91.369789,23.069771],[91.366318,23.074585],[91.361914,23.081751],[91.358002,23.086626],[91.351444,23.097195],[91.347118,23.101382],[91.34655,23.104492],[91.346947,23.108232],[91.347047,23.117859],[91.346685,23.118817],[91.341311,23.118903],[91.341813,23.128168],[91.336888,23.132041],[91.334463,23.143044],[91.333598,23.15008],[91.332557,23.153101],[91.32507,23.15766],[91.32342,23.160205],[91.324362,23.16313],[91.324707,23.169809],[91.323777,23.198981],[91.323785,23.217704],[91.323658,23.237609],[91.318923,23.240019],[91.318674,23.245152],[91.325564,23.247236],[91.326547,23.252533],[91.317638,23.253493],[91.313267,23.266722],[91.311099,23.27185],[91.309655,23.276425],[91.316017,23.279865],[91.316694,23.281405],[91.314372,23.282574],[91.302366,23.286273],[91.300246,23.29299],[91.303774,23.296501],[91.30701,23.300448],[91.308802,23.300451],[91.315145,23.297928],[91.315682,23.298838],[91.314987,23.303391],[91.313626,23.307566],[91.310085,23.314304],[91.308622,23.315102],[91.29651,23.314803],[91.290189,23.319522],[91.292515,23.325091],[91.293078,23.328979],[91.294762,23.33563],[91.296451,23.340764],[91.304707,23.34322],[91.310494,23.342607],[91.309898,23.34573],[91.310568,23.351591],[91.311752,23.353595],[91.313706,23.352781],[91.317773,23.353221],[91.319556,23.35993],[91.315454,23.360538],[91.300701,23.351589],[91.297737,23.351088],[91.291152,23.351332],[91.291975,23.35307],[91.294034,23.361288],[91.28633,23.362869],[91.284959,23.367122],[91.284862,23.370876],[91.293593,23.371237],[91.293957,23.374185],[91.293034,23.377295],[91.291849,23.377614],[91.287855,23.37566],[91.28479,23.37676],[91.279896,23.376954],[91.278001,23.395798],[91.277607,23.401683],[91.276263,23.412981],[91.275151,23.415182],[91.263758,23.42322],[91.269969,23.429185],[91.266556,23.433141],[91.259927,23.438072],[91.256787,23.440886],[91.255488,23.44706],[91.251513,23.452965],[91.253291,23.457073],[91.253457,23.460538],[91.251242,23.462213],[91.25132,23.46904],[91.252253,23.477723],[91.252091,23.481269],[91.24999,23.486398],[91.249165,23.489705],[91.243613,23.490237],[91.236498,23.489653],[91.236709,23.494476],[91.234029,23.496749],[91.235498,23.502208],[91.231292,23.49987],[91.223868,23.497422],[91.217872,23.499662],[91.217742,23.50032],[91.221451,23.509729],[91.223151,23.514825],[91.214949,23.514632],[91.207598,23.512485],[91.200265,23.520673],[91.199991,23.523176],[91.202518,23.529511],[91.20469,23.533641],[91.207951,23.544018],[91.21243,23.545893],[91.212544,23.550984],[91.209666,23.548977],[91.209136,23.546897],[91.204706,23.546267],[91.20154,23.550758],[91.198296,23.547733],[91.1942,23.547658],[91.19476,23.563416],[91.186994,23.574374],[91.185796,23.5781],[91.177676,23.584472],[91.175075,23.58586],[91.177255,23.591594],[91.176372,23.593771],[91.173695,23.594118],[91.168435,23.593163],[91.167155,23.592269],[91.164562,23.593632],[91.163283,23.595669],[91.164148,23.601293],[91.16271,23.602803],[91.159972,23.608987],[91.161304,23.609347],[91.161972,23.612449],[91.15995,23.61377],[91.15854,23.616301],[91.157302,23.622806],[91.158053,23.629298],[91.160267,23.631429],[91.158377,23.637862],[91.158388,23.641775],[91.160603,23.649288],[91.160702,23.654413],[91.156601,23.667036],[91.156651,23.670709],[91.160376,23.667202],[91.160608,23.664064],[91.166302,23.663441],[91.169451,23.658426],[91.173358,23.65667],[91.175728,23.658768],[91.180322,23.656764],[91.182736,23.659394],[91.184694,23.65715],[91.192611,23.654426],[91.191096,23.650967],[91.190645,23.647065],[91.193227,23.646336],[91.19847,23.647083],[91.200218,23.65022],[91.203791,23.650544],[91.200564,23.65651],[91.20267,23.659125],[91.20183,23.663162],[91.201951,23.666444],[91.204165,23.679473],[91.206051,23.685092],[91.202991,23.685851],[91.198287,23.689979],[91.195353,23.691953],[91.193478,23.690479],[91.188391,23.690159],[91.181883,23.690457],[91.165123,23.689259],[91.162144,23.689571],[91.156648,23.688763],[91.153171,23.688793],[91.151428,23.698079],[91.151004,23.704242],[91.148477,23.71186],[91.152449,23.722303],[91.152252,23.724702],[91.15446,23.73015],[91.1558,23.736583],[91.15845,23.741813],[91.163634,23.747825],[91.167663,23.750197],[91.181579,23.749111],[91.185626,23.751042],[91.193085,23.750899],[91.195647,23.751358],[91.200826,23.750304],[91.202323,23.7506],[91.209685,23.749],[91.211257,23.745004],[91.217466,23.739921],[91.218848,23.738068],[91.221473,23.744875],[91.224334,23.749447],[91.226262,23.751145],[91.22557,23.757116],[91.230021,23.763143],[91.230671,23.766434],[91.230352,23.781356],[91.230575,23.783524],[91.229199,23.784874],[91.228637,23.788086],[91.226363,23.791123],[91.226991,23.792624],[91.225703,23.792406],[91.22508,23.789343],[91.220873,23.790417],[91.214089,23.785257],[91.212253,23.78817],[91.212229,23.789832],[91.20838,23.790718],[91.208108,23.792773],[91.20468,23.793763],[91.20265,23.799087],[91.199965,23.802651],[91.195174,23.802471],[91.19061,23.801495],[91.186052,23.801097],[91.181643,23.799961],[91.179791,23.797167],[91.175239,23.796266],[91.178323,23.799779],[91.178958,23.809167],[91.178609,23.814082],[91.181228,23.817097],[91.18149,23.820057],[91.178514,23.820947],[91.169435,23.815597],[91.16678,23.817351],[91.164204,23.820116],[91.162512,23.818313],[91.162917,23.814938],[91.16056,23.81552],[91.158221,23.814891],[91.158591,23.812432],[91.157227,23.811571],[91.153322,23.813984],[91.15112,23.811187],[91.144692,23.812463],[91.140785,23.81466],[91.138585,23.815185],[91.134218,23.818176],[91.129109,23.81888],[91.124865,23.824752],[91.120892,23.825815],[91.117867,23.825376],[91.116858,23.826829],[91.117507,23.82928],[91.112901,23.832098],[91.108525,23.835965],[91.106482,23.836904],[91.106694,23.841839],[91.109587,23.86335],[91.104236,23.86357],[91.099558,23.864574],[91.092999,23.868021],[91.088804,23.87123],[91.084077,23.877716],[91.081634,23.882333],[91.079505,23.888818],[91.081422,23.889423],[91.083547,23.891454],[91.081433,23.893272],[91.078523,23.892148],[91.077137,23.897415],[91.076842,23.904914],[91.078142,23.908908],[91.081762,23.914527],[91.082723,23.916701],[91.083817,23.923175],[91.084891,23.92726],[91.084697,23.931264],[91.085152,23.935263],[91.0864,23.94069],[91.084996,23.945541],[91.083337,23.946264],[91.083163,23.948529],[91.080687,23.952554],[91.073517,23.955377],[91.071309,23.954317],[91.068993,23.951523],[91.063777,23.948993],[91.05504,23.948207],[91.047215,23.947802],[91.042753,23.946437],[91.037903,23.943373],[91.032762,23.937461],[91.028502,23.941335],[91.027048,23.954359],[91.027235,23.961077],[91.026279,23.969465],[91.027725,23.97854],[91.019846,23.978202],[91.017015,23.975848],[91.016825,23.970754],[91.016071,23.96914],[91.008663,23.96869],[91.007668,23.968175],[91.002606,23.968723],[90.994461,23.964589],[90.990504,23.964003],[90.987222,23.964636],[90.985041,23.9679],[90.982499,23.970153],[90.979108,23.970493],[90.973275,23.973723],[90.971703,23.970438],[90.970095,23.968705],[90.964378,23.966206],[90.959081,23.963116],[90.954344,23.959059],[90.953402,23.954888],[90.953831,23.94815],[90.953194,23.939292],[90.952202,23.9335],[90.951187,23.930248],[90.948681,23.926373],[90.946427,23.924766],[90.940572,23.922266],[90.937076,23.91977],[90.93253,23.915248],[90.929968,23.911278],[90.925272,23.901487],[90.923289,23.893851],[90.917378,23.879334],[90.913894,23.875067],[90.906869,23.868556],[90.903511,23.866397],[90.899179,23.864783],[90.895578,23.864436],[90.889978,23.865896],[90.882701,23.869374],[90.878246,23.872145],[90.86606,23.877211],[90.860645,23.878544],[90.857965,23.878537],[90.853913,23.8765],[90.849087,23.872943],[90.839244,23.866928],[90.833347,23.864549],[90.82767,23.863857],[90.823557,23.864012],[90.812127,23.866148],[90.806406,23.865959],[90.78552,23.865877],[90.775008,23.865461],[90.768035,23.864518],[90.763813,23.861836],[90.761086,23.857914],[90.759343,23.85233],[90.759318,23.847251],[90.760318,23.841929],[90.764028,23.833829],[90.766483,23.825183],[90.766567,23.816735],[90.767386,23.810122],[90.766705,23.806248],[90.765096,23.802038],[90.76279,23.79766],[90.759603,23.79286],[90.756179,23.788977],[90.747426,23.781489],[90.74189,23.772019],[90.738007,23.767424],[90.734813,23.764373],[90.733714,23.761841],[90.731135,23.763957],[90.730186,23.76799],[90.730266,23.770862],[90.731974,23.775263],[90.736084,23.781315],[90.738712,23.786031],[90.741441,23.789163],[90.734738,23.791006],[90.734772,23.793381],[90.731517,23.793905],[90.730763,23.796025],[90.728209,23.795348],[90.727783,23.796969],[90.725304,23.800205],[90.715561,23.802293],[90.718045,23.806152],[90.716424,23.809056],[90.713827,23.809813],[90.709473,23.814741],[90.701031,23.818273],[90.694364,23.822485],[90.693018,23.822124],[90.686615,23.824551],[90.685034,23.82647],[90.684236,23.829477],[90.68211,23.829192],[90.681695,23.827392],[90.679295,23.823801],[90.681349,23.82227],[90.682151,23.819902],[90.684107,23.819245],[90.686258,23.817007],[90.68581,23.813593],[90.688565,23.811067],[90.687616,23.805487],[90.688437,23.80204],[90.690108,23.799879],[90.684485,23.799272],[90.683525,23.795979],[90.680454,23.796505],[90.678029,23.797993],[90.671523,23.79738],[90.669301,23.795371],[90.665391,23.796309],[90.663709,23.7978],[90.666023,23.799933],[90.663537,23.804082],[90.659373,23.800151],[90.656717,23.801303],[90.655475,23.798718],[90.653523,23.7985],[90.647832,23.802092],[90.647308,23.804544],[90.59336,23.798905],[90.591901,23.801756],[90.590239,23.803252],[90.588829,23.806374],[90.538219,23.798767],[90.535784,23.798772],[90.490361,23.81652],[90.488935,23.815557],[90.486088,23.815548],[90.485093,23.814009],[90.485,23.81074],[90.484146,23.808997],[90.485185,23.806228],[90.482766,23.801796],[90.481785,23.798455],[90.481361,23.792829],[90.479131,23.790124],[90.475364,23.786922],[90.471318,23.784839],[90.46742,23.784955],[90.462088,23.781396],[90.462322,23.77991],[90.459745,23.777937],[90.458837,23.774806],[90.462179,23.773694],[90.459753,23.771305],[90.461132,23.769413],[90.460059,23.767201],[90.449203,23.768049],[90.448927,23.764804],[90.452673,23.764499],[90.452368,23.760331],[90.448697,23.762078],[90.437479,23.762647],[90.433067,23.763735],[90.401336,23.799069],[90.389093,23.799096],[90.342512,23.801884],[90.34182,23.799212],[90.33936,23.797705],[90.307814,23.770768],[90.299073,23.768629],[90.293111,23.767633],[90.246266,23.804254],[90.248437,23.821626],[90.248393,23.82528],[90.247587,23.829637],[90.24509,23.836818],[90.240807,23.83119],[90.237076,23.830747],[90.22968,23.833626],[90.227234,23.833968],[90.221063,23.838197],[90.216912,23.838596],[90.213173,23.838161],[90.20754,23.834502],[90.206132,23.834334],[90.203935,23.836841],[90.198162,23.834466],[90.189899,23.833799],[90.181819,23.830921],[90.178107,23.830596],[90.175712,23.828083],[90.172296,23.82684],[90.171282,23.827989],[90.155788,23.829444],[90.155724,23.827924],[90.151259,23.827815],[90.111227,23.845903],[90.109251,23.848932],[90.099998,23.841776],[90.094759,23.840913],[90.093433,23.835936],[90.092196,23.834546],[90.085342,23.832983],[90.077365,23.830137],[90.069761,23.828942],[90.06863,23.825318],[90.066208,23.82438],[90.069941,23.820858],[90.070022,23.816197],[90.072477,23.815656],[90.072925,23.813073],[90.069015,23.812045],[90.068381,23.808387],[90.065729,23.807936],[90.062479,23.803311],[90.0602,23.803357],[89.98771,23.806191],[89.986463,23.804971],[89.985503,23.795946],[89.986129,23.792523],[89.983093,23.789747],[89.982354,23.786872],[89.980216,23.785286],[89.974863,23.787591],[89.968721,23.787622],[89.963917,23.789325],[89.961876,23.789278],[89.958823,23.787256],[89.955511,23.788075],[89.953375,23.789908],[89.951072,23.78855],[89.949335,23.790873],[89.943218,23.789787],[89.94441,23.79207],[89.947328,23.792539],[89.948889,23.795599],[89.948071,23.797518],[89.945952,23.798854],[89.940285,23.799767],[89.938886,23.798427],[89.936142,23.798539],[89.936823,23.801188],[89.933238,23.800538],[89.926199,23.801514],[89.923802,23.80006],[89.919993,23.799285],[89.915274,23.800482],[89.91054,23.798759],[89.902906,23.798533],[89.899818,23.797632],[89.896797,23.794577],[89.893618,23.795855],[89.892175,23.798112],[89.887713,23.799292],[89.885171,23.801596],[89.883653,23.801563],[89.879915,23.799375],[89.844915,23.849903],[89.84215,23.851785],[89.839691,23.850902],[89.837138,23.852902],[89.829989,23.850438],[89.825847,23.850957],[89.820991,23.849804],[89.773363,23.818514],[89.77245,23.822697],[89.771018,23.83301],[89.761665,23.833409],[89.752132,23.832897],[89.746796,23.833101],[89.739497,23.834211],[89.735329,23.835917],[89.734289,23.835903],[89.734628,23.8308],[89.730141,23.827328],[89.722033,23.82519],[89.713436,23.8187],[89.705386,23.826319],[89.71032,23.816643],[89.704158,23.814019],[89.684031,23.812148],[89.680677,23.8115]]],[[[91.072055,22.019303],[91.077119,22.021794],[91.078872,22.025855],[91.07704,22.027646],[91.072692,22.022225],[91.069733,22.021326],[91.069409,22.019263],[91.072055,22.019303]]],[[[91.082741,22.053549],[91.083067,22.055841],[91.084628,22.058891],[91.084548,22.061759],[91.083127,22.063729],[91.080261,22.064559],[91.074617,22.064167],[91.068969,22.063151],[91.062976,22.060801],[91.055693,22.057167],[91.053384,22.05699],[91.048671,22.054152],[91.048373,22.04861],[91.050319,22.048166],[91.05207,22.049302],[91.052913,22.052262],[91.054407,22.053302],[91.056595,22.050899],[91.05682,22.046643],[91.055517,22.04388],[91.055037,22.03786],[91.057087,22.030819],[91.058621,22.030283],[91.060836,22.031655],[91.060797,22.033184],[91.066053,22.036737],[91.069166,22.041592],[91.071907,22.044824],[91.074922,22.046764],[91.077716,22.050188],[91.081566,22.050688],[91.082741,22.053549]]],[[[91.033753,22.08376],[91.03066,22.084111],[91.027027,22.085328],[91.016257,22.092613],[91.010446,22.097765],[91.007469,22.099441],[91.003322,22.100519],[91.000406,22.099644],[90.983982,22.085672],[90.98021,22.081537],[90.976526,22.075489],[90.97495,22.071713],[90.974321,22.068207],[90.974197,22.062851],[90.97485,22.049651],[90.97673,22.047059],[90.97661,22.04467],[90.977666,22.041653],[90.977854,22.037429],[90.979629,22.03455],[90.981137,22.030192],[90.983429,22.027931],[90.986044,22.027965],[90.988584,22.024555],[90.99088,22.02301],[90.997843,22.025262],[91.002409,22.029394],[91.010281,22.033361],[91.015234,22.037586],[91.016089,22.038967],[91.019022,22.040286],[91.024277,22.043839],[91.025503,22.043258],[91.022911,22.039259],[91.019309,22.037513],[91.02016,22.034495],[91.022,22.033718],[91.026152,22.033644],[91.027964,22.036025],[91.03033,22.03706],[91.0304,22.039738],[91.033211,22.038476],[91.03512,22.039995],[91.035468,22.042048],[91.037252,22.042509],[91.04053,22.052115],[91.04704,22.065746],[91.049763,22.071952],[91.049331,22.075729],[91.046543,22.080433],[91.042968,22.083888],[91.033753,22.08376]]],[[[91.376729,22.352071],[91.379176,22.352708],[91.381509,22.354779],[91.381164,22.358845],[91.382284,22.361762],[91.391713,22.36688],[91.39432,22.370621],[91.397562,22.3737],[91.399329,22.376911],[91.400015,22.381266],[91.397835,22.388096],[91.39502,22.389315],[91.391607,22.388508],[91.374559,22.379632],[91.363738,22.371162],[91.362719,22.369414],[91.363333,22.365143],[91.364808,22.362299],[91.370641,22.353437],[91.373005,22.352222],[91.376729,22.352071]]],[[[91.256244,22.409764],[91.261101,22.41226],[91.264214,22.415341],[91.266367,22.423164],[91.265216,22.426662],[91.260572,22.433389],[91.258583,22.435125],[91.254213,22.435159],[91.250908,22.433561],[91.247589,22.430385],[91.245867,22.427578],[91.246049,22.424851],[91.24796,22.420105],[91.252503,22.410843],[91.256244,22.409764]]],[[[91.277096,22.4411],[91.277941,22.443577],[91.276898,22.4476],[91.275056,22.448667],[91.272638,22.448447],[91.270716,22.446359],[91.270995,22.443108],[91.274679,22.441166],[91.277096,22.4411]]]]},"properties":{"sector":2,"areaKm2":17889,"islands":["Noakhali","Noakhali","Noakhali","Noakhali","Noakhali","Noakhali"]}},{"type":"Feature","geometry":{"type":"Polygon","coordinates":[[[89.744521,24.023327],[89.736085,24.040558],[89.742366,24.022671],[89.73788,24.021074],[89.733714,24.01903],[89.726016,24.014527],[89.722033,24.011585],[89.707273,23.999829],[89.700683,23.992121],[89.698144,23.987671],[89.696912,23.980547],[89.696736,23.967163],[89.697408,23.943303],[89.695608,23.944255],[89.692731,23.943927],[89.690328,23.941431],[89.687145,23.940282],[89.689204,23.936899],[89.690394,23.930531],[89.688496,23.927014],[89.691344,23.925631],[89.698631,23.9256],[89.70029,23.914889],[89.699558,23.913677],[89.703041,23.901719],[89.700905,23.899413],[89.701347,23.896357],[89.705171,23.895978],[89.706233,23.892451],[89.702001,23.889807],[89.700898,23.887233],[89.703233,23.88043],[89.701506,23.877541],[89.697633,23.873492],[89.698703,23.872065],[89.69875,23.866932],[89.70053,23.866525],[89.700846,23.871807],[89.701863,23.874436],[89.703705,23.876576],[89.707024,23.87618],[89.708089,23.869171],[89.709567,23.866767],[89.711549,23.866443],[89.713508,23.86035],[89.715235,23.857031],[89.719406,23.853386],[89.726318,23.846091],[89.729629,23.841921],[89.734141,23.839509],[89.735329,23.835917],[89.739497,23.834211],[89.746796,23.833101],[89.752132,23.832897],[89.761665,23.833409],[89.771018,23.83301],[89.77245,23.822697],[89.773363,23.818514],[89.820991,23.849804],[89.825847,23.850957],[89.829989,23.850438],[89.837138,23.852902],[89.839691,23.850902],[89.84215,23.851785],[89.844915,23.849903],[89.879915,23.799375],[89.883653,23.801563],[89.885171,23.801596],[89.887713,23.799292],[89.892175,23.798112],[89.893618,23.795855],[89.896797,23.794577],[89.899818,23.797632],[89.902906,23.798533],[89.91054,23.798759],[89.915274,23.800482],[89.919993,23.799285],[89.923802,23.80006],[89.926199,23.801514],[89.933238,23.800538],[89.936823,23.801188],[89.936142,23.798539],[89.938886,23.798427],[89.940285,23.799767],[89.945952,23.798854],[89.948071,23.797518],[89.948889,23.795599],[89.947328,23.792539],[89.94441,23.79207],[89.943218,23.789787],[89.949335,23.790873],[89.951072,23.78855],[89.953375,23.789908],[89.955511,23.788075],[89.958823,23.787256],[89.961876,23.789278],[89.963917,23.789325],[89.968721,23.787622],[89.974863,23.787591],[89.980216,23.785286],[89.982354,23.786872],[89.983093,23.789747],[89.986129,23.792523],[89.985503,23.795946],[89.986463,23.804971],[89.98771,23.806191],[90.0602,23.803357],[90.062479,23.803311],[90.065729,23.807936],[90.068381,23.808387],[90.069015,23.812045],[90.072925,23.813073],[90.072477,23.815656],[90.070022,23.816197],[90.069941,23.820858],[90.066208,23.82438],[90.06863,23.825318],[90.069761,23.828942],[90.077365,23.830137],[90.085342,23.832983],[90.092196,23.834546],[90.093433,23.835936],[90.094759,23.840913],[90.099998,23.841776],[90.109251,23.848932],[90.111227,23.845903],[90.151259,23.827815],[90.155724,23.827924],[90.155788,23.829444],[90.171282,23.827989],[90.172296,23.82684],[90.175712,23.828083],[90.178107,23.830596],[90.181819,23.830921],[90.189899,23.833799],[90.198162,23.834466],[90.203935,23.836841],[90.206132,23.834334],[90.20754,23.834502],[90.213173,23.838161],[90.216912,23.838596],[90.221063,23.838197],[90.227234,23.833968],[90.22968,23.833626],[90.237076,23.830747],[90.240807,23.83119],[90.24509,23.836818],[90.247587,23.829637],[90.248393,23.82528],[90.248437,23.821626],[90.246266,23.804254],[90.293111,23.767633],[90.299073,23.768629],[90.307814,23.770768],[90.33936,23.797705],[90.34182,23.799212],[90.342512,23.801884],[90.389093,23.799096],[90.401336,23.799069],[90.433067,23.763735],[90.437479,23.762647],[90.448697,23.762078],[90.452368,23.760331],[90.452673,23.764499],[90.448927,23.764804],[90.449203,23.768049],[90.460059,23.767201],[90.461132,23.769413],[90.459753,23.771305],[90.462179,23.773694],[90.458837,23.774806],[90.459745,23.777937],[90.462322,23.77991],[90.462088,23.781396],[90.46742,23.784955],[90.471318,23.784839],[90.475364,23.786922],[90.479131,23.790124],[90.481361,23.792829],[90.481785,23.798455],[90.482766,23.801796],[90.485185,23.806228],[90.484146,23.808997],[90.485,23.81074],[90.485093,23.814009],[90.486088,23.815548],[90.488935,23.815557],[90.490361,23.81652],[90.535784,23.798772],[90.538219,23.798767],[90.588829,23.806374],[90.590239,23.803252],[90.591901,23.801756],[90.59336,23.798905],[90.647308,23.804544],[90.647832,23.802092],[90.653523,23.7985],[90.655475,23.798718],[90.656717,23.801303],[90.659373,23.800151],[90.663537,23.804082],[90.666023,23.799933],[90.663709,23.7978],[90.665391,23.796309],[90.669301,23.795371],[90.671523,23.79738],[90.678029,23.797993],[90.680454,23.796505],[90.683525,23.795979],[90.684485,23.799272],[90.690108,23.799879],[90.688437,23.80204],[90.687616,23.805487],[90.688565,23.811067],[90.68581,23.813593],[90.686258,23.817007],[90.684107,23.819245],[90.682151,23.819902],[90.681349,23.82227],[90.679295,23.823801],[90.681695,23.827392],[90.68211,23.829192],[90.684236,23.829477],[90.685034,23.82647],[90.686615,23.824551],[90.693018,23.822124],[90.694364,23.822485],[90.701031,23.818273],[90.709473,23.814741],[90.713827,23.809813],[90.716424,23.809056],[90.718045,23.806152],[90.715561,23.802293],[90.725304,23.800205],[90.727783,23.796969],[90.728209,23.795348],[90.730763,23.796025],[90.731517,23.793905],[90.734772,23.793381],[90.734738,23.791006],[90.741441,23.789163],[90.738712,23.786031],[90.736084,23.781315],[90.731974,23.775263],[90.730266,23.770862],[90.730186,23.76799],[90.731135,23.763957],[90.733714,23.761841],[90.734813,23.764373],[90.738007,23.767424],[90.74189,23.772019],[90.747426,23.781489],[90.756179,23.788977],[90.759603,23.79286],[90.76279,23.79766],[90.765096,23.802038],[90.766705,23.806248],[90.767386,23.810122],[90.766567,23.816735],[90.766483,23.825183],[90.764028,23.833829],[90.760318,23.841929],[90.759318,23.847251],[90.759343,23.85233],[90.761086,23.857914],[90.763813,23.861836],[90.768035,23.864518],[90.775008,23.865461],[90.78552,23.865877],[90.806406,23.865959],[90.812127,23.866148],[90.823557,23.864012],[90.82767,23.863857],[90.833347,23.864549],[90.839244,23.866928],[90.849087,23.872943],[90.853913,23.8765],[90.857965,23.878537],[90.860645,23.878544],[90.86606,23.877211],[90.878246,23.872145],[90.882701,23.869374],[90.889978,23.865896],[90.895578,23.864436],[90.899179,23.864783],[90.903511,23.866397],[90.906869,23.868556],[90.913894,23.875067],[90.917378,23.879334],[90.923289,23.893851],[90.925272,23.901487],[90.929968,23.911278],[90.93253,23.915248],[90.937076,23.91977],[90.940572,23.922266],[90.946427,23.924766],[90.948681,23.926373],[90.951187,23.930248],[90.952202,23.9335],[90.953194,23.939292],[90.953831,23.94815],[90.953402,23.954888],[90.954344,23.959059],[90.959081,23.963116],[90.964378,23.966206],[90.970095,23.968705],[90.971703,23.970438],[90.973275,23.973723],[90.979108,23.970493],[90.982499,23.970153],[90.985041,23.9679],[90.987222,23.964636],[90.990504,23.964003],[90.994461,23.964589],[91.002606,23.968723],[91.007668,23.968175],[91.008663,23.96869],[91.016071,23.96914],[91.016825,23.970754],[91.017015,23.975848],[91.019846,23.978202],[91.027725,23.97854],[91.026279,23.969465],[91.027235,23.961077],[91.027048,23.954359],[91.028502,23.941335],[91.032762,23.937461],[91.037903,23.943373],[91.042753,23.946437],[91.047215,23.947802],[91.05504,23.948207],[91.063777,23.948993],[91.068993,23.951523],[91.071309,23.954317],[91.073517,23.955377],[91.080687,23.952554],[91.083163,23.948529],[91.083337,23.946264],[91.084996,23.945541],[91.0864,23.94069],[91.085152,23.935263],[91.084697,23.931264],[91.084891,23.92726],[91.083817,23.923175],[91.082723,23.916701],[91.081762,23.914527],[91.078142,23.908908],[91.076842,23.904914],[91.077137,23.897415],[91.078523,23.892148],[91.081433,23.893272],[91.083547,23.891454],[91.081422,23.889423],[91.079505,23.888818],[91.081634,23.882333],[91.084077,23.877716],[91.088804,23.87123],[91.092999,23.868021],[91.099558,23.864574],[91.104236,23.86357],[91.109587,23.86335],[91.106694,23.841839],[91.106482,23.836904],[91.108525,23.835965],[91.112901,23.832098],[91.117507,23.82928],[91.116858,23.826829],[91.117867,23.825376],[91.120892,23.825815],[91.124865,23.824752],[91.129109,23.81888],[91.134218,23.818176],[91.138585,23.815185],[91.140785,23.81466],[91.144692,23.812463],[91.15112,23.811187],[91.153322,23.813984],[91.157227,23.811571],[91.158591,23.812432],[91.158221,23.814891],[91.16056,23.81552],[91.162917,23.814938],[91.162512,23.818313],[91.164204,23.820116],[91.16678,23.817351],[91.169435,23.815597],[91.178514,23.820947],[91.18149,23.820057],[91.181228,23.817097],[91.178609,23.814082],[91.178958,23.809167],[91.178323,23.799779],[91.175239,23.796266],[91.179791,23.797167],[91.181643,23.799961],[91.186052,23.801097],[91.19061,23.801495],[91.195174,23.802471],[91.199965,23.802651],[91.20265,23.799087],[91.20468,23.793763],[91.208108,23.792773],[91.20838,23.790718],[91.212229,23.789832],[91.212253,23.78817],[91.214089,23.785257],[91.220873,23.790417],[91.22508,23.789343],[91.225703,23.792406],[91.226991,23.792624],[91.228812,23.795644],[91.231093,23.79764],[91.233274,23.805373],[91.233011,23.810896],[91.237367,23.813884],[91.242833,23.823126],[91.250018,23.83325],[91.254476,23.837786],[91.249511,23.848169],[91.248171,23.852003],[91.242119,23.860263],[91.240039,23.86428],[91.23852,23.869102],[91.237784,23.87393],[91.235673,23.87697],[91.23205,23.878115],[91.229607,23.880839],[91.228759,23.897404],[91.229848,23.899179],[91.239981,23.903627],[91.243237,23.905635],[91.244778,23.907367],[91.24586,23.913854],[91.241132,23.922853],[91.233366,23.92691],[91.234743,23.927926],[91.253335,23.925759],[91.258312,23.924466],[91.260875,23.924359],[91.265238,23.925906],[91.271475,23.925719],[91.2753,23.924676],[91.273256,23.935234],[91.272402,23.938119],[91.268287,23.941181],[91.264094,23.945359],[91.265563,23.948399],[91.26995,23.960015],[91.272913,23.96544],[91.282363,23.979012],[91.285067,23.982355],[91.28603,23.98143],[91.284568,23.976833],[91.286832,23.973897],[91.286569,23.971169],[91.287558,23.967821],[91.293064,23.968904],[91.295875,23.970662],[91.299431,23.97198],[91.297444,23.975979],[91.301203,23.985147],[91.302741,23.989774],[91.302448,23.994748],[91.303552,23.996258],[91.308183,23.993936],[91.312307,23.990733],[91.317027,23.989982],[91.320977,23.992903],[91.324383,23.993704],[91.326789,23.991392],[91.330009,23.992211],[91.334481,23.989341],[91.337506,23.985908],[91.337514,23.984167],[91.340873,23.981864],[91.345236,23.982316],[91.347469,23.983499],[91.351777,23.981834],[91.354261,23.981758],[91.355233,23.983086],[91.358576,23.983539],[91.361599,23.985608],[91.362729,23.982672],[91.367046,23.980324],[91.37423,23.974688],[91.379926,23.975192],[91.380114,23.978005],[91.378557,23.980507],[91.376501,23.985766],[91.377306,23.989752],[91.378646,23.991038],[91.376163,23.993673],[91.376149,23.996502],[91.373924,23.997176],[91.374065,24.00018],[91.373214,24.002518],[91.380367,24.011405],[91.39092,24.024981],[91.391122,24.027316],[91.396535,24.042142],[91.396401,24.049411],[91.392168,24.056186],[91.382237,24.07119],[91.377317,24.079159],[91.375815,24.091756],[91.375228,24.099767],[91.374237,24.106865],[91.374738,24.107619],[91.384094,24.106814],[91.387466,24.107312],[91.389579,24.108884],[91.391271,24.108194],[91.397829,24.109701],[91.399685,24.110659],[91.406385,24.108825],[91.410138,24.109535],[91.415615,24.108555],[91.41803,24.108758],[91.42819,24.107496],[91.430032,24.101352],[91.43171,24.099022],[91.438222,24.101248],[91.442102,24.09967],[91.443263,24.095879],[91.44861,24.097854],[91.45077,24.099682],[91.453322,24.09685],[91.457601,24.095565],[91.46295,24.09462],[91.467554,24.097554],[91.47203,24.097316],[91.476929,24.098834],[91.478432,24.096753],[91.48348,24.096221],[91.484252,24.094509],[91.48828,24.093962],[91.492971,24.09514],[91.495833,24.09418],[91.493497,24.089211],[91.499197,24.085625],[91.507591,24.08531],[91.513114,24.084171],[91.51677,24.082783],[91.53266,24.07817],[91.541342,24.075288],[91.545321,24.07474],[91.546605,24.073544],[91.552456,24.074483],[91.558059,24.076306],[91.561466,24.076037],[91.573586,24.073621],[91.573917,24.07753],[91.576216,24.078486],[91.582398,24.07326],[91.583092,24.072063],[91.586975,24.071499],[91.588579,24.07346],[91.592851,24.073645],[91.593014,24.076962],[91.595064,24.081341],[91.599613,24.082736],[91.599815,24.084519],[91.594184,24.088538],[91.592734,24.091268],[91.593425,24.09227],[91.597189,24.092766],[91.600865,24.09588],[91.610259,24.091157],[91.615299,24.092052],[91.615497,24.093113],[91.624386,24.095387],[91.628462,24.097533],[91.630003,24.099375],[91.633107,24.098971],[91.635301,24.100636],[91.637497,24.100175],[91.639429,24.103328],[91.638167,24.10538],[91.640505,24.107044],[91.642518,24.112939],[91.64165,24.116612],[91.639921,24.127658],[91.636493,24.134876],[91.63606,24.136851],[91.63788,24.139856],[91.647018,24.152968],[91.648251,24.15621],[91.646168,24.169116],[91.646762,24.173019],[91.646023,24.175603],[91.647354,24.17831],[91.646535,24.185701],[91.64764,24.188091],[91.646473,24.191336],[91.642864,24.192608],[91.641962,24.198223],[91.641001,24.199217],[91.635267,24.199649],[91.634655,24.201719],[91.636358,24.20364],[91.636323,24.206135],[91.634242,24.211421],[91.628772,24.214252],[91.628029,24.219249],[91.625646,24.221922],[91.624953,24.225532],[91.62529,24.228208],[91.623245,24.231124],[91.619434,24.232519],[91.619427,24.23723],[91.620817,24.24094],[91.61885,24.242101],[91.620183,24.243934],[91.620417,24.246489],[91.619232,24.248348],[91.617093,24.249172],[91.614327,24.248601],[91.614872,24.251726],[91.617301,24.251994],[91.620319,24.254698],[91.620078,24.261791],[91.621109,24.264721],[91.620813,24.26746],[91.619081,24.270418],[91.616669,24.271963],[91.616035,24.2742],[91.617179,24.277328],[91.61632,24.279262],[91.612116,24.284375],[91.612724,24.287348],[91.617888,24.292011],[91.623707,24.297805],[91.624084,24.301573],[91.625905,24.305147],[91.627852,24.307246],[91.629635,24.312929],[91.629771,24.327706],[91.628986,24.332211],[91.629199,24.336489],[91.62727,24.346142],[91.6254,24.349079],[91.6225,24.350737],[91.620778,24.353986],[91.619049,24.36084],[91.622497,24.362864],[91.622125,24.365665],[91.617506,24.365761],[91.616855,24.362587],[91.611533,24.362703],[91.601769,24.363807],[91.601018,24.371036],[91.601016,24.374989],[91.602854,24.38301],[91.600929,24.398401],[91.600946,24.40913],[91.601222,24.413274],[91.600231,24.415104],[91.601326,24.41737],[91.61153,24.417442],[91.618643,24.416752],[91.619016,24.419134],[91.616224,24.422166],[91.617187,24.426472],[91.614924,24.429665],[91.618173,24.433572],[91.615546,24.440243],[91.61017,24.441664],[91.613621,24.452418],[91.613712,24.458148],[91.616395,24.464332],[91.616303,24.467991],[91.614089,24.472331],[91.614482,24.475664],[91.612789,24.479871],[91.613393,24.48425],[91.614881,24.486087],[91.615383,24.489083],[91.613378,24.49175],[91.615786,24.492242],[91.615936,24.494217],[91.618083,24.495318],[91.618936,24.497758],[91.616695,24.499836],[91.618171,24.50187],[91.618254,24.503971],[91.62036,24.506047],[91.624941,24.513199],[91.62256,24.515053],[91.623984,24.517187],[91.631315,24.516379],[91.633607,24.518792],[91.637518,24.519336],[91.636562,24.522769],[91.634581,24.523703],[91.634153,24.525852],[91.636199,24.528508],[91.637393,24.527307],[91.641224,24.528169],[91.641577,24.53283],[91.642428,24.534917],[91.64145,24.537415],[91.639066,24.537911],[91.637512,24.543487],[91.613293,24.58254],[91.609849,24.584532],[91.609511,24.588856],[91.611881,24.592162],[91.571659,24.647384],[91.570142,24.648391],[91.567894,24.657209],[91.563875,24.659463],[91.558959,24.66135],[91.553429,24.667698],[91.552007,24.666169],[91.553704,24.661666],[91.55302,24.660393],[91.550025,24.66048],[91.548018,24.663124],[91.545441,24.671275],[91.5441,24.670997],[91.541857,24.667467],[91.540463,24.662938],[91.53911,24.656545],[91.535554,24.655038],[91.533251,24.651713],[91.530945,24.653396],[91.530845,24.655697],[91.532461,24.660137],[91.532422,24.662119],[91.528956,24.665387],[91.525881,24.666728],[91.523674,24.66608],[91.523815,24.661943],[91.521973,24.662429],[91.521468,24.668113],[91.519856,24.669265],[91.515651,24.666773],[91.506432,24.66873],[91.501865,24.670552],[91.495245,24.673997],[91.494023,24.673107],[91.495059,24.669076],[91.493276,24.669211],[91.488431,24.67456],[91.485585,24.676452],[91.483841,24.674576],[91.485401,24.669341],[91.482541,24.669724],[91.478287,24.673874],[91.474236,24.670914],[91.466103,24.662255],[91.464459,24.66338],[91.465932,24.669363],[91.464261,24.670953],[91.460542,24.669066],[91.457328,24.668357],[91.45343,24.668509],[91.450311,24.667084],[91.448132,24.663617],[91.448171,24.656108],[91.446576,24.652291],[91.44326,24.651941],[91.443268,24.656232],[91.442504,24.659113],[91.439342,24.664853],[91.438399,24.670417],[91.431744,24.675156],[91.430689,24.674552],[91.430563,24.670912],[91.428874,24.669894],[91.426892,24.672595],[91.426791,24.674704],[91.428488,24.68009],[91.426081,24.682375],[91.420383,24.68281],[91.417552,24.680961],[91.414544,24.674475],[91.4129,24.673686],[91.407586,24.674732],[91.39885,24.673511],[91.399231,24.677645],[91.397097,24.678011],[91.392457,24.675525],[91.390452,24.676232],[91.392139,24.680892],[91.389738,24.683673],[91.392095,24.688019],[91.387305,24.691206],[91.383004,24.692893],[91.380611,24.696516],[91.378052,24.698054],[91.37445,24.696891],[91.373486,24.694252],[91.37345,24.69092],[91.370441,24.689327],[91.356451,24.692357],[91.351868,24.692141],[91.349519,24.691054],[91.348371,24.688585],[91.35013,24.686949],[91.358163,24.686364],[91.361763,24.682231],[91.362375,24.678296],[91.360207,24.676606],[91.353723,24.673507],[91.349857,24.670295],[91.347044,24.669465],[91.345971,24.674003],[91.344863,24.675293],[91.343837,24.675474],[91.342954,24.679938],[91.342994,24.675396],[91.340145,24.67115],[91.337464,24.66511],[91.335369,24.661542],[91.333198,24.659426],[91.326549,24.658288],[91.323822,24.656605],[91.317874,24.650935],[91.316734,24.649236],[91.312985,24.648158],[91.310303,24.650829],[91.30893,24.653575],[91.308683,24.656824],[91.307104,24.657777],[91.304014,24.657205],[91.243413,24.683102],[91.237805,24.677268],[91.233858,24.675664],[91.224403,24.678949],[91.224948,24.675967],[91.223533,24.673163],[91.226218,24.671205],[91.233014,24.670411],[91.233617,24.666283],[91.231583,24.658577],[91.228765,24.65721],[91.226857,24.65364],[91.224901,24.655532],[91.221427,24.653958],[91.220665,24.655738],[91.212476,24.655213],[91.210219,24.654136],[91.208877,24.651172],[91.208526,24.645541],[91.207623,24.639494],[91.206343,24.635032],[91.205092,24.633496],[91.202015,24.635029],[91.198656,24.634309],[91.19796,24.632695],[91.194617,24.632193],[91.193727,24.63458],[91.193084,24.641366],[91.188995,24.640234],[91.187309,24.638956],[91.184396,24.639358],[91.179993,24.643655],[91.174813,24.64447],[91.172156,24.643326],[91.171773,24.641105],[91.169215,24.638115],[91.166324,24.636084],[91.163582,24.635527],[91.160662,24.636669],[91.15732,24.639725],[91.155355,24.642429],[91.153021,24.641363],[91.150749,24.64229],[91.14882,24.64123],[91.146389,24.641861],[91.142624,24.638338],[91.138346,24.637833],[91.137587,24.641146],[91.130839,24.645335],[91.128834,24.643757],[91.130467,24.642006],[91.128562,24.639237],[91.130848,24.637048],[91.129411,24.63395],[91.129523,24.632355],[91.134937,24.626009],[91.13285,24.624255],[91.132939,24.621608],[91.130395,24.615791],[91.129537,24.612603],[91.125885,24.614249],[91.123948,24.613927],[91.121715,24.610941],[91.120334,24.611735],[91.117212,24.608663],[91.115027,24.609074],[91.112504,24.610886],[91.109847,24.609962],[91.105148,24.611297],[91.104432,24.61018],[91.107057,24.606081],[91.105476,24.602514],[91.103695,24.602931],[91.101465,24.605562],[91.100801,24.608129],[91.098826,24.607999],[91.099976,24.603101],[91.097311,24.603062],[91.096076,24.605651],[91.093982,24.604639],[91.091523,24.608188],[91.087292,24.611264],[91.084381,24.611443],[91.083948,24.614318],[91.081013,24.616933],[91.07339,24.62207],[91.06918,24.621736],[91.062667,24.620529],[91.059812,24.616486],[91.056134,24.615209],[91.056109,24.617541],[91.051141,24.615736],[91.045892,24.612824],[91.043688,24.614375],[91.039456,24.612611],[91.037684,24.614405],[91.037803,24.617461],[91.036722,24.619972],[91.038218,24.623136],[91.040434,24.62366],[91.042893,24.625596],[91.041646,24.627108],[91.038753,24.626848],[91.03809,24.628384],[91.035706,24.628107],[91.033375,24.630387],[91.030439,24.630969],[91.027871,24.629201],[91.021474,24.618751],[91.023064,24.615338],[91.022233,24.611842],[91.022287,24.608947],[91.01971,24.605292],[91.017652,24.60505],[91.014208,24.606977],[91.010387,24.607459],[91.004714,24.603921],[91.001579,24.603761],[90.997342,24.604884],[90.994051,24.603436],[90.986177,24.607211],[90.983195,24.606083],[90.977622,24.601478],[90.97293,24.605098],[90.96687,24.607257],[90.964577,24.610516],[90.963641,24.61382],[90.961503,24.612461],[90.960219,24.609246],[90.957043,24.608882],[90.953722,24.60434],[90.951375,24.60396],[90.947596,24.607666],[90.944004,24.606938],[90.942879,24.605354],[90.939876,24.605786],[90.938816,24.602973],[90.936335,24.602882],[90.9356,24.606336],[90.933436,24.612053],[90.930295,24.612519],[90.930132,24.61411],[90.928111,24.615084],[90.914778,24.613741],[90.916678,24.610329],[90.916412,24.606965],[90.917201,24.603944],[90.916923,24.599887],[90.915639,24.598941],[90.908422,24.596059],[90.906547,24.600278],[90.903272,24.60079],[90.900893,24.599158],[90.891809,24.601342],[90.887964,24.601574],[90.883424,24.600136],[90.881813,24.594344],[90.87571,24.595898],[90.865654,24.595766],[90.866141,24.600442],[90.86343,24.601297],[90.856506,24.598375],[90.852745,24.598622],[90.849616,24.59286],[90.850939,24.591417],[90.848439,24.590216],[90.84541,24.585668],[90.843228,24.585201],[90.842827,24.582573],[90.841426,24.58113],[90.83923,24.583092],[90.830061,24.584371],[90.827796,24.584116],[90.826573,24.586978],[90.824801,24.587657],[90.821184,24.58696],[90.822344,24.579003],[90.819951,24.576307],[90.820528,24.574181],[90.819377,24.572199],[90.813673,24.569297],[90.813066,24.567403],[90.80993,24.564214],[90.813997,24.55976],[90.814216,24.556054],[90.81158,24.55372],[90.808823,24.548317],[90.810885,24.546721],[90.809233,24.543749],[90.809259,24.540586],[90.807186,24.54078],[90.806863,24.543854],[90.804255,24.545225],[90.8014,24.53982],[90.80108,24.53666],[90.804204,24.531715],[90.803794,24.529685],[90.801617,24.52911],[90.798638,24.527049],[90.797554,24.520685],[90.795611,24.518483],[90.793792,24.519669],[90.791855,24.518098],[90.794153,24.514876],[90.793961,24.508959],[90.793113,24.507742],[90.789805,24.507899],[90.788628,24.508989],[90.784487,24.509964],[90.779501,24.510175],[90.776822,24.508608],[90.774401,24.508307],[90.768037,24.509292],[90.765282,24.510663],[90.759156,24.510427],[90.757117,24.50836],[90.754888,24.507426],[90.75466,24.502997],[90.753076,24.502556],[90.747822,24.506878],[90.74492,24.50852],[90.742994,24.508442],[90.74193,24.504516],[90.742142,24.499544],[90.74163,24.496927],[90.737679,24.489674],[90.735453,24.489098],[90.735826,24.485888],[90.731856,24.482929],[90.729557,24.478874],[90.729294,24.476482],[90.726669,24.47532],[90.72425,24.475334],[90.721132,24.47413],[90.718332,24.476315],[90.716788,24.481565],[90.717437,24.482646],[90.715958,24.490336],[90.714146,24.492515],[90.711973,24.492482],[90.709196,24.498144],[90.70446,24.498938],[90.70463,24.502146],[90.705744,24.506297],[90.704971,24.508832],[90.704998,24.512943],[90.70269,24.514945],[90.697085,24.511133],[90.697022,24.509101],[90.692219,24.507139],[90.688963,24.507788],[90.687226,24.506351],[90.687051,24.502331],[90.682798,24.501359],[90.683059,24.495754],[90.682098,24.492189],[90.685533,24.488917],[90.685719,24.4872],[90.683811,24.48224],[90.682569,24.481116],[90.679953,24.481266],[90.679689,24.478555],[90.6819,24.476872],[90.681607,24.469689],[90.678973,24.466901],[90.671279,24.468117],[90.664706,24.467109],[90.662847,24.469741],[90.659696,24.471112],[90.65966,24.473282],[90.656087,24.474968],[90.651321,24.4744],[90.649144,24.477766],[90.64711,24.478206],[90.642482,24.476223],[90.639601,24.475956],[90.636698,24.476912],[90.637963,24.481047],[90.635486,24.48127],[90.631472,24.480293],[90.628666,24.482518],[90.622733,24.48956],[90.617693,24.492197],[90.61655,24.495957],[90.61,24.49721],[90.60441,24.499142],[90.599806,24.497338],[90.596671,24.497109],[90.595504,24.498828],[90.593615,24.497677],[90.591192,24.497849],[90.588459,24.494452],[90.583652,24.494431],[90.584476,24.489676],[90.583892,24.486761],[90.58271,24.485267],[90.578603,24.48384],[90.57573,24.482183],[90.576504,24.472985],[90.577596,24.471035],[90.575816,24.46691],[90.526039,24.455185],[90.516605,24.452756],[90.467617,24.449891],[90.467162,24.452311],[90.464653,24.458948],[90.461413,24.460821],[90.456859,24.461804],[90.455785,24.45932],[90.456385,24.457324],[90.453945,24.453642],[90.451513,24.45208],[90.442562,24.45361],[90.434276,24.451085],[90.432778,24.451155],[90.406212,24.412588],[90.401605,24.411101],[90.392392,24.408128],[90.390088,24.407384],[90.383178,24.405155],[90.380875,24.404411],[90.371661,24.401438],[90.369358,24.400695],[90.364751,24.399208],[90.360512,24.396932],[90.356273,24.394655],[90.347795,24.390102],[90.343556,24.387825],[90.341437,24.386687],[90.337198,24.38441],[90.335078,24.383272],[90.330839,24.380995],[90.32872,24.379857],[90.324481,24.377581],[90.322361,24.376442],[90.318122,24.374166],[90.316003,24.373027],[90.311764,24.370751],[90.309644,24.369612],[90.305405,24.367336],[90.303286,24.366198],[90.299047,24.363921],[90.296927,24.362783],[90.292688,24.360506],[90.290569,24.359368],[90.248287,24.333428],[90.242332,24.332783],[90.238556,24.334162],[90.234173,24.335083],[90.198354,24.303456],[90.190237,24.298367],[90.188208,24.297095],[90.174004,24.288189],[90.169975,24.285638],[90.165945,24.283087],[90.159901,24.279261],[90.155871,24.27671],[90.149826,24.272884],[90.105614,24.248907],[90.102403,24.245872],[90.105604,24.243892],[90.103709,24.239965],[90.100363,24.238026],[90.09956,24.241965],[90.096286,24.242266],[90.100029,24.237404],[90.102716,24.235901],[90.103438,24.233259],[90.102301,24.232567],[90.100618,24.235897],[90.092975,24.234646],[90.093797,24.232827],[90.089755,24.231501],[90.093095,24.229624],[90.094059,24.227314],[90.09649,24.229289],[90.098007,24.229279],[90.098629,24.225422],[90.093623,24.225074],[90.093593,24.221152],[90.096254,24.219649],[90.091656,24.218423],[90.090978,24.217225],[90.051198,24.191977],[90.049274,24.192992],[90.045835,24.191494],[90.046186,24.183925],[90.046702,24.180529],[90.043581,24.178437],[90.039357,24.177699],[90.03618,24.175771],[90.031903,24.175031],[90.031831,24.178845],[90.02883,24.179285],[90.026199,24.177144],[90.025856,24.173315],[90.031397,24.172483],[90.032715,24.171092],[90.032941,24.167334],[90.026496,24.158093],[90.024105,24.158837],[90.023292,24.157536],[90.019632,24.155606],[90.014454,24.154911],[90.011812,24.157056],[90.007259,24.157181],[90.004387,24.154611],[90.004679,24.152818],[90.006645,24.151954],[90.005107,24.149906],[90.006386,24.14774],[90.005294,24.143845],[90.005788,24.141474],[90.007438,24.140591],[90.004355,24.13801],[90.00482,24.134612],[90.003575,24.129346],[90.000884,24.128601],[89.997377,24.128883],[89.995568,24.124812],[89.992458,24.125047],[89.98992,24.122254],[89.987397,24.12285],[89.986465,24.121533],[89.984213,24.121989],[89.980981,24.12405],[89.978684,24.123497],[89.935667,24.141246],[89.933564,24.140133],[89.910778,24.103244],[89.899798,24.104394],[89.894812,24.105903],[89.890448,24.116511],[89.886525,24.117639],[89.884946,24.11728],[89.88263,24.115057],[89.874729,24.119496],[89.869093,24.121741],[89.825806,24.093343],[89.826214,24.087148],[89.825687,24.080996],[89.824174,24.075521],[89.821873,24.070815],[89.81795,24.065066],[89.811693,24.059662],[89.80742,24.056626],[89.803516,24.052748],[89.796853,24.045087],[89.791172,24.042404],[89.786108,24.041358],[89.787404,24.036024],[89.78414,24.032351],[89.777022,24.028138],[89.770432,24.025315],[89.765402,24.024002],[89.758786,24.023915],[89.754186,24.024689],[89.744521,24.023327]]]},"properties":{"sector":3,"areaKm2":12396,"islands":[]}},{"type":"Feature","geometry":{"type":"Polygon","coordinates":[[[91.647354,24.17831],[91.654339,24.175657],[91.657695,24.178578],[91.65913,24.182975],[91.658133,24.184607],[91.659683,24.190286],[91.657276,24.194761],[91.65322,24.196015],[91.653929,24.200111],[91.65284,24.206006],[91.650852,24.211669],[91.648915,24.215496],[91.648926,24.218992],[91.651291,24.218116],[91.654116,24.220261],[91.655063,24.222169],[91.657625,24.223866],[91.659397,24.227644],[91.663261,24.22934],[91.666373,24.232792],[91.668866,24.230362],[91.66818,24.227072],[91.668872,24.2245],[91.667863,24.222258],[91.668104,24.20918],[91.670167,24.207876],[91.671101,24.205617],[91.676818,24.19985],[91.676287,24.198224],[91.6785,24.196068],[91.680019,24.19344],[91.680764,24.18875],[91.679298,24.187147],[91.680875,24.183137],[91.680412,24.17976],[91.681173,24.17551],[91.683205,24.170163],[91.685497,24.165503],[91.688427,24.162764],[91.6929,24.159863],[91.696019,24.160039],[91.698442,24.163314],[91.703597,24.163115],[91.706233,24.157022],[91.706308,24.154746],[91.712769,24.153019],[91.714006,24.153826],[91.716934,24.152435],[91.720928,24.15222],[91.72268,24.150178],[91.722591,24.148235],[91.726041,24.146664],[91.728317,24.143827],[91.732563,24.145382],[91.733979,24.144407],[91.736578,24.145763],[91.737772,24.14305],[91.744144,24.142643],[91.748652,24.141458],[91.750452,24.142367],[91.754851,24.142324],[91.757264,24.141357],[91.759419,24.142395],[91.758035,24.154881],[91.755412,24.172403],[91.755384,24.178383],[91.754473,24.182163],[91.754194,24.188168],[91.75336,24.193024],[91.751512,24.20744],[91.750765,24.216598],[91.746656,24.242254],[91.746149,24.247314],[91.759659,24.239587],[91.764769,24.236867],[91.776083,24.22993],[91.793068,24.220828],[91.794949,24.221492],[91.799419,24.220129],[91.800294,24.221467],[91.802731,24.220199],[91.807738,24.221018],[91.809288,24.218485],[91.811109,24.218631],[91.813517,24.215049],[91.813623,24.21337],[91.816149,24.212638],[91.817596,24.211041],[91.821233,24.21039],[91.824106,24.210897],[91.826173,24.21336],[91.829449,24.214255],[91.832799,24.219231],[91.836407,24.21865],[91.839242,24.220579],[91.838251,24.222729],[91.838154,24.226301],[91.839174,24.227095],[91.844327,24.226689],[91.845981,24.224184],[91.843452,24.223621],[91.84422,24.22149],[91.849396,24.221912],[91.846435,24.218542],[91.849755,24.21684],[91.851601,24.216913],[91.855121,24.213477],[91.853892,24.212364],[91.850487,24.212507],[91.852552,24.209958],[91.849582,24.204003],[91.845195,24.199883],[91.847341,24.19325],[91.845437,24.190273],[91.847123,24.189258],[91.848182,24.186159],[91.851102,24.183126],[91.853916,24.183297],[91.857427,24.182541],[91.858485,24.181185],[91.861105,24.183354],[91.866571,24.177265],[91.870859,24.17628],[91.873339,24.175017],[91.875978,24.169985],[91.874128,24.169369],[91.874496,24.163024],[91.876231,24.161664],[91.876708,24.155031],[91.878768,24.1519],[91.877948,24.150578],[91.878312,24.147043],[91.881019,24.145872],[91.883509,24.143539],[91.8841,24.139498],[91.886078,24.138607],[91.888961,24.139296],[91.890917,24.137231],[91.896798,24.139806],[91.901961,24.137543],[91.905521,24.139542],[91.905935,24.144915],[91.909486,24.147045],[91.91192,24.15154],[91.91139,24.153749],[91.913039,24.155735],[91.913767,24.160092],[91.913517,24.162517],[91.911951,24.164028],[91.914523,24.167581],[91.911648,24.168488],[91.911768,24.170202],[91.913642,24.174478],[91.914992,24.179438],[91.917859,24.19181],[91.926232,24.219002],[91.927041,24.222744],[91.930145,24.233834],[91.932306,24.240312],[91.935497,24.252419],[91.937057,24.256914],[91.940048,24.269604],[91.939541,24.272483],[91.93793,24.275946],[91.936796,24.280915],[91.93449,24.287923],[91.931342,24.298951],[91.930405,24.300927],[91.929119,24.30657],[91.925919,24.314497],[91.92401,24.321065],[91.922776,24.32752],[91.9197,24.336739],[91.922578,24.335657],[91.925148,24.336534],[91.927502,24.339538],[91.932659,24.340957],[91.934293,24.340032],[91.937549,24.342942],[91.940314,24.342945],[91.941454,24.347221],[91.942526,24.348686],[91.945553,24.349196],[91.946132,24.350983],[91.949654,24.351053],[91.950082,24.352507],[91.953172,24.353569],[91.956201,24.356654],[91.95846,24.354519],[91.960612,24.353692],[91.963795,24.350927],[91.967859,24.350486],[91.96533,24.348198],[91.966161,24.346813],[91.969811,24.345109],[91.971276,24.343167],[91.9726,24.335785],[91.976528,24.329829],[91.977958,24.328675],[91.981383,24.328542],[91.98155,24.325924],[91.985084,24.323653],[91.990564,24.324793],[91.992601,24.323475],[91.995846,24.323329],[91.996219,24.327547],[91.994819,24.330431],[91.995068,24.332728],[91.99816,24.333008],[91.997994,24.335436],[91.996318,24.3396],[91.992912,24.341622],[91.991887,24.344374],[91.989295,24.344954],[91.988285,24.347488],[91.985916,24.350352],[91.983397,24.352312],[91.981124,24.356193],[91.978045,24.358519],[91.979937,24.361083],[91.9828,24.359992],[91.984359,24.362059],[91.980029,24.364657],[91.978482,24.367007],[91.978409,24.370409],[91.976257,24.373272],[91.974622,24.371668],[91.972537,24.371768],[91.970651,24.375239],[91.972236,24.378238],[91.97166,24.38009],[91.966212,24.380734],[91.967858,24.38273],[91.972319,24.385248],[91.975586,24.38277],[91.982471,24.381154],[91.984748,24.377608],[91.98779,24.379622],[91.988172,24.384575],[91.991459,24.387006],[91.991568,24.389054],[91.995026,24.389218],[91.996167,24.390677],[91.995245,24.392748],[91.996514,24.394178],[91.999582,24.392821],[92.001021,24.390532],[92.004289,24.388719],[92.005069,24.38709],[92.004328,24.384552],[92.007269,24.38245],[92.009114,24.382656],[92.01833,24.38605],[92.019544,24.387349],[92.023439,24.386882],[92.022625,24.383853],[92.02479,24.384235],[92.028785,24.380882],[92.033651,24.379875],[92.035781,24.38104],[92.039856,24.377819],[92.042592,24.378692],[92.045281,24.377362],[92.049051,24.378182],[92.049411,24.376647],[92.070696,24.376085],[92.084652,24.3762],[92.086807,24.373749],[92.090641,24.372996],[92.092071,24.373995],[92.096581,24.374517],[92.097062,24.37718],[92.098835,24.376853],[92.101336,24.379227],[92.100447,24.381999],[92.102966,24.383537],[92.105891,24.383002],[92.110283,24.381253],[92.11491,24.383118],[92.116153,24.381902],[92.120161,24.382921],[92.122094,24.385171],[92.120976,24.388204],[92.118903,24.390874],[92.121305,24.393715],[92.122126,24.395823],[92.126757,24.398685],[92.127255,24.402206],[92.131279,24.407166],[92.134709,24.408271],[92.134154,24.411058],[92.132883,24.412583],[92.13252,24.41554],[92.133232,24.417609],[92.135846,24.420404],[92.135641,24.423465],[92.136722,24.426129],[92.13812,24.426279],[92.143756,24.423601],[92.145494,24.424071],[92.147287,24.422544],[92.153873,24.426617],[92.156379,24.424103],[92.159754,24.423696],[92.160311,24.422149],[92.163991,24.420433],[92.167362,24.426043],[92.167528,24.42848],[92.166148,24.430199],[92.167241,24.432059],[92.166373,24.434868],[92.167774,24.436629],[92.164541,24.437921],[92.163496,24.441192],[92.164791,24.44253],[92.164037,24.446208],[92.161033,24.450178],[92.161929,24.452298],[92.159672,24.454763],[92.161103,24.457086],[92.160672,24.460283],[92.159431,24.462118],[92.15795,24.466855],[92.154366,24.472459],[92.155954,24.475857],[92.155809,24.477545],[92.152989,24.480075],[92.152849,24.483223],[92.153604,24.484738],[92.152149,24.486474],[92.151663,24.490554],[92.153073,24.492121],[92.151378,24.495047],[92.151642,24.498964],[92.153433,24.49953],[92.152023,24.501892],[92.158732,24.506452],[92.158431,24.507335],[92.153473,24.511269],[92.157281,24.513878],[92.155339,24.516023],[92.155587,24.519215],[92.158506,24.525397],[92.157496,24.527829],[92.16022,24.527833],[92.167934,24.532037],[92.169754,24.530772],[92.17503,24.525395],[92.17502,24.523147],[92.180536,24.523702],[92.183774,24.523061],[92.185185,24.520757],[92.186935,24.520744],[92.187878,24.518664],[92.190502,24.51736],[92.195363,24.513026],[92.19611,24.511176],[92.199131,24.51089],[92.202132,24.507405],[92.205066,24.506579],[92.210291,24.504203],[92.2195,24.502355],[92.222509,24.500207],[92.229448,24.500791],[92.230882,24.533448],[92.232712,24.569482],[92.233019,24.571847],[92.234876,24.57536],[92.235113,24.578758],[92.233462,24.579527],[92.233906,24.586584],[92.235159,24.58924],[92.23869,24.604678],[92.241181,24.61028],[92.24267,24.611727],[92.241852,24.613473],[92.244617,24.617929],[92.244557,24.620812],[92.243499,24.624556],[92.244214,24.62835],[92.246595,24.632663],[92.247406,24.636713],[92.248436,24.63823],[92.249142,24.643681],[92.24798,24.645467],[92.249698,24.649784],[92.246652,24.654262],[92.246408,24.656059],[92.249809,24.660549],[92.251175,24.660605],[92.25362,24.665768],[92.255418,24.667319],[92.257951,24.674161],[92.255981,24.674868],[92.255547,24.678736],[92.257188,24.680491],[92.259511,24.68022],[92.261015,24.682251],[92.259346,24.683562],[92.260181,24.686995],[92.261945,24.688524],[92.262744,24.690716],[92.266267,24.691311],[92.274511,24.704429],[92.277352,24.707682],[92.276087,24.708293],[92.28042,24.714537],[92.284416,24.719071],[92.290323,24.726394],[92.29226,24.730853],[92.294926,24.73324],[92.294254,24.734925],[92.29626,24.736916],[92.283048,24.74192],[92.282569,24.743715],[92.280472,24.745046],[92.280573,24.748466],[92.287666,24.756335],[92.287898,24.759268],[92.289619,24.761108],[92.281284,24.765748],[92.282931,24.768165],[92.282664,24.770319],[92.28359,24.773194],[92.286766,24.776799],[92.288617,24.783985],[92.287804,24.786281],[92.288922,24.787465],[92.281974,24.790067],[92.279823,24.793024],[92.280211,24.795798],[92.278809,24.797196],[92.273836,24.799314],[92.274008,24.80121],[92.276079,24.803475],[92.27494,24.80653],[92.276594,24.809922],[92.276659,24.812058],[92.274423,24.813428],[92.276588,24.815428],[92.275792,24.817771],[92.273376,24.821263],[92.273611,24.827411],[92.269098,24.829754],[92.264982,24.830176],[92.260916,24.829906],[92.253674,24.832055],[92.25279,24.830452],[92.249619,24.830092],[92.249025,24.831987],[92.252224,24.834336],[92.251104,24.836007],[92.253169,24.838526],[92.242996,24.840297],[92.241695,24.845432],[92.242032,24.850002],[92.240324,24.852932],[92.240161,24.857838],[92.236332,24.858992],[92.236024,24.863853],[92.238843,24.868272],[92.245689,24.866946],[92.246504,24.868681],[92.24538,24.870909],[92.247307,24.871835],[92.246748,24.874754],[92.247558,24.879273],[92.247395,24.884956],[92.242847,24.889147],[92.239354,24.891646],[92.235978,24.893121],[92.23693,24.894711],[92.236116,24.899139],[92.232929,24.900388],[92.231029,24.900354],[92.1925,24.869588],[92.185428,24.867724],[92.18307,24.867103],[92.166568,24.862753],[92.159496,24.860888],[92.111667,24.843568],[92.108548,24.845395],[92.108287,24.848554],[92.107056,24.849972],[92.101404,24.851212],[92.097172,24.852684],[92.095576,24.852067],[92.092266,24.853776],[92.092595,24.862696],[92.093672,24.863561],[92.100853,24.866286],[92.099137,24.871957],[92.093377,24.871158],[92.091483,24.873385],[92.086396,24.869493],[92.086057,24.864598],[92.08412,24.864047],[92.080876,24.865028],[92.08089,24.866523],[92.077262,24.866134],[92.075684,24.867036],[92.071578,24.866255],[92.03615,24.832507],[92.026551,24.830895],[92.021751,24.83009],[92.009753,24.828075],[91.962819,24.812192],[91.957283,24.81539],[91.954568,24.814604],[91.950249,24.814988],[91.947946,24.81173],[91.945677,24.810689],[91.941015,24.812231],[91.936067,24.818463],[91.933052,24.821626],[91.932948,24.82648],[91.932292,24.827763],[91.933399,24.832353],[91.931628,24.834351],[91.931405,24.837396],[91.924287,24.837448],[91.923765,24.841564],[91.922519,24.84261],[91.919778,24.84248],[91.887293,24.861517],[91.835792,24.785518],[91.832197,24.786137],[91.831271,24.78442],[91.828208,24.784376],[91.82753,24.781177],[91.824294,24.781627],[91.823514,24.783693],[91.820277,24.784143],[91.820124,24.786036],[91.817893,24.787463],[91.811854,24.787206],[91.805775,24.790406],[91.801456,24.790785],[91.796342,24.792373],[91.792411,24.794512],[91.788938,24.79735],[91.789905,24.801945],[91.789797,24.806962],[91.790675,24.81164],[91.790339,24.81337],[91.747362,24.837348],[91.732697,24.839095],[91.692598,24.866063],[91.690826,24.866155],[91.689405,24.864327],[91.686394,24.864641],[91.683864,24.866536],[91.684764,24.872586],[91.680497,24.874546],[91.674622,24.8748],[91.674647,24.872793],[91.676843,24.872723],[91.677886,24.870427],[91.677123,24.866937],[91.673875,24.861053],[91.667515,24.859352],[91.66529,24.857325],[91.663002,24.85819],[91.658184,24.853346],[91.65611,24.850673],[91.656531,24.848188],[91.6597,24.8482],[91.660679,24.844973],[91.660272,24.841339],[91.663651,24.841769],[91.664029,24.835609],[91.663754,24.830344],[91.660306,24.828515],[91.659587,24.832067],[91.659641,24.83617],[91.658467,24.836231],[91.656616,24.839235],[91.656792,24.832558],[91.657886,24.830969],[91.657742,24.826284],[91.653254,24.825612],[91.651998,24.823969],[91.649161,24.82503],[91.643252,24.82579],[91.636359,24.82492],[91.633798,24.821982],[91.634079,24.819798],[91.627651,24.820064],[91.625634,24.821032],[91.616798,24.822033],[91.613746,24.823052],[91.61284,24.82633],[91.60859,24.828227],[91.607192,24.827909],[91.608617,24.824584],[91.608403,24.821395],[91.610099,24.81783],[91.602381,24.812317],[91.601948,24.810938],[91.596418,24.811419],[91.5974,24.814611],[91.597721,24.820996],[91.592503,24.823255],[91.592269,24.825796],[91.587959,24.826701],[91.584571,24.828694],[91.580557,24.828996],[91.579662,24.83156],[91.576566,24.830814],[91.57401,24.832613],[91.57212,24.831075],[91.567419,24.831159],[91.564776,24.828915],[91.560624,24.82944],[91.560248,24.831267],[91.558464,24.832363],[91.559302,24.836048],[91.554182,24.837977],[91.550347,24.837685],[91.547412,24.838212],[91.547187,24.835198],[91.54542,24.833327],[91.539406,24.830075],[91.536927,24.829304],[91.53326,24.830867],[91.533304,24.832973],[91.531887,24.840292],[91.530155,24.841172],[91.528539,24.838238],[91.524999,24.83685],[91.522944,24.835149],[91.521004,24.835317],[91.520362,24.837793],[91.51865,24.838888],[91.516595,24.837982],[91.518216,24.834549],[91.517871,24.83162],[91.515237,24.831448],[91.513118,24.833652],[91.511292,24.833511],[91.506923,24.830575],[91.502208,24.834364],[91.495086,24.83216],[91.495236,24.834088],[91.489764,24.83644],[91.48845,24.83647],[91.48657,24.834141],[91.483773,24.838238],[91.481004,24.840008],[91.475247,24.840321],[91.472836,24.841317],[91.46781,24.845249],[91.462923,24.846338],[91.464471,24.838296],[91.462812,24.837761],[91.452445,24.841348],[91.450122,24.838996],[91.443288,24.837635],[91.437097,24.83793],[91.431657,24.835526],[91.42896,24.83991],[91.423608,24.841192],[91.420542,24.843849],[91.418709,24.844552],[91.369339,24.857934],[91.370105,24.85381],[91.369117,24.852121],[91.366315,24.850206],[91.360085,24.848836],[91.359615,24.84652],[91.362504,24.843829],[91.340144,24.801384],[91.340246,24.796968],[91.300482,24.768464],[91.300662,24.764316],[91.303854,24.763405],[91.305609,24.760399],[91.306233,24.755975],[91.307896,24.75127],[91.309576,24.748264],[91.311643,24.746546],[91.314764,24.746112],[91.315977,24.741138],[91.311251,24.737646],[91.308877,24.731276],[91.309302,24.72848],[91.315519,24.73553],[91.322946,24.741038],[91.325878,24.743865],[91.327318,24.746232],[91.32888,24.745867],[91.328812,24.740045],[91.335137,24.739568],[91.340086,24.740518],[91.343093,24.743276],[91.348081,24.743369],[91.350293,24.741444],[91.350934,24.738788],[91.350369,24.734714],[91.352631,24.730481],[91.352293,24.726744],[91.349583,24.726456],[91.346001,24.724857],[91.343882,24.722882],[91.343155,24.716601],[91.347481,24.71636],[91.350858,24.718321],[91.355228,24.719504],[91.358207,24.718766],[91.360125,24.717185],[91.363937,24.711917],[91.366828,24.710938],[91.372263,24.711652],[91.377067,24.705318],[91.380218,24.708069],[91.382584,24.706688],[91.38218,24.703836],[91.377303,24.700142],[91.378052,24.698054],[91.380611,24.696516],[91.383004,24.692893],[91.387305,24.691206],[91.392095,24.688019],[91.389738,24.683673],[91.392139,24.680892],[91.390452,24.676232],[91.392457,24.675525],[91.397097,24.678011],[91.399231,24.677645],[91.39885,24.673511],[91.407586,24.674732],[91.4129,24.673686],[91.414544,24.674475],[91.417552,24.680961],[91.420383,24.68281],[91.426081,24.682375],[91.428488,24.68009],[91.426791,24.674704],[91.426892,24.672595],[91.428874,24.669894],[91.430563,24.670912],[91.430689,24.674552],[91.431744,24.675156],[91.438399,24.670417],[91.439342,24.664853],[91.442504,24.659113],[91.443268,24.656232],[91.44326,24.651941],[91.446576,24.652291],[91.448171,24.656108],[91.448132,24.663617],[91.450311,24.667084],[91.45343,24.668509],[91.457328,24.668357],[91.460542,24.669066],[91.464261,24.670953],[91.465932,24.669363],[91.464459,24.66338],[91.466103,24.662255],[91.474236,24.670914],[91.478287,24.673874],[91.482541,24.669724],[91.485401,24.669341],[91.483841,24.674576],[91.485585,24.676452],[91.488431,24.67456],[91.493276,24.669211],[91.495059,24.669076],[91.494023,24.673107],[91.495245,24.673997],[91.501865,24.670552],[91.506432,24.66873],[91.515651,24.666773],[91.519856,24.669265],[91.521468,24.668113],[91.521973,24.662429],[91.523815,24.661943],[91.523674,24.66608],[91.525881,24.666728],[91.528956,24.665387],[91.532422,24.662119],[91.532461,24.660137],[91.530845,24.655697],[91.530945,24.653396],[91.533251,24.651713],[91.535554,24.655038],[91.53911,24.656545],[91.540463,24.662938],[91.541857,24.667467],[91.5441,24.670997],[91.545441,24.671275],[91.548018,24.663124],[91.550025,24.66048],[91.55302,24.660393],[91.553704,24.661666],[91.552007,24.666169],[91.553429,24.667698],[91.558959,24.66135],[91.563875,24.659463],[91.567894,24.657209],[91.570142,24.648391],[91.571659,24.647384],[91.611881,24.592162],[91.609511,24.588856],[91.609849,24.584532],[91.613293,24.58254],[91.637512,24.543487],[91.639066,24.537911],[91.64145,24.537415],[91.642428,24.534917],[91.641577,24.53283],[91.641224,24.528169],[91.637393,24.527307],[91.636199,24.528508],[91.634153,24.525852],[91.634581,24.523703],[91.636562,24.522769],[91.637518,24.519336],[91.633607,24.518792],[91.631315,24.516379],[91.623984,24.517187],[91.62256,24.515053],[91.624941,24.513199],[91.62036,24.506047],[91.618254,24.503971],[91.618171,24.50187],[91.616695,24.499836],[91.618936,24.497758],[91.618083,24.495318],[91.615936,24.494217],[91.615786,24.492242],[91.613378,24.49175],[91.615383,24.489083],[91.614881,24.486087],[91.613393,24.48425],[91.612789,24.479871],[91.614482,24.475664],[91.614089,24.472331],[91.616303,24.467991],[91.616395,24.464332],[91.613712,24.458148],[91.613621,24.452418],[91.61017,24.441664],[91.615546,24.440243],[91.618173,24.433572],[91.614924,24.429665],[91.617187,24.426472],[91.616224,24.422166],[91.619016,24.419134],[91.618643,24.416752],[91.61153,24.417442],[91.601326,24.41737],[91.600231,24.415104],[91.601222,24.413274],[91.600946,24.40913],[91.600929,24.398401],[91.602854,24.38301],[91.601016,24.374989],[91.601018,24.371036],[91.601769,24.363807],[91.611533,24.362703],[91.616855,24.362587],[91.617506,24.365761],[91.622125,24.365665],[91.622497,24.362864],[91.619049,24.36084],[91.620778,24.353986],[91.6225,24.350737],[91.6254,24.349079],[91.62727,24.346142],[91.629199,24.336489],[91.628986,24.332211],[91.629771,24.327706],[91.629635,24.312929],[91.627852,24.307246],[91.625905,24.305147],[91.624084,24.301573],[91.623707,24.297805],[91.617888,24.292011],[91.612724,24.287348],[91.612116,24.284375],[91.61632,24.279262],[91.617179,24.277328],[91.616035,24.2742],[91.616669,24.271963],[91.619081,24.270418],[91.620813,24.26746],[91.621109,24.264721],[91.620078,24.261791],[91.620319,24.254698],[91.617301,24.251994],[91.614872,24.251726],[91.614327,24.248601],[91.617093,24.249172],[91.619232,24.248348],[91.620417,24.246489],[91.620183,24.243934],[91.61885,24.242101],[91.620817,24.24094],[91.619427,24.23723],[91.619434,24.232519],[91.623245,24.231124],[91.62529,24.228208],[91.624953,24.225532],[91.625646,24.221922],[91.628029,24.219249],[91.628772,24.214252],[91.634242,24.211421],[91.636323,24.206135],[91.636358,24.20364],[91.634655,24.201719],[91.635267,24.199649],[91.641001,24.199217],[91.641962,24.198223],[91.642864,24.192608],[91.646473,24.191336],[91.64764,24.188091],[91.646535,24.185701],[91.647354,24.17831]]]},"properties":{"sector":4,"areaKm2":4388,"islands":[]}},{"type":"Feature","geometry":{"type":"Polygon","coordinates":[[[91.200569,25.201316],[91.200888,25.200105],[91.202005,25.195865],[91.203121,25.191626],[91.204238,25.187387],[91.205355,25.183147],[91.208318,25.177045],[91.253189,25.154331],[91.260207,25.153784],[91.263792,25.153999],[91.262162,25.147076],[91.267926,25.146187],[91.269372,25.147827],[91.271581,25.154255],[91.27584,25.153187],[91.275027,25.14972],[91.273135,25.148666],[91.269203,25.143617],[91.266548,25.142678],[91.268886,25.137581],[91.268551,25.134683],[91.26556,25.133767],[91.260667,25.135398],[91.253877,25.136421],[91.251275,25.137485],[91.24916,25.136985],[91.247157,25.134492],[91.245789,25.129594],[91.242475,25.123007],[91.24217,25.119089],[91.245883,25.120056],[91.24574,25.117097],[91.251661,25.116086],[91.252573,25.116593],[91.253754,25.121262],[91.256147,25.122445],[91.259518,25.119527],[91.260093,25.116667],[91.262589,25.113205],[91.263348,25.102535],[91.263278,25.099407],[91.264126,25.093654],[91.263652,25.087947],[91.264831,25.085152],[91.266928,25.083276],[91.265594,25.082186],[91.262138,25.083039],[91.259154,25.080315],[91.252751,25.081262],[91.249899,25.080289],[91.245336,25.080982],[91.243017,25.079487],[91.23769,25.079394],[91.232075,25.080646],[91.229422,25.075988],[91.226287,25.072197],[91.225628,25.07055],[91.226006,25.06673],[91.222699,25.064554],[91.221075,25.064637],[91.220869,25.060465],[91.222199,25.056097],[91.224118,25.055359],[91.228684,25.055028],[91.233869,25.05242],[91.233875,25.050048],[91.238957,25.049296],[91.239597,25.047408],[91.241963,25.044497],[91.242204,25.041714],[91.239164,25.040019],[91.237926,25.036074],[91.243213,25.035317],[91.242436,25.033086],[91.241156,25.025977],[91.239961,25.023244],[91.242258,25.020313],[91.245189,25.018543],[91.246518,25.01972],[91.250378,25.025374],[91.253271,25.027259],[91.258038,25.029072],[91.25911,25.032664],[91.263422,25.033094],[91.267988,25.031383],[91.267787,25.029678],[91.271126,25.0258],[91.269733,25.022144],[91.276156,25.021784],[91.276697,25.020236],[91.281902,25.021568],[91.285038,25.021455],[91.288237,25.018443],[91.29316,25.012766],[91.297232,25.013825],[91.299439,25.013174],[91.30002,25.011403],[91.302708,25.0081],[91.305748,25.007653],[91.303469,25.003116],[91.304658,24.998763],[91.306205,24.997898],[91.310368,24.998914],[91.311384,24.998322],[91.311565,24.995261],[91.3098,24.993581],[91.312693,24.991348],[91.313815,24.988887],[91.31249,24.985754],[91.317778,24.980623],[91.320619,24.979467],[91.323192,24.979444],[91.321635,24.973808],[91.320228,24.973502],[91.318731,24.977906],[91.316599,24.977498],[91.316737,24.970761],[91.318182,24.965929],[91.320546,24.961623],[91.320281,24.960901],[91.314768,24.959329],[91.322058,24.956515],[91.325717,24.959659],[91.328642,24.959804],[91.326775,24.953701],[91.326355,24.94944],[91.327345,24.947902],[91.32693,24.94491],[91.329371,24.941058],[91.331459,24.942733],[91.334414,24.94172],[91.336112,24.940183],[91.33399,24.907123],[91.340044,24.901394],[91.327453,24.873988],[91.332372,24.869601],[91.333299,24.866832],[91.33683,24.861582],[91.339603,24.860855],[91.338549,24.85923],[91.336419,24.858686],[91.336158,24.85607],[91.337503,24.853699],[91.339592,24.853139],[91.344671,24.854084],[91.346799,24.857133],[91.349347,24.856024],[91.35204,24.856282],[91.358962,24.857948],[91.360112,24.855806],[91.362563,24.855522],[91.366371,24.85798],[91.369339,24.857934],[91.418709,24.844552],[91.420542,24.843849],[91.423608,24.841192],[91.42896,24.83991],[91.431657,24.835526],[91.437097,24.83793],[91.443288,24.837635],[91.450122,24.838996],[91.452445,24.841348],[91.462812,24.837761],[91.464471,24.838296],[91.462923,24.846338],[91.46781,24.845249],[91.472836,24.841317],[91.475247,24.840321],[91.481004,24.840008],[91.483773,24.838238],[91.48657,24.834141],[91.48845,24.83647],[91.489764,24.83644],[91.495236,24.834088],[91.495086,24.83216],[91.502208,24.834364],[91.506923,24.830575],[91.511292,24.833511],[91.513118,24.833652],[91.515237,24.831448],[91.517871,24.83162],[91.518216,24.834549],[91.516595,24.837982],[91.51865,24.838888],[91.520362,24.837793],[91.521004,24.835317],[91.522944,24.835149],[91.524999,24.83685],[91.528539,24.838238],[91.530155,24.841172],[91.531887,24.840292],[91.533304,24.832973],[91.53326,24.830867],[91.536927,24.829304],[91.539406,24.830075],[91.54542,24.833327],[91.547187,24.835198],[91.547412,24.838212],[91.550347,24.837685],[91.554182,24.837977],[91.559302,24.836048],[91.558464,24.832363],[91.560248,24.831267],[91.560624,24.82944],[91.564776,24.828915],[91.567419,24.831159],[91.57212,24.831075],[91.57401,24.832613],[91.576566,24.830814],[91.579662,24.83156],[91.580557,24.828996],[91.584571,24.828694],[91.587959,24.826701],[91.592269,24.825796],[91.592503,24.823255],[91.597721,24.820996],[91.5974,24.814611],[91.596418,24.811419],[91.601948,24.810938],[91.602381,24.812317],[91.610099,24.81783],[91.608403,24.821395],[91.608617,24.824584],[91.607192,24.827909],[91.60859,24.828227],[91.61284,24.82633],[91.613746,24.823052],[91.616798,24.822033],[91.625634,24.821032],[91.627651,24.820064],[91.634079,24.819798],[91.633798,24.821982],[91.636359,24.82492],[91.643252,24.82579],[91.649161,24.82503],[91.651998,24.823969],[91.653254,24.825612],[91.657742,24.826284],[91.657886,24.830969],[91.656792,24.832558],[91.656616,24.839235],[91.658467,24.836231],[91.659641,24.83617],[91.659587,24.832067],[91.660306,24.828515],[91.663754,24.830344],[91.664029,24.835609],[91.663651,24.841769],[91.660272,24.841339],[91.660679,24.844973],[91.6597,24.8482],[91.656531,24.848188],[91.65611,24.850673],[91.658184,24.853346],[91.663002,24.85819],[91.66529,24.857325],[91.667515,24.859352],[91.673875,24.861053],[91.677123,24.866937],[91.677886,24.870427],[91.676843,24.872723],[91.674647,24.872793],[91.674622,24.8748],[91.680497,24.874546],[91.684764,24.872586],[91.683864,24.866536],[91.686394,24.864641],[91.689405,24.864327],[91.690826,24.866155],[91.692598,24.866063],[91.732697,24.839095],[91.747362,24.837348],[91.790339,24.81337],[91.790675,24.81164],[91.789797,24.806962],[91.789905,24.801945],[91.788938,24.79735],[91.792411,24.794512],[91.796342,24.792373],[91.801456,24.790785],[91.805775,24.790406],[91.811854,24.787206],[91.817893,24.787463],[91.820124,24.786036],[91.820277,24.784143],[91.823514,24.783693],[91.824294,24.781627],[91.82753,24.781177],[91.828208,24.784376],[91.831271,24.78442],[91.832197,24.786137],[91.835792,24.785518],[91.887293,24.861517],[91.919778,24.84248],[91.922519,24.84261],[91.923765,24.841564],[91.924287,24.837448],[91.931405,24.837396],[91.931628,24.834351],[91.933399,24.832353],[91.932292,24.827763],[91.932948,24.82648],[91.933052,24.821626],[91.936067,24.818463],[91.941015,24.812231],[91.945677,24.810689],[91.947946,24.81173],[91.950249,24.814988],[91.954568,24.814604],[91.957283,24.81539],[91.962819,24.812192],[92.009753,24.828075],[92.021751,24.83009],[92.026551,24.830895],[92.03615,24.832507],[92.071578,24.866255],[92.075684,24.867036],[92.077262,24.866134],[92.08089,24.866523],[92.080876,24.865028],[92.08412,24.864047],[92.086057,24.864598],[92.086396,24.869493],[92.091483,24.873385],[92.093377,24.871158],[92.099137,24.871957],[92.100853,24.866286],[92.093672,24.863561],[92.092595,24.862696],[92.092266,24.853776],[92.095576,24.852067],[92.097172,24.852684],[92.101404,24.851212],[92.107056,24.849972],[92.108287,24.848554],[92.108548,24.845395],[92.111667,24.843568],[92.159496,24.860888],[92.166568,24.862753],[92.18307,24.867103],[92.185428,24.867724],[92.1925,24.869588],[92.231029,24.900354],[92.232929,24.900388],[92.236592,24.904231],[92.240961,24.905176],[92.246898,24.908801],[92.251892,24.90884],[92.258961,24.906858],[92.265724,24.907383],[92.270325,24.905323],[92.273027,24.905087],[92.282479,24.906714],[92.283257,24.909927],[92.285622,24.912048],[92.294648,24.915141],[92.297678,24.915158],[92.301817,24.913803],[92.306144,24.908686],[92.306893,24.904135],[92.306692,24.900628],[92.309075,24.899828],[92.313794,24.896969],[92.315683,24.894558],[92.322082,24.896515],[92.3253,24.896216],[92.326683,24.894477],[92.327771,24.888826],[92.331005,24.886094],[92.336704,24.879847],[92.33967,24.878004],[92.341966,24.879248],[92.343469,24.881569],[92.344479,24.885461],[92.34592,24.888162],[92.348793,24.88916],[92.349754,24.888161],[92.351963,24.882861],[92.354059,24.879121],[92.355308,24.878223],[92.358478,24.878606],[92.360245,24.877913],[92.361193,24.87373],[92.362842,24.872208],[92.372161,24.872996],[92.375488,24.871364],[92.376317,24.869171],[92.377224,24.862957],[92.382325,24.859575],[92.383404,24.857872],[92.384588,24.853455],[92.38592,24.851796],[92.392423,24.851046],[92.398985,24.84972],[92.40226,24.850746],[92.403568,24.857025],[92.405748,24.859134],[92.410134,24.859126],[92.416883,24.857589],[92.42465,24.853171],[92.426144,24.852964],[92.431847,24.855748],[92.437741,24.856941],[92.438683,24.858469],[92.441351,24.866467],[92.444294,24.872394],[92.447778,24.872849],[92.457884,24.872739],[92.464616,24.872353],[92.471652,24.869012],[92.475254,24.868375],[92.477973,24.871872],[92.480284,24.873021],[92.486544,24.871784],[92.489003,24.872479],[92.492815,24.875657],[92.491586,24.880398],[92.492059,24.884087],[92.491021,24.891746],[92.493532,24.897057],[92.496363,24.900186],[92.496724,24.902628],[92.494359,24.903871],[92.493093,24.905693],[92.493355,24.909659],[92.494809,24.914852],[92.494357,24.916482],[92.491537,24.918586],[92.487849,24.920325],[92.485544,24.925147],[92.484015,24.930073],[92.48403,24.931725],[92.485622,24.938427],[92.488027,24.944387],[92.487738,24.947216],[92.485201,24.94757],[92.482888,24.946514],[92.478662,24.943478],[92.476353,24.942458],[92.464034,24.941938],[92.452485,24.938678],[92.449157,24.938898],[92.447965,24.943913],[92.44887,24.948235],[92.451589,24.952348],[92.455186,24.954305],[92.458005,24.954606],[92.463579,24.956111],[92.467066,24.958035],[92.46894,24.962176],[92.467922,24.964029],[92.463773,24.967187],[92.46153,24.969594],[92.459112,24.97073],[92.456516,24.970265],[92.44997,24.966517],[92.445852,24.96603],[92.443177,24.966728],[92.437554,24.966667],[92.428665,24.96574],[92.424197,24.965576],[92.420733,24.966524],[92.419767,24.969681],[92.421086,24.975591],[92.42258,24.987639],[92.421572,24.990196],[92.418771,24.990725],[92.416629,24.9921],[92.420025,25.000346],[92.422852,25.00589],[92.424686,25.012744],[92.42376,25.019032],[92.42555,25.019637],[92.42549,25.027759],[92.423391,25.029786],[92.420826,25.027695],[92.41786,25.029788],[92.415985,25.030164],[92.413153,25.028926],[92.404427,25.032445],[92.40176,25.032215],[92.400379,25.034074],[92.398564,25.03282],[92.394669,25.036119],[92.391928,25.039834],[92.387439,25.039947],[92.384598,25.040814],[92.38294,25.039026],[92.380854,25.040086],[92.379126,25.039367],[92.376065,25.042755],[92.37015,25.042162],[92.367322,25.042519],[92.368379,25.045158],[92.366655,25.047633],[92.362408,25.0499],[92.360608,25.046775],[92.355805,25.047107],[92.354208,25.049172],[92.350053,25.049432],[92.34693,25.047802],[92.339533,25.049936],[92.337895,25.051176],[92.339486,25.053223],[92.342399,25.054754],[92.347386,25.059362],[92.34875,25.063474],[92.348034,25.066421],[92.348329,25.073349],[92.343023,25.075206],[92.338186,25.07591],[92.332092,25.079058],[92.329843,25.079065],[92.327273,25.077817],[92.322086,25.078101],[92.318804,25.074163],[92.318914,25.070312],[92.313106,25.072061],[92.311112,25.069287],[92.308861,25.069609],[92.30613,25.071612],[92.304601,25.070512],[92.300584,25.07126],[92.288608,25.075988],[92.286162,25.077242],[92.283478,25.07671],[92.280198,25.07813],[92.278533,25.07791],[92.272445,25.080946],[92.270178,25.081267],[92.266761,25.083276],[92.260753,25.083654],[92.254542,25.085836],[92.253873,25.087009],[92.248298,25.088693],[92.239488,25.093137],[92.233667,25.094721],[92.231521,25.097113],[92.227414,25.09435],[92.223245,25.098623],[92.223552,25.102498],[92.22259,25.103887],[92.216321,25.105659],[92.215355,25.106613],[92.207268,25.108678],[92.203441,25.106621],[92.196289,25.108151],[92.199049,25.115814],[92.200604,25.118312],[92.200415,25.119906],[92.204512,25.120003],[92.208242,25.119054],[92.218486,25.115457],[92.219548,25.117228],[92.214492,25.120294],[92.208977,25.122656],[92.204367,25.123792],[92.197415,25.126303],[92.194346,25.125854],[92.195311,25.129663],[92.192992,25.134242],[92.189375,25.136252],[92.187729,25.132704],[92.188775,25.129637],[92.187995,25.12695],[92.186456,25.125337],[92.183232,25.117998],[92.179778,25.121544],[92.179111,25.12407],[92.171804,25.127737],[92.16955,25.127867],[92.164149,25.125544],[92.160194,25.126437],[92.161041,25.129487],[92.15937,25.13041],[92.158878,25.132971],[92.162999,25.133582],[92.165244,25.134684],[92.163539,25.136259],[92.157629,25.133211],[92.152967,25.133809],[92.152649,25.137738],[92.149678,25.137605],[92.147644,25.135328],[92.142853,25.13572],[92.141218,25.137432],[92.137267,25.139994],[92.134422,25.143441],[92.135314,25.145845],[92.134189,25.148718],[92.13625,25.152771],[92.13835,25.152194],[92.139765,25.154435],[92.133519,25.156473],[92.130175,25.161359],[92.125071,25.162191],[92.120883,25.163921],[92.118779,25.166686],[92.117093,25.166803],[92.109493,25.170398],[92.108556,25.172239],[92.106063,25.172243],[92.105017,25.175943],[92.102321,25.175043],[92.098793,25.175935],[92.095621,25.177514],[92.092159,25.177478],[92.081758,25.182562],[92.079034,25.180989],[92.074453,25.184617],[92.0665,25.185502],[92.06237,25.187047],[92.059151,25.185532],[92.058144,25.186476],[92.054616,25.184853],[92.054412,25.186366],[92.04951,25.18695],[92.040535,25.186129],[92.038909,25.182482],[92.037352,25.181998],[92.033615,25.183837],[92.027829,25.182388],[92.025379,25.179339],[92.01872,25.182747],[92.016363,25.187451],[92.011897,25.1866],[92.002618,25.186038],[91.994682,25.181837],[91.987778,25.174922],[91.984577,25.172995],[91.980708,25.172212],[91.978023,25.172661],[91.971559,25.175862],[91.966718,25.176858],[91.963781,25.176879],[91.956431,25.178242],[91.947794,25.177616],[91.945301,25.178215],[91.936383,25.178917],[91.934378,25.178365],[91.933253,25.180199],[91.926269,25.180534],[91.921119,25.181682],[91.912838,25.181491],[91.907018,25.179822],[91.902875,25.18053],[91.898533,25.180432],[91.897438,25.178758],[91.894012,25.178899],[91.894998,25.176785],[91.889895,25.176456],[91.884788,25.177475],[91.880874,25.173481],[91.87845,25.174195],[91.875161,25.176925],[91.870745,25.174668],[91.864626,25.175487],[91.861346,25.172893],[91.855855,25.172767],[91.847902,25.174059],[91.843124,25.176565],[91.832864,25.178173],[91.827761,25.1779],[91.826883,25.17675],[91.823365,25.17699],[91.817217,25.171615],[91.812621,25.171936],[91.805371,25.171794],[91.806774,25.168811],[91.804967,25.168389],[91.796862,25.168695],[91.781186,25.166262],[91.77534,25.163479],[91.766325,25.167686],[91.763379,25.166698],[91.758736,25.168374],[91.754734,25.1735],[91.756459,25.176802],[91.755345,25.177364],[91.748036,25.174381],[91.744564,25.17026],[91.744581,25.16802],[91.7492,25.160863],[91.749597,25.158615],[91.748459,25.156177],[91.74491,25.153551],[91.743582,25.150542],[91.744039,25.146853],[91.742563,25.144334],[91.747116,25.141466],[91.744336,25.141158],[91.740847,25.142562],[91.739222,25.142281],[91.736372,25.143884],[91.735432,25.149112],[91.732499,25.150553],[91.71675,25.152869],[91.715507,25.156964],[91.713175,25.158129],[91.707995,25.158908],[91.705786,25.157135],[91.70303,25.158625],[91.701033,25.15547],[91.703607,25.153332],[91.703453,25.150012],[91.701735,25.150214],[91.697922,25.145864],[91.694797,25.145721],[91.694303,25.141012],[91.691834,25.137313],[91.68778,25.137646],[91.684426,25.136944],[91.680585,25.135288],[91.676074,25.13821],[91.66962,25.137976],[91.664068,25.13545],[91.664937,25.128504],[91.660358,25.127169],[91.658762,25.129429],[91.658136,25.132074],[91.652605,25.131044],[91.65179,25.127455],[91.648718,25.127992],[91.645478,25.127062],[91.64338,25.125607],[91.64218,25.123454],[91.637795,25.122997],[91.634506,25.124071],[91.627235,25.125589],[91.622881,25.128293],[91.622291,25.130707],[91.62321,25.132894],[91.623169,25.137201],[91.620983,25.143618],[91.61543,25.145123],[91.613499,25.141484],[91.611285,25.146159],[91.607284,25.144751],[91.603631,25.140168],[91.60218,25.142197],[91.60016,25.148494],[91.599615,25.151522],[91.602584,25.155022],[91.60375,25.159183],[91.600095,25.159717],[91.602347,25.162731],[91.604494,25.167976],[91.607112,25.169363],[91.615454,25.170579],[91.61504,25.174937],[91.610806,25.177063],[91.608303,25.176451],[91.605799,25.174178],[91.596514,25.17431],[91.594694,25.173702],[91.591303,25.174312],[91.589187,25.172245],[91.584671,25.171916],[91.58088,25.17278],[91.5776,25.172229],[91.574637,25.168069],[91.572134,25.166154],[91.572442,25.163155],[91.574374,25.162248],[91.573872,25.15961],[91.570603,25.161143],[91.567034,25.159373],[91.562978,25.160554],[91.557511,25.155411],[91.557826,25.152171],[91.556471,25.149731],[91.533889,25.145527],[91.52649,25.144617],[91.524803,25.145842],[91.520555,25.145624],[91.516563,25.147884],[91.509013,25.14741],[91.502217,25.143766],[91.500242,25.135757],[91.495595,25.135709],[91.491893,25.13839],[91.489097,25.135581],[91.482389,25.137029],[91.478316,25.136467],[91.478888,25.134299],[91.475522,25.133737],[91.470499,25.134001],[91.464265,25.135552],[91.465468,25.137394],[91.468266,25.137861],[91.470463,25.140888],[91.46857,25.141404],[91.46725,25.144471],[91.469403,25.150923],[91.466318,25.151771],[91.460936,25.151007],[91.457105,25.14832],[91.456424,25.150257],[91.45137,25.152803],[91.449778,25.149548],[91.444272,25.150247],[91.440723,25.149753],[91.440104,25.150861],[91.435151,25.155496],[91.432806,25.156851],[91.428514,25.157427],[91.425236,25.156946],[91.423606,25.158915],[91.422268,25.162647],[91.420963,25.163177],[91.417209,25.167698],[91.414237,25.170424],[91.411538,25.168502],[91.412571,25.16667],[91.411282,25.164218],[91.408462,25.164224],[91.406417,25.166122],[91.399521,25.165169],[91.39634,25.165506],[91.389064,25.167263],[91.38648,25.169456],[91.384357,25.169842],[91.381654,25.168438],[91.374893,25.168163],[91.369673,25.170674],[91.368473,25.169976],[91.365816,25.173603],[91.364716,25.177027],[91.360842,25.17699],[91.359075,25.175311],[91.353652,25.171591],[91.351451,25.175634],[91.347474,25.174189],[91.337824,25.173362],[91.335051,25.174667],[91.33438,25.17664],[91.331497,25.177334],[91.327489,25.176216],[91.325104,25.179827],[91.32122,25.182408],[91.318942,25.183232],[91.310695,25.18386],[91.305597,25.182273],[91.299449,25.183772],[91.293068,25.183404],[91.28859,25.186086],[91.288967,25.189611],[91.291749,25.190754],[91.292349,25.192022],[91.289322,25.19382],[91.282378,25.195535],[91.277288,25.197293],[91.273724,25.200228],[91.269664,25.204762],[91.267769,25.205696],[91.262866,25.204159],[91.260517,25.204089],[91.259559,25.199785],[91.251353,25.198381],[91.250536,25.195074],[91.247185,25.197107],[91.241931,25.196456],[91.237489,25.196523],[91.2364,25.198841],[91.233638,25.198954],[91.231459,25.196948],[91.229429,25.197265],[91.225906,25.199782],[91.223473,25.199161],[91.219016,25.200159],[91.211975,25.200373],[91.200569,25.201316]]]},"properties":{"sector":5,"areaKm2":3879,"islands":[]}},{"type":"Feature","geometry":{"type":"MultiPolygon","coordinates":[[[[89.833724,25.856133],[89.835012,25.859946],[89.833416,25.867734],[89.832173,25.870437],[89.836119,25.873754],[89.840524,25.8798],[89.84836,25.888396],[89.84859,25.892455],[89.851034,25.895229],[89.856235,25.899289],[89.860608,25.907001],[89.869141,25.914111],[89.878449,25.924176],[89.87796,25.926223],[89.882301,25.937774],[89.885527,25.942718],[89.886676,25.945425],[89.877461,25.946671],[89.874276,25.946345],[89.861794,25.943377],[89.848358,25.942783],[89.844309,25.940029],[89.839235,25.941039],[89.842234,25.944063],[89.835428,25.945182],[89.826477,25.94551],[89.824883,25.94607],[89.825887,25.951948],[89.828048,25.954395],[89.831663,25.954878],[89.836732,25.952997],[89.841211,25.950713],[89.848909,25.949538],[89.844806,25.953184],[89.844257,25.95445],[89.846821,25.956536],[89.844665,25.95966],[89.842765,25.963778],[89.838878,25.966336],[89.83873,25.968494],[89.841447,25.970457],[89.845117,25.971425],[89.847337,25.971208],[89.854779,25.96843],[89.857968,25.968666],[89.863044,25.971068],[89.865893,25.971251],[89.87129,25.973484],[89.872785,25.974946],[89.872701,25.977059],[89.870897,25.978662],[89.869676,25.981504],[89.867809,25.979062],[89.866195,25.982943],[89.861278,25.984898],[89.859059,25.986828],[89.855364,25.988802],[89.850845,25.989833],[89.847895,25.994535],[89.847079,25.996749],[89.847644,26.000619],[89.843338,26.007267],[89.838423,26.009882],[89.836662,26.012664],[89.834359,26.013499],[89.830169,26.010234],[89.831184,26.008797],[89.830028,26.004116],[89.830405,26.000945],[89.831795,25.999353],[89.833195,25.994248],[89.834022,25.989149],[89.836962,25.985127],[89.836186,25.982738],[89.827645,25.983931],[89.821715,25.986112],[89.817377,25.991131],[89.816031,25.994995],[89.820026,25.99676],[89.820665,25.999854],[89.818197,26.003607],[89.819729,26.007867],[89.821408,26.008691],[89.820544,26.012687],[89.818031,26.016443],[89.814962,26.018866],[89.815332,26.022135],[89.818813,26.026334],[89.814808,26.030557],[89.812982,26.034446],[89.812259,26.038866],[89.811217,26.041481],[89.808707,26.04415],[89.806424,26.045161],[89.804383,26.043618],[89.801746,26.032768],[89.797916,26.026053],[89.794301,26.023904],[89.793923,26.021205],[89.789762,26.018509],[89.788137,26.019698],[89.787283,26.021979],[89.792789,26.023308],[89.792227,26.027336],[89.797596,26.031798],[89.798792,26.035475],[89.801614,26.038145],[89.801472,26.040788],[89.798661,26.04243],[89.79454,26.043198],[89.792163,26.042265],[89.792709,26.037742],[89.791533,26.035119],[89.787657,26.036389],[89.787646,26.038107],[89.789415,26.040818],[89.781215,26.041463],[89.779342,26.040194],[89.778891,26.037726],[89.776797,26.035576],[89.773781,26.038409],[89.774108,26.039825],[89.778591,26.044464],[89.784374,26.046877],[89.788631,26.049985],[89.787302,26.051617],[89.784699,26.052342],[89.785056,26.057201],[89.786265,26.058004],[89.793236,26.058339],[89.798543,26.059954],[89.797651,26.063824],[89.79571,26.06498],[89.797292,26.067716],[89.797517,26.07038],[89.794993,26.073164],[89.79671,26.075406],[89.794216,26.077161],[89.791505,26.075369],[89.790485,26.076302],[89.79113,26.079238],[89.793336,26.081009],[89.795452,26.083912],[89.794505,26.088963],[89.791282,26.089625],[89.78857,26.088086],[89.785938,26.083996],[89.784475,26.083409],[89.781544,26.084251],[89.782157,26.089394],[89.783678,26.093927],[89.786318,26.09622],[89.786065,26.097699],[89.782118,26.099873],[89.785944,26.101358],[89.784944,26.104715],[89.780744,26.106939],[89.77795,26.107653],[89.776447,26.105477],[89.773815,26.105608],[89.77109,26.104091],[89.769313,26.106917],[89.764685,26.109668],[89.762176,26.109603],[89.757838,26.107616],[89.756071,26.11013],[89.755817,26.113141],[89.760541,26.117287],[89.765897,26.124725],[89.766843,26.127108],[89.766911,26.13086],[89.765378,26.134015],[89.763047,26.137036],[89.760924,26.138022],[89.754894,26.138492],[89.754241,26.145451],[89.752954,26.149381],[89.748486,26.156373],[89.742404,26.158749],[89.733371,26.157089],[89.730352,26.157684],[89.723208,26.156311],[89.719416,26.155976],[89.719204,26.161295],[89.718519,26.165932],[89.715896,26.16553],[89.716114,26.167763],[89.712968,26.168296],[89.711645,26.167497],[89.709854,26.162827],[89.710276,26.159406],[89.709537,26.156372],[89.707931,26.153985],[89.702272,26.151628],[89.700365,26.151395],[89.699708,26.154652],[89.697438,26.157625],[89.692946,26.159589],[89.684722,26.16135],[89.681821,26.163174],[89.680843,26.164829],[89.682011,26.167983],[89.684354,26.169832],[89.688077,26.169872],[89.693,26.168765],[89.695523,26.16905],[89.700429,26.171359],[89.701027,26.173611],[89.694854,26.17509],[89.692472,26.176243],[89.689914,26.178727],[89.6861,26.183665],[89.682929,26.188728],[89.681767,26.19138],[89.682081,26.193846],[89.684638,26.197651],[89.682885,26.19841],[89.680614,26.197285],[89.675914,26.197992],[89.674111,26.199163],[89.673033,26.203957],[89.675622,26.208787],[89.678508,26.210308],[89.680207,26.209815],[89.684438,26.206835],[89.687444,26.20944],[89.690967,26.210949],[89.689112,26.212394],[89.684898,26.208141],[89.679745,26.213983],[89.678033,26.219133],[89.678865,26.223478],[89.680363,26.223499],[89.682052,26.220602],[89.685273,26.219494],[89.688674,26.22052],[89.688744,26.222531],[89.684542,26.222245],[89.684129,26.224079],[89.686903,26.225532],[89.684402,26.227716],[89.681226,26.227569],[89.679002,26.237578],[89.676672,26.233119],[89.672367,26.229059],[89.671344,26.223215],[89.671804,26.219934],[89.664816,26.220563],[89.664236,26.219463],[89.655741,26.219002],[89.655031,26.220371],[89.651839,26.220523],[89.649419,26.221606],[89.646696,26.224834],[89.642461,26.225706],[89.639463,26.227091],[89.63776,26.229333],[89.634625,26.229117],[89.63367,26.226941],[89.634966,26.222452],[89.633431,26.219119],[89.63562,26.216666],[89.632703,26.212543],[89.632617,26.210094],[89.637271,26.209961],[89.638662,26.208809],[89.638995,26.205731],[89.637806,26.204511],[89.639128,26.202318],[89.639109,26.199571],[89.641229,26.198967],[89.643065,26.195623],[89.64627,26.195108],[89.649675,26.19008],[89.647834,26.189308],[89.647166,26.18494],[89.644443,26.184534],[89.637914,26.18671],[89.634818,26.191106],[89.635617,26.19344],[89.63272,26.195618],[89.629576,26.195264],[89.628209,26.191888],[89.631113,26.189972],[89.62761,26.18897],[89.627731,26.183268],[89.629445,26.181774],[89.634488,26.179624],[89.637188,26.180053],[89.639296,26.178645],[89.640529,26.181527],[89.643975,26.182276],[89.649328,26.179611],[89.65047,26.180639],[89.655363,26.181235],[89.655711,26.178665],[89.65856,26.176243],[89.654655,26.173396],[89.653927,26.169717],[89.650921,26.170263],[89.649239,26.16587],[89.649366,26.164365],[89.646154,26.164206],[89.64521,26.165308],[89.642248,26.165393],[89.638691,26.166896],[89.636484,26.171995],[89.632425,26.171524],[89.631658,26.173364],[89.635572,26.174821],[89.637034,26.176233],[89.636474,26.178699],[89.631999,26.179521],[89.630053,26.178091],[89.625119,26.176171],[89.625577,26.172337],[89.624189,26.170961],[89.621579,26.172099],[89.622986,26.174542],[89.623317,26.178952],[89.61454,26.178443],[89.612054,26.177796],[89.607472,26.178984],[89.608542,26.175917],[89.611841,26.176113],[89.610787,26.173889],[89.611098,26.168271],[89.613266,26.167027],[89.617599,26.169291],[89.618576,26.166341],[89.613477,26.165844],[89.612988,26.161744],[89.609911,26.161056],[89.609692,26.158191],[89.611145,26.156497],[89.609695,26.154292],[89.606632,26.153598],[89.607354,26.156755],[89.604426,26.158542],[89.603946,26.156258],[89.601168,26.157449],[89.599116,26.160859],[89.594657,26.160025],[89.591499,26.157474],[89.595359,26.156194],[89.598262,26.152739],[89.597362,26.149703],[89.597841,26.145501],[89.595835,26.139425],[89.597895,26.138487],[89.596393,26.135041],[89.597814,26.132221],[89.599912,26.130443],[89.602169,26.126325],[89.603276,26.128387],[89.605779,26.126847],[89.607119,26.124314],[89.606511,26.122637],[89.603354,26.123053],[89.601097,26.12209],[89.60312,26.118244],[89.605236,26.11695],[89.607683,26.119376],[89.608422,26.123044],[89.610021,26.126089],[89.612434,26.127538],[89.613531,26.124266],[89.61651,26.120109],[89.618848,26.119314],[89.621164,26.120658],[89.622093,26.125672],[89.623393,26.127703],[89.625311,26.128455],[89.627143,26.127559],[89.628629,26.123039],[89.629373,26.117185],[89.627723,26.114228],[89.621081,26.110468],[89.617809,26.10787],[89.613931,26.106758],[89.610338,26.108169],[89.605018,26.106691],[89.602886,26.111006],[89.600022,26.112818],[89.597052,26.111362],[89.598255,26.108551],[89.600051,26.106666],[89.599406,26.102816],[89.59652,26.103787],[89.593553,26.102723],[89.593687,26.100849],[89.596997,26.097389],[89.601855,26.095515],[89.604784,26.093487],[89.607009,26.088791],[89.609723,26.089794],[89.608337,26.093617],[89.609125,26.095835],[89.612011,26.096439],[89.613993,26.09404],[89.616969,26.095222],[89.615417,26.098374],[89.612844,26.101155],[89.614439,26.103649],[89.616496,26.1037],[89.619693,26.100067],[89.622217,26.10171],[89.623156,26.107162],[89.625503,26.108012],[89.62914,26.106981],[89.631028,26.104812],[89.631872,26.101512],[89.634898,26.099783],[89.635479,26.098469],[89.631238,26.09695],[89.632718,26.093405],[89.637843,26.090648],[89.635723,26.088422],[89.635879,26.085916],[89.633915,26.084855],[89.632752,26.080861],[89.635903,26.074647],[89.64285,26.071306],[89.64898,26.066113],[89.649537,26.063925],[89.647386,26.06201],[89.643829,26.062926],[89.63747,26.060642],[89.635691,26.060674],[89.630701,26.062399],[89.62761,26.061102],[89.626217,26.057209],[89.622974,26.056117],[89.621123,26.053767],[89.617316,26.053565],[89.61542,26.056874],[89.617124,26.059817],[89.611856,26.059088],[89.608918,26.060829],[89.607977,26.063955],[89.60561,26.064222],[89.604289,26.061419],[89.607115,26.057158],[89.611292,26.057874],[89.61274,26.055582],[89.610556,26.050998],[89.604448,26.049049],[89.600156,26.045367],[89.597626,26.044134],[89.59154,26.044555],[89.593063,26.040805],[89.596627,26.040235],[89.596543,26.036991],[89.594989,26.03514],[89.592105,26.034558],[89.589285,26.038303],[89.586473,26.038089],[89.585685,26.034468],[89.582995,26.032934],[89.582447,26.030018],[89.584288,26.027111],[89.583675,26.024263],[89.582134,26.023943],[89.580336,26.025962],[89.577561,26.02497],[89.578769,26.015199],[89.580147,26.01039],[89.577859,26.006194],[89.579354,26.002198],[89.582647,26.000986],[89.585874,25.997307],[89.586474,25.991967],[89.584038,25.988716],[89.586163,25.985539],[89.585735,25.982665],[89.587001,25.979624],[89.585754,25.978484],[89.582034,25.97925],[89.577625,25.977937],[89.576549,25.981595],[89.573656,25.977602],[89.577095,25.977224],[89.577117,25.975066],[89.578725,25.972109],[89.578042,25.969019],[89.57671,25.968222],[89.571867,25.967276],[89.568375,25.967823],[89.567503,25.96906],[89.567442,25.973505],[89.568772,25.97685],[89.568598,25.978822],[89.566274,25.979756],[89.563928,25.978106],[89.563157,25.975605],[89.563689,25.973213],[89.563016,25.970629],[89.557793,25.968956],[89.557893,25.965064],[89.550788,25.965611],[89.547571,25.967414],[89.543277,25.968326],[89.539995,25.97014],[89.53794,25.973644],[89.538586,25.976436],[89.54233,25.983039],[89.536244,25.985232],[89.536521,25.988023],[89.538419,25.990395],[89.537676,25.993079],[89.543245,25.9966],[89.548063,25.997665],[89.548522,25.999985],[89.542232,26.002406],[89.539829,26.005669],[89.534346,26.005706],[89.535821,26.001965],[89.530339,26.004187],[89.52908,26.005768],[89.525363,26.004378],[89.523481,26.006052],[89.521063,26.005039],[89.520154,26.008246],[89.517682,26.008118],[89.513233,26.006501],[89.510554,26.004528],[89.509921,26.0023],[89.506711,26.001469],[89.500797,26.003038],[89.498158,26.003022],[89.495021,26.004226],[89.491998,26.006218],[89.491241,26.004233],[89.489152,26.003219],[89.487085,26.000214],[89.48358,25.999185],[89.48372,25.995985],[89.485278,25.993868],[89.483598,25.989754],[89.481753,25.98889],[89.477274,25.985081],[89.474905,25.98488],[89.482086,25.990947],[89.481442,25.994531],[89.479827,25.997056],[89.47306,25.997987],[89.461664,25.998665],[89.458167,26.000573],[89.455618,26.003038],[89.44941,26.007364],[89.445871,26.008766],[89.441194,26.0091],[89.43464,26.01019],[89.43137,26.011191],[89.428757,26.012792],[89.427083,26.015483],[89.428183,26.016194],[89.427905,26.019414],[89.431082,26.02642],[89.433291,26.029278],[89.434217,26.03171],[89.433197,26.03742],[89.430723,26.042153],[89.425901,26.045292],[89.419336,26.04262],[89.411946,26.041035],[89.408295,26.041871],[89.407186,26.037663],[89.405472,26.033866],[89.406882,26.03198],[89.404213,26.030533],[89.403552,26.028239],[89.399068,26.026399],[89.394038,26.023279],[89.391315,26.023166],[89.390835,26.020746],[89.391624,26.01744],[89.39376,26.015512],[89.394747,26.012654],[89.392456,26.009439],[89.390517,26.008677],[89.386862,26.010795],[89.382713,26.011147],[89.377827,26.009774],[89.375454,26.010251],[89.37406,26.011886],[89.371894,26.011121],[89.370542,26.009131],[89.367307,26.010405],[89.365748,26.00883],[89.363997,26.00945],[89.357133,26.008625],[89.354202,26.011004],[89.349099,26.010905],[89.345636,26.013158],[89.34674,26.015605],[89.342589,26.015733],[89.338703,26.018106],[89.339073,26.021169],[89.338008,26.023934],[89.33474,26.027828],[89.33123,26.027593],[89.328476,26.029975],[89.328744,26.031968],[89.325299,26.036692],[89.320096,26.039444],[89.316487,26.038967],[89.312209,26.041003],[89.309973,26.042721],[89.307871,26.045811],[89.300766,26.047982],[89.30058,26.050626],[89.297909,26.049363],[89.29692,26.046972],[89.293543,26.046186],[89.289458,26.047209],[89.287399,26.048837],[89.278944,26.048963],[89.27603,26.049801],[89.277178,26.05157],[89.279266,26.051635],[89.280085,26.054309],[89.281499,26.055334],[89.281299,26.061922],[89.282373,26.064612],[89.27883,26.066906],[89.276724,26.065279],[89.275939,26.0619],[89.270787,26.062457],[89.27112,26.060467],[89.261111,26.06334],[89.259233,26.062874],[89.256494,26.064923],[89.254943,26.064841],[89.254547,26.067723],[89.256219,26.072396],[89.255359,26.075818],[89.256898,26.078119],[89.257224,26.080353],[89.261035,26.083113],[89.261368,26.084991],[89.265981,26.087782],[89.266306,26.091325],[89.265635,26.093153],[89.262355,26.094465],[89.26125,26.093214],[89.255763,26.093847],[89.253279,26.092985],[89.250247,26.094949],[89.251463,26.096594],[89.251885,26.101393],[89.245903,26.104667],[89.241702,26.104245],[89.23953,26.107771],[89.240453,26.11199],[89.235576,26.113974],[89.233661,26.11325],[89.228618,26.119447],[89.227388,26.123426],[89.220373,26.12496],[89.219115,26.123641],[89.214941,26.125845],[89.212146,26.124299],[89.207483,26.12658],[89.203906,26.126621],[89.202791,26.128207],[89.195851,26.126651],[89.194215,26.123292],[89.192537,26.123134],[89.188656,26.126697],[89.185015,26.126518],[89.183846,26.128356],[89.181111,26.12727],[89.173697,26.130138],[89.170601,26.129384],[89.169884,26.13066],[89.165552,26.13165],[89.163761,26.131193],[89.161864,26.136367],[89.159807,26.135583],[89.156553,26.139471],[89.15266,26.142724],[89.153986,26.144908],[89.151201,26.147909],[89.151323,26.151124],[89.148855,26.153162],[89.149249,26.156101],[89.148675,26.158736],[89.155329,26.159056],[89.156656,26.162496],[89.152306,26.163741],[89.151171,26.167342],[89.148904,26.169552],[89.144491,26.169426],[89.142985,26.168564],[89.140645,26.169209],[89.139535,26.17137],[89.140946,26.175292],[89.13758,26.17569],[89.136586,26.179209],[89.1349,26.180928],[89.135926,26.182476],[89.136374,26.187858],[89.138359,26.188817],[89.138635,26.194099],[89.140589,26.196517],[89.140203,26.199165],[89.143521,26.200011],[89.144059,26.202743],[89.146997,26.204117],[89.147975,26.207739],[89.147086,26.210867],[89.145756,26.210468],[89.142625,26.212998],[89.141619,26.21487],[89.142002,26.220482],[89.143483,26.220865],[89.140023,26.225998],[89.139398,26.228896],[89.140805,26.231418],[89.140653,26.235401],[89.13984,26.237055],[89.135936,26.236135],[89.133393,26.237551],[89.130579,26.243053],[89.132946,26.247456],[89.137946,26.245797],[89.137221,26.248249],[89.13213,26.251839],[89.131069,26.24806],[89.127027,26.248034],[89.126026,26.250549],[89.123554,26.249839],[89.120367,26.251819],[89.119762,26.254273],[89.12189,26.255591],[89.121163,26.258239],[89.122905,26.259247],[89.124889,26.263329],[89.117999,26.268244],[89.115639,26.269144],[89.112088,26.272519],[89.109457,26.272128],[89.108881,26.275426],[89.105088,26.274629],[89.105932,26.27804],[89.10583,26.281176],[89.103362,26.280868],[89.10276,26.277914],[89.100243,26.279991],[89.102379,26.281577],[89.101971,26.283141],[89.102718,26.288378],[89.106897,26.290549],[89.103734,26.294177],[89.104231,26.297705],[89.106718,26.298326],[89.107234,26.300851],[89.1013,26.302739],[89.099675,26.304209],[89.102904,26.307796],[89.102457,26.311445],[89.103621,26.313263],[89.105703,26.313851],[89.108226,26.313025],[89.108975,26.309416],[89.109144,26.304605],[89.113498,26.304347],[89.114418,26.30357],[89.113843,26.298451],[89.116227,26.2971],[89.116905,26.294881],[89.116621,26.291911],[89.120048,26.286808],[89.123002,26.287646],[89.125484,26.290557],[89.124393,26.293092],[89.125912,26.29544],[89.130688,26.297609],[89.130134,26.299982],[89.130714,26.304882],[89.13324,26.305998],[89.135037,26.309404],[89.134586,26.312798],[89.129922,26.3124],[89.129797,26.313322],[89.134755,26.313797],[89.135828,26.315047],[89.135143,26.32091],[89.130903,26.32006],[89.12819,26.318811],[89.126016,26.321938],[89.116362,26.320186],[89.115909,26.31844],[89.112733,26.318385],[89.110682,26.321722],[89.111948,26.323],[89.107511,26.326704],[89.102983,26.322674],[89.098594,26.323854],[89.099103,26.328541],[89.097065,26.328173],[89.095212,26.325518],[89.092293,26.324335],[89.091602,26.320361],[89.089822,26.322015],[89.085454,26.3208],[89.083224,26.321573],[89.084288,26.323704],[89.087619,26.323254],[89.0885,26.325043],[89.092817,26.329869],[89.094934,26.330063],[89.096399,26.333555],[89.098693,26.335908],[89.10074,26.336471],[89.100114,26.338609],[89.097841,26.340056],[89.098399,26.342197],[89.098277,26.347706],[89.096248,26.350047],[89.093807,26.354706],[89.095886,26.354415],[89.096432,26.357032],[89.098324,26.359131],[89.096062,26.360183],[89.093501,26.359909],[89.090433,26.360611],[89.089507,26.362037],[89.085773,26.364054],[89.082628,26.362111],[89.079669,26.363044],[89.080027,26.366572],[89.087248,26.365578],[89.089053,26.367653],[89.088745,26.369777],[89.089853,26.371285],[89.090308,26.374985],[89.088858,26.376574],[89.088993,26.380848],[89.091728,26.38233],[89.091373,26.385251],[89.089995,26.385617],[89.091768,26.388975],[89.094531,26.389553],[89.095727,26.391375],[89.091538,26.393649],[89.090566,26.39181],[89.086433,26.392395],[89.081323,26.390261],[89.080033,26.39153],[89.085328,26.393864],[89.087694,26.396344],[89.087208,26.397573],[89.083485,26.397922],[89.078317,26.396065],[89.075271,26.395804],[89.071049,26.39839],[89.068851,26.397821],[89.066305,26.400014],[89.06199,26.398058],[89.058847,26.39864],[89.058433,26.395852],[89.055807,26.396155],[89.055043,26.398222],[89.053384,26.398963],[89.04994,26.398879],[89.047577,26.399789],[89.03757,26.399805],[89.038136,26.396509],[89.036437,26.394794],[89.033762,26.395396],[89.034006,26.399348],[89.031723,26.399694],[89.031196,26.403396],[89.029925,26.403914],[89.029871,26.407096],[89.024071,26.407621],[89.022203,26.405971],[89.022264,26.404062],[89.019679,26.40425],[89.019228,26.405917],[89.022967,26.408511],[89.022249,26.413775],[89.018229,26.415262],[89.008878,26.412954],[89.007163,26.414305],[89.00476,26.417773],[89.004935,26.421469],[88.999297,26.422064],[88.997303,26.419619],[88.995715,26.421574],[88.993516,26.422265],[88.992984,26.419402],[88.995594,26.418181],[88.995737,26.415557],[88.997974,26.414442],[88.998859,26.412464],[88.996842,26.411026],[88.993895,26.411953],[88.994025,26.415615],[88.992143,26.417676],[88.988399,26.418008],[88.98795,26.419125],[88.983144,26.419919],[88.983867,26.423624],[88.980837,26.424302],[88.983106,26.429466],[88.980306,26.43064],[88.978641,26.432549],[88.978868,26.435],[88.98145,26.435312],[88.983209,26.437015],[88.982758,26.440097],[88.98093,26.440581],[88.983571,26.445159],[88.981485,26.445758],[88.977346,26.444907],[88.975194,26.448541],[88.971921,26.448852],[88.971241,26.450266],[88.967011,26.449933],[88.966114,26.452015],[88.966042,26.455881],[88.958026,26.458168],[88.957993,26.453646],[88.959926,26.452715],[88.960466,26.450956],[88.963378,26.451406],[88.960944,26.447389],[88.959013,26.447584],[88.956262,26.449907],[88.953716,26.450873],[88.95208,26.450251],[88.952239,26.447549],[88.950592,26.446857],[88.946756,26.44689],[88.947505,26.442334],[88.949627,26.441805],[88.949699,26.436892],[88.951888,26.434225],[88.951329,26.432798],[88.946167,26.432013],[88.946021,26.428126],[88.943324,26.427192],[88.943188,26.424441],[88.938397,26.424833],[88.938355,26.427006],[88.936652,26.429122],[88.933938,26.430986],[88.928491,26.432259],[88.926424,26.43135],[88.926458,26.426818],[88.933039,26.426614],[88.931912,26.423966],[88.925901,26.423803],[88.923587,26.423273],[88.923489,26.421674],[88.925121,26.416578],[88.927424,26.415519],[88.929711,26.415967],[88.93158,26.413774],[88.925855,26.405994],[88.92307,26.406819],[88.917229,26.407186],[88.91333,26.408287],[88.911772,26.407172],[88.906819,26.406235],[88.905785,26.404602],[88.908613,26.40313],[88.910612,26.399978],[88.912272,26.400314],[88.91389,26.402581],[88.917661,26.402492],[88.918697,26.394223],[88.918286,26.389688],[88.916701,26.388744],[88.916302,26.384441],[88.912065,26.381976],[88.909575,26.381593],[88.90903,26.379339],[88.912339,26.378904],[88.913237,26.377328],[88.915754,26.377203],[88.920682,26.378057],[88.919639,26.376158],[88.920319,26.374168],[88.913511,26.373762],[88.911317,26.372],[88.910863,26.369837],[88.912719,26.367905],[88.911778,26.36581],[88.914577,26.364764],[88.920117,26.365849],[88.920095,26.364366],[88.923533,26.363412],[88.927491,26.364633],[88.928899,26.363231],[88.929375,26.360767],[88.931179,26.359228],[88.936009,26.35786],[88.936854,26.355961],[88.941528,26.357079],[88.944826,26.355736],[88.946497,26.356127],[88.947207,26.359694],[88.950097,26.365516],[88.952932,26.36539],[88.953587,26.363158],[88.955596,26.360571],[88.958356,26.360733],[88.958259,26.356672],[88.95282,26.355472],[88.950625,26.354149],[88.949561,26.349191],[88.945965,26.345508],[88.945855,26.343539],[88.952024,26.343207],[88.953373,26.345474],[88.955812,26.344946],[88.958255,26.342646],[88.955616,26.340794],[88.952702,26.341885],[88.951711,26.338616],[88.952305,26.335305],[88.951783,26.33245],[88.955666,26.330818],[88.956091,26.329586],[88.960371,26.329543],[88.95934,26.335282],[88.962276,26.335606],[88.96149,26.340069],[88.961931,26.345456],[88.959142,26.347191],[88.961142,26.351679],[88.962558,26.351426],[88.964468,26.348135],[88.966226,26.349515],[88.971311,26.349277],[88.974015,26.350264],[88.976637,26.348148],[88.977905,26.345929],[88.98269,26.34846],[88.986125,26.348529],[88.986761,26.341846],[88.988586,26.339637],[88.98545,26.339279],[88.982893,26.341236],[88.981452,26.339084],[88.98383,26.336968],[88.984652,26.333123],[88.98777,26.331535],[88.989477,26.334182],[88.992352,26.334044],[88.991741,26.331848],[88.994601,26.33111],[88.997871,26.331595],[88.998155,26.329834],[89.000351,26.329166],[88.998046,26.323207],[88.994908,26.320307],[88.994192,26.321699],[88.991103,26.32177],[88.991272,26.319963],[88.993352,26.319318],[88.993725,26.317132],[88.996357,26.315992],[88.996016,26.313335],[88.992887,26.314521],[88.990869,26.314234],[88.98655,26.317453],[88.983626,26.316338],[88.985201,26.3146],[88.984667,26.312851],[88.982409,26.310389],[88.982477,26.307825],[88.983898,26.305476],[88.984249,26.300265],[88.991195,26.300242],[88.993875,26.299184],[88.995677,26.297215],[88.994546,26.293719],[88.995023,26.290129],[88.999937,26.290841],[89.000891,26.294786],[89.003846,26.296552],[89.004733,26.298097],[89.004679,26.301282],[89.007362,26.303225],[89.010037,26.301917],[89.010625,26.29877],[89.012813,26.297905],[89.012378,26.293286],[89.014484,26.290876],[89.018643,26.292216],[89.019779,26.29458],[89.017156,26.29677],[89.01544,26.30032],[89.015578,26.302372],[89.018947,26.305375],[89.021271,26.308896],[89.026849,26.305903],[89.025819,26.303359],[89.023786,26.301867],[89.021196,26.29777],[89.023182,26.293159],[89.021417,26.292508],[89.019958,26.289941],[89.021175,26.287561],[89.024186,26.288064],[89.025022,26.286079],[89.026845,26.285437],[89.027352,26.28289],[89.031208,26.285137],[89.034975,26.28391],[89.039974,26.280589],[89.040079,26.2764],[89.044366,26.275174],[89.044405,26.279677],[89.046592,26.280674],[89.046751,26.283964],[89.044975,26.283812],[89.04592,26.29528],[89.049093,26.295985],[89.052435,26.295454],[89.053249,26.291859],[89.05606,26.293228],[89.058654,26.293202],[89.060416,26.290726],[89.059777,26.287808],[89.057283,26.285428],[89.058555,26.283892],[89.061046,26.283342],[89.062659,26.280274],[89.06144,26.277679],[89.054327,26.276127],[89.060006,26.274523],[89.061995,26.270225],[89.061833,26.267536],[89.059989,26.267553],[89.060427,26.2638],[89.061518,26.262805],[89.062328,26.258862],[89.060479,26.258593],[89.06,26.256475],[89.062768,26.254994],[89.062537,26.253534],[89.058216,26.254619],[89.056064,26.256345],[89.052935,26.25599],[89.050895,26.254891],[89.051061,26.252245],[89.048373,26.251031],[89.047971,26.245532],[89.049669,26.24408],[89.050625,26.24108],[89.04529,26.240679],[89.041114,26.243373],[89.037701,26.244366],[89.037084,26.246892],[89.033118,26.245618],[89.031568,26.246542],[89.026076,26.247081],[89.023402,26.24846],[89.02186,26.247446],[89.019035,26.242159],[89.014777,26.244046],[89.011155,26.244335],[88.998796,26.243958],[88.994481,26.245614],[88.991883,26.245819],[88.985663,26.244846],[88.979177,26.244536],[88.978036,26.242356],[88.975393,26.242387],[88.971934,26.241143],[88.970028,26.239597],[88.963893,26.238993],[88.956735,26.240673],[88.956591,26.242719],[88.952904,26.242216],[88.952748,26.24479],[88.948955,26.250146],[88.944136,26.255225],[88.943124,26.258089],[88.939695,26.263508],[88.936552,26.265507],[88.934851,26.267429],[88.933963,26.271419],[88.930134,26.278851],[88.928716,26.279368],[88.926259,26.283049],[88.921954,26.285669],[88.920206,26.285047],[88.917825,26.288038],[88.90898,26.287492],[88.906605,26.28818],[88.8949,26.288484],[88.890089,26.28786],[88.885291,26.287764],[88.875628,26.286722],[88.87077,26.284474],[88.866337,26.280857],[88.865806,26.278682],[88.866934,26.276853],[88.865611,26.274976],[88.861721,26.274065],[88.861509,26.271831],[88.864644,26.268717],[88.861002,26.264952],[88.861456,26.261764],[88.861274,26.252594],[88.862092,26.251675],[88.867437,26.24977],[88.86739,26.246318],[88.870893,26.24552],[88.871803,26.239945],[88.874049,26.240094],[88.87626,26.237046],[88.877647,26.233443],[88.872969,26.232763],[88.871231,26.234347],[88.86546,26.232605],[88.860186,26.232468],[88.853879,26.235226],[88.84945,26.234917],[88.84913,26.234129],[88.843819,26.232671],[88.843039,26.230094],[88.838397,26.231851],[88.838201,26.238278],[88.834271,26.237908],[88.831886,26.238491],[88.831281,26.240161],[88.82741,26.240009],[88.827071,26.244995],[88.829758,26.246382],[88.827283,26.249127],[88.823218,26.248536],[88.823939,26.25182],[88.822989,26.253613],[88.819556,26.253944],[88.81909,26.255624],[88.81548,26.255619],[88.812872,26.257076],[88.81352,26.258654],[88.812262,26.265072],[88.814762,26.265973],[88.815332,26.26756],[88.813618,26.273829],[88.810988,26.274194],[88.810266,26.27639],[88.811956,26.279591],[88.813258,26.288405],[88.814502,26.290318],[88.819227,26.294268],[88.819212,26.295557],[88.813793,26.297474],[88.809427,26.301886],[88.80801,26.301999],[88.80183,26.307583],[88.796442,26.308897],[88.795144,26.310357],[88.792503,26.309904],[88.790556,26.307658],[88.782806,26.304001],[88.776268,26.30428],[88.771261,26.300968],[88.762649,26.299552],[88.76032,26.301032],[88.75968,26.305336],[88.757192,26.309025],[88.756854,26.310667],[88.758172,26.31403],[88.756701,26.31848],[88.756663,26.322357],[88.757928,26.326259],[88.761365,26.33371],[88.76095,26.335503],[88.758709,26.337063],[88.753863,26.339208],[88.754461,26.343558],[88.753703,26.345305],[88.750587,26.348957],[88.749561,26.353939],[88.748776,26.354765],[88.745185,26.353927],[88.737178,26.353952],[88.733226,26.354915],[88.732225,26.352755],[88.734053,26.350491],[88.732918,26.349037],[88.729717,26.349349],[88.725643,26.343926],[88.713416,26.344877],[88.712138,26.343399],[88.712118,26.338198],[88.710533,26.337044],[88.709774,26.334677],[88.704945,26.332615],[88.702655,26.335156],[88.703107,26.337593],[88.701913,26.338806],[88.703544,26.341664],[88.700146,26.341045],[88.69801,26.343506],[88.695303,26.344736],[88.695715,26.347139],[88.697798,26.349972],[88.697616,26.355712],[88.695897,26.35725],[88.693715,26.35658],[88.691539,26.360801],[88.695975,26.361311],[88.694632,26.363686],[88.690891,26.363623],[88.688755,26.366025],[88.687449,26.372276],[88.685656,26.374424],[88.686186,26.378909],[88.68171,26.378132],[88.680761,26.380403],[88.68214,26.382534],[88.688174,26.383272],[88.694119,26.385261],[88.701813,26.386114],[88.701883,26.388633],[88.699231,26.390555],[88.693906,26.387769],[88.687263,26.386922],[88.68728,26.389708],[88.685397,26.391579],[88.687222,26.392619],[88.6879,26.394548],[88.680508,26.394509],[88.678348,26.393415],[88.675999,26.395079],[88.670273,26.397405],[88.671997,26.398421],[88.676538,26.399323],[88.675692,26.401328],[88.681698,26.402282],[88.686718,26.401606],[88.686791,26.403331],[88.683405,26.406888],[88.684302,26.41076],[88.683051,26.413597],[88.680387,26.413758],[88.681473,26.40938],[88.677928,26.408221],[88.667495,26.408104],[88.66734,26.409829],[88.662669,26.411056],[88.65927,26.416994],[88.655541,26.417056],[88.651754,26.416046],[88.646931,26.417548],[88.644853,26.419558],[88.649784,26.420805],[88.650921,26.42217],[88.651134,26.425471],[88.649558,26.429837],[88.643679,26.42871],[88.642598,26.430013],[88.638108,26.429593],[88.635563,26.430558],[88.634777,26.432055],[88.630482,26.43159],[88.63014,26.434652],[88.625544,26.433666],[88.62341,26.434987],[88.622892,26.438349],[88.624536,26.438687],[88.627503,26.44153],[88.626318,26.449506],[88.624506,26.453113],[88.62219,26.47107],[88.605917,26.471176],[88.602182,26.470532],[88.595785,26.471038],[88.595085,26.469718],[88.594605,26.462001],[88.59508,26.457569],[88.594781,26.452337],[88.592255,26.450136],[88.589378,26.451618],[88.58532,26.450332],[88.584343,26.45419],[88.58248,26.455887],[88.579968,26.455885],[88.57596,26.457048],[88.569061,26.457164],[88.565142,26.457924],[88.561216,26.45734],[88.562378,26.461225],[88.559445,26.461786],[88.559758,26.464913],[88.561906,26.466334],[88.561133,26.467981],[88.558266,26.466828],[88.557623,26.471168],[88.555176,26.471716],[88.556385,26.474841],[88.552381,26.476685],[88.55447,26.478726],[88.554679,26.481703],[88.555994,26.485266],[88.552362,26.485013],[88.547624,26.483969],[88.539449,26.482834],[88.536374,26.483615],[88.535252,26.482179],[88.527282,26.480951],[88.525876,26.48192],[88.527425,26.486358],[88.526252,26.487833],[88.52248,26.486929],[88.522232,26.489202],[88.524234,26.489726],[88.524211,26.492384],[88.52249,26.494287],[88.522462,26.496345],[88.518354,26.501951],[88.520696,26.503402],[88.52212,26.505581],[88.520942,26.508976],[88.518617,26.511166],[88.516189,26.510489],[88.511062,26.510438],[88.508596,26.512671],[88.507718,26.515607],[88.504624,26.516008],[88.502952,26.515119],[88.499352,26.515409],[88.499807,26.512861],[88.489732,26.511511],[88.490639,26.514757],[88.489039,26.517909],[88.489684,26.525571],[88.489052,26.528026],[88.489874,26.531745],[88.488883,26.533766],[88.485279,26.532053],[88.48272,26.532373],[88.482428,26.536326],[88.484834,26.539441],[88.484215,26.541723],[88.477856,26.542601],[88.476161,26.544533],[88.462665,26.544144],[88.461906,26.547411],[88.459206,26.547397],[88.458326,26.544587],[88.458145,26.540428],[88.455285,26.53916],[88.455172,26.53628],[88.448257,26.535554],[88.443521,26.539502],[88.44274,26.543975],[88.437315,26.544354],[88.433291,26.547329],[88.431505,26.549456],[88.428685,26.556159],[88.424707,26.564506],[88.422587,26.56638],[88.42138,26.56961],[88.422365,26.577271],[88.422293,26.582802],[88.420445,26.58924],[88.419335,26.589993],[88.420123,26.596582],[88.419439,26.602415],[88.417023,26.611826],[88.417036,26.616782],[88.41818,26.621477],[88.414544,26.622308],[88.416398,26.628548],[88.41601,26.6318],[88.413123,26.634309],[88.410676,26.634548],[88.40944,26.632282],[88.406598,26.629779],[88.401943,26.628436],[88.39898,26.626751],[88.397856,26.624531],[88.397403,26.618182],[88.396683,26.617332],[88.389937,26.614749],[88.388264,26.612658],[88.387977,26.610182],[88.390056,26.607558],[88.394834,26.607533],[88.39889,26.605848],[88.39914,26.603761],[88.39706,26.602375],[88.391309,26.602668],[88.387657,26.601792],[88.385022,26.599336],[88.381177,26.598356],[88.377315,26.596328],[88.375653,26.587899],[88.373917,26.585496],[88.375601,26.583843],[88.374746,26.580055],[88.371317,26.576746],[88.370899,26.57404],[88.372107,26.570508],[88.372198,26.566844],[88.37135,26.561258],[88.370513,26.559669],[88.366805,26.557354],[88.365802,26.555409],[88.365717,26.552435],[88.36288,26.550151],[88.35864,26.544932],[88.357455,26.542009],[88.359317,26.534398],[88.359022,26.530019],[88.358213,26.528789],[88.352726,26.525498],[88.351735,26.5233],[88.352754,26.516693],[88.350432,26.511042],[88.346197,26.505995],[88.337763,26.500438],[88.334602,26.495763],[88.332211,26.493178],[88.331683,26.491267],[88.331342,26.484491],[88.332038,26.482021],[88.334463,26.481086],[88.333968,26.478485],[88.335866,26.477767],[88.339225,26.479216],[88.340805,26.478269],[88.34111,26.47245],[88.340723,26.46893],[88.347077,26.468547],[88.346645,26.465877],[88.348684,26.464949],[88.347802,26.462812],[88.348139,26.460074],[88.349543,26.458815],[88.352625,26.45097],[88.352647,26.447382],[88.355295,26.44739],[88.355916,26.450521],[88.357138,26.451997],[88.361499,26.454392],[88.359822,26.45878],[88.360705,26.461165],[88.360651,26.465948],[88.362885,26.467048],[88.364535,26.469319],[88.365067,26.472356],[88.3622,26.474233],[88.362105,26.479627],[88.360311,26.481703],[88.361558,26.48518],[88.363471,26.486407],[88.372578,26.488172],[88.374256,26.488096],[88.375257,26.485226],[88.377292,26.483518],[88.386314,26.482282],[88.387559,26.479421],[88.389011,26.47855],[88.396203,26.481369],[88.399889,26.481909],[88.401624,26.485007],[88.403962,26.486084],[88.405338,26.484937],[88.405004,26.480519],[88.408365,26.47946],[88.40865,26.476931],[88.412976,26.472403],[88.414917,26.47133],[88.415618,26.469155],[88.418924,26.468957],[88.419518,26.465705],[88.42277,26.465402],[88.421396,26.468481],[88.423066,26.469935],[88.423014,26.472512],[88.428287,26.472951],[88.431168,26.470383],[88.433607,26.466871],[88.440326,26.465004],[88.445689,26.465351],[88.446684,26.466032],[88.455619,26.46631],[88.462136,26.465843],[88.464422,26.464791],[88.470392,26.463724],[88.474754,26.462011],[88.477404,26.461867],[88.484568,26.46031],[88.48379,26.457593],[88.482069,26.455946],[88.478518,26.454177],[88.478044,26.451818],[88.481651,26.450044],[88.484619,26.450315],[88.48584,26.449423],[88.485758,26.445269],[88.489335,26.443818],[88.490533,26.439887],[88.491965,26.437763],[88.495766,26.4353],[88.493032,26.432672],[88.489725,26.432445],[88.488503,26.431245],[88.488935,26.42883],[88.496923,26.426109],[88.496932,26.424335],[88.493217,26.422757],[88.492456,26.421201],[88.493166,26.417478],[88.495091,26.416078],[88.497895,26.416189],[88.500309,26.417697],[88.501002,26.415292],[88.499316,26.413536],[88.49573,26.411614],[88.49468,26.409191],[88.499988,26.407093],[88.501277,26.403155],[88.504595,26.403075],[88.506391,26.405682],[88.508919,26.406733],[88.510272,26.405325],[88.51041,26.402323],[88.509133,26.400727],[88.504617,26.399613],[88.504738,26.398163],[88.508654,26.394401],[88.51166,26.388352],[88.514323,26.387689],[88.515986,26.389675],[88.518322,26.390622],[88.518759,26.387986],[88.515697,26.385763],[88.514654,26.382084],[88.512618,26.377489],[88.51554,26.372477],[88.518662,26.3712],[88.522437,26.37555],[88.524685,26.374312],[88.522195,26.37065],[88.52088,26.3665],[88.516422,26.366801],[88.514981,26.365484],[88.516825,26.362671],[88.520942,26.363729],[88.52278,26.362606],[88.522497,26.359788],[88.518564,26.357051],[88.517138,26.351543],[88.513942,26.352819],[88.508685,26.352657],[88.505187,26.351292],[88.504992,26.356021],[88.507314,26.359177],[88.507828,26.362191],[88.505631,26.363716],[88.50394,26.360844],[88.501449,26.359723],[88.496912,26.359607],[88.496087,26.358897],[88.490876,26.360264],[88.488496,26.360282],[88.488082,26.358682],[88.491264,26.35134],[88.488568,26.350723],[88.487719,26.349078],[88.480101,26.350611],[88.479768,26.353521],[88.477079,26.354134],[88.477151,26.3577],[88.474066,26.358073],[88.472935,26.356574],[88.470028,26.357177],[88.468242,26.358749],[88.463169,26.357711],[88.462528,26.360308],[88.459105,26.361842],[88.458825,26.364094],[88.457174,26.366586],[88.459495,26.368454],[88.45962,26.370941],[88.455638,26.371895],[88.451743,26.370725],[88.451358,26.368297],[88.449813,26.365669],[88.447414,26.364616],[88.443876,26.360926],[88.443636,26.358247],[88.442404,26.356184],[88.442065,26.353055],[88.439489,26.351368],[88.44017,26.348403],[88.437864,26.34704],[88.438511,26.345316],[88.437567,26.340103],[88.436377,26.340433],[88.435372,26.33641],[88.432948,26.335742],[88.428392,26.336708],[88.418763,26.336185],[88.412617,26.337685],[88.410514,26.336369],[88.410333,26.334527],[88.406662,26.33248],[88.403698,26.329574],[88.403372,26.328273],[88.407236,26.327847],[88.406646,26.324137],[88.409745,26.323277],[88.415225,26.32427],[88.415959,26.321157],[88.414326,26.315562],[88.401923,26.317871],[88.397669,26.317307],[88.39466,26.315492],[88.390166,26.314535],[88.388385,26.315151],[88.383969,26.313768],[88.380604,26.309823],[88.378355,26.309473],[88.377867,26.305791],[88.375502,26.305459],[88.372486,26.303347],[88.372238,26.306255],[88.369114,26.304978],[88.368524,26.3007],[88.365164,26.300388],[88.362372,26.298966],[88.363153,26.294735],[88.359911,26.291906],[88.357531,26.288035],[88.352792,26.287247],[88.351491,26.282793],[88.348947,26.278492],[88.348972,26.272433],[88.347831,26.268759],[88.351622,26.267507],[88.349976,26.265017],[88.349319,26.257503],[88.347671,26.25514],[88.348558,26.252279],[88.347728,26.249965],[88.350968,26.250375],[88.354416,26.247433],[88.354009,26.245567],[88.359413,26.242489],[88.359199,26.24042],[88.354461,26.237777],[88.356124,26.235271],[88.355726,26.232395],[88.351338,26.230282],[88.351024,26.228051],[88.353354,26.225594],[88.349727,26.224076],[88.351049,26.222843],[88.349919,26.220354],[88.347465,26.221393],[88.34541,26.219826],[88.341382,26.219466],[88.34027,26.218045],[88.333551,26.215941],[88.330833,26.216184],[88.331532,26.213166],[88.328926,26.213551],[88.326664,26.210936],[88.323289,26.21027],[88.324357,26.207206],[88.325908,26.205416],[88.321903,26.204557],[88.319711,26.202816],[88.317658,26.204526],[88.314682,26.20331],[88.308505,26.204093],[88.305373,26.201542],[88.299344,26.197923],[88.297144,26.2004],[88.293557,26.199202],[88.293552,26.201513],[88.291265,26.202174],[88.288623,26.199247],[88.285976,26.200274],[88.274492,26.188129],[88.271509,26.18821],[88.269391,26.186573],[88.265192,26.188554],[88.264159,26.190363],[88.260158,26.186735],[88.257861,26.188671],[88.253834,26.188457],[88.254086,26.18547],[88.251713,26.185739],[88.249933,26.189933],[88.247545,26.190387],[88.24598,26.188984],[88.245358,26.186237],[88.241614,26.188227],[88.241775,26.186187],[88.238881,26.18479],[88.236412,26.182269],[88.233079,26.183076],[88.233845,26.180127],[88.236634,26.178487],[88.237512,26.17681],[88.233359,26.17573],[88.233117,26.17282],[88.230052,26.171859],[88.228148,26.172901],[88.224296,26.169087],[88.223016,26.166174],[88.219804,26.166156],[88.217876,26.167173],[88.216931,26.170066],[88.214573,26.170032],[88.212238,26.166798],[88.216268,26.163903],[88.214927,26.161984],[88.210796,26.160331],[88.208466,26.160627],[88.204523,26.158732],[88.201377,26.158988],[88.19933,26.162688],[88.196289,26.163171],[88.196306,26.159091],[88.191785,26.156579],[88.19237,26.154707],[88.196596,26.154184],[88.196097,26.15226],[88.194219,26.151661],[88.191918,26.153977],[88.189745,26.154744],[88.183112,26.152686],[88.18188,26.149953],[88.179404,26.149655],[88.177219,26.147452],[88.176689,26.143237],[88.177219,26.141149],[88.179391,26.140051],[88.179733,26.138216],[88.174087,26.130205],[88.174693,26.126295],[88.177805,26.1251],[88.178311,26.123139],[88.176971,26.121413],[88.173539,26.119023],[88.172527,26.110626],[88.170693,26.10919],[88.165082,26.108503],[88.162871,26.106004],[88.163006,26.100398],[88.160265,26.09853],[88.158269,26.09588],[88.158711,26.093713],[88.160665,26.091183],[88.160712,26.089141],[88.162683,26.088722],[88.164947,26.086647],[88.1643,26.085276],[88.160585,26.084272],[88.159069,26.08265],[88.158847,26.080221],[88.160428,26.0775],[88.162757,26.077191],[88.164591,26.078798],[88.16552,26.081776],[88.16885,26.082481],[88.169109,26.079822],[88.172531,26.076094],[88.179175,26.073908],[88.181859,26.073621],[88.183384,26.071598],[88.181246,26.06873],[88.181763,26.066401],[88.185429,26.064723],[88.185351,26.062799],[88.181756,26.060853],[88.179644,26.057977],[88.17809,26.059437],[88.175503,26.057708],[88.177714,26.052207],[88.177519,26.048643],[88.173539,26.049464],[88.170546,26.047918],[88.169135,26.045037],[88.170207,26.043622],[88.174361,26.040806],[88.174597,26.038478],[88.170911,26.03617],[88.170389,26.032893],[88.173068,26.030555],[88.177139,26.029826],[88.180974,26.030371],[88.182513,26.027137],[88.181957,26.025838],[88.176115,26.021246],[88.166879,26.021556],[88.164043,26.021337],[88.160151,26.018334],[88.156911,26.018527],[88.150855,26.017418],[88.14707,26.015959],[88.146874,26.013432],[88.141839,26.014473],[88.139021,26.012354],[88.141164,26.010946],[88.143209,26.007131],[88.143807,26.000925],[88.139958,25.997207],[88.13581,26.000512],[88.134824,25.998206],[88.131747,25.998485],[88.129672,25.996871],[88.128776,25.992958],[88.13081,25.989421],[88.129329,25.985342],[88.127355,25.983547],[88.127079,25.980292],[88.128796,25.979246],[88.127179,25.976224],[88.121368,25.97454],[88.119928,25.973162],[88.119402,25.970563],[88.12012,25.968773],[88.122359,25.967697],[88.123629,25.965659],[88.118669,25.962867],[88.115001,25.962623],[88.114317,25.957884],[88.117179,25.955811],[88.121612,25.950394],[88.122219,25.948237],[88.12082,25.946448],[88.117791,25.944553],[88.112293,25.943572],[88.111791,25.941223],[88.11275,25.93953],[88.111042,25.936804],[88.110883,25.933493],[88.105461,25.934063],[88.099282,25.935217],[88.097341,25.934282],[88.09355,25.930669],[88.090844,25.92695],[88.088044,25.91978],[88.086102,25.91764],[88.085671,25.914626],[88.088556,25.912716],[88.090538,25.914661],[88.093578,25.911153],[88.094221,25.907826],[88.090889,25.905927],[88.090131,25.902406],[88.092986,25.899334],[88.089803,25.898001],[88.090602,25.895696],[88.093829,25.893696],[88.098862,25.893618],[88.102815,25.889185],[88.098324,25.883097],[88.096694,25.880096],[88.096184,25.877485],[88.093693,25.874088],[88.096818,25.870812],[88.099514,25.872589],[88.101237,25.872303],[88.102563,25.869393],[88.102064,25.864205],[88.102404,25.861548],[88.10467,25.861948],[88.10672,25.867594],[88.110854,25.868039],[88.111347,25.863157],[88.110063,25.85985],[88.110652,25.858152],[88.113431,25.855195],[88.113695,25.852621],[88.110438,25.84807],[88.106441,25.845226],[88.101815,25.844252],[88.100992,25.842314],[88.103546,25.839976],[88.108023,25.839215],[88.107801,25.835594],[88.105222,25.832334],[88.102364,25.831475],[88.101052,25.828948],[88.103773,25.826461],[88.105368,25.826186],[88.106114,25.82388],[88.111218,25.821728],[88.110041,25.820587],[88.107058,25.815416],[88.110432,25.814072],[88.112191,25.815086],[88.115557,25.814556],[88.119984,25.812283],[88.119039,25.809709],[88.117134,25.807879],[88.115531,25.80489],[88.114583,25.79846],[88.118676,25.797833],[88.123906,25.796364],[88.127811,25.798218],[88.130745,25.797538],[88.135189,25.797475],[88.138643,25.796856],[88.1444,25.793745],[88.144959,25.789647],[88.14434,25.785954],[88.142066,25.782639],[88.142,25.78019],[88.14522,25.77996],[88.148508,25.781178],[88.146436,25.776428],[88.151505,25.77607],[88.154994,25.777383],[88.156793,25.779624],[88.156529,25.782128],[88.158654,25.782245],[88.15825,25.786219],[88.159597,25.787883],[88.165768,25.789546],[88.172753,25.787052],[88.17321,25.788858],[88.17591,25.791451],[88.177082,25.794287],[88.180003,25.793719],[88.181634,25.796615],[88.18096,25.799368],[88.184149,25.801713],[88.188547,25.800763],[88.190556,25.802535],[88.193377,25.801703],[88.194134,25.798086],[88.196942,25.797105],[88.199319,25.794397],[88.199763,25.790183],[88.206974,25.787836],[88.209057,25.78823],[88.210059,25.793487],[88.211515,25.797394],[88.215428,25.79843],[88.215038,25.800989],[88.224001,25.797633],[88.225666,25.799438],[88.22883,25.796859],[88.231549,25.797497],[88.232079,25.799753],[88.231112,25.802826],[88.233089,25.803839],[88.235232,25.80814],[88.240076,25.809054],[88.241251,25.810072],[88.244069,25.809411],[88.243691,25.80749],[88.246808,25.80605],[88.248185,25.808822],[88.24886,25.812112],[88.253294,25.812052],[88.258399,25.811026],[88.259504,25.813314],[88.26941,25.807634],[88.269173,25.805772],[88.270684,25.804352],[88.27191,25.791873],[88.270011,25.78839],[88.269651,25.784364],[88.266246,25.783062],[88.268439,25.780718],[88.272284,25.779891],[88.278745,25.774117],[88.281872,25.775788],[88.283384,25.774633],[88.287245,25.774588],[88.290373,25.773775],[88.289897,25.769123],[88.291584,25.767209],[88.299239,25.764112],[88.299264,25.760499],[88.305798,25.757774],[88.313289,25.755092],[88.317201,25.751835],[88.31506,25.746724],[88.320403,25.745047],[88.31838,25.742772],[88.319894,25.742051],[88.3201,25.738483],[88.320929,25.737667],[88.325502,25.737498],[88.328348,25.740361],[88.337757,25.737799],[88.337973,25.735278],[88.341008,25.735103],[88.341641,25.732122],[88.344078,25.729653],[88.347734,25.730792],[88.350731,25.730239],[88.351652,25.728374],[88.355251,25.7272],[88.35645,25.729229],[88.35884,25.728303],[88.359076,25.726589],[88.356938,25.721401],[88.364628,25.719591],[88.365666,25.717014],[88.372069,25.715569],[88.374414,25.717193],[88.375211,25.715002],[88.374853,25.71247],[88.373275,25.709886],[88.370061,25.710119],[88.371993,25.706543],[88.370591,25.7048],[88.370236,25.701194],[88.371372,25.699884],[88.37132,25.696844],[88.37355,25.697841],[88.377626,25.697183],[88.381322,25.697239],[88.385364,25.695939],[88.385306,25.694751],[88.391545,25.693145],[88.389956,25.690205],[88.390128,25.6853],[88.392787,25.68351],[88.394891,25.684714],[88.401475,25.685951],[88.403213,25.685735],[88.405089,25.683438],[88.40267,25.678286],[88.401739,25.672446],[88.404013,25.67169],[88.408191,25.671805],[88.408702,25.670655],[88.415432,25.669726],[88.419042,25.668055],[88.420737,25.670328],[88.424354,25.670602],[88.425944,25.669154],[88.427811,25.669725],[88.430072,25.66884],[88.433892,25.668826],[88.438719,25.667858],[88.443703,25.665038],[88.445669,25.665467],[88.451091,25.664801],[88.454128,25.663944],[88.453756,25.657137],[88.455158,25.655183],[88.453828,25.646279],[88.453264,25.644655],[88.455942,25.643981],[88.456043,25.640434],[88.454751,25.635134],[88.455367,25.633213],[88.453585,25.627048],[88.450101,25.625314],[88.447307,25.621725],[88.447029,25.617465],[88.44506,25.614456],[88.446928,25.613733],[88.446491,25.611535],[88.448144,25.605964],[88.449846,25.605345],[88.447995,25.601184],[88.445509,25.600476],[88.444849,25.596905],[88.450545,25.597311],[88.457414,25.598835],[88.45755,25.596069],[88.462325,25.594641],[88.463576,25.59218],[88.465873,25.591977],[88.466092,25.5866],[88.468173,25.586954],[88.468394,25.584521],[88.471378,25.583767],[88.473782,25.585776],[88.480937,25.585421],[88.481047,25.582312],[88.482885,25.582548],[88.483953,25.586267],[88.491098,25.584601],[88.499846,25.584007],[88.49944,25.577098],[88.498717,25.572766],[88.49518,25.567832],[88.49387,25.564686],[88.493683,25.55917],[88.498082,25.558594],[88.49723,25.555489],[88.500007,25.550759],[88.503948,25.549387],[88.50726,25.547222],[88.508317,25.544978],[88.511491,25.545541],[88.514015,25.54762],[88.51738,25.546388],[88.519329,25.544521],[88.518068,25.538563],[88.52254,25.535304],[88.524567,25.536683],[88.527282,25.543308],[88.532297,25.542229],[88.532647,25.535435],[88.53517,25.533753],[88.539157,25.534762],[88.540341,25.529812],[88.539207,25.525914],[88.537626,25.525074],[88.537307,25.521024],[88.539958,25.519917],[88.539255,25.516098],[88.540655,25.51123],[88.538833,25.509379],[88.539877,25.508286],[88.542974,25.508962],[88.54764,25.511408],[88.548454,25.514032],[88.547653,25.518023],[88.551274,25.520483],[88.554497,25.521018],[88.554509,25.518443],[88.552864,25.515477],[88.556328,25.513597],[88.559794,25.512789],[88.567963,25.514081],[88.567452,25.511643],[88.570574,25.511263],[88.572292,25.509165],[88.577363,25.508652],[88.578345,25.509801],[88.584115,25.509704],[88.588128,25.508514],[88.592411,25.508761],[88.593644,25.507229],[88.596535,25.506132],[88.598181,25.506546],[88.59937,25.511112],[88.60138,25.512156],[88.602851,25.515493],[88.609145,25.516381],[88.609664,25.511467],[88.613037,25.509978],[88.614541,25.508539],[88.61548,25.505326],[88.617353,25.503737],[88.619799,25.503893],[88.622817,25.497204],[88.624083,25.496911],[88.634768,25.499038],[88.640894,25.499989],[88.644863,25.498283],[88.645316,25.496766],[88.648341,25.496275],[88.648178,25.49379],[88.645798,25.494179],[88.642696,25.492656],[88.644267,25.490064],[88.645174,25.484557],[88.646186,25.482161],[88.646439,25.477971],[88.652843,25.481064],[88.660452,25.481882],[88.663308,25.473611],[88.66957,25.474955],[88.670382,25.474292],[88.674818,25.474705],[88.678173,25.474087],[88.684597,25.475842],[88.690296,25.474419],[88.693913,25.474194],[88.69843,25.471088],[88.699809,25.47305],[88.700021,25.475765],[88.705142,25.476226],[88.70711,25.476972],[88.706439,25.479397],[88.710019,25.480788],[88.708155,25.491372],[88.709066,25.495747],[88.707512,25.499916],[88.709485,25.500029],[88.713247,25.498908],[88.721324,25.499737],[88.721503,25.501418],[88.725509,25.501884],[88.726516,25.503177],[88.729411,25.503157],[88.733374,25.504693],[88.742127,25.504294],[88.741997,25.500128],[88.743427,25.497488],[88.739727,25.489267],[88.744726,25.488576],[88.746209,25.492621],[88.749951,25.494009],[88.753541,25.494301],[88.757612,25.493038],[88.761404,25.493422],[88.764734,25.494496],[88.769271,25.500256],[88.770903,25.500299],[88.771045,25.505054],[88.768341,25.503864],[88.765694,25.504659],[88.765112,25.506767],[88.762003,25.508842],[88.759997,25.512051],[88.761351,25.515451],[88.760399,25.522163],[88.758457,25.522668],[88.758912,25.525622],[88.763506,25.524934],[88.767006,25.525286],[88.767873,25.522106],[88.774006,25.518751],[88.776083,25.518547],[88.776559,25.516299],[88.781925,25.516285],[88.786287,25.516842],[88.786572,25.519382],[88.791757,25.521036],[88.79222,25.522749],[88.798465,25.523994],[88.80138,25.523842],[88.803899,25.524935],[88.806317,25.523483],[88.810405,25.523049],[88.808251,25.519309],[88.807494,25.514594],[88.809904,25.511636],[88.809168,25.49966],[88.811142,25.496218],[88.813,25.489905],[88.814656,25.488332],[88.817972,25.488106],[88.826523,25.48984],[88.829518,25.490142],[88.833469,25.480984],[88.833547,25.477567],[88.837367,25.472344],[88.837562,25.46996],[88.835357,25.465638],[88.835194,25.46379],[88.839021,25.45922],[88.838272,25.454399],[88.830457,25.449721],[88.830809,25.448049],[88.827421,25.446335],[88.825889,25.443531],[88.825981,25.441227],[88.827341,25.440362],[88.828391,25.436844],[88.832132,25.437046],[88.833114,25.43588],[88.832678,25.431876],[88.834511,25.431631],[88.834619,25.427537],[88.829907,25.427725],[88.82884,25.425893],[88.831286,25.423382],[88.830419,25.417896],[88.826989,25.416838],[88.826566,25.415769],[88.820649,25.415893],[88.818662,25.417787],[88.817955,25.414526],[88.814042,25.410278],[88.817823,25.410295],[88.823024,25.409436],[88.823905,25.408373],[88.823639,25.405138],[88.824669,25.400841],[88.835381,25.401496],[88.837742,25.401954],[88.838662,25.397497],[88.841025,25.397667],[88.841788,25.393268],[88.840714,25.391669],[88.837811,25.391185],[88.838052,25.386108],[88.837509,25.384212],[88.840418,25.384007],[88.842481,25.381827],[88.8394,25.381561],[88.838917,25.375011],[88.839979,25.373444],[88.838447,25.368596],[88.840829,25.367644],[88.841362,25.363953],[88.845912,25.363802],[88.846519,25.362003],[88.854432,25.363288],[88.856385,25.357265],[88.855802,25.355782],[88.857493,25.354276],[88.86298,25.355365],[88.864277,25.354441],[88.86432,25.351782],[88.869491,25.352716],[88.86949,25.349637],[88.868668,25.344608],[88.8672,25.343125],[88.869896,25.340956],[88.873203,25.339399],[88.874081,25.337017],[88.876279,25.336912],[88.876625,25.334242],[88.87812,25.331781],[88.88568,25.325701],[88.888532,25.325975],[88.888354,25.329771],[88.887237,25.330683],[88.886289,25.334177],[88.888127,25.336846],[88.891168,25.33735],[88.897868,25.336506],[88.89991,25.337237],[88.906742,25.337895],[88.906431,25.335152],[88.907592,25.326303],[88.908696,25.325412],[88.911218,25.320697],[88.912619,25.317046],[88.915934,25.314134],[88.916378,25.312313],[88.924385,25.312263],[88.924798,25.314386],[88.928964,25.314965],[88.929198,25.311948],[88.928749,25.305399],[88.92959,25.304267],[88.934266,25.303894],[88.935069,25.302785],[88.93837,25.302202],[88.939593,25.300531],[88.944627,25.30126],[88.949903,25.303539],[88.953236,25.301646],[88.955538,25.30285],[88.957547,25.300871],[88.960297,25.301672],[88.960685,25.305871],[88.963567,25.305416],[88.966921,25.302165],[88.972535,25.30104],[88.974719,25.301414],[88.976005,25.305601],[88.984542,25.305439],[88.983054,25.301349],[88.986462,25.301066],[88.987209,25.299116],[88.989978,25.298794],[88.992685,25.295808],[88.994666,25.296413],[88.996773,25.295583],[89.001034,25.295994],[89.003516,25.297315],[89.00437,25.299795],[89.005881,25.299857],[89.008242,25.302155],[89.008686,25.298165],[89.007445,25.283682],[89.006246,25.27454],[89.006749,25.268572],[89.010246,25.267099],[89.015419,25.267481],[89.017167,25.264993],[89.02006,25.2664],[89.022023,25.270304],[89.026927,25.270604],[89.027775,25.276841],[89.03141,25.276639],[89.034341,25.273921],[89.036091,25.271188],[89.039441,25.272276],[89.038917,25.270006],[89.04357,25.267547],[89.046648,25.268633],[89.050395,25.266085],[89.051772,25.264402],[89.05541,25.263713],[89.057673,25.264547],[89.058432,25.260832],[89.063518,25.260806],[89.066053,25.261724],[89.067481,25.264489],[89.065821,25.267385],[89.0685,25.268923],[89.071812,25.26946],[89.072698,25.267818],[89.075645,25.266886],[89.077111,25.263091],[89.079962,25.262694],[89.080694,25.260533],[89.083605,25.25866],[89.083339,25.255484],[89.085896,25.255555],[89.085657,25.252776],[89.086797,25.251571],[89.08922,25.252297],[89.092158,25.250319],[89.093951,25.251317],[89.095278,25.247593],[89.097634,25.247097],[89.096616,25.244965],[89.100646,25.242409],[89.106077,25.242133],[89.108179,25.240845],[89.110822,25.241836],[89.112911,25.244937],[89.115465,25.245034],[89.119665,25.244083],[89.121306,25.244337],[89.122022,25.249464],[89.123662,25.250123],[89.124379,25.254435],[89.127297,25.255267],[89.128589,25.24999],[89.133434,25.246522],[89.144651,25.248375],[89.144001,25.2526],[89.143862,25.257718],[89.145451,25.258165],[89.152685,25.25823],[89.156162,25.258606],[89.155523,25.256216],[89.158257,25.25425],[89.161657,25.254818],[89.164747,25.252669],[89.165197,25.251073],[89.160823,25.248676],[89.163945,25.248125],[89.164969,25.24618],[89.168523,25.246385],[89.170198,25.242155],[89.172598,25.240854],[89.176338,25.241227],[89.177557,25.236392],[89.181347,25.23771],[89.184211,25.236413],[89.184869,25.238241],[89.187322,25.238082],[89.191096,25.238917],[89.192673,25.242473],[89.193195,25.245409],[89.197417,25.24387],[89.197069,25.238075],[89.197951,25.235445],[89.200486,25.233668],[89.204879,25.233739],[89.208168,25.234566],[89.20853,25.232538],[89.211536,25.232504],[89.213306,25.23527],[89.216236,25.235933],[89.222741,25.234694],[89.222611,25.230202],[89.225237,25.230529],[89.229262,25.229372],[89.231493,25.229562],[89.232533,25.231031],[89.234876,25.228962],[89.235985,25.225938],[89.240994,25.22605],[89.243785,25.223529],[89.247156,25.223815],[89.251113,25.225864],[89.255969,25.226835],[89.261518,25.226523],[89.262571,25.224539],[89.272489,25.22485],[89.272731,25.22607],[89.269442,25.228996],[89.269227,25.232069],[89.270414,25.232705],[89.273204,25.230367],[89.277862,25.23129],[89.285659,25.229558],[89.285529,25.22576],[89.288953,25.225637],[89.289854,25.223878],[89.291992,25.222938],[89.300622,25.22306],[89.304959,25.228815],[89.307712,25.228008],[89.311654,25.228693],[89.319664,25.226366],[89.320122,25.225149],[89.319094,25.22199],[89.322548,25.221051],[89.324506,25.219568],[89.325026,25.216595],[89.329917,25.217281],[89.332593,25.212958],[89.334802,25.211338],[89.336599,25.211613],[89.340805,25.210133],[89.343658,25.210005],[89.346028,25.213479],[89.345713,25.215778],[89.34295,25.218163],[89.346531,25.220559],[89.349479,25.22043],[89.352186,25.219082],[89.353898,25.216968],[89.356248,25.2167],[89.361422,25.212201],[89.394897,25.177136],[89.409301,25.174042],[89.414102,25.173011],[89.438108,25.167856],[89.487164,25.155461],[89.487049,25.15405],[89.490082,25.152863],[89.491079,25.150765],[89.485724,25.143681],[89.485828,25.14047],[89.486773,25.139685],[89.493979,25.138696],[89.495371,25.138128],[89.497902,25.139933],[89.499393,25.139634],[89.522605,25.155424],[89.492948,25.163656],[89.491753,25.165122],[89.493437,25.169024],[89.493285,25.170696],[89.489902,25.172791],[89.48965,25.175734],[89.491933,25.177544],[89.495559,25.179105],[89.495553,25.1829],[89.498235,25.184027],[89.501416,25.183968],[89.501413,25.186632],[89.503748,25.186773],[89.504989,25.18824],[89.503965,25.189832],[89.501491,25.190253],[89.50083,25.1935],[89.50424,25.194635],[89.508473,25.194713],[89.506924,25.196618],[89.504478,25.196345],[89.503065,25.198914],[89.507227,25.205365],[89.508787,25.212762],[89.511817,25.216144],[89.514496,25.226207],[89.516559,25.231993],[89.515743,25.237047],[89.516075,25.240932],[89.511691,25.244125],[89.511075,25.24891],[89.511916,25.24968],[89.521208,25.249257],[89.51847,25.250647],[89.518608,25.253402],[89.522667,25.257028],[89.527837,25.256274],[89.529509,25.26066],[89.529703,25.263925],[89.525518,25.264622],[89.52675,25.267288],[89.525893,25.270268],[89.523352,25.271885],[89.517339,25.272094],[89.510576,25.273338],[89.476748,25.305111],[89.476647,25.305472],[89.520023,25.325226],[89.519738,25.334019],[89.520322,25.338482],[89.496345,25.371973],[89.497849,25.374235],[89.502404,25.379276],[89.50571,25.385069],[89.501632,25.384739],[89.496298,25.387295],[89.494897,25.389144],[89.49708,25.39028],[89.497719,25.392088],[89.494716,25.395961],[89.495194,25.400028],[89.497028,25.401434],[89.497561,25.404461],[89.502377,25.4066],[89.504027,25.404709],[89.505665,25.405573],[89.500419,25.410479],[89.500308,25.412917],[89.50328,25.415771],[89.505366,25.416501],[89.505298,25.420566],[89.508131,25.42107],[89.507325,25.423192],[89.509109,25.424914],[89.507476,25.433805],[89.508201,25.436178],[89.511986,25.437159],[89.521094,25.437058],[89.522592,25.435754],[89.524972,25.438157],[89.527952,25.43993],[89.535117,25.440632],[89.538506,25.438974],[89.544336,25.437008],[89.546271,25.438822],[89.553629,25.441062],[89.559803,25.440315],[89.56053,25.446325],[89.505532,25.486046],[89.505481,25.486317],[89.553697,25.496633],[89.554562,25.498705],[89.557158,25.504921],[89.558023,25.506993],[89.559753,25.511137],[89.560618,25.513209],[89.562348,25.517353],[89.588662,25.556123],[89.580515,25.564541],[89.57926,25.567607],[89.575656,25.57288],[89.572256,25.576708],[89.569696,25.582344],[89.638955,25.603267],[89.641688,25.605032],[89.64487,25.60918],[89.649542,25.61126],[89.652837,25.61613],[89.653857,25.618616],[89.652251,25.621716],[89.652698,25.624819],[89.658504,25.6298],[89.661583,25.630739],[89.661235,25.632601],[89.656439,25.633624],[89.655749,25.635588],[89.656881,25.638487],[89.655618,25.641485],[89.657437,25.643765],[89.644382,25.688065],[89.649748,25.698054],[89.654063,25.703402],[89.668166,25.748056],[89.670887,25.74966],[89.675458,25.749379],[89.676251,25.752867],[89.681061,25.753166],[89.683549,25.752228],[89.684587,25.753973],[89.684817,25.757751],[89.687463,25.75812],[89.686246,25.763343],[89.685507,25.769805],[89.686709,25.773629],[89.688799,25.77535],[89.699263,25.778171],[89.704042,25.781612],[89.706936,25.780986],[89.713515,25.782444],[89.715507,25.783622],[89.720095,25.783811],[89.723687,25.783096],[89.728081,25.780576],[89.727793,25.775879],[89.733979,25.774627],[89.733777,25.77589],[89.740256,25.777708],[89.756322,25.85155],[89.762479,25.852707],[89.764412,25.852383],[89.770689,25.853485],[89.773344,25.854471],[89.778054,25.854425],[89.781797,25.855141],[89.784338,25.85214],[89.786995,25.852198],[89.795199,25.857127],[89.799785,25.858991],[89.80552,25.859819],[89.816573,25.858521],[89.825271,25.856893],[89.827745,25.857551],[89.831188,25.857173],[89.833724,25.856133]]],[[[88.927311,26.331723],[88.92514,26.334174],[88.921232,26.335239],[88.919034,26.334169],[88.918961,26.331929],[88.921679,26.329173],[88.921959,26.326855],[88.918631,26.326175],[88.920369,26.320677],[88.922027,26.317893],[88.922445,26.313858],[88.923443,26.311999],[88.925861,26.311434],[88.928089,26.308061],[88.928378,26.305831],[88.926971,26.303069],[88.9238,26.301223],[88.925398,26.293182],[88.927216,26.291837],[88.931581,26.293402],[88.935882,26.291901],[88.942732,26.286754],[88.944613,26.282757],[88.947393,26.278446],[88.951043,26.275807],[88.953812,26.275533],[88.955257,26.276413],[88.960968,26.2778],[88.96568,26.277394],[88.970181,26.278245],[88.971537,26.281632],[88.973905,26.284407],[88.976299,26.284485],[88.978847,26.282609],[88.980672,26.283356],[88.982613,26.294721],[88.983843,26.296355],[88.982587,26.300982],[88.980409,26.301028],[88.979472,26.298798],[88.97698,26.298911],[88.974572,26.296494],[88.970199,26.295163],[88.968354,26.295287],[88.967306,26.297555],[88.961516,26.295236],[88.9593,26.295849],[88.960933,26.300335],[88.963256,26.302047],[88.961561,26.305571],[88.95911,26.305766],[88.95708,26.304566],[88.953161,26.304845],[88.953254,26.307296],[88.95449,26.309373],[88.952041,26.317183],[88.947394,26.317948],[88.938126,26.313535],[88.936241,26.313211],[88.936289,26.316767],[88.935576,26.320468],[88.937109,26.3217],[88.940285,26.321904],[88.940103,26.324918],[88.94145,26.326714],[88.940419,26.328069],[88.94004,26.332709],[88.936663,26.334027],[88.927311,26.331723]]]]},"properties":{"sector":6,"areaKm2":14233,"islands":["Lalmonirhat"]}},{"type":"Feature","geometry":{"type":"Polygon","coordinates":[[[89.006749,25.268572],[89.007497,25.26464],[89.005054,25.264093],[89.004357,25.268148],[88.997397,25.268739],[88.993311,25.269902],[88.992068,25.273306],[88.987492,25.274083],[88.984773,25.270908],[88.983943,25.268268],[88.981617,25.266839],[88.979997,25.26338],[88.975953,25.263768],[88.974955,25.260244],[88.971042,25.259991],[88.96843,25.257767],[88.959122,25.254408],[88.956545,25.254756],[88.955098,25.2524],[88.955277,25.250302],[88.953301,25.250012],[88.949945,25.246871],[88.949785,25.245529],[88.953378,25.240577],[88.949837,25.236082],[88.951507,25.233854],[88.954201,25.232045],[88.95827,25.228385],[88.959752,25.224023],[88.959447,25.221666],[88.959881,25.215809],[88.9626,25.213216],[88.96197,25.211065],[88.959609,25.212231],[88.955761,25.209461],[88.953057,25.210686],[88.950998,25.208502],[88.948339,25.208943],[88.945439,25.207792],[88.941209,25.2085],[88.940923,25.210039],[88.938,25.212357],[88.93657,25.206087],[88.937149,25.203536],[88.934774,25.201173],[88.934204,25.197975],[88.937833,25.195131],[88.938691,25.193569],[88.940962,25.192811],[88.947133,25.193376],[88.946926,25.189898],[88.947901,25.187688],[88.945865,25.184897],[88.945307,25.182816],[88.949448,25.181259],[88.948212,25.176685],[88.946019,25.17674],[88.943334,25.173757],[88.941302,25.173579],[88.94114,25.175885],[88.938638,25.177716],[88.938733,25.179318],[88.934336,25.18158],[88.929322,25.177859],[88.927013,25.174526],[88.92401,25.171604],[88.923294,25.164815],[88.919896,25.166734],[88.916023,25.167252],[88.911799,25.169295],[88.912566,25.177421],[88.910715,25.180525],[88.904615,25.179358],[88.90145,25.179788],[88.898688,25.182314],[88.893568,25.183429],[88.892529,25.184647],[88.889553,25.185031],[88.889671,25.178797],[88.88629,25.17923],[88.878845,25.179054],[88.875251,25.179499],[88.875361,25.182518],[88.874342,25.187583],[88.871395,25.191721],[88.869046,25.191418],[88.867189,25.189822],[88.864197,25.190884],[88.865093,25.195025],[88.864699,25.200464],[88.863384,25.201883],[88.858977,25.202554],[88.855121,25.200144],[88.851993,25.200585],[88.850046,25.202146],[88.850016,25.205222],[88.848644,25.208424],[88.846644,25.209743],[88.844193,25.214085],[88.841479,25.21398],[88.842425,25.21145],[88.837879,25.210818],[88.837025,25.207024],[88.831355,25.207015],[88.829821,25.204849],[88.828782,25.201378],[88.829269,25.198391],[88.826649,25.194382],[88.827319,25.192901],[88.825374,25.191455],[88.823194,25.19146],[88.820697,25.18928],[88.818241,25.18959],[88.817057,25.186811],[88.814685,25.184606],[88.813846,25.175132],[88.806569,25.173891],[88.806475,25.171323],[88.801128,25.171492],[88.792909,25.173541],[88.785983,25.1768],[88.779293,25.17835],[88.774062,25.180223],[88.774238,25.186029],[88.772547,25.186791],[88.7731,25.189782],[88.769736,25.190684],[88.768525,25.186442],[88.767092,25.184127],[88.763138,25.184424],[88.759338,25.18694],[88.757891,25.185685],[88.755474,25.181247],[88.754054,25.180255],[88.753548,25.177817],[88.748889,25.178602],[88.750296,25.182058],[88.745403,25.183399],[88.742908,25.185404],[88.734439,25.185371],[88.73523,25.190795],[88.733316,25.191957],[88.734177,25.19528],[88.733103,25.196084],[88.733181,25.199247],[88.72908,25.200449],[88.724515,25.199672],[88.724514,25.202234],[88.717775,25.202175],[88.714817,25.207222],[88.711265,25.207916],[88.703598,25.208248],[88.693672,25.208138],[88.687585,25.207705],[88.686885,25.209651],[88.680151,25.209269],[88.678115,25.206817],[88.677928,25.203274],[88.675852,25.202639],[88.674199,25.200042],[88.671989,25.198934],[88.667013,25.198571],[88.666725,25.200776],[88.664707,25.202936],[88.659803,25.202873],[88.646202,25.204944],[88.642941,25.206503],[88.639642,25.20485],[88.631287,25.20226],[88.627543,25.202397],[88.626182,25.203666],[88.619507,25.205121],[88.617845,25.203871],[88.613576,25.204366],[88.611406,25.202592],[88.611783,25.200227],[88.6079,25.196383],[88.602096,25.194089],[88.597582,25.191671],[88.593806,25.19306],[88.591147,25.193222],[88.590911,25.189872],[88.591768,25.187756],[88.59109,25.185894],[88.586017,25.182137],[88.581808,25.182151],[88.579638,25.17711],[88.576096,25.17727],[88.574237,25.17658],[88.566381,25.17612],[88.563889,25.175441],[88.558329,25.177577],[88.55589,25.180695],[88.559337,25.184742],[88.559839,25.19106],[88.55545,25.193613],[88.551491,25.193688],[88.54849,25.195349],[88.545943,25.193453],[88.54234,25.194221],[88.540525,25.18939],[88.537689,25.188789],[88.537301,25.187036],[88.533556,25.188653],[88.533856,25.1919],[88.53291,25.194933],[88.53677,25.196917],[88.533133,25.198238],[88.526072,25.200061],[88.518617,25.201204],[88.515074,25.202112],[88.513102,25.203532],[88.510559,25.202958],[88.500217,25.203609],[88.49952,25.209649],[88.497959,25.210674],[88.489659,25.211298],[88.485574,25.212385],[88.480132,25.21221],[88.478917,25.213811],[88.475649,25.213938],[88.474732,25.212775],[88.474335,25.208547],[88.469532,25.200776],[88.471778,25.199912],[88.47168,25.19788],[88.469045,25.198094],[88.463267,25.195307],[88.453912,25.197259],[88.448157,25.198118],[88.446581,25.197293],[88.443222,25.197901],[88.440349,25.201135],[88.437632,25.198693],[88.436901,25.200071],[88.438967,25.202885],[88.439443,25.208474],[88.438178,25.20831],[88.437817,25.202769],[88.436109,25.200787],[88.436264,25.198841],[88.438283,25.198273],[88.439888,25.20008],[88.441697,25.198704],[88.443341,25.195688],[88.442449,25.189864],[88.4428,25.185182],[88.445456,25.179235],[88.442541,25.176331],[88.442187,25.174537],[88.446271,25.173476],[88.449322,25.171583],[88.450972,25.167874],[88.453971,25.164641],[88.457128,25.165266],[88.456766,25.161628],[88.459389,25.160906],[88.456695,25.154253],[88.460865,25.15138],[88.461052,25.150194],[88.458031,25.148314],[88.459916,25.14491],[88.458303,25.140668],[88.457088,25.139064],[88.45787,25.135979],[88.454216,25.133944],[88.453155,25.13212],[88.448144,25.130761],[88.44706,25.128429],[88.441346,25.127708],[88.441234,25.124339],[88.443042,25.119478],[88.442101,25.115152],[88.445275,25.113838],[88.447324,25.108911],[88.444141,25.100129],[88.445195,25.096357],[88.446861,25.093226],[88.446316,25.082133],[88.449318,25.079871],[88.452948,25.079667],[88.451279,25.07635],[88.448471,25.073273],[88.445015,25.070465],[88.44259,25.066711],[88.442054,25.062195],[88.435361,25.054886],[88.435368,25.050755],[88.436248,25.046404],[88.437626,25.043062],[88.441716,25.04215],[88.44637,25.042063],[88.449305,25.040087],[88.451961,25.039875],[88.452492,25.036662],[88.451131,25.034513],[88.446733,25.034361],[88.445125,25.033129],[88.444138,25.026429],[88.438875,25.022204],[88.440997,25.02089],[88.438692,25.018187],[88.439436,25.01343],[88.435536,25.014346],[88.436666,25.010435],[88.436504,25.00839],[88.432256,25.00712],[88.430275,25.008045],[88.421968,25.006993],[88.421314,25.004943],[88.419014,25.001838],[88.419782,24.999451],[88.41556,24.998368],[88.412139,24.998652],[88.414454,24.995541],[88.412665,24.990482],[88.412173,24.985723],[88.416438,24.985229],[88.418518,24.983939],[88.416108,24.980469],[88.417328,24.974613],[88.414205,24.973122],[88.411228,24.973309],[88.409437,24.977288],[88.405304,24.979562],[88.403036,24.97344],[88.399138,24.972631],[88.395098,24.968568],[88.395555,24.964611],[88.392721,24.964465],[88.39278,24.961216],[88.397264,24.95767],[88.398193,24.955717],[88.400158,24.954463],[88.401412,24.95016],[88.400949,24.948661],[88.395463,24.941803],[88.393392,24.94123],[88.38847,24.943245],[88.387137,24.942898],[88.387168,24.940061],[88.385418,24.938803],[88.38161,24.939082],[88.377451,24.942838],[88.375075,24.943526],[88.370639,24.942432],[88.369182,24.94547],[88.367261,24.945002],[88.36716,24.948527],[88.363836,24.948443],[88.366527,24.952423],[88.36493,24.953222],[88.362597,24.952174],[88.359267,24.952688],[88.359962,24.94878],[88.35707,24.947163],[88.355012,24.942838],[88.353151,24.942673],[88.349224,24.944494],[88.340267,24.94102],[88.339607,24.94037],[88.341272,24.935553],[88.33972,24.934595],[88.338433,24.931981],[88.336053,24.930076],[88.33759,24.92775],[88.334613,24.926947],[88.334985,24.922818],[88.336411,24.919182],[88.335039,24.917914],[88.329768,24.919521],[88.328949,24.917329],[88.32639,24.918542],[88.324344,24.916762],[88.324933,24.913586],[88.328092,24.904573],[88.332719,24.905324],[88.334273,24.903942],[88.334249,24.898003],[88.339844,24.900052],[88.341544,24.898936],[88.343762,24.899764],[88.34424,24.897575],[88.346456,24.894097],[88.344796,24.891634],[88.344737,24.888933],[88.342551,24.888462],[88.342548,24.884052],[88.339371,24.880768],[88.338546,24.877944],[88.334046,24.877206],[88.334716,24.874665],[88.332856,24.870933],[88.326855,24.870602],[88.321187,24.876466],[88.321805,24.880962],[88.320732,24.883498],[88.317533,24.883395],[88.316013,24.880908],[88.312456,24.881396],[88.312151,24.879522],[88.309674,24.877943],[88.306795,24.877554],[88.304909,24.872675],[88.302201,24.871725],[88.300878,24.872997],[88.298343,24.882245],[88.300823,24.882341],[88.300482,24.884603],[88.29726,24.885612],[88.296539,24.888233],[88.293141,24.889239],[88.288878,24.888732],[88.286642,24.887156],[88.285675,24.889061],[88.281326,24.890573],[88.279442,24.88791],[88.277203,24.888781],[88.277412,24.891494],[88.275565,24.892091],[88.277149,24.896806],[88.275152,24.897358],[88.272432,24.896339],[88.270326,24.894328],[88.267892,24.88912],[88.267728,24.884698],[88.266625,24.880034],[88.267076,24.877937],[88.26561,24.876932],[88.263168,24.877468],[88.257464,24.877412],[88.25953,24.880617],[88.262697,24.887626],[88.264147,24.894015],[88.263994,24.906267],[88.262893,24.913294],[88.261585,24.917367],[88.259082,24.922504],[88.256499,24.926011],[88.250468,24.932312],[88.241736,24.938721],[88.238241,24.942343],[88.23228,24.951964],[88.230669,24.955949],[88.225747,24.960599],[88.219462,24.961395],[88.213691,24.961168],[88.204914,24.959507],[88.198656,24.956865],[88.195504,24.954839],[88.191018,24.952757],[88.187875,24.952139],[88.184045,24.954144],[88.178931,24.949818],[88.175982,24.946721],[88.17476,24.948866],[88.170189,24.950541],[88.168335,24.94749],[88.16486,24.946235],[88.164502,24.941631],[88.162738,24.940854],[88.158793,24.941759],[88.15909,24.938061],[88.157744,24.933907],[88.15278,24.932835],[88.14993,24.932876],[88.145576,24.935463],[88.14517,24.936715],[88.138318,24.936394],[88.13763,24.935097],[88.138333,24.930341],[88.13877,24.920763],[88.140214,24.914112],[88.144408,24.914302],[88.148952,24.911625],[88.153102,24.907099],[88.153573,24.903749],[88.154798,24.902561],[88.15515,24.899625],[88.161641,24.898314],[88.161772,24.893854],[88.166159,24.895578],[88.16883,24.893643],[88.168754,24.890692],[88.160703,24.889749],[88.157643,24.892672],[88.152526,24.884978],[88.155412,24.883666],[88.156132,24.881632],[88.159273,24.881317],[88.163868,24.87834],[88.164076,24.876762],[88.160243,24.87511],[88.15926,24.872173],[88.161567,24.869012],[88.16698,24.863127],[88.175036,24.86235],[88.175214,24.860242],[88.169584,24.860326],[88.166141,24.859693],[88.166142,24.85853],[88.162525,24.857825],[88.163969,24.852155],[88.163553,24.850064],[88.160229,24.849028],[88.159523,24.850141],[88.155086,24.850443],[88.151104,24.849644],[88.145012,24.851428],[88.144666,24.845061],[88.14662,24.843892],[88.141617,24.842229],[88.139603,24.836225],[88.140796,24.834333],[88.134626,24.834376],[88.133795,24.836374],[88.131784,24.836216],[88.132987,24.833554],[88.134159,24.827637],[88.133406,24.819432],[88.13458,24.812258],[88.136222,24.806972],[88.136235,24.80537],[88.131488,24.805022],[88.130039,24.806173],[88.127953,24.81074],[88.126698,24.815433],[88.123301,24.823044],[88.119294,24.820468],[88.114321,24.816464],[88.111003,24.812175],[88.108264,24.805989],[88.104859,24.799672],[88.105247,24.793946],[88.104722,24.786907],[88.105995,24.786907],[88.105786,24.780598],[88.099223,24.780059],[88.088365,24.782774],[88.078105,24.769673],[88.07383,24.771302],[88.072319,24.773235],[88.068105,24.769236],[88.070845,24.767628],[88.068628,24.76395],[88.074114,24.761192],[88.072427,24.758361],[88.066192,24.750277],[88.069303,24.747613],[88.071824,24.744393],[88.071464,24.742034],[88.068263,24.736186],[88.065017,24.72641],[88.062143,24.721059],[88.057747,24.716716],[88.055748,24.715783],[88.053429,24.711027],[88.048153,24.709394],[88.041603,24.704897],[88.04111,24.703263],[88.036399,24.699159],[88.028534,24.690355],[88.017464,24.678929],[88.012362,24.673327],[88.008169,24.667803],[88.010431,24.665456],[88.021569,24.656553],[88.027204,24.649718],[88.040018,24.643643],[88.04275,24.638966],[88.053113,24.623141],[88.059741,24.614522],[88.063585,24.610151],[88.069802,24.601459],[88.070343,24.598109],[88.076026,24.590896],[88.083499,24.580099],[88.084888,24.576377],[88.087402,24.571628],[88.089748,24.565801],[88.101025,24.550934],[88.106288,24.545165],[88.10967,24.542601],[88.114113,24.537477],[88.116528,24.536256],[88.120607,24.532405],[88.126025,24.526437],[88.129748,24.523363],[88.132796,24.5197],[88.135568,24.517215],[88.140594,24.511142],[88.147237,24.506296],[88.148548,24.50424],[88.154595,24.50326],[88.162746,24.49952],[88.166487,24.498198],[88.174324,24.492154],[88.17636,24.489619],[88.182589,24.484267],[88.185123,24.480932],[88.190388,24.47147],[88.191402,24.468225],[88.193749,24.465506],[88.198165,24.4622],[88.203753,24.459258],[88.20567,24.45945],[88.21286,24.457125],[88.217882,24.45701],[88.228483,24.455437],[88.237243,24.452883],[88.246216,24.4491],[88.254654,24.447853],[88.258388,24.447679],[88.263889,24.445828],[88.267075,24.443429],[88.274279,24.439473],[88.276321,24.437485],[88.281472,24.430059],[88.284844,24.424458],[88.286221,24.421145],[88.290178,24.417422],[88.295583,24.412966],[88.301818,24.408386],[88.306036,24.404768],[88.310694,24.401576],[88.316165,24.395334],[88.319097,24.393649],[88.324023,24.389306],[88.328431,24.384455],[88.336157,24.379795],[88.345579,24.375875],[88.357171,24.37339],[88.369098,24.372697],[88.379097,24.373879],[88.383887,24.373151],[88.38649,24.372131],[88.390864,24.371539],[88.402029,24.374253],[88.412626,24.376405],[88.4196,24.380927],[88.425302,24.382675],[88.429537,24.383234],[88.434201,24.382549],[88.44686,24.377857],[88.45647,24.372088],[88.46409,24.366339],[88.485323,24.355525],[88.489497,24.354596],[88.495277,24.354037],[88.498776,24.35188],[88.504777,24.345427],[88.508273,24.342691],[88.51756,24.342812],[88.521427,24.343303],[88.52664,24.344695],[88.527521,24.344006],[88.539421,24.321882],[88.549414,24.304451],[88.553218,24.29664],[88.555784,24.294423],[88.557612,24.299395],[88.562488,24.314955],[88.566077,24.320972],[88.567771,24.326485],[88.571634,24.326494],[88.577087,24.3255],[88.587556,24.324148],[88.587518,24.317967],[88.588412,24.314056],[88.592576,24.313357],[88.599804,24.310834],[88.603575,24.310244],[88.606355,24.311066],[88.607257,24.315169],[88.616549,24.314837],[88.623874,24.315524],[88.624887,24.312806],[88.628693,24.305221],[88.633131,24.307919],[88.63461,24.306697],[88.639626,24.307794],[88.648586,24.310861],[88.649754,24.310196],[88.65079,24.305117],[88.653005,24.305186],[88.659314,24.314302],[88.661914,24.313938],[88.664507,24.314573],[88.671354,24.31443],[88.682091,24.315871],[88.696645,24.315428],[88.701482,24.313379],[88.704095,24.312821],[88.707494,24.31108],[88.7155,24.303535],[88.722757,24.299551],[88.725873,24.295764],[88.73363,24.282001],[88.738797,24.266286],[88.738658,24.260607],[88.740482,24.257265],[88.740965,24.25251],[88.739577,24.247572],[88.736331,24.228184],[88.734862,24.222539],[88.734924,24.211073],[88.733871,24.203593],[88.733638,24.196028],[88.732387,24.182318],[88.731224,24.17277],[88.73266,24.169752],[88.740925,24.162043],[88.741689,24.160227],[88.770783,24.169608],[88.77364,24.170295],[88.779132,24.165282],[88.782332,24.160779],[88.778486,24.156711],[88.774946,24.153705],[88.781956,24.148295],[88.78773,24.144772],[88.790087,24.142774],[88.79517,24.140327],[88.798267,24.135838],[88.799233,24.133375],[88.801894,24.131477],[88.806174,24.12975],[88.815264,24.126755],[88.821188,24.125581],[88.826616,24.125623],[88.836878,24.126379],[88.843054,24.13067],[88.844681,24.131314],[88.848026,24.128992],[88.857169,24.121007],[88.856007,24.11916],[88.85808,24.117163],[88.858875,24.11417],[88.862021,24.117104],[88.86654,24.116873],[88.877657,24.120572],[88.880896,24.120934],[88.881179,24.116954],[88.880486,24.111715],[88.880481,24.106268],[88.918363,24.065709],[88.914763,24.060211],[88.914265,24.056789],[88.912044,24.054689],[88.911596,24.050877],[88.909145,24.050424],[88.911895,24.046981],[88.915487,24.0468],[88.916477,24.043789],[88.921926,24.042835],[88.923148,24.040455],[88.923997,24.033688],[88.921007,24.033629],[88.918564,24.027348],[88.922231,24.022957],[88.927122,24.023629],[88.936294,24.020674],[88.940732,24.018709],[88.940868,24.015441],[88.944278,24.015062],[88.952752,24.015799],[88.953544,24.011312],[88.962874,24.011549],[88.963591,24.009356],[88.966977,24.009436],[88.967224,24.007893],[88.972315,24.006409],[89.032316,24.05913],[89.033731,24.059158],[89.036496,24.051976],[89.040068,24.039517],[89.041126,24.033933],[89.047887,24.01687],[89.054011,24.005308],[89.054807,24.003153],[89.059915,23.994992],[89.061514,23.989492],[89.064977,23.984504],[89.07073,23.979025],[89.074776,23.977221],[89.081622,23.975261],[89.087977,23.974989],[89.094643,23.972835],[89.094084,23.965417],[89.09435,23.963947],[89.097123,23.963411],[89.108452,23.962843],[89.115116,23.963653],[89.12725,23.963093],[89.136496,23.963175],[89.145122,23.964075],[89.148944,23.959786],[89.14846,23.959068],[89.149365,23.953199],[89.151833,23.953023],[89.156343,23.954321],[89.158007,23.952655],[89.165677,23.953902],[89.16945,23.956693],[89.16937,23.957808],[89.171899,23.961238],[89.173043,23.961021],[89.175112,23.964227],[89.17465,23.96899],[89.172947,23.969315],[89.173463,23.97231],[89.175587,23.974577],[89.173446,23.978336],[89.174217,23.980016],[89.174777,23.984787],[89.175886,23.987186],[89.185143,23.986935],[89.188161,23.987484],[89.193422,23.987484],[89.195325,23.986998],[89.200145,23.987534],[89.204937,23.988919],[89.213265,23.989625],[89.213472,23.987141],[89.21211,23.974645],[89.214756,23.973169],[89.221304,23.97622],[89.224614,23.977282],[89.227871,23.976456],[89.230292,23.97466],[89.233407,23.973833],[89.233658,23.971763],[89.232639,23.968661],[89.231786,23.963145],[89.231337,23.955913],[89.231473,23.949677],[89.232485,23.944712],[89.235555,23.943289],[89.235858,23.941415],[89.238932,23.939154],[89.24258,23.938546],[89.244009,23.93516],[89.245036,23.929849],[89.244568,23.926765],[89.248154,23.91995],[89.250684,23.91936],[89.251871,23.915701],[89.251072,23.913816],[89.253459,23.906187],[89.256686,23.903814],[89.262173,23.898944],[89.26393,23.898451],[89.271527,23.899297],[89.279956,23.899085],[89.286778,23.896475],[89.293474,23.892604],[89.302548,23.89041],[89.345738,23.893494],[89.349729,23.891289],[89.349448,23.888022],[89.350141,23.886122],[89.354732,23.886132],[89.355471,23.887471],[89.358484,23.886731],[89.358943,23.889907],[89.360483,23.890642],[89.363338,23.889576],[89.366609,23.889672],[89.36863,23.893095],[89.36705,23.897067],[89.367417,23.899086],[89.367569,23.908714],[89.378419,23.907682],[89.387535,23.906021],[89.390436,23.905213],[89.393295,23.903143],[89.395983,23.899961],[89.402319,23.891367],[89.407525,23.884828],[89.40921,23.883461],[89.414257,23.881209],[89.427953,23.873583],[89.435668,23.86868],[89.446334,23.860572],[89.451669,23.855874],[89.461153,23.848164],[89.46555,23.845093],[89.473252,23.841087],[89.483013,23.836339],[89.493255,23.831923],[89.523264,23.868465],[89.530197,23.866441],[89.534818,23.865091],[89.544062,23.862392],[89.548806,23.861331],[89.551088,23.816016],[89.55795,23.813391],[89.564663,23.8118],[89.565089,23.808509],[89.576773,23.80632],[89.578426,23.80637],[89.586606,23.812783],[89.591016,23.813257],[89.600177,23.811404],[89.60488,23.811001],[89.616017,23.811565],[89.620968,23.811069],[89.633643,23.809219],[89.637603,23.809407],[89.642646,23.810762],[89.644217,23.813912],[89.649166,23.816924],[89.659346,23.813865],[89.658096,23.811487],[89.665224,23.809256],[89.673787,23.809813],[89.680677,23.8115],[89.684031,23.812148],[89.704158,23.814019],[89.71032,23.816643],[89.705386,23.826319],[89.713436,23.8187],[89.722033,23.82519],[89.730141,23.827328],[89.734628,23.8308],[89.734289,23.835903],[89.735329,23.835917],[89.734141,23.839509],[89.729629,23.841921],[89.726318,23.846091],[89.719406,23.853386],[89.715235,23.857031],[89.713508,23.86035],[89.711549,23.866443],[89.709567,23.866767],[89.708089,23.869171],[89.707024,23.87618],[89.703705,23.876576],[89.701863,23.874436],[89.700846,23.871807],[89.70053,23.866525],[89.69875,23.866932],[89.698703,23.872065],[89.697633,23.873492],[89.701506,23.877541],[89.703233,23.88043],[89.700898,23.887233],[89.702001,23.889807],[89.706233,23.892451],[89.705171,23.895978],[89.701347,23.896357],[89.700905,23.899413],[89.703041,23.901719],[89.699558,23.913677],[89.70029,23.914889],[89.698631,23.9256],[89.691344,23.925631],[89.688496,23.927014],[89.690394,23.930531],[89.689204,23.936899],[89.687145,23.940282],[89.690328,23.941431],[89.692731,23.943927],[89.695608,23.944255],[89.697408,23.943303],[89.696736,23.967163],[89.696912,23.980547],[89.698144,23.987671],[89.700683,23.992121],[89.707273,23.999829],[89.722033,24.011585],[89.726016,24.014527],[89.733714,24.01903],[89.73788,24.021074],[89.742366,24.022671],[89.736085,24.040558],[89.744521,24.023327],[89.718655,24.081657],[89.722429,24.085871],[89.724381,24.091754],[89.725648,24.093784],[89.739077,24.09325],[89.741545,24.096126],[89.742777,24.098867],[89.743278,24.103009],[89.74546,24.103546],[89.748219,24.106757],[89.750111,24.106627],[89.759868,24.103838],[89.761535,24.107647],[89.764948,24.111992],[89.760869,24.113258],[89.75454,24.115891],[89.750088,24.118784],[89.744405,24.121581],[89.741565,24.122511],[89.741428,24.118169],[89.738953,24.118499],[89.737566,24.120233],[89.740545,24.12311],[89.739739,24.125714],[89.736601,24.129649],[89.733688,24.130179],[89.729032,24.129236],[89.722192,24.131667],[89.71862,24.133997],[89.715411,24.137198],[89.712715,24.140728],[89.716775,24.14938],[89.716995,24.151431],[89.719922,24.153807],[89.725464,24.153813],[89.72487,24.157172],[89.726185,24.158274],[89.724873,24.16544],[89.730425,24.165204],[89.732317,24.166641],[89.731981,24.16835],[89.729918,24.169383],[89.730442,24.172951],[89.729672,24.175786],[89.725177,24.179043],[89.722389,24.180463],[89.72298,24.18349],[89.720788,24.183719],[89.721371,24.189918],[89.719399,24.190986],[89.716972,24.190921],[89.715213,24.193503],[89.716001,24.197806],[89.712299,24.198996],[89.71073,24.205544],[89.712056,24.207375],[89.708446,24.212254],[89.706977,24.213209],[89.708843,24.216518],[89.709568,24.219539],[89.707164,24.223531],[89.704201,24.225232],[89.700841,24.225806],[89.699018,24.223178],[89.696611,24.224553],[89.698569,24.22663],[89.69746,24.230415],[89.691148,24.238856],[89.691621,24.241177],[89.693738,24.242793],[89.699154,24.242852],[89.700743,24.243422],[89.700737,24.245836],[89.703103,24.252506],[89.706053,24.2502],[89.71237,24.25645],[89.715369,24.257592],[89.717545,24.257173],[89.725979,24.258332],[89.729967,24.258567],[89.729577,24.261357],[89.73326,24.261837],[89.74274,24.263931],[89.745257,24.268473],[89.746804,24.269232],[89.751724,24.273793],[89.752463,24.2783],[89.760038,24.281179],[89.760088,24.287036],[89.73903,24.354465],[89.739515,24.362301],[89.739809,24.372366],[89.741665,24.374506],[89.737119,24.374367],[89.734544,24.376799],[89.730602,24.378822],[89.728358,24.377931],[89.727674,24.374532],[89.726061,24.374994],[89.725415,24.372299],[89.721981,24.376217],[89.719058,24.377381],[89.718583,24.375426],[89.715666,24.374737],[89.711964,24.375092],[89.709186,24.373429],[89.70617,24.373419],[89.704602,24.369116],[89.702713,24.367306],[89.701851,24.365065],[89.699443,24.365891],[89.695634,24.370587],[89.697671,24.374183],[89.697028,24.376485],[89.695114,24.377863],[89.691392,24.377487],[89.688203,24.379355],[89.687474,24.375422],[89.685661,24.376615],[89.686155,24.380304],[89.683366,24.38254],[89.683491,24.386164],[89.684994,24.388624],[89.684475,24.395098],[89.685187,24.396902],[89.684274,24.399788],[89.688649,24.402545],[89.68767,24.405092],[89.680255,24.406027],[89.683232,24.409197],[89.68242,24.411869],[89.74593,24.454613],[89.745658,24.459219],[89.74607,24.461902],[89.745655,24.465862],[89.746574,24.467365],[89.745017,24.47043],[89.738053,24.515803],[89.736768,24.518359],[89.689973,24.549935],[89.681359,24.549901],[89.682255,24.555471],[89.679304,24.557113],[89.674381,24.55738],[89.67333,24.561302],[89.667745,24.562209],[89.669069,24.573853],[89.668368,24.577397],[89.662808,24.584083],[89.660764,24.582032],[89.653187,24.580535],[89.651862,24.581588],[89.651518,24.586422],[89.649038,24.587172],[89.648699,24.588983],[89.651754,24.590313],[89.652216,24.591609],[89.655165,24.593149],[89.655479,24.594627],[89.647603,24.602877],[89.667502,24.644881],[89.665046,24.657875],[89.626097,24.6856],[89.628507,24.690145],[89.63215,24.693531],[89.642793,24.701439],[89.646636,24.701195],[89.646196,24.704384],[89.644614,24.709],[89.642726,24.711073],[89.637775,24.714466],[89.638047,24.715541],[89.641891,24.715155],[89.642822,24.718777],[89.64815,24.720686],[89.651708,24.724528],[89.654057,24.725967],[89.660994,24.727701],[89.65721,24.740084],[89.65529,24.739829],[89.646929,24.737393],[89.644093,24.737363],[89.642424,24.738986],[89.636759,24.740688],[89.631488,24.740257],[89.62924,24.74141],[89.628394,24.743544],[89.629168,24.7453],[89.628499,24.748367],[89.630712,24.751003],[89.628518,24.752487],[89.628128,24.754011],[89.629113,24.757411],[89.620988,24.760348],[89.63476,24.803843],[89.624523,24.857984],[89.671897,24.87016],[89.671839,24.87054],[89.622885,24.866646],[89.665152,24.890436],[89.663815,24.893542],[89.615924,24.903462],[89.612239,24.922952],[89.582887,24.960032],[89.585823,24.963889],[89.586231,24.966443],[89.584312,24.968012],[89.583928,24.970855],[89.584857,24.973077],[89.584178,24.977017],[89.582775,24.979612],[89.583393,24.98168],[89.581221,24.984139],[89.584009,24.990071],[89.58331,24.992803],[89.584226,24.99615],[89.583266,24.999373],[89.581856,25.001473],[89.583048,25.007206],[89.584904,25.007355],[89.584515,25.010655],[89.586582,25.014387],[89.587049,25.016786],[89.588915,25.019408],[89.589686,25.02325],[89.591681,25.019298],[89.595048,25.019091],[89.600715,25.017201],[89.601316,25.024111],[89.602588,25.027221],[89.601836,25.031635],[89.599894,25.028984],[89.589422,25.030048],[89.589919,25.036265],[89.591206,25.038668],[89.595002,25.039799],[89.596655,25.042558],[89.595549,25.044108],[89.591971,25.044383],[89.590283,25.043556],[89.581099,25.043142],[89.57822,25.04333],[89.573703,25.042333],[89.571768,25.040605],[89.568194,25.040538],[89.567248,25.037798],[89.564324,25.03808],[89.560549,25.040184],[89.556627,25.039942],[89.555784,25.038874],[89.55206,25.039709],[89.548734,25.039771],[89.547789,25.041507],[89.539894,25.042964],[89.536868,25.041076],[89.532945,25.042326],[89.530555,25.04752],[89.526484,25.047369],[89.525584,25.052898],[89.522749,25.057063],[89.51798,25.059048],[89.517034,25.060829],[89.519064,25.06522],[89.516283,25.065315],[89.510674,25.064199],[89.50963,25.064986],[89.512255,25.069907],[89.510165,25.073831],[89.513093,25.074547],[89.512396,25.076548],[89.51021,25.076678],[89.505395,25.075682],[89.499236,25.076878],[89.49903,25.081854],[89.501754,25.086773],[89.500161,25.089242],[89.496285,25.09085],[89.496727,25.094681],[89.498513,25.095509],[89.501251,25.091707],[89.502542,25.091276],[89.504674,25.094355],[89.502633,25.097329],[89.505957,25.10025],[89.508236,25.100701],[89.509179,25.104528],[89.51161,25.10697],[89.510862,25.108972],[89.504347,25.115145],[89.506629,25.117318],[89.507817,25.119916],[89.505925,25.122662],[89.506618,25.125136],[89.502839,25.127194],[89.49896,25.13047],[89.497121,25.13064],[89.495876,25.132743],[89.49781,25.135099],[89.497906,25.137177],[89.499393,25.139634],[89.497902,25.139933],[89.495371,25.138128],[89.493979,25.138696],[89.486773,25.139685],[89.485828,25.14047],[89.485724,25.143681],[89.491079,25.150765],[89.490082,25.152863],[89.487049,25.15405],[89.487164,25.155461],[89.438108,25.167856],[89.414102,25.173011],[89.409301,25.174042],[89.394897,25.177136],[89.361422,25.212201],[89.356248,25.2167],[89.353898,25.216968],[89.352186,25.219082],[89.349479,25.22043],[89.346531,25.220559],[89.34295,25.218163],[89.345713,25.215778],[89.346028,25.213479],[89.343658,25.210005],[89.340805,25.210133],[89.336599,25.211613],[89.334802,25.211338],[89.332593,25.212958],[89.329917,25.217281],[89.325026,25.216595],[89.324506,25.219568],[89.322548,25.221051],[89.319094,25.22199],[89.320122,25.225149],[89.319664,25.226366],[89.311654,25.228693],[89.307712,25.228008],[89.304959,25.228815],[89.300622,25.22306],[89.291992,25.222938],[89.289854,25.223878],[89.288953,25.225637],[89.285529,25.22576],[89.285659,25.229558],[89.277862,25.23129],[89.273204,25.230367],[89.270414,25.232705],[89.269227,25.232069],[89.269442,25.228996],[89.272731,25.22607],[89.272489,25.22485],[89.262571,25.224539],[89.261518,25.226523],[89.255969,25.226835],[89.251113,25.225864],[89.247156,25.223815],[89.243785,25.223529],[89.240994,25.22605],[89.235985,25.225938],[89.234876,25.228962],[89.232533,25.231031],[89.231493,25.229562],[89.229262,25.229372],[89.225237,25.230529],[89.222611,25.230202],[89.222741,25.234694],[89.216236,25.235933],[89.213306,25.23527],[89.211536,25.232504],[89.20853,25.232538],[89.208168,25.234566],[89.204879,25.233739],[89.200486,25.233668],[89.197951,25.235445],[89.197069,25.238075],[89.197417,25.24387],[89.193195,25.245409],[89.192673,25.242473],[89.191096,25.238917],[89.187322,25.238082],[89.184869,25.238241],[89.184211,25.236413],[89.181347,25.23771],[89.177557,25.236392],[89.176338,25.241227],[89.172598,25.240854],[89.170198,25.242155],[89.168523,25.246385],[89.164969,25.24618],[89.163945,25.248125],[89.160823,25.248676],[89.165197,25.251073],[89.164747,25.252669],[89.161657,25.254818],[89.158257,25.25425],[89.155523,25.256216],[89.156162,25.258606],[89.152685,25.25823],[89.145451,25.258165],[89.143862,25.257718],[89.144001,25.2526],[89.144651,25.248375],[89.133434,25.246522],[89.128589,25.24999],[89.127297,25.255267],[89.124379,25.254435],[89.123662,25.250123],[89.122022,25.249464],[89.121306,25.244337],[89.119665,25.244083],[89.115465,25.245034],[89.112911,25.244937],[89.110822,25.241836],[89.108179,25.240845],[89.106077,25.242133],[89.100646,25.242409],[89.096616,25.244965],[89.097634,25.247097],[89.095278,25.247593],[89.093951,25.251317],[89.092158,25.250319],[89.08922,25.252297],[89.086797,25.251571],[89.085657,25.252776],[89.085896,25.255555],[89.083339,25.255484],[89.083605,25.25866],[89.080694,25.260533],[89.079962,25.262694],[89.077111,25.263091],[89.075645,25.266886],[89.072698,25.267818],[89.071812,25.26946],[89.0685,25.268923],[89.065821,25.267385],[89.067481,25.264489],[89.066053,25.261724],[89.063518,25.260806],[89.058432,25.260832],[89.057673,25.264547],[89.05541,25.263713],[89.051772,25.264402],[89.050395,25.266085],[89.046648,25.268633],[89.04357,25.267547],[89.038917,25.270006],[89.039441,25.272276],[89.036091,25.271188],[89.034341,25.273921],[89.03141,25.276639],[89.027775,25.276841],[89.026927,25.270604],[89.022023,25.270304],[89.02006,25.2664],[89.017167,25.264993],[89.015419,25.267481],[89.010246,25.267099],[89.006749,25.268572]]]},"properties":{"sector":7,"areaKm2":17960,"islands":[]}},{"type":"Feature","geometry":{"type":"Polygon","coordinates":[[[88.741689,24.160227],[88.744529,24.150315],[88.746447,24.146951],[88.726332,24.132238],[88.708017,24.11922],[88.706076,24.118653],[88.701349,24.1209],[88.697106,24.118902],[88.694358,24.112205],[88.694266,24.110229],[88.695943,24.109457],[88.699002,24.109885],[88.700697,24.107486],[88.701204,24.103551],[88.700764,24.097892],[88.700983,24.094358],[88.703991,24.094384],[88.706116,24.096048],[88.715986,24.102366],[88.720454,24.104097],[88.724667,24.10364],[88.727075,24.101841],[88.728655,24.099461],[88.728716,24.090211],[88.724934,24.079874],[88.723435,24.071092],[88.723543,24.068608],[88.726423,24.065155],[88.728808,24.064615],[88.733855,24.066214],[88.737533,24.061822],[88.729959,24.05863],[88.727553,24.056519],[88.726756,24.053761],[88.729429,24.050126],[88.731769,24.049653],[88.734047,24.051094],[88.736514,24.048636],[88.731335,24.047527],[88.724731,24.048103],[88.723688,24.047281],[88.723755,24.043736],[88.724977,24.041127],[88.732159,24.038884],[88.736247,24.03678],[88.741662,24.035371],[88.742141,24.033327],[88.73807,24.026992],[88.735133,24.023439],[88.734448,24.021465],[88.734828,24.016011],[88.732365,24.013302],[88.730872,24.008223],[88.730496,24.003831],[88.727978,23.99918],[88.728507,23.996492],[88.731693,23.995199],[88.735138,23.995406],[88.738652,23.998148],[88.740386,24.001574],[88.742192,24.003316],[88.746169,24.005751],[88.751331,24.006637],[88.755231,24.006789],[88.761704,24.004798],[88.763177,24.000696],[88.761693,23.997248],[88.763518,23.99288],[88.768002,23.985421],[88.767614,23.981612],[88.761764,23.982433],[88.758411,23.983404],[88.749362,23.985119],[88.743889,23.984936],[88.73969,23.983766],[88.736852,23.981546],[88.736327,23.97816],[88.737461,23.971283],[88.735687,23.964039],[88.73281,23.960873],[88.734035,23.960111],[88.734423,23.95729],[88.737204,23.95394],[88.740568,23.953992],[88.742112,23.951995],[88.739236,23.949786],[88.738916,23.944841],[88.741459,23.93906],[88.740062,23.938471],[88.743238,23.930644],[88.736363,23.933632],[88.734921,23.933145],[88.737124,23.928838],[88.734528,23.927979],[88.735734,23.923087],[88.73305,23.922947],[88.735487,23.915102],[88.733708,23.91392],[88.73314,23.91091],[88.729878,23.910758],[88.730272,23.913611],[88.725108,23.912971],[88.723021,23.916307],[88.719415,23.916567],[88.715307,23.915883],[88.713328,23.913078],[88.706631,23.916431],[88.704475,23.912699],[88.700819,23.912252],[88.699314,23.910147],[88.700889,23.902807],[88.700278,23.89916],[88.688278,23.901304],[88.684567,23.890463],[88.681082,23.887511],[88.678119,23.886267],[88.676415,23.884636],[88.673121,23.883745],[88.667489,23.883062],[88.664401,23.881143],[88.663759,23.877866],[88.66761,23.870345],[88.666887,23.869565],[88.661444,23.870759],[88.661069,23.868886],[88.655086,23.868904],[88.651404,23.866457],[88.649225,23.868546],[88.646205,23.869612],[88.641157,23.869012],[88.638882,23.871114],[88.637017,23.871102],[88.631373,23.865948],[88.627849,23.865149],[88.625085,23.865858],[88.624006,23.868727],[88.625725,23.87219],[88.625545,23.874127],[88.622533,23.876209],[88.617869,23.876639],[88.612721,23.875089],[88.609555,23.872979],[88.609158,23.870781],[88.609865,23.865249],[88.607892,23.862836],[88.605177,23.863096],[88.599314,23.869339],[88.594257,23.869372],[88.592797,23.870506],[88.589629,23.870296],[88.587314,23.871268],[88.584376,23.868638],[88.584895,23.866873],[88.583271,23.865684],[88.582597,23.86305],[88.579931,23.861919],[88.575751,23.861689],[88.577808,23.857852],[88.576556,23.855052],[88.579399,23.85103],[88.583535,23.85536],[88.586158,23.856098],[88.589888,23.854649],[88.591378,23.852723],[88.591483,23.850789],[88.588518,23.847732],[88.587196,23.843489],[88.586131,23.834801],[88.586531,23.831314],[88.588647,23.827986],[88.591369,23.826193],[88.600173,23.821521],[88.60219,23.818175],[88.601727,23.815342],[88.598784,23.812378],[88.596479,23.811517],[88.590823,23.811107],[88.589344,23.813773],[88.587819,23.81047],[88.591595,23.807639],[88.593132,23.807704],[88.594122,23.805283],[88.591901,23.803549],[88.592775,23.799152],[88.590414,23.79748],[88.587559,23.797032],[88.583243,23.797557],[88.581146,23.796578],[88.581907,23.793086],[88.58132,23.789545],[88.576992,23.785863],[88.572056,23.783445],[88.569619,23.783418],[88.563694,23.785783],[88.560578,23.786291],[88.556724,23.784946],[88.560361,23.783332],[88.559678,23.781136],[88.566205,23.776746],[88.568082,23.776908],[88.57226,23.77496],[88.578701,23.775395],[88.579646,23.773155],[88.579509,23.770555],[88.580626,23.76535],[88.580442,23.758487],[88.578056,23.757725],[88.575778,23.754283],[88.574692,23.750273],[88.572706,23.748274],[88.574837,23.740224],[88.572426,23.740067],[88.572204,23.73455],[88.574865,23.735268],[88.57415,23.738672],[88.575531,23.738728],[88.576579,23.736121],[88.576581,23.73324],[88.574056,23.733565],[88.574527,23.72958],[88.570096,23.728866],[88.568769,23.726991],[88.569365,23.723466],[88.56894,23.719835],[88.567711,23.719793],[88.568236,23.715445],[88.565241,23.713839],[88.565169,23.712222],[88.567661,23.703208],[88.567539,23.700262],[88.568819,23.696098],[88.568237,23.694126],[88.569004,23.690457],[88.568004,23.689599],[88.568077,23.68656],[88.572855,23.685472],[88.574819,23.676757],[88.57259,23.674086],[88.573968,23.66763],[88.570052,23.666436],[88.569674,23.664394],[88.570593,23.661723],[88.567812,23.659606],[88.566476,23.657442],[88.563384,23.658161],[88.560756,23.654389],[88.55808,23.649603],[88.563585,23.645423],[88.562247,23.637337],[88.571328,23.636387],[88.575298,23.638771],[88.584968,23.639365],[88.587414,23.639796],[88.590658,23.641449],[88.593524,23.64097],[88.59289,23.635408],[88.594172,23.631667],[88.592264,23.62757],[88.593254,23.61688],[88.588534,23.615757],[88.585436,23.616179],[88.584784,23.613522],[88.581256,23.609498],[88.579999,23.604678],[88.581126,23.602832],[88.583913,23.60405],[88.586134,23.602928],[88.588529,23.603658],[88.592808,23.603252],[88.596945,23.601886],[88.597374,23.605705],[88.600774,23.60749],[88.607342,23.604478],[88.605178,23.600266],[88.609239,23.600233],[88.611223,23.602179],[88.614069,23.603202],[88.617933,23.601789],[88.620249,23.602343],[88.62176,23.604776],[88.624556,23.606327],[88.627626,23.607073],[88.629376,23.608709],[88.633125,23.609203],[88.636725,23.606995],[88.638117,23.610297],[88.640309,23.610422],[88.643497,23.607357],[88.643333,23.603454],[88.641107,23.599427],[88.638031,23.597736],[88.639292,23.593868],[88.638871,23.590636],[88.643784,23.591638],[88.64553,23.587824],[88.649701,23.584935],[88.65063,23.583576],[88.648214,23.580197],[88.650308,23.576674],[88.650632,23.573541],[88.652192,23.569965],[88.652267,23.567986],[88.654821,23.562764],[88.653323,23.559752],[88.653756,23.556601],[88.659494,23.553162],[88.659677,23.549209],[88.666626,23.546547],[88.672178,23.548115],[88.674643,23.54801],[88.682923,23.541871],[88.685674,23.538367],[88.685865,23.532644],[88.684224,23.530389],[88.685582,23.529467],[88.688197,23.531684],[88.691619,23.530669],[88.69127,23.524773],[88.692418,23.523979],[88.695114,23.525812],[88.696396,23.524443],[88.695163,23.52094],[88.695532,23.517328],[88.699718,23.515375],[88.703186,23.516866],[88.705776,23.517012],[88.709602,23.513153],[88.712216,23.509468],[88.71618,23.508917],[88.718561,23.511677],[88.723425,23.512781],[88.730287,23.504366],[88.730956,23.498648],[88.731875,23.496408],[88.734536,23.493888],[88.739022,23.490754],[88.745094,23.481865],[88.747923,23.482741],[88.752433,23.480102],[88.755461,23.478887],[88.760766,23.478597],[88.761056,23.481674],[88.75722,23.485225],[88.757644,23.488732],[88.760109,23.490351],[88.761774,23.490156],[88.764696,23.486431],[88.767605,23.481866],[88.770945,23.480267],[88.774834,23.48058],[88.774849,23.482101],[88.772927,23.48537],[88.768828,23.488178],[88.768424,23.49096],[88.769538,23.492959],[88.770264,23.497603],[88.772057,23.498779],[88.777902,23.500329],[88.783285,23.502378],[88.783869,23.49819],[88.788189,23.498341],[88.790415,23.501944],[88.7943,23.502468],[88.800039,23.498758],[88.80057,23.49731],[88.798399,23.495837],[88.799895,23.49259],[88.796887,23.4883],[88.797012,23.485923],[88.799535,23.485274],[88.800172,23.482262],[88.798094,23.480967],[88.793492,23.479918],[88.791664,23.475551],[88.787468,23.469884],[88.788911,23.466886],[88.788301,23.465557],[88.790775,23.462965],[88.789632,23.459789],[88.790879,23.450878],[88.789192,23.448042],[88.792101,23.447145],[88.792904,23.445046],[88.789553,23.444441],[88.78535,23.444721],[88.782915,23.440584],[88.780705,23.43988],[88.780219,23.442683],[88.774822,23.444414],[88.773834,23.44413],[88.772051,23.447954],[88.770857,23.446852],[88.768243,23.448827],[88.765324,23.448495],[88.764249,23.445429],[88.76216,23.436991],[88.762746,23.431868],[88.760201,23.429969],[88.761508,23.426877],[88.760239,23.424372],[88.75668,23.423077],[88.756045,23.419139],[88.754611,23.415639],[88.755488,23.414319],[88.758385,23.413634],[88.760512,23.411376],[88.761447,23.408538],[88.757997,23.404995],[88.754505,23.403197],[88.751663,23.402865],[88.749984,23.40082],[88.750375,23.397082],[88.753774,23.395555],[88.754558,23.393959],[88.753077,23.39196],[88.753056,23.389442],[88.75656,23.388883],[88.759734,23.384946],[88.761781,23.384025],[88.760944,23.380954],[88.759024,23.379029],[88.760513,23.376011],[88.7594,23.374624],[88.762858,23.372776],[88.764435,23.370018],[88.76473,23.366642],[88.76103,23.362309],[88.758392,23.360351],[88.756351,23.360308],[88.752937,23.36241],[88.75014,23.363067],[88.747492,23.361775],[88.747002,23.356828],[88.743427,23.354982],[88.743657,23.353069],[88.745916,23.350606],[88.746042,23.349022],[88.743408,23.348829],[88.739566,23.350304],[88.734174,23.353117],[88.73163,23.351085],[88.732878,23.346782],[88.736994,23.346312],[88.738516,23.343576],[88.735859,23.339545],[88.734955,23.337144],[88.734017,23.331702],[88.732168,23.32872],[88.733355,23.327167],[88.740166,23.328193],[88.743082,23.328018],[88.745399,23.324832],[88.748813,23.322141],[88.748793,23.320527],[88.745713,23.315501],[88.745038,23.31251],[88.745253,23.308936],[88.744386,23.306791],[88.740475,23.304919],[88.736479,23.305546],[88.733611,23.306772],[88.730562,23.309386],[88.728478,23.313664],[88.73128,23.318771],[88.729527,23.319873],[88.725263,23.318343],[88.72634,23.311511],[88.726078,23.306476],[88.726757,23.301884],[88.724525,23.298874],[88.718364,23.297576],[88.717897,23.29994],[88.718871,23.303924],[88.713569,23.305956],[88.71105,23.305434],[88.708191,23.303722],[88.706053,23.304564],[88.706305,23.306799],[88.709167,23.309663],[88.711185,23.30998],[88.712496,23.312224],[88.708521,23.312862],[88.706732,23.310725],[88.696554,23.302478],[88.697207,23.293183],[88.698465,23.291706],[88.702789,23.292789],[88.707314,23.291321],[88.71029,23.288453],[88.711771,23.285024],[88.711286,23.27847],[88.714031,23.275453],[88.718143,23.273796],[88.722951,23.273632],[88.723995,23.271475],[88.72117,23.264593],[88.7203,23.259544],[88.718094,23.255531],[88.71867,23.254473],[88.725186,23.253322],[88.730838,23.249708],[88.736061,23.247492],[88.738969,23.246956],[88.747657,23.243956],[88.752014,23.240611],[88.758613,23.242102],[88.75989,23.245478],[88.76715,23.246145],[88.769414,23.245201],[88.771566,23.24214],[88.773476,23.241963],[88.775709,23.238973],[88.7765,23.236733],[88.775886,23.232167],[88.773884,23.231318],[88.774375,23.225133],[88.777546,23.224003],[88.778624,23.22161],[88.782083,23.221603],[88.783846,23.223116],[88.787779,23.222376],[88.790133,23.218797],[88.792442,23.220176],[88.798038,23.21928],[88.803878,23.219076],[88.807852,23.219818],[88.811324,23.221558],[88.808685,23.224848],[88.808933,23.228941],[88.80663,23.23206],[88.806892,23.235695],[88.806028,23.238613],[88.80782,23.243451],[88.810318,23.248004],[88.809279,23.251153],[88.809725,23.254889],[88.81211,23.256632],[88.813543,23.252497],[88.815869,23.250936],[88.821857,23.248536],[88.828001,23.245387],[88.827703,23.243581],[88.824022,23.239541],[88.822896,23.237213],[88.823124,23.234603],[88.825784,23.23343],[88.831278,23.237294],[88.836208,23.243398],[88.837273,23.24369],[88.840152,23.237227],[88.8421,23.235039],[88.844638,23.233566],[88.844927,23.231186],[88.849491,23.230801],[88.851604,23.231914],[88.851382,23.233638],[88.855714,23.236462],[88.86178,23.233817],[88.874807,23.234065],[88.877148,23.232361],[88.885735,23.228723],[88.886797,23.231684],[88.89011,23.231017],[88.892074,23.232278],[88.90244,23.233743],[88.906127,23.236429],[88.911525,23.234027],[88.911846,23.232074],[88.914668,23.228474],[88.914857,23.223795],[88.916238,23.222591],[88.915126,23.217655],[88.91369,23.215199],[88.915925,23.212505],[88.917608,23.212776],[88.921121,23.21626],[88.923018,23.216072],[88.92518,23.217401],[88.929377,23.216025],[88.929261,23.212506],[88.933986,23.20967],[88.941303,23.206416],[88.946406,23.206825],[88.951565,23.211062],[88.955269,23.211396],[88.961166,23.214474],[88.96343,23.214862],[88.963801,23.217107],[88.965737,23.218917],[88.97162,23.222571],[88.97741,23.214895],[88.978124,23.215737],[88.974618,23.220199],[88.973758,23.223657],[88.975948,23.224344],[88.98037,23.222517],[88.979072,23.217155],[88.980403,23.216319],[88.981753,23.22106],[88.984566,23.221196],[88.985249,23.218658],[88.988545,23.216563],[88.99295,23.215576],[88.995093,23.213537],[88.99206,23.212493],[88.989828,23.213112],[88.987557,23.215136],[88.984148,23.215709],[88.981195,23.214262],[88.979605,23.211704],[88.980658,23.209329],[88.985358,23.208391],[88.987355,23.203947],[88.984798,23.202566],[88.982061,23.195176],[88.979837,23.193719],[88.980812,23.192158],[88.977883,23.188172],[88.978961,23.187187],[88.978425,23.184124],[88.975558,23.182701],[88.97588,23.187404],[88.974942,23.191738],[88.971849,23.192775],[88.966232,23.193653],[88.963435,23.192851],[88.957831,23.189106],[88.957131,23.183391],[88.95503,23.182072],[88.950493,23.182274],[88.949891,23.181272],[88.945956,23.180582],[88.943957,23.176883],[88.939346,23.176913],[88.937685,23.172883],[88.935209,23.172299],[88.932882,23.167553],[88.93388,23.164383],[88.933383,23.161931],[88.928193,23.163488],[88.932173,23.154684],[88.931881,23.149301],[88.930507,23.147043],[88.930627,23.143478],[88.928248,23.143595],[88.923024,23.144912],[88.920255,23.141752],[88.918757,23.137594],[88.91997,23.135333],[88.918706,23.133213],[88.917848,23.129691],[88.910329,23.129861],[88.910304,23.12779],[88.905924,23.124865],[88.905781,23.121807],[88.901819,23.117353],[88.900112,23.112665],[88.895107,23.110968],[88.892942,23.108363],[88.890022,23.108155],[88.883317,23.110901],[88.882171,23.110057],[88.882901,23.106115],[88.88176,23.104294],[88.879599,23.105241],[88.87851,23.103271],[88.876743,23.104541],[88.87515,23.102689],[88.872487,23.102085],[88.869308,23.100096],[88.869727,23.097572],[88.872115,23.09739],[88.873577,23.09596],[88.874599,23.090207],[88.872819,23.088883],[88.870563,23.088776],[88.870129,23.086249],[88.8662,23.08604],[88.86595,23.080558],[88.864049,23.079126],[88.865202,23.077678],[88.863152,23.076257],[88.867505,23.073781],[88.866959,23.072285],[88.868897,23.068151],[88.873604,23.065938],[88.874213,23.061796],[88.875198,23.061288],[88.874405,23.05734],[88.875322,23.054974],[88.874466,23.047428],[88.875272,23.044902],[88.878109,23.042522],[88.881125,23.041049],[88.883849,23.04091],[88.884175,23.038436],[88.882495,23.036173],[88.880526,23.031744],[88.881462,23.030472],[88.880556,23.026686],[88.877888,23.025594],[88.87736,23.023041],[88.874304,23.020694],[88.872873,23.018021],[88.874163,23.01146],[88.880695,23.009715],[88.880505,23.006277],[88.87828,23.00375],[88.87624,23.003501],[88.868487,23.006725],[88.858822,23.007111],[88.852554,23.008617],[88.847103,23.011479],[88.846052,23.009428],[88.849569,23.004983],[88.85296,23.002765],[88.858886,23.002709],[88.862186,23.001594],[88.865425,22.998848],[88.864351,22.993725],[88.864378,22.989292],[88.866107,22.983346],[88.867959,22.980825],[88.871069,22.97802],[88.868465,22.975371],[88.860304,22.971741],[88.857933,22.969858],[88.856325,22.965107],[88.855456,22.959047],[88.856575,22.952552],[88.85845,22.947313],[88.859439,22.942924],[88.860997,22.94265],[88.863527,22.946263],[88.866465,22.949489],[88.869713,22.951099],[88.873813,22.947958],[88.875718,22.948328],[88.8787,22.953155],[88.880963,22.953595],[88.885436,22.952755],[88.892256,22.952134],[88.894495,22.951174],[88.893183,22.94667],[88.892869,22.938696],[88.891607,22.936307],[88.887143,22.933774],[88.889332,22.928729],[88.892743,22.925831],[88.89811,22.924581],[88.906341,22.921163],[88.908414,22.918258],[88.907415,22.916096],[88.903649,22.913803],[88.897479,22.913646],[88.895341,22.911851],[88.90011,22.906955],[88.900872,22.904054],[88.900156,22.900612],[88.898351,22.897827],[88.902827,22.894823],[88.907458,22.892843],[88.905404,22.889941],[88.905241,22.8883],[88.90771,22.88711],[88.908933,22.884385],[88.909531,22.879186],[88.911835,22.878062],[88.914519,22.879422],[88.916192,22.878726],[88.918132,22.87638],[88.919971,22.878555],[88.923373,22.879238],[88.924595,22.874899],[88.926839,22.874095],[88.928523,22.871959],[88.933196,22.873749],[88.939264,22.873984],[88.942062,22.87909],[88.945039,22.879873],[88.946256,22.878023],[88.949248,22.876008],[88.950109,22.872708],[88.953028,22.867201],[88.953603,22.863567],[88.956663,22.861715],[88.958218,22.858747],[88.957509,22.855744],[88.959868,22.854434],[88.961858,22.852042],[88.967271,22.843918],[88.967425,22.842553],[88.96524,22.833953],[88.962993,22.827918],[88.96255,22.819904],[88.960527,22.815627],[88.957877,22.812965],[88.955563,22.81179],[88.9553,22.807935],[88.959495,22.807812],[88.95837,22.803654],[88.958562,22.797283],[88.957487,22.796223],[88.952611,22.797363],[88.94942,22.797367],[88.94497,22.7929],[88.944479,22.791768],[88.941359,22.790533],[88.93943,22.791579],[88.935975,22.790332],[88.935176,22.786736],[88.935215,22.781816],[88.929531,22.7832],[88.929162,22.780436],[88.924396,22.779921],[88.9256,22.769849],[88.919113,22.770774],[88.916917,22.769244],[88.912939,22.762373],[88.913204,22.760195],[88.910782,22.758137],[88.913645,22.754094],[88.916924,22.755072],[88.920738,22.752783],[88.919902,22.749385],[88.918044,22.748253],[88.916721,22.745949],[88.915427,22.739306],[88.915803,22.736188],[88.917308,22.732542],[88.918785,22.730852],[88.925466,22.727754],[88.928215,22.718148],[88.941454,22.710233],[88.948582,22.705649],[88.950747,22.706803],[88.954666,22.704431],[88.957281,22.701284],[88.957753,22.699248],[88.959587,22.697903],[88.961221,22.695307],[88.961256,22.689032],[88.960677,22.685291],[88.954211,22.685791],[88.947681,22.677682],[88.947673,22.672779],[88.944884,22.662405],[88.942188,22.65956],[88.937285,22.659383],[88.933585,22.657145],[88.935362,22.654088],[88.932182,22.65194],[88.930198,22.653053],[88.927542,22.648723],[88.928241,22.643131],[88.933988,22.628338],[88.936247,22.625027],[88.939197,22.622074],[88.944905,22.619456],[88.957098,22.617097],[88.959257,22.613223],[88.959196,22.611048],[88.954782,22.605933],[88.949502,22.601082],[88.943887,22.597279],[88.941181,22.594099],[88.939427,22.591001],[88.938738,22.588354],[88.939425,22.582889],[88.943804,22.571939],[88.944487,22.568669],[88.940118,22.567213],[88.931642,22.568108],[88.927638,22.569802],[88.922368,22.570308],[88.919518,22.569086],[88.919253,22.566557],[88.922493,22.563435],[88.926625,22.561406],[88.929,22.561062],[88.934196,22.559244],[88.966111,22.563492],[88.987482,22.522512],[88.99309,22.525038],[88.997105,22.525993],[89.040409,22.553446],[89.041224,22.554865],[89.045828,22.559764],[89.05168,22.563168],[89.060739,22.566127],[89.064927,22.564112],[89.065413,22.561841],[89.070039,22.560002],[89.071525,22.558378],[89.074119,22.560026],[89.072622,22.565722],[89.072697,22.568771],[89.079837,22.569033],[89.078261,22.571452],[89.073036,22.576833],[89.070122,22.578295],[89.067096,22.582144],[89.065379,22.58602],[89.062151,22.586686],[89.057786,22.590206],[89.051714,22.589075],[89.050528,22.588255],[89.046897,22.591045],[89.043385,22.595992],[89.046485,22.59793],[89.0507,22.598553],[89.051479,22.600263],[89.053899,22.602016],[89.054128,22.605924],[89.053026,22.606945],[89.054965,22.609757],[89.06034,22.60945],[89.062638,22.607704],[89.072321,22.602283],[89.074229,22.600739],[89.079177,22.598525],[89.086225,22.596564],[89.087225,22.594569],[89.089593,22.59374],[89.096642,22.594147],[89.097186,22.597577],[89.098929,22.600355],[89.103666,22.599693],[89.104579,22.600254],[89.11258,22.596489],[89.117221,22.5919],[89.122135,22.588486],[89.123673,22.590472],[89.128007,22.589683],[89.130552,22.587167],[89.13232,22.587163],[89.135546,22.597492],[89.137975,22.601692],[89.219084,22.62391],[89.220308,22.625984],[89.228014,22.629607],[89.229835,22.631743],[89.232159,22.631612],[89.231946,22.635108],[89.234366,22.641123],[89.237574,22.641383],[89.241947,22.643836],[89.245465,22.64076],[89.243557,22.6382],[89.243573,22.635006],[89.247231,22.631708],[89.258181,22.624456],[89.259881,22.622413],[89.260872,22.619466],[89.258806,22.617883],[89.248602,22.617831],[89.245751,22.617153],[89.244012,22.61444],[89.243258,22.609732],[89.244962,22.606906],[89.247628,22.606496],[89.254318,22.606647],[89.257634,22.606059],[89.261218,22.603906],[89.264747,22.599821],[89.282045,22.622072],[89.286527,22.621003],[89.289166,22.623029],[89.33913,22.615293],[89.363141,22.618478],[89.404197,22.646335],[89.408307,22.642118],[89.414657,22.640892],[89.425754,22.643486],[89.431567,22.646336],[89.438753,22.644914],[89.44228,22.643671],[89.447914,22.640547],[89.450835,22.638291],[89.455041,22.636546],[89.456726,22.638628],[89.456843,22.643341],[89.457446,22.644915],[89.459747,22.64549],[89.470111,22.645084],[89.473978,22.643525],[89.478229,22.647751],[89.481541,22.649586],[89.486834,22.647087],[89.491377,22.64572],[89.495448,22.643657],[89.500073,22.638452],[89.503127,22.636576],[89.512964,22.632017],[89.519958,22.626758],[89.522132,22.624689],[89.52371,22.61891],[89.524541,22.613379],[89.526857,22.610551],[89.53124,22.608154],[89.530966,22.610975],[89.531818,22.615549],[89.534786,22.62231],[89.538292,22.627413],[89.542441,22.631777],[89.554921,22.63891],[89.553877,22.643085],[89.54949,22.651052],[89.547558,22.657002],[89.548396,22.665064],[89.553699,22.668069],[89.55633,22.670368],[89.557915,22.673996],[89.557696,22.678011],[89.560597,22.67951],[89.568851,22.67205],[89.570092,22.67039],[89.577497,22.666896],[89.574782,22.661442],[89.576952,22.658503],[89.576967,22.656884],[89.579239,22.652761],[89.580931,22.648153],[89.584211,22.646803],[89.593923,22.647487],[89.599591,22.645618],[89.606694,22.647724],[89.612507,22.651503],[89.615752,22.651841],[89.618633,22.655362],[89.620875,22.664012],[89.620444,22.670037],[89.622064,22.674404],[89.624885,22.678286],[89.630659,22.67542],[89.634751,22.675287],[89.645133,22.678294],[89.646676,22.67928],[89.655595,22.681917],[89.658678,22.68174],[89.659981,22.679846],[89.657585,22.67594],[89.657205,22.673383],[89.658086,22.670111],[89.660903,22.66611],[89.662117,22.661706],[89.662645,22.653551],[89.660717,22.649236],[89.660531,22.646405],[89.662944,22.646114],[89.664407,22.64973],[89.666354,22.651679],[89.671952,22.652539],[89.678673,22.65422],[89.683381,22.653795],[89.68524,22.652835],[89.686466,22.648345],[89.688236,22.647256],[89.691625,22.642827],[89.696396,22.640672],[89.708533,22.636598],[89.711742,22.637222],[89.713719,22.638762],[89.71457,22.641171],[89.720034,22.637996],[89.727614,22.636323],[89.766227,22.664532],[89.783161,22.666034],[89.787957,22.666682],[89.834739,22.647923],[89.836824,22.650518],[89.84993,22.648611],[89.853031,22.648953],[89.85414,22.650227],[89.851109,22.657377],[89.851831,22.660515],[89.855155,22.664718],[89.860586,22.668633],[89.86109,22.670968],[89.857328,22.675733],[89.8582,22.677915],[89.858004,22.680736],[89.861882,22.683189],[89.888907,22.670392],[89.893396,22.676154],[89.896025,22.676736],[89.89841,22.673797],[89.903308,22.665674],[89.904591,22.660517],[89.904861,22.657477],[89.907829,22.65637],[89.915356,22.661943],[89.920637,22.66744],[89.928075,22.672128],[89.933052,22.674143],[89.937102,22.678519],[89.936648,22.680289],[89.932644,22.683732],[89.934901,22.68873],[89.938153,22.686957],[89.939581,22.685061],[89.948804,22.682849],[89.95143,22.68298],[89.952172,22.684625],[89.951858,22.691528],[89.954242,22.693288],[89.956929,22.693442],[89.962384,22.692173],[89.964857,22.692996],[89.96736,22.691663],[89.967264,22.688835],[89.969212,22.686126],[89.974061,22.681619],[89.972377,22.678312],[89.970966,22.677047],[89.966703,22.677536],[89.966606,22.675504],[89.964542,22.67429],[89.96981,22.672337],[89.97089,22.670897],[89.972934,22.672524],[89.976828,22.67406],[89.979554,22.673247],[89.984536,22.672959],[89.985017,22.669551],[89.987244,22.669544],[89.987341,22.672164],[89.989191,22.673881],[89.990129,22.677185],[89.99249,22.678598],[89.997429,22.676095],[90.000039,22.675346],[90.001631,22.678201],[90.001876,22.680355],[90.00845,22.679539],[90.013837,22.677273],[90.017981,22.673786],[90.019342,22.671679],[90.021333,22.666787],[90.02378,22.663134],[90.026667,22.664484],[90.031359,22.664635],[90.036592,22.662607],[90.041588,22.661258],[90.045142,22.660855],[90.049492,22.657733],[90.050825,22.658551],[90.050499,22.661254],[90.051619,22.663948],[90.054957,22.664263],[90.057832,22.669637],[90.062847,22.669455],[90.091524,22.706181],[90.096288,22.706776],[90.141631,22.685798],[90.143419,22.685728],[90.14383,22.68827],[90.147084,22.689789],[90.148515,22.691724],[90.150387,22.701924],[90.154537,22.703708],[90.156005,22.709778],[90.158162,22.710233],[90.156874,22.713051],[90.157089,22.718305],[90.160887,22.718735],[90.162351,22.721335],[90.163871,22.722093],[90.163935,22.726375],[90.167458,22.727249],[90.171372,22.726541],[90.171882,22.730154],[90.177455,22.731466],[90.18107,22.737901],[90.186271,22.7386],[90.187968,22.740224],[90.225052,22.752009],[90.226753,22.752439],[90.232152,22.751035],[90.234841,22.751989],[90.23606,22.753936],[90.238466,22.753992],[90.243146,22.75664],[90.246202,22.754228],[90.248707,22.75376],[90.254222,22.754547],[90.25651,22.754191],[90.259347,22.750636],[90.261434,22.746911],[90.266178,22.742214],[90.26539,22.737383],[90.266312,22.73608],[90.270447,22.734309],[90.271521,22.73653],[90.27418,22.736979],[90.278439,22.739989],[90.279883,22.741649],[90.282298,22.741319],[90.283781,22.742401],[90.282812,22.744788],[90.286014,22.744778],[90.286399,22.746407],[90.29002,22.745425],[90.289637,22.748244],[90.292599,22.748961],[90.29427,22.746863],[90.296873,22.7461],[90.299539,22.751406],[90.301256,22.75242],[90.301924,22.755195],[90.306516,22.755595],[90.306935,22.761564],[90.307872,22.763218],[90.312883,22.763361],[90.312897,22.766304],[90.314748,22.765894],[90.314918,22.763339],[90.322139,22.763547],[90.323115,22.767002],[90.32487,22.767432],[90.324554,22.772085],[90.329067,22.76983],[90.337526,22.767099],[90.340532,22.766758],[90.345274,22.768064],[90.350172,22.768322],[90.355232,22.76591],[90.359731,22.761851],[90.363608,22.759195],[90.367196,22.754713],[90.371152,22.753098],[90.391942,22.748986],[90.398801,22.751302],[90.375082,22.762832],[90.3769,22.766698],[90.37815,22.771265],[90.378035,22.774127],[90.374972,22.781123],[90.374116,22.784758],[90.372473,22.787362],[90.368114,22.789543],[90.362373,22.801195],[90.357856,22.806953],[90.359399,22.807184],[90.357477,22.810622],[90.359851,22.811481],[90.359545,22.81383],[90.350215,22.82664],[90.350525,22.828284],[90.349543,22.831537],[90.347144,22.836248],[90.351779,22.838805],[90.354284,22.838846],[90.35556,22.836625],[90.357873,22.836301],[90.36052,22.845778],[90.355497,22.852551],[90.351725,22.859698],[90.348292,22.869261],[90.347156,22.877276],[90.347002,22.884722],[90.352061,22.889223],[90.355623,22.894418],[90.358546,22.900978],[90.360372,22.908533],[90.360208,22.91354],[90.359226,22.920385],[90.352287,22.916575],[90.349315,22.913655],[90.347135,22.910509],[90.345595,22.910385],[90.342687,22.914862],[90.338341,22.924013],[90.336554,22.926835],[90.331316,22.929922],[90.328889,22.932271],[90.326158,22.932313],[90.318388,22.929149],[90.315455,22.925451],[90.310723,22.920818],[90.303769,22.951133],[90.301477,22.95182],[90.294769,22.957009],[90.289442,22.963247],[90.291256,22.964436],[90.289262,22.96637],[90.288203,22.974929],[90.281181,22.976413],[90.275003,22.976304],[90.271051,22.974805],[90.266177,22.972072],[90.260907,22.968295],[90.256954,22.966114],[90.255543,22.968449],[90.258225,22.974181],[90.25819,22.976045],[90.256102,22.977734],[90.250627,22.978597],[90.247761,22.97802],[90.244125,22.976188],[90.239287,22.968147],[90.2354,22.966346],[90.232498,22.974484],[90.231716,22.978769],[90.229235,22.985498],[90.228813,22.992554],[90.231248,23.002991],[90.23274,23.006373],[90.232868,23.011996],[90.23202,23.019682],[90.231912,23.028918],[90.232412,23.031843],[90.235143,23.037386],[90.237843,23.045865],[90.235291,23.050358],[90.231877,23.052038],[90.226803,23.055519],[90.22425,23.059269],[90.224513,23.062216],[90.221699,23.065948],[90.220371,23.068976],[90.214366,23.074419],[90.211294,23.072035],[90.206391,23.072098],[90.206714,23.076302],[90.20419,23.076469],[90.203764,23.080731],[90.205423,23.081962],[90.202857,23.083928],[90.20204,23.087381],[90.198398,23.088079],[90.197589,23.089737],[90.206174,23.092577],[90.209639,23.090728],[90.21098,23.097101],[90.21239,23.099948],[90.216156,23.101008],[90.220097,23.10278],[90.221927,23.104892],[90.226418,23.107396],[90.223073,23.108085],[90.221971,23.11057],[90.218607,23.114437],[90.215962,23.11409],[90.214864,23.117881],[90.21626,23.118868],[90.217077,23.122749],[90.212865,23.122285],[90.21089,23.122826],[90.206674,23.12181],[90.201884,23.125014],[90.201047,23.129128],[90.1968,23.127304],[90.191949,23.12817],[90.192881,23.129675],[90.192627,23.13478],[90.190102,23.137364],[90.189911,23.140957],[90.186854,23.14258],[90.184961,23.139976],[90.183561,23.136457],[90.179293,23.136625],[90.173885,23.13792],[90.169873,23.137843],[90.169154,23.142993],[90.165432,23.144673],[90.159167,23.190699],[90.120708,23.228031],[90.119901,23.23017],[90.11212,23.228308],[90.109436,23.233491],[90.107199,23.235517],[90.111117,23.238248],[90.112217,23.240011],[90.11274,23.243163],[90.110719,23.247121],[90.10621,23.250491],[90.103088,23.251507],[90.101583,23.251136],[90.100309,23.24793],[90.095625,23.249055],[90.095473,23.252702],[90.098484,23.253999],[90.098796,23.256189],[90.092393,23.260653],[90.089965,23.263649],[90.0891,23.266481],[90.094942,23.266318],[90.098819,23.267171],[90.100498,23.268934],[90.100442,23.271551],[90.096556,23.275655],[90.093634,23.279534],[90.087589,23.27977],[90.087402,23.281236],[90.090075,23.289658],[90.088586,23.293588],[90.086152,23.296448],[90.079078,23.30229],[90.080607,23.308027],[90.087882,23.308396],[90.09376,23.312758],[90.093185,23.32215],[90.092426,23.32762],[90.095987,23.328155],[90.096462,23.332649],[90.100822,23.332581],[90.102023,23.33513],[90.100463,23.33778],[90.09952,23.34117],[90.09985,23.343954],[90.093964,23.3452],[90.093131,23.348755],[90.087718,23.350269],[90.086522,23.355134],[90.089032,23.357984],[90.091362,23.364961],[90.090492,23.368182],[90.088784,23.368955],[90.092643,23.378447],[90.086171,23.381009],[90.081768,23.381327],[90.076093,23.382459],[90.069879,23.383095],[90.070396,23.384978],[90.063579,23.386511],[90.060079,23.385421],[90.058286,23.389287],[90.055941,23.391808],[90.023805,23.444449],[90.018451,23.44599],[90.017828,23.447198],[90.012982,23.449141],[90.010437,23.450767],[90.006618,23.45429],[90.003936,23.458427],[90.005796,23.46073],[90.005047,23.463158],[90.006173,23.468121],[90.005584,23.469382],[89.99795,23.468517],[89.992908,23.47199],[89.992553,23.474058],[89.990478,23.475546],[89.986846,23.47571],[89.984016,23.476579],[89.984246,23.474229],[89.981367,23.474633],[89.975137,23.47014],[89.964589,23.469752],[89.962847,23.465798],[89.958279,23.465914],[89.955236,23.467031],[89.953352,23.465845],[89.947867,23.468824],[89.947404,23.467842],[89.943179,23.464785],[89.941758,23.465823],[89.937891,23.464466],[89.935233,23.462709],[89.932732,23.465252],[89.926146,23.474246],[89.924053,23.478256],[89.924542,23.478964],[89.92151,23.486188],[89.92043,23.491427],[89.918046,23.492143],[89.917064,23.495756],[89.918778,23.497161],[89.918481,23.502125],[89.922103,23.50434],[89.924746,23.507367],[89.925232,23.514684],[89.925326,23.521684],[89.924149,23.524574],[89.924636,23.529],[89.928012,23.536545],[89.930765,23.540038],[89.928753,23.545445],[89.925251,23.551943],[89.923765,23.55556],[89.920677,23.557624],[89.91828,23.557772],[89.916755,23.559078],[89.922826,23.559547],[89.921018,23.563351],[89.917712,23.568771],[89.914253,23.569722],[89.915748,23.571911],[89.914251,23.572766],[89.914456,23.575763],[89.913009,23.57933],[89.909963,23.580042],[89.906605,23.584748],[89.907324,23.589412],[89.904638,23.591883],[89.901954,23.592215],[89.901073,23.596496],[89.899161,23.599539],[89.893635,23.602722],[89.893324,23.604433],[89.895953,23.609288],[89.896463,23.616709],[89.897493,23.620372],[89.855695,23.644417],[89.846919,23.655245],[89.848044,23.700465],[89.848567,23.702249],[89.847157,23.703867],[89.847537,23.706905],[89.844562,23.712043],[89.846944,23.713157],[89.849746,23.71337],[89.843348,23.720203],[89.838717,23.725774],[89.836145,23.729724],[89.838602,23.732007],[89.837159,23.739481],[89.836742,23.745194],[89.834173,23.751891],[89.828195,23.755958],[89.820848,23.759843],[89.818498,23.761796],[89.815684,23.765299],[89.810904,23.773818],[89.808324,23.777136],[89.803238,23.781585],[89.80162,23.782448],[89.724865,23.766734],[89.727689,23.774522],[89.722828,23.774855],[89.718086,23.775754],[89.710089,23.78138],[89.708239,23.785143],[89.710152,23.785366],[89.711403,23.783649],[89.714757,23.78511],[89.716084,23.788292],[89.710471,23.791025],[89.709577,23.793252],[89.710708,23.795571],[89.709272,23.797113],[89.704599,23.8002],[89.703509,23.802311],[89.700592,23.803487],[89.696739,23.803798],[89.696611,23.804949],[89.692365,23.804532],[89.68851,23.80566],[89.681142,23.809463],[89.680677,23.8115],[89.673787,23.809813],[89.665224,23.809256],[89.658096,23.811487],[89.659346,23.813865],[89.649166,23.816924],[89.644217,23.813912],[89.642646,23.810762],[89.637603,23.809407],[89.633643,23.809219],[89.620968,23.811069],[89.616017,23.811565],[89.60488,23.811001],[89.600177,23.811404],[89.591016,23.813257],[89.586606,23.812783],[89.578426,23.80637],[89.576773,23.80632],[89.565089,23.808509],[89.564663,23.8118],[89.55795,23.813391],[89.551088,23.816016],[89.548806,23.861331],[89.544062,23.862392],[89.534818,23.865091],[89.530197,23.866441],[89.523264,23.868465],[89.493255,23.831923],[89.483013,23.836339],[89.473252,23.841087],[89.46555,23.845093],[89.461153,23.848164],[89.451669,23.855874],[89.446334,23.860572],[89.435668,23.86868],[89.427953,23.873583],[89.414257,23.881209],[89.40921,23.883461],[89.407525,23.884828],[89.402319,23.891367],[89.395983,23.899961],[89.393295,23.903143],[89.390436,23.905213],[89.387535,23.906021],[89.378419,23.907682],[89.367569,23.908714],[89.367417,23.899086],[89.36705,23.897067],[89.36863,23.893095],[89.366609,23.889672],[89.363338,23.889576],[89.360483,23.890642],[89.358943,23.889907],[89.358484,23.886731],[89.355471,23.887471],[89.354732,23.886132],[89.350141,23.886122],[89.349448,23.888022],[89.349729,23.891289],[89.345738,23.893494],[89.302548,23.89041],[89.293474,23.892604],[89.286778,23.896475],[89.279956,23.899085],[89.271527,23.899297],[89.26393,23.898451],[89.262173,23.898944],[89.256686,23.903814],[89.253459,23.906187],[89.251072,23.913816],[89.251871,23.915701],[89.250684,23.91936],[89.248154,23.91995],[89.244568,23.926765],[89.245036,23.929849],[89.244009,23.93516],[89.24258,23.938546],[89.238932,23.939154],[89.235858,23.941415],[89.235555,23.943289],[89.232485,23.944712],[89.231473,23.949677],[89.231337,23.955913],[89.231786,23.963145],[89.232639,23.968661],[89.233658,23.971763],[89.233407,23.973833],[89.230292,23.97466],[89.227871,23.976456],[89.224614,23.977282],[89.221304,23.97622],[89.214756,23.973169],[89.21211,23.974645],[89.213472,23.987141],[89.213265,23.989625],[89.204937,23.988919],[89.200145,23.987534],[89.195325,23.986998],[89.193422,23.987484],[89.188161,23.987484],[89.185143,23.986935],[89.175886,23.987186],[89.174777,23.984787],[89.174217,23.980016],[89.173446,23.978336],[89.175587,23.974577],[89.173463,23.97231],[89.172947,23.969315],[89.17465,23.96899],[89.175112,23.964227],[89.173043,23.961021],[89.171899,23.961238],[89.16937,23.957808],[89.16945,23.956693],[89.165677,23.953902],[89.158007,23.952655],[89.156343,23.954321],[89.151833,23.953023],[89.149365,23.953199],[89.14846,23.959068],[89.148944,23.959786],[89.145122,23.964075],[89.136496,23.963175],[89.12725,23.963093],[89.115116,23.963653],[89.108452,23.962843],[89.097123,23.963411],[89.09435,23.963947],[89.094084,23.965417],[89.094643,23.972835],[89.087977,23.974989],[89.081622,23.975261],[89.074776,23.977221],[89.07073,23.979025],[89.064977,23.984504],[89.061514,23.989492],[89.059915,23.994992],[89.054807,24.003153],[89.054011,24.005308],[89.047887,24.01687],[89.041126,24.033933],[89.040068,24.039517],[89.036496,24.051976],[89.033731,24.059158],[89.032316,24.05913],[88.972315,24.006409],[88.967224,24.007893],[88.966977,24.009436],[88.963591,24.009356],[88.962874,24.011549],[88.953544,24.011312],[88.952752,24.015799],[88.944278,24.015062],[88.940868,24.015441],[88.940732,24.018709],[88.936294,24.020674],[88.927122,24.023629],[88.922231,24.022957],[88.918564,24.027348],[88.921007,24.033629],[88.923997,24.033688],[88.923148,24.040455],[88.921926,24.042835],[88.916477,24.043789],[88.915487,24.0468],[88.911895,24.046981],[88.909145,24.050424],[88.911596,24.050877],[88.912044,24.054689],[88.914265,24.056789],[88.914763,24.060211],[88.918363,24.065709],[88.880481,24.106268],[88.880486,24.111715],[88.881179,24.116954],[88.880896,24.120934],[88.877657,24.120572],[88.86654,24.116873],[88.862021,24.117104],[88.858875,24.11417],[88.85808,24.117163],[88.856007,24.11916],[88.857169,24.121007],[88.848026,24.128992],[88.844681,24.131314],[88.843054,24.13067],[88.836878,24.126379],[88.826616,24.125623],[88.821188,24.125581],[88.815264,24.126755],[88.806174,24.12975],[88.801894,24.131477],[88.799233,24.133375],[88.798267,24.135838],[88.79517,24.140327],[88.790087,24.142774],[88.78773,24.144772],[88.781956,24.148295],[88.774946,24.153705],[88.778486,24.156711],[88.782332,24.160779],[88.779132,24.165282],[88.77364,24.170295],[88.770783,24.169608],[88.741689,24.160227]]]},"properties":{"sector":8,"areaKm2":18908,"islands":[]}},{"type":"Feature","geometry":{"type":"Polygon","coordinates":[[[88.934196,22.559244],[88.937613,22.557703],[88.946746,22.556352],[88.952173,22.553684],[88.959324,22.552425],[88.962507,22.548943],[88.968369,22.536601],[88.970304,22.531034],[88.973322,22.513233],[88.973129,22.507677],[88.973995,22.500715],[88.975248,22.496781],[88.981709,22.483254],[88.988156,22.476687],[88.992312,22.474394],[88.994877,22.471932],[88.996275,22.467761],[88.994176,22.456014],[88.99319,22.453752],[88.989116,22.447667],[88.988752,22.446197],[88.989651,22.442563],[88.992669,22.439205],[88.999171,22.433054],[89.000135,22.430874],[88.99891,22.429012],[88.994767,22.427694],[88.989793,22.425453],[88.987125,22.423561],[88.981029,22.416403],[88.973956,22.413167],[88.971126,22.410306],[88.97172,22.407688],[88.976473,22.402698],[88.986986,22.39542],[88.990871,22.391879],[88.991712,22.389845],[88.989779,22.385379],[88.983607,22.378521],[88.982517,22.374069],[88.984361,22.370743],[88.988536,22.366583],[88.989001,22.362019],[88.987001,22.359213],[88.986477,22.356669],[88.988701,22.351735],[88.988988,22.348334],[88.986226,22.337606],[88.985684,22.334531],[88.985194,22.32638],[88.987041,22.323887],[88.991585,22.322696],[88.999085,22.324691],[89.000574,22.323709],[89.01066,22.314613],[89.014568,22.308397],[89.01777,22.304587],[89.021608,22.301516],[89.024029,22.298559],[89.024379,22.295736],[89.022193,22.294458],[89.019722,22.29438],[89.015274,22.295755],[89.009964,22.297956],[89.003977,22.298094],[88.997982,22.296322],[88.995635,22.293435],[88.994785,22.288116],[88.995673,22.285107],[88.99694,22.283938],[89.010631,22.274632],[89.017605,22.271244],[89.020114,22.268755],[89.020212,22.26654],[89.018441,22.264038],[89.012401,22.257834],[89.011954,22.256185],[89.013342,22.254466],[89.01624,22.253616],[89.019672,22.25447],[89.027588,22.259423],[89.031299,22.260511],[89.033988,22.258738],[89.035882,22.250649],[89.036492,22.237261],[89.039621,22.230113],[89.042025,22.22604],[89.045585,22.221614],[89.049304,22.218447],[89.059284,22.208869],[89.064224,22.204383],[89.070617,22.197319],[89.071841,22.193433],[89.071928,22.190382],[89.070425,22.185802],[89.065259,22.17793],[89.062889,22.176093],[89.061496,22.171372],[89.062681,22.166727],[89.065078,22.164123],[89.066222,22.160491],[89.071124,22.148642],[89.073734,22.146496],[89.075753,22.146148],[89.078301,22.147168],[89.0845,22.156162],[89.087034,22.158572],[89.090452,22.160357],[89.093396,22.159877],[89.0958,22.158296],[89.097491,22.155419],[89.097729,22.152715],[89.095813,22.147514],[89.093426,22.145021],[89.088504,22.141602],[89.080855,22.137844],[89.075149,22.133462],[89.071173,22.12946],[89.064707,22.123922],[89.05871,22.121554],[89.054794,22.120416],[89.047414,22.112938],[89.042655,22.106375],[89.040632,22.101257],[89.039207,22.095248],[89.040255,22.090374],[89.040771,22.085261],[89.045902,22.066278],[89.047,22.061528],[89.05017,22.053879],[89.054191,22.047952],[89.057597,22.045444],[89.059666,22.038837],[89.060469,22.037554],[89.06409,22.035748],[89.078149,22.020145],[89.081468,22.01452],[89.083484,22.003011],[89.080616,22.001116],[89.080358,21.997112],[89.07886,21.985554],[89.078689,21.978146],[89.079268,21.969307],[89.081261,21.958611],[89.081163,21.956309],[89.078374,21.946598],[89.076643,21.93954],[89.072761,21.927693],[89.070931,21.926709],[89.061641,21.926146],[89.052719,21.927515],[89.045309,21.926472],[89.037384,21.924763],[89.029668,21.921764],[89.027617,21.920196],[89.026477,21.914676],[89.02352,21.906276],[89.023426,21.896738],[89.022999,21.892241],[89.023836,21.888994],[89.02852,21.882201],[89.035575,21.875133],[89.041449,21.868543],[89.044239,21.862389],[89.044475,21.855265],[89.04367,21.840599],[89.042201,21.827913],[89.037674,21.815653],[89.034141,21.807601],[89.032424,21.804477],[89.029984,21.797881],[89.028831,21.79296],[89.028551,21.788279],[89.029634,21.781693],[89.031342,21.77811],[89.034241,21.773772],[89.038343,21.770018],[89.045551,21.762491],[89.049468,21.758778],[89.055169,21.74865],[89.074744,21.720225],[89.091844,21.69903],[89.103556,21.686184],[89.125766,21.659803],[89.135533,21.647173],[89.161706,21.645496],[89.174256,21.653712],[89.197499,21.656543],[89.22755,21.654874],[89.266311,21.654196],[89.28954,21.661493],[89.320497,21.673399],[89.325939,21.685274],[89.327238,21.684645],[89.335672,21.675209],[89.348866,21.670899],[89.360837,21.672143],[89.378796,21.67129],[89.397917,21.671457],[89.415901,21.672617],[89.43384,21.672582],[89.451821,21.674784],[89.468653,21.676984],[89.484224,21.682587],[89.497468,21.692446],[89.508344,21.679254],[89.541689,21.663505],[89.616679,21.664468],[89.63747,21.663762],[89.632762,21.673704],[89.625525,21.684342],[89.621993,21.688723],[89.615764,21.698111],[89.613062,21.705468],[89.613882,21.712522],[89.617691,21.721039],[89.621461,21.734575],[89.622266,21.745875],[89.630914,21.739269],[89.63972,21.733739],[89.650423,21.729322],[89.65945,21.729756],[89.668001,21.731106],[89.677023,21.734232],[89.685094,21.7378],[89.696485,21.74448],[89.708347,21.75427],[89.715697,21.762719],[89.72683,21.782273],[89.735822,21.804044],[89.74127,21.81493],[89.747663,21.829816],[89.753623,21.839919],[89.760549,21.831917],[89.766033,21.828253],[89.771795,21.825114],[89.778681,21.821977],[89.789361,21.816747],[89.797092,21.811774],[89.811006,21.801692],[89.822393,21.790429],[89.831524,21.785718],[89.844024,21.781533],[89.864523,21.778667],[89.879265,21.777499],[89.88867,21.777768],[89.904252,21.779745],[89.908182,21.780402],[89.909163,21.783418],[89.910133,21.803874],[89.910121,21.823935],[89.909835,21.831804],[89.908423,21.843734],[89.907013,21.852781],[89.904196,21.863793],[89.903068,21.870218],[89.902642,21.876249],[89.903759,21.886346],[89.906001,21.895919],[89.906558,21.903656],[89.906694,21.910999],[89.906126,21.918865],[89.902884,21.933944],[89.898095,21.949282],[89.895019,21.957885],[89.895651,21.960943],[89.898315,21.963048],[89.909685,21.965335],[89.917357,21.965352],[89.923178,21.96585],[89.9414,21.965855],[89.954267,21.966473],[89.966609,21.96987],[89.970394,21.971403],[89.977546,21.975678],[89.98096,21.97845],[89.983343,21.981174],[89.998475,21.98337],[90.00446,21.982862],[90.014146,21.984587],[90.020349,21.985399],[90.026335,21.986717],[90.029818,21.986818],[90.030471,21.985296],[90.03036,21.975958],[90.036998,21.976362],[90.040372,21.976056],[90.054952,21.970775],[90.058763,21.970251],[90.049404,21.964909],[90.031152,21.957252],[90.022026,21.950444],[90.013358,21.934275],[90.008794,21.915122],[90.007425,21.903205],[90.007425,21.891289],[90.009248,21.877244],[90.013351,21.867879],[90.017909,21.86022],[90.022012,21.856813],[90.027939,21.853833],[90.040247,21.84915],[90.060761,21.84659],[90.073069,21.845308],[90.078459,21.845087],[90.079428,21.83948],[90.087086,21.827374],[90.097112,21.817352],[90.103796,21.811102],[90.110342,21.807584],[90.125664,21.802628],[90.147254,21.797147],[90.163929,21.794852],[90.177353,21.794407],[90.197412,21.800406],[90.205728,21.804809],[90.212451,21.805306],[90.219149,21.806502],[90.224375,21.808962],[90.234154,21.815775],[90.239716,21.821446],[90.247958,21.827753],[90.251533,21.829175],[90.253245,21.828811],[90.260309,21.829042],[90.275017,21.828526],[90.303374,21.828476],[90.30464,21.82636],[90.306336,21.825934],[90.310681,21.827234],[90.31227,21.831558],[90.315815,21.831622],[90.320038,21.830979],[90.323932,21.830971],[90.360442,21.824025],[90.374367,21.821701],[90.384884,21.819712],[90.399028,21.817442],[90.409182,21.815588],[90.416582,21.814892],[90.425323,21.815238],[90.434814,21.816559],[90.436091,21.817288],[90.458494,21.805294],[90.469143,21.799776],[90.473783,21.798814],[90.478938,21.799612],[90.485916,21.803387],[90.490079,21.811505],[90.494893,21.818741],[90.506995,21.834716],[90.515455,21.846141],[90.533397,21.869664],[90.536962,21.871685],[90.54104,21.875127],[90.544965,21.876334],[90.580733,21.889088],[90.596059,21.894777],[90.596737,21.888448],[90.596734,21.881602],[90.596164,21.870815],[90.594271,21.857582],[90.593463,21.847835],[90.593695,21.845571],[90.595266,21.844341],[90.675265,21.842581],[90.722788,21.841516],[90.8027,21.839695],[90.851809,21.838556],[90.857416,21.838527],[90.856858,21.928696],[90.856553,21.977995],[90.85578,22.048806],[90.855913,22.048778],[90.866544,22.102819],[90.868617,22.114791],[90.871062,22.127258],[90.873569,22.136565],[90.878274,22.164347],[90.87966,22.170503],[90.880401,22.17788],[90.88345,22.192229],[90.886482,22.203549],[90.891562,22.226297],[90.88906,22.231898],[90.888533,22.243954],[90.888852,22.251152],[90.894378,22.274715],[90.895782,22.279711],[90.906081,22.311213],[90.906962,22.315365],[90.884814,22.315517],[90.868448,22.315461],[90.870361,22.326256],[90.871822,22.329101],[90.875727,22.33361],[90.877333,22.345169],[90.880003,22.347501],[90.883735,22.349702],[90.882843,22.355638],[90.884851,22.358219],[90.887649,22.359688],[90.893271,22.366574],[90.897397,22.368033],[90.89862,22.372348],[90.901518,22.379285],[90.901206,22.382092],[90.899919,22.383086],[90.897983,22.381462],[90.894273,22.382933],[90.894308,22.388456],[90.895148,22.395154],[90.894589,22.397505],[90.897916,22.396964],[90.900912,22.398121],[90.902667,22.402495],[90.902096,22.405374],[90.9128,22.404703],[90.948704,22.465367],[90.945963,22.471013],[90.943078,22.47567],[90.939719,22.480173],[90.931408,22.493552],[90.929355,22.498177],[90.919436,22.515397],[90.916669,22.518949],[90.913762,22.523776],[90.909226,22.532289],[90.900183,22.547075],[90.894909,22.55483],[90.890039,22.560563],[90.886207,22.563945],[90.878111,22.572386],[90.872264,22.578014],[90.861167,22.58794],[90.855071,22.593899],[90.844682,22.603454],[90.839332,22.609144],[90.832392,22.61736],[90.826542,22.623151],[90.822967,22.627672],[90.816635,22.636444],[90.814191,22.639271],[90.810141,22.642204],[90.803522,22.644787],[90.789058,22.654064],[90.785192,22.658055],[90.783461,22.661045],[90.779006,22.674409],[90.77832,22.679279],[90.776588,22.701138],[90.774789,22.711246],[90.772837,22.719532],[90.772442,22.725394],[90.773163,22.726748],[90.77303,22.734761],[90.772442,22.738075],[90.771058,22.752252],[90.770257,22.762287],[90.769254,22.768087],[90.766763,22.775978],[90.766174,22.778928],[90.761669,22.784412],[90.758152,22.787575],[90.751003,22.792807],[90.747016,22.795039],[90.729414,22.802074],[90.725111,22.805668],[90.72112,22.811653],[90.719148,22.815738],[90.717572,22.826973],[90.717388,22.835377],[90.717654,22.842655],[90.717265,22.846398],[90.717494,22.860801],[90.716911,22.866772],[90.716141,22.86847],[90.702845,22.86796],[90.691751,22.867914],[90.688064,22.866744],[90.684741,22.862708],[90.682419,22.8626],[90.681997,22.859996],[90.680051,22.859247],[90.677658,22.8612],[90.674644,22.861734],[90.672018,22.864507],[90.669187,22.857616],[90.666477,22.854133],[90.666492,22.851106],[90.658517,22.84459],[90.655358,22.845602],[90.652566,22.83875],[90.64697,22.836652],[90.638199,22.835354],[90.638173,22.829844],[90.628909,22.82926],[90.620235,22.827638],[90.614936,22.82625],[90.61016,22.823384],[90.605564,22.816288],[90.602771,22.812988],[90.596608,22.810373],[90.588394,22.807583],[90.583769,22.806437],[90.583503,22.802687],[90.584701,22.797991],[90.581702,22.79279],[90.578516,22.790042],[90.571171,22.789149],[90.567072,22.789471],[90.563534,22.78145],[90.483717,22.777868],[90.47682,22.778392],[90.475174,22.780723],[90.465755,22.779588],[90.460049,22.779234],[90.459362,22.778708],[90.453999,22.778565],[90.451457,22.775647],[90.449713,22.775765],[90.447929,22.777583],[90.450065,22.784228],[90.442798,22.78394],[90.426289,22.78709],[90.3769,22.766698],[90.375082,22.762832],[90.398801,22.751302],[90.391942,22.748986],[90.371152,22.753098],[90.367196,22.754713],[90.363608,22.759195],[90.359731,22.761851],[90.355232,22.76591],[90.350172,22.768322],[90.345274,22.768064],[90.340532,22.766758],[90.337526,22.767099],[90.329067,22.76983],[90.324554,22.772085],[90.32487,22.767432],[90.323115,22.767002],[90.322139,22.763547],[90.314918,22.763339],[90.314748,22.765894],[90.312897,22.766304],[90.312883,22.763361],[90.307872,22.763218],[90.306935,22.761564],[90.306516,22.755595],[90.301924,22.755195],[90.301256,22.75242],[90.299539,22.751406],[90.296873,22.7461],[90.29427,22.746863],[90.292599,22.748961],[90.289637,22.748244],[90.29002,22.745425],[90.286399,22.746407],[90.286014,22.744778],[90.282812,22.744788],[90.283781,22.742401],[90.282298,22.741319],[90.279883,22.741649],[90.278439,22.739989],[90.27418,22.736979],[90.271521,22.73653],[90.270447,22.734309],[90.266312,22.73608],[90.26539,22.737383],[90.266178,22.742214],[90.261434,22.746911],[90.259347,22.750636],[90.25651,22.754191],[90.254222,22.754547],[90.248707,22.75376],[90.246202,22.754228],[90.243146,22.75664],[90.238466,22.753992],[90.23606,22.753936],[90.234841,22.751989],[90.232152,22.751035],[90.226753,22.752439],[90.225052,22.752009],[90.187968,22.740224],[90.186271,22.7386],[90.18107,22.737901],[90.177455,22.731466],[90.171882,22.730154],[90.171372,22.726541],[90.167458,22.727249],[90.163935,22.726375],[90.163871,22.722093],[90.162351,22.721335],[90.160887,22.718735],[90.157089,22.718305],[90.156874,22.713051],[90.158162,22.710233],[90.156005,22.709778],[90.154537,22.703708],[90.150387,22.701924],[90.148515,22.691724],[90.147084,22.689789],[90.14383,22.68827],[90.143419,22.685728],[90.141631,22.685798],[90.096288,22.706776],[90.091524,22.706181],[90.062847,22.669455],[90.057832,22.669637],[90.054957,22.664263],[90.051619,22.663948],[90.050499,22.661254],[90.050825,22.658551],[90.049492,22.657733],[90.045142,22.660855],[90.041588,22.661258],[90.036592,22.662607],[90.031359,22.664635],[90.026667,22.664484],[90.02378,22.663134],[90.021333,22.666787],[90.019342,22.671679],[90.017981,22.673786],[90.013837,22.677273],[90.00845,22.679539],[90.001876,22.680355],[90.001631,22.678201],[90.000039,22.675346],[89.997429,22.676095],[89.99249,22.678598],[89.990129,22.677185],[89.989191,22.673881],[89.987341,22.672164],[89.987244,22.669544],[89.985017,22.669551],[89.984536,22.672959],[89.979554,22.673247],[89.976828,22.67406],[89.972934,22.672524],[89.97089,22.670897],[89.96981,22.672337],[89.964542,22.67429],[89.966606,22.675504],[89.966703,22.677536],[89.970966,22.677047],[89.972377,22.678312],[89.974061,22.681619],[89.969212,22.686126],[89.967264,22.688835],[89.96736,22.691663],[89.964857,22.692996],[89.962384,22.692173],[89.956929,22.693442],[89.954242,22.693288],[89.951858,22.691528],[89.952172,22.684625],[89.95143,22.68298],[89.948804,22.682849],[89.939581,22.685061],[89.938153,22.686957],[89.934901,22.68873],[89.932644,22.683732],[89.936648,22.680289],[89.937102,22.678519],[89.933052,22.674143],[89.928075,22.672128],[89.920637,22.66744],[89.915356,22.661943],[89.907829,22.65637],[89.904861,22.657477],[89.904591,22.660517],[89.903308,22.665674],[89.89841,22.673797],[89.896025,22.676736],[89.893396,22.676154],[89.888907,22.670392],[89.861882,22.683189],[89.858004,22.680736],[89.8582,22.677915],[89.857328,22.675733],[89.86109,22.670968],[89.860586,22.668633],[89.855155,22.664718],[89.851831,22.660515],[89.851109,22.657377],[89.85414,22.650227],[89.853031,22.648953],[89.84993,22.648611],[89.836824,22.650518],[89.834739,22.647923],[89.787957,22.666682],[89.783161,22.666034],[89.766227,22.664532],[89.727614,22.636323],[89.720034,22.637996],[89.71457,22.641171],[89.713719,22.638762],[89.711742,22.637222],[89.708533,22.636598],[89.696396,22.640672],[89.691625,22.642827],[89.688236,22.647256],[89.686466,22.648345],[89.68524,22.652835],[89.683381,22.653795],[89.678673,22.65422],[89.671952,22.652539],[89.666354,22.651679],[89.664407,22.64973],[89.662944,22.646114],[89.660531,22.646405],[89.660717,22.649236],[89.662645,22.653551],[89.662117,22.661706],[89.660903,22.66611],[89.658086,22.670111],[89.657205,22.673383],[89.657585,22.67594],[89.659981,22.679846],[89.658678,22.68174],[89.655595,22.681917],[89.646676,22.67928],[89.645133,22.678294],[89.634751,22.675287],[89.630659,22.67542],[89.624885,22.678286],[89.622064,22.674404],[89.620444,22.670037],[89.620875,22.664012],[89.618633,22.655362],[89.615752,22.651841],[89.612507,22.651503],[89.606694,22.647724],[89.599591,22.645618],[89.593923,22.647487],[89.584211,22.646803],[89.580931,22.648153],[89.579239,22.652761],[89.576967,22.656884],[89.576952,22.658503],[89.574782,22.661442],[89.577497,22.666896],[89.570092,22.67039],[89.568851,22.67205],[89.560597,22.67951],[89.557696,22.678011],[89.557915,22.673996],[89.55633,22.670368],[89.553699,22.668069],[89.548396,22.665064],[89.547558,22.657002],[89.54949,22.651052],[89.553877,22.643085],[89.554921,22.63891],[89.542441,22.631777],[89.538292,22.627413],[89.534786,22.62231],[89.531818,22.615549],[89.530966,22.610975],[89.53124,22.608154],[89.526857,22.610551],[89.524541,22.613379],[89.52371,22.61891],[89.522132,22.624689],[89.519958,22.626758],[89.512964,22.632017],[89.503127,22.636576],[89.500073,22.638452],[89.495448,22.643657],[89.491377,22.64572],[89.486834,22.647087],[89.481541,22.649586],[89.478229,22.647751],[89.473978,22.643525],[89.470111,22.645084],[89.459747,22.64549],[89.457446,22.644915],[89.456843,22.643341],[89.456726,22.638628],[89.455041,22.636546],[89.450835,22.638291],[89.447914,22.640547],[89.44228,22.643671],[89.438753,22.644914],[89.431567,22.646336],[89.425754,22.643486],[89.414657,22.640892],[89.408307,22.642118],[89.404197,22.646335],[89.363141,22.618478],[89.33913,22.615293],[89.289166,22.623029],[89.286527,22.621003],[89.282045,22.622072],[89.264747,22.599821],[89.261218,22.603906],[89.257634,22.606059],[89.254318,22.606647],[89.247628,22.606496],[89.244962,22.606906],[89.243258,22.609732],[89.244012,22.61444],[89.245751,22.617153],[89.248602,22.617831],[89.258806,22.617883],[89.260872,22.619466],[89.259881,22.622413],[89.258181,22.624456],[89.247231,22.631708],[89.243573,22.635006],[89.243557,22.6382],[89.245465,22.64076],[89.241947,22.643836],[89.237574,22.641383],[89.234366,22.641123],[89.231946,22.635108],[89.232159,22.631612],[89.229835,22.631743],[89.228014,22.629607],[89.220308,22.625984],[89.219084,22.62391],[89.137975,22.601692],[89.135546,22.597492],[89.13232,22.587163],[89.130552,22.587167],[89.128007,22.589683],[89.123673,22.590472],[89.122135,22.588486],[89.117221,22.5919],[89.11258,22.596489],[89.104579,22.600254],[89.103666,22.599693],[89.098929,22.600355],[89.097186,22.597577],[89.096642,22.594147],[89.089593,22.59374],[89.087225,22.594569],[89.086225,22.596564],[89.079177,22.598525],[89.074229,22.600739],[89.072321,22.602283],[89.062638,22.607704],[89.06034,22.60945],[89.054965,22.609757],[89.053026,22.606945],[89.054128,22.605924],[89.053899,22.602016],[89.051479,22.600263],[89.0507,22.598553],[89.046485,22.59793],[89.043385,22.595992],[89.046897,22.591045],[89.050528,22.588255],[89.051714,22.589075],[89.057786,22.590206],[89.062151,22.586686],[89.065379,22.58602],[89.067096,22.582144],[89.070122,22.578295],[89.073036,22.576833],[89.078261,22.571452],[89.079837,22.569033],[89.072697,22.568771],[89.072622,22.565722],[89.074119,22.560026],[89.071525,22.558378],[89.070039,22.560002],[89.065413,22.561841],[89.064927,22.564112],[89.060739,22.566127],[89.05168,22.563168],[89.045828,22.559764],[89.041224,22.554865],[89.040409,22.553446],[88.997105,22.525993],[88.99309,22.525038],[88.987482,22.522512],[88.966111,22.563492],[88.934196,22.559244]]]},"properties":{"sector":9,"areaKm2":18962,"islands":[]}},{"type":"Feature","geometry":{"type":"Polygon","coordinates":[[[91.200569,25.201316],[91.198082,25.201779],[91.19347,25.201451],[91.18545,25.19987],[91.181488,25.198502],[91.176696,25.198172],[91.17071,25.196721],[91.164762,25.196337],[91.162462,25.197499],[91.157967,25.196285],[91.150705,25.196806],[91.140158,25.195747],[91.138521,25.194642],[91.13226,25.193783],[91.120929,25.194034],[91.108779,25.194941],[91.102561,25.195967],[91.093461,25.196721],[91.086487,25.196043],[91.080195,25.196976],[91.075107,25.198384],[91.071623,25.19804],[91.071165,25.196026],[91.072986,25.194708],[91.071557,25.191909],[91.06513,25.191049],[91.057012,25.192114],[91.054493,25.191595],[91.051254,25.189568],[91.050034,25.190247],[91.046597,25.188856],[91.037966,25.186232],[91.034262,25.18613],[91.031106,25.185035],[91.026293,25.185272],[91.020115,25.187538],[91.019752,25.183933],[91.01479,25.182709],[91.009423,25.182881],[91.008558,25.18105],[91.004305,25.180497],[91.002469,25.181258],[90.997337,25.178327],[90.995124,25.179053],[90.984036,25.175594],[90.980338,25.175697],[90.975834,25.174892],[90.972688,25.175777],[90.966894,25.172515],[90.958988,25.17143],[90.955306,25.171906],[90.949485,25.170593],[90.946052,25.168841],[90.942663,25.16852],[90.940871,25.167327],[90.936293,25.165827],[90.93293,25.165549],[90.927668,25.163848],[90.919774,25.164297],[90.916286,25.163671],[90.912864,25.163843],[90.90416,25.163179],[90.901387,25.16381],[90.897101,25.167163],[90.894903,25.165908],[90.890589,25.166627],[90.887512,25.166418],[90.882919,25.16747],[90.87701,25.164421],[90.874555,25.164373],[90.872875,25.161398],[90.865686,25.161845],[90.860929,25.15917],[90.859031,25.161014],[90.854907,25.158913],[90.853943,25.160102],[90.850403,25.159093],[90.845206,25.159286],[90.842746,25.162069],[90.841682,25.165019],[90.839875,25.162641],[90.836702,25.162],[90.826299,25.162817],[90.821103,25.163848],[90.818631,25.163636],[90.818125,25.167644],[90.814031,25.167951],[90.813837,25.164692],[90.807021,25.165944],[90.804103,25.167296],[90.804453,25.171656],[90.803356,25.173219],[90.797971,25.17491],[90.796426,25.17653],[90.793705,25.181383],[90.786907,25.179139],[90.784026,25.179328],[90.783328,25.181587],[90.781523,25.18214],[90.780555,25.186137],[90.773954,25.182149],[90.769659,25.181492],[90.766992,25.180429],[90.762672,25.177695],[90.762101,25.175368],[90.75916,25.173317],[90.761359,25.170338],[90.760253,25.168786],[90.757955,25.168063],[90.75462,25.168627],[90.749299,25.166906],[90.746913,25.164316],[90.742272,25.165501],[90.741288,25.169778],[90.739581,25.166395],[90.734822,25.166419],[90.733418,25.162118],[90.736406,25.163562],[90.739608,25.16281],[90.741735,25.160709],[90.741104,25.159021],[90.737945,25.15635],[90.734707,25.157728],[90.733549,25.15488],[90.731289,25.157081],[90.727636,25.157388],[90.725778,25.160065],[90.725205,25.162797],[90.72229,25.16441],[90.717516,25.163589],[90.714708,25.167287],[90.709957,25.167773],[90.707734,25.165892],[90.707719,25.162981],[90.705551,25.16117],[90.702787,25.162019],[90.701766,25.16394],[90.699785,25.160782],[90.700702,25.159127],[90.699148,25.156602],[90.697552,25.157056],[90.695043,25.159715],[90.692136,25.160383],[90.69131,25.162973],[90.687206,25.164394],[90.684982,25.163217],[90.682944,25.163755],[90.68141,25.169442],[90.68572,25.172436],[90.685938,25.17451],[90.682034,25.172458],[90.678162,25.17185],[90.67366,25.174706],[90.671471,25.168449],[90.670211,25.166321],[90.666145,25.16601],[90.666157,25.171611],[90.664329,25.172696],[90.665282,25.176422],[90.663888,25.179733],[90.6655,25.180758],[90.665038,25.185194],[90.663189,25.18569],[90.663535,25.19445],[90.665184,25.196655],[90.663898,25.1979],[90.662003,25.192653],[90.660954,25.191154],[90.661265,25.188978],[90.658536,25.185216],[90.654914,25.186853],[90.652878,25.186952],[90.650928,25.181764],[90.648578,25.180526],[90.646293,25.180883],[90.640798,25.18365],[90.639119,25.180025],[90.641917,25.176985],[90.642036,25.174546],[90.639564,25.174259],[90.634839,25.17577],[90.632362,25.17348],[90.628976,25.173099],[90.626824,25.171984],[90.626125,25.173989],[90.61747,25.173516],[90.614985,25.174424],[90.613462,25.176219],[90.609828,25.178848],[90.608121,25.176537],[90.605122,25.176224],[90.603962,25.174743],[90.600123,25.17544],[90.599756,25.176564],[90.591729,25.175686],[90.589021,25.176347],[90.586074,25.173284],[90.581936,25.174366],[90.578388,25.173913],[90.576872,25.171467],[90.575402,25.171391],[90.572651,25.17345],[90.565579,25.173177],[90.562896,25.171701],[90.558208,25.172645],[90.554231,25.171673],[90.551755,25.17482],[90.545612,25.173541],[90.538218,25.175024],[90.535455,25.173214],[90.525176,25.173474],[90.518632,25.17208],[90.509807,25.175084],[90.509252,25.173038],[90.510107,25.169834],[90.506564,25.170245],[90.502837,25.171461],[90.499362,25.171575],[90.498267,25.167971],[90.488343,25.163996],[90.485759,25.161063],[90.462084,25.153693],[90.457728,25.152749],[90.450683,25.151904],[90.449515,25.148255],[90.449122,25.144714],[90.441092,25.144144],[90.433437,25.147242],[90.424278,25.148896],[90.414343,25.152868],[90.405901,25.159163],[90.400505,25.158898],[90.394061,25.159633],[90.388403,25.161089],[90.376936,25.161143],[90.372147,25.161826],[90.368915,25.16343],[90.365976,25.165989],[90.353264,25.173039],[90.345347,25.178512],[90.339985,25.183816],[90.336003,25.189312],[90.3298,25.193006],[90.326517,25.193026],[90.323231,25.191661],[90.316772,25.192192],[90.310078,25.188264],[90.304402,25.190073],[90.300363,25.190359],[90.293534,25.19222],[90.290263,25.193797],[90.284311,25.195593],[90.279676,25.195376],[90.272148,25.197273],[90.265569,25.197611],[90.26103,25.199983],[90.257419,25.20063],[90.252748,25.200677],[90.246968,25.203213],[90.238616,25.204775],[90.236254,25.204675],[90.231164,25.202728],[90.228219,25.200437],[90.226976,25.20075],[90.225689,25.203818],[90.222276,25.206117],[90.215698,25.205779],[90.208393,25.210025],[90.20015,25.21028],[90.197216,25.210797],[90.193811,25.212513],[90.191915,25.21494],[90.186783,25.215601],[90.184056,25.217187],[90.173002,25.222028],[90.166349,25.222751],[90.159875,25.222898],[90.145847,25.22375],[90.139153,25.223551],[90.122398,25.224929],[90.117504,25.223032],[90.11363,25.224426],[90.109016,25.226779],[90.103061,25.230983],[90.099132,25.234994],[90.094075,25.238037],[90.08981,25.239362],[90.082411,25.2405],[90.074896,25.244161],[90.070889,25.247762],[90.060771,25.254368],[90.057077,25.260201],[90.054459,25.260443],[90.048104,25.259964],[90.041007,25.260443],[90.036877,25.261428],[90.033933,25.263429],[90.026543,25.266999],[90.025299,25.26824],[90.023061,25.273239],[90.016504,25.275542],[90.014765,25.275027],[90.006805,25.280396],[89.999812,25.277145],[89.997258,25.277253],[89.989134,25.279754],[89.982839,25.281214],[89.982933,25.285813],[89.982309,25.289954],[89.978777,25.29737],[89.97666,25.299043],[89.967911,25.304525],[89.964046,25.30207],[89.959896,25.302407],[89.954311,25.300369],[89.951111,25.296526],[89.949067,25.293197],[89.947588,25.294285],[89.945301,25.303485],[89.943708,25.304112],[89.939025,25.299136],[89.934192,25.300798],[89.928406,25.30112],[89.922867,25.304421],[89.918094,25.304885],[89.914059,25.307524],[89.908769,25.30821],[89.900686,25.305466],[89.897745,25.30306],[89.894026,25.298273],[89.892708,25.298128],[89.891653,25.294359],[89.890281,25.292556],[89.886368,25.29105],[89.884477,25.288018],[89.881866,25.286738],[89.875799,25.285562],[89.872574,25.286862],[89.870015,25.286559],[89.867131,25.287548],[89.863411,25.287928],[89.856889,25.286727],[89.853689,25.289558],[89.848943,25.289688],[89.844757,25.292256],[89.83944,25.292733],[89.836656,25.294708],[89.833682,25.294569],[89.830856,25.296216],[89.833774,25.29794],[89.835993,25.300245],[89.8372,25.302798],[89.837266,25.305281],[89.841067,25.308331],[89.840663,25.309401],[89.841114,25.315729],[89.840257,25.318862],[89.837568,25.324485],[89.833359,25.33017],[89.8302,25.336659],[89.82669,25.346277],[89.82388,25.346723],[89.822856,25.348244],[89.820901,25.35673],[89.820275,25.3632],[89.820869,25.373161],[89.819899,25.376538],[89.819725,25.381175],[89.820641,25.383864],[89.823752,25.389113],[89.824516,25.393979],[89.826716,25.399967],[89.82689,25.406325],[89.824965,25.408532],[89.825632,25.415216],[89.827704,25.420169],[89.829449,25.42845],[89.831381,25.432861],[89.832582,25.438784],[89.836214,25.446311],[89.840522,25.453718],[89.844561,25.459529],[89.851823,25.466653],[89.851579,25.473073],[89.849019,25.47422],[89.849436,25.482596],[89.850113,25.486448],[89.848863,25.489375],[89.849464,25.493873],[89.852816,25.495612],[89.85467,25.497883],[89.853791,25.503562],[89.856239,25.503517],[89.857966,25.506163],[89.859928,25.514319],[89.860052,25.517611],[89.857563,25.523034],[89.854642,25.530901],[89.851436,25.537262],[89.851288,25.538537],[89.856187,25.540061],[89.858855,25.541638],[89.862784,25.542325],[89.865253,25.544472],[89.866497,25.547636],[89.866112,25.552632],[89.867202,25.560788],[89.870066,25.567434],[89.872835,25.568735],[89.872173,25.57264],[89.875022,25.578029],[89.875635,25.580711],[89.874934,25.584039],[89.873278,25.587755],[89.874353,25.591384],[89.878403,25.599646],[89.879277,25.602186],[89.881133,25.61297],[89.882373,25.616572],[89.881808,25.620294],[89.881951,25.627324],[89.881233,25.632428],[89.879573,25.637367],[89.87851,25.63872],[89.876215,25.645764],[89.874329,25.653766],[89.872135,25.658701],[89.871289,25.662184],[89.864754,25.663843],[89.861695,25.668986],[89.858755,25.680108],[89.857003,25.681247],[89.852352,25.686019],[89.847034,25.695527],[89.849042,25.698595],[89.849602,25.701311],[89.850979,25.702886],[89.852373,25.707195],[89.852308,25.709662],[89.851104,25.712779],[89.849468,25.714902],[89.845472,25.715213],[89.838126,25.714508],[89.836347,25.714896],[89.834037,25.716978],[89.832616,25.719441],[89.831056,25.724289],[89.828769,25.727512],[89.827174,25.731933],[89.827067,25.740123],[89.830831,25.743739],[89.835552,25.749328],[89.836364,25.751214],[89.840289,25.756343],[89.841178,25.759276],[89.839438,25.773004],[89.838603,25.77576],[89.833582,25.783378],[89.83397,25.787577],[89.831385,25.791306],[89.829183,25.796613],[89.82961,25.801447],[89.825785,25.811141],[89.824287,25.811094],[89.816871,25.814767],[89.817281,25.817485],[89.826473,25.830493],[89.826969,25.832846],[89.83034,25.835543],[89.83476,25.840359],[89.833724,25.856133],[89.831188,25.857173],[89.827745,25.857551],[89.825271,25.856893],[89.816573,25.858521],[89.80552,25.859819],[89.799785,25.858991],[89.795199,25.857127],[89.786995,25.852198],[89.784338,25.85214],[89.781797,25.855141],[89.778054,25.854425],[89.773344,25.854471],[89.770689,25.853485],[89.764412,25.852383],[89.762479,25.852707],[89.756322,25.85155],[89.740256,25.777708],[89.733777,25.77589],[89.733979,25.774627],[89.727793,25.775879],[89.728081,25.780576],[89.723687,25.783096],[89.720095,25.783811],[89.715507,25.783622],[89.713515,25.782444],[89.706936,25.780986],[89.704042,25.781612],[89.699263,25.778171],[89.688799,25.77535],[89.686709,25.773629],[89.685507,25.769805],[89.686246,25.763343],[89.687463,25.75812],[89.684817,25.757751],[89.684587,25.753973],[89.683549,25.752228],[89.681061,25.753166],[89.676251,25.752867],[89.675458,25.749379],[89.670887,25.74966],[89.668166,25.748056],[89.654063,25.703402],[89.649748,25.698054],[89.644382,25.688065],[89.657437,25.643765],[89.655618,25.641485],[89.656881,25.638487],[89.655749,25.635588],[89.656439,25.633624],[89.661235,25.632601],[89.661583,25.630739],[89.658504,25.6298],[89.652698,25.624819],[89.652251,25.621716],[89.653857,25.618616],[89.652837,25.61613],[89.649542,25.61126],[89.64487,25.60918],[89.641688,25.605032],[89.638955,25.603267],[89.569696,25.582344],[89.572256,25.576708],[89.575656,25.57288],[89.57926,25.567607],[89.580515,25.564541],[89.588662,25.556123],[89.562348,25.517353],[89.560618,25.513209],[89.559753,25.511137],[89.558023,25.506993],[89.557158,25.504921],[89.554562,25.498705],[89.553697,25.496633],[89.505481,25.486317],[89.505532,25.486046],[89.56053,25.446325],[89.559803,25.440315],[89.553629,25.441062],[89.546271,25.438822],[89.544336,25.437008],[89.538506,25.438974],[89.535117,25.440632],[89.527952,25.43993],[89.524972,25.438157],[89.522592,25.435754],[89.521094,25.437058],[89.511986,25.437159],[89.508201,25.436178],[89.507476,25.433805],[89.509109,25.424914],[89.507325,25.423192],[89.508131,25.42107],[89.505298,25.420566],[89.505366,25.416501],[89.50328,25.415771],[89.500308,25.412917],[89.500419,25.410479],[89.505665,25.405573],[89.504027,25.404709],[89.502377,25.4066],[89.497561,25.404461],[89.497028,25.401434],[89.495194,25.400028],[89.494716,25.395961],[89.497719,25.392088],[89.49708,25.39028],[89.494897,25.389144],[89.496298,25.387295],[89.501632,25.384739],[89.50571,25.385069],[89.502404,25.379276],[89.497849,25.374235],[89.496345,25.371973],[89.520322,25.338482],[89.519738,25.334019],[89.520023,25.325226],[89.476647,25.305472],[89.476748,25.305111],[89.510576,25.273338],[89.517339,25.272094],[89.523352,25.271885],[89.525893,25.270268],[89.52675,25.267288],[89.525518,25.264622],[89.529703,25.263925],[89.529509,25.26066],[89.527837,25.256274],[89.522667,25.257028],[89.518608,25.253402],[89.51847,25.250647],[89.521208,25.249257],[89.511916,25.24968],[89.511075,25.24891],[89.511691,25.244125],[89.516075,25.240932],[89.515743,25.237047],[89.516559,25.231993],[89.514496,25.226207],[89.511817,25.216144],[89.508787,25.212762],[89.507227,25.205365],[89.503065,25.198914],[89.504478,25.196345],[89.506924,25.196618],[89.508473,25.194713],[89.50424,25.194635],[89.50083,25.1935],[89.501491,25.190253],[89.503965,25.189832],[89.504989,25.18824],[89.503748,25.186773],[89.501413,25.186632],[89.501416,25.183968],[89.498235,25.184027],[89.495553,25.1829],[89.495559,25.179105],[89.491933,25.177544],[89.48965,25.175734],[89.489902,25.172791],[89.493285,25.170696],[89.493437,25.169024],[89.491753,25.165122],[89.492948,25.163656],[89.522605,25.155424],[89.499393,25.139634],[89.497906,25.137177],[89.49781,25.135099],[89.495876,25.132743],[89.497121,25.13064],[89.49896,25.13047],[89.502839,25.127194],[89.506618,25.125136],[89.505925,25.122662],[89.507817,25.119916],[89.506629,25.117318],[89.504347,25.115145],[89.510862,25.108972],[89.51161,25.10697],[89.509179,25.104528],[89.508236,25.100701],[89.505957,25.10025],[89.502633,25.097329],[89.504674,25.094355],[89.502542,25.091276],[89.501251,25.091707],[89.498513,25.095509],[89.496727,25.094681],[89.496285,25.09085],[89.500161,25.089242],[89.501754,25.086773],[89.49903,25.081854],[89.499236,25.076878],[89.505395,25.075682],[89.51021,25.076678],[89.512396,25.076548],[89.513093,25.074547],[89.510165,25.073831],[89.512255,25.069907],[89.50963,25.064986],[89.510674,25.064199],[89.516283,25.065315],[89.519064,25.06522],[89.517034,25.060829],[89.51798,25.059048],[89.522749,25.057063],[89.525584,25.052898],[89.526484,25.047369],[89.530555,25.04752],[89.532945,25.042326],[89.536868,25.041076],[89.539894,25.042964],[89.547789,25.041507],[89.548734,25.039771],[89.55206,25.039709],[89.555784,25.038874],[89.556627,25.039942],[89.560549,25.040184],[89.564324,25.03808],[89.567248,25.037798],[89.568194,25.040538],[89.571768,25.040605],[89.573703,25.042333],[89.57822,25.04333],[89.581099,25.043142],[89.590283,25.043556],[89.591971,25.044383],[89.595549,25.044108],[89.596655,25.042558],[89.595002,25.039799],[89.591206,25.038668],[89.589919,25.036265],[89.589422,25.030048],[89.599894,25.028984],[89.601836,25.031635],[89.602588,25.027221],[89.601316,25.024111],[89.600715,25.017201],[89.595048,25.019091],[89.591681,25.019298],[89.589686,25.02325],[89.588915,25.019408],[89.587049,25.016786],[89.586582,25.014387],[89.584515,25.010655],[89.584904,25.007355],[89.583048,25.007206],[89.581856,25.001473],[89.583266,24.999373],[89.584226,24.99615],[89.58331,24.992803],[89.584009,24.990071],[89.581221,24.984139],[89.583393,24.98168],[89.582775,24.979612],[89.584178,24.977017],[89.584857,24.973077],[89.583928,24.970855],[89.584312,24.968012],[89.586231,24.966443],[89.585823,24.963889],[89.582887,24.960032],[89.612239,24.922952],[89.615924,24.903462],[89.663815,24.893542],[89.665152,24.890436],[89.622885,24.866646],[89.671839,24.87054],[89.671897,24.87016],[89.624523,24.857984],[89.63476,24.803843],[89.620988,24.760348],[89.629113,24.757411],[89.628128,24.754011],[89.628518,24.752487],[89.630712,24.751003],[89.628499,24.748367],[89.629168,24.7453],[89.628394,24.743544],[89.62924,24.74141],[89.631488,24.740257],[89.636759,24.740688],[89.642424,24.738986],[89.644093,24.737363],[89.646929,24.737393],[89.65529,24.739829],[89.65721,24.740084],[89.660994,24.727701],[89.654057,24.725967],[89.651708,24.724528],[89.64815,24.720686],[89.642822,24.718777],[89.641891,24.715155],[89.638047,24.715541],[89.637775,24.714466],[89.642726,24.711073],[89.644614,24.709],[89.646196,24.704384],[89.646636,24.701195],[89.642793,24.701439],[89.63215,24.693531],[89.628507,24.690145],[89.626097,24.6856],[89.665046,24.657875],[89.667502,24.644881],[89.647603,24.602877],[89.655479,24.594627],[89.655165,24.593149],[89.652216,24.591609],[89.651754,24.590313],[89.648699,24.588983],[89.649038,24.587172],[89.651518,24.586422],[89.651862,24.581588],[89.653187,24.580535],[89.660764,24.582032],[89.662808,24.584083],[89.668368,24.577397],[89.669069,24.573853],[89.667745,24.562209],[89.67333,24.561302],[89.674381,24.55738],[89.679304,24.557113],[89.682255,24.555471],[89.681359,24.549901],[89.689973,24.549935],[89.736768,24.518359],[89.738053,24.515803],[89.745017,24.47043],[89.746574,24.467365],[89.745655,24.465862],[89.74607,24.461902],[89.745658,24.459219],[89.74593,24.454613],[89.68242,24.411869],[89.683232,24.409197],[89.680255,24.406027],[89.68767,24.405092],[89.688649,24.402545],[89.684274,24.399788],[89.685187,24.396902],[89.684475,24.395098],[89.684994,24.388624],[89.683491,24.386164],[89.683366,24.38254],[89.686155,24.380304],[89.685661,24.376615],[89.687474,24.375422],[89.688203,24.379355],[89.691392,24.377487],[89.695114,24.377863],[89.697028,24.376485],[89.697671,24.374183],[89.695634,24.370587],[89.699443,24.365891],[89.701851,24.365065],[89.702713,24.367306],[89.704602,24.369116],[89.70617,24.373419],[89.709186,24.373429],[89.711964,24.375092],[89.715666,24.374737],[89.718583,24.375426],[89.719058,24.377381],[89.721981,24.376217],[89.725415,24.372299],[89.726061,24.374994],[89.727674,24.374532],[89.728358,24.377931],[89.730602,24.378822],[89.734544,24.376799],[89.737119,24.374367],[89.741665,24.374506],[89.739809,24.372366],[89.739515,24.362301],[89.73903,24.354465],[89.760088,24.287036],[89.760038,24.281179],[89.752463,24.2783],[89.751724,24.273793],[89.746804,24.269232],[89.745257,24.268473],[89.74274,24.263931],[89.73326,24.261837],[89.729577,24.261357],[89.729967,24.258567],[89.725979,24.258332],[89.717545,24.257173],[89.715369,24.257592],[89.71237,24.25645],[89.706053,24.2502],[89.703103,24.252506],[89.700737,24.245836],[89.700743,24.243422],[89.699154,24.242852],[89.693738,24.242793],[89.691621,24.241177],[89.691148,24.238856],[89.69746,24.230415],[89.698569,24.22663],[89.696611,24.224553],[89.699018,24.223178],[89.700841,24.225806],[89.704201,24.225232],[89.707164,24.223531],[89.709568,24.219539],[89.708843,24.216518],[89.706977,24.213209],[89.708446,24.212254],[89.712056,24.207375],[89.71073,24.205544],[89.712299,24.198996],[89.716001,24.197806],[89.715213,24.193503],[89.716972,24.190921],[89.719399,24.190986],[89.721371,24.189918],[89.720788,24.183719],[89.72298,24.18349],[89.722389,24.180463],[89.725177,24.179043],[89.729672,24.175786],[89.730442,24.172951],[89.729918,24.169383],[89.731981,24.16835],[89.732317,24.166641],[89.730425,24.165204],[89.724873,24.16544],[89.726185,24.158274],[89.72487,24.157172],[89.725464,24.153813],[89.719922,24.153807],[89.716995,24.151431],[89.716775,24.14938],[89.712715,24.140728],[89.715411,24.137198],[89.71862,24.133997],[89.722192,24.131667],[89.729032,24.129236],[89.733688,24.130179],[89.736601,24.129649],[89.739739,24.125714],[89.740545,24.12311],[89.737566,24.120233],[89.738953,24.118499],[89.741428,24.118169],[89.741565,24.122511],[89.744405,24.121581],[89.750088,24.118784],[89.75454,24.115891],[89.760869,24.113258],[89.764948,24.111992],[89.761535,24.107647],[89.759868,24.103838],[89.750111,24.106627],[89.748219,24.106757],[89.74546,24.103546],[89.743278,24.103009],[89.742777,24.098867],[89.741545,24.096126],[89.739077,24.09325],[89.725648,24.093784],[89.724381,24.091754],[89.722429,24.085871],[89.718655,24.081657],[89.744521,24.023327],[89.754186,24.024689],[89.758786,24.023915],[89.765402,24.024002],[89.770432,24.025315],[89.777022,24.028138],[89.78414,24.032351],[89.787404,24.036024],[89.786108,24.041358],[89.791172,24.042404],[89.796853,24.045087],[89.803516,24.052748],[89.80742,24.056626],[89.811693,24.059662],[89.81795,24.065066],[89.821873,24.070815],[89.824174,24.075521],[89.825687,24.080996],[89.826214,24.087148],[89.825806,24.093343],[89.869093,24.121741],[89.874729,24.119496],[89.88263,24.115057],[89.884946,24.11728],[89.886525,24.117639],[89.890448,24.116511],[89.894812,24.105903],[89.899798,24.104394],[89.910778,24.103244],[89.933564,24.140133],[89.935667,24.141246],[89.978684,24.123497],[89.980981,24.12405],[89.984213,24.121989],[89.986465,24.121533],[89.987397,24.12285],[89.98992,24.122254],[89.992458,24.125047],[89.995568,24.124812],[89.997377,24.128883],[90.000884,24.128601],[90.003575,24.129346],[90.00482,24.134612],[90.004355,24.13801],[90.007438,24.140591],[90.005788,24.141474],[90.005294,24.143845],[90.006386,24.14774],[90.005107,24.149906],[90.006645,24.151954],[90.004679,24.152818],[90.004387,24.154611],[90.007259,24.157181],[90.011812,24.157056],[90.014454,24.154911],[90.019632,24.155606],[90.023292,24.157536],[90.024105,24.158837],[90.026496,24.158093],[90.032941,24.167334],[90.032715,24.171092],[90.031397,24.172483],[90.025856,24.173315],[90.026199,24.177144],[90.02883,24.179285],[90.031831,24.178845],[90.031903,24.175031],[90.03618,24.175771],[90.039357,24.177699],[90.043581,24.178437],[90.046702,24.180529],[90.046186,24.183925],[90.045835,24.191494],[90.049274,24.192992],[90.051198,24.191977],[90.090978,24.217225],[90.091656,24.218423],[90.096254,24.219649],[90.093593,24.221152],[90.093623,24.225074],[90.098629,24.225422],[90.098007,24.229279],[90.09649,24.229289],[90.094059,24.227314],[90.093095,24.229624],[90.089755,24.231501],[90.093797,24.232827],[90.092975,24.234646],[90.100618,24.235897],[90.102301,24.232567],[90.103438,24.233259],[90.102716,24.235901],[90.100029,24.237404],[90.096286,24.242266],[90.09956,24.241965],[90.100363,24.238026],[90.103709,24.239965],[90.105604,24.243892],[90.102403,24.245872],[90.105614,24.248907],[90.149826,24.272884],[90.155871,24.27671],[90.159901,24.279261],[90.165945,24.283087],[90.169975,24.285638],[90.174004,24.288189],[90.188208,24.297095],[90.190237,24.298367],[90.198354,24.303456],[90.234173,24.335083],[90.238556,24.334162],[90.242332,24.332783],[90.248287,24.333428],[90.290569,24.359368],[90.292688,24.360506],[90.296927,24.362783],[90.299047,24.363921],[90.303286,24.366198],[90.305405,24.367336],[90.309644,24.369612],[90.311764,24.370751],[90.316003,24.373027],[90.318122,24.374166],[90.322361,24.376442],[90.324481,24.377581],[90.32872,24.379857],[90.330839,24.380995],[90.335078,24.383272],[90.337198,24.38441],[90.341437,24.386687],[90.343556,24.387825],[90.347795,24.390102],[90.356273,24.394655],[90.360512,24.396932],[90.364751,24.399208],[90.369358,24.400695],[90.371661,24.401438],[90.380875,24.404411],[90.383178,24.405155],[90.390088,24.407384],[90.392392,24.408128],[90.401605,24.411101],[90.406212,24.412588],[90.432778,24.451155],[90.434276,24.451085],[90.442562,24.45361],[90.451513,24.45208],[90.453945,24.453642],[90.456385,24.457324],[90.455785,24.45932],[90.456859,24.461804],[90.461413,24.460821],[90.464653,24.458948],[90.467162,24.452311],[90.467617,24.449891],[90.516605,24.452756],[90.526039,24.455185],[90.575816,24.46691],[90.577596,24.471035],[90.576504,24.472985],[90.57573,24.482183],[90.578603,24.48384],[90.58271,24.485267],[90.583892,24.486761],[90.584476,24.489676],[90.583652,24.494431],[90.588459,24.494452],[90.591192,24.497849],[90.593615,24.497677],[90.595504,24.498828],[90.596671,24.497109],[90.599806,24.497338],[90.60441,24.499142],[90.61,24.49721],[90.61655,24.495957],[90.617693,24.492197],[90.622733,24.48956],[90.628666,24.482518],[90.631472,24.480293],[90.635486,24.48127],[90.637963,24.481047],[90.636698,24.476912],[90.639601,24.475956],[90.642482,24.476223],[90.64711,24.478206],[90.649144,24.477766],[90.651321,24.4744],[90.656087,24.474968],[90.65966,24.473282],[90.659696,24.471112],[90.662847,24.469741],[90.664706,24.467109],[90.671279,24.468117],[90.678973,24.466901],[90.681607,24.469689],[90.6819,24.476872],[90.679689,24.478555],[90.679953,24.481266],[90.682569,24.481116],[90.683811,24.48224],[90.685719,24.4872],[90.685533,24.488917],[90.682098,24.492189],[90.683059,24.495754],[90.682798,24.501359],[90.687051,24.502331],[90.687226,24.506351],[90.688963,24.507788],[90.692219,24.507139],[90.697022,24.509101],[90.697085,24.511133],[90.70269,24.514945],[90.704998,24.512943],[90.704971,24.508832],[90.705744,24.506297],[90.70463,24.502146],[90.70446,24.498938],[90.709196,24.498144],[90.711973,24.492482],[90.714146,24.492515],[90.715958,24.490336],[90.717437,24.482646],[90.716788,24.481565],[90.718332,24.476315],[90.721132,24.47413],[90.72425,24.475334],[90.726669,24.47532],[90.729294,24.476482],[90.729557,24.478874],[90.731856,24.482929],[90.735826,24.485888],[90.735453,24.489098],[90.737679,24.489674],[90.74163,24.496927],[90.742142,24.499544],[90.74193,24.504516],[90.742994,24.508442],[90.74492,24.50852],[90.747822,24.506878],[90.753076,24.502556],[90.75466,24.502997],[90.754888,24.507426],[90.757117,24.50836],[90.759156,24.510427],[90.765282,24.510663],[90.768037,24.509292],[90.774401,24.508307],[90.776822,24.508608],[90.779501,24.510175],[90.784487,24.509964],[90.788628,24.508989],[90.789805,24.507899],[90.793113,24.507742],[90.793961,24.508959],[90.794153,24.514876],[90.791855,24.518098],[90.793792,24.519669],[90.795611,24.518483],[90.797554,24.520685],[90.798638,24.527049],[90.801617,24.52911],[90.803794,24.529685],[90.804204,24.531715],[90.80108,24.53666],[90.8014,24.53982],[90.804255,24.545225],[90.806863,24.543854],[90.807186,24.54078],[90.809259,24.540586],[90.809233,24.543749],[90.810885,24.546721],[90.808823,24.548317],[90.81158,24.55372],[90.814216,24.556054],[90.813997,24.55976],[90.80993,24.564214],[90.813066,24.567403],[90.813673,24.569297],[90.819377,24.572199],[90.820528,24.574181],[90.819951,24.576307],[90.822344,24.579003],[90.821184,24.58696],[90.824801,24.587657],[90.826573,24.586978],[90.827796,24.584116],[90.830061,24.584371],[90.83923,24.583092],[90.841426,24.58113],[90.842827,24.582573],[90.843228,24.585201],[90.84541,24.585668],[90.848439,24.590216],[90.850939,24.591417],[90.849616,24.59286],[90.852745,24.598622],[90.856506,24.598375],[90.86343,24.601297],[90.866141,24.600442],[90.865654,24.595766],[90.87571,24.595898],[90.881813,24.594344],[90.883424,24.600136],[90.887964,24.601574],[90.891809,24.601342],[90.900893,24.599158],[90.903272,24.60079],[90.906547,24.600278],[90.908422,24.596059],[90.915639,24.598941],[90.916923,24.599887],[90.917201,24.603944],[90.916412,24.606965],[90.916678,24.610329],[90.914778,24.613741],[90.928111,24.615084],[90.930132,24.61411],[90.930295,24.612519],[90.933436,24.612053],[90.9356,24.606336],[90.936335,24.602882],[90.938816,24.602973],[90.939876,24.605786],[90.942879,24.605354],[90.944004,24.606938],[90.947596,24.607666],[90.951375,24.60396],[90.953722,24.60434],[90.957043,24.608882],[90.960219,24.609246],[90.961503,24.612461],[90.963641,24.61382],[90.964577,24.610516],[90.96687,24.607257],[90.97293,24.605098],[90.977622,24.601478],[90.983195,24.606083],[90.986177,24.607211],[90.994051,24.603436],[90.997342,24.604884],[91.001579,24.603761],[91.004714,24.603921],[91.010387,24.607459],[91.014208,24.606977],[91.017652,24.60505],[91.01971,24.605292],[91.022287,24.608947],[91.022233,24.611842],[91.023064,24.615338],[91.021474,24.618751],[91.027871,24.629201],[91.030439,24.630969],[91.033375,24.630387],[91.035706,24.628107],[91.03809,24.628384],[91.038753,24.626848],[91.041646,24.627108],[91.042893,24.625596],[91.040434,24.62366],[91.038218,24.623136],[91.036722,24.619972],[91.037803,24.617461],[91.037684,24.614405],[91.039456,24.612611],[91.043688,24.614375],[91.045892,24.612824],[91.051141,24.615736],[91.056109,24.617541],[91.056134,24.615209],[91.059812,24.616486],[91.062667,24.620529],[91.06918,24.621736],[91.07339,24.62207],[91.081013,24.616933],[91.083948,24.614318],[91.084381,24.611443],[91.087292,24.611264],[91.091523,24.608188],[91.093982,24.604639],[91.096076,24.605651],[91.097311,24.603062],[91.099976,24.603101],[91.098826,24.607999],[91.100801,24.608129],[91.101465,24.605562],[91.103695,24.602931],[91.105476,24.602514],[91.107057,24.606081],[91.104432,24.61018],[91.105148,24.611297],[91.109847,24.609962],[91.112504,24.610886],[91.115027,24.609074],[91.117212,24.608663],[91.120334,24.611735],[91.121715,24.610941],[91.123948,24.613927],[91.125885,24.614249],[91.129537,24.612603],[91.130395,24.615791],[91.132939,24.621608],[91.13285,24.624255],[91.134937,24.626009],[91.129523,24.632355],[91.129411,24.63395],[91.130848,24.637048],[91.128562,24.639237],[91.130467,24.642006],[91.128834,24.643757],[91.130839,24.645335],[91.137587,24.641146],[91.138346,24.637833],[91.142624,24.638338],[91.146389,24.641861],[91.14882,24.64123],[91.150749,24.64229],[91.153021,24.641363],[91.155355,24.642429],[91.15732,24.639725],[91.160662,24.636669],[91.163582,24.635527],[91.166324,24.636084],[91.169215,24.638115],[91.171773,24.641105],[91.172156,24.643326],[91.174813,24.64447],[91.179993,24.643655],[91.184396,24.639358],[91.187309,24.638956],[91.188995,24.640234],[91.193084,24.641366],[91.193727,24.63458],[91.194617,24.632193],[91.19796,24.632695],[91.198656,24.634309],[91.202015,24.635029],[91.205092,24.633496],[91.206343,24.635032],[91.207623,24.639494],[91.208526,24.645541],[91.208877,24.651172],[91.210219,24.654136],[91.212476,24.655213],[91.220665,24.655738],[91.221427,24.653958],[91.224901,24.655532],[91.226857,24.65364],[91.228765,24.65721],[91.231583,24.658577],[91.233617,24.666283],[91.233014,24.670411],[91.226218,24.671205],[91.223533,24.673163],[91.224948,24.675967],[91.224403,24.678949],[91.233858,24.675664],[91.237805,24.677268],[91.243413,24.683102],[91.304014,24.657205],[91.307104,24.657777],[91.308683,24.656824],[91.30893,24.653575],[91.310303,24.650829],[91.312985,24.648158],[91.316734,24.649236],[91.317874,24.650935],[91.323822,24.656605],[91.326549,24.658288],[91.333198,24.659426],[91.335369,24.661542],[91.337464,24.66511],[91.340145,24.67115],[91.342994,24.675396],[91.342954,24.679938],[91.344863,24.675293],[91.345971,24.674003],[91.347044,24.669465],[91.349857,24.670295],[91.353723,24.673507],[91.360207,24.676606],[91.362375,24.678296],[91.361763,24.682231],[91.358163,24.686364],[91.35013,24.686949],[91.348371,24.688585],[91.349519,24.691054],[91.351868,24.692141],[91.356451,24.692357],[91.370441,24.689327],[91.37345,24.69092],[91.373486,24.694252],[91.37445,24.696891],[91.378052,24.698054],[91.377303,24.700142],[91.38218,24.703836],[91.382584,24.706688],[91.380218,24.708069],[91.377067,24.705318],[91.372263,24.711652],[91.366828,24.710938],[91.363937,24.711917],[91.360125,24.717185],[91.358207,24.718766],[91.355228,24.719504],[91.350858,24.718321],[91.347481,24.71636],[91.343155,24.716601],[91.343882,24.722882],[91.346001,24.724857],[91.349583,24.726456],[91.352293,24.726744],[91.352631,24.730481],[91.350369,24.734714],[91.350934,24.738788],[91.350293,24.741444],[91.348081,24.743369],[91.343093,24.743276],[91.340086,24.740518],[91.335137,24.739568],[91.328812,24.740045],[91.32888,24.745867],[91.327318,24.746232],[91.325878,24.743865],[91.322946,24.741038],[91.315519,24.73553],[91.309302,24.72848],[91.308877,24.731276],[91.311251,24.737646],[91.315977,24.741138],[91.314764,24.746112],[91.311643,24.746546],[91.309576,24.748264],[91.307896,24.75127],[91.306233,24.755975],[91.305609,24.760399],[91.303854,24.763405],[91.300662,24.764316],[91.300482,24.768464],[91.340246,24.796968],[91.340144,24.801384],[91.362504,24.843829],[91.359615,24.84652],[91.360085,24.848836],[91.366315,24.850206],[91.369117,24.852121],[91.370105,24.85381],[91.369339,24.857934],[91.366371,24.85798],[91.362563,24.855522],[91.360112,24.855806],[91.358962,24.857948],[91.35204,24.856282],[91.349347,24.856024],[91.346799,24.857133],[91.344671,24.854084],[91.339592,24.853139],[91.337503,24.853699],[91.336158,24.85607],[91.336419,24.858686],[91.338549,24.85923],[91.339603,24.860855],[91.33683,24.861582],[91.333299,24.866832],[91.332372,24.869601],[91.327453,24.873988],[91.340044,24.901394],[91.33399,24.907123],[91.336112,24.940183],[91.334414,24.94172],[91.331459,24.942733],[91.329371,24.941058],[91.32693,24.94491],[91.327345,24.947902],[91.326355,24.94944],[91.326775,24.953701],[91.328642,24.959804],[91.325717,24.959659],[91.322058,24.956515],[91.314768,24.959329],[91.320281,24.960901],[91.320546,24.961623],[91.318182,24.965929],[91.316737,24.970761],[91.316599,24.977498],[91.318731,24.977906],[91.320228,24.973502],[91.321635,24.973808],[91.323192,24.979444],[91.320619,24.979467],[91.317778,24.980623],[91.31249,24.985754],[91.313815,24.988887],[91.312693,24.991348],[91.3098,24.993581],[91.311565,24.995261],[91.311384,24.998322],[91.310368,24.998914],[91.306205,24.997898],[91.304658,24.998763],[91.303469,25.003116],[91.305748,25.007653],[91.302708,25.0081],[91.30002,25.011403],[91.299439,25.013174],[91.297232,25.013825],[91.29316,25.012766],[91.288237,25.018443],[91.285038,25.021455],[91.281902,25.021568],[91.276697,25.020236],[91.276156,25.021784],[91.269733,25.022144],[91.271126,25.0258],[91.267787,25.029678],[91.267988,25.031383],[91.263422,25.033094],[91.25911,25.032664],[91.258038,25.029072],[91.253271,25.027259],[91.250378,25.025374],[91.246518,25.01972],[91.245189,25.018543],[91.242258,25.020313],[91.239961,25.023244],[91.241156,25.025977],[91.242436,25.033086],[91.243213,25.035317],[91.237926,25.036074],[91.239164,25.040019],[91.242204,25.041714],[91.241963,25.044497],[91.239597,25.047408],[91.238957,25.049296],[91.233875,25.050048],[91.233869,25.05242],[91.228684,25.055028],[91.224118,25.055359],[91.222199,25.056097],[91.220869,25.060465],[91.221075,25.064637],[91.222699,25.064554],[91.226006,25.06673],[91.225628,25.07055],[91.226287,25.072197],[91.229422,25.075988],[91.232075,25.080646],[91.23769,25.079394],[91.243017,25.079487],[91.245336,25.080982],[91.249899,25.080289],[91.252751,25.081262],[91.259154,25.080315],[91.262138,25.083039],[91.265594,25.082186],[91.266928,25.083276],[91.264831,25.085152],[91.263652,25.087947],[91.264126,25.093654],[91.263278,25.099407],[91.263348,25.102535],[91.262589,25.113205],[91.260093,25.116667],[91.259518,25.119527],[91.256147,25.122445],[91.253754,25.121262],[91.252573,25.116593],[91.251661,25.116086],[91.24574,25.117097],[91.245883,25.120056],[91.24217,25.119089],[91.242475,25.123007],[91.245789,25.129594],[91.247157,25.134492],[91.24916,25.136985],[91.251275,25.137485],[91.253877,25.136421],[91.260667,25.135398],[91.26556,25.133767],[91.268551,25.134683],[91.268886,25.137581],[91.266548,25.142678],[91.269203,25.143617],[91.273135,25.148666],[91.275027,25.14972],[91.27584,25.153187],[91.271581,25.154255],[91.269372,25.147827],[91.267926,25.146187],[91.262162,25.147076],[91.263792,25.153999],[91.260207,25.153784],[91.253189,25.154331],[91.208318,25.177045],[91.205355,25.183147],[91.204238,25.187387],[91.203121,25.191626],[91.202005,25.195865],[91.200888,25.200105],[91.200569,25.201316]]]},"properties":{"sector":11,"areaKm2":16864,"islands":[]}}],"properties":{"about":"Sectors of the 1971 Liberation War, 1–9 and 11 (sector 10 had no land area). Traced from the sector map in NCTB «বাংলাদেশ ও বিশ্বপরিচয়», অষ্টম শ্রেণি (2026), p. ২৬; outer edge and snapped stretches from OCHA COD-AB v03 (BBS). Approximate: the book draws the sectors on a small map. Built by tools/build-liberation-sectors.mjs from sector-trace.json.","georeference":{"model":"equirectangular","controlPoints":9,"rmsKm":1.47,"kmPerScanPixel":1.37},"snapKm":5,"licence":"Boundaries from OCHA COD-AB (CC BY-IGO 3.0, Bangladesh Bureau of Statistics / OCHA); sector lines traced from NCTB class 8 textbook map.","simplifiedMetres":100}}
